actor_loss/max,actor_loss/mean,actor_loss/min,actor_loss/std,ent_loss/max,ent_loss/mean,ent_loss/min,ent_loss/std,gradient_steps,loss/max,loss/mean,loss/min,loss/std,smoothed_loss/actor_loss,smoothed_loss/ent_loss,smoothed_loss/gradient_steps,smoothed_loss/loss,smoothed_loss/vf_loss,step,train_time,vf_loss/max,vf_loss/mean,vf_loss/min,vf_loss/std
0.005915171466767788,-0.017728938336949794,-0.04078642278909683,0.010012723766112702,1.380807638168335,1.3647828832268716,1.3557279109954834,0.004533042065418362,80.0,2178.254150390625,1653.6552001953125,1182.2958984375,164.04566037903692,-0.017728938336949794,1.3647828832268716,80.0,1653.6552001953125,3307.373187255859,1,0.37038516998291016,4356.53564453125,3307.373187255859,2364.642578125,328.08710063212146
0.0027302317321300507,-0.019846219092141838,-0.04988783970475197,0.010818474880393588,1.3720300197601318,1.3520997270941735,1.3411835432052612,0.006587009302900053,80.0,1691.248779296875,1341.768128967285,839.294189453125,158.84459871463343,-0.018787578714545818,1.3584413051605226,80.0,1497.711664581299,2995.488089752197,2,0.20566987991333008,3382.569580078125,2683.602992248535,1678.6851806640625,317.68650265464856
-3.3527612686157227e-08,-0.02185244489228353,-0.04631451517343521,0.010643288183010028,1.3664510250091553,1.3445827513933182,1.3325958251953125,0.006955489206515837,80.0,1607.9866943359375,1284.5977180480957,980.1238403320312,142.52568868569938,-0.01980920077379172,1.353821787238121,80.0,1426.6736824035645,2853.4140716552733,3,0.19663691520690918,3216.000732421875,2569.266035461426,1960.3380126953125,285.0464345721043
0.012335186824202538,-0.012611161085078492,-0.032780878245830536,0.010341426752268117,1.3539786338806152,1.3276283755898475,1.3120996952056885,0.007935103667031108,80.0,505.71923828125,371.3327283859253,194.84535217285156,65.46918702832252,-0.018009690851613414,1.3472734343260528,80.0,1162.8384438991548,2325.739862060547,4,0.18593311309814453,1011.4700927734375,742.7172332763672,389.72808837890625,130.93834437340416
0.016548991203308105,-0.016594501223880797,-0.04778759926557541,0.013013423552484285,1.310309648513794,1.285632985830307,1.2701325416564941,0.00867807722372545,80.0,1530.2198486328125,1143.1770179748535,812.862060546875,171.42288106818393,-0.017726652926066892,1.3349453446269037,80.0,1158.9061587142946,2317.8744784545897,5,0.19516706466674805,3060.43212890625,2286.4129440307615,1625.7525634765625,342.8408457669942
0.006602386943995953,-0.0173942256369628,-0.04723481088876724,0.011623679288243224,1.2741514444351196,1.202172328531742,1.1422631740570068,0.02408339489006373,80.0,267.0902404785156,140.60369448661805,59.090904235839844,42.39282944259954,-0.017671248377882875,1.3128165086110435,80.0,989.1890813430151,1978.4397689183552,6,0.19285964965820312,534.2427978515625,281.2662212371826,118.26490783691406,84.7839728633097
0.028591960668563843,-0.016315520752687006,-0.05515047907829285,0.018956669320011964,1.2862132787704468,1.256475143134594,1.2355411052703857,0.014989103053600503,80.0,1076.1358642578125,522.7936628341674,253.06422424316406,157.68883587768065,-0.017477573002854897,1.3047677421144077,80.0,922.5611644131798,1845.183386502947,7,0.21192431449890137,2152.2900390625,1045.645092010498,506.19287109375,315.3596317166488
0.0058383941650390625,-0.00978622070979327,-0.03226736932992935,0.008078700214277092,1.299746036529541,1.280991357564926,1.2598564624786377,0.010468425069511376,80.0,315.6755676269531,192.06472635269165,93.07636260986328,46.03312546789041,-0.01651615396622219,1.3017956940457225,80.0,831.2491096556187,1662.5572937726974,8,0.19907355308532715,631.376708984375,384.1746446609497,186.21873474121094,92.06253704765577
0.012022554874420166,-0.010182540328241885,-0.03668227791786194,0.01047502955298274,1.2792320251464844,1.2538852035999297,1.2331807613372803,0.01163235958655014,80.0,479.23455810546875,288.8563594818115,168.84898376464844,61.35461257649419,-0.015812419117557715,1.2964723062184123,80.0,770.9832485251957,1542.02405673133,9,0.2097787857055664,958.49462890625,577.7581604003906,337.7437438964844,122.7073382422225
0.010041877627372742,-0.019111315748887137,-0.038793645799160004,0.010538732288410478,1.2219538688659668,1.2035269543528557,1.1899113655090332,0.006677113448369023,80.0,327.1583251953125,204.32391815185548,110.89553833007812,47.22088313350168,-0.016142308780690656,1.2871777710318566,80.0,714.3173154878616,1428.6926641654968,10,0.19492626190185547,654.3856811523438,408.710131072998,221.85655212402344,94.43978145466409
0.021014682948589325,-0.00964637731667608,-0.0402521938085556,0.013716741273424945,1.1960172653198242,1.1736829474568367,1.1411693096160889,0.00909200494858368,80.0,138.8427276611328,79.1765525817871,32.441162109375,25.678153799615576,-0.015551769556689332,1.276860059797764,80.0,656.577246132764,1313.2111375808715,11,0.296328067779541,277.70733642578125,158.39587173461913,64.94493865966797,51.351036240656626
0.011049443855881691,-0.008117864234372973,-0.024813294410705566,0.0073506539325414195,1.1828172206878662,1.1542053684592246,1.130368947982788,0.010929484111388752,80.0,203.9297332763672,124.19031457901,73.1397476196289,29.967965877546035,-0.0149322774464963,1.2666388355195524,80.0,612.2116685032845,1224.4785383701324,12,0.3103022575378418,407.88629150390625,248.41994705200196,146.33045959472656,59.93542034601872
0.00947587564587593,-0.007997950160643086,-0.02664751186966896,0.00746260172244678,1.1786354780197144,1.157651001214981,1.1376820802688599,0.008880535017593146,80.0,306.659912109375,197.50923643112182,97.2818374633789,42.239564083885526,-0.014398867655276823,1.258255155957662,80.0,580.3114814208104,1160.6769293858454,13,0.30997419357299805,613.3406982421875,395.0576215744019,194.60369873046875,84.47627112200144
0.019422655925154686,-0.008512429264374077,-0.031380631029605865,0.010035523167244249,1.166952133178711,1.1390289321541787,1.1006605625152588,0.01739771472981587,80.0,251.56915283203125,153.86304693222047,89.02215576171875,37.11103874269596,-0.01397840777021234,1.2497389971145563,80.0,549.8508789573398,1099.7547129222326,14,0.3072230815887451,503.17193603515625,307.76589889526366,178.09585571289062,74.22038318532836
0.016244199126958847,-0.008823436428792774,-0.031793538480997086,0.00887995123127365,1.0987569093704224,1.069115288555622,1.039067029953003,0.012727953744613033,80.0,211.45350646972656,121.62360973358155,70.06263732910156,26.040565954891562,-0.013634743014117703,1.2376974165439605,80.0,521.3023943424225,1042.656815325419,15,0.3304171562194824,422.92828369140625,243.28624897003175,140.1588134765625,52.0771147248112
0.017694059759378433,-0.008135814109118655,-0.029946785420179367,0.010396560104939886,1.1469768285751343,1.1294068112969398,1.1089575290679932,0.007594402222060648,80.0,304.4400634765625,158.02524604797364,62.92456817626953,53.115041503824166,-0.013291059957555262,1.2309292537160217,80.0,498.5975725740194,997.246348786354,16,0.24250459671020508,608.9011840820312,316.0893507003784,125.903564453125,106.22369873068307
0.006898283958435059,-0.00879796285298653,-0.03360160440206528,0.008626287992924553,1.0840554237365723,1.041908186674118,0.9985765218734741,0.02016485350528079,80.0,424.1964416503906,249.47293224334717,102.69839477539062,59.98739347872838,-0.013026760127874749,1.2198103674194392,80.0,483.94318196633276,967.9368165745453,17,0.19772768020629883,848.4181518554688,498.98430118560793,205.4523162841797,119.96630009650603
0.007435583509504795,-0.012303285649977624,-0.03294149786233902,0.008102979296511645,1.0875107049942017,1.0534310236573219,1.0268385410308838,0.013150710479514707,80.0,324.60205078125,195.66773376464843,89.47958374023438,49.510235128482456,-0.012986567101324908,1.2105670705437659,80.0,467.92787928846144,935.9059459368386,18,0.19493508338928223,649.2566528320312,391.3811450958252,178.9873504638672,99.0191304647517
0.018376842141151428,-0.012832359585445374,-0.04539927840232849,0.01563723339867949,1.058655023574829,0.9804871305823326,0.9187071919441223,0.02532953800534863,80.0,1271.2432861328125,896.1877243041993,614.083251953125,115.78419810888906,-0.012978450916278616,1.19845760001948,80.0,490.46787113139504,980.9856704009205,19,0.20672154426574707,2542.564453125,1792.4207107543946,1228.160888671875,231.5677622155298
0.00977703183889389,-0.011797718191519379,-0.03144127130508423,0.010678799553038363,1.0017155408859253,0.9592717379331589,0.9151958227157593,0.018536803837707144,80.0,208.33502197265625,100.05448670387268,44.896728515625,34.4174285770008,-0.012919414280040656,1.1864983069151638,80.0,470.947201910019,941.9439745903013,20,0.19147729873657227,416.6872863769531,200.1517541885376,89.83331298828125,68.83139123770586
0.019568942487239838,-0.016804153646808116,-0.05089403688907623,0.01580704120976118,1.034619927406311,0.9764279842376709,0.8960162401199341,0.03865398566750959,80.0,122.99250793457031,44.69479360580444,17.8547420501709,25.83330820933965,-0.013104401868934343,1.1764949582162356,80.0,450.64946818124685,901.3486769222076,21,0.19572114944458008,246.0047607421875,89.44272356033325,35.798763275146484,51.65153178132887
0.022840466350317,-0.004191231378354132,-0.027623843401670456,0.01097756586818446,0.9676907062530518,0.8948098041117192,0.8162496089935303,0.036864679708422186,80.0,56.66381072998047,19.951876598596574,7.914267063140869,10.333443791519558,-0.012699257755726152,1.1636910875751212,80.0,431.07230492749,862.1932839832521,22,0.19672775268554688,113.34408569335938,39.93003226518631,15.803200721740723,20.661826379250368
0.023848816752433777,-0.009028953127563,-0.03644035756587982,0.012679249080170549,0.9773554801940918,0.8998412765562535,0.8423687815666199,0.02454989176394558,80.0,53.64537811279297,20.974627208709716,8.280106544494629,10.503313747200739,-0.012539679293632103,1.1522193566612573,80.0,413.24197111363,826.5320676819136,23,0.19753456115722656,107.30961608886719,41.98530905246734,16.642545700073242,20.995756414611858
0.008717063814401627,-0.01001302317599766,-0.0338798351585865,0.010631508392860313,0.9043810367584229,0.8068328879773616,0.725234866142273,0.04142779722768759,80.0,39.778079986572266,14.712602737545968,3.9151077270507812,10.532633788867333,-0.012434401955397334,1.1378282537994284,80.0,396.63658076462644,793.3207885446649,24,0.19679570198059082,79.56146240234375,29.461368387937547,7.8570380210876465,21.055546295868286
0.03060051053762436,-0.0021858478197827936,-0.026715900748968124,0.009292507773594427,0.855239987373352,0.8051583863794803,0.7461522817611694,0.025954468788676324,80.0,67.0088882446289,24.868267595767975,9.844406127929688,14.276351833438742,-0.012024459789972752,1.1245214591026305,80.0,381.76584823787215,763.5782374069692,25,0.19363832473754883,134.02566528320312,49.757010102272034,19.70467758178711,28.54695977475831
0.014991569332778454,-0.003988184337504208,-0.018912777304649353,0.007283709010970558,0.8944365978240967,0.8572665214538574,0.819351315498352,0.016917869275390338,80.0,104.94694519042969,51.414596915245056,28.77421760559082,17.28575547814218,-0.011715372272570116,1.1142424230392163,80.0,369.0600308793095,738.1657788526554,26,0.19325804710388184,209.9112548828125,102.85431499481201,57.57921600341797,34.568067765900715
0.01023857295513153,-0.00324006830342114,-0.022872615605592728,0.007044666352625972,0.8611148595809937,0.8172113090753556,0.7678730487823486,0.021081526939800223,80.0,37.703582763671875,13.54955706000328,4.237926006317139,6.646935917931236,-0.011401472125564598,1.1032412706701844,80.0,355.89297629340933,711.830821807517,27,0.19580817222595215,75.42384338378906,27.121938633918763,8.490076065063477,13.293465514421646
0.013505280017852783,-0.015786236512940376,-0.04170822352170944,0.010836851403780745,0.917678952217102,0.8375518001616001,0.7828635573387146,0.026114040716155466,80.0,15.579899787902832,5.89557971060276,1.6024227142333984,3.8720631307406763,-0.011558070853685163,1.0937523610091635,80.0,343.3930692725948,686.8311311348209,28,0.20345568656921387,31.17572021484375,11.839482972025872,3.270383358001709,7.736874843423013
0.0328163206577301,-0.010011817590566352,-0.03613590821623802,0.015499288532970947,0.7897524833679199,0.7040856003761291,0.6091071367263794,0.041808188731470165,80.0,35.8802375793457,13.146966060996055,3.1628360748291016,7.800720587734562,-0.011504751775646582,1.0803155761597485,80.0,332.00527261012587,664.0551623881892,29,0.20192527770996094,71.77851867675781,26.328037482500076,6.4025774002075195,15.5828082101493
0.015042290091514587,-0.0007760697335470468,-0.009307704865932465,0.004056433646026976,0.7843142747879028,0.7185843043029309,0.6693844795227051,0.028417906805374735,80.0,1503.2969970703125,806.9825428009033,357.65533447265625,229.8863447939482,-0.01114712904090993,1.0682578670978546,80.0,347.8378482831518,695.719357246856,30,0.19863152503967285,3006.613037109375,1613.9810081481933,715.3283081054688,459.7711148066036
0.0007462669163942337,-0.0009879463817924262,-0.007786804810166359,0.00149681779967564,0.8637022972106934,0.8399061627686024,0.8070717453956604,0.01182399541344284,80.0,3994.690185546875,1947.6915786743164,770.916259765625,937.4169858729892,-0.01081941347126098,1.0608916830872335,80.0,399.44603313447965,798.9349237237246,31,0.19733452796936035,7989.3974609375,3895.401918029785,1541.86474609375,1874.8322011043092
0.005073887296020985,-0.0028059452946763487,-0.012382447719573975,0.0033746545491801236,0.9287337064743042,0.9023907363414765,0.8758779764175415,0.010643324930516476,80.0,2125.31005859375,1466.0342353820802,1017.9411010742188,242.08504276302511,-0.01056899259074271,1.0559385285014287,80.0,432.7769144547172,865.596086738538,32,0.20383667945861816,4250.63818359375,2932.092140197754,2035.9217529296875,484.16765087969264
0.01067454181611538,-0.00755610812921077,-0.0295293927192688,0.007354659663257594,0.946515679359436,0.9145073279738426,0.8850774765014648,0.01462082410621901,80.0,1211.6566162109375,878.3234970092774,598.3935546875,123.1498945992764,-0.010477693061605377,1.0516527345460474,80.0,446.2783260472797,892.5986415959669,33,0.21492433547973633,2423.33203125,1756.6803970336914,1196.806640625,246.29856820665623
0.014220651239156723,-0.011772840830963105,-0.04321940988302231,0.010052239053980557,0.931851863861084,0.8527131468057633,0.8213024735450745,0.019372531567325733,80.0,1120.748291015625,712.8529739379883,456.2543640136719,108.793656833985,-0.010515785643057074,1.0458015702007448,80.0,454.1187568675946,908.2794626105358,34,0.21038341522216797,2241.51318359375,1425.7465560913085,912.5306396484375,217.58532049242336
0.009866293519735336,-0.0030124729964882135,-0.01821960136294365,0.0060529420089911025,0.9206101298332214,0.8850325658917427,0.8536677360534668,0.016275934166529553,80.0,2231.12109375,1395.8888862609863,937.9144287109375,215.84681039253087,-0.010301405281726536,1.0412081700776303,80.0,481.02647485026296,962.094377831987,35,0.21616649627685547,4462.259765625,2791.8014953613283,1875.8538818359375,431.6904898888676
0.031251028180122375,-0.009162332926644012,-0.0381426140666008,0.013382514294291364,0.9865508079528809,0.92917355671525,0.8898341059684753,0.01593641614905393,80.0,771.2568359375,472.686289024353,245.3002166748047,107.44267967759112,-0.010269764382974243,1.0380960974842308,80.0,480.7948030217655,961.6309087523985,36,0.3109128475189209,1542.545654296875,945.4094909667969,490.683837890625,214.88550303349248
0.005873925983905792,-0.00898068105452694,-0.03068726323544979,0.009287336257944099,1.088106393814087,1.0585782766342162,1.0247924327850342,0.014911458966287918,80.0,251.8694610595703,113.92829990386963,32.4966926574707,53.1623484555995,-0.010234924293016208,1.03864966989369,80.0,470.87949212668724,941.8002282692776,37,0.3084990978240967,503.75921630859375,227.8957308769226,65.02304077148438,106.31530471460985
0.011546488851308823,-0.004535529983695596,-0.018740827217698097,0.006628388077428549,1.0205109119415283,0.9911048136651516,0.962303102016449,0.01351337850047527,80.0,261.4820251464844,153.1172315120697,63.30344009399414,47.5469264018834,-0.010084940232244613,1.0373984894666233,80.0,462.51732737367104,925.0755736710995,38,0.312969446182251,522.9835815429688,306.2633535385132,126.62397766113281,95.08986235840547
0.009873680770397186,-0.007200158480554819,-0.028756536543369293,0.008548892679442924,0.9939560890197754,0.9759704448282719,0.9588962197303772,0.007723596301723704,80.0,191.83282470703125,103.60683522224426,44.09007263183594,39.16624966260061,-0.010010971469380773,1.035823411398973,80.0,453.31449424158313,906.6697279498364,39,0.30809664726257324,383.685546875,207.2475905418396,88.23066711425781,78.32434603288314
0.00830143690109253,-0.007154826133046299,-0.02682245895266533,0.007452574935677814,1.0420827865600586,1.0256817579269408,1.0026562213897705,0.010260482404923898,80.0,671.18798828125,405.44299068450925,195.2093505859375,120.76010788743498,-0.009939567835972413,1.0355698700621725,80.0,452.11770665265624,904.276004865989,40,0.44402575492858887,1342.44677734375,810.9208045959473,390.4551086425781,241.51870432093042
0.0033830665051937103,-0.0027076063794083892,-0.018090423196554184,0.004404387473555952,1.0067059993743896,0.9734804525971412,0.9134339094161987,0.027268826246745228,80.0,225.38548278808594,104.65616283416747,38.63258743286133,44.25315721022114,-0.009763178532153777,1.0340554940264401,80.0,443.64303485220523,887.3262781825732,41,0.34273362159729004,450.7911376953125,209.33721084594725,77.28837585449219,88.50328347434234
0.004309103358536959,-0.00659984911326319,-0.02662128582596779,0.006797915129758807,0.9309741258621216,0.9089361280202866,0.8851429224014282,0.009366593805949614,80.0,229.9010009765625,117.63946952819825,45.78705978393555,43.38384790010676,-0.009687861165037333,1.031076461502484,80.0,435.8810452016337,871.8020886292768,42,0.3463308811187744,459.8201904296875,235.31031694412232,91.6172866821289,86.76246176887497
0.0244143046438694,-0.00464228264754638,-0.014761421829462051,0.006407284225753313,0.9315714836120605,0.9025570318102837,0.8721438050270081,0.012209464773553072,80.0,148.52008056640625,70.1166936635971,27.011215209960938,27.733804065010222,-0.009570522129746848,1.0280876375561538,80.0,427.37489749144675,854.7894987424444,43,0.25464773178100586,297.05926513671875,140.2607234954834,54.06521224975586,55.462528390890164
0.02694949507713318,-0.0032623962557408958,-0.026217300444841385,0.007645281827708031,0.9589828252792358,0.9073514483869076,0.8297685384750366,0.02940845922000527,80.0,96.42058563232422,47.337802135944365,15.27013874053955,17.511104064724712,-0.009427155632610347,1.0253436332568526,80.0,418.73769077882173,837.5147436918859,44,0.19528627395629883,192.8568878173828,94.70027651786805,30.57992172241211,35.01718421113327
0.012292618863284588,-0.007952728366944939,-0.03188139200210571,0.00960643525649462,0.9772779941558838,0.9336222045123577,0.8623729944229126,0.029022303367294576,80.0,187.80287170410156,101.86985411643983,37.822410583496094,31.115832367485982,-0.009394390582262229,1.0233053792847528,80.0,411.6961832974355,823.4316224052508,45,0.1913142204284668,375.6231689453125,203.77428579330444,75.69087219238281,62.23263510140226
0.013188190758228302,-0.005704344646073878,-0.030171535909175873,0.0083346250448626,1.038950800895691,1.0082141548395156,0.9636634588241577,0.01353680297057335,80.0,328.21630859375,195.37701873779298,113.3845443725586,48.10858453558358,-0.00931417219234509,1.0229773091881171,80.0,406.9935927635302,814.0262743594204,46,0.19314050674438477,656.4547119140625,390.7856122970581,226.83346557617188,96.21031132360301
0.00504168588668108,-0.009544854378327727,-0.03440053015947342,0.00911595434019883,1.0711822509765625,1.0052760429680347,0.9610824584960938,0.030705045676864124,80.0,179.04397583007812,79.36416478157044,25.799991607666016,29.772344684586965,-0.009319080323961743,1.0226006865025836,80.0,400.02275387029704,800.0845988382049,47,0.19336581230163574,358.109130859375,158.76752486228943,51.65372085571289,59.53922463721429
0.01558234915137291,-0.004205052874749526,-0.03387722373008728,0.00884607961472511,1.0855721235275269,1.051245029270649,1.0155609846115112,0.015424907911275374,80.0,3620.903564453125,1454.4716232299804,980.1459350585938,541.2728021648151,-0.009212538085436489,1.023197443643585,80.0,421.9904386486237,844.0197673049446,48,0.2020406723022461,7241.82666015625,2908.9726852416993,1960.3319091796875,1082.5407217701363
0.015796612948179245,-0.007457175402669236,-0.02260679192841053,0.007989104952816637,1.1286715269088745,1.10759936273098,1.0743052959442139,0.010104748509983552,80.0,2434.631103515625,1980.3026245117187,1621.5372314453125,190.40416804752638,-0.009176714357216748,1.0249199317882256,80.0,453.7927281560338,907.624309419795,49,0.20177888870239258,4869.2685546875,3960.6423309326174,3243.138671875,380.80519821678405
0.03392093628644943,-0.004554991191253066,-0.027289995923638344,0.010363685323670614,1.181363821029663,1.1502544686198235,1.1281658411026,0.010755047993098732,80.0,486.66693115234375,290.944234085083,142.72079467773438,73.0181958416891,-0.009084279893897474,1.0274266225248574,80.0,450.5357582746148,901.1102348601223,50,0.20892643928527832,973.35693359375,581.9205814361572,285.45965576171875,146.03885537197388
0.017946399748325348,-0.0032296753546688707,-0.02566501870751381,0.008234175082345512,1.0665103197097778,1.0083696477115154,0.9561285972595215,0.02732713897907865,80.0,637.5206298828125,172.02934269905091,63.52596664428711,119.37868353441434,-0.00896948372646162,1.027052956352047,80.0,445.07484816529,890.1881776199039,51,0.2056572437286377,1275.063720703125,344.08531560897825,127.10364532470703,238.75386824910618
0.014668559655547142,-0.003257666202262044,-0.02195868268609047,0.006747065968837396,0.8561369180679321,0.8235686630010605,0.7870465517044067,0.016881634696322097,80.0,591.7990112304688,337.7003107070923,149.81968688964844,93.12116217550516,-0.008859641081765474,1.023139796864528,80.0,443.0099532141708,886.0580897649322,52,0.20838451385498047,1183.621826171875,675.4236091613769,299.64306640625,186.24231705832335
0.005268196575343609,-0.007660999736981466,-0.025370100513100624,0.007124385221882368,0.8779997825622559,0.8312261134386063,0.7793611288070679,0.016105896495286137,80.0,26.249927520751953,7.250091654062271,2.5310497283935547,5.791345671133086,-0.008837025207335588,1.019518783969699,80.0,434.78806903379143,869.6142037309005,53,0.2030773162841797,52.51538848876953,14.532129961252213,5.093475341796875,11.577612364861022
0.009386502206325531,-0.008869821956614033,-0.028442014008760452,0.009183357143573686,0.9259322881698608,0.8781007133424282,0.8453883528709412,0.021003738433147227,80.0,81.33136749267578,22.66798353791237,4.75230073928833,15.50545088303351,-0.008837632554544447,1.016899930809935,80.0,427.15621559868254,854.3504456736977,54,0.24751758575439453,162.683349609375,45.3712686419487,9.537704467773438,31.007826571360873
0.011505147442221642,-0.0063221428834367545,-0.024250444024801254,0.008012079402953945,0.933751106262207,0.9087129078805447,0.886588454246521,0.011094524454233949,80.0,110.62299346923828,36.93605939149857,14.715498924255371,22.046578915922076,-0.008791896378706126,1.0149328940294005,80.0,420.0613036676428,840.1604909763013,55,0.3110177516937256,221.2646484375,73.90293731689454,29.438426971435547,44.08757181787455
0.02871667966246605,-0.0007358046597801149,-0.02593344822525978,0.00980470018402596,0.9124809503555298,0.8853298649191856,0.8616249561309814,0.011526925197894706,80.0,286.4590759277344,77.59507710933686,18.131542205810547,56.61403020768643,-0.008648037598011016,1.012618554223861,80.0,413.94583533624456,827.9292202877679,56,0.3494727611541748,572.9359741210938,155.20933241844176,36.28805160522461,113.2244012463539
0.020713340491056442,-0.007959899381967261,-0.04128202050924301,0.010826470129528577,0.8746715784072876,0.842075114697218,0.7985455989837646,0.01535581475663991,80.0,153.19264221191406,50.750168633461,19.830238342285156,26.406105393329486,-0.008635964997729548,1.0096265640567268,80.0,407.5739815344413,815.1854286742314,57,0.34307336807250977,306.4010314941406,101.53309831619262,39.70440673828125,52.804935397029595
0.010085048153996468,-0.004362680751364678,-0.02521103248000145,0.0066227184898101435,0.8278316259384155,0.7989004760980606,0.7688611745834351,0.01646652236197945,80.0,48.6917839050293,19.530354422330856,7.919437885284424,8.251395377088903,-0.00856228768313705,1.0059933556436464,80.0,400.88357417043943,801.8043939105909,58,0.3422563076019287,97.3929214477539,39.08541238307953,15.883047103881836,16.498814854016445
0.03181273117661476,-0.003969411383150145,-0.02480486035346985,0.008275746402494767,0.7884417772293091,0.7329307354986667,0.675216019153595,0.026401875304893022,80.0,6.263494968414307,2.8518574655056,1.7907476425170898,0.9464730416474696,-0.008484442322120323,1.0013651756411892,80.0,394.13727388730496,788.3115450714604,59,0.3354790210723877,12.542180061340332,5.7263124018907545,3.606656789779663,1.8903635661328264
0.015224049799144268,-0.007655234314734116,-0.025310521945357323,0.009155940958795464,0.7800862789154053,0.7334859237074852,0.6945470571517944,0.021205611133314716,80.0,36.60360336303711,14.545901715755463,4.376046657562256,7.318930322724553,-0.008470622188663885,0.9969005214422941,80.0,387.8107510177791,775.6583823828896,60,0.4968719482421875,73.22842407226562,29.121783757209776,8.798849105834961,14.63172154493428
0.006348378956317902,-0.010532303631771356,-0.03743835538625717,0.009860795326045174,0.9233924746513367,0.8783596701920032,0.7791898250579834,0.03059967596746127,80.0,120.84473419189453,36.70178371667862,9.29590892791748,22.656878071835415,-0.008504420245108271,0.9949572287988467,80.0,382.05486630792507,764.1466416692148,61,0.3343949317932129,241.7095184326172,73.44219884872436,18.628097534179688,45.3069044861199
0.024615492671728134,-0.005281701346393675,-0.04052422195672989,0.010651435981750602,0.9197273254394531,0.8714271388947964,0.8184143304824829,0.025572536108228527,80.0,29.674772262573242,11.445477154850959,2.980355739593506,6.432700397577543,-0.00845244090803223,0.9929648079939427,80.0,376.0772955151335,752.191356259969,62,0.3369920253753662,59.36524963378906,22.91894629597664,5.982845783233643,12.859887768403741
0.01790970005095005,-0.004733637813478709,-0.02930527552962303,0.008618307019800438,0.8571332693099976,0.8110979937016964,0.7645797729492188,0.025061327830127145,80.0,63.254764556884766,22.78428485393524,4.011310577392578,16.453978675849932,-0.008393412287483762,0.990078033163907,80.0,370.4694699490828,740.9755293219808,63,0.3356003761291504,126.52619934082031,45.59425916671753,8.036614418029785,32.90121501635913
0.007442880421876907,-0.0028620822238735856,-0.020207712426781654,0.0063100977231815205,0.8583765029907227,0.8117541804909706,0.7530688047409058,0.02556392433282154,80.0,246.60397338867188,52.60820302963257,11.726277351379395,50.84916139686917,-0.008306985255239851,0.9872917229658924,80.0,365.5028876534663,731.0421361276881,64,0.33900976181030273,493.2245178222656,105.23836488723755,23.47313117980957,101.69351769632486
0.010841362178325653,-0.0034568446746561675,-0.02485937625169754,0.006413089280744588,0.8482792973518372,0.82372942045331,0.7945692539215088,0.012073368537662903,80.0,701.2057495117188,224.77323837280272,65.31463623046875,146.74261717100742,-0.008232367707846255,0.9847753798503142,80.0,363.3378161260715,726.7117934514928,65,0.3373756408691406,1402.431884765625,449.5698621749878,130.67005920410156,293.4809809084219
0.011837393045425415,-0.002533667447278276,-0.019588783383369446,0.00658971879314676,0.878604531288147,0.8536242768168449,0.8142149448394775,0.012425593860823142,80.0,560.5012817382812,342.94713191986085,156.17051696777344,94.36950520622064,-0.008146023764504316,0.9827882419255646,80.0,363.0288663653713,726.0936814952981,66,0.3400704860687256,1121.025146484375,685.9164043426514,312.37890625,188.7387059667482
0.011057517491281033,-0.0034531427139882,-0.021977752447128296,0.005451531848868934,0.848845362663269,0.817539992928505,0.7847155332565308,0.012881824915931692,80.0,157.09739685058594,43.434873616695405,10.972265243530273,27.385873749015804,-0.008075980763750344,0.980321850149489,80.0,358.25880677210745,716.5533728672498,67,0.34174156188964844,314.2111511230469,86.8930034160614,21.987194061279297,54.76786831118469
0.013050094246864319,-0.009918826428474858,-0.03546551987528801,0.009562009963587779,0.989284336566925,0.9613371506333351,0.9283524751663208,0.012122587591435065,80.0,128.8714141845703,44.146606266498566,15.157364845275879,20.595281540819684,-0.008103081435290411,0.9800426633918986,80.0,353.6395097058485,707.3148273378612,68,0.3351433277130127,257.76153564453125,88.33227686882019,30.363338470458984,41.180522350585136
0.021709587424993515,-0.011571281380020082,-0.04067275673151016,0.011662481030589818,0.9127839803695679,0.8695293799042701,0.8408422470092773,0.014727514506941864,80.0,101.55630493164062,38.62215466499329,14.701850891113281,19.424596858513517,-0.008153345202605333,0.9784410216022228,80.0,349.07404079221294,698.1839579888014,69,0.345470666885376,203.13705444335938,77.28484225273132,29.482837677001953,38.84229536512199
0.005001552402973175,-0.00679103824077174,-0.025842158123850822,0.007057730602977567,0.7772493958473206,0.7291636139154434,0.7015092372894287,0.015300609786511654,80.0,83.42312622070312,41.07708735466004,20.939342498779297,13.232461918358961,-0.008133883674579139,0.9748799157781259,80.0,344.6740843145336,689.3839348706178,70,0.3405876159667969,166.8666534423828,82.18233971595764,41.9100227355957,26.46164071503551
0.0049360040575265884,-0.00245305533753708,-0.01218114048242569,0.003378665456578606,0.7118494510650635,0.6854616083204746,0.6521598100662231,0.013663951851613943,80.0,255.153076171875,140.93475112915038,82.82227325439453,41.79070918345011,-0.008053872007860237,0.9708036015885817,80.0,341.80451624150004,683.644557170633,71,0.3450002670288086,510.32000732421875,281.8881181716919,165.64822387695312,83.57950778965728
0.014752257615327835,-0.0029966010828502477,-0.018781786784529686,0.005809063094115676,0.8607656359672546,0.8219411931931973,0.7863330841064453,0.01477855866063829,80.0,198.81300354003906,98.26567273139953,52.45335006713867,27.121996072996065,-0.007983632133901766,0.9687360681386458,80.0,338.42203230385974,676.8794074782066,72,0.35125088691711426,397.64202880859375,196.55377931594847,104.93904876708984,54.24131629395959
0.015325993299484253,-0.007037912041414529,-0.024601131677627563,0.008107916983523021,0.8125715851783752,0.7797328360378742,0.7503721714019775,0.012853992282267775,80.0,280.03692626953125,109.86203327178956,41.90053176879883,47.535744797842646,-0.007970677064141667,0.9661469827674024,80.0,335.2910734130095,670.6174119996697,73,0.41239142417907715,560.0889892578125,219.75373754501342,83.82530212402344,95.06600390718381
0.005695078521966934,-0.004631924029672519,-0.02081252634525299,0.005940998305245535,0.7832714915275574,0.7554151527583599,0.7252194881439209,0.012400640100000774,80.0,169.1861572265625,89.65947046279908,38.647823333740234,21.598592305092193,-0.007925558779892084,0.9632992553348477,80.0,331.97172742719584,663.9785728114682,74,0.33772778511047363,338.38848876953125,179.34331207275392,77.31273651123047,43.1961687698568
0.013355091214179993,-0.008337618864607066,-0.02704102173447609,0.00821552214527993,0.842638373374939,0.8067602895200252,0.7789478302001953,0.014932309710206908,80.0,144.62088012695312,84.8623267173767,34.99508285522461,25.85580954379098,-0.00793105291435495,0.9612120691239835,80.0,328.67693541773156,657.3889580289522,75,0.3462491035461426,289.27996826171875,169.7574641227722,70.00784301757812,51.71424973737671
0.011957591399550438,-0.005649214232107624,-0.028893593698740005,0.007747421904551377,0.7963895797729492,0.7574999175965786,0.7298519611358643,0.01285199977149177,80.0,144.991455078125,68.80074396133423,38.17058181762695,17.039102594913267,-0.007901028721167486,0.9585316460775702,80.0,325.2575118459369,650.5499972288545,76,0.33657312393188477,289.9982604980469,137.6279372215271,76.35079193115234,34.07576227041327
0.006896022707223892,-0.0016480424848850817,-0.012779399752616882,0.003461631157059075,0.7548942565917969,0.7309290111064911,0.7111390233039856,0.009871880810794691,80.0,153.90118408203125,78.17015318870544,41.697303771972656,23.273895207130142,-0.007819821107709271,0.9555757677013226,80.0,322.04858511012867,644.1319222173133,77,0.3384735584259033,307.82452392578125,156.35822134017945,83.41325378417969,46.547301226034094
0.010836083441972733,-0.007146705302875489,-0.026804011315107346,0.008368222694829376,0.7844806909561157,0.7515140287578106,0.7150003910064697,0.014979490894453126,80.0,94.60177612304688,60.3937667131424,29.560792922973633,14.460021953206052,-0.007811191417903711,0.9529595915610211,80.0,318.6940361563212,637.422754711524,78,0.33761096000671387,189.21754455566406,120.81685676574708,59.15463638305664,28.919985258559073
0.009968701750040054,-0.003400763846002519,-0.018305141478776932,0.004935096459163724,0.7532271146774292,0.7260385811328888,0.7043097019195557,0.010707932176181935,80.0,93.60437774658203,65.73070135116578,38.95610427856445,14.39668713136094,-0.007755363220791038,0.9500871737075004,80.0,315.491968627142,631.0184505506406,79,0.33675193786621094,187.23043823242188,131.4827260017395,77.92555236816406,28.791531446164136
0.006044626235961914,-0.006266681803390383,-0.028008289635181427,0.007202787401229909,0.7509628534317017,0.7033457189798356,0.6607470512390137,0.024053689754688374,80.0,95.84602355957031,53.14048881530762,22.992170333862305,15.635374672995193,-0.007736754703073528,0.9470029055234044,80.0,312.21257512949404,624.4595646418632,80,0.3445005416870117,191.73388671875,106.30757784843445,46.017520904541016,31.27358755037082
0.00941913016140461,-0.0037120106106158348,-0.013157136738300323,0.005237697216418744,0.7299963235855103,0.7001633808016777,0.6660710573196411,0.013615944675202689,80.0,101.47915649414062,58.58355345726013,29.13311767578125,16.670193420244317,-0.007687066504401212,0.94395550398363,80.0,309.08135263971343,618.1969593320364,81,0.3453381061553955,202.97189331054688,117.18853454589843,58.295623779296875,33.33890461366815
0.03708261623978615,-0.021433459350373597,-0.05608372390270233,0.019904853496551494,0.7587016224861145,0.7143830738961696,0.6682960987091064,0.019244099981480255,80.0,820.259765625,342.1006616592407,178.47344970703125,123.93780562877208,-0.007854705441547215,0.9411558402020757,80.0,309.48402713995154,619.0025875779187,82,0.30093812942504883,1640.535400390625,684.2584754943848,356.99969482421875,247.86125590157627
0.010695990175008774,-0.003961205977248028,-0.017198611050844193,0.005683754439017524,0.7827242612838745,0.7403089992702008,0.709888219833374,0.014841764309034375,80.0,102.53874206542969,58.89187638759613,29.91942024230957,15.986458480492706,-0.007807795809447226,0.9387359987450651,80.0,306.4648446007665,612.9640802666365,83,0.2764108180999756,205.09347534179688,117.80648074150085,59.87213897705078,31.972444344872404
0.01033090054988861,-0.009558581485180184,-0.031479720026254654,0.008431620520057964,0.8006153702735901,0.7533227801322937,0.7202118635177612,0.016468645546763964,80.0,154.5137481689453,73.52889099121094,45.55577087402344,17.626298473854337,-0.007828638496063094,0.9365286985234844,80.0,303.6917975339861,607.4179836552767,84,0.20197129249572754,309.0428161621094,147.09196491241454,91.1554946899414,35.249464438098435
0.010080737993121147,-0.004704552935436368,-0.021228322759270668,0.006545473046415736,0.7148157358169556,0.6795837119221687,0.6521604061126709,0.015321188585327026,80.0,120.05736541748047,71.10108540058135,31.22913932800293,18.619547688203916,-0.007791884548291015,0.9335058163281748,80.0,300.9554362147696,601.9451270469497,85,0.1996927261352539,240.12789916992188,142.22517194747925,62.51438903808594,37.23303760003643
0.039116259664297104,-0.0066135953238699585,-0.023319344967603683,0.009202474928952745,0.7807881832122803,0.7097276546061039,0.6524185538291931,0.03167841831157872,80.0,258.3576354980469,174.36963682174684,106.22462463378906,32.73301961545716,-0.007778183510797747,0.9309037446802436,80.0,299.4835083148507,599.0011917864167,86,0.18468356132507324,516.7288818359375,348.7666946411133,212.46728515625,65.46837962940211
0.005275055766105652,-0.005290518811671063,-0.023416977375745773,0.006304670394939469,0.8143905401229858,0.7802352666854858,0.7414811849594116,0.01422774001710995,80.0,168.27699279785156,104.28280191421509,57.49346160888672,25.937795055423788,-0.007749589663681349,0.929171923094097,80.0,297.2398220343836,594.5137273959729,87,0.3470015525817871,336.5947570800781,208.59178981781005,115.02605438232422,51.8743252229145
0.010590516030788422,-0.007091321959160268,-0.02414625883102417,0.006956436829782368,0.789804995059967,0.7548041470348835,0.7261121273040771,0.012868920699021551,80.0,36.318031311035156,21.748062217235564,9.328631401062012,6.388271981659582,-0.007742109348857246,0.9271904710934243,80.0,294.1092338546433,588.2524964404378,88,0.3523292541503906,72.65655517578125,43.525403308868405,18.672889709472656,12.777859017924964
0.010559603571891785,-0.006421914338716306,-0.019685646519064903,0.007134963420228138,0.7749512791633606,0.7471397653222084,0.7170766592025757,0.011943403772408073,80.0,120.94268798828125,66.87712216377258,37.08372116088867,15.01907791578013,-0.007727275697057909,0.9251674294555454,80.0,291.5560640603639,583.1460867159823,89,0.34575462341308594,241.91323852539062,133.7820309638977,74.20597839355469,30.03697674693316
0.011822707951068878,-0.008078590262448416,-0.026457559317350388,0.00787222944498567,0.7844985723495483,0.7505335085093975,0.7074348330497742,0.018471668987733163,80.0,183.95555114746094,67.52307226657868,28.97625160217285,25.698726952786647,-0.0077311791922289146,0.9232270525561437,80.0,289.0668085959885,578.1675447767311,90,0.3458859920501709,367.92755126953125,135.07731218338012,57.975181579589844,51.394666210823885
0.015058139339089394,-0.01046604968723841,-0.030042177066206932,0.009050708290462754,0.8859841227531433,0.8604782499372959,0.823195219039917,0.014332732353004581,80.0,299.2267150878906,156.41551723480225,87.52657318115234,42.31060006441672,-0.007761232714152096,0.922537505274618,80.0,287.6091020975139,575.2521780900903,91,0.20180463790893555,598.4681396484375,312.8691762924194,175.08358764648438,84.61524095144811
0.005764838308095932,-0.008606219524517655,-0.0276847705245018,0.00808635900523073,0.8510159254074097,0.8156931526958943,0.782895028591156,0.013888391492000107,80.0,396.11895751953125,162.28138151168824,67.3704605102539,76.20302548422828,-0.0077704173533952,0.9213761536161537,80.0,286.24684426505934,572.5276575737673,92,0.19597768783569336,792.2545166015625,324.5962905883789,134.7787628173828,152.39841252180028
0.005454812198877335,-0.01271860343986191,-0.0381072573363781,0.010401822001800997,1.0203924179077148,0.96085524559021,0.9119004011154175,0.020875119055607655,80.0,197.42181396484375,103.89512877464294,61.23182678222656,32.144682023515045,-0.007823623655400219,0.9218006599814661,80.0,284.2860731307538,568.6062302052334,93,0.3289463520050049,394.86370849609375,207.83491230010986,122.53656005859375,64.27702790326882
0.015041481703519821,-0.006636710034217686,-0.027687087655067444,0.007845922598890382,0.8788026571273804,0.8348693005740643,0.7956879734992981,0.017888792100240546,80.0,156.3509979248047,74.13520102500915,33.272117614746094,29.76798648609017,-0.00781099691474934,0.9208758582856427,80.0,282.05042555516076,564.1348912935308,94,0.35044002532958984,312.71856689453125,148.300372505188,66.56016540527344,59.53076168827351
0.013170359656214714,-0.008825117885135115,-0.033313676714897156,0.01035862746569419,0.9978206753730774,0.9340911313891411,0.8962717056274414,0.022796249116960803,80.0,51.72727966308594,19.921328458189965,3.9790103435516357,10.844425588709777,-0.007821671872332348,0.9210149664235743,80.0,279.2911719015084,558.6164081126766,95,0.2027885913848877,103.48091888427734,39.87898911237717,7.976991653442383,21.686296436223458
0.02198733389377594,-0.010270846448838711,-0.04275854676961899,0.013695276475266216,0.8488463163375854,0.7987450212240219,0.731993556022644,0.028743088933164063,80.0,62.57090759277344,17.10060158073902,3.415764570236206,11.802357678072553,-0.00784718410750429,0.9197413211610789,80.0,276.5600201273337,553.1541301057364,96,0.30755090713500977,125.15806579589844,34.23771944642067,6.895181179046631,23.595298288371975
0.009879973717033863,-0.0043085814511869104,-0.023376815021038055,0.008073788473213725,0.8306164741516113,0.7916293196380139,0.7360509037971497,0.020995549938329968,80.0,66.8380126953125,18.026317209005356,5.555047988891602,14.720588163295075,-0.007810703667748441,0.9184205788773361,80.0,273.8947242209592,547.8234389101722,97,0.21489453315734863,133.6890106201172,36.07708413600922,11.147785186767578,29.437194253176244
0.01040792465209961,-0.007349105912726373,-0.022412598133087158,0.006880318025466488,0.7605270743370056,0.7025227218866348,0.6385103464126587,0.023372524524402048,80.0,59.698448181152344,14.817624619603157,3.2187464237213135,11.461069977457973,-0.007805993486574747,0.9162175395202881,80.0,271.2510803474759,542.5360976742846,98,0.33162832260131836,119.40802001953125,29.66399779319763,6.478045463562012,22.917099870571572
0.015752853825688362,-0.007346404943382368,-0.027466828003525734,0.007606548522937109,0.8049595952033997,0.7543148182332515,0.7116857767105103,0.020957371431307967,80.0,20.92730712890625,6.830724696815014,1.9687613248825073,4.332122572245779,-0.007801351178057653,0.9145821584971867,80.0,268.5801676641359,537.1942303082558,99,0.3459341526031494,41.87004852294922,13.691228437423707,3.968228340148926,8.659138459261698
0.024599354714155197,-0.0006373444572091103,-0.021696627140045166,0.008756630455414605,0.8226441740989685,0.780718033015728,0.7438579797744751,0.016532462689942486,80.0,31.844385147094727,8.527271401882171,2.326352596282959,6.267454415967012,-0.007729711110849167,0.9132435172423722,80.0,265.9796387015134,531.993002323687,100,0.302839994430542,63.71697235107422,17.071431851387025,4.691948413848877,12.531699867666838
0.017439141869544983,-0.006368458259385079,-0.02203190140426159,0.007337325625651465,0.8349515199661255,0.7760240390896798,0.7236053943634033,0.021100478777804868,80.0,10.655137062072754,3.6027994491159916,0.8234307169914246,2.0024560789986565,-0.007616106310073518,0.9073559288010001,80.0,249.47911469405145,498.9916090139449,101,0.20507144927978516,21.32173728942871,7.233856281638145,1.6801447868347168,3.9985343216985805
0.012928638607263565,-0.004242680309107527,-0.020815424621105194,0.007051703060455827,0.8576782941818237,0.8059118874371052,0.7648594379425049,0.021675151664481727,80.0,33.77623748779297,9.021417444944381,2.570723295211792,7.019074665281045,-0.007460070922243176,0.9018940504044294,80.0,236.15164757882806,472.3362534763515,102,0.34039759635925293,67.5684585571289,18.067438489198686,5.166792869567871,14.033439946463256
0.007685136049985886,-0.007394846389070153,-0.02412882260978222,0.007637418547438446,0.830048680305481,0.7997264012694358,0.7734030485153198,0.012672679607318625,80.0,20.93179702758789,6.6025579392910005,1.6488037109375,4.675480572054348,-0.007315494937211042,0.8964454869031907,80.0,223.37169597774002,446.7759521234928,103,0.19591474533081055,41.87946319580078,13.235900175571441,3.312239408493042,9.343801797460905
0.014860257506370544,-0.0035545256338082253,-0.018236037343740463,0.007077634219476307,0.8756226301193237,0.8248528003692627,0.7872516512870789,0.016903800707580043,80.0,33.28606033325195,10.455671194195748,3.3758928775787354,7.279976055369631,-0.00722492858269834,0.8914177311509845,80.0,219.76292540582267,439.5581292751729,104,0.19568896293640137,66.58842468261719,20.934948444366455,6.800477027893066,14.556204200744872
0.013103947043418884,-0.0032171729602850974,-0.02099280059337616,0.007479308147642588,0.8516744375228882,0.8081208273768425,0.7521043419837952,0.02147903679541931,80.0,18.453645706176758,6.335675950348377,1.9901291131973267,4.112112090324487,-0.007091155300062383,0.8866426095664499,80.0,208.39451198557762,416.8209393216073,105,0.19238758087158203,36.92723846435547,12.693948674201966,3.9900355339050293,8.222067038391344
0.021197732537984848,-0.004085340286837891,-0.03018963895738125,0.007841105911853597,0.8593339323997498,0.8055625692009926,0.7574958801269531,0.02264074952413379,80.0,30.31028175354004,8.226468445360661,1.8644646406173706,6.187738717613221,-0.006958066446561134,0.8826765119731426,80.0,207.07073972516508,414.1730492971539,106,0.1890406608581543,60.63917922973633,16.47721879184246,3.720329999923706,12.37303929932172
0.01107873022556305,-0.00917606070288457,-0.028075896203517914,0.008133612441499915,0.8317152261734009,0.776142681390047,0.7256150245666504,0.021302314175838624,80.0,21.106515884399414,6.731412860751152,2.552004098892212,3.908946538804727,-0.006886671846063111,0.877873187355697,80.0,201.91011722543092,403.85156538289783,107,0.2777516841888428,42.22966766357422,13.496700584888458,5.1554388999938965,7.811129300168552
0.008178790099918842,-0.003553621907485649,-0.015515387058258057,0.005102006616695316,0.8381860852241516,0.807434756308794,0.776706337928772,0.013463220130782506,80.0,38.512611389160156,18.775980246067046,7.099734306335449,7.7822267810038035,-0.006824345858040034,0.8731376213431357,80.0,200.17722976436468,400.38557109862563,108,0.17810273170471191,77.04066467285156,37.575216233730316,14.22852611541748,15.559799632440027
0.008553843945264816,-0.004134627198800445,-0.017040889710187912,0.005330435524940937,0.7468857765197754,0.7170685537159442,0.6896071434020996,0.012429063719099399,80.0,138.11778259277344,61.864026236534116,26.63850975036621,23.764546799198353,-0.006763866726745619,0.8677694548442959,80.0,197.9073064319119,395.84549611598254,109,0.30916285514831543,276.24981689453125,123.75066213607788,53.275489807128906,47.52689097312481
0.0073510631918907166,-0.0014167534769512712,-0.016508253291249275,0.003944866582381987,0.7374275922775269,0.6944111339747906,0.6547262072563171,0.017136745486865883,80.0,144.2806396484375,61.55224492549896,21.541912078857422,20.998972265788556,-0.00658692110402626,0.8626782966405153,80.0,196.4795896996483,392.989606918633,110,0.3087902069091797,288.57208251953125,123.12121133804321,43.08848571777344,41.99587924690509
0.005833908915519714,-0.0008175735187251121,-0.00839097797870636,0.0023385117424910614,0.7223220467567444,0.6924987770617008,0.6610425710678101,0.014570039067587576,80.0,224.86207580566406,94.48610334396362,48.92720413208008,30.72745086692669,-0.00649863306604675,0.8578664549365641,80.0,196.63268520727007,393.2955251210332,111,0.30828285217285156,449.73980712890625,188.9876919746399,97.87506103515625,61.45362387069921
0.004241682589054108,-0.0011772165045840666,-0.009726889431476593,0.0024372332327673484,0.6968563199043274,0.6596638433635235,0.6124049425125122,0.015829125408582573,80.0,126.06913757324219,54.15187680721283,27.463132858276367,19.92546106520031,-0.006429226588748861,0.852921039685607,80.0,195.9323008295521,391.8945186613202,112,0.3066525459289551,252.15130615234375,108.31930108070374,54.94092559814453,39.84965045275822
0.0038956105709075928,-0.001955080049810931,-0.010706175118684769,0.002941905201762782,0.7048827409744263,0.6645104646682739,0.6353229284286499,0.013813933421234404,80.0,134.32904052734375,72.12312769889832,42.740684509277344,17.213220826114252,-0.006368797887640538,0.8479896343201397,80.0,194.6784397422299,389.38657700043916,113,0.31010961532592773,268.67095947265625,144.2634554862976,85.51199340820312,34.42420842312521
0.00799088180065155,-0.0026382635900517926,-0.01705944538116455,0.004040896750967373,0.7345514297485352,0.6949459113180637,0.6669207811355591,0.014273518063625824,80.0,125.16389465332031,61.70592184066773,30.657163619995117,17.295105894470638,-0.0063100562308973165,0.8435488041117785,80.0,193.75686849131435,387.54322821456185,114,0.31316256523132324,250.34182739257812,123.43102030754089,61.33687210083008,34.58723528817792
0.00635138526558876,-0.003910000930773094,-0.016541846096515656,0.004477540332312662,0.7043629884719849,0.6727284595370293,0.6237163543701172,0.015809833435392513,80.0,156.07363891601562,67.16508827209472,31.189598083496094,19.645018227954914,-0.006260921875917119,0.8395849358215925,80.0,193.21228327669948,386.4538802359699,115,0.30811214447021484,312.1605529785156,134.35145111083983,62.386680603027344,39.2884980677493
0.009970530867576599,-0.0030021112936083226,-0.017471730709075928,0.005575816180096494,0.72505122423172,0.669883181899786,0.6297098398208618,0.019861965949338756,80.0,97.8340072631836,56.28541741371155,32.226829528808594,12.849594737080407,-0.006209584847762017,0.8349896995276213,80.0,192.19488499035685,384.41888909846546,116,0.3137176036834717,195.68304443359375,112.59023694992065,64.47013854980469,25.697618354735
0.005291532725095749,-0.006307700386969373,-0.026386812329292297,0.00650922265905262,0.6844894886016846,0.646005816757679,0.6017177104949951,0.018654824460161253,80.0,77.09539794921875,40.9142608165741,22.090837478637695,12.124704529917867,-0.006184682223101844,0.8310306758284567,80.0,190.1092982760891,380.24758665639166,117,0.3092818260192871,154.20358276367188,81.85405697822571,44.18842315673828,24.247395845079506
0.020953448489308357,-0.004752186575205997,-0.02647729590535164,0.007573961021531459,0.6287450790405273,0.5940100692212582,0.5423572063446045,0.01981201185075471,80.0,86.40742492675781,49.32261960506439,28.970006942749023,10.354416336524352,-0.006109171232354129,0.8264364662840962,80.0,188.64584713449327,377.32044144803285,118,0.30709362030029297,172.82699584960938,98.66662425994873,57.958656311035156,20.707677856218165
0.010799488052725792,-0.003226932167308405,-0.021378029137849808,0.006332656250578089,0.678099513053894,0.6258414104580879,0.5576071739196777,0.02001811853315661,80.0,111.92050170898438,56.48873286247253,32.07579803466797,13.85468569024644,-0.00601311695817276,0.8228900090828539,80.0,180.248857220076,360.5261987045407,119,0.3115041255950928,223.85360717773438,112.99643640518188,64.16075134277344,27.708737929918225
0.01208658516407013,-0.006398435949813574,-0.024216536432504654,0.006727663572927784,0.7165614366531372,0.6748277604579925,0.6265345811843872,0.018265324490171334,80.0,74.03564453125,52.165114760398865,28.354026794433594,10.078367496663573,-0.0059591241357557015,0.8200455693081021,80.0,179.76996350064127,359.56824638921023,120,0.3112192153930664,148.08590698242188,104.35652265548705,56.715789794921875,20.156534935993033
0.03794778138399124,-0.004387449898058548,-0.032862674444913864,0.011405799218549298,0.6441307663917542,0.5945423699915409,0.5451213717460632,0.019578319132380145,80.0,391.77203369140625,175.59115872383117,51.949974060058594,66.8631009495232,-0.005834957098268205,0.8162267131656408,80.0,181.07892715182152,362.1858489902616,121,0.33899617195129395,783.5567626953125,351.2029836654663,103.93112182617188,133.72384088503992
0.011600833386182785,-0.0032353862014133485,-0.015697527676820755,0.004707751574077479,0.7192414402961731,0.6884601384401321,0.6527334451675415,0.015106257480149977,80.0,122.06023406982422,72.16826570034027,31.17792320251465,17.243766094840947,-0.005825398646498797,0.814163216508925,80.0,181.60109104283896,363.2301163846851,122,0.34427642822265625,244.13429260253906,144.3567717075348,62.36216354370117,34.487731185246766
0.010410994291305542,-0.005374828906496987,-0.02319847047328949,0.006852233382429671,0.6759535670280457,0.6253540955483914,0.5863327980041504,0.017628193676354962,80.0,77.31831359863281,33.805454993247984,16.616039276123047,12.730616619333054,-0.005788857404288138,0.8114183446988463,80.0,181.72939932068437,363.4866049584746,123,0.32025575637817383,154.66244506835938,67.634166431427,33.24957275390625,25.461142845463318
0.009727463126182556,-0.0044275852793361995,-0.0220548864454031,0.005217710528615981,0.5931033492088318,0.5591056816279888,0.5046579241752625,0.016680081638690853,80.0,66.93560791015625,37.9082456946373,15.297622680664062,10.57633283841102,-0.005733003025321522,0.8089410726353524,80.0,181.96135575025528,363.95035655975335,124,0.31108856201171875,133.88192749023438,75.83652851581573,30.621667861938477,21.15336514639551
0.05920980125665665,-0.010809731885092332,-0.04260995611548424,0.016585219815607632,0.6879870295524597,0.6458826124668121,0.6053740382194519,0.017408008074197834,80.0,629.0615844726562,353.48536415100097,182.01034545898438,97.51652958620987,-0.0058192418659746194,0.8073483148962258,80.0,185.24752671580765,370.52283909392355,125,0.3504350185394287,1258.13525390625,707.0052635192872,364.0435485839844,195.02518803118204
0.009730573743581772,-0.0021876213315408675,-0.016198698431253433,0.0049556066713055775,0.7021427154541016,0.6637041516602039,0.6123745441436768,0.01796524615199512,80.0,127.41394805908203,50.52305119037628,16.014097213745117,24.47465382466363,-0.005801236235914985,0.8054126911982893,80.0,185.23861125855896,370.50493345141405,126,0.3593297004699707,254.8406219482422,101.06375074386597,32.02208709716797,48.94912900472082
0.01276031881570816,-0.005561457492876798,-0.027215484529733658,0.007814718304576349,0.6300218105316162,0.5949752934277057,0.5653393268585205,0.01568557582280921,80.0,115.01477813720703,58.16791679859161,26.068593978881836,17.89467384265842,-0.005824450127809542,0.8031903310418127,80.0,185.68479485594483,371.39730263471597,127,0.3464984893798828,230.044189453125,116.35885696411133,52.15596008300781,35.7891794734857
0.02933673746883869,-0.001358098874334246,-0.023346908390522003,0.011036028137423,0.7185549139976501,0.6772068098187447,0.637374222278595,0.017119377561665376,80.0,649.3402709960938,233.10461554527282,60.92831039428711,139.31836435529607,-0.005680168751423481,0.8015868811383843,80.0,187.9568852142915,375.9411627116501,128,0.31188297271728516,1298.699462890625,466.2254906654358,121.91083526611328,278.63704691024867
0.0036512911319732666,-0.004530103091383353,-0.01885765790939331,0.004750862006122063,0.7633675336837769,0.7257348373532295,0.6796431541442871,0.01867893663337912,80.0,90.51766204833984,43.09317405223847,18.087677001953125,15.351342013459279,-0.00562535160643165,0.8018033735081553,80.0,188.25634729420395,376.53998156616103,129,0.31362295150756836,181.04983520507812,86.2099229335785,36.1995849609375,30.70186099475284
0.00546618364751339,-0.0026706790958996862,-0.01860200986266136,0.004736167426316079,0.6559196710586548,0.6080378569662571,0.5746437907218933,0.017399954194047332,80.0,198.6986541748047,78.4763854265213,28.54889678955078,34.872963763356736,-0.005644297700055177,0.8006979090347887,80.0,180.97128572046014,361.9698742177189,130,0.3100006580352783,397.4068298339844,156.9702733039856,57.13988494873047,69.74323984252513
0.047707974910736084,-0.004166106978664175,-0.026903703808784485,0.010186476315796849,0.8391733765602112,0.8032103858888149,0.7759300470352173,0.01621517793759459,80.0,227.08163452148438,71.29981784820556,22.74628448486328,36.76244571239504,-0.005676079306023894,0.8003309512659907,80.0,162.20736811219902,324.4420953619182,131,0.292651891708374,454.17730712890625,142.62403244972228,45.523719787597656,73.51915870779399
0.018211092799901962,-0.0028343718033283947,-0.025419848039746284,0.00914429670462457,0.7836106419563293,0.738064444065094,0.7050527334213257,0.012395743445543264,80.0,676.1725463867188,343.48028087615967,140.3385772705078,110.23090390004238,-0.005676363571110414,0.7986876883432269,80.0,150.98182856713981,301.99098386976124,132,0.21773910522460938,1352.376220703125,686.9809909820557,280.65594482421875,220.46136152176106
0.010531928390264511,-0.0013974888192024083,-0.016116254031658173,0.004938017071992476,0.6620981097221375,0.6170904509723186,0.5780296325683594,0.015442520644059673,80.0,214.07943725585938,66.53083090782165,21.361976623535156,41.290755911931136,-0.005614777378010332,0.7957135195732117,80.0,142.86390190612525,285.75494788572195,133,0.3103516101837158,428.17132568359375,133.07679862976073,42.73863220214844,82.57937093680931
0.008937768638134003,-0.006043051445158198,-0.025150297209620476,0.00588536875427277,0.7613173127174377,0.7254260122776032,0.6916804313659668,0.012806364216603567,80.0,120.3830337524414,36.400548088550565,14.883155822753906,23.144850808171284,-0.005557479484152281,0.7944406482279301,80.0,136.09937764763083,272.22575923511386,134,0.3133561611175537,240.78041076660156,72.82769103050232,29.79302215576172,46.28339174806584
0.019103363156318665,-0.004439183149952441,-0.02743806131184101,0.008834474337089369,0.7605119943618774,0.7308516271412373,0.7000892162322998,0.014413547939295003,80.0,226.00160217285156,83.50869518518448,15.808314323425293,43.55549560805494,-0.005571746585686923,0.792898838840425,80.0,122.97557573687283,245.97815312930942,135,0.3124101161956787,452.01788330078125,167.0408847808838,31.63399887084961,87.10632184590695
0.00779307633638382,-0.009170798945706337,-0.030840277671813965,0.010277390810408345,0.7658017873764038,0.7310450434684753,0.6937203407287598,0.01441434453472108,80.0,92.42523193359375,31.7044206738472,9.629007339477539,16.333171174990856,-0.005571831245877548,0.7909175537079571,80.0,118.56575705336776,237.15847625681764,136,0.3115217685699463,184.86740112304688,63.44180371761322,19.283180236816406,32.657019953471234
0.007938861846923828,-0.009848420962225646,-0.04571123793721199,0.01207403512289728,0.7252297401428223,0.6856621176004409,0.6343764066696167,0.01702381053778076,80.0,70.5832748413086,27.237875509262086,6.936409950256348,15.421281789792465,-0.005580508644954534,0.7871883921176195,80.0,117.6988528094217,235.42461055943375,137,0.31565070152282715,141.18319702148438,54.509161138534544,13.944181442260742,30.829222041051153
0.02205938659608364,-0.005968195674358867,-0.029494671151041985,0.008625962960425879,0.7868467569351196,0.7488630950450897,0.7042216658592224,0.018204042092730816,80.0,61.416378021240234,31.41917484998703,11.56320571899414,12.507276949402854,-0.005594835301861167,0.7847659749314189,80.0,116.48187224280088,232.99062965747714,138,0.2090916633605957,122.85707092285156,62.86526334285736,23.174636840820312,25.010616469930703
0.01642436347901821,-0.0059574726561550054,-0.02370195835828781,0.007544202948233001,0.8022557497024536,0.7610745146870613,0.7123680114746094,0.01844371077456458,80.0,31.63286781311035,12.021942645311356,4.380764007568359,4.9174903532687715,-0.0055824084436171695,0.7826170156300069,80.0,115.56602331703154,231.15886396798496,139,0.19172883033752441,63.303443908691406,24.071021592617036,8.779396057128906,9.831776291112083
0.01720261573791504,-0.007538527308497578,-0.02768586575984955,0.008137290996346544,0.7645789980888367,0.724233490973711,0.6793117523193359,0.015917705562266484,80.0,44.25921630859375,17.234270107746124,7.108080863952637,6.342212175837238,-0.005586245455371682,0.7796025329604747,80.0,111.68393611126392,223.39463694056872,140,0.31354498863220215,88.54685974121094,34.49810185432434,14.274925231933594,12.678779380952689
0.011140496470034122,-0.006090681592468172,-0.021092183887958527,0.006335539980716686,0.7363088130950928,0.6967574246227741,0.6583720445632935,0.016410215259506658,80.0,31.82574462890625,10.343092361092568,3.7922558784484863,4.993692372868507,-0.005620076207502279,0.7768353026807309,80.0,110.7408054065332,221.50838784477116,141,0.3088510036468506,63.66613006591797,20.71230126619339,7.612508773803711,9.985141794165617
0.01856229268014431,-0.003515847976086661,-0.019194962456822395,0.007248803432903147,0.7135235071182251,0.6570962406694889,0.593112587928772,0.022946083713328447,80.0,31.187318801879883,14.18797502219677,3.865643262863159,6.090047879906566,-0.005589236196130514,0.7743169038072228,80.0,109.70629046147316,219.43924591228367,142,0.3124573230743408,62.395164489746094,28.396123695373536,7.767914772033691,12.177910482156932
0.013110298663377762,-0.006749000691343099,-0.029181472957134247,0.008560624775588008,0.6809020042419434,0.6332242228090763,0.5872461795806885,0.02294646436744296,80.0,52.79530334472656,19.648926258087158,4.7415666580200195,9.936935073024399,-0.005610303376568482,0.7716235757172107,80.0,109.20161278741807,218.42987882599235,143,0.3147468566894531,105.60334014892578,39.32401486635208,9.531915664672852,19.86673265351296
0.013127877376973629,-0.008519340248312801,-0.02391056716442108,0.008569428987137306,0.7164404392242432,0.6760582536458969,0.6309338212013245,0.019254359468474556,80.0,25.67213249206543,9.29081983268261,3.171280860900879,4.747954319498087,-0.0056628728164942,0.7693106437698006,80.0,108.82114296438543,217.66899805536866,144,0.2899477481842041,51.35808563232422,18.61219945549965,6.377396106719971,9.488859738874204
0.01358893420547247,-0.0032454936910653485,-0.019739754498004913,0.007010816153741183,0.6831258535385132,0.6369407780468463,0.5980664491653442,0.0159990823697554,80.0,46.538333892822266,20.040132868289948,3.8492698669433594,7.75710933922145,-0.005615800469735404,0.7663438295051455,80.0,108.00284575190393,216.03225015208128,145,0.5123929977416992,93.08934020996094,40.09949546456337,7.706800937652588,15.51184632879065
0.005430653691291809,-0.0036034329124959184,-0.01607346534729004,0.003941921801191369,0.6305595636367798,0.5896267697215081,0.559309720993042,0.016063950233424818,80.0,31.939456939697266,13.381650069355965,3.7012524604797363,6.035777664120824,-0.005594791352399624,0.7621579556539654,80.0,106.18289206521956,212.39221702542906,146,0.3317403793334961,63.89059829711914,26.78229963183403,7.4131035804748535,12.06941867423867
0.03610266000032425,-0.00132035193964839,-0.024629246443510056,0.011411130987059866,0.7067090272903442,0.6741904467344284,0.6222549676895142,0.016832065727524343,80.0,62.989105224609375,31.615608835220335,11.670836448669434,12.039041971793287,-0.005512546328012831,0.7588470996916292,80.0,105.70540650575606,211.43701519432668,147,0.2225797176361084,125.99740600585938,63.24734175205231,23.37163543701172,24.08342353743191
0.0239818524569273,-0.006866905745118857,-0.026282694190740585,0.009568848302772217,0.7019254565238953,0.6456200063228608,0.602596640586853,0.02052016054906229,80.0,75.67411804199219,41.38337016105652,16.983163833618164,11.680500292071795,-0.005539164856716523,0.7547908494621514,80.0,91.57452397506682,183.17522221079471,148,0.20518231391906738,151.36090087890625,82.79338688850403,34.01857376098633,23.35895461526563
0.025573046877980232,-0.007585144968470558,-0.02380570024251938,0.009778601809310988,0.6598852872848511,0.6182431429624557,0.5744721293449402,0.01911526472576657,80.0,38.05964279174805,12.620308387279511,4.8814473152160645,7.10588584566107,-0.005540444552374537,0.7498972872644663,80.0,71.89770081382244,143.82148042157294,149,0.19092631340026855,76.13233947753906,25.268152010440826,9.776229858398438,14.210539627962868
0.014902137219905853,-0.002500411658547819,-0.01814044639468193,0.007983490658037556,0.7863011360168457,0.7438789904117584,0.7033394575119019,0.01500228957289809,80.0,44.786739349365234,27.722279489040375,12.009678840637207,6.226672780035764,-0.005519898757047486,0.7458335324823857,80.0,69.26548126786201,138.55691898134353,150,0.18146538734436035,89.60096740722656,55.464437413215634,24.03204917907715,12.45323776946912
0.006356427446007729,-0.004634528353926725,-0.0177946574985981,0.005350252449907316,0.6110696196556091,0.5602589391171933,0.511344850063324,0.01960170190732948,80.0,34.18598937988281,19.39333075284958,6.339996337890625,6.857953114325406,-0.0055339472870400645,0.7413524253964422,80.0,67.7391211484,135.5041371795237,151,0.1787734031677246,68.39964294433594,38.80713542699814,12.706108093261719,13.717121363010138
0.012907830998301506,-0.003309975838055834,-0.02037794142961502,0.007045714675930513,0.6762782335281372,0.6290748447179795,0.5768724083900452,0.017052408400965335,80.0,26.703060150146484,11.017040967941284,4.238465785980225,4.403988932268449,-0.005534470383398001,0.7394074872136116,80.0,64.4722884510085,128.97043392279747,152,0.20885705947875977,53.41870880126953,22.05328348875046,8.514388084411621,8.807106913757309
0.006460614502429962,-0.005781506968196482,-0.018058501183986664,0.005804967280039808,0.611925482749939,0.5713603600859642,0.540046751499176,0.017913087581627997,80.0,43.43965148925781,24.818623387813567,12.766861915588379,6.679093151339142,-0.005515675455710153,0.736808829680085,80.0,64.647973768346,129.32171499416233,153,0.291046142578125,86.91690063476562,49.66023709774017,25.531757354736328,13.361318503859794
0.014191282913088799,-0.004887900809990242,-0.0196368470788002,0.006862283856321978,0.6840641498565674,0.642642829567194,0.5972601175308228,0.01775100838307655,80.0,11.098925590515137,5.546447739005089,3.1763017177581787,1.4782936506250668,-0.0054758562442439145,0.7344542508423326,80.0,64.47675841035694,128.9791575485766,154,0.22774195671081543,22.210126876831055,11.11552408337593,6.366379261016846,2.955312923371747
0.014847951009869576,-0.008067501982441171,-0.03018726035952568,0.009199738261415624,0.7147278189659119,0.6446834042668342,0.5840093493461609,0.025046567783595094,80.0,87.38391876220703,44.196896529197694,22.829757690429688,12.422865174018254,-0.005493309835233958,0.7318139558061955,80.0,64.54936678173392,129.12435639348627,155,0.2193310260772705,174.79037475585938,88.42282180786133,45.679466247558594,24.845445193757957
0.011211670935153961,-0.006407989625586197,-0.021626032888889313,0.0065521059862437845,0.6268222332000732,0.5977866813540459,0.5699657201766968,0.013538800080338895,80.0,15.772208213806152,8.334409856796265,3.1554296016693115,2.9950089359060144,-0.005550031684892019,0.7289385239705443,80.0,63.856760109208516,127.73919898459313,156,0.21798968315124512,31.5775203704834,16.693591529130934,6.334365367889404,5.98816843297641
0.03670094907283783,-0.013212340127211064,-0.04654335603117943,0.01611323188586891,0.830747127532959,0.7882166437804699,0.7398967146873474,0.016324203424824456,80.0,823.3993530273438,328.0474531173706,147.16587829589844,173.54765307642617,-0.0056025560923444575,0.7283999392613769,80.0,66.62973295404763,133.28523895403742,157,0.20472502708435059,1646.814453125,656.1370952606201,294.35919189453125,347.0804679684769
0.016983583569526672,-0.008120289584621788,-0.028248798102140427,0.009867365510111123,0.7961538434028625,0.7484155185520649,0.7056452035903931,0.01825898649416803,80.0,184.6272430419922,81.98404242992402,22.358829498291016,27.11038706807459,-0.005640132180677029,0.7278950896859169,80.0,67.25426983412355,134.53437776967883,158,0.21434283256530762,369.27838134765625,163.99929394721985,44.74964141845703,54.217747357858826
0.03346211835741997,-0.007251602347241715,-0.030490849167108536,0.009975853975991,0.7749460935592651,0.7361541643738747,0.6729201674461365,0.0208201097498774,80.0,316.8651123046875,193.14875583648683,87.79376983642578,51.3499703755744,-0.005672954090317944,0.727927323974669,80.0,69.15723881783335,138.3403820464015,159,0.1957414150238037,633.74755859375,386.3267400741577,175.62820434570312,102.6990591153816
0.03777331858873367,-0.003812911518616602,-0.024953970685601234,0.009599183722500198,0.761347770690918,0.7044399894773961,0.650918185710907,0.02366382647239075,80.0,208.9093017578125,72.47786455154419,17.368730545043945,43.38589530109852,-0.005634530862356769,0.7276368646323681,80.0,69.73655844619125,139.49893865483998,160,0.2218928337097168,417.8336181640625,144.97744460105895,34.749847412109375,86.76983482010797
0.032949745655059814,-0.004428568336879835,-0.023273088037967682,0.008751375464077246,0.7684648036956787,0.7179918751120568,0.6482857465744019,0.02531428937330851,80.0,67.87256622314453,31.18257769346237,13.40563678741455,11.3529779099881,-0.005573493509407854,0.7260331866815686,80.0,69.68136638595908,139.38840038865803,161,0.2106003761291504,135.760498046875,62.38837223052978,26.83539390563965,22.70324758300763
0.014726603403687477,-0.004201728710904717,-0.01778365671634674,0.005647808463570404,0.7760826349258423,0.7293260633945465,0.6736975908279419,0.023901133763168547,80.0,33.563026428222656,13.912105816602708,3.0145835876464844,6.994092261852619,-0.005562693783052966,0.7246121759265662,80.0,69.70603267257661,139.43768294072152,162,0.20963358879089355,67.14169311523438,27.847201502323152,6.046660423278809,13.986880032283995
0.04912026971578598,-0.004833905934356153,-0.0205159243196249,0.010726072741825209,0.7478921413421631,0.6677441999316216,0.606451153755188,0.031757713933476865,80.0,7.66815185546875,3.018023681640625,0.9882820844650269,1.4268013314972396,-0.00556369646426174,0.7231786379888655,80.0,69.50837006085366,139.04233104971053,163,0.2275705337524414,15.362831115722656,6.059070065617561,2.0069239139556885,2.851442776177057
0.025306500494480133,-0.004046298866160214,-0.028658121824264526,0.010111532832196459,0.6159751415252686,0.5752772316336632,0.5156656503677368,0.022455427856419147,80.0,12.004433631896973,5.432346826791763,2.0534567832946777,2.239911017920174,-0.005575538630684606,0.7208138685002923,80.0,69.03661149882525,138.0987903186381,164,0.21381640434265137,24.037818908691406,10.884291779994964,4.125482559204102,4.47731639893778
0.011626139283180237,-0.004277428647037595,-0.02618466131389141,0.007679991643658736,0.47495657205581665,0.4232561245560646,0.3731088936328888,0.02305512589262301,80.0,27.801816940307617,9.256790611147881,2.744020462036133,5.230891705564707,-0.00558374447040842,0.7168091355413199,80.0,66.8814470212087,133.78839770904185,165,0.21361088752746582,55.612083435058594,18.530601215362548,5.508735656738281,10.460149661524207
0.006091967225074768,-0.003805606864625588,-0.01693754643201828,0.004902257387605949,0.43129193782806396,0.390972213447094,0.3625819981098175,0.014235523700976305,80.0,23.06709861755371,6.244428823888302,1.6047841310501099,3.9743296850711167,-0.005596463864581893,0.7121826149076224,80.0,63.51441999024898,127.05427654924989,166,0.20541095733642578,46.14173126220703,12.504288363456727,3.247326374053955,7.945525366472739
0.006096777506172657,-0.006974303687456995,-0.030041970312595367,0.007606065941689181,0.49077141284942627,0.4545026071369648,0.41658177971839905,0.017227039223763334,80.0,10.450873374938965,4.155120085179806,0.7913342118263245,2.214735331980044,-0.005631675474316581,0.708552241049707,80.0,63.12162245493383,126.26867930382492,167,0.1953122615814209,20.924163818359375,8.333278873562813,1.5960068702697754,4.426631229601062
0.009217921644449234,-0.005114196677459404,-0.025004718452692032,0.006084085461697958,0.5110260844230652,0.47697360552847384,0.42306727170944214,0.017654688992698456,80.0,14.7222261428833,4.821558706462383,1.020056962966919,3.0557087134280123,-0.005583629176806425,0.7037086055986583,80.0,62.72837197933347,125.48198538836837,168,0.19793176651000977,29.4489803314209,9.662885323166847,2.042105197906494,6.111040058890482
0.009507033973932266,-0.004400487721432001,-0.018369212746620178,0.005931473370857766,0.5294801592826843,0.48422557674348354,0.4456954896450043,0.01931683127060761,80.0,14.324353218078613,4.815107902884483,1.3221722841262817,3.0102833618118776,-0.005511921240220544,0.6998555675670504,80.0,62.39030151171238,124.80562397834657,169,0.1948413848876953,28.657764434814453,9.648701250553131,2.68057918548584,6.015817498550429
0.017101747915148735,-0.004544752446236089,-0.024860329926013947,0.007880587792816703,0.5612908601760864,0.4913017459213734,0.4212060570716858,0.03216684862828501,80.0,12.55190372467041,3.5943362422287466,0.8992306590080261,2.232817381087818,-0.005489458382275187,0.6974769488871098,80.0,62.015474000588064,124.05587646178901,170,0.1999034881591797,25.1026668548584,7.207588060200214,1.8273683786392212,4.460202313487049
0.015816356986761093,-0.0028669942752458156,-0.030460121110081673,0.007135377320488696,0.5275867581367493,0.49404824823141097,0.43692001700401306,0.020519023336408152,80.0,18.843263626098633,6.0593445062637326,2.41434383392334,3.362733154031988,-0.005493597771652275,0.6955628152862191,80.0,60.6667199343592,121.35833831982315,171,0.1980605125427246,37.69584274291992,12.134303975105286,4.837101936340332,6.721754264093634
0.020434290170669556,-0.00665475977002643,-0.02560766413807869,0.007933956662293197,0.5384412407875061,0.4854083813726902,0.42790818214416504,0.024719979948820782,80.0,13.900029182434082,5.48968457877636,1.5049315690994263,2.7889584503709193,-0.0055301793585240365,0.6921974871680141,80.0,59.73896005283297,119.50282439394296,172,0.194960355758667,27.81365966796875,11.002386727929116,3.002652645111084,5.574361205520574
0.017429780215024948,-0.004388833313714713,-0.020968733355402946,0.008184324934858858,0.5411839485168457,0.4965249091386795,0.4460833668708801,0.02135358513301264,80.0,8.367486000061035,2.8844104051589965,1.3269562721252441,1.370737661029696,-0.00550368857124704,0.6893654078990222,80.0,58.66918382416665,117.363162308082,173,0.19751358032226562,16.742023468017578,5.787528958916664,2.6909053325653076,2.738664104606786
0.0066605787724256516,-0.005133192468201741,-0.021443873643875122,0.006774750988808611,0.42961353063583374,0.3884948093444109,0.35027754306793213,0.01692792337204292,80.0,38.156898498535156,14.23842855989933,3.057767152786255,6.2704990051197935,-0.005508701255632331,0.6856962044648828,80.0,57.91497340513766,115.8546781231612,174,0.19175410270690918,76.33558654785156,28.494893580675125,6.115931987762451,12.542665517371514
0.012725471518933773,-0.006247945973882452,-0.018334591761231422,0.005758184778942557,0.48084789514541626,0.43462175987660884,0.3864264190196991,0.018069194996200157,80.0,35.52236557006836,17.378751677274703,5.188412189483643,7.1608805237607305,-0.005487804526725085,0.6819748191684485,80.0,57.24013765473663,114.5048903965205,175,0.19486641883850098,71.0595932006836,34.778691458702085,10.412580490112305,14.321172843002657
0.012419166043400764,-0.005379203357733786,-0.022561775520443916,0.007038711550954233,0.5744598507881165,0.5191529009491205,0.47288239002227783,0.019739808845503186,80.0,114.72807312011719,61.93304648399353,28.243865966796875,20.736774524325224,-0.005485104417981348,0.6795913490019738,80.0,57.17146067996322,114.36748337166011,176,0.19610261917114258,229.4671630859375,123.88723473548889,56.49602508544922,41.47372980929714
0.014432593248784542,-0.005380320089170709,-0.019996505230665207,0.006864959906192591,0.6522903442382812,0.6072917349636555,0.5705921649932861,0.014629944259545362,80.0,107.72171020507812,59.12375617027283,28.13613510131836,14.991957812911435,-0.005522427194024203,0.6783549762405454,80.0,56.98099670977889,113.98660535614192,177,0.21073579788208008,215.4657745361328,118.2704197883606,56.30210876464844,29.984141204468635
0.013336427509784698,-0.0038400038436520846,-0.02150619775056839,0.006466705447391225,0.6654381155967712,0.6295855417847633,0.5946885943412781,0.01522511051770405,80.0,30.938505172729492,14.253246814012527,6.933910369873047,5.429214314144949,-0.005489360179431971,0.6771356913708151,80.0,56.519591510787606,113.06370444123444,178,0.3503129482269287,61.88957214355469,28.526765275001527,13.884154319763184,10.856841368082462
0.016666419804096222,-0.004111283808015287,-0.022753465920686722,0.005888557117221842,0.6942869424819946,0.6629567511379719,0.6340392231941223,0.01398576620851011,80.0,47.70306396484375,22.5605710208416,7.077433109283447,6.94101197546754,-0.005496465379052098,0.6765048730708658,80.0,56.087890207484364,112.20030341760814,179,0.338240385055542,95.42584228515625,45.14262363910675,14.147857666015625,13.881726905640699
0.002931121736764908,-0.005333929235348478,-0.021920233964920044,0.005317989686259373,0.7128663063049316,0.6688510052859783,0.6347216963768005,0.016528949901970045,80.0,100.39585876464844,38.893920958042145,15.841221809387207,16.212270024715774,-0.005487137853371678,0.6761599259339272,80.0,55.945424528911715,111.9153465077132,180,0.34217238426208496,200.8263702392578,77.81188685894013,31.69913101196289,32.42440030891903
0.017023658379912376,-0.006079337699338794,-0.028436463326215744,0.0072596550427557255,0.637860894203186,0.613381476700306,0.5807629823684692,0.012103200398839598,80.0,26.533449172973633,14.605989575386047,8.168373107910156,4.028663422119828,-0.005510811124258908,0.6752921068929136,80.0,55.50564889009297,111.0358252169341,181,0.3529179096221924,53.0864372253418,29.236405467987062,16.365859985351562,8.057341086493588
0.005862947553396225,-0.0037183268635999412,-0.023094002157449722,0.006952133235253908,0.6617839932441711,0.6184047386050224,0.5858203172683716,0.01670592733878661,80.0,59.990379333496094,29.921022772789,13.419729232788086,10.364251997722398,-0.0053336597993911715,0.674332323540002,80.0,52.38385250122846,104.79185896627605,182,0.33917832374572754,119.9940414428711,59.861850428581235,26.868709564208984,20.72445100294986
0.007482465356588364,-0.009223463118541986,-0.02692119963467121,0.008832193384655213,0.612555980682373,0.5824742525815964,0.5459147691726685,0.014179631088581023,80.0,29.6656436920166,10.176782268285752,5.506507396697998,4.207351133430178,-0.00538628237080411,0.6727539760731159,80.0,51.89670156003535,103.81763076810539,183,0.34164953231811523,59.342857360839844,20.38366092443466,11.070863723754883,8.408664343187883
0.011472133919596672,-0.003752660716418177,-0.020649205893278122,0.0058124601596325634,0.611642599105835,0.5657434798777103,0.5307527780532837,0.014781477015611872,80.0,66.78624725341797,26.233162891864776,7.085577011108398,10.39599655358583,-0.005328223163116491,0.6708781830705703,80.0,51.423744279041884,102.87156257252394,184,0.3403432369232178,133.58358764648438,52.485145354270934,14.189167022705078,20.78962736318794
0.01444954052567482,-0.00809139508055523,-0.028076916933059692,0.007336965170940497,0.6180428266525269,0.5890330165624619,0.5565196871757507,0.013826951920287992,80.0,20.38814926147461,9.778683573007584,5.39674711227417,3.405550122694583,-0.00536209158456768,0.6699726761169731,80.0,50.810520260766154,101.64516415826976,185,0.35091686248779297,40.793182373046875,19.585330522060396,10.855517387390137,6.807850987830153
0.008170707151293755,-0.0032490300945937634,-0.019695516675710678,0.004890326985451447,0.6143673658370972,0.5724326103925705,0.5170530676841736,0.01878162551797465,80.0,88.84819793701172,30.765335577726365,6.797881603240967,16.385681585471055,-0.005328445932274918,0.6685997256748378,80.0,49.374477248325945,98.77298339240255,186,0.335559606552124,177.70938110351562,61.548618054389955,13.628692626953125,32.769625064355154
0.014722272753715515,-0.0064211221120785925,-0.0277531910687685,0.00854981644844558,0.5644539594650269,0.5217528745532036,0.49237483739852905,0.016856543444572766,80.0,90.6246566772461,40.23021371364594,16.030399322509766,17.037502125105558,-0.005339751965278992,0.666014901753515,80.0,48.73395136632024,97.49190253941715,187,0.38106751441955566,181.2594757080078,80.48370451927185,32.06088638305664,34.070195144129315
0.027895838022232056,-0.005620237236144021,-0.03088299185037613,0.01202509534338484,0.6138684749603271,0.5710800513625145,0.5279186964035034,0.020087838868605726,80.0,50.31541442871094,22.348770916461945,8.258679389953613,8.645685975196656,-0.00532504111804883,0.6641776607967914,80.0,48.73995845331251,97.50385054938496,188,0.34414052963256836,100.64249420166016,44.72020430564881,16.552949905395508,17.284366141233797
0.020616184920072556,-0.012146639381535351,-0.03521101176738739,0.012381729841542581,0.675413966178894,0.6252398274838924,0.5849096775054932,0.01800364308271482,80.0,58.01101303100586,26.49662265777588,8.231228828430176,9.269880038183341,-0.00538228836847702,0.6629586614184082,80.0,48.336153458252554,96.69633067838848,189,0.3411896228790283,116.02030944824219,53.03004386425018,16.472061157226562,18.534554718216363
0.012873109430074692,-0.0107108979660552,-0.03464914858341217,0.009924589816998985,0.6435016393661499,0.5885799445211888,0.5243818759918213,0.0247938511607721,80.0,11.603632926940918,3.782734202593565,0.9740065932273865,2.0751484566692695,-0.005408611445513089,0.6613391257785259,80.0,47.6987500776127,95.421544174701,190,0.24083638191223145,23.21851921081543,7.598661814630032,1.9956268072128296,4.14015714640681
0.014683185145258904,-0.004581746377516538,-0.02120976522564888,0.00811487801638523,0.6633636951446533,0.6017662324011326,0.5371649861335754,0.023264793621103643,80.0,15.808658599853516,5.546880313754082,1.015464425086975,3.1844056382710226,-0.005349768412415869,0.6587520056031644,80.0,46.190063708402214,92.40400200653077,191,0.1939258575439453,31.62457847595215,11.114959475398063,2.040231227874756,6.366484680738983
0.017602039501070976,-0.0035164257162250577,-0.018977537751197815,0.008016418556262533,0.6313043832778931,0.5718882240355014,0.5021179914474487,0.024546571819769422,80.0,12.756089210510254,4.734636528789997,0.7588241100311279,2.3738648160746734,-0.0052988704743329425,0.6563139563165605,80.0,44.614596258573236,89.25291653756798,192,0.22954988479614258,25.512676239013672,9.487743692100048,1.5372284650802612,4.7435149136628585
0.02120855264365673,-0.0028189010627102107,-0.024169819429516792,0.009191372718532886,0.6689260005950928,0.5978158295154572,0.5618049502372742,0.01983591292464729,80.0,18.25507354736328,8.41053767874837,0.8629348874092102,4.222387482404312,-0.0051998734505614265,0.6526835621558129,80.0,43.65975034761429,87.34295410871508,193,0.23254060745239258,36.522987365722656,16.838669414818288,1.7539128065109253,8.444934159019892
0.023738723248243332,-0.002586068696109578,-0.024262111634016037,0.009708825659142554,0.6882029175758362,0.6390039645135402,0.6000121235847473,0.019360658054196962,80.0,23.108457565307617,7.578931127488613,0.5199184417724609,4.7893588921218555,-0.0051593670371803445,0.6507249087952077,80.0,42.994187648639084,86.01170852810145,194,0.19572210311889648,46.2190055847168,15.175814443826676,1.077467441558838,9.575050463653037
0.014606554061174393,-0.010152619634754955,-0.04037844389677048,0.01320107680253808,0.7464905977249146,0.6888251699507236,0.6335017681121826,0.021322326881885473,80.0,10.131328582763672,3.449959158524871,0.47529128193855286,2.246522270184786,-0.0051726420546765435,0.6482722491808235,80.0,42.82947395564243,85.68225863784552,195,0.19387221336364746,20.29056167602539,6.934000086784363,1.0041543245315552,4.485874526768821
0.013047833926975727,-0.004805268213385716,-0.019805174320936203,0.006917822421231708,0.745826244354248,0.7062778457999229,0.6766471862792969,0.015982473840735128,80.0,14.774109840393066,4.093448686599731,0.9288415908813477,2.5764520127626285,-0.005117986272322014,0.6473475774265824,80.0,42.699402426701035,85.42198777909576,196,0.20200777053833008,29.562602996826172,8.210633571445943,1.888616681098938,5.14841038652513
0.01292641181498766,-0.0051791481557302175,-0.028106970712542534,0.008032059972681672,0.7191768288612366,0.6636920087039471,0.6170709133148193,0.021939471848380854,80.0,24.07718849182129,10.479872128367424,2.5858051776885986,4.273072220226945,-0.005126691939367446,0.646068204317242,80.0,42.62393797589466,85.27105070205033,197,0.20221471786499023,48.17768096923828,20.98337643146515,5.195146560668945,8.543294059667462
0.008210103958845139,-0.012890108255669474,-0.035849250853061676,0.009888667975557586,0.6819294691085815,0.6427102498710155,0.6148736476898193,0.014588383546712587,80.0,27.123807907104492,11.113364252448083,1.731839895248413,5.683872401687503,-0.0051821019627968775,0.6454700795970857,80.0,42.58689537222312,85.19706435288488,198,0.1984255313873291,54.26445770263672,22.265362876653672,3.5217862129211426,11.363335719279807
0.022897420451045036,-0.006297558400547132,-0.02474863827228546,0.009199535293672437,0.7425505518913269,0.6990741297602654,0.6591194868087769,0.01737675201113838,80.0,13.109196662902832,3.293657996505499,0.8328855633735657,2.0989441639073476,-0.005171613497368526,0.6449176727123559,80.0,42.55152470522002,85.12629099425672,199,0.19301819801330566,26.226396560668945,6.613892574608326,1.7022396326065063,4.19206747523667
0.08469163626432419,-0.007406978774815798,-0.040933698415756226,0.019553767217951122,0.6982282400131226,0.6510245949029922,0.6008458137512207,0.020578511023391685,80.0,75.90655517578125,14.464168146252632,2.7721426486968994,12.042252260359735,-0.005239309840544592,0.6436207383312285,80.0,42.610893672663714,85.24513838353752,200,0.18946576118469238,151.82757568359375,28.95617077946663,5.578152179718018,24.07686995140105
0.008945517241954803,-0.0030458799563348295,-0.02487519383430481,0.005482692145215553,0.6865592002868652,0.6432635903358459,0.598497211933136,0.01628397752249684,80.0,27.03183937072754,5.557164023816585,1.1879496574401855,4.387503250314548,-0.0052060840575140896,0.64229313384369,80.0,42.63043731841072,85.28413267156482,201,0.207747220993042,54.075714111328125,11.133285084366799,2.3802497386932373,8.772513186702431
0.006404589861631393,-0.00606647547101602,-0.020486509427428246,0.005557967992229869,0.6131170392036438,0.5629301108419895,0.507691502571106,0.022241867608066963,80.0,6.499301910400391,2.4468816086649894,0.9476229548454285,1.3376514354996032,-0.005224322009133175,0.6398633160777389,80.0,42.56469196004793,85.15262983430925,202,0.20664191246032715,13.009920120239258,4.917154763638973,1.9184010028839111,2.671482695241353
0.011823074892163277,-0.007658678694861009,-0.02951107919216156,0.007619207001157425,0.513841986656189,0.4638189014047384,0.4021074175834656,0.02395396530288708,80.0,34.58499526977539,16.22458284497261,6.263251781463623,6.754728620493406,-0.005226960332191083,0.636504241079092,80.0,42.660912209104744,85.34500842608513,203,0.20850396156311035,69.17886352539062,32.47375935316086,12.556268692016602,13.511314787093795
0.014136484824120998,-0.009490609756903723,-0.032859932631254196,0.009248572750967453,0.5764720439910889,0.5234746851027012,0.4728426933288574,0.024989647444863986,80.0,47.62001419067383,19.083644437789918,5.178590297698975,9.17014925349981,-0.00528632117342204,0.6334904599264264,80.0,42.74719194154068,85.51762634040416,204,0.2051687240600586,95.25216674804688,38.19673987627029,10.38222599029541,18.33904897041185
0.015293877571821213,-0.0038542091788258404,-0.017574753612279892,0.005971164561804409,0.6056466698646545,0.5749141097068786,0.5398836135864258,0.014030256228582439,80.0,56.983158111572266,27.957775509357454,9.283221244812012,9.715329389650423,-0.005292691535607446,0.6311583927497267,80.0,42.96341293713078,85.95003443051876,205,0.22265887260437012,113.98070526123047,55.93475768566132,18.58938980102539,19.429880125617217
0.014073504135012627,-0.009316234895959497,-0.0343552865087986,0.008912734393355723,0.6816236972808838,0.6463136471807956,0.6184289455413818,0.013519752868920607,80.0,65.9200210571289,29.085621881484986,11.248350143432617,10.062664126147839,-0.005345000481698662,0.6295659035295248,80.0,43.17200447149203,86.36729026322068,206,0.20215249061584473,131.85366821289062,58.20280206203461,22.542299270629883,20.121559765920587
0.0029836101457476616,-0.010870341886766255,-0.02975631132721901,0.008260715695780116,0.7333211898803711,0.692366337031126,0.6431312561035156,0.01782975867352372,80.0,46.505821228027344,28.41036888360977,12.340554237365723,7.238769829203463,-0.005361943293537479,0.6287281400859356,80.0,43.38879403172061,86.80088651745022,207,0.2067117691040039,93.02482604980469,56.856326007843016,24.699726104736328,14.475988291343858
0.010007426142692566,-0.0024841175705660134,-0.015477877110242844,0.004645735726032521,0.6911535263061523,0.6596032679080963,0.6236670017242432,0.013944635605255246,80.0,170.44749450683594,55.421321511268616,21.29813575744629,26.393412924320273,-0.005351248250168282,0.6272498252019286,80.0,43.75524744437263,87.53374239687622,208,0.20842337608337402,340.90765380859375,110.86080417633056,42.60350799560547,52.786059187704645
0.017585504800081253,-0.0024411253572907297,-0.019902706146240234,0.00452744234340993,0.6883932948112488,0.6354920104146004,0.5897507071495056,0.020373871541621145,80.0,154.67532348632812,56.57506833076477,11.76889419555664,22.977079965314154,-0.005334313231753185,0.6264340597689152,80.0,43.70235786531492,87.42791306357087,209,0.19786596298217773,309.3634033203125,113.167728805542,23.51553726196289,45.95351627558422
0.005646280944347382,-0.0063567958131898195,-0.023720864206552505,0.007157956155360092,0.5916714072227478,0.5640705540776253,0.530448853969574,0.012523534698613106,80.0,55.83158874511719,22.49898629784584,7.088597774505615,11.31170958097529,-0.00538371365511557,0.6251306539699434,80.0,43.311825279038395,86.64692062692343,210,0.21398663520812988,111.67832946777344,45.021967673301695,14.227128982543945,22.61605604340256
0.013295772485435009,-0.004108106205239892,-0.018999096006155014,0.006176124806407657,0.6267277002334595,0.5759020566940307,0.5282443761825562,0.020802015438953513,80.0,58.99250411987305,26.11630023121834,7.1058173179626465,13.108508808544409,-0.005416618981980719,0.6239646867662668,80.0,42.62812724791095,85.27956705717742,211,0.1988816261291504,117.99666595458984,52.252335000038144,14.244277954101562,26.211952010836555
0.0059489235281944275,-0.001611487043555826,-0.013459834270179272,0.0031515680850132907,0.5225589275360107,0.4890836555510759,0.44769078493118286,0.014532884015476207,80.0,1224.4705810546875,628.9691951751709,298.6650695800781,184.8685350545082,-0.005420961687370437,0.6222588848881423,80.0,48.376300431590536,96.77588806919752,212,0.20723319053649902,2448.95068359375,1257.9514022827148,597.3281860351562,369.7366974332154
0.005451148375868797,-0.004669151396956295,-0.01831348054111004,0.004827517487116361,0.4840322732925415,0.44810974784195423,0.406028151512146,0.017315348679921908,80.0,51.18804931640625,21.073889440298082,3.034275531768799,10.647620934180885,-0.005448102400841891,0.6200948777198791,80.0,47.86580804900453,95.75491431079804,213,0.18904399871826172,102.38421630859375,42.166079646348955,6.1065144538879395,21.292023316658714
0.0052118562161922455,-0.003602694679284468,-0.015169473364949226,0.004003931176375486,0.549127995967865,0.5037603739649057,0.4724196791648865,0.01700466445076762,80.0,199.71038818359375,53.283637619018556,7.029003143310547,38.25495559783661,-0.005457746711734218,0.6181830223463476,80.0,47.78158520678804,95.58644966219366,214,0.19734764099121094,399.4319763183594,106.5845554471016,14.079955101013184,76.50773787258203
0.010832220315933228,-0.007607453735545278,-0.025713233277201653,0.007089218288995591,0.6007962226867676,0.5664482533931732,0.5299016833305359,0.016640578975975925,80.0,16.83183479309082,6.75312569141388,1.2476152181625366,3.782452021243467,-0.005494721239781939,0.6171202202849091,80.0,47.17746558098123,94.37826310355962,215,0.2001791000366211,33.69504165649414,13.532795247435569,2.520333766937256,7.565859874681882
0.001959182322025299,-0.006920622556935996,-0.021177206188440323,0.005692897609519614,0.6901074647903442,0.6280275240540505,0.5585048794746399,0.024147988698952346,80.0,13.591069221496582,5.333359452709556,0.47185584902763367,3.2046314486484184,-0.005533906352415216,0.6167016637064516,80.0,46.6679450013712,93.3592919403687,216,0.21159744262695312,27.20875358581543,10.693120630830526,0.9735351204872131,6.407273766015767
0.04320522025227547,-0.0024989234982058404,-0.02157660201191902,0.010899702946911161,0.6737362146377563,0.6089939720928669,0.573585569858551,0.02094298069198031,80.0,15.624250411987305,6.298464580252767,0.46104663610458374,3.873402641323843,-0.00549581858352758,0.6163315452598035,80.0,46.32178703900799,92.66689243866503,217,0.20161199569702148,31.246898651123047,12.614106807857752,0.9588308334350586,7.737210806965082
0.014280760660767555,-0.005505633115535602,-0.02760588750243187,0.009110698231496211,0.707169771194458,0.6755498483777046,0.6343597769737244,0.015884354321954945,80.0,13.59777545928955,4.150374484807253,0.7492875456809998,2.589441481014254,-0.005503353048930877,0.6171469430513681,80.0,45.87006458780541,91.7634789080769,218,0.19579362869262695,27.210195541381836,8.325271201133727,1.5069876909255981,5.180775719439222
0.011644745245575905,-0.004965931409969926,-0.02028610184788704,0.005556072649013374,0.7894433736801147,0.7635262921452522,0.7349676489830017,0.0133024891006601,80.0,7.961213111877441,3.1923559851944447,0.7636467814445496,1.4285155774814482,-0.005520743041357491,0.6185237918682396,80.0,45.33710081903264,90.69761368778349,219,0.1955394744873047,15.933202743530273,6.409914375841618,1.583297610282898,2.853348482033154
0.01328363735228777,-0.004314263863489032,-0.018092583864927292,0.006159768502980571,0.811707615852356,0.7739991798996926,0.7417958974838257,0.013005839088814645,80.0,13.177891731262207,6.3837601616978645,1.6808098554611206,2.3680688045013505,-0.005499901320494245,0.6195155060626566,80.0,44.87928727304562,89.78196474912764,220,0.18915891647338867,26.373092651367188,12.791628789901733,3.3646750450134277,4.733777017348777
0.017810586839914322,-0.005423224798869341,-0.025404198095202446,0.007851522629161495,0.7856842279434204,0.7466066047549248,0.6932963132858276,0.023929289814878192,80.0,7.250998020172119,2.907069692760706,0.3596312999725342,1.6310352918056303,-0.0055102590695023535,0.6210361484102904,80.0,43.15244638273492,86.32833409252764,221,0.1958177089691162,14.52070426940918,5.839918005466461,0.7295854687690735,3.2641959552713624
0.013126283884048462,-0.012043478561099618,-0.03288216516375542,0.009473795323948497,0.8010303378105164,0.7449486300349235,0.6977546811103821,0.0212154169272021,80.0,9.533196449279785,3.354184766858816,0.5175265669822693,1.8316706979199442,-0.0055983399930992165,0.6216010333262383,80.0,42.464305573400104,84.95223993085327,222,0.2038583755493164,19.085615158081055,6.74735554009676,1.072862148284912,3.6606074467254404
0.012690405361354351,-0.0026644700847100466,-0.012594487518072128,0.004828537395213355,0.7779151797294617,0.7381858974695206,0.6928688883781433,0.018602010607844516,80.0,8.321921348571777,2.654546383023262,0.6759483218193054,1.5684870013711603,-0.005571236404881347,0.6227293513454497,80.0,42.15279648729786,84.32919012096524,223,0.1911604404449463,16.660411834716797,5.329185442626477,1.3592109680175781,3.1354639026308004
0.012182038277387619,-0.007214023970300331,-0.018993819132447243,0.005978331551123892,0.7836915254592896,0.7536527864634991,0.704035222530365,0.016978645231888887,80.0,6.806246757507324,2.423572310060263,0.6871160268783569,1.122443117264566,-0.00559910079179099,0.6246748223938048,80.0,41.797949753452095,83.61959129345418,224,0.1964428424835205,13.628503799438477,4.876645764708519,1.4148211479187012,2.2406064512626127
0.0068079810589551926,-0.004725384793709963,-0.02253773994743824,0.005900748317376156,0.7200229167938232,0.6835450187325478,0.636771559715271,0.019690282095810103,80.0,7.66807222366333,3.79757764339447,1.2382454872131348,1.4241041696946473,-0.0055382573208771655,0.6250514464564622,80.0,38.30107188837603,76.62572142773865,225,0.19529294967651367,15.350253105163574,7.6182769477367405,2.4844608306884766,2.8443748631991688
0.005845451727509499,-0.006557466392405331,-0.0210683885961771,0.006896503346445152,0.7259724736213684,0.68928382396698,0.6520244479179382,0.01609167526747489,80.0,28.50433921813965,10.387147714197635,1.9359897375106812,5.584851836753971,-0.005581955771485809,0.6253072431795299,80.0,37.89971285361424,75.82309588140248,226,0.19704389572143555,57.053916931152344,20.801196110248565,3.877880096435547,11.172428036454772
0.04644196853041649,-0.003993763687321916,-0.026960985735058784,0.009749062910755023,0.7098051309585571,0.6713424324989319,0.6427879333496094,0.01240480112066698,80.0,262.8531799316406,70.40511740446091,15.584132194519043,40.892257166682185,-0.005566278833430261,0.6260709145702421,80.0,38.02208485967293,76.06782379812002,227,0.19494223594665527,525.7200927734375,140.83164863586427,31.185131072998047,81.78045430947368
0.008590420708060265,-0.0030865622917190193,-0.01724116876721382,0.005221180211980484,0.698275089263916,0.6699422933161259,0.6306471824645996,0.013450106090773153,80.0,86.30665588378906,25.442180675268173,5.6675286293029785,11.878419416334644,-0.005583563467604109,0.625998269405216,80.0,35.945460510972886,71.91460822743177,228,0.19896912574768066,172.62643432617188,50.903933596611026,11.360332489013672,23.756352005008242
0.007256465032696724,-0.008716868539340793,-0.0326511450111866,0.008741503011396397,0.66923987865448,0.6411091938614846,0.5991626977920532,0.012758587935037485,80.0,109.32947540283203,50.74397890567779,19.31173324584961,20.871258285184595,-0.005625431122083683,0.6251520129702985,80.0,36.02196855950728,72.0676911408305,229,0.2020716667175293,218.67518615722656,101.51821427345276,38.68477249145508,41.73415243167679
0.003434702754020691,-0.0019503188552334905,-0.014146709814667702,0.0032008678697587833,0.6690758466720581,0.6445951484143734,0.6191418170928955,0.012401773341135635,80.0,114.30286407470703,47.71793081760406,22.27468490600586,15.387639730290987,-0.005618227519677022,0.6255175858847797,80.0,35.714384013418105,71.45251494663952,230,0.19049596786499023,228.61825561523438,95.4526538848877,44.56976318359375,30.774092984415425
0.00775466114282608,-0.0037816552154254167,-0.022890610620379448,0.005558417877438828,0.7055284976959229,0.660453750193119,0.6268478631973267,0.014143258692923402,80.0,45.60093307495117,24.152543181180953,7.676243305206299,9.339879012613345,-0.0056143830020446315,0.6240900195278227,80.0,35.24291126674786,70.509533210814,231,0.1974170207977295,91.22109985351562,48.32585886716843,15.37598705291748,18.67780005416812
0.005308525636792183,-0.0052208797133062035,-0.022474290803074837,0.005608846981361415,0.6400789022445679,0.5801139727234841,0.5371600389480591,0.020451213568409208,80.0,110.01728820800781,64.38196449279785,34.6312370300293,15.32369391972876,-0.005638248081144412,0.6225105148144067,80.0,32.45192810291425,64.92758302885294,232,0.20339322090148926,220.04579162597656,128.7859727859497,69.31004333496094,30.64517587495067
0.007491369731724262,-0.003120426833629608,-0.01514606922864914,0.004405062790432808,0.7354415655136108,0.6998924106359482,0.654080867767334,0.01818022888436029,80.0,140.3599090576172,51.08661422729492,25.072294235229492,17.777448781085962,-0.005655477461288682,0.6233385344110429,80.0,32.29748593610898,64.61874972063303,233,0.17864537239074707,280.7326965332031,102.19346780776978,50.175743103027344,35.55206622620117
0.010331505909562111,-0.005199712322792038,-0.02147291600704193,0.006420817398187664,0.70809406042099,0.670666667073965,0.6390062570571899,0.014292510311124568,80.0,35.53229522705078,14.946954756975174,5.545685291290283,6.362313965050324,-0.005647044070065022,0.6227909409590066,80.0,32.082950002793226,64.18965003019572,234,0.19767141342163086,71.07783508300781,29.91772198677063,11.103324890136719,12.721196824745073
0.005289795808494091,-0.004875978658674285,-0.017458949238061905,0.004912574046880161,0.6101490259170532,0.5719243168830872,0.5352877974510193,0.015068827575377013,80.0,71.97726440429688,46.768063807487486,26.758529663085938,9.573012424261782,-0.005651412025152239,0.6212016678564249,80.0,31.715543689016254,63.45481436353921,235,0.2098078727722168,143.98463439941406,93.55731811523438,53.526123046875,19.14502096396809
0.007402002811431885,-0.006147121475078165,-0.020522594451904297,0.0062232132645814444,0.7342472076416016,0.6870968177914619,0.651870846748352,0.018147402756100463,80.0,65.03783416748047,39.83921370506287,19.46645164489746,10.240979943779143,-0.005621175250445958,0.6207621855996549,80.0,31.796891619328406,63.61744096165895,236,0.33818602561950684,130.08941650390625,79.70446352958679,38.976531982421875,20.478241981046992
0.016011005267500877,-0.002981544903013855,-0.016006309539079666,0.0051984603443232386,0.7216079235076904,0.6937985263764859,0.6681445837020874,0.013224395509979923,80.0,21.401655197143555,11.098598039150238,5.271185874938965,4.126336099307527,-0.00555250648985384,0.6208435496874154,80.0,31.635498844627286,63.29451970273256,237,0.37917399406433105,42.81660461425781,22.217035245895385,10.555961608886719,8.251322015794758
0.0008373092859983444,-0.012233843037392944,-0.03570949286222458,0.010101873005637472,0.6673551797866821,0.5947321325540542,0.5068519115447998,0.04933139377626828,80.0,335.1513671875,146.7816212654114,42.41275405883789,55.429764587060326,-0.00561516296348418,0.619302240062505,80.0,32.789123308781534,65.60186311250925,238,0.18108129501342773,670.3873291015625,293.5996043205261,84.86445617675781,110.86048274878917
0.0057623907923698425,-0.004855403484543786,-0.017492875456809998,0.0050846752646589504,0.7501192092895508,0.7136288024485111,0.6809256672859192,0.015866938791269138,80.0,51.62508773803711,33.91433732509613,18.1550350189209,7.806848356995863,-0.005604142271768068,0.6188277829401195,80.0,33.008047255579385,66.03967947500945,239,0.3110024929046631,103.2579574584961,67.8526578426361,36.32618713378906,15.61410445462335
0.00983193889260292,-0.007708171990816482,-0.022436179220676422,0.006983722485116409,0.7458886504173279,0.7160840190947055,0.6879336833953857,0.009857916129549846,80.0,28.82779312133789,14.165966284275054,5.424559593200684,5.141096562461687,-0.005605838718591259,0.6187462882213295,80.0,32.97736421734467,65.97831516200304,240,0.33045148849487305,57.676544189453125,28.361670553684235,10.901762962341309,10.2814866431938
0.004661771468818188,-0.008319259685231372,-0.02219669707119465,0.006674560564318663,0.6547325849533081,0.6058084510266781,0.559728741645813,0.021171458466699284,80.0,34.29249572753906,14.700574064254761,6.3229522705078125,4.870416250418667,-0.005628124499518891,0.6178367984853685,80.0,33.02093903437629,66.06549117726088,241,0.3305823802947998,68.59747314453125,29.42990279197693,12.667539596557617,9.738354844202279
0.005718410946428776,-0.012047811382217333,-0.032130513340234756,0.009478382334053402,0.7387651205062866,0.6894258722662926,0.6495052576065063,0.016542439763531643,80.0,40.76555252075195,21.237030732631684,12.24429702758789,6.241605873978775,-0.005713444133580198,0.6181600948013365,80.0,33.09142959148065,66.20664939659834,242,0.33649635314941406,81.58956909179688,42.51194562911987,24.5260009765625,12.483950325119686
0.015752067789435387,-0.0063845522294286635,-0.03384728357195854,0.009333007180405683,0.7152526378631592,0.6721439465880394,0.6223950982093811,0.017281306730760015,80.0,31.19196891784668,13.908153292536735,3.749244451522827,5.8387866143806235,-0.005709799648961054,0.6185492920391261,80.0,33.03402186182514,66.09183443140984,243,0.32979726791381836,62.39707565307617,27.842518347501755,7.554673671722412,11.679489046934416
0.009006477892398834,-0.01612296603852883,-0.03862764313817024,0.010908529662968345,0.5937607288360596,0.5414105385541916,0.4866291880607605,0.02056419878495559,80.0,47.14569091796875,24.532895457744598,11.933247566223145,7.405417680508155,-0.005785835906863213,0.617202814888209,80.0,33.18644261807576,66.3968010854125,244,0.34543371200561523,94.3116455078125,49.1088648557663,23.874940872192383,14.808188454174045
0.006359601393342018,-0.007496778550557792,-0.026678457856178284,0.0072101658690978095,0.6976854205131531,0.6421065151691436,0.6118371486663818,0.017362113010631994,80.0,43.62722396850586,25.27501697540283,11.39554214477539,7.775857618575762,-0.005828348755458137,0.617254472259432,80.0,33.23879145914688,66.50158482444286,245,0.33629775047302246,87.29104614257812,50.57786936759949,22.81364631652832,15.550324126987867
0.014669239521026611,-0.007472869090270251,-0.02971820905804634,0.008298515126110928,0.694249153137207,0.6530022539198399,0.6032408475875854,0.01928277459017064,80.0,19.193777084350586,9.362398236989975,4.7660346031188965,3.395862182361971,-0.0058670431172358805,0.6178882271014153,80.0,33.198598940823224,66.42128985065222,246,0.3418138027191162,38.43083953857422,18.75280225276947,9.556200981140137,6.794710111863315
0.005884598940610886,-0.013099519378738479,-0.03691801428794861,0.009500967656816533,0.6346168518066406,0.5983401574194431,0.5624352693557739,0.016460947846539696,80.0,31.37946891784668,15.91018150448799,6.265406131744385,6.535216821050942,-0.005984834791626781,0.6171297242082655,80.0,33.0415446675159,66.10740172189473,247,0.3335685729980469,62.82304382324219,31.858528876304625,12.556238174438477,13.076227806631866
0.008306615054607391,-0.007875555515056476,-0.023449942469596863,0.007686260833059527,0.7086933255195618,0.6702285662293435,0.6287182569503784,0.01783039713286976,80.0,35.045040130615234,18.72920753955841,8.740839958190918,5.1156223245389665,-0.005994921289326157,0.6173758098073303,80.0,32.81500304130092,65.65434356087445,248,0.3381936550140381,70.1053237915039,37.487570786476134,17.51483154296875,10.232615095147413
0.024893539026379585,-0.005306686391122639,-0.023342397063970566,0.008447163384894044,0.683837890625,0.6512414731085301,0.6203033328056335,0.013596660746034633,80.0,20.879419326782227,9.883519661426543,5.014037132263184,3.2023579706145067,-0.005972136703552678,0.617705793108791,80.0,32.78763515404239,65.59956881517171,249,0.34147119522094727,41.7735481262207,19.790677440166473,10.060745239257812,6.404951429394062
0.007133612409234047,-0.005172432784456759,-0.020343178883194923,0.006127024386864667,0.6886616945266724,0.6523001655936241,0.6107375025749207,0.014885197577801377,80.0,42.056034088134766,25.401911568641662,13.643277168273926,6.6014022847494545,-0.0059988569148117675,0.6167900048606096,80.0,32.7644314748384,65.5531965791583,250,0.31888604164123535,84.11488342285156,50.82721381187439,27.317996978759766,13.200874216470586
0.008409686386585236,-0.006303224328439683,-0.02625206485390663,0.007023011932554748,0.722473680973053,0.6920873939990997,0.6537042856216431,0.01371268465796751,80.0,32.494930267333984,17.920368373394012,10.521848678588867,5.099776503391587,-0.0060155438745568965,0.6181082894094287,80.0,32.74970185104385,65.52379707533122,251,0.17945504188537598,65.00884246826172,35.86718504428863,21.071943283081055,10.197499337744738
0.011681467294692993,-0.004672541609033942,-0.018481649458408356,0.006127243027013048,0.71347975730896,0.6763563945889473,0.6467347741127014,0.015382595432932727,80.0,27.95110511779785,12.538582414388657,5.656984329223633,4.499196499238016,-0.0060291695322666795,0.6185811049081384,80.0,32.76491726550832,65.55426460975409,252,0.20783686637878418,55.91950607299805,25.100036931037902,11.341623306274414,8.998472594037136
0.013271673582494259,-0.004305799800204113,-0.021772075444459915,0.006319853235080828,0.6731582880020142,0.6149573899805546,0.567735493183136,0.022045517049351475,80.0,141.77505493164062,57.063028526306155,21.191360473632812,31.34882822890253,-0.006014412460586755,0.6190170752070844,80.0,33.08736131689325,66.19913191241027,253,0.22177505493164062,283.5606384277344,114.14696736335755,42.39347839355469,62.69566110640929
0.01583230495452881,-0.005788115435279906,-0.026503002271056175,0.007256837737069256,0.7563788890838623,0.7083732172846794,0.6744028925895691,0.01556346751311303,80.0,44.359127044677734,17.149869787693024,9.08502197265625,6.465770941514005,-0.006023414606839652,0.6196743790842593,80.0,33.20339553738013,66.43123150432109,254,0.27495288848876953,88.73345947265625,34.32548327445984,18.201618194580078,12.929975609108112
0.007067851722240448,-0.006846233713440597,-0.024388743564486504,0.006946692665947704,0.6619278192520142,0.6194180674850941,0.5719277262687683,0.01519484523012234,80.0,66.07010650634766,22.11833611726761,8.216940879821777,11.568631242801736,-0.006011201924149645,0.6194217257164418,80.0,32.982609933260825,65.98963081467151,255,0.3423600196838379,132.15286254882812,44.26275284290314,16.44072723388672,23.131366709332827
0.01600966975092888,-0.007631491526262834,-0.02558830752968788,0.008162166347208706,0.6264346837997437,0.5792827948927879,0.535056471824646,0.020534701577740594,80.0,26.7979793548584,11.351820421218871,5.3882341384887695,4.775513233794276,-0.006023436943156412,0.6192366868518292,80.0,33.01278403890505,66.0499997933507,256,0.3479743003845215,53.63416290283203,22.73048939704895,10.81033706665039,9.551446384440636
0.0020001456141471863,-0.01273364903172478,-0.02930872142314911,0.008579850481545605,0.7021312713623047,0.6691590383648872,0.6345455050468445,0.014072940659384447,80.0,130.376708984375,63.031982803344725,20.07921028137207,23.16650899731375,-0.00601865003220155,0.6180461107976735,80.0,30.362629335764794,60.74965701180697,257,0.33976125717163086,260.766357421875,126.10281710624695,40.185726165771484,46.33142021455047
0.014134684577584267,-0.006944762551574968,-0.026923533529043198,0.007004615537302463,0.6452301740646362,0.5993446961045266,0.562648355960846,0.018346752066765854,80.0,49.258113861083984,17.482256251573563,7.115171909332275,8.591375296275233,-0.006006894761871082,0.6165554025731981,80.0,29.717611473981286,59.45956796342134,258,0.3453843593597412,98.53069305419922,34.99038910865784,14.259454727172852,17.178083384022543
0.007845994085073471,-0.003846152650658041,-0.015332702547311783,0.005092931922330751,0.723854660987854,0.6797422222793102,0.6222689151763916,0.021785263807130747,80.0,110.71836853027344,46.26043515205383,20.254295349121094,16.131108051958623,-0.005972840264905244,0.6159912831522525,80.0,28.24872826713696,56.52172213393449,259,0.34857702255249023,221.44912719726562,92.54215712547303,40.52735137939453,32.260140979267625
0.006491325795650482,-0.0038971149013377728,-0.022921137511730194,0.005613937959573977,0.7268956303596497,0.6947754345834255,0.6562372446060181,0.014735955171307656,80.0,305.671875,93.44005799293518,32.9062385559082,47.94944439636629,-0.0059736822987324556,0.6158946376033128,80.0,28.458350201550875,56.94096573048831,260,0.34375429153442383,611.37255859375,186.90180425643922,65.83967590332031,95.89701445691504
0.00795796513557434,-0.012191170686855912,-0.02460746467113495,0.007753096204243975,0.6539645195007324,0.6223485790193081,0.5850427150726318,0.015137830396729415,80.0,60.983055114746094,19.08092176914215,8.057290077209473,10.221558163618935,-0.0060513083222322175,0.6149382046423851,80.0,28.337333642307673,56.69906873708964,261,0.33896851539611816,121.9803466796875,38.19867289066315,16.17568016052246,20.436877544693193
0.008245471864938736,-0.010149059252580628,-0.02934526652097702,0.008317723103905836,0.6685515642166138,0.6161044634878635,0.5777537822723389,0.017988408645095096,80.0,168.8601531982422,79.32473893165589,20.850589752197266,32.592704925676856,-0.006110781627648975,0.6138059886433185,80.0,28.9914599734582,58.007417708814145,262,0.3390967845916748,337.7325439453125,158.68209867477418,41.73594665527344,65.180681764495
0.0021107755601406097,-0.0022852810856420548,-0.0094697754830122,0.0028258095632511873,0.6418435573577881,0.5900428719818592,0.5324254035949707,0.018918816196956283,80.0,949.6755981445312,375.35679817199707,144.00408935546875,156.591086666213,-0.006085295379161835,0.6130289753638207,80.0,32.71484771836176,65.45412674799562,263,0.20322442054748535,1899.36328125,750.7299739837647,288.02899169921875,313.1798229795586
0.004388313740491867,-0.0061792816908564415,-0.021880915388464928,0.005604635619532057,0.5938584208488464,0.546702166646719,0.5048848390579224,0.018403426157961537,80.0,163.29953002929688,92.65021352767944,47.66132354736328,30.07912148258012,-0.006106625207408797,0.6127432247139514,80.0,33.58702638537065,67.19852102807164,264,0.20443177223205566,326.60968017578125,185.32371978759767,95.35011291503906,60.153496638579
0.01612916961312294,-0.006859218585304916,-0.026360461488366127,0.007635665601614768,0.6675423979759216,0.590984994918108,0.5259544253349304,0.027659204772525713,80.0,141.61978149414062,60.62965724468231,16.89226722717285,23.078944415927896,-0.006132443106791469,0.6144205134175718,80.0,34.10075505170599,68.2260635381043,265,0.20561790466308594,283.24835205078125,121.28485221862793,33.80925750732422,46.15799949711356
0.0030626002699136734,-0.014100775145925582,-0.04527859017252922,0.011987380908703263,0.6743668913841248,0.6076386064291001,0.5551474690437317,0.025291960889806512,80.0,101.54536437988281,29.703061711788177,7.503918647766113,22.268275630780526,-0.00623539478960447,0.6165871773473919,80.0,34.335341380584985,68.69548543539644,266,0.20000076293945312,203.10223388671875,59.44647809267044,15.073344230651855,44.52110923590716
0.00954508688300848,-0.0070604493375867605,-0.03579428791999817,0.00786608961279655,0.7543245553970337,0.7132003284990788,0.6843087673187256,0.016648593896135808,80.0,24.039310455322266,8.833018922805786,1.749497652053833,4.4355999974059515,-0.006236256246105767,0.619174154561013,80.0,34.38212036896124,68.78909687313437,267,0.2182321548461914,48.09377670288086,17.694422647356987,3.5849549770355225,8.863827331228764
0.022095367312431335,-0.01327271009213291,-0.04565952718257904,0.014129753356499079,0.7687580585479736,0.712598479539156,0.6625629663467407,0.025054649630178102,80.0,26.346710205078125,8.088127890229226,2.0221643447875977,5.655615639707156,-0.0063178413802525025,0.6215304033011197,80.0,34.41478606079891,68.85463855141401,268,0.19426941871643066,52.707828521728516,16.217053151130678,4.107913970947266,11.29842879763588
0.02014591544866562,-0.004965771769639105,-0.027703311294317245,0.010867786429061057,0.8008319735527039,0.7568540029227734,0.7165666222572327,0.015512672049183083,80.0,31.439239501953125,5.136711866408587,0.5262216329574585,5.480016746957888,-0.006323494220734572,0.6242566875629126,80.0,34.41800210043415,68.86113646110891,269,0.22276020050048828,62.89140701293945,10.298492220044135,1.1013164520263672,10.954831318077318
0.012019190937280655,-0.004094274819362908,-0.02246403694152832,0.007865141457090592,0.8285943269729614,0.8010740868747235,0.7703454494476318,0.013275308473341628,80.0,32.13998794555664,10.932925063371659,1.4283263683319092,6.343939633140218,-0.006318989444465841,0.6273544109724462,80.0,34.491387988645585,69.00796118088067,270,0.26762938499450684,64.29608154296875,21.890060037374496,2.881011486053467,12.686229370261263
0.017611857503652573,-0.006386684760218486,-0.03346887603402138,0.010228624892543132,0.8482996821403503,0.7965366981923581,0.7550755739212036,0.019964329910853295,80.0,12.78420352935791,4.388152527809143,0.751768946647644,2.8167978055353387,-0.006354186349315569,0.6303792954720556,80.0,34.474676068861044,68.97466823197901,271,0.31846141815185547,25.58795928955078,8.805009084939957,1.563891887664795,5.632275372293404
0.008463788777589798,-0.006129299278836697,-0.019139200448989868,0.006822294494070327,0.775067925453186,0.7327678769826889,0.6736777424812317,0.019958814186565237,80.0,10.274818420410156,4.361343094706536,1.6559488773345947,1.8858548035816005,-0.006348931744403671,0.6328528904281556,80.0,34.46339265402034,68.95214036579429,272,0.3094673156738281,20.548683166503906,8.749600109457969,3.3557136058807373,3.76418335801029
0.014113323763012886,-0.00804950639139861,-0.03242596983909607,0.00927632357986293,0.8649183511734009,0.8143720090389251,0.7680286765098572,0.023223547154660264,80.0,21.128934860229492,5.087461204826832,1.3710819482803345,4.2045660013122435,-0.00638553847518051,0.6360313614271581,80.0,34.48542316201702,68.99633816550673,273,0.3438754081726074,42.27299499511719,10.207308930158614,2.8062946796417236,8.403441488974854
0.009731318801641464,-0.011704905470833183,-0.04048505425453186,0.01027719503687116,0.7992249131202698,0.7648116841912269,0.7199840545654297,0.018767332240164854,80.0,7.233386039733887,2.614668633043766,0.7249665260314941,1.3120629318212849,-0.006451255605206825,0.6397945301756264,80.0,34.36918556274847,68.76406966246664,274,0.3497474193572998,14.482070922851562,5.268043276667595,1.4707362651824951,2.6199303298647947
0.007897047325968742,-0.01291519678197801,-0.03670411556959152,0.010129225347905233,0.7531671524047852,0.7140338137745857,0.6830644607543945,0.015846488424581816,80.0,9.807938575744629,3.8607950076460837,1.7425509691238403,1.69715061621376,-0.006517928113287779,0.6425886507146061,80.0,34.23400599605218,68.49389975889025,275,0.34099292755126953,19.62997817993164,7.761701101064682,3.5416688919067383,3.3868398186308455
0.014813702553510666,-0.008032158931018784,-0.02875780314207077,0.00959712683023266,0.8133904933929443,0.7770736545324326,0.7456769943237305,0.014029735735401632,80.0,20.97254180908203,6.151802170276642,1.6012769937515259,3.7532800154725696,-0.006544457669020631,0.6451678582504392,80.0,33.67619355291502,67.37837951256334,276,0.3344242572784424,41.95638656616211,12.335210102796555,3.257554531097412,7.499876581358558
0.04258247837424278,-0.012762278586160391,-0.03322804346680641,0.013621037548124831,0.7881858348846436,0.7431005194783211,0.7091872692108154,0.01578222877460497,80.0,31.007186889648438,7.614916934072971,1.638905644416809,5.940678704471463,-0.006618277253990529,0.6465259460955858,80.0,33.161105160553014,66.3483775191456,277,0.3411731719970703,62.02892303466797,15.27022044658661,3.3349404335021973,11.87035276033088
0.02284802868962288,-0.003572720056399703,-0.02154349908232689,0.0079468421210641,0.7120944857597351,0.678760802000761,0.647972822189331,0.013842301572644627,80.0,167.41494750976562,60.41015264987946,11.107563972473145,36.052730744106725,-0.006615604416118005,0.6470176986977458,80.0,33.622674218911676,67.27152012588084,278,0.34885478019714355,334.83795166015625,120.84102594852448,22.24864959716797,72.1040895980529
0.014492596499621868,-0.004393612348940224,-0.032103873789310455,0.007587540081366736,0.7245878577232361,0.681095115840435,0.6507276296615601,0.016316263987060875,80.0,131.55593872070312,72.07417368888855,16.19708824157715,27.538667981591207,-0.006618427701527254,0.6471990823447704,80.0,34.117810245592146,68.26180145193636,279,0.3510711193084717,263.1043395996094,144.17075624465943,32.42203903198242,55.07431832887025
0.005749383941292763,-0.009486885677324608,-0.030141383409500122,0.00781394043548251,0.6804490089416504,0.6433330617845059,0.611210286617279,0.016894970656846645,80.0,63.897987365722656,24.821407788991927,7.3838887214660645,11.159422604273466,-0.006659957265947014,0.6469439029097557,80.0,33.977085113901644,67.98042914892733,280,0.3595297336578369,127.80841064453125,49.6746565580368,14.802635192871094,22.3144204644476
0.013606580905616283,-0.005806891020620241,-0.022650131955742836,0.006275192772589125,0.6953999400138855,0.6508467443287372,0.6193766593933105,0.016923630536743343,80.0,111.01287078857422,62.27013738155365,25.928579330444336,17.970279104325563,-0.006657232799159829,0.64731855558604,80.0,34.45372659196332,68.93371415545046,281,0.3424813747406006,222.0404815673828,124.5649061203003,51.89714813232422,35.93765648322315
0.006886826828122139,-0.005815246870042756,-0.02557935006916523,0.0058087706452660945,0.6225924491882324,0.5630294926464557,0.5273550748825073,0.017620259930277535,80.0,76.71292877197266,39.10545961856842,17.026023864746094,14.486245903727864,-0.006678201999224257,0.6467648031264542,80.0,34.54557096042112,69.11743375493586,282,0.352738618850708,153.43838500976562,78.23381037712097,34.069862365722656,28.96907341749177
0.011070704087615013,-0.006721155031118542,-0.02184772491455078,0.006627771774015959,0.6075977087020874,0.5647875651717186,0.5080029368400574,0.01931504132387072,80.0,42.20295715332031,15.095338070392609,3.5260813236236572,7.99349691872189,-0.006653178918350022,0.6465879362523554,80.0,34.59475651844218,69.21575129009784,283,0.3141157627105713,84.41815185546875,30.215414440631868,7.098682403564453,15.982871982433524
0.005007952451705933,-0.005913212505402043,-0.018282407894730568,0.005708824421212873,0.5933088064193726,0.5588691286742687,0.5024696588516235,0.019797930325473636,80.0,46.283607482910156,25.05347658395767,12.519710540771484,7.701882834238512,-0.0066747844362398615,0.6465191927403212,80.0,34.58295965536311,69.19219940520823,284,0.3106997013092041,92.57964324951172,50.12995686531067,25.05351448059082,15.401842248059083
0.006307734176516533,-0.004097664018627256,-0.026594623923301697,0.0055259350783344085,0.6744219064712524,0.625457476824522,0.5818620324134827,0.019568042927420294,80.0,89.38905334472656,26.42232076525688,4.716405391693115,18.5891691074106,-0.006634847125620581,0.6468834373429417,80.0,34.749396027285606,69.52499956251681,285,0.38248515129089355,178.79066467285156,52.86534625291824,9.482015609741211,37.173733469779705
0.005502471700310707,-0.0046096562989987435,-0.02153148502111435,0.004968278936436576,0.6825417876243591,0.6383581683039665,0.5967843532562256,0.020083411376100646,80.0,121.65988159179688,23.018908828496933,4.97899866104126,19.95119507629919,-0.006648453387664632,0.6475426929220558,80.0,34.6719317597933,69.37011142231523,286,0.35080718994140625,243.3343963623047,46.059804034233096,10.00607967376709,39.89904926877697
0.022983495146036148,-0.008236814226256684,-0.02576591819524765,0.008611764217734297,0.7142245173454285,0.672032081335783,0.6247746348381042,0.018463629450323038,80.0,16.52301025390625,6.556287379562855,1.355787992477417,3.3619132400809435,-0.006666610308806412,0.6490454849898815,80.0,34.33519249645248,68.69669926725328,287,0.3471701145172119,33.059425354003906,13.142489013075828,2.76678729057312,6.718286605480999
0.011946147307753563,-0.006337792682461441,-0.028302418068051338,0.00847847717756481,0.7475968599319458,0.7067769356071949,0.6680723428726196,0.019247980844576094,80.0,18.24938201904297,5.530219221115113,1.455971360206604,2.938045301025048,-0.006673785863269587,0.6504024538323283,80.0,34.16700697949901,68.36036971946059,288,0.34650254249572754,36.51814270019531,11.087249526381493,2.9125494956970215,5.872018661187706
0.016347695142030716,-0.009097829496022313,-0.024831723421812057,0.009697949865537868,0.7336500287055969,0.6899887658655643,0.6462757587432861,0.01968438173177195,80.0,7.975154399871826,3.1274903383105994,0.40747150778770447,1.7948861647070544,-0.006643297764414457,0.6510499432161452,80.0,33.93331565630436,67.89293904164433,289,0.3341548442840576,15.965559959411621,6.286976082623005,0.859101414680481,3.591228020083852
0.012529123574495316,-0.01035922096343711,-0.030122336000204086,0.009009458713224965,0.7906248569488525,0.7567977428436279,0.7031948566436768,0.020649231232642576,80.0,11.928927421569824,4.543622422218323,0.9517078399658203,2.166777753939188,-0.006639780994388275,0.6527321211993695,80.0,33.94092453850061,67.90818341620266,290,0.35175061225891113,23.882057189941406,9.12309927046299,1.9574902057647705,4.327788419703776
0.010986285284161568,-0.006777304603019729,-0.030707724392414093,0.008797013002396886,0.7663267850875854,0.7316644094884396,0.678209662437439,0.018789524543593446,80.0,13.479415893554688,3.5153197973966597,0.7310477495193481,1.9458828956440337,-0.0066617365766433075,0.6540311029702426,80.0,33.920608933337036,67.86762209664285,291,0.3477342128753662,26.963603973388672,7.058827519416809,1.5146350860595703,3.887935127435723
0.00839659757912159,-0.006254483672091737,-0.0202163178473711,0.00659458078403062,0.7728085517883301,0.717591368407011,0.6695078611373901,0.024422059366273906,80.0,7.016953945159912,2.811503367498517,0.49462345242500305,1.4345817047824099,-0.006689117156201974,0.6554881344139577,80.0,33.90137760172412,67.82924333496392,292,0.33931851387023926,14.048161506652832,5.6498675242066385,1.0286519527435303,2.8641831066201546
0.015939494594931602,-0.005724944366374984,-0.027422219514846802,0.008782914478748245,0.7740651965141296,0.7359835542738438,0.6861738562583923,0.01987015269481345,80.0,4.323092460632324,1.826651754975319,0.5694365501403809,0.8399415477125494,-0.006718177589238621,0.6568698116615416,80.0,33.835538742486385,67.69765137162804,293,0.35481810569763184,8.651578903198242,3.679473081231117,1.1868500709533691,1.6750486181382287
0.002977795898914337,-0.009510817093541846,-0.032431621104478836,0.007865480671736612,0.8201700448989868,0.7686640031635761,0.7352577447891235,0.01749384790417465,80.0,6.400853633880615,2.786970329284668,1.0606999397277832,1.0661109951369117,-0.006787425073212944,0.6581664120480418,80.0,33.78761913450435,67.60197658246756,294,0.3570075035095215,12.815935134887695,5.608335527777672,2.1579134464263916,2.1273402609066743
0.012411210685968399,-0.007547560852253809,-0.030226359143853188,0.009337053123577544,0.7582244873046875,0.7109604850411415,0.6538950800895691,0.02200692508545137,80.0,7.311572074890137,3.2530289828777312,1.4353296756744385,1.2197265003153037,-0.006761374485387932,0.658387765198946,80.0,33.78564983274787,67.59799030485749,295,0.35375380516052246,14.631728172302246,6.535372325778008,2.880885124206543,2.4330910748323014
0.010890185832977295,-0.0015868113201577216,-0.02365240827202797,0.006565693841705386,0.8240294456481934,0.7718810185790062,0.7351443767547607,0.02066960505991654,80.0,506.6130676269531,291.85014295578003,78.41305541992188,111.16040474536996,-0.006729189916455651,0.6590437969267369,80.0,36.66321677543968,73.35307292826474,296,0.35225772857666016,1013.2354736328125,583.7188959121704,156.84922790527344,222.32052548988347
0.010260269045829773,-0.010360160749405623,-0.03162844851613045,0.010753900429390475,0.7984281778335571,0.7635739304125309,0.7190507054328918,0.015588580215936993,80.0,68.53984069824219,34.04998814463615,7.9625115394592285,14.834700479839213,-0.006781000042392407,0.6600426161438228,80.0,36.89891793560236,73.82459884198009,297,0.35584044456481934,137.1143798828125,68.1359678030014,15.92617416381836,29.66713031847804
0.01344756968319416,-0.004193428211146965,-0.03335841745138168,0.008516725709377792,0.7116090059280396,0.6638775952160358,0.6335333585739136,0.015185215206063519,80.0,5701.04443359375,1773.3948829650878,376.2416076660156,999.8599783625804,-0.006694033241947181,0.660254289597273,80.0,54.52173312272876,109.07005961598456,298,0.3560161590576172,11402.1015625,3546.8114402771,752.5025634765625,1999.7152065744033
0.0016060322523117065,-0.001649906614329666,-0.011322969570755959,0.002311244022102292,0.7619131207466125,0.7293573595583439,0.7036722898483276,0.011966652746023605,80.0,790.7503051757812,458.9932447433472,140.7396240234375,139.8765146243684,-0.006647556724085006,0.6605571218952538,80.0,59.07872899019718,118.18396449440719,299,0.34604740142822266,1581.517822265625,918.0043804168702,281.498779296875,279.75320255951806
0.010654080659151077,-0.004213265614816919,-0.02096305601298809,0.006992226713844754,0.7052515745162964,0.6631910912692547,0.6266921758651733,0.01477919364159831,80.0,4072.18896484375,1491.923644065857,118.24835205078125,971.6095837377223,-0.006615619592485017,0.6606787868589165,80.0,73.85332374939323,147.73309275472167,300,0.296140193939209,8144.416015625,2983.868996810913,236.52447509765625,1943.2201175371022
0.00864998996257782,-0.003077377623412758,-0.019339025020599365,0.004756700958572688,0.6804831624031067,0.6536904506385326,0.6143866777420044,0.014309463496077836,80.0,4199.0546875,1907.622826385498,473.45538330078125,872.172393424507,-0.006615934569155797,0.6607830554619433,80.0,92.87398037301004,185.77440869233016,301,0.28971266746520996,8398.123046875,3815.2648788452148,946.9441528320312,1744.344198237237
0.0048244427889585495,-0.0015367753978352994,-0.011497052386403084,0.0035492850301829617,0.6624170541763306,0.6314540125429631,0.6033808588981628,0.012589481826082641,80.0,3578.69384765625,1880.1691162109375,554.0011596679688,784.5775552596608,-0.006570637568423989,0.661468294478953,80.0,111.65120271903277,223.32877663443986,302,0.35447216033935547,7157.41259765625,3760.3539489746095,1108.0194091796875,1569.1548320162294
0.005379226058721542,-0.004028836434008554,-0.014184273779392242,0.004389091505497265,0.6609907150268555,0.6290678001940251,0.5937337875366211,0.013990854009873368,80.0,1503.4718017578125,399.75151977539065,45.16271209716797,567.3129918899914,-0.006534339145815466,0.6631207834668458,80.0,115.48647208833695,230.99927585731447,303,0.35160112380981445,3006.955810546875,799.523681640625,90.34877014160156,1134.6251972115558
0.009077399969100952,-0.0032128770370036365,-0.020778121426701546,0.004774798008315564,0.6657759547233582,0.6380220234394074,0.610014796257019,0.01315134837928124,80.0,4675.60107421875,1444.0171907901763,49.5145149230957,819.4238107451945,-0.006471561818616464,0.6642662568502127,80.0,129.73580755186083,259.4978442194313,304,0.3540618419647217,9351.2158203125,2888.0535760879516,99.03938293457031,1638.8480384726581
0.0018151681870222092,-0.0007205938629340381,-0.005978325381875038,0.0014231864513550463,0.6753860116004944,0.6309864021837711,0.5878065824508667,0.0168203177695689,80.0,106.5910415649414,42.09034743309021,21.044782638549805,15.358154775248797,-0.006440225665457547,0.6648269797749816,80.0,129.87713327109813,259.7804441985935,305,0.3299105167388916,213.19500732421875,84.19475560188293,42.11408233642578,30.715634858493214
0.011721750721335411,-0.0026624408550560475,-0.016000736504793167,0.00489327884088184,0.6332156658172607,0.6084297582507133,0.5792780518531799,0.011785000216462824,80.0,116.44764709472656,48.88626320362091,24.54517936706543,16.342444193619656,-0.006373687725048513,0.6644481408856808,80.0,130.0751396843195,260.17631637690965,306,0.3655269145965576,232.90713500976562,97.79001989364625,49.078857421875,32.68427356241363
0.008607424795627594,-0.003774992423132062,-0.01728038862347603,0.004796467306906152,0.6558708548545837,0.6342656649649143,0.6055404543876648,0.010598112935313216,80.0,100.20362854003906,55.686997413635254,25.068113327026367,15.307295276464746,-0.006302734230412171,0.6638671341650187,80.0,130.34790596961975,260.7216954238266,307,0.3577766418457031,200.42013549804688,111.39423069953918,50.16718292236328,30.612777058909504
0.009024616330862045,-0.0017803079332225024,-0.01188616082072258,0.004025353578653423,0.6500377655029297,0.6093956969678402,0.561901867389679,0.018325544477901367,80.0,74.06838989257812,41.59494225978851,20.866281509399414,11.572729530286555,-0.006295696134038735,0.663365058455616,80.0,130.20964217710494,260.4451437156051,308,0.31655454635620117,148.14874267578125,83.20563335418701,41.753597259521484,23.144737119631618
0.009508784860372543,-0.0026601672696415337,-0.015239200554788113,0.004234223752461168,0.6393387317657471,0.6079490587115288,0.5619118809700012,0.015118453895312432,80.0,102.6663818359375,55.69076173305511,21.957706451416016,16.42150741940048,-0.006297886553162244,0.6630896289385855,80.0,130.20079911112785,260.4274564497322,309,0.3064754009246826,205.34451293945312,111.39900221824647,43.942020416259766,32.84229637900589
0.004204021766781807,-0.0018113512429408728,-0.012748822569847107,0.0032944115049091246,0.638788104057312,0.5930126748979092,0.5570135116577148,0.01716450533262797,80.0,136.3774871826172,62.32892248630524,30.323192596435547,19.55454039724563,-0.006252432107459753,0.6633790501467882,80.0,130.59909847301245,261.22397004745903,310,0.30966997146606445,272.7672119140625,124.67332744598389,60.65692138671875,39.10743474830161
0.006088550202548504,-0.0035009378334507346,-0.014861948788166046,0.004536162744465035,0.6476668119430542,0.6164744079113007,0.5911393165588379,0.014277192380129786,80.0,61.503196716308594,33.61952579021454,17.06279754638672,10.62868072199308,-0.006246360423741862,0.663784773658961,80.0,130.6741307286024,261.37403051970904,311,0.31217169761657715,123.0189208984375,67.25838222503663,34.13721466064453,21.25501196706477
0.005390271544456482,-0.004862213396700099,-0.017996393144130707,0.005517163020752093,0.6036088466644287,0.5569566957652569,0.5069405436515808,0.020132539198001124,80.0,311.348388671875,147.81096630096437,77.5018081665039,40.22014018030248,-0.006278867687273305,0.6644635040611027,80.0,125.86254843986035,251.7509444467873,312,0.30756306648254395,622.7113037109375,295.6427949905395,155.0274200439453,80.43914626975318
0.01080932468175888,-0.007114939228631556,-0.023399993777275085,0.006497219389774468,0.6377400755882263,0.6019291676580906,0.5581280589103699,0.015195874105975286,80.0,108.3757095336914,48.92491393089294,26.517608642578125,19.133548275600177,-0.0063033255655900585,0.666001698259264,80.0,126.14105868476628,252.30804461233322,313,0.30794858932495117,216.76846313476562,97.876096200943,53.06550598144531,38.263097666144866
0.0021497607231140137,-0.0042943217151332645,-0.018522977828979492,0.004141962022795721,0.5990960597991943,0.5568760499358177,0.5234496593475342,0.014303677219035828,80.0,279.9786376953125,84.2706109046936,41.62989807128906,39.5911173066176,-0.006310241835948546,0.6665328550189733,80.0,126.45092841762303,252.92780854539578,314,0.30979228019714355,559.96826171875,168.56094875335694,83.27897644042969,79.17854220839169
0.004771145060658455,-0.003165262518450618,-0.016344357281923294,0.003909182484620685,0.5940918326377869,0.5421434670686722,0.501021146774292,0.01807660751765429,80.0,190.64773559570312,56.87377809286117,15.35422420501709,36.146958046556975,-0.006265819923777599,0.6662898071557283,80.0,126.95213494163751,253.93012788720432,315,0.3109860420227051,381.3058776855469,113.76472942829132,30.724428176879883,72.29036182830565
0.012795213609933853,-0.00505145774804987,-0.025387169793248177,0.00721579389487711,0.578190267086029,0.5381653305143118,0.48357388377189636,0.01928051856670596,80.0,289.5224914550781,71.11196584701538,18.45697593688965,39.91447963740032,-0.006247128275688737,0.6653911852203309,80.0,127.60992100558056,255.24564466463778,316,0.3102281093597412,579.0557250976562,142.244798374176,36.91913604736328,79.82698267718607
0.009763014502823353,-0.005350112792802975,-0.02066253498196602,0.0062369289482787655,0.5805329084396362,0.5299495082348585,0.4914252460002899,0.017008319829029887,80.0,147.444091796875,60.619302892684935,20.077491760253906,30.93025646660816,-0.0062756401686347085,0.664600740581751,80.0,128.1531293887049,256.33210264565054,317,0.4837374687194824,294.8982849121094,121.25990490913391,40.18461608886719,61.85657609902983
0.014007050544023514,-0.00369031117297709,-0.01611567847430706,0.005426967448714527,0.5869222283363342,0.5398156754672527,0.4961850643157959,0.018210131347820603,80.0,67.34657287597656,20.15680578649044,3.569885015487671,11.153811051162457,-0.006257486949209123,0.6632433988526465,80.0,128.31319370172173,256.65216781540215,318,0.34001684188842773,134.7026824951172,40.33178817629814,7.16070032119751,22.304823884642484
0.010849352926015854,-0.006454625993501395,-0.02283450961112976,0.007272615022390967,0.6483132243156433,0.6004783369600772,0.5477381348609924,0.02187386471197206,80.0,40.29184341430664,15.73039478957653,2.86265230178833,8.371972454850424,-0.006272373895044438,0.6616129193007947,80.0,128.43857408976552,256.902925757885,319,0.3455662727355957,80.5946044921875,31.485708624124527,5.773221969604492,16.738787818144843
0.02837461046874523,-0.003203052157186903,-0.01937253214418888,0.007847069149811894,0.720429539680481,0.6642154045403004,0.617058277130127,0.017246858420561742,80.0,76.40727996826172,18.874611961841584,4.625458240509033,15.983308093590868,-0.006261261777981417,0.6605150815472007,80.0,128.56348260776696,257.1526986136437,320,0.3365941047668457,152.83470153808594,37.76891436576843,9.27950668334961,31.964895793678163
0.027006573975086212,-0.008814488560892642,-0.03578352555632591,0.010373951100354065,0.7219304442405701,0.6809671685099602,0.6374061703681946,0.01737714917979455,80.0,9.209707260131836,2.094152611866593,0.4913248121738434,1.7652911550264647,-0.006295174415601651,0.6598586871847512,80.0,128.55535343695803,257.1364949693531,321,0.33495140075683594,18.432174682617188,4.219553576409817,1.0484111309051514,3.5265210740658786
0.04227161779999733,-0.003054546157363802,-0.022516023367643356,0.010011582168860226,0.7556456327438354,0.6853881791234017,0.6340065002441406,0.02214425099886468,80.0,28.74260711669922,11.684849171340465,1.7820422649383545,4.902284454789546,-0.006205285091564292,0.6592630826756359,80.0,128.63866008100285,257.30291656693817,322,0.3328053951263428,57.4967155456543,23.389515298604966,3.5597457885742188,9.804872939232485
0.01386723481118679,-0.0036575217440258712,-0.02453165128827095,0.008126923246048712,0.7734391689300537,0.7395305901765823,0.6938770413398743,0.01711672753656825,80.0,23.427934646606445,7.024200433492661,1.1429941654205322,4.022895226145482,-0.006215215608157449,0.6592765296027064,80.0,128.68235662150752,257.39032977794113,323,0.35573291778564453,46.86930465698242,14.070506542921066,2.3197555541992188,8.0440378233279
0.008891758508980274,-0.010455794492736458,-0.029671624302864075,0.009076783194228898,0.8194977045059204,0.7848316200077534,0.731887698173523,0.015972333272619432,80.0,12.463082313537598,4.738210825622081,0.5056473016738892,2.5686680349108424,-0.006247633313381812,0.659588317938149,80.0,128.70550300666318,257.4366936190873,324,0.3394463062286377,24.95106315612793,9.513029879331588,1.0528793334960938,5.130472116450271
0.008835304528474808,-0.007610043435124681,-0.031501997262239456,0.008193291093894484,0.8327524662017822,0.7891610927879811,0.755194902420044,0.01730765660778495,80.0,15.21349811553955,7.0716567724943165,1.4933512210845947,3.312597924248578,-0.006276479899795959,0.6606444786787031,80.0,128.73824379795417,257.502254018858,325,0.17661213874816895,30.435298919677734,14.174316924810409,3.025930881500244,6.619002023199248
0.012852134183049202,-0.00446605070901569,-0.02171667292714119,0.00676188513108221,0.8732730150222778,0.7999275796115398,0.7242687940597534,0.028912429527833808,80.0,14.963882446289062,3.9284881301224233,0.8827261328697205,2.4754345647054445,-0.006255565742962064,0.6617509162351489,80.0,128.67365720211342,257.37306112663447,326,0.17081809043884277,29.94405746459961,7.881906887888908,1.79347562789917,4.947378309751631
0.007170900236815214,-0.007444479147670791,-0.0226081945002079,0.006431774966059703,0.7979945540428162,0.7570428632199764,0.7184135913848877,0.018644832514587702,80.0,12.194991111755371,4.001649598777294,1.2528952360153198,2.397747560465784,-0.006290072897565552,0.6626079205423594,80.0,128.00962252405657,256.0450779305845,327,0.16926956176757812,24.400699615478516,8.033329030871391,2.558215618133545,4.789445224409509
0.01377086341381073,-0.005561814556131139,-0.017919018864631653,0.0064177365064771565,0.8076633214950562,0.7685519509017468,0.7310007214546204,0.016747507263701836,80.0,11.971632957458496,4.206546270847321,1.1711684465408325,2.4645434477450547,-0.006314825420209673,0.6635940171182156,80.0,127.79726618001236,255.62043446655568,328,0.17687606811523438,23.958179473876953,8.439587193727494,2.3881003856658936,4.9232289689699416
0.008435269817709923,-0.008295962831471115,-0.02415396273136139,0.0074995122565515975,0.8062218427658081,0.763779766857624,0.721107006072998,0.01856121689583031,80.0,5.0198140144348145,2.2569696210324763,0.654686450958252,0.9714437899941353,-0.006310616363130976,0.6648207228481771,80.0,127.31239608716591,254.650710391432,329,0.2144181728363037,10.062702178955078,4.545806761085987,1.3315414190292358,1.9358639340077604
0.003464728593826294,-0.010578854655614122,-0.027457986027002335,0.007922877083328186,0.7399051189422607,0.7074662916362285,0.6654767394065857,0.016438712519279145,80.0,39.27699279785156,12.273052236437797,3.3275949954986572,6.383859068469802,-0.006396901721134782,0.6654494342803956,80.0,126.95794730135425,253.94199796745175,330,0.20470714569091797,78.57615661621094,24.58141148686409,6.674973487854004,12.7679981386403
0.007716715335845947,-0.006350765016395599,-0.021748723462224007,0.0064746283302107716,0.7659581899642944,0.7324973292648792,0.6720134019851685,0.020488228377793564,80.0,9.175237655639648,2.6299516052007674,0.7736193537712097,1.6207488470737066,-0.006422592819144484,0.6661698700711131,80.0,126.74272138559445,253.5116119256466,331,0.21875858306884766,18.36608123779297,5.287254686653614,1.577337384223938,3.2360868939180834
0.0032405396923422813,-0.010581764945527539,-0.02932659164071083,0.008173263898517111,0.7537874579429626,0.7082838639616966,0.6705684661865234,0.018820708798784804,80.0,13.705290794372559,4.873892700672149,2.243467092514038,2.208300394685951,-0.006476201671466698,0.6674515689834951,80.0,126.1476406676732,252.32158334349094,332,0.1996171474456787,27.429567337036133,9.783114570379258,4.555475234985352,4.408314251065145
0.012842293828725815,-0.005727935099275783,-0.026100989431142807,0.008129419401495556,0.6915278434753418,0.6279250554740429,0.559120774269104,0.027383793694294754,80.0,65.8463363647461,29.344453358650206,6.761992931365967,12.304452423128682,-0.006502276754123159,0.666731895431876,80.0,125.93021905898675,251.8867778719514,333,0.18973755836486816,131.68968200683594,58.712920653820035,13.547563552856445,24.607090088892058
0.0017882250249385834,-0.007868814881658182,-0.03642039746046066,0.010508626662808563,0.5773766040802002,0.5280939880758524,0.4720569849014282,0.02481011044594226,80.0,586.9267578125,233.33655519485472,65.7504653930664,83.36743170412322,-0.00652896777971182,0.665306168641895,80.0,128.11411506336555,256.25459477363523,334,0.1901552677154541,1173.8614501953125,466.6994121551514,131.5104522705078,166.72954962815732
0.007343333214521408,-0.00664731435244903,-0.01961527392268181,0.006942789624131351,0.5614351034164429,0.5117417376488447,0.46324867010116577,0.020104517233956582,80.0,46.319602966308594,23.49497412443161,5.0166215896606445,9.30479364603562,-0.006546681136649568,0.6647043428495526,80.0,127.88138416653499,255.78915637157854,335,0.19558000564575195,92.64973449707031,47.01347790956497,10.07507038116455,18.60502092099557
0.0026405788958072662,-0.006747445103246719,-0.018984366208314896,0.004913855025155479,0.5338659286499023,0.48196537867188455,0.43078845739364624,0.019117724104617286,80.0,47.94550323486328,16.421014308929443,6.081758975982666,8.607075703193876,-0.006552684372931253,0.6626530284583569,80.0,127.64720217257366,255.32076336382332,336,0.196746826171875,95.90129852294922,32.86516275405884,12.194415092468262,17.209516637990294
0.0032676607370376587,-0.007604714966146275,-0.02512367069721222,0.00707226014521398,0.48036256432533264,0.43297103233635426,0.3882489800453186,0.01846989922634338,80.0,68.34419250488281,29.869868791103364,9.85105037689209,13.210070117969495,-0.006598916073562578,0.6600447535179557,80.0,127.83491488009318,255.69622907327113,337,0.2020120620727539,136.6966094970703,59.76360619068146,19.73773193359375,26.41295565927223
0.0040649548172950745,-0.006840674363775179,-0.027616970241069794,0.00688988139660814,0.5072281956672668,0.466936020553112,0.4112740159034729,0.01861301458939049,80.0,20.08853530883789,6.231744526326656,1.0547016859054565,3.5101665865322085,-0.0065449843868264,0.6587667923979461,80.0,126.42941611270234,252.8850981208533,338,0.19316673278808594,40.18134307861328,12.486509078741074,2.1398258209228516,7.014189319345297
0.0020943842828273773,-0.007934003724949434,-0.021332858130335808,0.006031912684833961,0.6226342916488647,0.5726373694837094,0.5256639719009399,0.021507101073411236,80.0,46.42089080810547,21.888622105121613,4.6779985427856445,7.1933716350628325,-0.006575770389230457,0.6573568780682981,80.0,126.30915896050261,252.6446171920747,339,0.19841432571411133,92.86046600341797,43.804564964771274,9.376696586608887,14.38329655342089
0.014853771775960922,-0.005809932015836239,-0.019320493564009666,0.006755635881242165,0.5215630531311035,0.4847890596836805,0.44072771072387695,0.016480258723658926,80.0,27.109466552734375,6.053159359842539,0.9999825358390808,4.280680379690327,-0.006556787989480653,0.6550439284741878,80.0,126.22803089125827,252.4822768297941,340,0.19995474815368652,54.231712341308594,12.127634325623513,2.0363540649414062,8.558675850733115
0.029347281903028488,-0.008383095526369289,-0.02514355629682541,0.010738794508821599,0.5949091911315918,0.5492627680301666,0.5045326948165894,0.019679147217727438,80.0,8.95069408416748,2.6052032731473447,0.44458937644958496,1.8131925127832,-0.006557426347892034,0.6544784716442227,80.0,126.10707718334722,252.2403593819067,341,0.19532465934753418,17.949993133544922,5.238158003240824,0.932658851146698,3.6285278012037376
0.016668956726789474,-0.005975549545837566,-0.02722153440117836,0.007557886960088063,0.6351273655891418,0.5941862896084785,0.5553524494171143,0.017251562557260618,80.0,10.96670150756836,5.270950393378735,0.644020140171051,2.472534908290411,-0.006496703729528236,0.6535260758176444,80.0,125.94741637995466,251.9208972817734,342,0.1983201503753662,21.938838958740234,10.56573561578989,1.3071727752685547,4.941689086660754
0.018913984298706055,-0.0066966890939511355,-0.02190244384109974,0.008192874360285266,0.7073984146118164,0.6651001013815403,0.6140530109405518,0.020337970302865445,80.0,13.556577682495117,5.0166241429746155,0.40916523337364197,2.6153663875115343,-0.0064998250981734606,0.6534556373655795,80.0,125.85850108845904,251.74307153496886,343,0.1955263614654541,27.131303787231445,10.059943667054176,0.8250012397766113,5.231731524895807
0.013299982063472271,-0.005595914751756937,-0.02772170677781105,0.00824348660634756,0.7107627391815186,0.6603781461715699,0.6029529571533203,0.021976098974122598,80.0,11.590179443359375,3.669082982838154,0.725888192653656,2.2704183427012055,-0.006394554585305741,0.6546453134417533,80.0,125.64986296370996,251.3256085404679,344,0.18957853317260742,23.192527770996094,7.362565405666828,1.5202221870422363,4.53522699919977
0.013819372281432152,-0.006770167517242953,-0.024695992469787598,0.007340653154132951,0.7784174680709839,0.7086272954940795,0.5840417146682739,0.03745782100807092,80.0,3.098607301712036,1.2081343807280063,0.37607380747795105,0.6196379713613711,-0.006387288474972592,0.6553105212450027,80.0,125.40919413776322,250.84426966312523,345,0.2009119987487793,6.214566707611084,2.443981633335352,0.7825790643692017,1.2338064707915748
0.017745692282915115,-0.00713752782321535,-0.028607605025172234,0.009871032119084537,0.7576861381530762,0.7183182500302792,0.676876425743103,0.016287209402162852,80.0,11.087675094604492,2.4445325553417208,0.5487958788871765,1.9424271281164762,-0.006383935062302043,0.655963681206107,80.0,125.34001548094675,250.70591870604454,346,0.24763774871826172,22.196086883544922,4.9177065446972845,1.1312451362609863,3.883780128566354
0.01458905078470707,-0.008557164890225977,-0.027894945815205574,0.008118548710715939,0.7264155149459839,0.6977242402732372,0.6574645638465881,0.014603391535407705,80.0,8.27415943145752,4.008234313130378,1.1548148393630981,1.7391780099268281,-0.006338511517416917,0.656957522034645,80.0,125.22099600903319,250.4678087918013,347,0.31518006324768066,16.560359954833984,8.047537451982498,2.3620810508728027,3.4719394614854715
0.009686125442385674,-0.010899035510374234,-0.03629195690155029,0.009641596551095529,0.765527606010437,0.7116919860243798,0.6521749496459961,0.023595412058397252,80.0,5.229375839233398,1.897746352851391,0.5977276563644409,0.8910083690515235,-0.006368746317370094,0.6573721562325953,80.0,125.05268139716611,250.13124833013117,348,0.3127555847167969,10.469820022583008,3.831524619460106,1.2271685600280762,1.7742342312999297
0.009709730744361877,-0.009624448194517753,-0.03390905261039734,0.009730426996346873,0.7639234066009521,0.7081506580114365,0.6470924615859985,0.02574174297729726,80.0,4.552664279937744,1.6996357329189777,0.5053766965866089,0.9162779586268188,-0.006411923935404047,0.6579412480816244,80.0,124.97084255788104,249.96766838923094,349,0.3088955879211426,9.120168685913086,3.4326833501458167,1.0196117162704468,1.8235278587631356
0.04972636327147484,-0.013737318629864603,-0.03890096768736839,0.018373617833476318,0.781605064868927,0.7429380618035794,0.7074857354164124,0.015747142898399662,80.0,76.76654815673828,25.21576595902443,5.511887073516846,17.623295037588832,-0.006497572793858125,0.658847627043724,80.0,124.96898110178486,249.9641349052489,350,0.3089888095855713,153.54672241210938,50.47386541366577,11.113874435424805,35.23549672136041
0.008676229976117611,-0.008327731431927532,-0.03150131553411484,0.007056295981154416,0.7175641655921936,0.6806121334433556,0.6392464637756348,0.017023669484092306,80.0,14.378660202026367,3.883442722260952,1.7804640531539917,1.9012554599609501,-0.006517817864893004,0.6587328744381666,80.0,124.82861184527354,249.6834345866442,351,0.34482860565185547,28.77060317993164,7.797153183817864,3.6096246242523193,3.7971767033553796
0.020450524985790253,-0.006812328670639545,-0.025493795052170753,0.008815615280604252,0.7851531505584717,0.7439995892345905,0.7084952592849731,0.013934782092519967,80.0,113.61274719238281,35.597770953178404,10.096796035766602,23.10761499265409,-0.006539215735509061,0.659409306384623,80.0,125.05920373066141,250.14467468154436,352,0.32259202003479004,227.24917602539062,71.22404642105103,20.234485626220703,46.21247977980206
0.016216982156038284,-0.010658170143142343,-0.036047860980033875,0.010738295337621438,0.6683050394058228,0.6208515897393226,0.5541315674781799,0.02305969416765086,80.0,36.57191467285156,19.248057776689528,4.323352813720703,7.1819140106955395,-0.006602739438938443,0.6594682483822106,80.0,124.68105402316525,249.38850349688536,353,0.26818346977233887,73.21365356445312,38.52984889745712,8.700989723205566,14.36245120626819
0.0007017515599727631,-0.014508820162154734,-0.030933208763599396,0.009672895135691854,0.6147481203079224,0.5542100198566914,0.484897255897522,0.027034453214938838,80.0,27.50518035888672,12.140954595804214,3.296562671661377,5.5452588940000185,-0.00668994648620719,0.6579266164079308,80.0,124.63096487124636,249.28846877336503,354,0.31282591819763184,55.02346420288086,24.322010922431947,6.626608848571777,11.09439075775011
0.005678895860910416,-0.0063280616712290795,-0.01551102101802826,0.004922276743686474,0.5749659538269043,0.5206808682531119,0.46531885862350464,0.023390688398245853,80.0,77.127197265625,33.12504647970199,14.348498344421387,11.641553728536268,-0.006684764765785075,0.6569392444156109,80.0,124.7410319748707,249.50857287597657,355,0.31050872802734375,154.26422119140625,66.27316310405732,28.696264266967773,23.28066077777798
0.0032535484060645103,-0.0070853621233254675,-0.01893548108637333,0.005439219417346109,0.47066211700439453,0.42969757243990897,0.38462725281715393,0.018157829636907034,80.0,74.43142700195312,45.08872542381287,14.632501602172852,11.839527058783805,-0.006679303471755702,0.6554433921910823,80.0,125.07840102489664,250.18327014350893,356,0.31464290618896484,148.86944580078125,90.20021615028381,29.27249526977539,23.678145036460496
0.00421818345785141,-0.0050585063232574615,-0.01810859516263008,0.005280591959041773,0.5210025310516357,0.45644706189632417,0.4149250388145447,0.022040858573859012,80.0,29.313098907470703,7.085924422740936,1.9180457592010498,4.532288281710105,-0.006602552044671028,0.6533162724263966,80.0,124.51894044109059,249.064152920723,357,0.3103923797607422,58.63555145263672,14.191094827651977,3.874279499053955,9.059974316327999
0.003988146781921387,-0.009273409831803293,-0.031231913715600967,0.007784643471868004,0.6466530561447144,0.5891427837312222,0.5537298917770386,0.017183563006505562,80.0,29.808473587036133,11.980650913715362,5.654764175415039,4.762860662205047,-0.006625838517473312,0.6532142533026635,80.0,124.46392438771203,248.95416534495354,358,0.3123459815979004,59.628631591796875,23.99163153171539,11.312841415405273,9.520520224301352
0.005488213151693344,-0.004569020075723529,-0.016106510534882545,0.004428191507413184,0.6673731803894043,0.6272744975984097,0.5932115912437439,0.01711349992050782,80.0,6.738091945648193,2.923479186743498,0.8674020767211914,1.36488159651702,-0.006633067191723967,0.6526895760558544,80.0,124.03055482805894,248.0874301929325,359,0.3118913173675537,13.488797187805176,5.868641923367977,1.7687466144561768,2.7263626486176573
0.008006203919649124,-0.008002133871195838,-0.02488059736788273,0.007208932887638871,0.7307778596878052,0.6757965944707394,0.6286545991897583,0.021408716303221914,80.0,9.707000732421875,4.930060476064682,1.1941860914230347,1.9613924559384415,-0.0066741173814225474,0.6524997876547277,80.0,123.14545485289021,246.31730856128036,360,0.31202244758605957,19.444618225097656,9.889641091227531,2.402458667755127,3.9219511395461506
0.005120653659105301,-0.00837373499525711,-0.024398311972618103,0.006660201005721821,0.7274923324584961,0.6909143753349781,0.6475158929824829,0.01838400559871311,80.0,8.657733917236328,2.6855302952229976,0.5067963004112244,1.5756038632499059,-0.00663594302450656,0.6531854456178844,80.0,122.98150093815102,245.98933809539673,361,0.24420547485351562,17.333908081054688,5.401626302301883,1.0660661458969116,3.1468411461316403
0.028331588953733444,-0.0032158290909137578,-0.02564971335232258,0.008777002852324859,0.8042333722114563,0.7682636015117168,0.7300306558609009,0.01778707868693706,80.0,17.62138557434082,2.3109743405133485,0.43707481026649475,2.329313740074815,-0.006566610722889892,0.654707036998123,80.0,122.21136329223958,244.44895456469803,362,0.2845137119293213,35.25733184814453,4.643745604902506,0.9247056841850281,4.65781392468725
0.01736651360988617,-0.009784619568381458,-0.0317278653383255,0.010402181010065436,0.7215788960456848,0.6818240836262703,0.6332055926322937,0.016968063938835275,80.0,6.748695373535156,2.6273803547024728,0.6173352599143982,1.1221053357886548,-0.006641604107717285,0.6556248491145671,80.0,118.48406911406664,236.99453448928148,363,0.3132753372192383,13.509163856506348,5.2879664421081545,1.2633949518203735,2.2444402021419623
0.0039038974791765213,-0.01058644735312555,-0.029467063024640083,0.0077802056437529625,0.7281103134155273,0.6763015255331993,0.6285946369171143,0.024161447270443278,80.0,6.781644821166992,2.447226257994771,0.3906066417694092,1.4418417315278182,-0.006685675764339975,0.6569208427034319,80.0,117.5820392413698,235.19058880610763,364,0.3193037509918213,13.59705638885498,4.929151470214128,0.8065122961997986,2.8808223579922543
0.018060985952615738,-0.004036212677601725,-0.02450251579284668,0.006733315087902591,0.7533568143844604,0.6916720569133759,0.6533727645874023,0.019418339005625337,80.0,8.258392333984375,2.4139810986816883,0.6635183095932007,1.4648529906960173,-0.006657445705262943,0.6579277133233846,80.0,116.99988247990979,234.0262389642894,365,0.3168063163757324,16.53042221069336,4.849868036806583,1.3263858556747437,2.9260837506517268
0.006750870496034622,-0.0077078035334125165,-0.02159706875681877,0.00668051142803969,0.749164879322052,0.6923095911741257,0.6358745694160461,0.02358099414886004,80.0,10.194046974182129,4.282248157262802,1.6070983409881592,2.0038067803709327,-0.006593515989137813,0.6587744231708348,80.0,116.74567434436455,233.51771176388857,366,0.31261706352233887,20.413171768188477,8.593758052587509,3.220991611480713,4.002807184833915
0.008975597098469734,-0.008450381003785878,-0.027090661227703094,0.008028758394736527,0.7585300803184509,0.7002716638147831,0.6507984399795532,0.022217495329963224,80.0,9.938782691955566,3.133465650677681,1.2879550457000732,1.7315622375241817,-0.006607415305799804,0.6586451365239919,80.0,116.68867881164324,233.40374591210482,367,0.3108999729156494,19.88900375366211,6.297837468981743,2.612661838531494,3.457828060543204
0.009765133261680603,-0.00965733106713742,-0.0305628702044487,0.00823287781358855,0.7385443449020386,0.6988467209041118,0.6345483064651489,0.02109826417919064,80.0,5.457379341125488,1.9100742146372796,0.8451600074768066,1.1133972278590032,-0.00657126151554985,0.6585076189376414,80.0,116.62689827488731,233.28010978095233,368,0.3127429485321045,10.929792404174805,3.853440035879612,1.7371609210968018,2.2190043798683736
0.00975581631064415,-0.004981235816376284,-0.01910615712404251,0.005665573164257005,0.7512367963790894,0.6769407674670219,0.6100695133209229,0.024827520263706306,80.0,10.687361717224121,4.11591607183218,1.5222210884094238,1.8715731579057446,-0.006571416156017223,0.6577084865830838,80.0,116.61669031694154,233.25967819295823,369,0.3142387866973877,21.388832092285156,8.255333420634269,3.0776281356811523,3.7384224183622723
0.014172613620758057,-0.005721586616709828,-0.020674336701631546,0.006389617821879685,0.7532449960708618,0.6938363373279571,0.6482865810394287,0.021802099082202486,80.0,6.1022844314575195,3.0393821880221368,0.987798810005188,1.1538218422780984,-0.006587689273990692,0.6566361090876162,80.0,116.53775488818806,233.1018184354007,370,0.3150300979614258,12.217833518981934,6.104084281623363,1.987120270729065,2.3039244850323186
0.005721587687730789,-0.005898899747990072,-0.020693453028798103,0.0063755860392960195,0.6809094548225403,0.633766109496355,0.5822304487228394,0.02218586360898368,80.0,60.79357147216797,17.171695807576178,3.0185554027557373,8.716460712819002,-0.0065828114238684066,0.655008403200656,80.0,116.66559032098576,233.3574469948113,371,0.3138265609741211,121.60063934326172,34.36786502599716,6.072788715362549,17.431708124186372
0.07292667031288147,-0.005116939742583782,-0.03492966666817665,0.01595420437805899,0.6658114194869995,0.6182031892240047,0.5679460167884827,0.02157193629701086,80.0,262.7681579589844,126.44678502082824,35.21741485595703,46.99277206358096,-0.006572687828505879,0.6538627563230693,80.0,117.88644474024697,235.79911266058684,372,0.3109469413757324,525.549072265625,252.91616668701172,70.45196533203125,93.98192373766283
0.007866945117712021,-0.0076235205982811746,-0.028782855719327927,0.007356271704244663,0.6555628776550293,0.6080107890069485,0.5408632755279541,0.02470006396166137,80.0,53.60260772705078,21.44813129901886,6.350621700286865,9.007575323193578,-0.006568427970574703,0.6517991441227496,80.0,118.0500514411889,236.1262762680054,373,0.3122074604034424,107.21646881103516,42.92366967201233,12.721587181091309,18.01369249057622
0.014239437878131866,-0.004718798899557441,-0.02414649724960327,0.006615657894106543,0.5708529949188232,0.5207368493080139,0.4723564386367798,0.016938400213158896,80.0,63.306095123291016,29.349498224258422,10.01584529876709,10.74776606422837,-0.006498566904861946,0.6493583957739173,80.0,118.31739973710104,236.66078432157636,374,0.31281137466430664,126.62364959716797,58.71884863376617,20.0534610748291,21.497003362633837
0.018624819815158844,-0.00921655367128551,-0.028976324945688248,0.008793354081876365,0.4716028571128845,0.42024664431810377,0.3723946809768677,0.02006072271574198,80.0,71.69027709960938,21.889011836051942,7.295326232910156,11.28220755602485,-0.006461580473755021,0.6464205240793526,80.0,118.49768190538511,237.02121592888238,375,0.31385207176208496,143.3908233642578,43.804861831665036,14.612268447875977,22.55913851540818
0.007353209890425205,-0.003047370386775583,-0.013216938823461533,0.004022685148908086,0.48455139994621277,0.4463136442005634,0.3912065625190735,0.01978222012072371,80.0,50.80580520629883,12.869603586196899,4.655786037445068,8.963484970988507,-0.006411732588312589,0.6431129239760339,80.0,118.5648599195443,237.15540610900518,376,0.29286909103393555,101.62113952636719,25.754228115081787,9.327637672424316,17.923755056446076
0.009559137746691704,-0.005779443046776578,-0.017965858802199364,0.005209839629925741,0.5110927224159241,0.46353686712682246,0.40461891889572144,0.021071442919494893,80.0,25.24359893798828,8.445400923490524,3.971883773803711,4.312332010948566,-0.00634190423291875,0.6403172874525189,80.0,118.5731647594385,237.17182021978493,377,0.22733855247497559,50.495723724365234,16.911631524562836,7.965312957763672,8.619325634807069
0.0027031078934669495,-0.004211869032587856,-0.013577336445450783,0.004299858334808434,0.545804500579834,0.5061758231371641,0.4677930474281311,0.016947593778867596,80.0,12.975717544555664,4.925393128395081,1.6231746673583984,2.245536304505199,-0.006348295722680631,0.6385914376638829,80.0,118.01831716422363,236.06210329529642,378,0.3026401996612549,25.961238861083984,9.869333499670029,3.276005744934082,4.4882032868140245
0.021854756399989128,-0.011085052700946108,-0.0313052274286747,0.009143374107441368,0.6524989604949951,0.6110057532787323,0.5630428194999695,0.018499264795987853,80.0,15.314187049865723,5.440002623200416,1.779449462890625,2.14132794950042,-0.006415210126200691,0.637890544038266,80.0,117.35197545356675,234.7295396870673,379,0.2932713031768799,30.639568328857422,10.914395421743393,3.613903045654297,4.273173546344045
0.016925226897001266,-0.013187737518455834,-0.03891400247812271,0.010742809684427907,0.8187893033027649,0.7698208674788475,0.7258361577987671,0.019610414081834966,80.0,3.009852647781372,1.086903841793537,0.43956440687179565,0.5981460705767393,-0.006452218644612002,0.6391554220952093,80.0,117.11463041409475,234.25494891719526,380,0.27100086212158203,6.039063453674316,2.2155795708298682,0.9349839091300964,1.1875160404537333
0.013401102274656296,-0.009877374896313995,-0.03012707456946373,0.00925419201929896,0.8049458265304565,0.7651072107255459,0.719113826751709,0.0160971500157,80.0,8.542346954345703,4.208791643381119,1.5102506875991821,1.6102460884174146,-0.00649292348336894,0.6402980267591775,80.0,116.53401695671302,233.0938262577802,381,0.35306859016418457,17.10013198852539,8.45264017879963,3.0566797256469727,3.2139271684437354
0.003787841647863388,-0.01586406718706712,-0.03204746171832085,0.008403773582364025,0.7303479313850403,0.6988682016730309,0.66305011510849,0.015604769125717658,80.0,15.145167350769043,5.562066838145256,1.6021225452423096,2.4656071973447755,-0.0065934116865391836,0.6416564138494433,80.0,116.1985830289088,232.42318654577437,382,0.34838080406188965,30.30484390258789,11.169839176535607,3.2710683345794678,4.927933664948384
0.01307355985045433,-0.0035236746130976825,-0.019933294504880905,0.006606066888678082,0.671010434627533,0.6313196010887623,0.5940120816230774,0.017861397949628575,80.0,7.536283016204834,3.554311290383339,1.1976579427719116,1.557569414925882,-0.006561436882358975,0.6423217342086136,80.0,116.08317276110871,232.1923153642565,383,0.3550102710723877,15.07447624206543,7.128296288847923,2.4326887130737305,3.113107947066105
0.01219850778579712,-0.005562758073210716,-0.028985576704144478,0.008066301035453196,0.7049261331558228,0.634653802216053,0.5846389532089233,0.022595247558808276,80.0,6.724546432495117,2.022797326371074,0.35394012928009033,1.1739484351556402,-0.006557932338037063,0.6430795809440315,80.0,115.85286596853285,231.73170992802082,384,0.33565473556518555,13.461152076721191,4.069413241744042,0.7711324691772461,2.3429172270357363
0.0108979232609272,-0.007100845326203853,-0.025656282901763916,0.008034518298526519,0.7991964817047119,0.7510158628225326,0.7149367928504944,0.01645097856113182,80.0,3.7578470706939697,0.9487567745149136,0.34218084812164307,0.6032245376612251,-0.006587964151112827,0.6443351648040115,80.0,115.59813032862543,231.22232382110505,385,0.42788147926330566,7.5308942794799805,1.9267355613410473,0.7181611061096191,1.2002659375113665
0.016600999981164932,-0.00783815502654761,-0.027732055634260178,0.0074547084670250055,0.7168064713478088,0.6866090372204781,0.6416553854942322,0.015544223158112758,80.0,4.022677898406982,1.571917510777712,0.65314120054245,0.7597753794080127,-0.006620249138388316,0.6448176734931766,80.0,115.38366041544823,230.79345821595936,386,0.33734846115112305,8.056424140930176,3.173243519663811,1.354549527168274,1.514941760156697
0.006845218129456043,-0.007387812389060855,-0.023526400327682495,0.0070816691004436435,0.7029336094856262,0.6605314388871193,0.6077739000320435,0.02042136244873245,80.0,7.452062606811523,2.6968071945011616,0.6653464436531067,1.241969738912279,-0.006611759120016357,0.6447026670686902,80.0,115.34506561359761,230.71624933222682,387,0.33416008949279785,14.916778564453125,5.421600639820099,1.3836643695831299,2.478805139922231
0.014096815139055252,-0.007988171553006396,-0.026433050632476807,0.008688551144944556,0.7688007354736328,0.7145022049546241,0.6540676355361938,0.021738178278551776,80.0,3.8616888523101807,1.5158333104103803,0.47523441910743713,0.7416871742151052,-0.006628262908721808,0.6447799197621643,80.0,115.30492175449055,230.63599616714566,388,0.34081411361694336,7.740950584411621,3.0619330182671547,1.0013024806976318,1.4745171941346829
0.008407330140471458,-0.006925866391975432,-0.02504071407020092,0.0070179537625064065,0.8594465255737305,0.8253223866224288,0.7905259132385254,0.014494038206246618,80.0,4.202393054962158,2.0590672165155413,0.763515293598175,0.7804058306487022,-0.006606543277681339,0.6461332559697329,80.0,115.29423752327263,230.614611332424,389,0.3363487720489502,8.419559478759766,4.148492610454559,1.539872407913208,1.5549017925484614
0.0034698210656642914,-0.00757696206565015,-0.02172653004527092,0.006594096793758679,0.7521065473556519,0.7215159371495247,0.6672365069389343,0.01661073147160863,80.0,17.12204933166504,5.184271448105574,0.6753441691398621,3.922387721571737,-0.00657872068870347,0.645780437912792,80.0,115.3006440135315,230.6273616114482,390,0.3387026786804199,34.28652572631836,10.398127172887325,1.3860150575637817,7.844036655650983
0.004344899207353592,-0.003236573573667556,-0.013810869306325912,0.0037977426537579156,0.8169524073600769,0.7557917632162571,0.7059626579284668,0.019379148166347088,80.0,19.233062744140625,3.275728164613247,1.134263277053833,2.583655115885751,-0.006543313378409949,0.6460217114500701,80.0,115.29824809720367,230.62250378956642,391,0.342972993850708,38.482032775878906,6.5730453312397,2.288191795349121,5.164650612832802
0.02108221873641014,-0.0047092649328988045,-0.02578027732670307,0.007688145974543844,0.8200899362564087,0.7841684572398663,0.7373828887939453,0.01878550874205954,80.0,77.21156311035156,28.161273032426834,7.429643630981445,11.926215209756936,-0.006527861191018019,0.6466874823383988,80.0,115.55174579385294,231.12948159576206,392,0.33405089378356934,154.43763732910156,56.34764814376831,14.878046989440918,23.849910000363938
0.008057444356381893,-0.004064763244241476,-0.0256534144282341,0.006567079089861045,0.6599687337875366,0.6167469210922718,0.5618088245391846,0.02159910904460255,80.0,61.245201110839844,28.232571256160735,8.265501976013184,11.484785217559933,-0.006511259379796685,0.6454951160065829,80.0,115.81580498886483,231.6575429366604,393,0.3362278938293457,122.50591278076172,56.48560717105865,16.5531063079834,22.96676167236481
0.0026467256247997284,-0.005787221224454697,-0.019490759819746017,0.004633514040506042,0.5830058455467224,0.525357336550951,0.4853875935077667,0.02114987042834924,80.0,81.93329620361328,51.1064934015274,30.071441650390625,11.661660935270437,-0.006474023421105812,0.6430620493404566,80.0,116.29900021958721,232.6238102617338,394,0.338289737701416,163.9061279296875,102.23506803512574,60.17284393310547,23.320727301039252
0.009211700409650803,-0.00447595749865286,-0.0179069135338068,0.005451622209583861,0.625683069229126,0.5590879715979099,0.4877427816390991,0.025321364691527327,80.0,95.7229232788086,24.044379818439484,13.239828109741211,14.023261255382996,-0.006443307387569803,0.6415433242060244,80.0,116.50691372794283,233.03954546789083,395,0.3391544818878174,191.4603271484375,48.10889294147491,26.496723175048828,28.042760062215578
0.027194904163479805,-0.0011728135927114637,-0.017717164009809494,0.006454295168159538,0.5123168230056763,0.4650768954306841,0.42290541529655457,0.01815192764321716,80.0,156.49942016601562,33.324114525318144,13.285627365112305,28.219124409938757,-0.00643916741029534,0.6384752829745413,80.0,113.9216534436382,227.86895526842028,396,0.33851027488708496,313.0079040527344,66.6598759651184,26.526098251342773,56.437815880379596
0.013843544758856297,-0.006265717366477475,-0.020959965884685516,0.007003716051058846,0.5490837097167969,0.4986941862851381,0.4322458505630493,0.02088850434047204,80.0,54.13847351074219,16.350069409608842,7.400308132171631,7.240448059938069,-0.00639822297646606,0.6358264855332673,80.0,113.74465425628794,227.5148220304623,397,0.3353235721588135,108.28609466552734,32.722644007205965,14.840797424316406,14.477442088157542
0.0033477991819381714,-0.0024248206231277437,-0.015836365520954132,0.00347320442771067,0.5879384279251099,0.5378729082643986,0.5038438439369202,0.017927610220916327,80.0,144.24127197265625,64.07856523990631,18.738569259643555,28.129069320067096,-0.006380536900585867,0.6345664386637508,80.0,96.65149107903613,193.32843500558283,398,0.3360309600830078,288.4964294433594,128.17273778915404,37.490478515625,56.25642372609126
0.0045280009508132935,-0.0015975060407072306,-0.009647130966186523,0.0028213550499859756,0.49773159623146057,0.4527188863605261,0.39521902799606323,0.02053631396672589,80.0,275.0664978027344,54.120020759105685,7.076699256896973,63.57813465977182,-0.006380012894849642,0.6318000539317726,80.0,92.60275883919374,185.23091410032654,399,0.34249353408813477,550.1422729492188,108.25228989124298,14.160783767700195,127.15432844672915
0.0029364805668592453,-0.004864859848748892,-0.017206694930791855,0.004800214955933108,0.5180842280387878,0.4740660399198532,0.43508148193359375,0.018261895905240685,80.0,54.21078872680664,10.465866816043853,2.714346408843994,10.708880616753934,-0.006386528837188962,0.6299088034182787,80.0,77.78818106669559,155.6017335797921,400,0.34893345832824707,108.43182373046875,20.95094475746155,5.457672119140625,21.41347810117361
0.029201962053775787,-0.0068337641336256635,-0.02775462158024311,0.011199580421773592,0.6101188063621521,0.567901586741209,0.5250914692878723,0.01794232357917914,80.0,88.55461883544922,28.54037584066391,10.884994506835938,15.386355049759535,-0.006424092702291091,0.6290509147793055,80.0,58.997356561247244,118.02014256397634,401,0.3472883701324463,177.12057495117188,57.10577726364136,21.817028045654297,30.76669796900025
0.013532144948840141,-0.006382642281823792,-0.033649977296590805,0.007472918739100681,0.6975572109222412,0.6557174459099769,0.6188570261001587,0.01862119481371825,80.0,5.264838695526123,1.9545585762709379,0.4117850363254547,1.2631365852820047,-0.006472551371130976,0.6292935491129756,80.0,40.21521098490059,80.45595304200799,402,0.3582496643066406,10.542780876159668,3.9349967777729034,0.8535723686218262,2.5227292009631594
0.00509750097990036,-0.008773070113966242,-0.025347799062728882,0.007262790658023163,0.7561976909637451,0.7154443591833115,0.6717459559440613,0.015892916915100253,80.0,7.165690898895264,2.9365215346217157,0.8961523771286011,1.4950141161533177,-0.0065199937079305536,0.6301573147028684,80.0,36.2470610024929,72.51976520668714,403,0.3496410846710205,14.345895767211914,5.904898108541966,1.8572410345077515,2.9842546147797933
0.012213391251862049,-0.00881746590603143,-0.03600455820560455,0.01010754889878839,0.7707433700561523,0.7242312893271446,0.6777307391166687,0.0188507428033122,80.0,5.576285362243652,1.4130890682339667,0.4500998556613922,0.9799758488231978,-0.0065760395966208305,0.6310194073617458,80.0,21.821019985273473,43.667812422804516,404,0.3526880741119385,11.166214942932129,2.858297699689865,0.9611494541168213,1.954692815787851
0.025152849033474922,-0.0048460102872923015,-0.02671055495738983,0.010671286543031828,0.7687578797340393,0.720179145783186,0.6893519163131714,0.01755554769320992,80.0,15.823466300964355,5.0291633531451225,0.8249354362487793,2.8202535309924497,-0.006617293760864412,0.6319113347977399,80.0,21.450408144474025,42.92668909005074,405,0.3484933376312256,31.65697479248047,10.082422326505185,1.6676812171936035,5.635682284907463
0.009591776877641678,-0.005523249245015904,-0.020476847887039185,0.006417783245247743,0.6968951225280762,0.6547577805817127,0.6061768531799316,0.017154619283808504,80.0,7.272789001464844,2.8341788023710253,0.7224348783493042,1.3102779596649425,-0.0066459018447640105,0.63237461502105,80.0,20.98988730046153,42.00571388324349,406,0.34409570693969727,14.574197769165039,5.692499212920666,1.4641176462173462,2.621129729142731
0.005906141363084316,-0.0112202932999935,-0.028178459033370018,0.008187856064695413,0.686742901802063,0.6345413640141487,0.5871398448944092,0.018220700668671933,80.0,10.407183647155762,3.0559607639908792,0.6076210141181946,1.7242498062007596,-0.006720354853532625,0.6323773720115422,80.0,20.463576933965086,40.953242106162016,407,0.3415181636810303,20.85086441040039,6.147052991390228,1.2512885332107544,3.4469156188418304
0.008914513513445854,-0.006550515507115051,-0.0254902895539999,0.007844963565820488,0.6554628610610962,0.6170140817761421,0.5684791803359985,0.021201598494859857,80.0,4.153212070465088,1.7051840469241142,0.39426547288894653,0.938582382802444,-0.006768056929271552,0.6324535558596253,80.0,20.064679351836443,40.15554386657477,408,0.3327598571777344,8.315793991088867,3.4358093954622744,0.8230149745941162,1.8710675096331686
0.01185013446956873,-0.005313331424258649,-0.019389402121305466,0.006446631715438694,0.6853452920913696,0.651105311512947,0.604469895362854,0.01784339270301643,80.0,4.281383991241455,1.189993754774332,0.5065624713897705,0.7175108109637159,-0.006794588570817722,0.6328851183876395,80.0,19.519671672053637,39.065590207099916,409,0.33954668045043945,8.57559585571289,2.40363627076149,1.0646328926086426,1.4308774985682193
0.01942618563771248,-0.007217794260941446,-0.02904968149960041,0.009159735130359978,0.7305396199226379,0.6935376301407814,0.6369528770446777,0.019102666710731606,80.0,4.699207305908203,1.833046057075262,0.6567138433456421,0.6764946602236992,-0.0068486530009977285,0.6338903679400683,80.0,18.914712907761334,37.85580091713369,410,0.3346109390258789,9.43304443359375,3.694398449361324,1.3449753522872925,1.3504059453440231
0.01057446002960205,-0.004554671933874488,-0.020387370139360428,0.006425235055869629,0.7171226739883423,0.6742150813341141,0.6470182538032532,0.015312255174976957,80.0,6.609790802001953,2.831166360527277,0.8385573029518127,1.1583779856953438,-0.006859190342001966,0.6344677746742964,80.0,18.606829313464463,37.240066358879204,411,0.34327220916748047,13.212080955505371,5.684926399588585,1.7051446437835693,2.3126940498048003
0.014235826209187508,-0.005753476673271507,-0.030186835676431656,0.008310018683032624,0.8142263889312744,0.7535071551799775,0.7139724493026733,0.01925528671000778,80.0,3.576164484024048,1.389226894080639,0.43935197591781616,0.6231271946728327,-0.006868102974767681,0.6364332792684435,80.0,17.142611919395623,34.3116887177527,412,0.3416595458984375,7.167672157287598,2.8050308778882025,0.9079974889755249,1.2414961406697853
0.02142149582505226,-0.009096651262370869,-0.028769418597221375,0.009423390997278314,0.8056514263153076,0.7687521643936635,0.7277791500091553,0.018673395855096853,80.0,7.009051322937012,2.7732444114983084,0.7382041811943054,1.3403203368081782,-0.0068879200951050745,0.6381015092357992,80.0,16.68109522420168,33.38872832761705,413,0.336256742477417,14.031869888305664,5.580057187378406,1.5346180200576782,2.6710817463806165
0.009738048538565636,-0.009347059405990876,-0.0231737419962883,0.008177084560211463,0.7799321413040161,0.7408222272992134,0.6928765177726746,0.017675870474912304,80.0,21.895042419433594,6.860399029403925,0.8760489821434021,5.363405236382069,-0.00693844747201365,0.6399409710094331,80.0,15.906993105448779,31.840661925971506,414,0.35118722915649414,43.80264663696289,13.754308588802814,1.7864015102386475,10.72845358876421
0.012045711278915405,-0.00658535668044351,-0.03155100345611572,0.008033128487067956,0.699537992477417,0.657314969599247,0.6090401411056519,0.017989671337861217,80.0,70.31999969482422,33.096177864074704,12.762017250061035,12.006982011647022,-0.0069726484136335785,0.6410926860347389,80.0,15.669217103160912,31.36520135897398,415,0.3445427417755127,140.6459503173828,66.21867272853851,25.58391571044922,24.009896743533808
0.020650099962949753,-0.007741673028795049,-0.027037711814045906,0.008260104869896503,0.6860297918319702,0.6297197453677654,0.5848245024681091,0.021191263872152845,80.0,42.06303405761719,22.52508924007416,11.66956615447998,6.909278102957401,-0.00699955056644103,0.6420082301832736,80.0,15.183348337091502,30.39353593844175,416,0.3491849899291992,84.137939453125,45.07825632095337,23.364952087402344,13.817423154417282
0.024239277467131615,-0.004810973635176197,-0.021909663453698158,0.0073841015623040615,0.4823267459869385,0.4359658930450678,0.3888770043849945,0.02043424569546636,80.0,91.17953491210938,32.65210361480713,5.168935775756836,17.077227678183508,-0.006994159174864762,0.6410683940313756,80.0,14.903676344312723,29.83416237825155,417,0.3286755084991455,182.3685302734375,65.32254889011384,10.369356155395508,34.15146300844306
0.006012306548655033,-0.003443284414242953,-0.01584673300385475,0.00406419649353326,0.47218555212020874,0.42632807679474355,0.36214280128479004,0.022442440526266542,80.0,62.9091911315918,25.529251062870024,9.449933052062988,10.860076136217126,-0.006991688907277419,0.6399335180446506,80.0,14.957400797076524,29.941583645820618,418,0.33845090866088867,125.82703399658203,51.07391493320465,18.92993927001953,21.71676805862595
0.011188874021172523,-0.0023737266135867687,-0.018721066415309906,0.006523096281494046,0.6036152839660645,0.5502374216914176,0.5023666024208069,0.022680869444631636,80.0,100.33455657958984,31.299450504779816,14.887847900390625,17.056575797102738,-0.006950879913478275,0.639431108891964,80.0,15.113091354228557,30.25287309259176,419,0.33486342430114746,200.6788787841797,62.61465330123902,29.775678634643555,34.11071666136168
0.004979677498340607,-0.001647519291145727,-0.01562022790312767,0.003924870243373005,0.526336669921875,0.48020665571093557,0.4423077702522278,0.01987088096191912,80.0,251.02011108398438,81.45735523700714,20.831697463989258,45.67608049943033,-0.006935324584817862,0.6375910214036703,80.0,15.738918786980213,31.504460035264493,420,0.3357088565826416,502.05010986328125,162.9276086330414,41.68092727661133,91.35014977195448
0.009024962782859802,-0.004400374065153301,-0.027239959686994553,0.0058816200447893135,0.6018557548522949,0.5430206269025802,0.48414620757102966,0.022520872661206576,80.0,20.010284423828125,11.270855492353439,5.43488883972168,2.97073316971982,-0.006891183439860469,0.6362115559875966,80.0,15.83068581578508,31.68787822289765,421,0.3430807590484619,40.03123474121094,22.561372339725494,10.8944730758667,5.937302911027615
0.008094331249594688,-0.007701294485013932,-0.02616056241095066,0.007839498010036673,0.5718809962272644,0.53232332020998,0.4793376326560974,0.01782787939562382,80.0,30.88371467590332,14.046951699256898,6.863109588623047,4.960668613397912,-0.00693765092313697,0.6346809073984623,80.0,15.854306841064242,31.73518259550631,422,0.34372568130493164,61.77775573730469,28.11995255947113,13.776575088500977,9.916254993063209
0.014873248524963856,-0.003131035133264959,-0.019026540219783783,0.005968931624731766,0.6598255634307861,0.6181935653090477,0.583179771900177,0.018644057084011997,80.0,51.62596130371094,8.35697219222784,1.855080008506775,9.884361467184021,-0.006932386057029361,0.633467537149787,80.0,15.867634558651593,31.761803234711287,423,0.34387898445129395,103.26411437988281,16.73257046341896,3.6929211616516113,19.766230211251678
0.005615352652966976,-0.004220284515758977,-0.018143659457564354,0.005688285574230189,0.7147538661956787,0.6599696919322013,0.6167920827865601,0.019511081840627234,80.0,8.186216354370117,4.062605080008507,1.7627803087234497,1.229325914585636,-0.006870030957259587,0.6322189178690316,80.0,15.86087850119546,31.74814143769443,424,0.34099340438842773,16.385684967041016,8.146850177645684,3.5420703887939453,2.4565115092939362
0.00552532821893692,-0.0028991799568757414,-0.02000698819756508,0.004210152742550565,0.6535736918449402,0.6195208057761192,0.5896705389022827,0.015597681989654014,80.0,63.619468688964844,9.13318230509758,1.582704782485962,11.891587464383594,-0.006822922322477097,0.6305225149989129,80.0,15.881493756521495,31.789243802532557,425,0.33789944648742676,127.25025939941406,18.28455340862274,3.1832504272460938,23.7802526643184
0.01142137311398983,-0.00893509607994929,-0.028242789208889008,0.007524792147083735,0.6690293550491333,0.6315551400184631,0.5892845392227173,0.01687322182753018,80.0,7.195262432098389,2.4785402819514273,0.40947991609573364,1.2684608598617477,-0.006867612776186432,0.6288387906029821,80.0,15.866994278039783,31.760300552740702,426,0.3501288890838623,14.403921127319336,4.98758190870285,0.857961893081665,2.532721545900674
0.01737532578408718,-0.007247335242573172,-0.031823329627513885,0.008203151587126206,0.6463940739631653,0.5849163606762886,0.5416921377182007,0.019772320027040893,80.0,9.13287353515625,4.6581940934062,1.1460663080215454,1.668160878649158,-0.006865641337135456,0.6271175255775452,80.0,15.873559722986071,31.773393074825403,427,0.3533616065979004,18.285934448242188,9.342581239342689,2.325716972351074,3.3322733395742365
0.010222559794783592,-0.008039206441026181,-0.029532084241509438,0.008432913817861386,0.7788000106811523,0.7453133054077625,0.713186502456665,0.01364430922728655,80.0,2.886242628097534,0.6435820810496807,0.2629633843898773,0.48058474196593726,-0.006890415255984407,0.6268851391226054,80.0,15.837930081088093,31.702178691260514,428,0.28740954399108887,5.792693138122559,1.3181488372385501,0.5681548118591309,0.9557584636458271
0.01286112517118454,-0.009570708946557715,-0.029828153550624847,0.009034690019917297,0.7983530163764954,0.756829061359167,0.718496561050415,0.014368082914256973,80.0,4.923855781555176,1.3323660172522067,0.30210259556770325,0.8447333060728653,-0.006903162717135273,0.6268156320676208,80.0,15.828684045050293,31.683710723966357,429,0.20774030685424805,9.866853713989258,2.699010031670332,0.6577858924865723,1.6840038764233662
0.014659911394119263,-0.004808399704052136,-0.02213091403245926,0.007606987963526742,0.6842280030250549,0.6565217353403568,0.6220406293869019,0.015589148440952027,80.0,4.985230445861816,1.4759066969156265,0.5304211378097534,0.9203935560246433,-0.006845458167619654,0.6263061865046621,80.0,15.720712589655074,31.467642215117806,430,0.3022913932800293,9.98337173461914,2.9745606020092965,1.083403468132019,1.835228663164649
0.019912173971533775,-0.004624334740219638,-0.02108302339911461,0.006941432216278038,0.6794925332069397,0.6331542491912842,0.5912084579467773,0.016251346924467776,80.0,13.319839477539062,4.595694699138403,0.8893809914588928,2.3275320062725005,-0.006828193864857894,0.6253127557039261,80.0,15.740370020594451,31.506902679681772,431,0.21315431594848633,26.657012939453125,9.213301143050193,1.8182201385498047,4.653307800290443
0.01415746659040451,-0.00599747474770993,-0.024453459307551384,0.007030246366041009,0.7503504753112793,0.7047742687165737,0.6624574661254883,0.018569933699833452,80.0,4.414559364318848,1.895243577286601,0.4388177990913391,0.8804879284809976,-0.006782350962879718,0.6252776597514749,80.0,15.710583529360594,31.447237309776245,432,0.2360525131225586,8.833226203918457,3.8165775798261166,0.9136608242988586,1.755728848346515
0.011878974735736847,-0.006630926165962591,-0.02188349887728691,0.00763135573916701,0.8029285669326782,0.7668487712740898,0.7122525572776794,0.018279772118922254,80.0,2.4217536449432373,0.9330753706395626,0.36712291836738586,0.45022429695284355,-0.006791380873546586,0.6266668969094754,80.0,15.426469749480486,30.87905559886992,433,0.18163037300109863,4.859565734863281,1.8947495631873608,0.7910152673721313,0.894779689842032
0.006929169408977032,-0.01112071864772588,-0.028567319735884666,0.008428576720264414,0.726466178894043,0.675013867020607,0.6247841119766235,0.01660448314462503,80.0,5.376460552215576,2.238156958669424,0.7902544140815735,0.9771530913200447,-0.006823899911207263,0.6281360956989229,80.0,13.115485767118635,26.257182033300396,434,0.2939603328704834,10.772507667541504,4.5120555981993675,1.6272484064102173,1.9453094352591367
0.015665370970964432,-0.005940188618842513,-0.02797253429889679,0.008364002366019804,0.787847638130188,0.7277670994400978,0.636336624622345,0.03198361905137524,80.0,11.125988960266113,4.452630493044853,2.1666159629821777,1.5848041607374759,-0.006816828653871199,0.6302963493168355,80.0,12.925062330804765,25.87636422139406,435,0.3163261413574219,22.26885986328125,8.931696718931198,4.356555938720703,3.1681769552267536
0.03491333872079849,-0.0035521425888873637,-0.02544284611940384,0.010087383070015679,0.7073190212249756,0.6471738420426846,0.5894374251365662,0.025414644682691973,80.0,51.5828857421875,23.520735931396484,9.087749481201172,8.418815241949911,-0.006784875628727605,0.6319484339505435,80.0,12.996059547029434,26.01832778865099,436,0.31365489959716797,103.15177917480469,47.06151947975159,18.207942962646484,16.833001093726857
0.02302657812833786,-0.006889990548370406,-0.02780120074748993,0.009811186194214195,0.6052882075309753,0.5487540006637573,0.4952940344810486,0.02219808762181648,80.0,29.919269561767578,10.67978235334158,1.7217317819595337,6.654120737954252,-0.006777728384549846,0.6331062636338174,80.0,12.804158682651817,25.63453492516279,437,0.3140556812286377,59.87110137939453,21.384319841861725,3.479069709777832,13.308795178755812
0.012972425669431686,-0.008059563481947408,-0.03352757543325424,0.008905829767184561,0.6690830588340759,0.6251124612987041,0.5777292251586914,0.02094242669579629,80.0,19.3880615234375,10.504016202688216,4.755090236663818,3.1295866772538705,-0.006789917275731566,0.6346880280412733,80.0,12.846881399415434,25.72003637266159,438,0.3148970603942871,38.802818298339844,21.03665382862091,9.531654357910156,6.264087472711711
0.009061429649591446,-0.0018426722439471633,-0.01345253735780716,0.0038512187892542553,0.610636830329895,0.5638220779597759,0.5215716361999512,0.018853601170175635,80.0,600.7742309570312,251.38202476501465,122.30157470703125,89.03673809901818,-0.0067290039609215445,0.634599875126034,80.0,15.141815426014366,30.309780859351154,439,0.3456535339355469,1201.5546875,502.779013633728,244.61952209472656,178.07050254950633
0.017451956868171692,-0.006861439620843157,-0.025812039151787758,0.008538094849035269,0.6332520842552185,0.580148371309042,0.5430926084518433,0.01937546685365612,80.0,40.62546157836914,8.117541652172804,0.7557565569877625,7.585033856085882,-0.006739519036971614,0.6355534682422876,80.0,15.162459248937667,30.35110860939324,440,0.31006312370300293,81.26258850097656,16.2604093298316,1.5682569742202759,15.170884898909785
0.00274759903550148,-0.011677164398133755,-0.028887398540973663,0.007987520865987632,0.6576178073883057,0.6106862410902977,0.5704638957977295,0.016475717687336595,80.0,62.58069610595703,30.677384650707246,8.25912857055664,11.39981317518424,-0.006772459725689259,0.636167702972889,80.0,15.443181062713265,30.912630405701695,441,0.3129284381866455,125.17318725585938,61.390337634086606,16.561086654663086,22.795489661533676
0.009807509370148182,-0.008525559434201569,-0.026289552450180054,0.008506350809422625,0.6078699827194214,0.5623917736113071,0.5227913856506348,0.018248250312101366,80.0,28.31557273864746,12.415273016691208,3.343809127807617,5.9201764373830965,-0.006797959824572899,0.6358497578129172,80.0,15.514624288946388,31.055561498247094,442,0.30702853202819824,56.64209747314453,24.858844870328902,6.700231552124023,11.838311949694315
0.006092336028814316,-0.004186340648448095,-0.01708580181002617,0.004769532449199262,0.6531267166137695,0.615808229148388,0.5729820728302002,0.019788807360549138,80.0,12.99238395690918,6.035539543628692,2.4309253692626953,2.0886617719453375,-0.006772856340117869,0.6353568390905857,80.0,15.524813442952928,31.075879740409555,443,0.3219492435455322,25.998037338256836,12.091767883300781,4.8820977210998535,4.173726189091124
0.012996903620660305,-0.011302588926628231,-0.030661258846521378,0.008351432986427676,0.5584596991539001,0.5212779976427555,0.4718031883239746,0.01860550167738632,80.0,61.661956787109375,23.008935117721556,5.765614032745361,10.298599446381326,-0.006829923081866582,0.6339658376052976,80.0,15.718211964301764,31.462763095237314,444,0.30970191955566406,123.34181213378906,46.050900888442996,11.583328247070312,20.595035780704833
0.015107151120901108,-0.0043165016453713175,-0.017124135047197342,0.006438507404104591,0.6444621086120605,0.6033443078398705,0.5673874616622925,0.017450646179711683,80.0,58.67525863647461,18.800260055065156,5.932842254638672,10.353366138623853,-0.006805386423147867,0.6329130077287555,80.0,15.894133221045132,31.814535479664805,445,0.35070300102233887,117.36883544921875,37.621220076084136,11.883188247680664,20.70318670794672
0.004043310880661011,-0.009178699960466474,-0.02677958458662033,0.007427029901226278,0.6123287677764893,0.556307316571474,0.5090321898460388,0.019136813453742924,80.0,15.453893661499023,5.169799402356148,1.5794522762298584,2.850185246043391,-0.006825798144520378,0.6312928983941674,80.0,15.92138588951528,31.86904923771322,446,0.19025588035583496,30.91836166381836,10.369082349538804,3.214189052581787,5.6912750772041205
0.002322409301996231,-0.01027056695893407,-0.02769738994538784,0.00621657027300039,0.7071531414985657,0.6634669452905655,0.6320280432701111,0.013802731283100868,80.0,36.274471282958984,18.904926648736,3.8762824535369873,7.618238706189927,-0.006842932165207458,0.6309503254443407,80.0,16.070352812871334,32.16701050250232,447,0.19289493560791016,72.57624816894531,37.843663930892944,7.8018035888671875,15.231874273415086
0.010007396340370178,-0.009439758153166621,-0.029588310047984123,0.009341763474016038,0.7227991223335266,0.6770049907267094,0.6390088796615601,0.01766954732561725,80.0,8.962665557861328,2.9873699344694615,0.6039412617683411,1.6879725269367127,-0.006828339391635382,0.630603455491364,80.0,16.081249048687514,32.18876685108245,448,0.18939709663391113,17.9638729095459,6.007159477472305,1.2585420608520508,3.3720760246455224
0.02673940733075142,-0.01044653233839199,-0.04045560210943222,0.01322691218558044,0.7480051517486572,0.6862687952816486,0.6452313661575317,0.02027270899286282,80.0,5.567601680755615,2.0982403203845026,0.6214771866798401,1.2401060155208599,-0.006836560233074124,0.6303846368640662,80.0,16.08523509456217,32.19675100879371,449,0.19929957389831543,11.150184631347656,4.231099121272564,1.2610149383544922,2.4776892533006283
0.019420824944972992,-0.01003131062607281,-0.03694764897227287,0.011100694790748293,0.7055699825286865,0.680506169050932,0.6417264342308044,0.014236601335560196,80.0,12.340591430664062,3.835584906488657,0.8610060811042786,2.199927293887534,-0.006799500153036205,0.6297603179365396,80.0,15.871433284036813,31.76906078065932,450,0.19671130180358887,24.694976806640625,7.704842600226402,1.7831792831420898,4.392411170186211
0.012068957090377808,-0.009295378165552393,-0.026792164891958237,0.008159221303527104,0.7646422386169434,0.7187894389033318,0.667638897895813,0.018731875815295982,80.0,3.8653857707977295,1.3693370949476957,0.3320940136909485,0.7959650319419068,-0.006809176620372453,0.6301420909911394,80.0,15.846292227763682,31.71880565622449,451,0.19593596458435059,7.743597984313965,2.7716407403349876,0.7157654762268066,1.590434729071428
0.02835017256438732,-0.006517005671048537,-0.030935056507587433,0.009668935363266153,0.7880916595458984,0.7540975019335747,0.7044157385826111,0.017502218017364582,80.0,8.94528865814209,2.846342470496893,0.46055731177330017,1.8725619898160832,-0.006806223390376544,0.6302430701181292,80.0,15.51877794293687,31.063773201048374,452,0.19621515274047852,17.906064987182617,5.720800903439522,0.9683133363723755,3.739005472310147
0.008137226104736328,-0.006753321771975606,-0.025492094457149506,0.006658342231813478,0.6614725589752197,0.6225342519581318,0.5790796279907227,0.014984109259994613,80.0,9.945967674255371,3.7517802104353906,0.8505010604858398,2.1596553333873745,-0.006767174906664877,0.6302598967403172,80.0,15.363815167274327,30.753769888952373,453,0.19748353958129883,19.905031204223633,7.529517687857151,1.7115260362625122,4.31232736351802
0.012785980477929115,-0.008586606301832944,-0.034553226083517075,0.009303391611790786,0.8426538705825806,0.7960510954260827,0.7608238458633423,0.019399932770625555,80.0,4.839245319366455,2.0763632096350193,0.8599751591682434,0.9589292708430985,-0.006707952768061659,0.6326783074960112,80.0,15.263169253412634,30.552407986208795,454,0.19360685348510742,9.695900917053223,4.18582064807415,1.773930549621582,1.9128435225237206
0.011380722746253014,-0.006852260127197951,-0.033626995980739594,0.009208560827803733,0.7531003952026367,0.7211603835225106,0.6928616762161255,0.013336283939856959,80.0,42.80455017089844,16.591862678527832,4.816890716552734,8.286303918799172,-0.0067131947526213485,0.6346831026487052,80.0,15.09783741540089,30.22179488448799,455,0.19736289978027344,85.62387084960938,33.21185293197632,9.67807388305664,16.570360248788973
0.014583084732294083,-0.005628030688967556,-0.025037672370672226,0.00802426080192475,0.6870363354682922,0.645690704882145,0.6045389771461487,0.016106566800744678,80.0,25.17800521850586,10.329765589535237,1.2010185718536377,5.749991082091434,-0.00669862143827777,0.6368430339731276,80.0,14.750247817058117,29.526629732981327,456,0.19480466842651367,50.37393569946289,20.683700999617578,2.4158153533935547,11.502094715962757
0.0017204685136675835,-0.015244834986515344,-0.03848852589726448,0.010614484237850124,0.668789803981781,0.622065895050764,0.5816634893417358,0.019128974275085496,80.0,13.827560424804688,6.350157016515732,3.2135448455810547,1.8875515797594022,-0.006800484724910347,0.6384992223046719,80.0,14.742890142995867,29.51215123488009,457,0.19824528694152832,27.665340423583984,12.743245017528533,6.484245300292969,3.7642993746131
0.009562812745571136,-0.0027160695579368623,-0.016461558640003204,0.005673702309419005,0.7004425525665283,0.6529687769711018,0.6035524606704712,0.019115821478750954,80.0,137.4622039794922,28.576246708631516,5.194278717041016,29.06286023247282,-0.006734911322171684,0.6391374822370708,80.0,14.908846100945027,29.843944766536353,458,0.20606207847595215,274.93670654296875,57.17098469734192,10.4210786819458,58.12366945198524
0.00696958601474762,-0.009069405437912792,-0.030890028923749924,0.009200916487654866,0.6939594745635986,0.6316490106284618,0.5664291381835938,0.031604552067958765,80.0,37.10015106201172,15.568128821253776,3.771899461746216,6.921709585732846,-0.006779915175793576,0.6391812273673714,80.0,15.03529259729013,30.096928642421958,459,0.19585013389587402,74.21308898925781,31.167029511928558,7.574254035949707,13.839006826072517
0.009608522057533264,-0.008716447121696547,-0.02510935440659523,0.007225678922494888,0.6425671577453613,0.6051865659654141,0.5635323524475098,0.018501305932810744,80.0,39.26191329956055,16.139705032110214,5.910140514373779,7.234137348876924,-0.006787058308298582,0.6384751270823181,80.0,15.147389042850584,30.321121694743624,460,0.21061968803405762,78.53600311279297,32.30894632339478,11.859179496765137,14.467829350643436
0.021541163325309753,-0.005709750996902585,-0.027822187170386314,0.00996130751963531,0.6600165367126465,0.6050641559064388,0.5524111390113831,0.019560126249034283,80.0,139.95191955566406,26.85931463241577,7.723385810852051,21.554270979056465,-0.0067604184683150385,0.6376166248880327,80.0,15.389126886222511,30.80452693359553,461,0.22412872314453125,279.91925048828125,53.74215018749237,15.505489349365234,43.10421549081372
0.007906757295131683,-0.004674562875879929,-0.02049683779478073,0.0069555908971047275,0.6347000002861023,0.6024017669260502,0.5402465462684631,0.01741850897542198,80.0,112.28509521484375,21.965504789352416,5.561723232269287,19.717964062361713,-0.0067750058061647,0.635958006542176,80.0,15.585672190710904,31.197613543517882,462,0.2147505283355713,224.57119750976562,43.952406597137454,11.132810592651367,39.43009772549339
0.006539033725857735,-0.005422814097255468,-0.021689899265766144,0.006258746770696217,0.5982980132102966,0.5447783879935741,0.49753236770629883,0.01730398625123551,80.0,72.19337463378906,29.938511192798615,7.146176338195801,13.204192017091263,-0.00673138775145344,0.6345875495858491,80.0,15.858783499091867,31.74372151637822,463,0.20220947265625,144.3973846435547,59.89876372814179,14.320413589477539,26.40412194617338
0.01631489396095276,-0.011317338474327698,-0.029514405876398087,0.00864478226356453,0.5874747037887573,0.5418648842722178,0.4884762167930603,0.018591225776973808,80.0,33.58016586303711,13.11477717757225,4.7096028327941895,6.547998621960824,-0.006738696662665462,0.6332431831732392,80.0,15.965459008287642,31.957060266196724,464,0.2042839527130127,67.19667053222656,26.263026452064516,9.451420783996582,13.097193960960848
0.02642073482275009,-0.003993686189642176,-0.02006259560585022,0.007798521593168713,0.6648077368736267,0.62628702968359,0.5685666799545288,0.019407809202140268,80.0,24.633668899536133,8.000767412781716,2.940978527069092,4.988733334584986,-0.006738271397785865,0.6325893329009413,80.0,16.021326871428638,32.068782065138215,465,0.2076094150543213,49.279876708984375,16.022047930955885,5.917485237121582,9.974878770967596
0.02000970020890236,-0.0057353370124474164,-0.02330298162996769,0.007760277560836512,0.6841334104537964,0.6507455751299858,0.6203410625457764,0.014979102729763097,80.0,17.377527236938477,4.306955762207508,1.4864370822906494,3.1694233430477143,-0.006718546732576214,0.6321736927405,80.0,16.021573947478085,32.06922845633328,466,0.20575833320617676,34.76799011230469,8.638397172093391,3.0217628479003906,6.334037020670612
0.00826980359852314,-0.010257038625422866,-0.029941227287054062,0.008679141018769833,0.6669861078262329,0.6254790373146534,0.5702813863754272,0.017696662044369975,80.0,4.600015640258789,1.6283878814429045,0.4578499495983124,0.8390240810967419,-0.006736613308792584,0.6314257664754986,80.0,16.00652316978574,32.03914807586372,467,0.20850062370300293,9.222443580627441,3.2897994220256805,0.952135443687439,1.674185825195462
0.03236178308725357,-0.0040152087341994045,-0.02333707921206951,0.010578267866315046,0.7261959910392761,0.6971977256238461,0.6671826243400574,0.014059705110075019,80.0,10.065507888793945,3.7109968803822992,0.7164798378944397,1.9050217691918527,-0.006680192085463204,0.6314092765226961,80.0,16.02453239644319,32.075053357079625,468,0.20985865592956543,20.150379180908203,7.443968157470226,1.4932924509048462,3.8030494284180296
0.016499236226081848,-0.00826403583632782,-0.03160034492611885,0.010137828963824232,0.7322286367416382,0.6897497743368148,0.6551423072814941,0.015162846778740004,80.0,7.425149917602539,3.521747428178787,0.5258495807647705,1.6152767692941672,-0.00671302008566272,0.6315373665913939,80.0,16.018590710006656,32.06323820196092,469,0.20001649856567383,14.832967758178711,7.0738179087638855,1.0893263816833496,3.2249236090110784
0.010905948467552662,-0.008288687851745635,-0.03311099112033844,0.009617892941184765,0.7486045360565186,0.7060322687029839,0.6713566780090332,0.017669236984255505,80.0,4.984546184539795,1.5065252222120762,0.3040917217731476,0.8332870404751839,-0.0067386910980130775,0.6316593259051442,80.0,16.003262140348554,32.03263484404982,470,0.21004843711853027,9.982673645019531,3.043748490512371,0.6547267436981201,1.6609837402738048
0.016868192702531815,-0.012299370841355994,-0.03244885057210922,0.010716340356759892,0.7633296251296997,0.7301910936832428,0.6930333375930786,0.0148341175363924,80.0,6.620765209197998,2.372293630987406,0.5877853631973267,1.4308621299820643,-0.006802695808946737,0.6326235757470131,80.0,15.855268118582664,31.736794092312458,471,0.19646883010864258,13.256400108337402,4.783789852261544,1.2328300476074219,2.863461853437531
0.006195295602083206,-0.0041430995624978095,-0.019618887454271317,0.005488094745143121,0.6910291910171509,0.651548045873642,0.5924842953681946,0.019710266593036155,80.0,10.138057708740234,3.6876711294054987,0.5374764800071716,2.0515404670973254,-0.006792957407145878,0.6329570243135094,80.0,14.62767697966844,29.281599019348622,472,0.19609880447387695,20.285966873168945,7.396659390628338,1.1028308868408203,4.101262037472074
0.006226591765880585,-0.009199854006874375,-0.02746662311255932,0.008585023858425057,0.6810512542724609,0.6299784578382969,0.5696420669555664,0.022250033304835923,80.0,5.894245624542236,1.6161605168133975,0.3504192531108856,1.0611300552124667,-0.006808720741231809,0.633176701001823,80.0,14.429357271846383,28.884995525792238,473,0.19511771202087402,11.800358772277832,3.263320316374302,0.7156479954719543,2.1149044234600205
0.01564095728099346,-0.00795171179343015,-0.02862764708697796,0.00916498119425722,0.7294637560844421,0.673491471260786,0.6182382106781006,0.02427394928624077,80.0,2.533506393432617,0.7735535498708487,0.3414342403411865,0.4459713466706427,-0.006841049870170537,0.6347042472213507,80.0,14.143597825102509,28.313571842916307,474,0.1972653865814209,5.079858779907227,1.576480346173048,0.7129456996917725,0.8847113862079542
0.013480864465236664,-0.006609260762343183,-0.02993854321539402,0.009179901971926488,0.8700860738754272,0.7974145002663136,0.7315394878387451,0.029421745980926277,80.0,4.135288715362549,1.2205999959260225,0.37747007608413696,0.7528116952018922,-0.006814976941081113,0.6384759257808328,80.0,13.936913706701251,27.90022689247131,475,0.19776344299316406,8.28554916381836,2.4703667871654034,0.7954820990562439,1.4971860156683165
0.005652230232954025,-0.007406718324637041,-0.02510143257677555,0.006261975726640488,0.7928577661514282,0.7566305384039879,0.709875226020813,0.018045283504809093,80.0,7.3622260093688965,2.960319723933935,0.9797117114067078,1.3488847072270989,-0.006858570420459727,0.641579094722867,80.0,13.837820868078623,27.702190466046332,476,0.19890952110290527,14.735995292663574,5.950585472583771,2.0083513259887695,2.69297078226029
0.005780981853604317,-0.010135590948630124,-0.028371889144182205,0.007306502033548382,0.7701151371002197,0.725399588048458,0.6505670547485352,0.022440673675924554,80.0,3.971522331237793,1.9016032859683036,0.7570344805717468,0.7103030045372557,-0.006902131899478262,0.6441977219320835,80.0,13.772382891703398,27.57145400823653,477,0.20129942893981934,7.957209587097168,3.837985743582249,1.541974663734436,1.4145088209091377
0.009428044781088829,-0.012320540740620344,-0.029810182750225067,0.008487934880604283,0.8205547332763672,0.7849837221205235,0.7430490255355835,0.014155939539340344,80.0,25.204015731811523,10.594245257973672,1.6383986473083496,5.51131461295588,-0.006983218616558588,0.646985800921917,80.0,13.829071412999182,27.685048985168336,478,0.1833350658416748,50.439964294433594,21.228831192851068,3.2941367626190186,11.02510143858473
0.016734063625335693,-0.008402655448298902,-0.02666366472840309,0.009931830107981142,0.8137317895889282,0.7700835332274437,0.7307999134063721,0.015073271128811915,80.0,26.92477035522461,10.497204537689687,1.032959222793579,6.544072406220316,-0.006956394644032117,0.6485765787214042,80.0,13.879643432144075,27.786171191230416,479,0.19477295875549316,53.896732330322266,21.026616027951242,2.088008403778076,13.094192359054095
0.0169950183480978,-0.01365076323854737,-0.041071295738220215,0.013134688723084521,0.7630147933959961,0.7150701604783535,0.6843866109848022,0.017102898607314326,80.0,64.06788635253906,25.616172766685487,7.902125358581543,12.223277618869036,-0.006961024901233032,0.6480290716513991,80.0,14.124936121392995,28.27675488209724,480,0.1942758560180664,128.15020751953125,51.27394865751266,15.888360023498535,24.43834777068119
0.010789398103952408,-0.007268720667343587,-0.024283744394779205,0.00869896366761082,0.761518120765686,0.7236773431301117,0.689743161201477,0.015845300121976633,80.0,129.47479248046875,29.591106206178665,5.431019306182861,23.335532990922193,-0.006934938358943328,0.6476147729754448,80.0,14.37875926702097,28.784340712636713,481,0.1964406967163086,258.9640197753906,59.21122323274612,10.897361755371094,46.66609170021369
0.007157269865274429,-0.006023467594059184,-0.025955580174922943,0.006636866855780563,0.7364979982376099,0.6869288787245751,0.6381201148033142,0.01829433922010736,80.0,62.539451599121094,33.49706766605377,10.071189880371094,12.017562861868308,-0.006836532363013249,0.6474953797459603,80.0,14.658109275300056,29.34284153294563,482,0.19538545608520508,125.09264373779297,67.01992120742798,20.17595672607422,24.031225679620505
0.010360103100538254,-0.004907322919461876,-0.0204178374260664,0.006558660895622405,0.6928787231445312,0.6387828536331653,0.5890935659408569,0.020570232653073225,80.0,169.75543212890625,79.41233420372009,33.86738967895508,29.97989173530562,-0.006850368846076891,0.6475700122714042,80.0,15.416689504433423,30.860031151920563,483,0.1981520652770996,339.527587890625,158.84725818634033,67.77450561523438,59.956115765057156
0.01193227618932724,-0.004969716817140579,-0.017765391618013382,0.006103965629883581,0.6580674648284912,0.6094665780663491,0.5603622794151306,0.020621260871310127,80.0,99.44725799560547,27.527714955806733,12.84932804107666,15.780881102599448,-0.006844438433516189,0.6473181400299072,80.0,15.671738680727781,31.37011260420084,484,0.19497895240783691,198.90716552734375,55.07755846977234,25.702251434326172,31.557970645557717
0.006891969591379166,-0.006749151600524783,-0.02456631511449814,0.006113301034558485,0.5811738967895508,0.5426111444830894,0.5029043555259705,0.01830945959011082,80.0,58.96586227416992,22.37352176308632,6.127896785736084,11.169761709056205,-0.006840921496259397,0.6452340928465128,80.0,15.885986330613497,31.79855918968469,485,0.19501924514770508,117.9517593383789,44.771394109725954,12.281518936157227,22.338708539741326
0.007507242262363434,-0.005845892959041521,-0.019777918234467506,0.005715401767453334,0.6685929298400879,0.6277761578559875,0.5757550001144409,0.018104819206752016,80.0,15.386886596679688,6.670363938808441,2.220848560333252,2.7917586970475083,-0.006820998875584337,0.6446457640528679,80.0,15.936970794893801,31.900476506389673,486,0.1952815055847168,30.786584854125977,13.364975190162658,4.4589385986328125,5.5800540514187045
0.018570512533187866,-0.00477513027144596,-0.024454057216644287,0.008866807157474238,0.7077701091766357,0.6760519236326218,0.6383507251739502,0.015682720607373954,80.0,47.82977294921875,17.017492949962616,5.010826587677002,8.474406771005864,-0.006794872054408188,0.644800968900323,80.0,16.080177652448416,32.186841073073445,487,0.203566312789917,95.67351531982422,34.05805730819702,10.070115089416504,16.94542964883202
0.010130736976861954,-0.003735153400339186,-0.017187125980854034,0.005438844358119818,0.7713034152984619,0.7384712249040604,0.697638750076294,0.016264594345349687,80.0,31.971385955810547,7.3813423097133635,1.0502299070358276,7.0797506224376905,-0.006752341872881516,0.6450406590998173,80.0,16.138832742441444,32.304070985786616,488,0.1981031894683838,63.959503173828125,14.78492428958416,2.12856125831604,14.156282569526597
0.013402799144387245,-0.009733550430973991,-0.030978349968791008,0.009607672151835852,0.7458862066268921,0.7065900199115276,0.6534416079521179,0.020737242710728025,80.0,11.79179859161377,4.463577702641487,1.2592244148254395,1.9832864310321563,-0.006780418713271501,0.6438533354327083,80.0,16.162877847302706,32.35219360246509,489,0.19785308837890625,23.596256256103516,8.960754278302193,2.576108455657959,3.965180160664425
0.013604776002466679,-0.002309626914211549,-0.016737058758735657,0.006516624992851967,0.7191832065582275,0.6820832036435605,0.6504943370819092,0.016273006862569408,80.0,15.452527046203613,3.5136393673717974,0.6846765279769897,2.8572921320030065,-0.006727745361757116,0.6434590080976487,80.0,16.14617152649537,32.31866772698611,490,0.19377350807189941,30.91993522644043,7.045539624989033,1.3948708772659302,5.7126379084865375
0.01582459732890129,-0.013665624480927363,-0.03747105970978737,0.010987233231333804,0.7595224380493164,0.7196524113416671,0.6618390083312988,0.018608337150546418,80.0,3.056215763092041,1.1282143291085958,0.4566875100135803,0.5979434632082072,-0.006832035870829713,0.6430976145789028,80.0,16.124696388140322,32.27591880317032,491,0.20040655136108398,6.128270149230957,2.2981529496610165,0.9532740116119385,1.184571546975688
0.016953470185399055,-0.008115756389452144,-0.021887391805648804,0.007637242062799856,0.7785341739654541,0.7433607757091523,0.7066053152084351,0.016152744342318184,80.0,2.8296761512756348,1.1593563213944436,0.3112892508506775,0.5851792005947787,-0.006866100785395247,0.6426895377635957,80.0,15.854677221029997,31.73594043546915,492,0.1943521499633789,5.672843933105469,2.3498113736510278,0.6429653167724609,1.165288527875917
0.013937467709183693,-0.0096888133790344,-0.03291604667901993,0.010199893741439337,0.7464419603347778,0.7090970486402511,0.6682868599891663,0.017511731395686146,80.0,13.198076248168945,3.113816701993346,0.3813082277774811,2.7622025464122832,-0.0069223412867431755,0.6436130390390753,80.0,15.603489675488325,31.233696293286975,493,0.1861097812652588,26.411680221557617,6.261192952841521,0.7709547877311707,5.517984990238824
0.006819915026426315,-0.012705781823024153,-0.04421631246805191,0.01023154989047803,0.7037776112556458,0.6565484933555126,0.6084882020950317,0.021865431805397274,80.0,4.9536662101745605,1.9036878254264593,0.46706423163414,1.034872549565268,-0.00699152689272887,0.6449249506071211,80.0,15.111461619727315,30.24980479492992,494,0.1924746036529541,9.910097122192383,3.8459181994199754,1.008116602897644,2.060495692654371
0.006765138357877731,-0.008065113134216517,-0.027608411386609077,0.007983789211058355,0.7581794261932373,0.6961884655058383,0.6217516660690308,0.024263766555991634,80.0,3.8227150440216064,1.4969803251326084,0.4193333387374878,0.7630179946569328,-0.007027418449084508,0.6462959555462002,80.0,14.885987624794245,29.798956012241536,495,0.18723607063293457,7.664430141448975,3.024014672636986,0.9026662111282349,1.5209858437740695
0.021882224828004837,-0.0068028928420972076,-0.030724618583917618,0.009353807601355476,0.8158243894577026,0.7702851071953773,0.7202995419502258,0.018361762222839632,80.0,9.878018379211426,2.1738785929977893,0.5883265137672424,1.5927932286907553,-0.0070837192415783646,0.6493480376638473,80.0,14.574485265471044,29.176124939389524,496,0.19321489334106445,19.771106719970703,4.376768679916859,1.214205265045166,3.1822333496068684
0.005012744106352329,-0.004974829329876229,-0.026014696806669235,0.005236983709678475,0.7468769550323486,0.7056096509099007,0.6513960361480713,0.01780013061452475,80.0,9.035198211669922,2.7381848275661467,0.7747302055358887,1.375761583354249,-0.007070810361212353,0.6514171923100949,80.0,14.438366419650617,28.90390281418711,497,0.1967484951019287,18.08452033996582,5.500431486964226,1.5930709838867188,2.7466580537381824
0.003131881356239319,-0.011147507320856676,-0.03483525663614273,0.008915978920882568,0.738128662109375,0.6963124707341194,0.6483216285705566,0.02076806017744109,80.0,3.759380578994751,1.9207667134702207,0.7813642621040344,0.6868249995082624,-0.0071580372281896424,0.6530015879347921,80.0,13.816788434386254,27.66095298331231,498,0.19309353828430176,7.532267093658447,3.8777547016739846,1.6066818237304688,1.3644635618170151
0.02535131946206093,-0.005512061674380675,-0.022435300052165985,0.009386912748781182,0.7856917381286621,0.7526125341653824,0.7178767919540405,0.014041475979371361,80.0,43.974308013916016,10.085080023854971,0.9744451642036438,6.989024932840288,-0.007197182784526377,0.6560005244128406,80.0,13.376439027033745,26.780392448954284,499,0.19575786590576172,87.96190643310547,20.19623645544052,1.984605312347412,13.978956983393285
0.013827290385961533,-0.00674899477744475,-0.025708984583616257,0.008526712973860758,0.7573365569114685,0.7195310287177563,0.6824154257774353,0.019140851307283543,80.0,38.42501449584961,14.963733306527137,1.2370874881744385,7.748676810287442,-0.007216024133813334,0.6584551743008196,80.0,13.42141769193858,26.870436552725728,500,0.19134044647216797,76.88248443603516,29.95535513460636,2.5152571201324463,15.494685414961278
