collect_speed,collect_time,lens_stat/max,lens_stat/mean,lens_stat/min,lens_stat/std,n_collected_episodes,n_collected_steps,pred_dist_std_array_stat/0/max,pred_dist_std_array_stat/0/mean,pred_dist_std_array_stat/0/min,pred_dist_std_array_stat/0/std,returns_stat/max,returns_stat/mean,returns_stat/min,returns_stat/std,step
7423.322365629497,0.27588725090026855,135.0,25.533333333333335,8.0,31.165935820307972,15.0,2048.0,1.1912908554077148,1.0802868604660034,1.0163971185684204,0.02363445982336998,-88.66722030832044,-249.33719744820752,-1176.0561807269805,265.3497597987291,2048
8760.787469224822,0.23376893997192383,,,,,0.0,2048.0,1.1618722677230835,1.0837368965148926,1.037431001663208,0.023983296006917953,,,,,4096
8942.119987716203,0.22902846336364746,,,,,0.0,2048.0,1.1740716695785522,1.0994726419448853,0.9755777716636658,0.05069558694958687,,,,,6144
8694.362580959909,0.23555493354797363,,,,,0.0,2048.0,1.1989177465438843,1.0708847045898438,0.8786662817001343,0.05777003988623619,,,,,8192
8457.865029563369,0.2421414852142334,,,,,0.0,2048.0,1.2428652048110962,1.0386803150177002,0.8036789298057556,0.07162158936262131,,,,,10240
8476.242748020797,0.24161648750305176,,,,,0.0,2048.0,1.133621335029602,0.9864236116409302,0.7885255217552185,0.0704599991440773,,,,,12288
8499.003750869448,0.24096941947937012,,,,,0.0,2048.0,1.2143056392669678,0.9444171190261841,0.8625772595405579,0.04613839089870453,,,,,14336
8904.974790125043,0.22998380661010742,,,,,0.0,2048.0,1.0854512453079224,0.8951679468154907,0.8049513101577759,0.03644990175962448,,,,,16384
8627.048153154872,0.23739290237426758,,,,,0.0,2048.0,1.1495574712753296,0.8916478157043457,0.770927369594574,0.07118723541498184,,,,,18432
8513.508823293296,0.24055886268615723,213.0,34.19047619047619,8.0,47.211397985796204,21.0,2048.0,1.1462911367416382,0.8904442191123962,0.6878260970115662,0.13170261681079865,2646.265277318837,126.14435146388357,-306.3995984359594,788.4822804064788,20480
8752.869253147337,0.23398041725158691,170.0,42.583333333333336,8.0,48.57203985376314,12.0,2048.0,1.2512339353561401,0.9374681711196899,0.63467937707901,0.19425830245018005,39.45799801698064,-229.9637087504835,-584.596504543396,155.33846910626536,22528
8095.227164735828,0.2529885768890381,91.0,60.5,30.0,30.5,2.0,2048.0,1.2636123895645142,0.9193458557128906,0.6076578497886658,0.22516649961471558,-282.9100159166361,-380.7486508831485,-478.58728584966093,97.83863496651242,24576
8345.868027406523,0.2453908920288086,,,,,0.0,2048.0,1.1760618686676025,0.8857877850532532,0.5953985452651978,0.21994033455848694,,,,,26624
8779.887457135119,0.2332603931427002,,,,,0.0,2048.0,1.1356970071792603,0.9183905124664307,0.6750562191009521,0.1386549025774002,,,,,28672
8836.844874642382,0.23175692558288574,110.0,110.0,110.0,0.0,1.0,2048.0,1.2743728160858154,0.9842203855514526,0.7260374426841736,0.13495215773582458,1735.1890209510188,1735.1890209510188,1735.1890209510188,0.0,30720
8822.966790880742,0.23212146759033203,255.0,104.66666666666667,2.0,108.64723752687972,3.0,2048.0,1.2473586797714233,1.0178234577178955,0.6640914082527161,0.13251972198486328,2865.501672397495,2274.3940548991504,1969.8296372648742,418.04094908745253,32768
8834.572745906908,0.23181653022766113,,,,,0.0,2048.0,1.243423342704773,1.039607048034668,0.6355521082878113,0.1350928097963333,,,,,34816
8826.60227890426,0.2320258617401123,,,,,0.0,2048.0,1.3021056652069092,1.0070724487304688,0.6186003684997559,0.1445663720369339,,,,,36864
8848.022562114313,0.23146414756774902,,,,,0.0,2048.0,1.3720167875289917,0.9541285634040833,0.5433052182197571,0.14181657135486603,,,,,38912
8814.257443948489,0.23235082626342773,,,,,0.0,2048.0,1.3269050121307373,0.8901224732398987,0.5575932860374451,0.16121095418930054,,,,,40960
8607.968285558245,0.23791909217834473,,,,,0.0,2048.0,1.317150592803955,0.8759149312973022,0.5298686623573303,0.17169342935085297,,,,,43008
8675.66753861661,0.23606252670288086,,,,,0.0,2048.0,1.163009524345398,0.8041445016860962,0.331532746553421,0.15151630342006683,,,,,45056
8460.489108637841,0.2420663833618164,,,,,0.0,2048.0,1.0805855989456177,0.7735708951950073,0.36553409695625305,0.13325464725494385,,,,,47104
8511.779433243953,0.24060773849487305,,,,,0.0,2048.0,1.122865080833435,0.7639322280883789,0.20385414361953735,0.15626958012580872,,,,,49152
8622.856658723005,0.23750829696655273,,,,,0.0,2048.0,1.1313105821609497,0.8006187677383423,0.31257757544517517,0.19053062796592712,,,,,51200
8673.792820993363,0.2361135482788086,,,,,0.0,2048.0,1.085138201713562,0.7028298377990723,0.40144234895706177,0.14905142784118652,,,,,53248
8892.400709741136,0.23030900955200195,,,,,0.0,2048.0,0.9875060319900513,0.6533000469207764,0.3218092918395996,0.18005900084972382,,,,,55296
8650.104720435349,0.23676013946533203,,,,,0.0,2048.0,0.983456552028656,0.717714250087738,0.33693236112594604,0.18600258231163025,,,,,57344
8622.709510850744,0.23751235008239746,,,,,0.0,2048.0,1.0792933702468872,0.8232114315032959,0.3528171181678772,0.19237519800662994,,,,,59392
8640.2554396807,0.237030029296875,,,,,0.0,2048.0,1.0309444665908813,0.7270084619522095,0.35643911361694336,0.17504115402698517,,,,,61440
8650.923603403999,0.23673772811889648,222.0,222.0,222.0,0.0,1.0,2048.0,1.233757495880127,0.767804741859436,0.4348315894603729,0.1391955018043518,4438.199008022705,4438.199008022705,4438.199008022705,0.0,63488
8618.945964115212,0.23761606216430664,212.0,182.5,153.0,29.5,2.0,2048.0,1.2507855892181396,0.7473171949386597,0.3569536805152893,0.19142132997512817,6145.1014318930565,5030.639008817609,3916.17658574216,1114.4624230754482,65536
8422.734881860193,0.24315142631530762,17.0,17.0,17.0,0.0,1.0,2048.0,1.2549391984939575,0.8313007354736328,0.4847029447555542,0.1430700123310089,4438.3541579020175,4438.3541579020175,4438.3541579020175,0.0,67584
8382.615739529945,0.24431514739990234,53.0,53.0,53.0,0.0,1.0,2048.0,1.3482962846755981,0.7880629897117615,0.3697645664215088,0.1941457986831665,6905.624817367316,6905.624817367316,6905.624817367316,0.0,69632
8413.272692013108,0.2434248924255371,146.0,87.66666666666667,47.0,42.3031388380999,3.0,2048.0,1.278923749923706,0.7898834943771362,0.38502711057662964,0.21509480476379395,6593.5757848021,5051.6851493633285,3165.0107443301977,1420.7794679959534,71680
8403.856403513406,0.2436976432800293,,,,,0.0,2048.0,1.2474759817123413,0.7372102737426758,0.3387092649936676,0.19108699262142181,,,,,73728
8406.940713489475,0.2436082363128662,,,,,0.0,2048.0,1.2285252809524536,0.6839510202407837,0.26814380288124084,0.17896966636180878,,,,,75776
8434.818283761624,0.24280309677124023,,,,,0.0,2048.0,1.2448651790618896,0.7425051927566528,0.24271242320537567,0.169071763753891,,,,,77824
8384.02298742875,0.24427413940429688,,,,,0.0,2048.0,1.170915961265564,0.7558274269104004,0.1763012558221817,0.12340097874403,,,,,79872
8398.039391895194,0.2438664436340332,,,,,0.0,2048.0,1.1424545049667358,0.7320791482925415,0.14911840856075287,0.12443015724420547,,,,,81920
8450.57614086106,0.24235033988952637,,,,,0.0,2048.0,1.1648355722427368,0.6643965244293213,0.2220466136932373,0.13348981738090515,,,,,83968
8475.690756295888,0.24163222312927246,,,,,0.0,2048.0,1.1158241033554077,0.6837085485458374,0.2917151153087616,0.14643311500549316,,,,,86016
8471.085265721922,0.24176359176635742,,,,,0.0,2048.0,1.120339274406433,0.6718196868896484,0.3578905165195465,0.1582684963941574,,,,,88064
8596.295850929688,0.23824214935302734,,,,,0.0,2048.0,0.9586499929428101,0.6086230278015137,0.17672158777713776,0.151056170463562,,,,,90112
8603.502315150992,0.23804259300231934,,,,,0.0,2048.0,0.9758774042129517,0.6406524181365967,0.23760753870010376,0.15899872779846191,,,,,92160
8621.965192690846,0.2375328540802002,,,,,0.0,2048.0,0.9779219031333923,0.7409096956253052,0.18629303574562073,0.15123574435710907,,,,,94208
8625.272332747265,0.2374417781829834,,,,,0.0,2048.0,1.1297043561935425,0.8285311460494995,0.20021027326583862,0.23823696374893188,,,,,96256
8603.631573464956,0.2380390167236328,,,,,0.0,2048.0,1.1582791805267334,0.891078531742096,0.28897982835769653,0.2044343799352646,,,,,98304
8295.502327876673,0.24688076972961426,,,,,0.0,2048.0,1.1916241645812988,0.974134087562561,0.26411861181259155,0.18481017649173737,,,,,100352
8872.597813130718,0.23082304000854492,,,,,0.0,2048.0,1.2312456369400024,1.0061224699020386,0.4428139328956604,0.15080180764198303,,,,,102400
8888.002648831203,0.2304229736328125,,,,,0.0,2048.0,1.2555080652236938,1.0441737174987793,0.7547040581703186,0.11711808294057846,,,,,104448
8812.855778927984,0.23238778114318848,,,,,0.0,2048.0,1.2580738067626953,0.9800165891647339,0.5923435688018799,0.11599592119455338,,,,,106496
8893.339771649598,0.2302846908569336,,,,,0.0,2048.0,1.3095548152923584,1.0394206047058105,0.5961278676986694,0.17820556461811066,,,,,108544
8867.889727622603,0.23094558715820312,,,,,0.0,2048.0,1.355977177619934,1.0755054950714111,0.6011659502983093,0.18810680508613586,,,,,110592
8896.581979675453,0.23020076751708984,,,,,0.0,2048.0,1.3522911071777344,0.9079939723014832,0.39197710156440735,0.23923629522323608,,,,,112640
8830.47677947284,0.23192405700683594,243.0,174.75,50.0,73.93705092847564,4.0,2048.0,1.3072470426559448,0.7455307841300964,0.35192999243736267,0.2554320991039276,5102.605570177889,3130.5732388227084,-555.9228418994551,2226.253079630246,114688
8836.74487639779,0.23175954818725586,151.0,104.2,23.0,47.738454101489296,5.0,2048.0,1.1848479509353638,0.5762906074523926,0.32401975989341736,0.23104365170001984,7270.80027196928,4631.068838306329,-1321.817366398133,3161.7042846653944,116736
8798.719404755442,0.23276114463806152,158.0,80.0,2.0,78.0,2.0,2048.0,1.2169511318206787,0.6253299713134766,0.3481993079185486,0.18514689803123474,929.3786407480994,-138.86622502332756,-1207.1110907947545,1068.244865771427,118784
8859.310796065158,0.2311692237854004,,,,,0.0,2048.0,1.367612361907959,0.7769935727119446,0.3945392370223999,0.20425157248973846,,,,,120832
8938.667776637745,0.22911691665649414,,,,,0.0,2048.0,1.3428443670272827,0.7927826642990112,0.33179450035095215,0.2536028325557709,,,,,122880
8909.278780612267,0.2298727035522461,,,,,0.0,2048.0,1.4252939224243164,0.6824095845222473,0.2889503836631775,0.20781174302101135,,,,,124928
8886.50388619395,0.23046183586120605,,,,,0.0,2048.0,1.3170548677444458,0.5792423486709595,0.1485721319913864,0.18513891100883484,,,,,126976
8798.32286915596,0.232771635055542,,,,,0.0,2048.0,1.1854231357574463,0.6087824106216431,0.1302824467420578,0.24175028502941132,,,,,129024
8931.789919374125,0.2292933464050293,,,,,0.0,2048.0,1.1804639101028442,0.5888999700546265,0.07698830962181091,0.22710087895393372,,,,,131072
8902.427605819476,0.23004961013793945,,,,,0.0,2048.0,1.0093663930892944,0.5348615646362305,0.08905996382236481,0.17278358340263367,,,,,133120
8892.188987887277,0.2303144931793213,,,,,0.0,2048.0,0.7980499863624573,0.5637809634208679,0.11921539157629013,0.164420023560524,,,,,135168
8683.938223266863,0.23583769798278809,,,,,0.0,2048.0,0.8410361409187317,0.5490206480026245,0.07267273962497711,0.19308273494243622,,,,,137216
8676.228359261211,0.23604726791381836,,,,,0.0,2048.0,0.9865307211875916,0.6020026206970215,0.06675752997398376,0.19351181387901306,,,,,139264
8699.187690201237,0.23542428016662598,,,,,0.0,2048.0,1.0219130516052246,0.7108132839202881,0.06812641024589539,0.20885129272937775,,,,,141312
8469.498325807024,0.24180889129638672,,,,,0.0,2048.0,1.0496762990951538,0.8610707521438599,0.23690375685691833,0.1407245397567749,,,,,143360
8523.663111309568,0.24027228355407715,,,,,0.0,2048.0,1.0370838642120361,0.8972745537757874,0.616701602935791,0.09819969534873962,,,,,145408
8907.310989880429,0.22992348670959473,,,,,0.0,2048.0,1.1028003692626953,0.8715786337852478,0.1863589882850647,0.0957120731472969,,,,,147456
8861.81507861181,0.23110389709472656,,,,,0.0,2048.0,1.2294601202011108,0.8850120902061462,0.14850741624832153,0.22620104253292084,,,,,149504
8931.659899765009,0.22929668426513672,,,,,0.0,2048.0,1.2574443817138672,0.9198712110519409,0.19164152443408966,0.18407931923866272,,,,,151552
8877.29255190517,0.23070096969604492,,,,,0.0,2048.0,1.252009391784668,0.8024863004684448,0.16417640447616577,0.26141566038131714,,,,,153600
8771.898861993186,0.2334728240966797,212.0,121.16666666666667,26.0,79.24943042206816,6.0,2048.0,1.258767008781433,0.6325396299362183,0.0703883245587349,0.2459864765405655,5578.419639520304,5033.400034243429,4454.751623268797,475.95786806832933,155648
8850.639014820554,0.23139572143554688,160.0,100.5,41.0,59.5,2.0,2048.0,1.03337562084198,0.7350119948387146,0.07235493510961533,0.1739605814218521,6629.010803735737,6410.366882506605,6191.7229612774745,218.64392122913114,157696
8869.986681494836,0.23089098930358887,,,,,0.0,2048.0,1.059009313583374,0.7480305433273315,0.43730586767196655,0.11377576738595963,,,,,159744
8890.431165390188,0.2303600311279297,,,,,0.0,2048.0,1.0445892810821533,0.698888897895813,0.055353663861751556,0.1768709272146225,,,,,161792
8912.024053310703,0.22980189323425293,,,,,0.0,2048.0,1.052167296409607,0.658497154712677,0.053837619721889496,0.2034156173467636,,,,,163840
8691.485913412309,0.23563289642333984,,,,,0.0,2048.0,0.9622660279273987,0.6213777661323547,0.047508355230093,0.228613018989563,,,,,165888
8678.314547350215,0.2359905242919922,,,,,0.0,2048.0,0.9343677163124084,0.5738280415534973,0.041362322866916656,0.25492343306541443,,,,,167936
8618.859484429746,0.23761844635009766,,,,,0.0,2048.0,1.036887526512146,0.6053582429885864,0.04356277361512184,0.2362544685602188,,,,,169984
8661.888903118203,0.23643803596496582,,,,,0.0,2048.0,1.1218892335891724,0.5861078500747681,0.037092868238687515,0.20382902026176453,,,,,172032
8666.240842619263,0.23631930351257324,,,,,0.0,2048.0,0.8573671579360962,0.4804964065551758,0.040087636560201645,0.20653994381427765,,,,,174080
8641.58534762274,0.23699355125427246,,,,,0.0,2048.0,0.9482806921005249,0.5250167846679688,0.03736565262079239,0.20470187067985535,,,,,176128
8626.329074364745,0.237412691116333,,,,,0.0,2048.0,1.418439507484436,0.5912785530090332,0.028768494725227356,0.24434217810630798,,,,,178176
8830.930690544972,0.23191213607788086,,,,,0.0,2048.0,1.4074894189834595,0.6759365797042847,0.02408752590417862,0.2939252257347107,,,,,180224
8829.868611788119,0.23194003105163574,,,,,0.0,2048.0,1.3910117149353027,0.6833695769309998,0.04245170205831528,0.2191583663225174,,,,,182272
8824.299153210108,0.2320864200592041,,,,,0.0,2048.0,1.2533262968063354,0.7409212589263916,0.40744271874427795,0.1516532450914383,,,,,184320
8783.155223767664,0.23317360877990723,,,,,0.0,2048.0,1.3283381462097168,0.8239136934280396,0.037108611315488815,0.18787933886051178,,,,,186368
8836.726695141924,0.23176002502441406,,,,,0.0,2048.0,1.3608072996139526,0.9004795551300049,0.043307483196258545,0.21511028707027435,,,,,188416
8894.12247475924,0.23026442527770996,,,,,0.0,2048.0,1.36014986038208,0.8494825959205627,0.03635388985276222,0.2293001115322113,,,,,190464
8851.642246664895,0.2313694953918457,201.0,151.66666666666666,102.0,40.41726803676314,3.0,2048.0,1.3284730911254883,0.6443960666656494,0.022467071190476418,0.2734307646751404,6761.775768422183,6643.337847988766,6487.944653738731,114.80458480781283,192512
8833.982183809932,0.23183202743530273,143.0,86.75,57.0,33.214266513051285,4.0,2048.0,1.327823519706726,0.6214646100997925,0.021837681531906128,0.24660898745059967,7411.335885721171,7211.316405577217,6841.325525496988,219.60246079300913,194560
8901.163783696964,0.23008227348327637,13.0,13.0,13.0,0.0,1.0,2048.0,1.270238995552063,0.6587094068527222,0.02250141277909279,0.1795547604560852,7538.513321343917,7538.513321343917,7538.513321343917,0.0,196608
8941.477730450388,0.22904491424560547,,,,,0.0,2048.0,1.381487488746643,0.7368853092193604,0.3269672393798828,0.24023893475532532,,,,,198656
8164.50664428618,0.2508418560028076,,,,,0.0,2048.0,1.3605493307113647,0.6955025792121887,0.012685900554060936,0.23726026713848114,,,,,200704
8435.000502765208,0.2427978515625,,,,,0.0,2048.0,1.127916932106018,0.6237187385559082,0.011259040795266628,0.22275245189666748,,,,,202752
8028.448957275054,0.2550928592681885,,,,,0.0,2048.0,1.0150219202041626,0.5639053583145142,0.011169220320880413,0.19761712849140167,,,,,204800
8655.953549723743,0.23660016059875488,,,,,0.0,2048.0,1.1509929895401,0.6604616045951843,0.007301907055079937,0.21185311675071716,,,,,206848
8696.043717440205,0.23550939559936523,,,,,0.0,2048.0,1.1544451713562012,0.6295262575149536,0.0072477213107049465,0.24104607105255127,,,,,208896
8652.954056392708,0.23668217658996582,,,,,0.0,2048.0,1.0469459295272827,0.4762427806854248,0.007908136583864689,0.19742174446582794,,,,,210944
8687.468804265489,0.23574185371398926,,,,,0.0,2048.0,0.8731859922409058,0.47301793098449707,0.009610310196876526,0.1807451695203781,,,,,212992
8663.994416270278,0.23638057708740234,,,,,0.0,2048.0,0.9381358623504639,0.5549570918083191,0.008381047286093235,0.24049295485019684,,,,,215040
8579.227715810668,0.23871612548828125,,,,,0.0,2048.0,1.407199501991272,0.5432446002960205,0.007153100334107876,0.28794610500335693,,,,,217088
8523.578533119664,0.24027466773986816,,,,,0.0,2048.0,1.4146032333374023,0.7370642423629761,0.012755965813994408,0.27249646186828613,,,,,219136
8579.870404016088,0.23869824409484863,,,,,0.0,2048.0,1.406984567642212,0.8187090754508972,0.43500658869743347,0.18779948353767395,,,,,221184
8574.586082911588,0.2388453483581543,,,,,0.0,2048.0,1.345056176185608,0.803744375705719,0.42098620533943176,0.18526704609394073,,,,,223232
8603.79530623835,0.23803448677062988,,,,,0.0,2048.0,1.3712358474731445,0.8166015148162842,0.021489307284355164,0.2101452648639679,,,,,225280
8708.98643658816,0.23515939712524414,,,,,0.0,2048.0,1.3964921236038208,0.8476107716560364,0.01297207735478878,0.26257893443107605,,,,,227328
8899.015187491972,0.23013782501220703,239.0,219.5,200.0,19.5,2.0,2048.0,1.4222352504730225,0.6405006647109985,0.010144130326807499,0.305047869682312,7866.5111346918975,7810.848860760494,7755.1865868290915,55.66227393140298,229376
8868.027052334146,0.2309420108795166,221.0,150.6,52.0,54.712338644952844,5.0,2048.0,1.428374171257019,0.7505382299423218,0.010679580271244049,0.40192893147468567,7877.5751386821175,7798.421752629144,7731.230551641887,60.786303882407424,231424
8667.395102026814,0.23628783226013184,92.0,92.0,92.0,0.0,1.0,2048.0,1.4192490577697754,0.9650840163230896,0.010355392470955849,0.2750203013420105,7845.620850171922,7845.620850171922,7845.620850171922,0.0,233472
8670.054566246685,0.23621535301208496,,,,,0.0,2048.0,1.3614109754562378,0.889503002166748,0.4580180048942566,0.23320147395133972,,,,,235520
8878.549603976462,0.230668306350708,,,,,0.0,2048.0,1.2891801595687866,0.6943639516830444,0.008839764632284641,0.28054147958755493,,,,,237568
8879.917167005739,0.23063278198242188,,,,,0.0,2048.0,1.1091277599334717,0.5950720906257629,0.006740789394825697,0.21871210634708405,,,,,239616
8933.684920365837,0.22924470901489258,,,,,0.0,2048.0,0.9852812886238098,0.5371889472007751,0.0037461344618350267,0.1888352930545807,,,,,241664
8897.678601800473,0.23017239570617676,,,,,0.0,2048.0,1.0081562995910645,0.6325502395629883,0.0023293178528547287,0.176326185464859,,,,,243712
8923.022083349348,0.22951865196228027,,,,,0.0,2048.0,1.0272467136383057,0.6503089666366577,0.0028166426345705986,0.1870400607585907,,,,,245760
8952.035474925251,0.2287747859954834,,,,,0.0,2048.0,1.002645492553711,0.5013668537139893,0.003316404763609171,0.14810331165790558,,,,,247808
8966.528801670147,0.22840499877929688,,,,,0.0,2048.0,0.8727329969406128,0.4871401786804199,0.0023981519043445587,0.13850140571594238,,,,,249856
8681.919529414143,0.23589253425598145,,,,,0.0,2048.0,0.8764035105705261,0.5040373802185059,0.002251868601888418,0.13090147078037262,,,,,251904
8725.57363414275,0.2347123622894287,,,,,0.0,2048.0,1.267416000366211,0.5991677045822144,0.002503741066902876,0.26363101601600647,,,,,253952
8688.584783633374,0.23571157455444336,,,,,0.0,2048.0,1.238624930381775,0.8611305952072144,0.002510420512408018,0.2252846658229828,,,,,256000
8675.588679028044,0.23606467247009277,,,,,0.0,2048.0,1.1814453601837158,0.8991572856903076,0.5321346521377563,0.14829948544502258,,,,,258048
8636.606815229501,0.23713016510009766,,,,,0.0,2048.0,1.150026798248291,0.8530288934707642,0.5125868916511536,0.14712803065776825,,,,,260096
8595.762518987875,0.23825693130493164,,,,,0.0,2048.0,1.436548113822937,0.8373009562492371,0.0033169931266456842,0.22772231698036194,,,,,262144
8645.855988533836,0.2368764877319336,,,,,0.0,2048.0,1.4330675601959229,0.9145840406417847,0.003147613490000367,0.24021172523498535,,,,,264192
8432.96341106641,0.24285650253295898,216.0,172.5,129.0,43.5,2.0,2048.0,1.4417691230773926,0.8768724203109741,0.002686083549633622,0.22955617308616638,7072.990074217038,7052.239628230816,7031.489182244593,20.75044598622253,266240
8376.141944995925,0.24450397491455078,252.0,132.6,56.0,67.59763309465798,5.0,2048.0,1.4011873006820679,0.8270928859710693,0.0025622209068387747,0.2789998948574066,7276.803512271376,7064.841051579194,6879.3186799933055,151.12374968579803,268288
8449.719939326811,0.24237489700317383,79.0,79.0,79.0,0.0,1.0,2048.0,1.3008203506469727,0.865785539150238,0.003127702046185732,0.21075603365898132,7162.451268183077,7162.451268183077,7162.451268183077,0.0,270336
8467.210838112398,0.24187421798706055,,,,,0.0,2048.0,1.212174415588379,0.7600644826889038,0.3051089942455292,0.22673729062080383,,,,,272384
8491.10660225634,0.24119353294372559,,,,,0.0,2048.0,1.186692476272583,0.6515439748764038,0.0025044542271643877,0.20189328491687775,,,,,274432
8511.04570932031,0.24062848091125488,,,,,0.0,2048.0,1.0568703413009644,0.5666981935501099,0.0021439155098050833,0.18814745545387268,,,,,276480
8491.14017605164,0.24119257926940918,,,,,0.0,2048.0,0.9933246970176697,0.5109226703643799,0.0025098228361457586,0.17954789102077484,,,,,278528
8470.124678423697,0.2417910099029541,,,,,0.0,2048.0,1.0400809049606323,0.5533957481384277,0.002831621328368783,0.17056652903556824,,,,,280576
8651.455089138866,0.2367231845855713,,,,,0.0,2048.0,1.0070924758911133,0.5718077421188354,0.0033816583454608917,0.15836745500564575,,,,,282624
8895.688294365642,0.2302238941192627,,,,,0.0,2048.0,1.0038288831710815,0.47290754318237305,0.002876776037737727,0.14566321671009064,,,,,284672
8936.417366119173,0.22917461395263672,,,,,0.0,2048.0,0.8140395283699036,0.4508952796459198,0.003150020958855748,0.1322593241930008,,,,,286720
8879.733577019611,0.2306375503540039,,,,,0.0,2048.0,0.9329528212547302,0.4784110188484192,0.0036686889361590147,0.13377267122268677,,,,,288768
8938.714284673682,0.22911572456359863,,,,,0.0,2048.0,1.1713435649871826,0.5736985206604004,0.004522360395640135,0.20358967781066895,,,,,290816
8875.008747994325,0.2307603359222412,,,,,0.0,2048.0,1.1511399745941162,0.6860100030899048,0.004502324853092432,0.2246158868074417,,,,,292864
8898.471286931786,0.23015189170837402,,,,,0.0,2048.0,1.0604223012924194,0.6426714062690735,0.006149016786366701,0.178269162774086,,,,,294912
8900.075523777059,0.23011040687561035,,,,,0.0,2048.0,0.994658350944519,0.6503863334655762,0.3238643407821655,0.16738224029541016,,,,,296960
8876.92559653601,0.23071050643920898,,,,,0.0,2048.0,1.1526399850845337,0.6452392339706421,0.006183893885463476,0.1831396520137787,,,,,299008
8617.916968396383,0.23764443397521973,247.0,204.5,162.0,42.5,2.0,2048.0,1.169834017753601,0.6474928855895996,0.003629404352977872,0.1977505385875702,7530.852203622557,7393.2992530382835,7255.746302454009,137.55295058427373,301056
8617.112966295697,0.23766660690307617,174.0,121.75,83.0,33.625697018797986,4.0,2048.0,1.0142138004302979,0.6954686045646667,0.0038326771464198828,0.18784388899803162,7676.404261539156,7563.420763637672,7459.448674817522,83.38791958190598,303104
8634.696860524962,0.2371826171875,96.0,49.0,2.0,47.0,2.0,2048.0,1.0050790309906006,0.6915109157562256,0.0035874811001122,0.1686331033706665,7649.788468861287,7562.233645956461,7474.678823051636,87.55482290482541,305152
8671.306128711833,0.23618125915527344,,,,,0.0,2048.0,0.9961602091789246,0.5913746953010559,0.1856795996427536,0.15439411997795105,,,,,307200
8680.594723290042,0.23592853546142578,,,,,0.0,2048.0,0.9938288927078247,0.5561650991439819,0.002209358150139451,0.1297920197248459,,,,,309248
8659.78441307587,0.2364954948425293,,,,,0.0,2048.0,0.9870378375053406,0.523340106010437,0.0014167155604809523,0.14706464111804962,,,,,311296
8602.39085395653,0.23807334899902344,,,,,0.0,2048.0,0.963534951210022,0.5281419157981873,0.00145651213824749,0.11860411614179611,,,,,313344
8641.350628238017,0.2369999885559082,,,,,0.0,2048.0,0.9444325566291809,0.517877459526062,0.0016569978324696422,0.12476708739995956,,,,,315392
8377.563360803628,0.2444624900817871,,,,,0.0,2048.0,0.9311541318893433,0.5464375019073486,0.0011030681198462844,0.13123314082622528,,,,,317440
8882.52496432486,0.23056507110595703,,,,,0.0,2048.0,0.9438196420669556,0.4849807620048523,0.001116382540203631,0.13612952828407288,,,,,319488
8883.204712374327,0.23054742813110352,,,,,0.0,2048.0,0.8798204660415649,0.4742976427078247,0.0007055142777971923,0.10949341952800751,,,,,321536
8875.393885540643,0.23075032234191895,,,,,0.0,2048.0,0.9193894863128662,0.4898281991481781,0.0006141112535260618,0.10012710839509964,,,,,323584
8957.916858635905,0.22862458229064941,,,,,0.0,2048.0,1.2099331617355347,0.5874635577201843,0.0006732875481247902,0.2155390828847885,,,,,325632
8909.130935144352,0.22987651824951172,,,,,0.0,2048.0,1.1540513038635254,0.7056893110275269,0.0008359712082892656,0.20445986092090607,,,,,327680
8677.411578119018,0.23601508140563965,,,,,0.0,2048.0,1.0372408628463745,0.6537730097770691,0.3461816906929016,0.16560330986976624,,,,,329728
8460.589105751274,0.2420635223388672,,,,,0.0,2048.0,0.9821576476097107,0.5878371000289917,0.002025230787694454,0.14536724984645844,,,,,331776
8465.008003878756,0.24193716049194336,,,,,0.0,2048.0,0.9737230539321899,0.5545201897621155,0.001986855873838067,0.13924401998519897,,,,,333824
8491.425564031668,0.24118447303771973,220.0,220.0,220.0,0.0,1.0,2048.0,0.9976072907447815,0.5666229724884033,0.0005940082482993603,0.16645632684230804,7296.945896655225,7296.945896655225,7296.945896655225,0.0,335872
8442.229347338958,0.24258995056152344,191.0,145.0,99.0,46.0,2.0,2048.0,1.2813105583190918,0.6327269077301025,0.0006224642274901271,0.2588813900947571,7910.969878769399,7822.029554971838,7733.0892311742755,88.94032379756163,337920
8436.118837240592,0.2427656650543213,104.0,52.25,20.0,32.29841327371981,4.0,2048.0,1.2477407455444336,0.7951438426971436,0.0006534206913784146,0.26430079340934753,8151.002598712243,7958.651959391072,7755.272623582805,176.44611397517917,339968
8469.231110217184,0.24181652069091797,37.0,37.0,37.0,0.0,1.0,2048.0,1.1969711780548096,0.7687387466430664,0.0006722780526615679,0.1998167484998703,8254.583614292897,8254.583614292897,8254.583614292897,0.0,342016
8480.560799370518,0.24149346351623535,,,,,0.0,2048.0,1.0806465148925781,0.6074626445770264,0.0003491648531053215,0.15141180157661438,,,,,344064
8536.224666399017,0.23991870880126953,,,,,0.0,2048.0,0.9902463555335999,0.5684462189674377,0.0003697530191857368,0.1565253585577011,,,,,346112
8412.522896632909,0.24344658851623535,,,,,0.0,2048.0,0.9633405208587646,0.566291332244873,0.0002540449786465615,0.12376593053340912,,,,,348160
8764.613335782138,0.23366689682006836,,,,,0.0,2048.0,0.9386986494064331,0.5442017316818237,0.0003029537037946284,0.13311535120010376,,,,,350208
8873.07439597558,0.23081064224243164,,,,,0.0,2048.0,0.9518879055976868,0.5309697389602661,0.00025030793040059507,0.14022940397262573,,,,,352256
8760.242465777173,0.23378348350524902,,,,,0.0,2048.0,0.9237764477729797,0.505347728729248,0.0002704679500311613,0.13428230583667755,,,,,354304
8838.054123462074,0.23172521591186523,,,,,0.0,2048.0,0.8885848522186279,0.48504841327667236,0.0002264277427457273,0.1180635318160057,,,,,356352
8840.455417624647,0.23166227340698242,,,,,0.0,2048.0,0.9209088683128357,0.49713820219039917,0.00018117341096512973,0.09184225648641586,,,,,358400
8880.881138994602,0.2306077480316162,,,,,0.0,2048.0,1.139143466949463,0.5510108470916748,0.00023402227088809013,0.15583676099777222,,,,,360448
8853.594640390838,0.23131847381591797,,,,,0.0,2048.0,1.117168664932251,0.6371480822563171,0.00021919213759247214,0.20381155610084534,,,,,362496
8863.323815076019,0.2310645580291748,,,,,0.0,2048.0,1.0731992721557617,0.6013444662094116,0.00026126194279640913,0.18457430601119995,,,,,364544
8828.861234734382,0.23196649551391602,,,,,0.0,2048.0,0.9809001088142395,0.5758371353149414,0.0015465348260477185,0.15716500580310822,,,,,366592
8922.753289706036,0.22952556610107422,,,,,0.0,2048.0,0.9725850224494934,0.5310298204421997,0.0011201105080544949,0.14740721881389618,,,,,368640
8894.417175157156,0.2302567958831787,247.0,189.0,131.0,58.0,2.0,2048.0,1.3074243068695068,0.551393449306488,0.00024402358394581825,0.1813027262687683,7515.424931547237,7428.372462953854,7341.319994360471,87.05246859338286,370688
8902.584455492439,0.23004555702209473,256.0,179.8,88.0,54.023698503527136,5.0,2048.0,1.3582122325897217,0.6643298864364624,0.000243467788095586,0.24905017018318176,7609.333138513783,7475.655186206981,7328.0921802652,115.28392573791572,372736
8218.939865415032,0.24918055534362793,199.0,199.0,199.0,0.0,1.0,2048.0,1.3204214572906494,0.7760280966758728,0.0002453327761031687,0.2237238585948944,7707.114309639769,7707.114309639769,7707.114309639769,0.0,374784
8660.456690833456,0.23647713661193848,,,,,0.0,2048.0,1.2917685508728027,0.6663299202919006,0.2689451277256012,0.18128862977027893,,,,,376832
8629.249452505615,0.23733234405517578,,,,,0.0,2048.0,0.9582899212837219,0.5627447366714478,0.000161232179380022,0.15079550445079803,,,,,378880
8613.0174788433,0.2377796173095703,,,,,0.0,2048.0,0.978110134601593,0.5573447942733765,0.0001532838068669662,0.14801377058029175,,,,,380928
8577.488655960202,0.23876452445983887,,,,,0.0,2048.0,0.9666545391082764,0.5492643117904663,0.00012105598580092192,0.1302158534526825,,,,,382976
8885.64899040053,0.2304840087890625,,,,,0.0,2048.0,0.9409746527671814,0.5184164047241211,9.769906318979338e-05,0.1414954960346222,,,,,385024
8844.059806479378,0.2315678596496582,,,,,0.0,2048.0,0.9401390552520752,0.5002798438072205,8.364092354895547e-05,0.1311865597963333,,,,,387072
8898.333017728432,0.23015546798706055,,,,,0.0,2048.0,0.9080990552902222,0.43539997935295105,9.290021262131631e-05,0.13644658029079437,,,,,389120
8873.431866709501,0.23080134391784668,,,,,0.0,2048.0,0.9376386404037476,0.4456329643726349,9.425111784366891e-05,0.13352495431900024,,,,,391168
8920.381192910165,0.22958660125732422,,,,,0.0,2048.0,1.1319520473480225,0.48512405157089233,8.756616443861276e-05,0.13262932002544403,,,,,393216
8969.08470994344,0.22833991050720215,,,,,0.0,2048.0,0.9751113057136536,0.5209252834320068,0.0001116483035730198,0.19003872573375702,,,,,395264
8160.760212428391,0.25095701217651367,,,,,0.0,2048.0,1.0405941009521484,0.6715381145477295,0.00010140433005290106,0.2127571851015091,,,,,397312
8645.673247426157,0.23688149452209473,,,,,0.0,2048.0,1.001251220703125,0.6486109495162964,0.00012608652468770742,0.1384359449148178,,,,,399360
8665.655086142715,0.23633527755737305,,,,,0.0,2048.0,0.9451436996459961,0.5565273761749268,0.00027259805938228965,0.13295891880989075,,,,,401408
8574.928467182432,0.23883581161499023,,,,,0.0,2048.0,0.93072110414505,0.4571197032928467,0.0002111089852405712,0.1388428807258606,,,,,403456
8850.91260095166,0.23138856887817383,123.0,123.0,123.0,0.0,1.0,2048.0,1.2328078746795654,0.5168119668960571,6.452915113186464e-05,0.18046174943447113,7475.7032153050495,7475.7032153050495,7475.7032153050495,0.0,405504
8859.237699592204,0.2311711311340332,201.0,139.25,41.0,60.44160404886687,4.0,2048.0,1.254644513130188,0.6103591918945312,6.444687460316345e-05,0.2696462869644165,8111.093893365114,7842.165900637995,7579.751879958311,188.6756215967534,407552
8633.933115154829,0.23720359802246094,134.0,124.5,115.0,9.5,2.0,2048.0,1.2471818923950195,0.7098705768585205,6.368200411088765e-05,0.2593329846858978,7954.010500729594,7895.53330689723,7837.0561130648675,58.477193832363355,409600
8644.99456236772,0.23690009117126465,114.0,114.0,114.0,0.0,1.0,2048.0,1.219229817390442,0.6649549007415771,6.265663978410885e-05,0.20220917463302612,8234.024214149566,8234.024214149566,8234.024214149566,0.0,411648
8682.130131870332,0.235886812210083,,,,,0.0,2048.0,1.2196931838989258,0.5820649862289429,3.9271013520192355e-05,0.16786836087703705,,,,,413696
8674.30960149373,0.2360994815826416,,,,,0.0,2048.0,0.9426869750022888,0.5343354940414429,4.092087328899652e-05,0.14083538949489594,,,,,415744
8702.201696081143,0.23534274101257324,,,,,0.0,2048.0,0.9764158725738525,0.5097953677177429,4.180216637905687e-05,0.14422552287578583,,,,,417792
8687.521521248182,0.23574042320251465,,,,,0.0,2048.0,0.9693179726600647,0.5158326029777527,5.5311204050667584e-05,0.14270895719528198,,,,,419840
8700.800187995437,0.2353806495666504,,,,,0.0,2048.0,0.9335799217224121,0.49831917881965637,6.324637797661126e-05,0.1382651925086975,,,,,421888
8714.004589343067,0.23502397537231445,,,,,0.0,2048.0,0.945646345615387,0.46786555647850037,6.390538328560069e-05,0.14562182128429413,,,,,423936
8700.80900110103,0.2353804111480713,,,,,0.0,2048.0,1.0219043493270874,0.4457624852657318,6.686381675535813e-05,0.14475704729557037,,,,,425984
8488.86615159906,0.2412571907043457,,,,,0.0,2048.0,1.241764783859253,0.48084867000579834,5.636796777253039e-05,0.14531947672367096,,,,,428032
8514.023557957253,0.24054431915283203,,,,,0.0,2048.0,1.1157864332199097,0.535629391670227,5.907458398723975e-05,0.16702888906002045,,,,,430080
8509.292031418248,0.240678071975708,,,,,0.0,2048.0,0.980406641960144,0.6052871346473694,7.777332211844623e-05,0.18699097633361816,,,,,432128
8498.053636086632,0.2409963607788086,,,,,0.0,2048.0,0.9793593287467957,0.5863037705421448,7.918388291727751e-05,0.16169358789920807,,,,,434176
8524.678180528057,0.24024367332458496,,,,,0.0,2048.0,0.9838733077049255,0.604642927646637,0.00016600429080426693,0.14596952497959137,,,,,436224
8543.713104106782,0.23970842361450195,,,,,0.0,2048.0,0.9575552940368652,0.5690692663192749,0.00016642609261907637,0.13944771885871887,,,,,438272
8501.77122440294,0.2408909797668457,239.0,239.0,239.0,0.0,1.0,2048.0,0.9624829888343811,0.561465859413147,5.6016786402324215e-05,0.13915008306503296,5516.879522555312,5516.879522555312,5516.879522555312,0.0,440320
8473.299622693623,0.2417004108428955,253.0,201.75,89.0,66.42806259405734,4.0,2048.0,1.2144627571105957,0.6202892065048218,5.640822200803086e-05,0.21775934100151062,6133.761005752623,5972.667751874669,5800.020591883533,128.148580895469,442368
8322.184936052387,0.24608922004699707,212.0,199.0,186.0,13.0,2.0,2048.0,1.213722825050354,0.7401043176651001,5.655335189658217e-05,0.22934311628341675,5906.75029918263,5892.6627453301935,5878.575191477757,14.08755385243694,444416
8798.818544240265,0.2327585220336914,143.0,143.0,143.0,0.0,1.0,2048.0,1.1762070655822754,0.7195038795471191,5.729611439164728e-05,0.2220812439918518,6478.295486182967,6478.295486182967,6478.295486182967,0.0,446464
8841.410840537406,0.23163723945617676,,,,,0.0,2048.0,1.1525288820266724,0.6482861638069153,3.834332892438397e-05,0.18932810425758362,,,,,448512
8791.155346731333,0.23296141624450684,,,,,0.0,2048.0,1.2103270292282104,0.574307382106781,4.274246020941064e-05,0.1728030890226364,,,,,450560
8873.761865260352,0.23079276084899902,,,,,0.0,2048.0,1.1790003776550293,0.5101539492607117,4.349058144725859e-05,0.16582758724689484,,,,,452608
8879.136961988941,0.2306530475616455,,,,,0.0,2048.0,0.9411171078681946,0.49724912643432617,3.8595702790189534e-05,0.15933088958263397,,,,,454656
8852.974160249329,0.23133468627929688,,,,,0.0,2048.0,0.9066221117973328,0.4806259572505951,4.639739927370101e-05,0.18004029989242554,,,,,456704
8923.86564441397,0.22949695587158203,,,,,0.0,2048.0,0.960171103477478,0.42529019713401794,5.0360762543277815e-05,0.18669763207435608,,,,,458752
8881.707567293148,0.23058629035949707,,,,,0.0,2048.0,0.9475791454315186,0.4012098014354706,3.604824814829044e-05,0.16258442401885986,,,,,460800
8896.130507953243,0.23021245002746582,,,,,0.0,2048.0,0.9623568058013916,0.4416469633579254,2.3967573724803515e-05,0.14155767858028412,,,,,462848
8888.664839940728,0.2304058074951172,,,,,0.0,2048.0,0.9513527154922485,0.47227931022644043,2.1409836335806176e-05,0.15886333584785461,,,,,464896
8882.221866976599,0.23057293891906738,,,,,0.0,2048.0,0.9712220430374146,0.5545786619186401,2.620570194267202e-05,0.18651404976844788,,,,,466944
8881.037230335953,0.23060369491577148,,,,,0.0,2048.0,0.9733432531356812,0.582736611366272,3.729794480022974e-05,0.15721288323402405,,,,,468992
8919.992141209015,0.22959661483764648,,,,,0.0,2048.0,0.9724671244621277,0.566627562046051,0.00014989190094638616,0.1508047878742218,,,,,471040
8714.199070748879,0.23501873016357422,,,,,0.0,2048.0,0.9717973470687866,0.5035427808761597,0.0001111278761527501,0.15305642783641815,,,,,473088
8661.312468049193,0.23645377159118652,197.0,143.5,90.0,53.5,2.0,2048.0,0.9806838035583496,0.5246385931968689,2.758221307885833e-05,0.18638017773628235,7740.026513265496,7729.903511035074,7719.780508804652,10.123002230422117,475136
8656.764816382472,0.23657798767089844,113.0,87.66666666666667,60.0,21.69997439834639,3.0,2048.0,1.078354835510254,0.6318004727363586,2.7361182219465263e-05,0.22650301456451416,7751.334987130707,7709.60123063686,7682.122619313401,29.99994263984728,477184
8452.93782861169,0.24228262901306152,253.0,111.0,20.0,101.7283965599904,3.0,2048.0,1.0350193977355957,0.6695219278335571,2.7264939490123652e-05,0.20225068926811218,7773.126904431958,7739.464401542471,7707.3997193415535,26.85678670518482,479232
8522.005684687358,0.24031901359558105,,,,,0.0,2048.0,1.02860426902771,0.6070672273635864,3.0985647754278034e-05,0.17826397716999054,,,,,481280
8518.819486923165,0.24040889739990234,,,,,0.0,2048.0,0.974442183971405,0.5376424789428711,1.463741409679642e-05,0.16658653318881989,,,,,483328
8574.26084317867,0.23885440826416016,,,,,0.0,2048.0,0.9629980325698853,0.4996489882469177,1.3005585060454905e-05,0.17305636405944824,,,,,485376
8529.663986272995,0.24010324478149414,,,,,0.0,2048.0,0.9708442091941833,0.48319685459136963,1.0084891073347535e-05,0.1494089514017105,,,,,487424
8636.684967730323,0.23712801933288574,,,,,0.0,2048.0,0.9471145868301392,0.49962717294692993,1.555897506477777e-05,0.12720887362957,,,,,489472
8670.859725821088,0.23619341850280762,,,,,0.0,2048.0,0.9299361109733582,0.487106055021286,1.4683439076179639e-05,0.14976386725902557,,,,,491520
8933.796416053916,0.22924184799194336,,,,,0.0,2048.0,0.9411543607711792,0.4662134647369385,1.4351996469486039e-05,0.14336064457893372,,,,,493568
8886.062629115266,0.23047327995300293,,,,,0.0,2048.0,0.9536360502243042,0.47961312532424927,1.425154823664343e-05,0.1133439689874649,,,,,495616
8921.872872210595,0.22954821586608887,,,,,0.0,2048.0,0.9537122249603271,0.5041569471359253,1.4831598491582554e-05,0.14159655570983887,,,,,497664
8893.32135676467,0.2302851676940918,,,,,0.0,2048.0,0.9676727056503296,0.5562164187431335,1.826556217565667e-05,0.17951300740242004,,,,,499712
8681.989729097622,0.23589062690734863,,,,,0.0,2048.0,0.982475996017456,0.5749147534370422,1.9406197679927573e-05,0.18217846751213074,,,,,501760
8662.037391244721,0.2364339828491211,,,,,0.0,2048.0,0.9863146543502808,0.5776143074035645,2.735411726462189e-05,0.16755877435207367,,,,,503808
8685.624112851283,0.23579192161560059,,,,,0.0,2048.0,0.9816670417785645,0.5125792026519775,6.425863830372691e-05,0.16284789144992828,,,,,505856
8703.612474529835,0.235304594039917,216.0,216.0,216.0,0.0,1.0,2048.0,0.9922187328338623,0.49928295612335205,2.0867168132099323e-05,0.17319416999816895,7714.97092291247,7714.97092291247,7714.97092291247,0.0,507904
8461.739242476482,0.24203062057495117,250.0,198.75,107.0,57.48206241950614,4.0,2048.0,1.1061750650405884,0.5787310600280762,2.0075753127457574e-05,0.2238837480545044,7805.032650339687,7592.342682156237,7455.439441753698,139.37272585708942,509952
8444.45354630427,0.24252605438232422,192.0,168.0,144.0,24.0,2.0,2048.0,1.0804214477539062,0.6933438777923584,2.0475112251006067e-05,0.2044134885072708,7836.007802442592,7776.529946900815,7717.052091359037,59.477855541777444,512000
8706.355984221003,0.2352304458618164,121.0,121.0,121.0,0.0,1.0,2048.0,1.064497470855713,0.6550650596618652,2.0036890418850817e-05,0.2001572847366333,7843.67588995401,7843.67588995401,7843.67588995401,0.0,514048
8707.194378697925,0.23520779609680176,,,,,0.0,2048.0,1.014599084854126,0.5905992984771729,1.3286022294778377e-05,0.18104268610477448,,,,,516096
8707.67101174987,0.23519492149353027,,,,,0.0,2048.0,0.9891124367713928,0.5185003280639648,1.3433203093882184e-05,0.17207221686840057,,,,,518144
8691.855287096494,0.23562288284301758,,,,,0.0,2048.0,0.9890338778495789,0.4797924757003784,1.8563803678262047e-05,0.15786561369895935,,,,,520192
8689.824120262416,0.23567795753479004,,,,,0.0,2048.0,0.9931991100311279,0.5008578896522522,1.4034580090083182e-05,0.1564418226480484,,,,,522240
8701.258493161507,0.2353682518005371,,,,,0.0,2048.0,0.9626234769821167,0.5055375695228577,1.6275778762064874e-05,0.15476283431053162,,,,,524288
8674.62495543996,0.23609089851379395,,,,,0.0,2048.0,0.9593020081520081,0.4751325845718384,2.331686846446246e-05,0.15867970883846283,,,,,526336
8691.371589824847,0.23563599586486816,,,,,0.0,2048.0,0.9420379996299744,0.46075233817100525,1.5262859960785136e-05,0.14145781099796295,,,,,528384
8953.192470088918,0.2287452220916748,,,,,0.0,2048.0,0.9581984877586365,0.46211209893226624,1.4644949260400608e-05,0.13668572902679443,,,,,530432
8929.468710238094,0.2293529510498047,,,,,0.0,2048.0,0.9704331755638123,0.47097063064575195,1.4904530871717725e-05,0.16169334948062897,,,,,532480
8890.955678403714,0.2303464412689209,,,,,0.0,2048.0,0.9838632941246033,0.5204386711120605,1.7747064703144133e-05,0.21389086544513702,,,,,534528
8914.336200678907,0.22974228858947754,,,,,0.0,2048.0,0.9894314408302307,0.5309468507766724,3.0139952286845073e-05,0.20646381378173828,,,,,536576
8928.98605030207,0.22936534881591797,,,,,0.0,2048.0,0.9826560020446777,0.5173105001449585,0.17277079820632935,0.18366402387619019,,,,,538624
8941.570805496975,0.22904253005981445,,,,,0.0,2048.0,0.978064239025116,0.4757922887802124,8.826167322695255e-05,0.15189991891384125,,,,,540672
8621.445977046104,0.2375471591949463,203.0,203.0,203.0,0.0,1.0,2048.0,0.9887657761573792,0.5007935166358948,2.240035064460244e-05,0.16656097769737244,7459.155450188519,7459.155450188519,7459.155450188519,0.0,542720
8632.015668383368,0.23725628852844238,244.0,182.25,120.0,47.67795612230038,4.0,2048.0,0.9875712990760803,0.5456961393356323,2.182147727580741e-05,0.19661398231983185,7660.797406456514,7355.341050363412,7108.431072910356,215.7567544537969,544768
8626.831550541667,0.23739886283874512,153.0,129.0,105.0,24.0,2.0,2048.0,0.983154833316803,0.59930020570755,2.1587289666058496e-05,0.17444409430027008,7845.176386057484,7758.340376956185,7671.504367854885,86.83600910129962,546816
8608.149436207013,0.2379140853881836,75.0,75.0,75.0,0.0,1.0,2048.0,0.9793916940689087,0.5660268664360046,2.1103585822856985e-05,0.17310670018196106,7786.650616793177,7786.650616793177,7786.650616793177,0.0,548864
8621.004692913259,0.23755931854248047,,,,,0.0,2048.0,0.9827716946601868,0.5145244598388672,1.309878734900849e-05,0.16451820731163025,,,,,550912
8547.453746878016,0.23960351943969727,,,,,0.0,2048.0,0.9752951860427856,0.4769342541694641,1.3268988368508872e-05,0.17704229056835175,,,,,552960
8665.357866873264,0.2363433837890625,,,,,0.0,2048.0,0.9816742539405823,0.4551986753940582,1.3630001376441214e-05,0.17860546708106995,,,,,555008
8636.250805067577,0.23713994026184082,,,,,0.0,2048.0,0.9843419194221497,0.45132583379745483,1.521614376542857e-05,0.1423606276512146,,,,,557056
8375.521248049921,0.2445220947265625,,,,,0.0,2048.0,0.9495847225189209,0.47648537158966064,1.707101364445407e-05,0.1552547663450241,,,,,559104
8830.295228109131,0.23192882537841797,,,,,0.0,2048.0,0.9276471734046936,0.43557965755462646,1.9522836737451144e-05,0.16031502187252045,,,,,561152
8907.468011680383,0.22991943359375,,,,,0.0,2048.0,0.9275059103965759,0.4077673554420471,1.8835820810636505e-05,0.1633564829826355,,,,,563200
8875.091274654655,0.2307581901550293,,,,,0.0,2048.0,0.9442110657691956,0.4110029637813568,1.7384089005645365e-05,0.20316992700099945,,,,,565248
8896.360844943225,0.23020648956298828,,,,,0.0,2048.0,0.9862545728683472,0.39348191022872925,2.0289260646677576e-05,0.21754102408885956,,,,,567296
8938.332933065009,0.2291254997253418,,,,,0.0,2048.0,0.9867799282073975,0.4718361496925354,2.264293289044872e-05,0.2306893765926361,,,,,569344
8937.672620651696,0.229142427444458,,,,,0.0,2048.0,0.9857712388038635,0.5112160444259644,4.291861841920763e-05,0.20452067255973816,,,,,571392
8260.66450483719,0.24792194366455078,,,,,0.0,2048.0,0.989641010761261,0.5039408206939697,0.00016049889381974936,0.19352293014526367,,,,,573440
8639.21266101845,0.2370586395263672,,,,,0.0,2048.0,0.9859441518783569,0.4704083502292633,0.00010672642383724451,0.1609809696674347,,,,,575488
8631.174343010905,0.23727941513061523,143.0,143.0,143.0,0.0,1.0,2048.0,0.9866753816604614,0.46918803453445435,3.3653606806183234e-05,0.1590447723865509,7676.37465219099,7676.37465219099,7676.37465219099,0.0,577536
8581.919079579673,0.23864126205444336,139.0,82.25,15.0,46.472438068171115,4.0,2048.0,0.9817694425582886,0.5337710380554199,3.137235762551427e-05,0.1955336332321167,7883.478952734096,7840.618227880146,7818.7505637908625,25.519103991322883,579584
8588.723581974942,0.23845219612121582,250.0,178.66666666666666,62.0,83.17585119625902,3.0,2048.0,0.9819148182868958,0.5211939811706543,3.262545942561701e-05,0.20216095447540283,7963.113626201616,7877.0424700351,7806.948359314551,64.7474433542302,581632
8636.876013131368,0.2371227741241455,,,,,0.0,2048.0,0.9832233190536499,0.5096850991249084,9.468722419114783e-05,0.17180342972278595,,,,,583680
8479.949645103014,0.24151086807250977,,,,,0.0,2048.0,0.9848582744598389,0.4941241443157196,2.2302274373942055e-05,0.18738839030265808,,,,,585728
8552.764278445875,0.2394547462463379,,,,,0.0,2048.0,0.9787047505378723,0.41643261909484863,2.132074769178871e-05,0.2008320391178131,,,,,587776
8876.769649690448,0.2307145595550537,,,,,0.0,2048.0,0.9869500994682312,0.37420642375946045,1.8017432012129575e-05,0.21003443002700806,,,,,589824
8887.3129713338,0.23044085502624512,,,,,0.0,2048.0,0.9575278162956238,0.40729832649230957,1.6897369278012775e-05,0.17403297126293182,,,,,591872
8890.909666013902,0.2303476333618164,,,,,0.0,2048.0,0.93916916847229,0.43449923396110535,1.5923518731142394e-05,0.17409445345401764,,,,,593920
8940.937933388985,0.22905874252319336,,,,,0.0,2048.0,0.980076789855957,0.3867735266685486,1.721901753626298e-05,0.18221832811832428,,,,,595968
8964.357892451932,0.22846031188964844,,,,,0.0,2048.0,0.9253231287002563,0.3806232810020447,1.64365628734231e-05,0.18106532096862793,,,,,598016
8519.27571918508,0.24039602279663086,,,,,0.0,2048.0,0.9185553193092346,0.36333924531936646,1.5978126612026244e-05,0.18677428364753723,,,,,600064
8533.96882444926,0.23998212814331055,,,,,0.0,2048.0,0.9632239937782288,0.45048022270202637,1.8213722796645015e-05,0.19327972829341888,,,,,602112
8475.648941670515,0.24163341522216797,,,,,0.0,2048.0,0.9792495965957642,0.48777562379837036,2.008793489949312e-05,0.19894307851791382,,,,,604160
8512.175865468942,0.24059653282165527,,,,,0.0,2048.0,0.9889991283416748,0.5201104879379272,9.277823119191453e-05,0.20349398255348206,,,,,606208
8489.822603855338,0.24123001098632812,,,,,0.0,2048.0,0.9837336540222168,0.49675607681274414,8.374791650567204e-05,0.18324688076972961,,,,,608256
8524.64434099234,0.24024462699890137,,,,,0.0,2048.0,0.9846534132957458,0.48032915592193604,8.905537833925337e-05,0.16699068248271942,,,,,610304
8443.274906867708,0.24255990982055664,215.0,147.0,79.0,68.0,2.0,2048.0,0.990047812461853,0.5077036023139954,2.987043626490049e-05,0.1676945686340332,7998.637655599019,7994.512192836989,7990.386730074959,4.125462762030111,612352
8446.205512788873,0.2424757480621338,249.0,95.0,7.0,92.09505958519165,4.0,2048.0,0.9944934248924255,0.5764631032943726,2.8751521313097328e-05,0.20686399936676025,8018.486673268727,7993.81197680511,7970.047413375117,22.599339033989803,614400
8516.412403718696,0.2404768466949463,165.0,162.0,159.0,3.0,2.0,2048.0,0.9840212464332581,0.5640078783035278,2.9088207156746648e-05,0.18838916718959808,7964.131634493678,7952.849692529755,7941.567750565831,11.281941963923146,616448
8891.379014736616,0.23033547401428223,,,,,0.0,2048.0,0.9505372643470764,0.510988712310791,0.05041860416531563,0.17427019774913788,,,,,618496
8860.526201672888,0.23113751411437988,,,,,0.0,2048.0,0.9749878644943237,0.4803425073623657,2.878149098251015e-05,0.18841670453548431,,,,,620544
8383.605672787038,0.24428629875183105,,,,,0.0,2048.0,1.057892918586731,0.41029092669487,3.385086893104017e-05,0.18618249893188477,,,,,622592
8640.4118781924,0.23702573776245117,,,,,0.0,2048.0,0.9761460423469543,0.41882264614105225,2.7297239284962416e-05,0.1684379279613495,,,,,624640
8492.483345609135,0.24115443229675293,,,,,0.0,2048.0,0.9805194735527039,0.44175583124160767,3.216803088434972e-05,0.1645980030298233,,,,,626688
8470.609121308133,0.2417771816253662,,,,,0.0,2048.0,0.9257122874259949,0.46691784262657166,3.3493015507701784e-05,0.15746988356113434,,,,,628736
8557.118044300109,0.239332914352417,,,,,0.0,2048.0,0.9215335845947266,0.41865843534469604,3.324503995827399e-05,0.16876639425754547,,,,,630784
8660.229676282384,0.23648333549499512,,,,,0.0,2048.0,0.9304002523422241,0.44347715377807617,3.0272554795374162e-05,0.15237237513065338,,,,,632832
8684.087468331652,0.23583364486694336,,,,,0.0,2048.0,0.9724150896072388,0.4092947840690613,2.82697073998861e-05,0.1836119145154953,,,,,634880
8909.750070791044,0.22986054420471191,,,,,0.0,2048.0,0.9876921772956848,0.46297281980514526,2.5468201783951372e-05,0.21599562466144562,,,,,636928
8932.495806166484,0.22927522659301758,,,,,0.0,2048.0,0.988659143447876,0.4808829128742218,2.6871384761761874e-05,0.20717498660087585,,,,,638976
8939.374751017265,0.22909879684448242,,,,,0.0,2048.0,0.9935587048530579,0.5158966779708862,0.0002980638819281012,0.2160811424255371,,,,,641024
8899.4485117916,0.23012661933898926,,,,,0.0,2048.0,0.991241455078125,0.473283588886261,9.468072676099837e-05,0.1990312784910202,,,,,643072
8889.91591462304,0.23037338256835938,,,,,0.0,2048.0,0.9855766296386719,0.45722711086273193,9.820278501138091e-05,0.1975986808538437,,,,,645120
8889.44672034871,0.23038554191589355,218.0,146.66666666666666,44.0,74.41027408153319,3.0,2048.0,0.9884580373764038,0.4926021099090576,4.6702454710612074e-05,0.19853980839252472,7955.561706881472,7811.301573439214,7707.186729762293,105.29724761358602,647168
8936.250025487752,0.22917890548706055,213.0,97.66666666666667,30.0,81.96069518711731,3.0,2048.0,0.9808338284492493,0.5281262397766113,4.625551082426682e-05,0.18463771045207977,7897.161812152157,7795.007374207921,7711.729491808505,76.87014860111039,649216
8857.02710126577,0.23122882843017578,116.0,116.0,116.0,0.0,1.0,2048.0,0.9878186583518982,0.48923736810684204,4.446751336217858e-05,0.1757708191871643,7608.773365228193,7608.773365228193,7608.773365228193,0.0,651264
8892.299450205332,0.23031163215637207,108.0,108.0,108.0,0.0,1.0,2048.0,0.973129391670227,0.4247257113456726,3.856886178255081e-05,0.17976972460746765,8207.899573184508,8207.899573184508,8207.899573184508,0.0,653312
8909.63917449853,0.22986340522766113,,,,,0.0,2048.0,0.9698115587234497,0.43141013383865356,2.5658613594714552e-05,0.18942926824092865,,,,,655360
8944.457093352104,0.22896862030029297,,,,,0.0,2048.0,0.9867706894874573,0.4032441973686218,2.302147368027363e-05,0.18834172189235687,,,,,657408
8691.380383840182,0.23563575744628906,,,,,0.0,2048.0,0.9892882108688354,0.45270979404449463,2.5988339984905906e-05,0.17820389568805695,,,,,659456
8641.1941557318,0.23700428009033203,,,,,0.0,2048.0,0.9872677326202393,0.46095141768455505,2.1177036614972167e-05,0.16663457453250885,,,,,661504
8644.463870092544,0.23691463470458984,,,,,0.0,2048.0,0.9527086019515991,0.45128780603408813,2.1043586457381025e-05,0.1546570360660553,,,,,663552
8656.058220748297,0.23659729957580566,,,,,0.0,2048.0,0.93093341588974,0.44799524545669556,2.3154525479185395e-05,0.15348108112812042,,,,,665600
8671.253608339002,0.23618268966674805,,,,,0.0,2048.0,0.9184266328811646,0.4281144142150879,2.02477203856688e-05,0.14834199845790863,,,,,667648
8468.120676074666,0.24184823036193848,,,,,0.0,2048.0,0.9840853214263916,0.44109880924224854,1.8365342839388177e-05,0.16617117822170258,,,,,669696
8493.751351693423,0.2411184310913086,,,,,0.0,2048.0,0.9848647117614746,0.46260786056518555,1.9365837943041697e-05,0.19026502966880798,,,,,671744
8504.633121788462,0.24080991744995117,,,,,0.0,2048.0,0.98199063539505,0.48874804377555847,1.8823402569978498e-05,0.20117875933647156,,,,,673792
8574.337871411903,0.23885226249694824,,,,,0.0,2048.0,0.9820699095726013,0.5030642747879028,0.00011301349877612665,0.19019141793251038,,,,,675840
8579.818985416194,0.23869967460632324,,,,,0.0,2048.0,0.983785092830658,0.5011640787124634,5.0327424105489627e-05,0.16211798787117004,,,,,677888
8525.608873052817,0.2402174472808838,247.0,247.0,247.0,0.0,1.0,2048.0,0.9834854602813721,0.5024837255477905,2.0768209651578218e-05,0.17695581912994385,7503.7796759458915,7503.7796759458915,7503.7796759458915,0.0,679936
8507.143075588374,0.2407388687133789,228.0,151.5,67.0,60.06038627914409,4.0,2048.0,0.9864885807037354,0.5172067284584045,1.9692493879119866e-05,0.1923631727695465,7918.788945158877,7876.006702666798,7790.850089461793,49.9626416064179,681984
8544.44397229152,0.23968791961669922,256.0,185.0,114.0,71.0,2.0,2048.0,0.9854587316513062,0.5371848344802856,2.1190415282035246e-05,0.15195229649543762,7961.294823201882,7953.920282165062,7946.545741128243,7.37454103681921,684032
8527.25923661091,0.24017095565795898,,,,,0.0,2048.0,0.9757210612297058,0.5060563087463379,2.2649681341135874e-05,0.16316096484661102,,,,,686080
8514.015119182252,0.24054455757141113,6.0,6.0,6.0,0.0,1.0,2048.0,0.9893190860748291,0.4842773675918579,1.1798064406320918e-05,0.16180439293384552,7936.1998244984825,7936.1998244984825,7936.1998244984825,0.0,688128
8550.644381068989,0.23951411247253418,,,,,0.0,2048.0,0.983204185962677,0.4647868275642395,1.2669017451116815e-05,0.1694154441356659,,,,,690176
8551.129566029358,0.2395005226135254,,,,,0.0,2048.0,0.982589066028595,0.4418324828147888,1.1369558706064709e-05,0.17701783776283264,,,,,692224
8508.64301661922,0.24069643020629883,,,,,0.0,2048.0,0.9881250262260437,0.472202867269516,1.1956899470533244e-05,0.15739965438842773,,,,,694272
8513.880101057255,0.24054837226867676,,,,,0.0,2048.0,0.9867020845413208,0.4645964801311493,1.492368301114766e-05,0.1570943146944046,,,,,696320
8629.925667543395,0.23731374740600586,,,,,0.0,2048.0,0.9710177779197693,0.4533194303512573,1.4663134606962558e-05,0.168512761592865,,,,,698368
8613.673877205578,0.2377614974975586,,,,,0.0,2048.0,0.9821396470069885,0.4559561312198639,1.329472434008494e-05,0.14828771352767944,,,,,700416
8655.273249762457,0.2366187572479248,,,,,0.0,2048.0,0.893954873085022,0.4563891589641571,1.2081997738278005e-05,0.13966310024261475,,,,,702464
8732.252848931892,0.23453283309936523,,,,,0.0,2048.0,0.9919679760932922,0.4557231664657593,1.2895445252070203e-05,0.18121452629566193,,,,,704512
8655.561055926031,0.23661088943481445,,,,,0.0,2048.0,0.9967296719551086,0.5215847492218018,1.4903691408107989e-05,0.18734407424926758,,,,,706560
8926.86111090904,0.22941994667053223,,,,,0.0,2048.0,0.9950339794158936,0.5270151495933533,1.5288103895727545e-05,0.17647071182727814,,,,,708608
8977.436668352779,0.22812747955322266,,,,,0.0,2048.0,0.9875141382217407,0.5136158466339111,5.913744826102629e-05,0.18075041472911835,,,,,710656
8715.949794123437,0.2349715232849121,,,,,0.0,2048.0,0.9811298251152039,0.42851316928863525,0.00013962971570435911,0.18746641278266907,,,,,712704
8440.495617099257,0.24263978004455566,,,,,0.0,2048.0,0.9817994832992554,0.48307061195373535,0.0001366462092846632,0.17034658789634705,,,,,714752
8118.877329351052,0.25225162506103516,,,,,0.0,2048.0,0.9975965023040771,0.4754149913787842,3.608180850278586e-05,0.19877810776233673,,,,,716800
8479.062372418259,0.24153614044189453,225.0,168.5,111.0,42.717092597694425,4.0,2048.0,0.989445686340332,0.4571616053581238,3.351158011355437e-05,0.21765650808811188,7482.357029027411,7447.4847643491985,7374.489806768567,42.73755642607026,718848
8373.782153277449,0.24457287788391113,188.0,108.0,28.0,80.0,2.0,2048.0,0.9895937442779541,0.5872794389724731,3.3098516723839566e-05,0.18936309218406677,7626.95104972751,7388.933472233867,7150.915894740225,238.01757749364242,720896
8906.350506442379,0.2299482822418213,20.0,20.0,20.0,0.0,1.0,2048.0,0.9952867031097412,0.5453112125396729,3.35754084517248e-05,0.18262675404548645,7989.753399361782,7989.753399361782,7989.753399361782,0.0,722944
8898.793931784372,0.23014354705810547,41.0,41.0,41.0,0.0,1.0,2048.0,0.9894387722015381,0.5135833024978638,3.346853918628767e-05,0.19421134889125824,7608.088183339621,7608.088183339621,7608.088183339621,0.0,724992
8709.277826050367,0.2351515293121338,,,,,0.0,2048.0,0.9955689311027527,0.4930163621902466,2.0780345948878676e-05,0.18947699666023254,,,,,727040
8480.284513243758,0.2415013313293457,,,,,0.0,2048.0,0.9943772554397583,0.5147308111190796,1.799324127205182e-05,0.16533343493938446,,,,,729088
8466.943766842842,0.2418818473815918,,,,,0.0,2048.0,0.9915990233421326,0.5175695419311523,1.9080474885413423e-05,0.14603455364704132,,,,,731136
8462.122690876993,0.2420196533203125,,,,,0.0,2048.0,0.9827104210853577,0.5142390727996826,1.673678525548894e-05,0.1577867567539215,,,,,733184
8433.923868284473,0.2428288459777832,,,,,0.0,2048.0,0.9893115758895874,0.4976795017719269,1.6440022591268644e-05,0.1732482612133026,,,,,735232
8693.52665562847,0.23557758331298828,,,,,0.0,2048.0,0.9771513938903809,0.4975011944770813,1.4076083971303888e-05,0.14616233110427856,,,,,737280
8694.67939466756,0.23554635047912598,,,,,0.0,2048.0,0.9399904012680054,0.48303839564323425,1.4210279005055781e-05,0.11399827152490616,,,,,739328
8469.139258752415,0.24181914329528809,,,,,0.0,2048.0,0.995157778263092,0.49598950147628784,1.3384423255047295e-05,0.15140318870544434,,,,,741376
8502.14989434093,0.24088025093078613,,,,,0.0,2048.0,0.9952523708343506,0.539481520652771,1.4143870430416428e-05,0.1720733493566513,,,,,743424
8487.666695980135,0.24129128456115723,,,,,0.0,2048.0,0.9964132905006409,0.548328697681427,1.5040405742183793e-05,0.17783792316913605,,,,,745472
8534.748905576542,0.2399601936340332,,,,,0.0,2048.0,0.9957440495491028,0.5322285890579224,6.412016955437139e-05,0.18438060581684113,,,,,747520
8668.829610283186,0.23624873161315918,,,,,0.0,2048.0,0.9848559498786926,0.5051227807998657,5.307787796482444e-05,0.15134750306606293,,,,,749568
8872.084627317967,0.2308363914489746,,,,,0.0,2048.0,0.9893593788146973,0.48665013909339905,5.696250082110055e-05,0.17710767686367035,,,,,751616
8813.479690879467,0.23237133026123047,245.0,195.0,137.0,41.42463035441596,4.0,2048.0,0.9959794878959656,0.4854575991630554,1.7922488041222095e-05,0.23181767761707306,7244.908423101314,7188.344644478317,7073.269133095916,67.65913031157643,753664
8884.546142071076,0.2305126190185547,179.0,108.5,38.0,70.5,2.0,2048.0,0.9968041777610779,0.5104867815971375,1.855395566963125e-05,0.19745095074176788,7645.387590421243,7458.521481357187,7271.655372293131,186.86610906405576,755712
8929.988556220891,0.229339599609375,23.0,23.0,23.0,0.0,1.0,2048.0,0.9967334270477295,0.4788597822189331,1.8359092791797593e-05,0.19319778680801392,7620.331476807909,7620.331476807909,7620.331476807909,0.0,757760
8875.724030043366,0.2307417392730713,251.0,251.0,251.0,0.0,1.0,2048.0,0.9931403398513794,0.43976908922195435,2.0078461602679454e-05,0.18559908866882324,8048.473464971885,8048.473464971885,8048.473464971885,0.0,759808
8932.44007420533,0.2292766571044922,,,,,0.0,2048.0,0.9974324703216553,0.466639906167984,1.159174553322373e-05,0.19866323471069336,,,,,761856
8921.048217646156,0.2295694351196289,,,,,0.0,2048.0,0.9921270608901978,0.48819655179977417,1.2515686648839619e-05,0.16288405656814575,,,,,763904
8863.607331982284,0.23105716705322266,,,,,0.0,2048.0,0.9940822124481201,0.45837804675102234,1.3309509995451663e-05,0.16841620206832886,,,,,765952
8654.53201898974,0.23663902282714844,,,,,0.0,2048.0,0.9816234111785889,0.5100253224372864,1.4510614164464641e-05,0.163165882229805,,,,,768000
8644.585662558697,0.23691129684448242,,,,,0.0,2048.0,0.97966068983078,0.4747162461280823,1.6069161574705504e-05,0.171576127409935,,,,,770048
8650.967165351556,0.23673653602600098,,,,,0.0,2048.0,0.9592115879058838,0.4696771502494812,1.4946277588023804e-05,0.16147205233573914,,,,,772096
8643.29831580176,0.23694658279418945,,,,,0.0,2048.0,0.963043212890625,0.4847071170806885,1.3781896996079013e-05,0.12304709851741791,,,,,774144
8653.468356674706,0.23666810989379883,,,,,0.0,2048.0,0.991901695728302,0.4570748507976532,1.2719306141661946e-05,0.16001638770103455,,,,,776192
8650.409605552417,0.23675179481506348,,,,,0.0,2048.0,0.9955900311470032,0.5235216617584229,1.2495866030803882e-05,0.18828214704990387,,,,,778240
8675.798974450134,0.23605895042419434,,,,,0.0,2048.0,0.9951549768447876,0.5321524739265442,7.851394184399396e-05,0.17665961384773254,,,,,780288
8639.11708556814,0.2370612621307373,,,,,0.0,2048.0,0.9901166558265686,0.5184124112129211,1.0957893209706526e-05,0.20362332463264465,,,,,782336
8655.011624403893,0.23662590980529785,,,,,0.0,2048.0,0.997503936290741,0.49481311440467834,3.9272839785553515e-05,0.1873614639043808,,,,,784384
8708.130041047132,0.235182523727417,,,,,0.0,2048.0,0.993283212184906,0.4816300868988037,4.000985427410342e-05,0.1958245187997818,,,,,786432
8524.483606866479,0.2402491569519043,188.0,115.6,47.0,51.91377466530439,5.0,2048.0,0.9973174929618835,0.5442566871643066,1.5052513845148496e-05,0.255881130695343,7886.268715951627,7862.833941607928,7835.30375978333,20.91299608892027,788480
8652.065071276838,0.23670649528503418,155.0,109.0,63.0,46.0,2.0,2048.0,0.9967532753944397,0.5426637530326843,1.5599980542901903e-05,0.17439347505569458,7875.447180848832,7864.710243098071,7853.97330534731,10.736937750761172,790528
8645.455708560376,0.23688745498657227,,,,,0.0,2048.0,0.987876296043396,0.4397106170654297,4.460939089767635e-05,0.18166925013065338,,,,,792576
8656.206509033158,0.23659324645996094,135.0,135.0,135.0,0.0,1.0,2048.0,0.9954948425292969,0.46481263637542725,1.5176580745901447e-05,0.2144651561975479,7890.077287672115,7890.077287672115,7890.077287672115,0.0,794624
8636.259487893058,0.23713970184326172,,,,,0.0,2048.0,0.9923467040061951,0.47618335485458374,1.1561139217519667e-05,0.19118282198905945,,,,,796672
8852.153070246852,0.23135614395141602,,,,,0.0,2048.0,0.9864537715911865,0.49111831188201904,9.65004255704116e-06,0.17077165842056274,,,,,798720
8885.069960890913,0.2304990291595459,,,,,0.0,2048.0,0.984897255897522,0.48525503277778625,9.77678701019613e-06,0.167147696018219,,,,,800768
8887.846312550377,0.23042702674865723,,,,,0.0,2048.0,0.9840676188468933,0.5090436935424805,1.0499443305889145e-05,0.17126619815826416,,,,,802816
8872.744448553185,0.2308192253112793,,,,,0.0,2048.0,0.9943656325340271,0.44895994663238525,1.3619120181829203e-05,0.16439709067344666,,,,,804864
8922.373298737666,0.22953534126281738,,,,,0.0,2048.0,0.9845753908157349,0.4251236021518707,1.3795360246149357e-05,0.16238902509212494,,,,,806912
8849.882181311668,0.2314155101776123,,,,,0.0,2048.0,0.9909138083457947,0.48205387592315674,1.2533152585092466e-05,0.15629246830940247,,,,,808960
8907.468011680383,0.22991943359375,,,,,0.0,2048.0,0.9978015422821045,0.4797680377960205,1.1635407645371743e-05,0.19808952510356903,,,,,811008
8887.607220640926,0.23043322563171387,,,,,0.0,2048.0,0.9972084164619446,0.5702630281448364,1.1400235052860808e-05,0.19604124128818512,,,,,813056
8863.497581350812,0.23106002807617188,,,,,0.0,2048.0,0.9905269742012024,0.5541439056396484,0.2353372722864151,0.17616848647594452,,,,,815104
8867.175707676204,0.23096418380737305,,,,,0.0,2048.0,0.9918231964111328,0.496725469827652,8.028508091229014e-06,0.19450747966766357,,,,,817152
8986.22721205147,0.2279043197631836,,,,,0.0,2048.0,0.9961497783660889,0.46193188428878784,1.8577515220385976e-05,0.18483366072177887,,,,,819200
8593.21720097077,0.2383275032043457,228.0,228.0,228.0,0.0,1.0,2048.0,0.9905402660369873,0.4838322401046753,7.95311734691495e-06,0.19985227286815643,7823.613960787276,7823.613960787276,7823.613960787276,0.0,821248
8503.252436660681,0.24084901809692383,226.0,128.0,40.0,78.55443972176239,5.0,2048.0,0.996070384979248,0.5290849208831787,7.389693109871587e-06,0.22436507046222687,8215.717576985311,7990.1060065093425,7884.720559107296,116.45964394156098,823296
8524.060651286854,0.24026107788085938,63.0,63.0,63.0,0.0,1.0,2048.0,0.9965724945068359,0.5373567342758179,8.112007890304085e-06,0.168513223528862,7856.921770850895,7856.921770850895,7856.921770850895,0.0,825344
8545.234470484893,0.23966574668884277,,,,,0.0,2048.0,0.9894483089447021,0.4479134678840637,0.027037208899855614,0.18515071272850037,,,,,827392
8575.313682171896,0.23882508277893066,35.0,35.0,35.0,0.0,1.0,2048.0,0.9791454076766968,0.485149621963501,5.58981264475733e-06,0.19469548761844635,7793.755714822193,7793.755714822193,7793.755714822193,0.0,829440
8532.366713782112,0.24002718925476074,,,,,0.0,2048.0,0.9932560324668884,0.5010428428649902,5.483402219397249e-06,0.18940138816833496,,,,,831488
8544.172006731944,0.23969554901123047,,,,,0.0,2048.0,0.9934905767440796,0.45998549461364746,4.845937837671954e-06,0.15962576866149902,,,,,833536
8630.922844588953,0.23728632926940918,,,,,0.0,2048.0,0.9465649724006653,0.5084936618804932,4.687166438088752e-06,0.1522447019815445,,,,,835584
8623.999389588877,0.23747682571411133,,,,,0.0,2048.0,0.9843025803565979,0.5096290111541748,4.561361947708065e-06,0.1727989763021469,,,,,837632
8646.987414963933,0.2368454933166504,,,,,0.0,2048.0,0.9168081283569336,0.47208577394485474,3.7553224956354825e-06,0.1513090282678604,,,,,839680
8696.26380959998,0.2355034351348877,,,,,0.0,2048.0,0.9713509678840637,0.4637671113014221,3.201195340807317e-06,0.14240354299545288,,,,,841728
8717.568512592872,0.23492789268493652,,,,,0.0,2048.0,0.9643602967262268,0.46741580963134766,3.721087750818697e-06,0.13560518622398376,,,,,843776
8700.139255955184,0.235398530960083,,,,,0.0,2048.0,0.9937124848365784,0.5208479762077332,4.178493327344768e-06,0.17101386189460754,,,,,845824
8680.07719365612,0.23594260215759277,,,,,0.0,2048.0,0.9949580430984497,0.5549853444099426,1.791738577594515e-05,0.1736113578081131,,,,,847872
8943.339599618526,0.22899723052978516,,,,,0.0,2048.0,0.959715723991394,0.5537018775939941,4.253392035025172e-06,0.14326317608356476,,,,,849920
8900.960867596421,0.2300875186920166,,,,,0.0,2048.0,0.9785367846488953,0.5180425047874451,8.856050044414587e-06,0.1561003029346466,,,,,851968
8922.623533053431,0.22952890396118164,,,,,0.0,2048.0,0.9707998037338257,0.48723745346069336,9.18047680897871e-06,0.1702791154384613,,,,,854016
8882.901568635156,0.23055529594421387,194.0,146.75,78.0,43.61980628109208,4.0,2048.0,0.9927844405174255,0.5379441976547241,4.756794623972382e-06,0.2068568468093872,7905.251879982739,7878.582035037457,7852.803667615121,18.62491808166703,856064
8893.551548307676,0.23027920722961426,175.0,99.66666666666667,56.0,53.49350947129526,3.0,2048.0,0.9890548586845398,0.5121692419052124,4.93166135129286e-06,0.17935141921043396,7920.488881058619,7883.828096798298,7859.404099029498,26.396235294900297,858112
8938.918925781432,0.2291104793548584,,,,,0.0,2048.0,0.9719318151473999,0.47471755743026733,1.5756259017507546e-05,0.14937575161457062,,,,,860160
8933.387612136188,0.22925233840942383,,,,,0.0,2048.0,0.9797093868255615,0.4743058979511261,6.552469585585641e-06,0.17662376165390015,,,,,862208
8945.22087470139,0.22894906997680664,106.0,106.0,106.0,0.0,1.0,2048.0,0.9898126125335693,0.517733633518219,3.169935780533706e-06,0.18154357373714447,8116.504217581007,8116.504217581007,8116.504217581007,0.0,864256
8867.523549183645,0.2309551239013672,,,,,0.0,2048.0,0.9883138537406921,0.5138466358184814,3.212816636732896e-06,0.14282608032226562,,,,,866304
8846.072624852608,0.23151516914367676,,,,,0.0,2048.0,0.9740436673164368,0.48466795682907104,3.5107225357933203e-06,0.14044274389743805,,,,,868352
8477.706710565533,0.24157476425170898,,,,,0.0,2048.0,0.9837448000907898,0.516366720199585,2.9949187592137605e-06,0.13927200436592102,,,,,870400
8851.578397862415,0.23137116432189941,,,,,0.0,2048.0,0.975436806678772,0.478704035282135,3.463226676103659e-06,0.16418889164924622,,,,,872448
8859.393031039053,0.23116707801818848,,,,,0.0,2048.0,0.9376196265220642,0.46249306201934814,3.59747923539544e-06,0.13624602556228638,,,,,874496
8894.88689428362,0.23024463653564453,,,,,0.0,2048.0,0.9549297094345093,0.49953147768974304,3.2881798688322306e-06,0.11840619146823883,,,,,876544
8927.269317708242,0.22940945625305176,,,,,0.0,2048.0,0.9899663329124451,0.4902999997138977,2.9410127808660036e-06,0.15741346776485443,,,,,878592
8930.935574089901,0.22931528091430664,,,,,0.0,2048.0,0.9917844533920288,0.5332441926002502,3.3425276342313737e-06,0.1781998872756958,,,,,880640
8960.52394115843,0.22855806350708008,,,,,0.0,2048.0,0.9902276992797852,0.5441993474960327,2.8865742933703586e-06,0.14259390532970428,,,,,882688
8074.992331049005,0.25362253189086914,,,,,0.0,2048.0,0.9735374450683594,0.5373530983924866,3.233804591218359e-06,0.1530347615480423,,,,,884736
8533.197362735174,0.2400038242340088,,,,,0.0,2048.0,0.9752600789070129,0.4662628471851349,1.232640897796955e-05,0.16267606616020203,,,,,886784
8539.729522139343,0.23982024192810059,,,,,0.0,2048.0,0.9661020040512085,0.47794395685195923,1.5839897969271988e-05,0.1519455462694168,,,,,888832
8527.513195409601,0.24016380310058594,,,,,0.0,2048.0,0.9742407202720642,0.49106231331825256,6.349767772917403e-06,0.1897532045841217,,,,,890880
8528.63079385378,0.24013233184814453,251.0,127.0,47.0,68.11754546370561,5.0,2048.0,0.9855104684829712,0.5074794292449951,3.5350690268387552e-06,0.20246322453022003,8417.117692504436,8290.684092830963,8161.151614820417,112.9868596029164,892928
8557.126568735468,0.2393326759338379,146.0,89.5,33.0,56.5,2.0,2048.0,0.9851155281066895,0.552611231803894,3.538236114764004e-06,0.1495341807603836,8364.13928040586,8317.173087338557,8270.206894271252,46.96619306730372,894976
8544.792453468326,0.23967814445495605,,,,,0.0,2048.0,0.9749537706375122,0.5215820074081421,0.16705448925495148,0.1534767746925354,,,,,897024
8494.977730923734,0.24108362197875977,,,,,0.0,2048.0,0.9879985451698303,0.49835628271102905,6.7172172748541925e-06,0.16101309657096863,,,,,899072
8678.91078537163,0.23597431182861328,31.0,31.0,31.0,0.0,1.0,2048.0,0.988841712474823,0.5270683765411377,2.6635568701749435e-06,0.17196644842624664,8424.982604179953,8424.982604179953,8424.982604179953,0.0,901120
8681.612419146184,0.23590087890625,,,,,0.0,2048.0,0.977312445640564,0.5220156908035278,2.6537643407209544e-06,0.15669983625411987,,,,,903168
8695.70039591552,0.2355186939239502,,,,,0.0,2048.0,0.9871084094047546,0.50184166431427,2.5814010768954176e-06,0.13901841640472412,,,,,905216
8478.911721913268,0.24154043197631836,,,,,0.0,2048.0,0.987980842590332,0.48881959915161133,2.1966461645206437e-06,0.1592099964618683,,,,,907264
8463.940375569277,0.24196767807006836,,,,,0.0,2048.0,0.9883405566215515,0.46008962392807007,2.445043946863734e-06,0.18697962164878845,,,,,909312
8514.428638830848,0.24053287506103516,,,,,0.0,2048.0,0.9906740188598633,0.43740299344062805,2.805002395689371e-06,0.17526383697986603,,,,,911360
8573.328055556387,0.23888039588928223,,,,,0.0,2048.0,0.9882083535194397,0.46409517526626587,2.77602816822764e-06,0.15421929955482483,,,,,913408
8559.744373594333,0.2392594814300537,,,,,0.0,2048.0,0.9923551082611084,0.4782077670097351,3.69915642295382e-06,0.202699214220047,,,,,915456
8581.301802386799,0.23865842819213867,,,,,0.0,2048.0,0.989574670791626,0.5313431024551392,2.9212119443400297e-06,0.1823684573173523,,,,,917504
8909.768553774857,0.2298600673675537,,,,,0.0,2048.0,0.9885303378105164,0.5359429717063904,0.15554869174957275,0.14965881407260895,,,,,919552
8915.400191386765,0.22971487045288086,,,,,0.0,2048.0,0.9879648685455322,0.4907023310661316,2.938155603260384e-06,0.17157208919525146,,,,,921600
8938.314331379861,0.2291259765625,,,,,0.0,2048.0,0.9926268458366394,0.49187830090522766,7.774988262099214e-06,0.18807128071784973,,,,,923648
8668.042321357754,0.23627018928527832,227.0,227.0,227.0,0.0,1.0,2048.0,0.9938937425613403,0.4705493450164795,3.514562649797881e-06,0.2224826067686081,7986.369527938166,7986.369527938166,7986.369527938166,0.0,925696
8661.32993465133,0.23645329475402832,157.0,54.5,6.0,60.69802303205599,4.0,2048.0,0.9936231374740601,0.52629554271698,3.287786057626363e-06,0.2403346300125122,7997.540397549271,7989.279056841906,7983.456220403275,5.5172540650545665,927744
8634.818377928472,0.23717927932739258,163.0,110.5,58.0,52.5,2.0,2048.0,0.9880449175834656,0.5466728210449219,3.1539368592348183e-06,0.19051694869995117,8326.614467621508,8172.400327346088,8018.186187070667,154.2141402754205,929792
8674.484795299786,0.23609471321105957,,,,,0.0,2048.0,0.9916534423828125,0.5266867280006409,1.0954272511298768e-05,0.1599864363670349,,,,,931840
8637.049698103152,0.23711800575256348,193.0,193.0,193.0,0.0,1.0,2048.0,1.0535900592803955,0.5203447341918945,2.0601942196663003e-06,0.20080122351646423,7984.175504731168,7984.175504731168,7984.175504731168,0.0,933888
8656.616508968586,0.23658204078674316,,,,,0.0,2048.0,1.0049301385879517,0.5204506516456604,1.917381723615108e-06,0.1606748402118683,,,,,935936
8641.168077531685,0.23700499534606934,,,,,0.0,2048.0,1.0084954500198364,0.47577863931655884,1.690228941697569e-06,0.18954244256019592,,,,,937984
8644.281187827874,0.23691964149475098,,,,,0.0,2048.0,0.9909594058990479,0.5132454633712769,1.532134774606675e-06,0.17360298335552216,,,,,940032
8395.47851855327,0.2439408302307129,,,,,0.0,2048.0,0.9881457686424255,0.45298290252685547,1.3347827234611032e-06,0.20210134983062744,,,,,942080
8663.697310905045,0.2363886833190918,,,,,0.0,2048.0,0.9912033677101135,0.43319272994995117,1.4423701486521168e-06,0.1940169334411621,,,,,944128
8656.223955047755,0.23659276962280273,,,,,0.0,2048.0,0.9951358437538147,0.4710080027580261,1.7959648630494485e-06,0.15961505472660065,,,,,946176
8677.543066802438,0.23601150512695312,,,,,0.0,2048.0,0.9954676628112793,0.4295593798160553,1.6530655102542369e-06,0.18269674479961395,,,,,948224
8645.751564097816,0.2368793487548828,,,,,0.0,2048.0,0.9959922432899475,0.4667969346046448,1.9658984911075095e-06,0.22334830462932587,,,,,950272
8682.998975014203,0.23586320877075195,,,,,0.0,2048.0,0.9958391189575195,0.4985162019729614,1.910178752950742e-06,0.19172543287277222,,,,,952320
8666.389479992495,0.23631525039672852,,,,,0.0,2048.0,0.9966452121734619,0.4954710900783539,0.10413370281457901,0.1920045018196106,,,,,954368
8696.677613022235,0.23549222946166992,,,,,0.0,2048.0,0.9824209213256836,0.4598035216331482,1.9002814042323735e-06,0.16808027029037476,,,,,956416
8672.47924949671,0.23614931106567383,,,,,0.0,2048.0,0.9955748915672302,0.46221280097961426,1.4168370398692787e-05,0.17211894690990448,,,,,958464
8642.020046822197,0.23698163032531738,197.0,152.25,118.0,28.428638729281428,4.0,2048.0,0.9905238151550293,0.4876200258731842,3.0554540444427403e-06,0.228643536567688,7956.55851835473,7934.257444672291,7921.707979756628,13.412238813457057,960512
8865.949326430433,0.23099613189697266,197.0,126.0,55.0,71.0,2.0,2048.0,0.992892324924469,0.5330275297164917,2.9456887205014937e-06,0.19963359832763672,7966.89293307387,7911.82648371155,7856.76003434923,55.06644936231987,962560
8885.722523357525,0.2304821014404297,,,,,0.0,2048.0,0.9914914965629578,0.4832930564880371,3.948950052290456e-06,0.1985149383544922,,,,,964608
8887.129075410812,0.23044562339782715,32.0,32.0,32.0,0.0,1.0,2048.0,0.9875502586364746,0.49854719638824463,2.8711274353554472e-06,0.17940539121627808,8023.965704259885,8023.965704259885,8023.965704259885,0.0,966656
8893.597588046252,0.23027801513671875,,,,,0.0,2048.0,0.9948956370353699,0.5040295124053955,1.5302442761822022e-06,0.1957385241985321,,,,,968704
8899.208795261731,0.2301328182220459,42.0,42.0,42.0,0.0,1.0,2048.0,0.9919675588607788,0.4892233610153198,1.5282373624359025e-06,0.17918984591960907,8273.44789075849,8273.44789075849,8273.44789075849,0.0,970752
8903.636413766226,0.23001837730407715,,,,,0.0,2048.0,0.9956037998199463,0.49773508310317993,1.6614653759461362e-06,0.15253998339176178,,,,,972800
8879.862089212798,0.23063421249389648,,,,,0.0,2048.0,0.9874491691589355,0.46651777625083923,1.7201549553647055e-06,0.1595090925693512,,,,,974848
8858.726058053458,0.2311844825744629,,,,,0.0,2048.0,0.9936866760253906,0.46132028102874756,1.894997581075586e-06,0.18592506647109985,,,,,976896
8914.817278064505,0.22972989082336426,,,,,0.0,2048.0,0.9925594925880432,0.42924779653549194,1.991236786125228e-06,0.16257449984550476,,,,,978944
8893.689668953435,0.23027563095092773,,,,,0.0,2048.0,0.9677798748016357,0.4713951349258423,1.8346680690228823e-06,0.15870805084705353,,,,,980992
8893.34897912066,0.2302844524383545,,,,,0.0,2048.0,0.9931016564369202,0.4771175980567932,2.569856405898463e-06,0.17666755616664886,,,,,983040
8930.73129834484,0.22932052612304688,,,,,0.0,2048.0,0.9941044449806213,0.5174766778945923,2.562066129030427e-06,0.18855120241641998,,,,,985088
8898.904558262888,0.23014068603515625,,,,,0.0,2048.0,0.9937101006507874,0.5225882530212402,2.5413662569917506e-06,0.16489098966121674,,,,,987136
8906.32280326312,0.2299489974975586,,,,,0.0,2048.0,0.9969455599784851,0.48473596572875977,1.0780022421386093e-05,0.19513018429279327,,,,,989184
8982.290001558058,0.22800421714782715,,,,,0.0,2048.0,0.9940374493598938,0.4766595661640167,2.4841626782290405e-06,0.18937860429286957,,,,,991232
8918.741847699124,0.2296288013458252,237.0,227.0,208.0,13.4412301024373,3.0,2048.0,0.9969754219055176,0.5243462920188904,2.7441794827609556e-06,0.2221308797597885,7832.66786564488,7824.367581290753,7817.418853333282,6.298313141354098,993280
8681.05967541281,0.2359158992767334,161.0,103.0,45.0,58.0,2.0,2048.0,0.997361958026886,0.5495806336402893,2.989063204950071e-06,0.200530543923378,7869.93600231546,7864.908518531831,7859.881034748202,5.027483783629123,995328
8623.618445648704,0.2374873161315918,39.0,39.0,39.0,0.0,1.0,2048.0,0.9957700371742249,0.4928267300128937,2.834327915479662e-06,0.19733859598636627,7857.45314736583,7857.45314736583,7857.45314736583,0.0,997376
8451.72355667765,0.24231743812561035,129.0,129.0,129.0,0.0,1.0,2048.0,0.9956912398338318,0.4757577180862427,3.184725301252911e-06,0.19498701393604279,7850.609127952946,7850.609127952946,7850.609127952946,0.0,999424
8498.53287097269,0.2409827709197998,,,,,0.0,2048.0,1.0130995512008667,0.5120409727096558,1.8366564518146333e-06,0.18581822514533997,,,,,1001472
8476.23438397338,0.24161672592163086,154.0,154.0,154.0,0.0,1.0,2048.0,1.008219838142395,0.5174136161804199,2.0948186829627957e-06,0.18142585456371307,7901.905308662456,7901.905308662456,7901.905308662456,0.0,1003520
8436.201688628129,0.24276328086853027,,,,,0.0,2048.0,0.9963549971580505,0.48798733949661255,2.0906725239910884e-06,0.1657274067401886,,,,,1005568
8488.060885255167,0.24128007888793945,,,,,0.0,2048.0,0.9929152131080627,0.491973340511322,2.013816583712469e-06,0.17395588755607605,,,,,1007616
8499.222391416413,0.24096322059631348,,,,,0.0,2048.0,0.9935670495033264,0.46827059984207153,2.1035941699665273e-06,0.1782265305519104,,,,,1009664
8549.648647572638,0.23954200744628906,,,,,0.0,2048.0,0.9942135214805603,0.44373613595962524,2.2527933651872445e-06,0.1705310344696045,,,,,1011712
8508.592448195253,0.24069786071777344,,,,,0.0,2048.0,0.9907097220420837,0.4351179301738739,2.3620007141289534e-06,0.17475828528404236,,,,,1013760
8515.525926454638,0.24050188064575195,,,,,0.0,2048.0,0.9841087460517883,0.4487910568714142,2.150604359485442e-06,0.15560922026634216,,,,,1015808
8486.434042418661,0.24132633209228516,,,,,0.0,2048.0,0.9953077435493469,0.4760913848876953,2.0060861061210744e-06,0.19558069109916687,,,,,1017856
8463.498389558386,0.24198031425476074,,,,,0.0,2048.0,0.9944546222686768,0.4409046471118927,2.052451463896432e-06,0.1602683812379837,,,,,1019904
8913.642430506265,0.22976016998291016,,,,,0.0,2048.0,0.9938018918037415,0.4680022597312927,1.9811777747236192e-06,0.15018808841705322,,,,,1021952
8907.458774950666,0.2299196720123291,,,,,0.0,2048.0,0.9927631616592407,0.4500049948692322,0.1581459939479828,0.1477784812450409,,,,,1024000
8990.82655736641,0.22778773307800293,,,,,0.0,2048.0,0.9728879928588867,0.45623779296875,2.220296664745547e-06,0.16378185153007507,,,,,1026048
8868.878560484354,0.23091983795166016,243.0,211.0,179.0,32.0,2.0,2048.0,0.9940399527549744,0.4955040514469147,4.1378725654794835e-06,0.19997552037239075,8026.093913844894,8017.897033640933,8009.700153436971,8.196880203961427,1028096
8872.81776808199,0.23081731796264648,229.0,164.33333333333334,116.0,47.55581516024676,3.0,2048.0,0.9959614276885986,0.4806083142757416,4.4099656406615395e-06,0.18705838918685913,8391.120383426112,8263.00320843984,8018.41905621076,173.0124993906105,1030144
8943.181310586871,0.22900128364562988,75.0,75.0,75.0,0.0,1.0,2048.0,0.9971762299537659,0.43504562973976135,4.2581259549479e-06,0.18564307689666748,8380.419033922672,8380.419033922672,8380.419033922672,0.0,1032192
8629.353478690658,0.23732948303222656,,,,,0.0,2048.0,0.9872047305107117,0.4126424789428711,6.261990620259894e-06,0.19102998077869415,,,,,1034240
8637.405774134644,0.2371082305908203,32.0,32.0,32.0,0.0,1.0,2048.0,0.9904413819313049,0.48878586292266846,1.9896194771718e-06,0.175178661942482,8214.47339973159,8214.47339973159,8214.47339973159,0.0,1036288
8649.512433642933,0.23677635192871094,,,,,0.0,2048.0,0.9931225180625916,0.4728330969810486,1.97306781046791e-06,0.18580371141433716,,,,,1038336
8661.819028114322,0.23643994331359863,32.0,32.0,32.0,0.0,1.0,2048.0,0.9952213764190674,0.45905518531799316,1.9986348434031243e-06,0.17362132668495178,8388.173823864925,8388.173823864925,8388.173823864925,0.0,1040384
8529.477654385713,0.24010848999023438,,,,,0.0,2048.0,0.9879269003868103,0.4747672975063324,2.10285952562117e-06,0.1648280918598175,,,,,1042432
8655.66571745838,0.23660802841186523,,,,,0.0,2048.0,0.9922397136688232,0.4994945526123047,2.3116851934901206e-06,0.16700121760368347,,,,,1044480
8886.752112559487,0.2304553985595703,,,,,0.0,2048.0,0.9640957713127136,0.4724377393722534,1.985391463676933e-06,0.152310311794281,,,,,1046528
8928.225038716986,0.2293848991394043,,,,,0.0,2048.0,0.9753482937812805,0.47441256046295166,2.1116334210091736e-06,0.1611046940088272,,,,,1048576
8895.743568659818,0.23022246360778809,,,,,0.0,2048.0,0.9784149527549744,0.4535214900970459,2.5938511498679873e-06,0.15523765981197357,,,,,1050624
8897.743117403455,0.23017072677612305,,,,,0.0,2048.0,0.991683840751648,0.4571375250816345,2.4935027340688976e-06,0.18387307226657867,,,,,1052672
8857.748621573268,0.23120999336242676,,,,,0.0,2048.0,0.994526743888855,0.4138004779815674,3.813985131273512e-06,0.18958184123039246,,,,,1054720
8860.745558504575,0.23113179206848145,,,,,0.0,2048.0,0.9889271259307861,0.4210534989833832,2.4823891635605833e-06,0.1516817808151245,,,,,1056768
8904.605542666757,0.22999334335327148,,,,,0.0,2048.0,0.9959561228752136,0.4319508671760559,8.462066944048274e-06,0.17874056100845337,,,,,1058816
8901.006984079615,0.2300863265991211,,,,,0.0,2048.0,0.9829673767089844,0.4030342102050781,3.121075678791385e-06,0.16550257802009583,,,,,1060864
8901.025430806694,0.2300858497619629,173.0,173.0,173.0,0.0,1.0,2048.0,0.9944320321083069,0.46327900886535645,5.062090167484712e-06,0.19705908000469208,8006.387471973452,8006.387471973452,8006.387471973452,0.0,1062912
8223.834166413759,0.24903225898742676,137.0,86.33333333333333,56.0,36.058594290712755,3.0,2048.0,0.9979850649833679,0.466134250164032,4.835397248825757e-06,0.2231825888156891,8307.758694184342,8094.860848644156,7974.688083682745,150.95797057731377,1064960
8880.256828493953,0.23062396049499512,235.0,123.0,11.0,112.0,2.0,2048.0,0.9986752867698669,0.39070260524749756,5.235250227997312e-06,0.21039748191833496,8372.219331435675,8338.227880946799,8304.236430457922,33.99145048887658,1067008
8935.738745720642,0.22919201850891113,,,,,0.0,2048.0,0.9863033294677734,0.4285922646522522,6.226711775525473e-06,0.2076617181301117,,,,,1069056
8704.617933270843,0.23527741432189941,176.0,176.0,176.0,0.0,1.0,2048.0,0.9955006837844849,0.4708667993545532,2.536896772653563e-06,0.19500784575939178,8364.419093027327,8364.419093027327,8364.419093027327,0.0,1071104
8720.19689319048,0.23485708236694336,,,,,0.0,2048.0,0.9918176531791687,0.4843401610851288,2.5107569854299072e-06,0.2028728872537613,,,,,1073152
8576.041404924023,0.23880481719970703,201.0,201.0,201.0,0.0,1.0,2048.0,0.993563711643219,0.4489133954048157,2.538484523029183e-06,0.17797769606113434,8378.977701482114,8378.977701482114,8378.977701482114,0.0,1075200
8516.682604915124,0.24046921730041504,,,,,0.0,2048.0,0.9932731986045837,0.47407445311546326,2.5136528165603522e-06,0.1777675896883011,,,,,1077248
8666.791700802718,0.23630428314208984,,,,,0.0,2048.0,0.9952167272567749,0.44007837772369385,2.085345386149129e-06,0.1826852411031723,,,,,1079296
8892.207398083037,0.23031401634216309,,,,,0.0,2048.0,0.9928098320960999,0.44532546401023865,2.0022521312057506e-06,0.18439826369285583,,,,,1081344
8853.412137203166,0.2313232421875,,,,,0.0,2048.0,0.9907975792884827,0.41499078273773193,1.703165253275074e-06,0.18056727945804596,,,,,1083392
8850.520466082879,0.2313988208770752,,,,,0.0,2048.0,0.9987325072288513,0.4454055428504944,1.9018515331481467e-06,0.18699264526367188,,,,,1085440
8853.521638212873,0.23132038116455078,,,,,0.0,2048.0,0.9984353184700012,0.45694926381111145,2.037541889876593e-06,0.20613646507263184,,,,,1087488
8422.677070729454,0.24315309524536133,,,,,0.0,2048.0,0.9979193806648254,0.45381903648376465,2.0300196865719045e-06,0.18651890754699707,,,,,1089536
8911.302908800057,0.22982048988342285,,,,,0.0,2048.0,0.9971686601638794,0.48915261030197144,2.6022057681984734e-06,0.18808718025684357,,,,,1091584
8937.97951428631,0.22913455963134766,,,,,0.0,2048.0,0.9988677501678467,0.44398611783981323,1.711950403660012e-06,0.1854049563407898,,,,,1093632
8944.466406973197,0.22896838188171387,,,,,0.0,2048.0,0.9962211847305298,0.4484480023384094,1.6839931049617007e-05,0.18000835180282593,,,,,1095680
8854.361235950424,0.23129844665527344,,,,,0.0,2048.0,0.9974678158760071,0.44327425956726074,1.4820334399701096e-06,0.1934834122657776,,,,,1097728
8151.389819700133,0.25124549865722656,218.0,160.33333333333334,78.0,59.756914988048784,3.0,2048.0,0.9987246990203857,0.47103047370910645,2.7396615678298986e-06,0.20737142860889435,8379.81649545159,8370.232666632843,8356.864946758215,9.744460665704313,1099776
8635.955599389144,0.23714804649353027,176.0,114.5,53.0,61.5,2.0,2048.0,0.9989766478538513,0.3893909156322479,2.812460252243909e-06,0.2083214670419693,8395.33666092624,8379.279810944568,8363.2229609629,16.056849981669984,1101824
8450.40987456112,0.2423551082611084,120.0,120.0,120.0,0.0,1.0,2048.0,0.9981862306594849,0.4094475507736206,2.8128056328569073e-06,0.21133960783481598,8358.307639307543,8358.307639307543,8358.307639307543,0.0,1103872
8487.58283064525,0.24129366874694824,,,,,0.0,2048.0,0.9957453012466431,0.40788835287094116,5.7213587751903106e-06,0.20920588076114655,,,,,1105920
8519.410908499442,0.24039220809936523,76.0,76.0,76.0,0.0,1.0,2048.0,0.9984769225120544,0.44250577688217163,1.6300222114296048e-06,0.19762472808361053,8379.587230573994,8379.587230573994,8379.587230573994,0.0,1107968
8481.54050435435,0.24146556854248047,,,,,0.0,2048.0,0.9946560859680176,0.41817766427993774,1.5503966324104113e-06,0.20746994018554688,,,,,1110016
8458.214812721488,0.24213147163391113,82.0,82.0,82.0,0.0,1.0,2048.0,0.9981003999710083,0.44257140159606934,1.4687168459204258e-06,0.20731240510940552,8370.09159170953,8370.09159170953,8370.09159170953,0.0,1112064
8448.523210502608,0.24240922927856445,,,,,0.0,2048.0,0.9936818480491638,0.44590795040130615,1.4327603139463463e-06,0.1823319047689438,,,,,1114112
8462.74795301415,0.24200177192687988,,,,,0.0,2048.0,0.9960150718688965,0.43364769220352173,1.4452506320594694e-06,0.19538989663124084,,,,,1116160
8469.389767440027,0.24181199073791504,,,,,0.0,2048.0,0.9952806830406189,0.3969128429889679,1.3882419125366141e-06,0.18915213644504547,,,,,1118208
8549.682685914713,0.23954105377197266,,,,,0.0,2048.0,0.9943564534187317,0.3982909321784973,1.2917400908918353e-06,0.1908768266439438,,,,,1120256
8509.460622889335,0.24067330360412598,,,,,0.0,2048.0,0.9970764517784119,0.4133511185646057,1.3050934057901031e-06,0.19972743093967438,,,,,1122304
8599.385316462793,0.23815655708312988,,,,,0.0,2048.0,0.9974685907363892,0.4087343215942383,1.2180842077214038e-06,0.19813331961631775,,,,,1124352
8616.196759723638,0.23769187927246094,,,,,0.0,2048.0,0.9952892661094666,0.3722904324531555,1.3008481118959025e-06,0.1905374825000763,,,,,1126400
8757.39346993204,0.23385953903198242,,,,,0.0,2048.0,0.9931285977363586,0.39382246136665344,9.715522537590005e-07,0.16544367372989655,,,,,1128448
8901.92018885894,0.23006272315979004,,,,,0.0,2048.0,0.9972123503684998,0.3877168893814087,1.1898790717168595e-06,0.20761458575725555,,,,,1130496
8907.200154295864,0.22992634773254395,224.0,224.0,224.0,0.0,1.0,2048.0,0.9944168925285339,0.41222238540649414,1.003574425340048e-06,0.18867886066436768,7981.738257422603,7981.738257422603,7981.738257422603,0.0,1132544
8659.330466357389,0.23650789260864258,86.0,81.0,76.0,5.0,2.0,2048.0,0.9985221028327942,0.43528270721435547,4.393505150801502e-06,0.22915691137313843,7961.0240494519885,7959.879466465679,7958.734883479369,1.144582986309615,1134592
8472.672800441884,0.24171829223632812,169.0,169.0,169.0,0.0,1.0,2048.0,0.9973856210708618,0.3718751072883606,2.248185410280712e-06,0.19883820414543152,8354.80904472532,8354.80904472532,8354.80904472532,0.0,1136640
8463.681849845849,0.2419750690460205,225.0,125.0,25.0,100.0,2.0,2048.0,0.9961701035499573,0.39860886335372925,2.1652820123563288e-06,0.20582394301891327,8327.29583677356,8323.87431638287,8320.452795992182,3.4215203906887837,1138688
8881.909606494286,0.23058104515075684,,,,,0.0,2048.0,0.9981269240379333,0.40798670053482056,9.611737823433941e-07,0.20855580270290375,,,,,1140736
8863.250652367042,0.23106646537780762,178.0,178.0,178.0,0.0,1.0,2048.0,0.9979488253593445,0.4103696942329407,9.916785757013713e-07,0.215531587600708,8346.25975603891,8346.25975603891,8346.25975603891,0.0,1142784
8682.58647224533,0.23587441444396973,,,,,0.0,2048.0,0.9951422810554504,0.39438101649284363,9.85625661087397e-07,0.20192445814609528,,,,,1144832
8689.604353939689,0.23568391799926758,184.0,184.0,184.0,0.0,1.0,2048.0,0.999235987663269,0.40587538480758667,7.924750775600842e-07,0.20179970562458038,8316.024565782673,8316.024565782673,8316.024565782673,0.0,1146880
8680.103507233138,0.23594188690185547,,,,,0.0,2048.0,0.9947021007537842,0.3883002996444702,8.563181381759932e-07,0.19364698231220245,,,,,1148928
8668.164779131663,0.2362668514251709,,,,,0.0,2048.0,0.9942013025283813,0.3849908411502838,6.263985596888233e-07,0.1997559517621994,,,,,1150976
8485.704681398383,0.241347074508667,,,,,0.0,2048.0,0.9940665364265442,0.404746413230896,7.66542541441595e-07,0.20993006229400635,,,,,1153024
8674.169451543943,0.23610329627990723,,,,,0.0,2048.0,0.9890972375869751,0.3966422975063324,8.849276014188945e-07,0.19158056378364563,,,,,1155072
8698.941021946006,0.23543095588684082,,,,,0.0,2048.0,0.9983230829238892,0.43466317653656006,8.413701380050043e-07,0.2183956801891327,,,,,1157120
8730.788401277816,0.234572172164917,,,,,0.0,2048.0,0.9856601357460022,0.38455694913864136,8.688279535817856e-07,0.17277900874614716,,,,,1159168
8685.571418893436,0.2357933521270752,,,,,0.0,2048.0,0.9985612034797668,0.4255339503288269,6.214271479620948e-07,0.1953333616256714,,,,,1161216
8690.588993725327,0.2356572151184082,,,,,0.0,2048.0,0.9986333847045898,0.37901318073272705,8.335373991030792e-07,0.1784023642539978,,,,,1163264
8655.883770447035,0.2366020679473877,,,,,0.0,2048.0,0.995010495185852,0.39351093769073486,5.37726407401351e-07,0.1850377917289734,,,,,1165312
8620.883563994741,0.2375626564025879,233.0,189.0,113.0,53.96295025292817,3.0,2048.0,0.9980136156082153,0.45350784063339233,1.5105597412912175e-06,0.21642909944057465,7996.590906405338,7956.267689146869,7922.481625726663,30.60606863468387,1167360
8689.947194258724,0.23567461967468262,,,,,0.0,2048.0,0.9973639249801636,0.3982594609260559,5.202147121963208e-07,0.2022296041250229,,,,,1169408
8637.813994974142,0.23709702491760254,164.0,164.0,164.0,0.0,1.0,2048.0,0.9980711936950684,0.4425811767578125,1.4919236264177016e-06,0.22118820250034332,7984.819995512909,7984.819995512909,7984.819995512909,0.0,1171456
8420.02686979442,0.24322962760925293,21.0,21.0,21.0,0.0,1.0,2048.0,0.9984565377235413,0.4534724950790405,1.178808020085853e-06,0.20954486727714539,8330.071659512652,8330.071659512652,8330.071659512652,0.0,1173504
8497.011276678246,0.2410259246826172,77.0,77.0,77.0,0.0,1.0,2048.0,0.9971000552177429,0.43349307775497437,4.827643351745792e-07,0.191569983959198,8336.60866797378,8336.60866797378,8336.60866797378,0.0,1175552
8508.853724855848,0.2406904697418213,,,,,0.0,2048.0,0.9898537397384644,0.41821926832199097,4.928727435071778e-07,0.20368322730064392,,,,,1177600
8455.284191254275,0.24221539497375488,28.0,28.0,28.0,0.0,1.0,2048.0,0.9972006678581238,0.45657211542129517,3.9839221699367044e-07,0.18641413748264313,8358.227686464092,8358.227686464092,8358.227686464092,0.0,1179648
8468.855366820566,0.24182724952697754,,,,,0.0,2048.0,0.9877344965934753,0.4329560399055481,3.784535351769591e-07,0.1992858648300171,,,,,1181696
8516.049347857985,0.24048709869384766,48.0,48.0,48.0,0.0,1.0,2048.0,0.9981775879859924,0.4183065891265869,4.579880226174282e-07,0.200846329331398,8359.964292975981,8359.964292975981,8359.964292975981,0.0,1183744
8903.922515589757,0.230010986328125,,,,,0.0,2048.0,0.9967557787895203,0.38763228058815,3.779616406518471e-07,0.19195032119750977,,,,,1185792
8904.365548239432,0.22999954223632812,,,,,0.0,2048.0,0.9947176575660706,0.4379001259803772,3.85849176609554e-07,0.19163508713245392,,,,,1187840
8686.880174750213,0.23575782775878906,,,,,0.0,2048.0,0.9974962472915649,0.3935006260871887,4.466622556265065e-07,0.1988029181957245,,,,,1189888
8654.87209734639,0.23662972450256348,,,,,0.0,2048.0,1.117586374282837,0.44189420342445374,3.714212084560131e-07,0.20618197321891785,,,,,1191936
8503.227184400666,0.24084973335266113,,,,,0.0,2048.0,1.1718655824661255,0.40865397453308105,4.455737609987409e-07,0.17907334864139557,,,,,1193984
8642.01135240962,0.23698186874389648,,,,,0.0,2048.0,1.2232956886291504,0.46410247683525085,4.306822631860996e-07,0.1922077089548111,,,,,1196032
8630.515274822214,0.23729753494262695,,,,,0.0,2048.0,1.153719425201416,0.3917067050933838,6.480649972218089e-07,0.1925233006477356,,,,,1198080
8673.319889416854,0.23612642288208008,,,,,0.0,2048.0,0.9958212375640869,0.4277608394622803,5.147387582837837e-07,0.16412876546382904,,,,,1200128
8859.740262204927,0.23115801811218262,,,,,0.0,2048.0,1.0917686223983765,0.4320399761199951,1.0537352864048444e-05,0.21590161323547363,,,,,1202176
8833.010199685135,0.2318575382232666,190.0,126.33333333333333,32.0,68.05063474273322,3.0,2048.0,0.9981573820114136,0.4523060619831085,4.841217560169753e-07,0.1892821192741394,8308.439299847882,8195.161632624518,8080.35456701899,93.1214820613922,1204224
8917.260472151256,0.22966694831848145,,,,,0.0,2048.0,1.108810544013977,0.45227479934692383,6.576757186849136e-06,0.21671023964881897,,,,,1206272
8890.872856444948,0.2303485870361328,172.0,143.5,115.0,28.5,2.0,2048.0,0.9970606565475464,0.4023919701576233,1.1427166555222357e-06,0.19463518261909485,8221.10421653379,8131.313366586166,8041.522516638543,89.79084994762343,1208320
8696.642394176546,0.23549318313598633,228.0,228.0,228.0,0.0,1.0,2048.0,0.9975323677062988,0.4326079189777374,1.1198376341781113e-06,0.18059799075126648,8334.66933416413,8334.66933416413,8334.66933416413,0.0,1210368
8677.525534747743,0.23601198196411133,,,,,0.0,2048.0,0.9980876445770264,0.4072059988975525,4.4232865548110567e-07,0.19960492849349976,,,,,1212416
8677.560598927974,0.23601102828979492,190.0,190.0,190.0,0.0,1.0,2048.0,0.9955334663391113,0.41399961709976196,4.596138012402662e-07,0.19651177525520325,8061.376568399299,8061.376568399299,8061.376568399299,0.0,1214464
8672.794470369914,0.23614072799682617,,,,,0.0,2048.0,0.9978618025779724,0.4292512536048889,4.316856063724117e-07,0.19744285941123962,,,,,1216512
8641.707058990412,0.23699021339416504,227.0,227.0,227.0,0.0,1.0,2048.0,0.9949416518211365,0.4315657615661621,4.203129719826393e-07,0.18240328133106232,8063.404282573494,8063.404282573494,8063.404282573494,0.0,1218560
8454.385430394485,0.24224114418029785,,,,,0.0,2048.0,0.9976097941398621,0.41388386487960815,4.753415794311877e-07,0.18409816920757294,,,,,1220608
8471.001727742496,0.24176597595214844,,,,,0.0,2048.0,0.9976213574409485,0.3926651179790497,4.6805595843579795e-07,0.19831866025924683,,,,,1222656
8462.506174031434,0.24200868606567383,,,,,0.0,2048.0,0.9908238649368286,0.4343491792678833,4.975771048520983e-07,0.1817988008260727,,,,,1224704
8452.422136265102,0.24229741096496582,,,,,0.0,2048.0,1.1935060024261475,0.4073883891105652,5.344774081095238e-07,0.22111861407756805,,,,,1226752
8566.949466581164,0.239058256149292,,,,,0.0,2048.0,1.1082030534744263,0.44138798117637634,5.43019837095926e-07,0.21102310717105865,,,,,1228800
8580.873189911454,0.23867034912109375,,,,,0.0,2048.0,1.0709391832351685,0.39293205738067627,4.402667741487676e-07,0.18386879563331604,,,,,1230848
8641.689671442267,0.23699069023132324,,,,,0.0,2048.0,1.0007719993591309,0.405643105506897,3.9605129131814465e-07,0.1861351728439331,,,,,1232896
8890.339151944194,0.2303624153137207,,,,,0.0,2048.0,0.9966270327568054,0.36158931255340576,6.074031944081071e-07,0.194161519408226,,,,,1234944
8924.051063829787,0.2294921875,,,,,0.0,2048.0,0.9924170970916748,0.41287845373153687,4.398032444896671e-07,0.1800222545862198,,,,,1236992
8874.531957339934,0.2307727336883545,239.0,239.0,239.0,0.0,1.0,2048.0,0.997420608997345,0.41879159212112427,8.419444839091739e-07,0.22030200064182281,8256.539534819269,8256.539534819269,8256.539534819269,0.0,1239040
8888.214171377249,0.23041749000549316,134.0,129.0,124.0,5.0,2.0,2048.0,0.9988228678703308,0.43035268783569336,4.2916366282952367e-07,0.18624715507030487,8385.81762679652,8370.020515700224,8354.223404603928,15.797111096295339,1241088
8846.273046055552,0.23150992393493652,,,,,0.0,2048.0,0.9989023804664612,0.431479275226593,1.7343911167699844e-05,0.2230158895254135,,,,,1243136
8632.596885809671,0.23724031448364258,123.0,92.5,62.0,30.5,2.0,2048.0,0.9986664056777954,0.4032832384109497,8.792840731075557e-07,0.20421697199344635,8384.352373873653,8381.80193504044,8379.251496207226,2.550438833213775,1245184
8669.652042531074,0.23622632026672363,172.0,172.0,172.0,0.0,1.0,2048.0,0.9975975751876831,0.4463886022567749,3.4375636914774077e-07,0.18820250034332275,8405.289646559817,8405.289646559817,8405.289646559817,0.0,1247232
8664.74600904207,0.2363600730895996,,,,,0.0,2048.0,0.9961301684379578,0.4228939712047577,3.5053545843766187e-07,0.19902396202087402,,,,,1249280
8638.68267835395,0.23707318305969238,145.0,145.0,145.0,0.0,1.0,2048.0,0.9979725480079651,0.4394912123680115,3.690324774652254e-07,0.21379338204860687,8405.837094938846,8405.837094938846,8405.837094938846,0.0,1251328
8641.272391276574,0.23700213432312012,,,,,0.0,2048.0,0.9982355833053589,0.4429883360862732,3.218874837784824e-07,0.19547007977962494,,,,,1253376
8455.825204260429,0.24219989776611328,185.0,185.0,185.0,0.0,1.0,2048.0,0.9972788095474243,0.422224760055542,3.275120548096311e-07,0.195857971906662,8431.487307037976,8431.487307037976,8431.487307037976,0.0,1255424
8451.199697761547,0.24233245849609375,,,,,0.0,2048.0,0.9987125396728516,0.40847277641296387,3.3712441904754087e-07,0.18414996564388275,,,,,1257472
8477.196357639748,0.24158930778503418,,,,,0.0,2048.0,0.9942089915275574,0.39060071110725403,3.7810721664754965e-07,0.2050440013408661,,,,,1259520
8475.364613159312,0.24164152145385742,,,,,0.0,2048.0,0.9976302981376648,0.40539872646331787,3.599617457439308e-07,0.19697320461273193,,,,,1261568
8484.078741541784,0.2413933277130127,,,,,0.0,2048.0,0.9986581802368164,0.404354453086853,3.4565653095341986e-07,0.2251853048801422,,,,,1263616
8534.647147776703,0.23996305465698242,,,,,0.0,2048.0,0.9977939128875732,0.4050000309944153,3.036044518012204e-07,0.191755011677742,,,,,1265664
8557.049849428646,0.2393348217010498,,,,,0.0,2048.0,0.9970385432243347,0.45639508962631226,4.177181835984811e-07,0.19489355385303497,,,,,1267712
8553.164537652632,0.23944354057312012,,,,,0.0,2048.0,0.9973069429397583,0.44229835271835327,4.193316271994263e-07,0.19191665947437286,,,,,1269760
8567.966326339267,0.2390298843383789,,,,,0.0,2048.0,0.9989687204360962,0.4572769105434418,6.865722070870106e-07,0.19423732161521912,,,,,1271808
8556.708891374792,0.23934435844421387,,,,,0.0,2048.0,0.9914929270744324,0.4408578872680664,5.103972853248706e-07,0.195979505777359,,,,,1273856
8515.162946169685,0.24051213264465332,122.0,122.0,122.0,0.0,1.0,2048.0,0.9970296025276184,0.43775153160095215,8.765345569372585e-07,0.211572527885437,8384.455006214877,8384.455006214877,8384.455006214877,0.0,1275904
8509.679801789325,0.24066710472106934,26.0,20.5,15.0,5.5,2.0,2048.0,0.9992762207984924,0.4039829969406128,5.308458526087634e-07,0.2194068282842636,8353.293722723012,8345.397748975442,8337.50177522787,7.895973747570679,1277952
8551.376435651648,0.23949360847473145,206.0,206.0,206.0,0.0,1.0,2048.0,0.9972855448722839,0.3970578610897064,8.475208232994191e-07,0.22553209960460663,8358.429297461926,8358.429297461926,8358.429297461926,0.0,1280000
8502.907335421956,0.240858793258667,23.0,23.0,23.0,0.0,1.0,2048.0,0.9987860918045044,0.42278188467025757,8.492455663144938e-07,0.2036593109369278,8361.734534553256,8361.734534553256,8361.734534553256,0.0,1282048
8879.89880766551,0.23063325881958008,65.0,65.0,65.0,0.0,1.0,2048.0,0.9980995059013367,0.40718960762023926,4.1924315041796945e-07,0.22249937057495117,8384.255180235428,8384.255180235428,8384.255180235428,0.0,1284096
8868.429896024869,0.23093152046203613,,,,,0.0,2048.0,0.9957225918769836,0.40524911880493164,4.3589588472059404e-07,0.20870128273963928,,,,,1286144
8901.791037413715,0.23006606101989746,22.0,22.0,22.0,0.0,1.0,2048.0,0.9989986419677734,0.4073534607887268,4.148485857058404e-07,0.2036520093679428,8368.692500933967,8368.692500933967,8368.692500933967,0.0,1288192
8641.941797738793,0.2369837760925293,,,,,0.0,2048.0,0.9954739212989807,0.40318548679351807,4.4780668417843117e-07,0.1955234408378601,,,,,1290240
8694.617790193935,0.2355480194091797,28.0,28.0,28.0,0.0,1.0,2048.0,0.998939573764801,0.39124393463134766,4.1600463873692206e-07,0.20208676159381866,8314.563445150718,8314.563445150718,8314.563445150718,0.0,1292288
8663.671096704049,0.2363893985748291,,,,,0.0,2048.0,0.9976726174354553,0.3705101013183594,4.2290400870115263e-07,0.20080572366714478,,,,,1294336
8693.940198595801,0.2355663776397705,,,,,0.0,2048.0,0.9975032806396484,0.42209306359291077,3.827805130640627e-07,0.19490334391593933,,,,,1296384
8530.81603686453,0.24007081985473633,,,,,0.0,2048.0,0.9969121217727661,0.3836318254470825,5.073365514363104e-07,0.20676104724407196,,,,,1298432
8557.075422378068,0.2393341064453125,,,,,0.0,2048.0,0.998815655708313,0.4161340594291687,4.993360107619083e-07,0.20409198105335236,,,,,1300480
8920.464565547221,0.2295844554901123,,,,,0.0,2048.0,0.9986139535903931,0.34952354431152344,6.214174845808884e-07,0.19222350418567657,,,,,1302528
8900.88708221726,0.23008942604064941,,,,,0.0,2048.0,0.999688982963562,0.4224950075149536,5.762589125879458e-07,0.21386180818080902,,,,,1304576
8921.743141162993,0.2295515537261963,,,,,0.0,2048.0,0.9988003969192505,0.3718506693840027,1.052522634381603e-06,0.19569088518619537,,,,,1306624
8920.056980802521,0.22959494590759277,,,,,0.0,2048.0,0.9929646849632263,0.3999031186103821,8.127808541757986e-07,0.19790855050086975,,,,,1308672
8911.339887730786,0.22981953620910645,246.0,246.0,246.0,0.0,1.0,2048.0,0.9975019097328186,0.40058213472366333,1.2258088872840744e-06,0.20504695177078247,8294.486738252954,8294.486738252954,8294.486738252954,0.0,1310720
8877.760464003457,0.23068881034851074,140.0,132.0,124.0,8.0,2.0,2048.0,0.9965222477912903,0.3953544497489929,7.855772423681628e-07,0.208596870303154,8303.563603792572,8297.829990671416,8292.09637755026,5.7336131211559405,1312768
8891.783982866364,0.23032498359680176,,,,,0.0,2048.0,0.9989650845527649,0.36131519079208374,1.4754820767848287e-05,0.2274397313594818,,,,,1314816
8462.639567623803,0.2420048713684082,131.0,92.5,54.0,38.5,2.0,2048.0,0.9992976188659668,0.36956799030303955,1.1855070169985993e-06,0.20535621047019958,8332.398423355202,8318.51773885413,8304.637054353057,13.88068450107221,1316864
8458.522978998282,0.24212265014648438,205.0,205.0,205.0,0.0,1.0,2048.0,0.9991670250892639,0.41828590631484985,6.688744065286301e-07,0.22995586693286896,8339.680792600924,8339.680792600924,8339.680792600924,0.0,1318912
8491.870471791748,0.24117183685302734,,,,,0.0,2048.0,0.9991625547409058,0.41254299879074097,6.507947318823426e-07,0.2110111117362976,,,,,1320960
8448.93039267662,0.24239754676818848,175.0,175.0,175.0,0.0,1.0,2048.0,0.9989688396453857,0.42096471786499023,6.707141437800601e-07,0.2220999002456665,8268.093171931,8268.093171931,8268.093171931,0.0,1323008
8504.70048375184,0.24080801010131836,,,,,0.0,2048.0,0.9986215233802795,0.4250175952911377,6.240528023226943e-07,0.2105809450149536,,,,,1325056
8507.79186157648,0.24072051048278809,143.0,143.0,143.0,0.0,1.0,2048.0,0.9969052076339722,0.4076194167137146,6.3248029391616e-07,0.21108503639698029,8293.61046418813,8293.61046418813,8293.61046418813,0.0,1327104
8486.241210647104,0.2413318157196045,,,,,0.0,2048.0,0.9980179071426392,0.4092474579811096,6.574052804353414e-07,0.192432701587677,,,,,1329152
8483.232493694313,0.24141740798950195,,,,,0.0,2048.0,0.9959578514099121,0.40278857946395874,6.947704491722106e-07,0.2209102064371109,,,,,1331200
8537.522739899756,0.239882230758667,,,,,0.0,2048.0,0.999476432800293,0.4168177545070648,7.290248618119222e-07,0.1929875761270523,,,,,1333248
8376.427823214095,0.24449563026428223,,,,,0.0,2048.0,0.998853325843811,0.41113242506980896,7.107209967216477e-07,0.22003337740898132,,,,,1335296
8854.863245440329,0.23128533363342285,,,,,0.0,2048.0,0.9991271495819092,0.36259526014328003,7.123125556063314e-07,0.1988663524389267,,,,,1337344
8813.099907867008,0.23238134384155273,,,,,0.0,2048.0,0.9992298483848572,0.42909538745880127,8.728716238692869e-07,0.2003510743379593,,,,,1339392
8829.82322949903,0.23194122314453125,,,,,0.0,2048.0,0.994245707988739,0.37303426861763,5.480553681991296e-07,0.2024577558040619,,,,,1341440
8884.720741481618,0.23050808906555176,,,,,0.0,2048.0,0.9993775486946106,0.38007545471191406,9.763078878677334e-07,0.21382981538772583,,,,,1343488
8889.492717597604,0.23038434982299805,,,,,0.0,2048.0,0.9971427917480469,0.38260117173194885,6.512630648103368e-07,0.2056894600391388,,,,,1345536
8889.584713523449,0.23038196563720703,117.0,117.0,117.0,0.0,1.0,2048.0,0.9996041059494019,0.40219593048095703,1.2060195331287105e-06,0.22391609847545624,8308.871043013865,8308.871043013865,8308.871043013865,0.0,1347584
8861.586526984716,0.2311098575592041,36.0,25.5,15.0,10.5,2.0,2048.0,0.9987432360649109,0.3390346169471741,6.334718705147679e-07,0.21456727385520935,8359.684040242588,8347.77442348529,8335.864806727992,11.909616757297954,1349632
8885.143484264694,0.23049712181091309,191.0,191.0,191.0,0.0,1.0,2048.0,0.9994314312934875,0.380806028842926,1.168951371255389e-06,0.2201254963874817,8349.322431979888,8349.322431979888,8349.322431979888,0.0,1351680
8896.268708715925,0.2302088737487793,41.0,41.0,41.0,0.0,1.0,2048.0,0.9994245767593384,0.4098432660102844,1.1640202046692139e-06,0.21988601982593536,8374.072487416577,8374.072487416577,8374.072487416577,0.0,1353728
8884.132644523392,0.23052334785461426,114.0,114.0,114.0,0.0,1.0,2048.0,0.9975389242172241,0.4223410487174988,5.345044087334827e-07,0.2117936909198761,8400.454055051536,8400.454055051536,8400.454055051536,0.0,1355776
8954.536452746479,0.22871088981628418,,,,,0.0,2048.0,0.9987614154815674,0.4231017231941223,5.276351657812484e-07,0.20286963880062103,,,,,1357824
8221.685307095206,0.24909734725952148,80.0,80.0,80.0,0.0,1.0,2048.0,0.9992302656173706,0.45418214797973633,5.108240088702587e-07,0.20017507672309875,8404.94959981225,8404.94959981225,8404.94959981225,0.0,1359872
8656.782264647609,0.23657751083374023,,,,,0.0,2048.0,0.996843695640564,0.44567766785621643,4.927499048790196e-07,0.19459043443202972,,,,,1361920
8670.535893667533,0.23620223999023438,28.0,28.0,28.0,0.0,1.0,2048.0,0.9984864592552185,0.45325133204460144,4.962206503478228e-07,0.21321386098861694,8373.34192342476,8373.34192342476,8373.34192342476,0.0,1363968
8711.627313948547,0.23508810997009277,,,,,0.0,2048.0,0.9976710677146912,0.4219479560852051,4.501014814195514e-07,0.1901552379131317,,,,,1366016
8714.048788900307,0.23502278327941895,,,,,0.0,2048.0,0.9925248026847839,0.46989691257476807,4.2750744455588574e-07,0.17273171246051788,,,,,1368064
8702.92466289841,0.23532319068908691,,,,,0.0,2048.0,0.9970129728317261,0.42183467745780945,4.131910884552781e-07,0.18460090458393097,,,,,1370112
8706.973732917882,0.2352137565612793,,,,,0.0,2048.0,0.9960135221481323,0.463933527469635,4.211122188735317e-07,0.19401995837688446,,,,,1372160
8702.580797847337,0.23533248901367188,,,,,0.0,2048.0,0.9921941757202148,0.4095563292503357,4.104336142063403e-07,0.1770869642496109,,,,,1374208
8682.16523327306,0.2358858585357666,,,,,0.0,2048.0,0.9974303841590881,0.4568672180175781,4.438751375346328e-07,0.21182367205619812,,,,,1376256
8649.895668775955,0.23676586151123047,,,,,0.0,2048.0,0.9972338080406189,0.4091005027294159,5.797792255179957e-07,0.19657209515571594,,,,,1378304
8710.143279398986,0.23512816429138184,,,,,0.0,2048.0,0.9989728927612305,0.43354421854019165,4.617076569957135e-07,0.1973259598016739,,,,,1380352
8686.520007968604,0.23576760292053223,,,,,0.0,2048.0,0.9978406429290771,0.44661927223205566,3.96034556615632e-06,0.20497357845306396,,,,,1382400
8536.818507247903,0.23990201950073242,200.0,127.33333333333333,18.0,78.69491018413383,3.0,2048.0,0.9976387023925781,0.4552746117115021,4.4747744709638937e-07,0.20534692704677582,8410.267806066266,8402.380474094109,8395.271428730895,6.146930444292072,1384448
8697.426080934267,0.2354719638824463,,,,,0.0,2048.0,0.9979795813560486,0.44626301527023315,3.5751024825003697e-06,0.2086406946182251,,,,,1386496
8634.91385828782,0.23717665672302246,162.0,112.5,63.0,49.5,2.0,2048.0,0.9976463913917542,0.4686524569988251,7.523375415985356e-07,0.19917725026607513,8383.970159060196,8373.745403938445,8363.520648816693,10.224755121751514,1388544
8872.112117910132,0.2308356761932373,237.0,237.0,237.0,0.0,1.0,2048.0,0.9969607591629028,0.4807261824607849,3.509512964683381e-07,0.19341978430747986,8363.238263969302,8363.238263969302,8363.238263969302,0.0,1390592
8846.145504239283,0.23151326179504395,,,,,0.0,2048.0,0.9985401630401611,0.4847181439399719,3.6657877444667974e-07,0.20652545988559723,,,,,1392640
8895.90018289033,0.23021841049194336,210.0,210.0,210.0,0.0,1.0,2048.0,0.9962409734725952,0.48961198329925537,3.6267661585043243e-07,0.18944810330867767,8363.389456366976,8363.389456366976,8363.389456366976,0.0,1394688
8907.006198659896,0.22993135452270508,,,,,0.0,2048.0,0.9981876611709595,0.48922306299209595,3.378784754204389e-07,0.18575246632099152,,,,,1396736
8489.16816587111,0.24124860763549805,148.0,148.0,148.0,0.0,1.0,2048.0,0.9981955885887146,0.46132391691207886,3.230668141895876e-07,0.18253694474697113,8342.580153190687,8342.580153190687,8342.580153190687,0.0,1398784
8533.375379981482,0.23999881744384766,,,,,0.0,2048.0,0.9929405450820923,0.47151845693588257,3.3710759339555807e-07,0.1706342101097107,,,,,1400832
8544.588461037276,0.2396838665008545,,,,,0.0,2048.0,0.9991422891616821,0.471010684967041,2.991143048802769e-07,0.17701926827430725,,,,,1402880
8514.318925621556,0.24053597450256348,,,,,0.0,2048.0,0.9994117617607117,0.47057944536209106,3.040577212232165e-07,0.17417658865451813,,,,,1404928
8566.855483327914,0.2390608787536621,,,,,0.0,2048.0,0.9977675676345825,0.42305988073349,2.852655995866371e-07,0.1987733393907547,,,,,1406976
8541.674133147715,0.23976564407348633,,,,,0.0,2048.0,0.9995312094688416,0.45048874616622925,3.4204538224003045e-07,0.1828603297472,,,,,1409024
8548.185255213537,0.23958301544189453,,,,,0.0,2048.0,0.9979218244552612,0.4516313076019287,4.2129954636038747e-07,0.1776210367679596,,,,,1411072
8651.58579235633,0.23671960830688477,,,,,0.0,2048.0,0.9983198642730713,0.44804292917251587,3.109657313871139e-07,0.1866227090358734,,,,,1413120
8669.923304406453,0.23621892929077148,,,,,0.0,2048.0,0.9943504333496094,0.4287976622581482,5.527996904675092e-07,0.19896817207336426,,,,,1415168
8686.25649022005,0.23577475547790527,,,,,0.0,2048.0,0.9993799328804016,0.44325733184814453,4.2483756601541245e-07,0.19184426963329315,,,,,1417216
8623.48858608847,0.23749089241027832,154.0,154.0,154.0,0.0,1.0,2048.0,0.9979887008666992,0.4415576457977295,6.261684575292747e-07,0.21245022118091583,8366.701041125389,8366.701041125389,8366.701041125389,0.0,1419264
8643.18525636446,0.23694968223571777,76.0,58.5,41.0,17.5,2.0,2048.0,0.9984408020973206,0.4164254367351532,4.678985874306818e-07,0.20646175742149353,8353.185357622602,8351.908496699481,8350.631635776359,1.2768609231216033,1421312
8705.526573847548,0.23525285720825195,190.0,190.0,190.0,0.0,1.0,2048.0,0.9984771609306335,0.46322101354599,6.479950229731912e-07,0.1902804970741272,8347.662156181794,8347.662156181794,8347.662156181794,0.0,1423360
8653.07608821571,0.2366788387298584,30.0,30.0,30.0,0.0,1.0,2048.0,0.9965968728065491,0.4304949641227722,6.393134981408366e-07,0.20924556255340576,8344.029651930085,8344.029651930085,8344.029651930085,0.0,1425408
8696.492717264644,0.23549723625183105,106.0,106.0,106.0,0.0,1.0,2048.0,0.9988800287246704,0.4773935079574585,3.431907487083663e-07,0.21018368005752563,8333.995919539464,8333.995919539464,8333.995919539464,0.0,1427456
8920.816600530268,0.22957539558410645,,,,,0.0,2048.0,0.9905782341957092,0.4443541467189789,3.4381309887976386e-07,0.1821214258670807,,,,,1429504
8668.64589674242,0.2362537384033203,70.0,70.0,70.0,0.0,1.0,2048.0,0.9965216517448425,0.4644533693790436,3.50098844137392e-07,0.20197032392024994,8356.93294646595,8356.93294646595,8356.93294646595,0.0,1431552
8638.291749212089,0.23708391189575195,,,,,0.0,2048.0,0.998134970664978,0.45626911520957947,3.3883978289850347e-07,0.18673962354660034,,,,,1433600
8700.368367691102,0.23539233207702637,12.0,12.0,12.0,0.0,1.0,2048.0,0.9975544214248657,0.4457809627056122,3.2807909633447707e-07,0.19424284994602203,8356.64641839791,8356.64641839791,8356.64641839791,0.0,1435648
8633.915758875713,0.23720407485961914,,,,,0.0,2048.0,0.9982438087463379,0.43577444553375244,3.614842398746987e-07,0.1954553723335266,,,,,1437696
8657.628589944778,0.23655438423156738,,,,,0.0,2048.0,0.9975740909576416,0.466235876083374,3.412562818994047e-07,0.17676664888858795,,,,,1439744
8649.869538029003,0.23676657676696777,,,,,0.0,2048.0,0.9985706806182861,0.42448341846466064,4.2274641032236104e-07,0.21174217760562897,,,,,1441792
8560.989885198145,0.23922467231750488,,,,,0.0,2048.0,0.9974620938301086,0.4792931079864502,4.857348017139884e-07,0.1969185769557953,,,,,1443840
8526.683652664535,0.2401871681213379,,,,,0.0,2048.0,0.9992339015007019,0.44743043184280396,4.8243646233459e-07,0.17606805264949799,,,,,1445888
8558.882964604416,0.23928356170654297,,,,,0.0,2048.0,0.9995903372764587,0.48308873176574707,4.4062244342057966e-07,0.19312432408332825,,,,,1447936
8579.904683425077,0.23869729042053223,,,,,0.0,2048.0,0.9930941462516785,0.43741512298583984,6.234017746464815e-07,0.19618186354637146,,,,,1449984
8575.330803641398,0.23882460594177246,,,,,0.0,2048.0,0.99842768907547,0.4474419355392456,5.139961558597861e-07,0.20281127095222473,,,,,1452032
8302.758771607636,0.24666500091552734,,,,,0.0,2048.0,0.9985288381576538,0.43760377168655396,4.649104994314257e-06,0.20755137503147125,,,,,1454080
8838.426966153404,0.23171544075012207,228.0,154.0,80.0,74.0,2.0,2048.0,0.9982026219367981,0.42597514390945435,5.539619678529561e-07,0.21462054550647736,8388.787379259527,8383.30505109869,8377.822722937855,5.482328160836005,1456128
8901.92018885894,0.23006272315979004,23.0,23.0,23.0,0.0,1.0,2048.0,0.9990926384925842,0.43959206342697144,9.63788693297829e-07,0.21700146794319153,8384.692166586385,8384.692166586385,8384.692166586385,0.0,1458176
8841.42904107333,0.23163676261901855,231.0,191.0,151.0,40.0,2.0,2048.0,0.9979099035263062,0.457222580909729,9.136683161159453e-07,0.19686895608901978,8416.293352349467,8409.717620259642,8403.14188816982,6.5757320898237595,1460224
8889.419122227857,0.23038625717163086,,,,,0.0,2048.0,0.9970511198043823,0.4634343981742859,6.577469321200624e-06,0.2022799700498581,,,,,1462272
8625.24635055919,0.2374424934387207,41.0,41.0,41.0,0.0,1.0,2048.0,0.9968197345733643,0.436273455619812,4.250731819865905e-07,0.21186956763267517,8381.982301294483,8381.982301294483,8381.982301294483,0.0,1464320
8683.49051885009,0.23584985733032227,,,,,0.0,2048.0,0.9985381364822388,0.4743603467941284,4.378350126899022e-07,0.19874878227710724,,,,,1466368
8624.58818733672,0.23746061325073242,10.0,10.0,10.0,0.0,1.0,2048.0,0.9975458979606628,0.4564895033836365,3.9832792708693887e-07,0.20482197403907776,8368.926995154976,8368.926995154976,8368.926995154976,0.0,1468416
8670.509638066553,0.23620295524597168,204.0,204.0,204.0,0.0,1.0,2048.0,0.9958335757255554,0.4777827858924866,3.86666954454995e-07,0.1893894076347351,8385.297515730243,8385.297515730243,8385.297515730243,0.0,1470464
8629.63089411292,0.2373218536376953,,,,,0.0,2048.0,0.9964511394500732,0.4566724896430969,3.7192106105976563e-07,0.18141691386699677,,,,,1472512
8621.246960962215,0.23755264282226562,,,,,0.0,2048.0,0.9982787370681763,0.4548018276691437,3.513283672873513e-07,0.19393345713615417,,,,,1474560
8635.938234977726,0.23714852333068848,,,,,0.0,2048.0,0.9923701882362366,0.4844339191913605,3.5049092161898443e-07,0.16299541294574738,,,,,1476608
8310.936455198971,0.24642229080200195,,,,,0.0,2048.0,0.9989833831787109,0.4408700466156006,4.074878745541355e-07,0.20715932548046112,,,,,1478656
8840.382631963526,0.23166418075561523,,,,,0.0,2048.0,0.9970175623893738,0.456351101398468,4.410331655435584e-07,0.18505726754665375,,,,,1480704
8950.440431708348,0.22881555557250977,,,,,0.0,2048.0,0.9979484677314758,0.4382574260234833,5.441851271825726e-07,0.16880275309085846,,,,,1482752
8678.98093640754,0.23597240447998047,,,,,0.0,2048.0,0.9960165619850159,0.4723745584487915,4.989204285266169e-07,0.1911809742450714,,,,,1484800
8683.350072075387,0.2358536720275879,,,,,0.0,2048.0,0.9963391423225403,0.4191122353076935,8.090378287306521e-07,0.18815094232559204,,,,,1486848
8670.80721085565,0.23619484901428223,,,,,0.0,2048.0,0.9964070916175842,0.45324334502220154,6.382031756402284e-07,0.19182103872299194,,,,,1488896
8706.876652317273,0.23521637916564941,,,,,0.0,2048.0,0.9963186383247375,0.42027145624160767,1.9527329641277902e-05,0.20563779771327972,,,,,1490944
8636.55471434805,0.23713159561157227,212.0,126.66666666666667,9.0,85.97027910207625,3.0,2048.0,0.9983084201812744,0.4379497766494751,7.373450330305786e-07,0.2115003913640976,8418.773120279026,8409.401364139947,8404.152407985537,6.642761312257082,1492992
8514.681833951536,0.2405257225036621,,,,,0.0,2048.0,0.9961826801300049,0.4136008620262146,2.4618952011223882e-05,0.20633959770202637,,,,,1495040
8573.131254740709,0.23888587951660156,147.0,109.0,71.0,38.0,2.0,2048.0,0.9961946606636047,0.4498051106929779,1.305193109146785e-06,0.1880093365907669,8405.690142475269,8393.703830320732,8381.717518166195,11.98631215453679,1497088
8660.35191340792,0.2364799976348877,223.0,223.0,223.0,0.0,1.0,2048.0,0.993264377117157,0.45886191725730896,5.327626126927498e-07,0.1827649474143982,8396.36680507105,8396.36680507105,8396.36680507105,0.0,1499136
8450.825552578997,0.24234318733215332,,,,,0.0,2048.0,0.9881876707077026,0.44590166211128235,5.051181801718485e-07,0.1999996304512024,,,,,1501184
8948.6035717597,0.22886252403259277,169.0,169.0,169.0,0.0,1.0,2048.0,0.9947417378425598,0.4821510910987854,5.230131705502572e-07,0.17838388681411743,8406.62791670938,8406.62791670938,8406.62791670938,0.0,1503232
8979.182137667904,0.22808313369750977,,,,,0.0,2048.0,0.9840465188026428,0.4732425808906555,4.681895120484114e-07,0.17061063647270203,,,,,1505280
8660.212214117564,0.23648381233215332,138.0,138.0,138.0,0.0,1.0,2048.0,0.9972071051597595,0.4697394371032715,3.8237737953750184e-07,0.1752333790063858,8431.776979074282,8431.776979074282,8431.776979074282,0.0,1507328
8455.625437549956,0.24220561981201172,,,,,0.0,2048.0,0.9875001907348633,0.45851677656173706,4.1195488620360265e-07,0.1593204289674759,,,,,1509376
8844.096229441695,0.2315669059753418,,,,,0.0,2048.0,0.9894929528236389,0.4533349871635437,4.34036536489657e-07,0.16513310372829437,,,,,1511424
8839.1272679377,0.23169708251953125,,,,,0.0,2048.0,0.9953336715698242,0.4403212070465088,5.629020165542897e-07,0.16130496561527252,,,,,1513472
8882.341266492947,0.23056983947753906,,,,,0.0,2048.0,0.995499849319458,0.44055384397506714,4.7473659492425213e-07,0.19906139373779297,,,,,1515520
8705.023710476205,0.23526644706726074,,,,,0.0,2048.0,0.9974054098129272,0.42528265714645386,4.95173082981637e-07,0.18638688325881958,,,,,1517568
8729.856735760774,0.23459720611572266,,,,,0.0,2048.0,0.9947394132614136,0.4422711431980133,5.180589823794435e-07,0.171208456158638,,,,,1519616
8668.199767702587,0.2362658977508545,,,,,0.0,2048.0,0.9983460307121277,0.42281484603881836,4.781252869179298e-07,0.18412667512893677,,,,,1521664
8705.217791208981,0.2352612018585205,,,,,0.0,2048.0,0.9877610802650452,0.38948649168014526,6.589199301743065e-07,0.1974710077047348,,,,,1523712
8681.656290711366,0.2358996868133545,,,,,0.0,2048.0,0.9904506802558899,0.3952920436859131,4.7654117452111677e-07,0.19158276915550232,,,,,1525760
8694.388981220382,0.23555421829223633,190.0,190.0,190.0,0.0,1.0,2048.0,0.9996960163116455,0.40084517002105713,4.699698195054225e-07,0.22431346774101257,8369.754283906357,8369.754283906357,8369.754283906357,0.0,1527808
8698.738412058021,0.23543643951416016,144.0,109.0,74.0,35.0,2.0,2048.0,0.9967324137687683,0.4112573266029358,4.886534838988155e-07,0.2106279879808426,8383.626544617346,8351.817486389664,8320.00842816198,31.809058227682726,1529856
8707.15024864729,0.23520898818969727,252.0,252.0,252.0,0.0,1.0,2048.0,0.9983360767364502,0.44350579380989075,1.017198883346282e-06,0.19038444757461548,8414.78439330009,8414.78439330009,8414.78439330009,0.0,1531904
8713.023474626041,0.23505043983459473,59.0,59.0,59.0,0.0,1.0,2048.0,0.9960966110229492,0.43790990114212036,9.62906597123947e-07,0.21026088297367096,8365.2819758619,8365.2819758619,8365.2819758619,0.0,1533952
8678.200569997443,0.2359936237335205,149.0,149.0,149.0,0.0,1.0,2048.0,0.994774580001831,0.46434372663497925,3.662262884063239e-07,0.18172453343868256,8433.078224326986,8433.078224326986,8433.078224326986,0.0,1536000
