actor_loss/max,actor_loss/mean,actor_loss/min,actor_loss/std,ent_loss/max,ent_loss/mean,ent_loss/min,ent_loss/std,gradient_steps,loss/max,loss/mean,loss/min,loss/std,smoothed_loss/actor_loss,smoothed_loss/ent_loss,smoothed_loss/gradient_steps,smoothed_loss/loss,smoothed_loss/vf_loss,step,train_time,vf_loss/max,vf_loss/mean,vf_loss/min,vf_loss/std
0.01654285192489624,-0.012203520064940677,-0.032101258635520935,0.010923798856893981,1.3827813863754272,1.3677396595478057,1.3552892208099365,0.004647890491718913,80.0,3254.051025390625,2660.8534545898438,2265.904052734375,242.35435043438198,-0.012203520064940677,1.3677396595478057,80.0,2660.8534545898438,5321.7586669921875,1,0.37043333053588867,6508.1318359375,5321.7586669921875,4531.861328125,484.70445905040816
0.006938147358596325,-0.02195206015603617,-0.04905128479003906,0.01399147698010497,1.3693257570266724,1.358656394481659,1.351302981376648,0.004626681069759925,80.0,2140.68896484375,1709.3199554443358,1165.505126953125,180.46200971696155,-0.017077790110488423,1.3631980270147324,80.0,2185.08670501709,4370.234832763672,2,0.16435933113098145,4281.46826171875,3418.7109985351562,2331.0234375,360.925793810126
0.027587709948420525,-0.01403790675685741,-0.037526581436395645,0.012883560158070208,1.3567681312561035,1.3376290276646614,1.3262807130813599,0.007690917253316873,80.0,629.7514038085938,449.4978366851807,315.6153564453125,75.26350530012833,-0.016064495659278085,1.3546750272313755,80.0,1606.557082239787,3213.1733907063804,3,0.19666600227355957,1259.533203125,899.0505065917969,631.309326171875,150.52740126476147
0.02228826843202114,-0.010209477867465466,-0.03253357857465744,0.011462246981669059,1.3409361839294434,1.309926901757717,1.2777223587036133,0.014616666252252926,80.0,286.17510986328125,106.21946563720704,37.418270111083984,57.523089713850595,-0.01460074121132493,1.3434879958629609,80.0,1231.472678089142,2463.0014301538467,4,0.20261049270629883,572.3767700195312,212.48554849624634,74.85762023925781,115.04395896071664
0.019638443365693092,-0.011513443745207042,-0.03533452749252319,0.012668047119326403,1.3282203674316406,1.2812007531523704,1.232274055480957,0.017530841663764934,80.0,251.84024047851562,132.7465754508972,78.15351867675781,45.81142939767052,-0.013983281718101353,1.3310305473208426,80.0,1011.7274575614931,2023.5095045661924,5,0.2115623950958252,503.67022705078125,265.5418022155762,156.37759399414062,91.60520866877428
0.007112674415111542,-0.009890688408631831,-0.026352666318416595,0.008642875084131866,1.314367651939392,1.3023274302482606,1.2932422161102295,0.004954792288075077,80.0,303.67047119140625,217.75303707122802,156.5944061279297,39.60173684248511,-0.013301182833189767,1.3262466944754123,80.0,879.3983874797823,1758.8499040126799,6,0.20361828804016113,607.3707885742188,435.55190124511716,313.2516174316406,79.19444921803438
0.0035579632967710495,-0.0097539568785578,-0.02545144222676754,0.007741883039797194,1.3052196502685547,1.2623792499303819,1.241363763809204,0.014560681932382915,80.0,288.0204772949219,200.24968166351317,135.60354614257812,38.70299218662964,-0.012794436268242343,1.3171227738261222,80.0,782.3771437917438,1564.806220640455,7,0.18409180641174316,576.0673828125,400.5441204071045,271.24200439453125,77.40012712696046
0.011142703704535961,-0.009181630425155162,-0.03759019449353218,0.008599332102020452,1.2535265684127808,1.2314360022544861,1.2075425386428833,0.009517437282676868,80.0,223.91757202148438,155.68305377960206,106.38117218017578,33.14474876549711,-0.012342835537856443,1.306411927379668,80.0,704.040382540226,1408.1315805792808,8,0.16866588592529297,447.8596496582031,311.40910015106203,212.8130645751953,66.28365757290916
0.0069293733686208725,-0.005702352448133751,-0.022489022463560104,0.006393586945862814,1.2389554977416992,1.1806154072284698,1.1488838195800781,0.021408651717802887,80.0,294.3002014160156,218.60650558471679,158.9737091064453,37.186485539888636,-0.01160500408344281,1.2924345362517569,80.0,650.103285100725,1300.2556303977967,9,0.20527267456054688,588.6251831054688,437.24802894592284,317.968017578125,74.36851597628241
0.02126557007431984,-0.008349488663952798,-0.03181667625904083,0.010285684497521506,1.2500274181365967,1.2193826884031296,1.1853779554367065,0.014466966766984255,80.0,2531.51953125,1937.3832138061523,1472.5311279296875,204.30642367109465,-0.011279452541493809,1.2851293514668942,80.0,778.8312779712677,1557.7108226680757,10,0.1763606071472168,5063.076171875,3874.807553100586,2945.11181640625,408.61135670117255
0.006232954561710358,-0.014267469616606831,-0.033705051988363266,0.008410961418101031,1.226301670074463,1.1989152178168296,1.1703057289123535,0.011169445961021393,80.0,2037.0023193359375,1615.1773803710937,1280.073974609375,167.1217638306458,-0.011551090457413175,1.277291702953252,80.0,854.8627418257973,1709.7741379391066,11,0.2898688316345215,4074.029541015625,3230.407290649414,2560.21728515625,334.2390363919673
0.016025230288505554,-0.01691840010462329,-0.042199600487947464,0.01235081170337575,1.179640531539917,1.1275102987885475,1.0559498071670532,0.022275087188841764,80.0,602.2666625976562,450.94811325073243,303.02752685546875,58.263128242656165,-0.01199836626134735,1.26480991927286,80.0,821.2031894445419,1642.4556775967283,12,0.40277600288391113,1204.60595703125,901.9526138305664,606.0835571289062,116.5263222693125
0.011793762445449829,-0.007634577970020473,-0.02655356377363205,0.009332883651215849,1.1748203039169312,1.127283374965191,1.0915294885635376,0.02053015692033283,80.0,451.3667297363281,241.76838626861573,128.68040466308594,69.94849013127443,-0.011662690238937592,1.254230954326116,80.0,776.6312815079322,1553.3109781632058,13,0.33764123916625977,902.7526245117188,483.5745849609375,257.4360656738281,139.88994129905703
0.010143294930458069,-0.013931984358350746,-0.03668186813592911,0.010610046020693804,1.2070634365081787,1.1738545536994933,1.1392951011657715,0.013932489275527135,80.0,747.4794311523438,434.94653873443605,254.41810607910156,101.02072804693587,-0.011824782676038531,1.248489782852786,80.0,752.2252284526824,1504.4990809236256,14,0.31842803955078125,1494.9835205078125,869.944416809082,508.86663818359375,202.03121536995627
0.02666289731860161,-0.015261157776694744,-0.04364979267120361,0.01764944408384171,1.2503992319107056,1.2255332842469215,1.20329749584198,0.010512225056997379,80.0,846.3496704101562,531.1591636657715,289.5052185058594,137.1039488462482,-0.01205387434941561,1.246959349612395,80.0,737.4874908002217,1475.0240328407288,15,0.3269188404083252,1692.7236328125,1062.3733596801758,579.0753784179688,274.20048892369954
0.00614328496158123,-0.00802633746061474,-0.031203262507915497,0.007922005553709494,1.249646544456482,1.2315990135073662,1.21257746219635,0.007610621592092749,80.0,893.7911376953125,483.89282913208007,210.65977478027344,177.8916693082286,-0.011802153293865558,1.2459993286058306,80.0,721.6378244459629,1443.3241769731044,16,0.32654285430908203,1787.61328125,967.8263389587403,421.3646240234375,355.77667433666915
0.015799731016159058,-0.007865562895312905,-0.03149519860744476,0.009423650314873596,1.2582266330718994,1.2397062316536904,1.221451997756958,0.008829573557961283,80.0,418.079833984375,213.002796459198,109.27640533447266,74.5645230946821,-0.011570589152774225,1.2456291464321754,80.0,691.7181169173297,1383.4842911495882,17,0.3241550922393799,836.1843872070312,426.0461179733276,218.60037231445312,149.12575293879905
0.008940968662500381,-0.009652090398594737,-0.03268015757203102,0.009045521846686526,1.246425986289978,1.2262964203953743,1.2032526731491089,0.0096245785807245,80.0,286.0060729980469,149.69717893600463,68.94488525390625,50.70931471074184,-0.011464005888653143,1.2445551060967976,80.0,661.6058425850338,1323.2595075978172,18,0.3247494697570801,572.0343627929688,299.4381872177124,137.9262237548828,101.41176947466872
0.008693993091583252,-0.01030138180940412,-0.02878100797533989,0.008289638475273494,1.203072428703308,1.173171828687191,1.1483936309814453,0.010594538173642106,80.0,191.6073455810547,98.57207350730896,60.13821792602539,28.228708303647608,-0.011402815147640036,1.240798091496292,80.0,631.9724863177851,1263.9925973942404,19,0.3240504264831543,383.2417907714844,197.1882137298584,120.32815551757812,56.45025651894547
0.018936648964881897,-0.008333107648650185,-0.02906450815498829,0.01026084453952513,1.1529638767242432,1.1219888865947723,1.0911540985107422,0.013348345747921164,80.0,244.6245574951172,132.95397253036498,79.3573226928711,33.0457523086875,-0.011249329772690544,1.234857631251216,80.0,607.0215606284141,1214.0903200387954,20,0.3414335250854492,489.2716064453125,265.94705028533934,158.76229858398438,66.08774919769583
0.007908370345830917,-0.01328062618849799,-0.037137262523174286,0.011633854995411804,1.155055046081543,1.1111272022128105,1.079187273979187,0.015546475208609037,80.0,142.3817901611328,87.69908776283265,49.40962600708008,22.86313157441973,-0.01134605817344328,1.228965706058911,80.0,582.2919190633864,1164.63111239842,21,0.33574414253234863,284.7859802246094,175.44695959091186,98.8730239868164,45.712607210692994
0.012759514153003693,-0.00935542291845195,-0.031656961888074875,0.00966402177107982,1.089400291442871,1.0075083903968334,0.9684963226318359,0.02759824076011075,80.0,131.88558959960938,86.72275457382202,47.46522903442383,23.93272990548056,-0.011255574752761855,1.2188994644379074,80.0,559.7660479502244,1119.5789877328004,22,0.3385031223297119,263.79632568359375,173.48436975479126,94.96815490722656,47.86074547381081
0.013571184128522873,-0.00944922783819493,-0.030633103102445602,0.011018673178780036,1.0247626304626465,0.9604820415377617,0.888576328754425,0.02927379700562658,80.0,107.71483612060547,66.5701946258545,39.23092269897461,14.708040962077147,-0.01117703793038938,1.2076639243118141,80.0,538.3227499795996,1076.692009892671,23,0.339336633682251,215.4504852294922,133.17849740982055,78.45935821533203,29.412263348937472
0.04603629931807518,-0.006760716799180955,-0.0383443720638752,0.014663849837219118,1.0080304145812988,0.9437071397900582,0.8911113142967224,0.02588182442471634,80.0,62.77030944824219,36.68854086399078,18.632755279541016,9.735223037647026,-0.010993024549922362,1.196665724956741,80.0,517.4213245997827,1034.8885710060597,24,0.34581995010375977,125.55999755859375,73.40947661399841,37.32124328613281,19.468486941752605
0.033910252153873444,-0.0036358461773488672,-0.030336197465658188,0.012560853692312276,0.9558219909667969,0.9062284409999848,0.8502793312072754,0.025666024598918705,80.0,1625.9549560546875,427.04351263046266,61.07726287841797,429.9283812906734,-0.010698737415019421,1.1850482335984707,80.0,513.8062121210098,1027.6575251255035,25,0.3339850902557373,3251.89697265625,854.112423992157,122.23259735107422,859.8437360833719
0.019651703536510468,-0.008402100257808343,-0.02495492249727249,0.009138900249864822,0.8814327716827393,0.8110295616090297,0.737101674079895,0.023058309835452546,80.0,110.88785552978516,47.19507706165314,24.101760864257812,22.220433558299344,-0.01061040521666515,1.1706629000604152,80.0,495.85963000334226,991.7638964157837,26,0.332552433013916,221.78973388671875,94.42317867279053,48.262550354003906,44.43686708415704
0.012103857472538948,-0.005569727346301079,-0.0238381028175354,0.006313106154156523,0.8319568634033203,0.7854967676103115,0.7243289351463318,0.027254074396943297,80.0,49.22010040283203,28.74986926317215,14.47214412689209,8.102782138065509,-0.010423713443688701,1.1563974877474483,80.0,478.55926849444705,957.162514620357,27,0.3401768207550049,98.46609497070312,57.52658793926239,28.987506866455078,16.203850140490935
0.02140449732542038,-0.012683607300277799,-0.038913529366254807,0.011591202545402308,0.9729193449020386,0.9049172647297382,0.8377814292907715,0.03189286165912781,80.0,50.724700927734375,28.986601221561433,13.941112518310547,8.191977051903278,-0.010504423938566885,1.1474160512111016,80.0,462.5031018061297,925.0501629548413,28,0.33264708518981934,101.4646987915039,58.016667985916136,27.881805419921875,16.381897671807238
0.059616394340991974,0.0026814275654032825,-0.02205522172152996,0.013645909285745432,1.1052964925765991,1.0406289756298066,0.9936983585357666,0.023324003602689786,80.0,2992.80712890625,893.1506355285644,158.8782196044922,806.3489574418008,-0.010049739403947223,1.1437337382600226,80.0,477.3530167620757,954.7490100720833,29,0.3327798843383789,5985.63037109375,1786.3167293548584,317.790283203125,1612.6877684222657
0.008553977124392986,-0.002634210928226821,-0.01496928185224533,0.004548529322814603,0.9403190612792969,0.9079694271087646,0.859413743019104,0.014477098883773545,80.0,2716.89697265625,1435.212036895752,741.8462524414062,530.9091350390684,-0.009802555121423208,1.135874927888314,80.0,509.2816507665315,1018.6056260164577,30,0.33098506927490234,5433.8125,2870.44748840332,1483.703857421875,1061.8143015005314
0.03263602778315544,-0.00634900892036967,-0.027121171355247498,0.009836493771962353,1.0012081861495972,0.9588731527328491,0.9126780033111572,0.020213005218092092,80.0,816.8353881835938,321.2783449172974,129.2474822998047,116.41913130385669,-0.00969115040526019,1.1301651932058798,80.0,503.2170279972014,1006.4760434912096,31,0.3313479423522949,1633.6907958984375,642.5885677337646,258.5497741699219,232.83164807904868
0.01138555072247982,-0.005290665983920917,-0.01909639872610569,0.006482341132862806,0.9938510656356812,0.9458061717450619,0.8985050916671753,0.01660813636076437,80.0,436.5631103515625,201.50867490768434,80.0627670288086,63.2998421783716,-0.00955363526709334,1.124403973785229,80.0,493.7886419631541,987.6188810281456,32,0.3358316421508789,873.1575317382812,403.0468446731567,160.15231323242188,126.5976223697428
0.008565129712224007,-0.007982484507374465,-0.02779262512922287,0.007972158806215811,1.0584347248077393,1.001635129004717,0.9527617692947388,0.025878131243986628,80.0,281.6578369140625,122.4929518699646,68.76103210449219,46.100677468240285,-0.009506024638010951,1.120683705761577,80.0,482.5372574148756,965.1159422375939,33,0.3366427421569824,563.3351440429688,245.02190093994142,137.55410766601562,92.19534520100018
0.024231992661952972,-0.006682964926585555,-0.03344907984137535,0.009462389377687916,1.011696219444275,0.9704182997345925,0.9315789937973022,0.016792869782037773,80.0,230.2707061767578,106.65613236427308,61.950496673583984,31.979311194967984,-0.009422993470027851,1.1162641349960776,80.0,471.48193020750494,943.0050333380699,34,0.3331270217895508,460.56072998046875,213.3450396537781,123.94332885742188,63.953964665310494
0.01496966928243637,-0.007328723708633333,-0.023541392758488655,0.008876560139608919,1.0057682991027832,0.9651360310614109,0.9158334732055664,0.017933544134902557,80.0,176.4922637939453,84.3776343345642,44.46829605102539,26.99381734471438,-0.009363157191130865,1.1119461891693727,80.0,460.421807468278,920.8845817695345,35,0.33538126945495605,353.004150390625,168.78922843933105,89.0033950805664,53.981347728654534
0.01204787939786911,-0.004520671057980508,-0.023597225546836853,0.0068918751584321,0.9341902732849121,0.8867558881640434,0.8488210439682007,0.017175304012063502,80.0,249.75363159179688,84.9689281463623,29.33867645263672,44.651585423265715,-0.009228643687432243,1.105690903030336,80.0,449.992560820447,900.0256942490737,36,0.33311939239501953,499.5240478515625,169.96463103294371,58.7052116394043,89.29833096307047
0.013445265591144562,-0.0027060580265242606,-0.024100149050354958,0.006278205612128536,0.9859792590141296,0.9336829826235771,0.8714324235916138,0.029240074143768457,80.0,244.64085388183594,75.30530421733856,22.256723403930664,47.432560997483435,-0.009052357588488784,1.1010420403166399,80.0,439.8658782095522,879.7718834380846,37,0.3325469493865967,489.2972412109375,150.63469424247742,44.58066177368164,94.8618198398328
0.018711309880018234,-0.00656950669363141,-0.02468562312424183,0.008976520188748156,1.0785365104675293,1.0409268684685231,0.9910922646522522,0.01827840257296126,80.0,117.1613540649414,47.642831802368164,20.467172622680664,19.213677486714943,-0.008987019407045169,1.0994600621101105,80.0,429.54421909357364,859.1284028586588,38,0.3357217311859131,234.342529296875,95.31962141990661,40.93302917480469,38.42058282333327
0.015585038810968399,-0.005261715204687789,-0.024235211312770844,0.008681563504629435,1.0804009437561035,1.0265068762004375,0.982771635055542,0.0190220158297568,80.0,71.94319915771484,28.15788879394531,9.755216598510742,14.836431664790206,-0.008891498786471903,1.097589467599606,80.0,419.2522619064037,838.5442599926239,39,0.3396034240722656,143.9109649658203,56.34683108329773,19.537841796875,29.669026987764397
0.018824584782123566,-0.004961719451239332,-0.024529706686735153,0.007947277562773036,1.0390021800994873,0.9984260633587837,0.9487500190734863,0.017876772490027858,80.0,61.6605224609375,22.03109174966812,8.824621200561523,10.812088821714013,-0.008793254303091089,1.0951103824935853,80.0,409.32173265248537,818.6829553776979,40,0.3333554267883301,123.34182739257812,44.092075395584104,17.675020217895508,21.618687369689685
0.008842708542943,-0.0034894342825282365,-0.019469324499368668,0.006119629489152595,1.0050991773605347,0.9201113380491733,0.8633483648300171,0.034279691807390746,80.0,47.32795715332031,18.37878512740135,4.112824440002441,9.96815677643713,-0.008663892839174922,1.0908421131168924,80.0,399.7865388104102,799.61222356616,41,0.33750104904174805,94.67366027832031,36.78295110464096,8.245209693908691,19.932764355778673
0.022375205531716347,-0.013654198148287833,-0.049711860716342926,0.014624921131598842,1.0119514465332031,0.9433339096605777,0.8980799913406372,0.024861124504194015,80.0,42.82874298095703,16.37770869731903,5.694201469421387,8.054357567436886,-0.00878270963224904,1.0873300130345993,80.0,390.6577571410509,781.3548275913511,42,0.33863210678100586,85.67698669433594,32.80159262418747,11.446537017822266,16.095246174347903
0.01964978314936161,-0.004536235984414816,-0.023000290617346764,0.007658093211104775,0.9614226818084717,0.907305683195591,0.8714940547943115,0.017743952283329454,80.0,21.520740509033203,10.872014555335046,3.153512954711914,4.322789730476582,-0.008683954431136615,1.0831434007127618,80.0,381.8255305692901,763.6900931765866,43,0.33943843841552734,43.05921173095703,21.77124775648117,6.315232276916504,8.642731509929037
0.007739026099443436,-0.00046495866845361886,-0.010601542890071869,0.003790562274139042,0.798237681388855,0.7460938081145286,0.7143130898475647,0.01764637120959067,80.0,2535.183837890625,858.0474365711212,63.85585403442383,677.8140777023485,-0.00849715907289382,1.0754831826991655,80.0,392.6487557056953,785.3360168638554,44,0.33153557777404785,5070.3828125,1716.1107354164124,127.7221450805664,1355.6281434600257
0.009037531912326813,-0.002571229770546779,-0.014258764684200287,0.0038893781274637867,0.8655174970626831,0.8146171674132348,0.7771406769752502,0.018201120053375156,80.0,2653.552978515625,885.9511890411377,196.59019470214844,738.9449472244587,-0.008365471755063886,1.0696861601372558,80.0,403.6110320020385,807.2601898964245,45,0.32950711250305176,5307.1220703125,1771.9238033294678,393.2243347167969,1477.8867182660579
0.004612371325492859,-0.010865531337913126,-0.031939513981342316,0.00831792218493779,1.0403501987457275,1.0061402179300785,0.9664742946624756,0.016402068611448366,80.0,3147.544189453125,1430.0513565063477,955.7597045898438,446.19188459769106,-0.008419820876430175,1.068304726611013,80.0,425.92495209995826,851.8881111567434,46,0.33050084114074707,6295.1083984375,2860.144567871094,1911.56103515625,892.3748726914622
-4.6566128730773926e-09,-0.02290315799182281,-0.03983038291335106,0.009997008208580198,1.131699562072754,1.0789295792579652,1.0312681198120117,0.02328559651878956,80.0,377.01666259765625,260.62626552581787,134.19590759277344,50.26839359731823,-0.008727976985268315,1.0685307873056291,80.0,422.4079587685936,844.854745175737,47,0.3309297561645508,754.0767822265625,521.3199100494385,268.4628601074219,100.53933307666838
0.009731689468026161,-0.016419863828923555,-0.03939468786120415,0.008819457282163351,1.1785261631011963,1.1386075347661972,1.1028871536254883,0.014973142522337576,80.0,334.4526672363281,154.20024948120118,94.16075897216797,42.18063310347343,-0.008888224627844466,1.0699907195443907,80.0,416.8202981584395,833.679773593694,48,0.34529995918273926,668.9329223632812,308.4561092376709,188.3704833984375,84.35548584246851
0.00024586915969848633,-0.018889275175752118,-0.04090528190135956,0.010214531217957356,1.2505161762237549,1.1962871432304383,1.1503351926803589,0.024177141760989455,80.0,334.4795837402344,148.1272665977478,95.24810028076172,45.392865539568945,-0.009092327700250744,1.0725681975788,80.0,411.3367669020989,822.7131708347068,49,0.3231232166290283,668.98388671875,296.3162384033203,190.55056762695312,90.77705703825254
0.004113476723432541,-0.014672491268720477,-0.0323968343436718,0.008765516657064081,1.2475776672363281,1.2254816740751266,1.2044047117233276,0.009590236381747021,80.0,170.60540771484375,60.16693046092987,29.428220748901367,32.01846072599332,-0.00920393097162014,1.0756264671087263,80.0,404.31337017327553,808.666661747694,50,0.3268730640411377,341.2349548339844,120.38771648406983,58.906982421875,64.02710052935628
0.003478873521089554,-0.015589409274980426,-0.035355426371097565,0.008265727456401433,1.2903501987457275,1.2607628583908081,1.2199606895446777,0.016034509275633484,80.0,71.63867950439453,22.534337246417998,10.136255264282227,15.1685121287453,-0.009329136428548773,1.0792565924279829,80.0,396.82750678255286,793.6952579514652,51,0.3226478099822998,143.30517578125,45.12506814002991,20.337238311767578,30.330150244341162
0.03248269110918045,-0.005546261818381026,-0.025098642334342003,0.009352935299034392,1.2221267223358154,1.1888298749923707,1.1244759559631348,0.02057328901721484,80.0,53.457191467285156,13.85662733912468,6.280048847198486,9.935722624997402,-0.0092563888398917,1.0813637709388364,80.0,389.4626821778716,778.9655053718732,52,0.3231184482574463,106.93971252441406,27.748123812675477,12.601259231567383,19.868740423609758
0.08427891880273819,0.016290230659069493,-0.02613227069377899,0.028891897971800678,1.1386210918426514,1.1125143378973008,1.0703871250152588,0.01623728795248382,80.0,1992.569580078125,637.5033697128296,173.32546997070312,563.1487451948439,-0.008774377151232055,1.0819515174852226,80.0,394.1426951502293,788.3245789647102,53,0.3307619094848633,3985.158203125,1274.9964057922364,346.7012939453125,1126.2730767552114
0.007242932915687561,-0.007933508412679657,-0.02880159392952919,0.008638227304624133,1.2175145149230957,1.182810765504837,1.1549484729766846,0.013844049794752086,80.0,1772.6378173828125,948.6452480316162,496.3432312011719,246.78151560668098,-0.00875880550792553,1.0838192813374379,80.0,404.41126094432906,808.8617166371257,54,0.3120079040527344,3545.2919921875,1897.3300132751465,992.7252807617188,493.5571321299377
0.009977228939533234,-0.007040769350714982,-0.025523319840431213,0.0077739998327549025,1.060504674911499,1.0266008913516997,0.9926672577857971,0.014249193403171559,80.0,934.3214111328125,401.25224723815916,175.41650390625,147.98364003940173,-0.008727568486885337,1.0827789469740607,80.0,404.35382433148965,808.746760211641,55,0.20769000053405762,1868.6636962890625,802.5391132354737,350.86309814453125,295.96310570142947
0.0045189205557107925,-0.0033201359678059817,-0.017295215278863907,0.004913725170288436,0.954450786113739,0.9010027706623077,0.8517751693725586,0.020435636073424836,80.0,1028.4102783203125,412.28816375732424,192.69656372070312,175.75418644731883,-0.008631007191901777,1.0795329438256365,80.0,404.49550896409374,809.0298714495132,56,0.20808625221252441,2056.83837890625,824.6009895324707,385.42828369140625,351.5048386425691
0.002177063375711441,-0.0030890608672052623,-0.014931097626686096,0.003766102955800176,0.6978850960731506,0.6397747181355953,0.5933765172958374,0.019691928964943498,80.0,4645.71728515625,2183.531204223633,1200.9779052734375,875.9646250992299,-0.00853378006339833,1.0718178872345832,80.0,435.7066615125067,871.4518274401364,57,0.20152544975280762,9291.447265625,4367.081362915039,2401.975830078125,1751.9253842965868
0.006807113066315651,-0.006148582720197737,-0.02098744735121727,0.00567197657491686,0.8055121898651123,0.7462031215429306,0.6787817478179932,0.02607279067833149,80.0,2466.161376953125,1517.9547630310058,814.5737915039062,345.96883370469794,-0.008492655971274181,1.0662038395502444,80.0,454.3661115386877,908.7705327784194,58,0.1895289421081543,4932.3369140625,3035.936737060547,1629.194091796875,691.9320429197351
0.0062257032841444016,-0.006628511071903631,-0.02224406786262989,0.0059208810150505695,1.038717269897461,0.9984096720814705,0.9633021354675293,0.0162939848550645,80.0,336.38519287109375,108.50660138130188,51.741188049316406,54.003737785786996,-0.008461060295013664,1.065054785864333,80.0,448.50408594279975,897.0463953901145,59,0.19874119758605957,672.7906494140625,217.04642686843872,103.52922821044922,108.0023061239845
0.004939965903759003,-0.004739994229748845,-0.014915937557816505,0.004820224427107446,1.0505534410476685,1.003920280188322,0.9578506946563721,0.020948030371504642,80.0,592.0962524414062,129.2188152551651,24.376928329467773,106.92050791708122,-0.00839904252725925,1.0640358774363996,80.0,443.1826647646725,886.4034086078406,60,0.19116497039794922,1184.21240234375,258.46718845367434,48.78334045410156,213.83542537898117
0.006938507780432701,-0.00752060305676423,-0.027576347813010216,0.007430953481304378,0.9539940357208252,0.9110500924289227,0.8691446185112,0.02009979307573151,80.0,54.54052734375,22.184717684984207,4.271889686584473,12.79324042048156,-0.008384641880201955,1.0615279137477525,80.0,436.28105907484155,872.60011826011,61,0.2035048007965088,109.10540008544922,44.402697396278384,8.582086563110352,25.58172041680625
0.0057008154690265656,-0.003646627283887938,-0.015204094350337982,0.004679800373454596,0.8246925473213196,0.7724802069365978,0.7199808359146118,0.026512828712246694,80.0,44.42900085449219,17.37714941203594,2.7984113693237305,9.651464705241146,-0.008308222289938827,1.0568658539604756,80.0,429.52454440286084,859.086842831873,62,0.1938173770904541,88.874267578125,34.77704170942307,5.608226299285889,19.300234758760404
0.01591346599161625,-7.752847159281373e-06,-0.010735061019659042,0.005577544240625601,0.8666484951972961,0.794772920012474,0.6673815846443176,0.04185014326102504,80.0,104.6786117553711,50.10076732635498,21.0672607421875,18.007190096427315,-0.008176468806720103,1.0527056486597137,80.0,423.50194476672584,847.0412968450122,63,0.19315719604492188,209.3555908203125,100.21744565963745,42.13484191894531,36.01146778490451
0.006533208303153515,-0.012366130138980224,-0.042159803211688995,0.010267550769806146,0.8581716418266296,0.8027931205928326,0.7280524969100952,0.023879418916994063,80.0,41.31983947753906,17.00506603717804,7.619441986083984,6.18468867315157,-0.008241932265036667,1.0488007654086686,80.0,417.1504310365766,834.3383222131058,64,0.20419979095458984,82.65528869628906,34.050920403003694,15.27957820892334,12.362230498638537
0.022363916039466858,-0.012711127387592568,-0.041230011731386185,0.014463063269805754,0.8376433849334717,0.7619844742119313,0.6845238208770752,0.03858468387480525,80.0,37.895545959472656,15.676699870824814,7.673295974731445,5.633152991249207,-0.008310689113075989,1.044388207082565,80.0,410.9739120955651,821.9853335925249,65,0.20666122436523438,75.80390167236328,31.394061875343322,15.422994613647461,11.253461446172047
0.02729072794318199,-7.985443226061761e-05,-0.012557175010442734,0.006851607170379228,0.8320164680480957,0.756271131336689,0.6567105054855347,0.03537071950002135,80.0,12.88554573059082,4.972276149690151,1.18509042263031,2.666111801650789,-0.008185979496699998,1.040022796843991,80.0,404.82237215699115,809.6819169842835,66,0.18925166130065918,25.786901473999023,9.959837448596954,2.399540901184082,5.333147392362667
0.0062240175902843475,-0.001557562139350921,-0.016486212611198425,0.003452742306156076,0.8323935866355896,0.7398458145558834,0.6702443957328796,0.038242146831282124,80.0,13.4290189743042,5.294773489236832,1.428191065788269,2.65952105785231,-0.008087047894351504,1.0355425433770042,80.0,398.85927366941274,797.7554325365307,67,0.1799640655517578,26.865741729736328,10.607458984851837,2.8688838481903076,5.31746713702765
0.029816405847668648,-0.009424370236229152,-0.02932395599782467,0.011765978596623643,0.8542700409889221,0.7874805815517902,0.7035283446311951,0.030113692244956785,80.0,78.63543701171875,34.332044982910155,14.147832870483398,12.414579466947808,-0.008106714399379116,1.031894573350163,80.0,393.4985791299054,787.0340098298647,68,0.18906044960021973,157.2865447998047,68.69868848323821,28.308063507080078,24.824167945946915
0.015398889780044556,-0.002010758442338556,-0.017138425260782242,0.006246233802039928,0.9067612886428833,0.8482084892690182,0.799148678779602,0.02686299823310319,80.0,43.300960540771484,16.533933693170546,6.332665920257568,7.986961204745916,-0.00801836721159592,1.0292324561895665,80.0,388.03532339893826,776.1072684248287,69,0.19177913665771484,86.61795043945312,33.088852882385254,12.679170608520508,15.972578289166462
0.046780385076999664,-0.0018198913079686464,-0.02386404760181904,0.010095465764618963,1.0227859020233154,0.941445042937994,0.8693124651908875,0.03616165359240112,80.0,25.481157302856445,5.926175162196159,2.221425771713257,4.9146603705731975,-0.007929817555829817,1.0279783502859727,80.0,382.5766212812705,765.189662005816,70,0.1889955997467041,50.98206329345703,11.874819093942643,4.4590301513671875,9.82627252827401
0.028454750776290894,-0.007622330985032022,-0.028348207473754883,0.011811226437240897,1.1266157627105713,1.0112306483089923,0.9062650203704834,0.05254519395484611,80.0,20.383615493774414,3.0468848928809167,1.102450966835022,3.560413983963338,-0.007925486759058017,1.0277424671595363,80.0,377.2311320363636,754.4986701333186,71,0.19095826148986816,40.788978576660156,6.1292390584945675,2.2680366039276123,7.116047891084042
0.019436439499258995,-0.010935921652708203,-0.034534648060798645,0.01105133500493267,1.1012200117111206,1.0212650895118713,0.9311222434043884,0.04073805799833492,80.0,13.602761268615723,2.755014644563198,1.1833864450454712,2.4560111652134227,-0.007967298354803157,1.0276525035810968,80.0,372.03007485036636,744.0966375820753,72,0.20879769325256348,27.22671890258789,5.552326443791389,2.421753406524658,4.90229546443805
0.011645086109638214,-0.002189226448535919,-0.02613605558872223,0.00639953436191086,1.1014368534088135,1.0649570167064666,1.0249767303466797,0.015613275544380347,80.0,1749.31201171875,708.5406059265136,267.4010925292969,390.6204324360015,-0.00788814668485429,1.0281635243088416,80.0,376.6398081527794,753.3159560470957,73,0.1945207118988037,3498.64306640625,1417.1068855285644,534.8240966796875,781.2384936793433
0.01433498039841652,-0.005354712577536702,-0.02824629284441471,0.007620893369588135,1.1519100666046143,1.1232368290424346,1.0880454778671265,0.01349048901477237,80.0,451.4541320800781,296.9966556549072,169.87391662597656,67.97567756293391,-0.007853911088809458,1.0294482986971336,80.0,375.56354933524057,751.1633956077534,74,0.19587254524230957,902.930908203125,594.0264835357666,339.7810974121094,135.95248810539204
0.01173519529402256,-0.002342245273757726,-0.015842709690332413,0.005673074390652214,1.03291654586792,0.9847712874412536,0.9433887600898743,0.0201555259728648,80.0,545.330810546875,238.71687688827515,101.9728012084961,85.5951320126756,-0.007780422211275435,1.0288526052137217,80.0,373.7389270359477,747.5139921130738,75,0.19480276107788086,1090.680908203125,477.4581335067749,203.9805145263672,171.18778872797208
0.003840266726911068,-0.006230305624194443,-0.02413341775536537,0.006185335409527768,0.8108557462692261,0.7518791310489178,0.6912682056427002,0.021091983720505282,80.0,675.05126953125,361.7984817504883,209.71615600585938,106.34486392080517,-0.007760025940392791,1.025208217395764,80.0,373.5818159137706,747.1996562474261,76,0.18624663352966309,1350.1181640625,723.6244663238525,419.4954528808594,212.68332403686117
5.587935447692871e-09,-0.01641934860672336,-0.03418157994747162,0.008301379397167939,0.8899230360984802,0.8625642791390419,0.8380749225616455,0.012573340352641463,80.0,354.9255065917969,237.80081195831298,171.296875,42.82965042978703,-0.007872484676319161,1.023095958457365,80.0,371.8184262520114,743.6730596089907,77,0.19167089462280273,709.867919921875,475.65171508789064,342.64447021484375,85.6566070880764
0.008196882903575897,-0.006502606655703858,-0.022673755884170532,0.006261554736980169,0.9706363677978516,0.9510526411235333,0.9280601739883423,0.009148493506815203,80.0,113.60823822021484,51.931745409965515,24.871871948242188,18.160356350785197,-0.007854922137593324,1.0221723261838542,80.0,367.7173149591647,735.4707834280074,78,0.20198559761047363,227.2353515625,103.89551749229432,49.77602767944336,36.315345811921816
0.01217938307672739,-0.0028043794620316474,-0.019450411200523376,0.005592058581306077,0.9891551733016968,0.9360971264541149,0.893361508846283,0.023124737475128738,80.0,63.7078742980957,20.3497564971447,7.313997745513916,10.239173220266983,-0.007790991217649506,1.0210827666936044,80.0,363.3202572571138,726.676518367778,79,0.20003247261047363,127.4326171875,40.72384366989136,14.632811546325684,20.475713009496545
0.005275342613458633,-0.005541261075995863,-0.018782738596200943,0.005451406293339403,0.9046614170074463,0.8511041447520256,0.7911090850830078,0.02518636228808225,80.0,21.140640258789062,7.713214644789696,1.9944701194763184,4.095725080411664,-0.007762869590878835,1.0189580339193345,80.0,358.8751692244597,717.7862435622142,80,0.19474434852600098,42.30099868774414,15.454533922672272,4.01182746887207,8.187654499058686
0.021597350016236305,-0.002941431611543521,-0.01977645233273506,0.005791202406441941,0.8791179656982422,0.8092454440891743,0.733797013759613,0.02772935728846227,80.0,13.301305770874023,4.830972576141358,0.9924829006195068,2.6981816860404306,-0.007703345665208028,1.0163689896004435,80.0,354.50425321645577,709.0442407148121,81,0.19225239753723145,26.62149429321289,9.684012922644616,2.012739419937134,5.394703709557097
0.015156794339418411,-0.004897864849772305,-0.026607435196638107,0.005918788300396252,0.8096744418144226,0.7461956910789013,0.665407657623291,0.02889565396489066,80.0,13.874497413635254,4.40529203414917,1.397826075553894,2.2465787304196856,-0.007669132484531983,1.01307419327701,80.0,350.23475368984225,700.5051073365461,82,0.19342041015625,27.76099395751953,8.835303696990014,2.8107292652130127,4.4901608212278274
0.0123576819896698,-0.010256507917074487,-0.03151721507310867,0.010396542521770852,0.8231836557388306,0.7680030971765518,0.7097318172454834,0.024397700879358015,80.0,12.098432540893555,4.522545775771141,1.8130607604980469,2.1992015610655655,-0.007700305682514422,1.0101215294685708,80.0,346.06954636557634,692.1746959778919,83,0.19791054725646973,24.213045120239258,9.080964568257333,3.6231353282928467,4.392557359786272
0.012226059101521969,-0.005509000172605738,-0.017605388537049294,0.005439055556175584,0.8587920069694519,0.7844883732497692,0.7237094640731812,0.0254341056306966,80.0,14.870014190673828,6.336863940954208,3.161932945251465,2.416793748559294,-0.007674218712158365,1.007435420465966,80.0,342.0251096700451,684.0857166876398,84,0.19718027114868164,29.76553726196289,12.700435596704484,6.339255332946777,4.82960364423207
0.009197074919939041,-0.002921975776553154,-0.014804597944021225,0.004554172883372769,0.6882829070091248,0.6401736781001091,0.5842721462249756,0.024211361202653853,80.0,11.916081428527832,3.5502796597778796,0.8273105621337891,2.262043255656757,-0.007618309971739481,1.0031146940851912,80.0,338.0430528463949,676.121404805955,85,0.18923640251159668,23.845355987548828,7.119206744432449,1.6818349361419678,4.521541018352233
0.1092786192893982,-0.01196595846558921,-0.0407659187912941,0.023946197728885225,0.8466588258743286,0.7882400661706924,0.6897038221359253,0.03674224520779145,80.0,27.9564266204834,13.402170485258102,7.038301467895508,4.635362582958336,-0.007668864023993548,1.0006161519001389,80.0,334.2681588654514,668.5716679795539,86,0.1880178451538086,55.936073303222656,26.844037735462187,14.157647132873535,9.259230701431251
0.008355868048965931,-0.002660070435376838,-0.01230558380484581,0.0041669994942024995,0.7982087135314941,0.7525231346487999,0.7020577192306519,0.020177425042153748,80.0,43.41284942626953,19.577921092510223,8.7765474319458,7.242781982880465,-0.007611291683894505,0.9977645080236867,80.0,330.65102969564754,661.3372374601065,87,0.21100950241088867,86.84161376953125,39.176212787628174,17.576932907104492,14.482882940377124
0.00465867854654789,-0.005582906032213941,-0.019179902970790863,0.004724066488637894,0.7454251646995544,0.7041133336722851,0.666509211063385,0.017486807604346916,80.0,35.01145553588867,19.366888403892517,12.032651901245117,4.498154633503634,-0.0075882418469435916,0.9944275628606026,80.0,327.1137099082412,654.2624850444496,88,0.3082289695739746,70.03765869140625,38.75902488231659,24.0943546295166,8.992915533173413
0.01036536693572998,-0.007479178189532832,-0.02812170423567295,0.008536313901414211,0.7047600746154785,0.6631805285811424,0.6139348149299622,0.020002532104869748,80.0,16.532350540161133,5.476095202565193,2.355458974838257,2.946756446500335,-0.0075870164125906615,0.9907056860709458,80.0,323.49980412503135,647.0345965877677,89,0.30704498291015625,33.078163146972656,10.980412399768829,4.713781356811523,5.88677184410308
0.02639824151992798,-0.0069978424871806055,-0.03400767222046852,0.010601357024395611,0.8048772215843201,0.7285601027309895,0.636232316493988,0.036946521158239785,80.0,9.835674285888672,2.0111818999052047,0.8695707321166992,1.8602118781149006,-0.007580470035641661,0.9877929573671685,80.0,319.92770832252995,639.8903336333566,90,0.3092224597930908,19.687170028686523,4.050930690765381,1.78694748878479,3.7163345895152893
0.00048785656690597534,-0.01244397004484199,-0.033993303775787354,0.008947332346720264,0.9389142990112305,0.8668794266879558,0.8310549259185791,0.022426134106535604,80.0,52.265785217285156,18.97360411286354,6.211025714874268,9.121226063360746,-0.007633915090687818,0.9864642372498146,80.0,316.62052036418197,633.2760380273992,91,0.3147561550140381,104.55158233642578,37.98943349123001,12.449647903442383,18.2345263580613
0.018489407375454903,-0.005643420293927193,-0.024720102548599243,0.008427894369361554,1.0455472469329834,1.001814880222082,0.9638630151748657,0.017154152280268342,80.0,466.5832824707031,204.55505533218383,80.28484344482422,79.21665551189818,-0.007612279277679551,0.9866310920647305,80.0,315.4024174833994,630.8397923490924,92,0.30905723571777344,933.1827392578125,409.14143562316895,160.61880493164062,158.42694146869093
0.012938492000102997,-0.006132864893879741,-0.021178165450692177,0.007319129846302599,1.0264198780059814,0.9913268774747849,0.9486905932426453,0.017811449802698654,80.0,240.97634887695312,129.4202956199646,51.735984802246094,40.53193766313599,-0.0075963715961333165,0.9866815843809678,80.0,313.402609721427,626.8401460463642,93,0.3095216751098633,481.9742736816406,258.87268619537355,103.49089050292969,81.06157602201809
0.005122464150190353,-0.002193217701278627,-0.016817832365632057,0.004023615933581324,0.7766708135604858,0.7314650863409042,0.6995551586151123,0.017749977198590047,80.0,175.98385620117188,85.57903456687927,43.030982971191406,28.937527212956034,-0.007538891235549756,0.983966515252882,80.0,310.9789546665914,621.9926666706801,94,0.3088092803955078,351.98187255859375,171.17708473205568,86.07937622070312,57.872186825967574
0.004767058417201042,-0.0023575576080475,-0.012655581347644329,0.0035550801339008322,0.6944413185119629,0.6478740938007832,0.6022732853889465,0.018413297112728235,80.0,176.70106506347656,81.57599477767944,31.532787322998047,27.186328857018633,-0.007484350881576047,0.9804287002902283,80.0,308.56418666776074,617.1629508189778,95,0.3093869686126709,353.4150390625,163.16966075897216,63.077247619628906,54.37172606504115
0.004183851182460785,-0.004707134258933365,-0.01588011160492897,0.004341751203192804,0.7813818454742432,0.7377245292067528,0.7011240720748901,0.01619134614280883,80.0,62.10172653198242,15.329633507132531,3.1979610919952393,13.662789395381006,-0.007455421541756852,0.977900531841442,80.0,305.5096600723375,611.0537892028068,96,0.3074047565460205,124.21826934814453,30.683435666561127,6.424656867980957,27.32199136707042
0.011681566946208477,-0.005632587423315271,-0.025822538882493973,0.007619751796038612,0.9203891158103943,0.8725044168531895,0.8348170518875122,0.017875754885369452,80.0,12.33089542388916,6.992493933439254,4.09999418258667,1.7184592955087976,-0.007436629437443022,0.9768139739549652,80.0,302.43216351420455,604.8987367689609,97,0.4465315341949463,24.678672790527344,14.01370311975479,8.247272491455078,3.4328703066631414
0.010366308502852917,-0.005021800840040669,-0.021461864933371544,0.006490577204557209,0.886546790599823,0.8391457699239254,0.7986361980438232,0.015929960559976326,80.0,16.91028594970703,6.385349309444427,2.2502524852752686,3.0272430848910954,-0.007411988329306263,0.9754091963628118,80.0,299.41127765497225,598.8568876713514,98,0.38758420944213867,33.838497161865234,12.797525203227996,4.545509338378906,6.048936308096163
0.02076854184269905,-0.003922888764645904,-0.025757446885108948,0.007131882352171646,0.778836190700531,0.7410816177725792,0.6849048733711243,0.020591426289125362,80.0,7.431395530700684,2.6111245334148405,0.8999535441398621,1.3319921819420995,-0.0073767448993601985,0.9730422511245266,80.0,296.41329631031005,592.8608071544404,99,0.32694149017333984,14.880851745605469,5.244916497170925,1.8289721012115479,2.6622594967202913
0.01823597215116024,-0.005826678476296365,-0.024521686136722565,0.008555519726527636,0.7737342119216919,0.7016710326075554,0.64129638671875,0.027814136413762038,80.0,4.431208610534668,1.9172394804656505,0.757220983505249,0.7325056006397295,-0.00736124423512956,0.9703285389393568,80.0,293.4683357420116,586.9708007401972,100,0.32708168029785156,8.877315521240234,3.8601657301187515,1.577250599861145,1.4591990313620307
0.010197156108915806,-0.006208526960108429,-0.026420973241329193,0.008305852394562904,0.8852940201759338,0.84277124106884,0.806696891784668,0.019829252124232883,80.0,26.09981918334961,6.265846697986126,1.9183403253555298,5.080373246663194,-0.007301294304081238,0.965078854754567,80.0,266.9224596630931,533.8788237285166,101,0.32845091819763184,52.224708557128906,12.560965824127198,3.88047456741333,10.155119799824737
0.010219451040029526,-0.007362191786523908,-0.027292240411043167,0.006698976876117677,0.7922364473342896,0.754078634828329,0.7052677869796753,0.018612420453016473,80.0,20.435199737548828,6.742815779149533,1.791711688041687,3.3224434826436458,-0.007155395620386116,0.9590330771580338,80.0,249.89668826644123,499.8268681178838,102,0.3371293544769287,40.887855529785156,13.515437471866608,3.6018199920654297,6.639578242914408
0.006890413351356983,-0.0014384882524609566,-0.00911460816860199,0.0031914063338201763,0.677378237247467,0.6220308601856231,0.5713015794754028,0.021984308866159687,80.0,23.260284423828125,6.5393360465765,2.1515462398529053,3.4809172803960955,-0.007029401435342151,0.9518770954832434,80.0,245.46710326005518,490.96730294956274,103,0.33292388916015625,46.53297424316406,13.093989759683609,4.32661247253418,6.95966347142619
0.00856788083910942,-0.005210938345408067,-0.03311144933104515,0.007878288698876133,0.7459107637405396,0.6600378550589084,0.5998009443283081,0.03286455605694224,80.0,9.847212791442871,2.9837519861757755,0.8056129217147827,2.0129172429602593,-0.0069794160401215775,0.9453782050162551,80.0,244.43474612354487,488.9023587308974,104,0.3342435359954834,19.706863403320312,5.991126629710197,1.655707836151123,4.0206010511070165
0.01079702191054821,-0.006346660479903221,-0.023622602224349976,0.007152232200639009,0.8022804260253906,0.7449399806559086,0.6800568699836731,0.03361512179289085,80.0,25.52700424194336,10.000807046890259,4.495144844055176,4.896879151844546,-0.006927748207468539,0.9400155972912906,80.0,243.20728843950477,486.44723277173944,105,0.33716392517089844,51.07776641845703,20.029206299781798,9.025609016418457,9.78745531449718
0.003902476280927658,-0.0027730220812372864,-0.017324134707450867,0.003855940922029779,0.6829249858856201,0.6389678671956063,0.5943876504898071,0.02059544102808987,80.0,64.52664184570312,15.515156424045562,4.648756504058838,13.002672826505924,-0.0068565715441945944,0.933382001660764,80.0,241.18490963303296,482.4022001398652,106,0.3355064392089844,129.06617736816406,31.04863805770874,9.333343505859375,26.00298318169584
0.013156715780496597,-0.00481487849028781,-0.028043480589985847,0.007262699522855546,0.7498092651367188,0.7099339306354523,0.6664830446243286,0.017474418040900712,80.0,42.43810272216797,8.091503179073333,3.165837287902832,7.564030865975084,-0.006807180760311894,0.9278575484678148,80.0,239.26332784818857,478.55882728295023,107,0.331862211227417,84.89094543457031,16.20683471560478,6.354282379150391,15.12549227684129
0.020377065986394882,-0.0027423020801506937,-0.0270270686596632,0.009070505224998596,0.8789368867874146,0.8073109060525894,0.7245340347290039,0.032478643976929726,80.0,14.92583179473877,2.4219665631651877,0.7836572527885437,2.697960045369761,-0.006742787476861849,0.923616297505796,80.0,237.73071697602415,475.49339192099865,108,0.33136439323425293,29.868484497070312,4.8655639559030535,1.6051486730575562,5.394474216881171
0.08732547610998154,-0.005292076128534972,-0.036975499242544174,0.02122922488908105,0.9703382849693298,0.8525117225944996,0.7825536727905273,0.04958049048604771,80.0,7.898708820343018,2.2766547717154024,0.8856053948402405,1.6684387372210405,-0.0067386847136658625,0.9203352606594563,80.0,235.56741846789416,471.166721070513,109,0.3231322765350342,15.815206527709961,4.580943897366524,1.8056628704071045,3.309941374873269
0.027432139962911606,0.000876218022312969,-0.020571887493133545,0.008471470975889654,0.9412506222724915,0.8957643672823906,0.8209121227264404,0.02589554622639499,80.0,32.31876754760742,15.533641672134399,7.196928024291992,5.780342589928177,-0.006646427646803205,0.9170990774482489,80.0,216.34892274655394,432.7294800007193,110,0.2837252616882324,64.656494140625,31.08344612121582,14.43254280090332,11.555851487565747
0.00760745070874691,-0.005644623376429081,-0.017512187361717224,0.005204785983910307,0.9421308040618896,0.9042031913995743,0.8627738952636719,0.017970215708035756,80.0,91.79116821289062,55.06838765144348,31.14704132080078,11.79678741101229,-0.006560199184401427,0.9141519571840763,80.0,200.7478328193575,401.52706858180454,111,0.3142282962799072,183.6002197265625,110.16614875793456,62.3251953125,23.592616269137984
0.013758404180407524,-0.0033199350582435727,-0.01406059879809618,0.004738858404197363,0.7815982103347778,0.7303829923272133,0.6851334571838379,0.0221447082441947,80.0,116.83056640625,49.0367449760437,18.54957389831543,18.887258278881646,-0.00642421453393763,0.9101806841194628,80.0,196.72871913661064,393.48848981498173,112,0.28493237495422363,233.67539978027344,98.0947371482849,37.142112731933594,37.77285824409965
0.0031585823744535446,-0.0038627286732662467,-0.017276965081691742,0.004106537501984158,0.825228214263916,0.7585616931319237,0.6983642578125,0.02389719988112511,80.0,160.78665161132812,90.68364923000335,31.04483985900879,26.959074811644893,-0.006386496040970087,0.9064934673011302,80.0,195.21787176622453,390.4666459195465,113,0.4021117687225342,321.58837890625,181.3901954174042,62.114994049072266,53.91425154122836
0.0030384473502635956,-0.011927284946432337,-0.02671400085091591,0.006785610429781229,1.0040571689605713,0.9782807067036629,0.9485445022583008,0.012361683812098564,80.0,93.02748107910156,27.761965239048003,6.160100936889648,18.99939496409966,-0.006366449046850903,0.9045377288311718,80.0,191.14602603127068,382.3228752564043,114,0.31869029998779297,186.0755615234375,55.5673504948616,12.39223861694336,37.99266254525445
0.005509557668119669,-0.006989203562261537,-0.02253938838839531,0.006769719632005766,1.0515596866607666,1.0247242867946624,1.000089168548584,0.011602355381522165,80.0,23.76188850402832,12.526275551319122,7.304285049438477,3.705369774168526,-0.00628372950470657,0.9025296388566493,80.0,185.95969715012612,371.9500118993372,115,0.1845839023590088,47.54470443725586,25.087023973464966,14.649017333984375,7.406842135530371
0.035289064049720764,-0.001684997894335538,-0.018707238137722015,0.008134123304573625,0.8893281817436218,0.8543363146483898,0.7863054275512695,0.020798897351239215,80.0,10.94522476196289,5.920637264847755,2.698633909225464,2.019214057297634,-0.0062203161090437775,0.8987570118680597,80.0,181.17997523145377,362.3903658221215,116,0.29802393913269043,21.904794692993164,11.86173123717308,5.436977863311768,4.0356476777209584
0.012053623795509338,-0.018817138380836696,-0.04658099636435509,0.01360442431232119,0.8466260433197021,0.7902966700494289,0.6924086213111877,0.03705165812902418,80.0,5.787623882293701,2.548582974076271,1.28266441822052,0.8882576512640651,-0.006329831863899016,0.894262916252017,80.0,179.07543309660252,358.1814107040316,117,0.24324870109558105,11.591440200805664,5.150606164336205,2.6183438301086426,1.7624243755268387
0.006521683186292648,-0.016222451254725455,-0.038768015801906586,0.011716743198313806,0.6753959655761719,0.6238168962299824,0.5558533668518066,0.024618338220969847,80.0,9.587971687316895,3.222342939674854,1.091424584388733,1.6436615987951124,-0.006395535472460322,0.8882381210103631,80.0,177.61068473663926,355.2519249030798,118,0.1801295280456543,19.188461303710938,6.489607122540474,2.239305019378662,3.271710821731773
0.00934012234210968,-0.006054475356359034,-0.021471790969371796,0.006444871035945577,0.8198583126068115,0.7611415088176727,0.7019138336181641,0.02561912853102399,80.0,8.052568435668945,2.696423923969269,0.8504494428634644,1.338109565403009,-0.006353066407929871,0.884117817811668,80.0,176.65192824080586,353.334244562164,119,0.25139641761779785,16.121417999267578,5.420179638266563,1.715034008026123,2.6734387327875053
0.009058876894414425,-0.0032672975619789215,-0.011637378484010696,0.004041570647209578,0.808769941329956,0.766909982264042,0.7350497245788574,0.016552710126421302,80.0,15.17897891998291,3.557497226446867,0.9986976981163025,2.6302595331325085,-0.006302408307063159,0.8805670287683607,80.0,175.35796348776668,350.74614273200933,120,0.2966325283050537,30.372804641723633,7.136867269873619,2.0171117782592773,5.257866429243633
0.005467848852276802,-0.0037737593112979083,-0.01519843190908432,0.004254994377665345,0.678677499294281,0.6099039144814015,0.569314181804657,0.022329642992929007,80.0,7.9488983154296875,3.3772360436618327,0.6293084025382996,1.7070108357439975,-0.00620733963829116,0.8755547958910465,80.0,174.514744970575,349.05941531281167,121,0.21018362045288086,15.916229248046875,6.774217671155929,1.2860164642333984,3.4116036416259807
0.009349271655082703,-0.00305846962146461,-0.016439151018857956,0.004855774032105079,0.679434597492218,0.6195058628916741,0.5729409456253052,0.02014106255789252,80.0,7.567048072814941,2.102367965877056,0.5243804454803467,1.39410448321771,-0.006144370105321285,0.871674770615995,80.0,173.66854110449552,347.36680404533445,122,0.20103788375854492,15.14664077758789,4.223243007063866,1.0627520084381104,2.7861751239860455
0.06653489917516708,-0.0018957173335365951,-0.02696537971496582,0.012095922079269735,0.683290958404541,0.6113141268491745,0.5608080625534058,0.028595275677736513,80.0,9.852700233459473,1.968757079541683,0.5781199932098389,1.5924634390753885,-0.006068835000274702,0.8681830914691091,80.0,173.0225267290324,346.07455439014734,123,0.20421576499938965,19.71872329711914,3.953531891107559,1.1545771360397339,3.1858069213694207
0.018571630120277405,-0.001955367799382657,-0.01795841008424759,0.008702547839269811,0.8058732748031616,0.7470773823559285,0.6905397772789001,0.029227671471167425,80.0,47.080223083496094,10.745743718743324,2.946484327316284,9.734937901965528,-0.006020781510276718,0.8662167938947678,80.0,172.76309875757994,345.5555630199462,124,0.20527005195617676,94.1787109375,21.51033959388733,5.9090256690979,19.46463267682373
0.017803210765123367,-0.004589235893217847,-0.02759179100394249,0.007031117713085683,0.9375554919242859,0.8961823657155037,0.8499829173088074,0.02207454038854981,80.0,50.4367790222168,7.108386698365211,1.9785979986190796,10.45460877165724,-0.00603031540743541,0.8661163331419229,80.0,168.56374749825898,337.15687753413613,125,0.21364569664001465,100.89170837402344,14.243875411152839,3.9978764057159424,20.90527926544653
0.015143103897571564,-0.00628757756203413,-0.025187214836478233,0.009829798553010189,0.983203649520874,0.9093824230134487,0.8492708206176758,0.030840162155747704,80.0,39.343379974365234,5.675887851417064,0.895534873008728,9.733784809687673,-0.006009170180477665,0.8670998617559671,80.0,168.14855560615658,336.3264711326062,126,0.21230792999267578,78.70045471191406,11.38253851979971,1.829190969467163,19.46106417138255
0.007372509688138962,-0.014602232933975756,-0.04160574451088905,0.010442115327661566,0.9344044327735901,0.8595004715025425,0.7677739858627319,0.03164958236145617,80.0,13.987194061279297,1.9925695694983006,0.657538890838623,2.7575227962178848,-0.006099495236354414,0.8678398987948894,80.0,167.8809826092198,335.79152058921755,127,0.3193025588989258,27.992935180664062,4.031533600389958,1.366851806640625,5.507996688633345
0.12927764654159546,0.017368889157660307,-0.008570563048124313,0.026040613579449937,0.9481846690177917,0.9050841942429543,0.8594800233840942,0.01908049043553275,80.0,265.58453369140625,77.21856552362442,15.997553825378418,53.61560922244319,-0.005798970271775033,0.8678415680900217,80.0,168.36330225224046,336.75555884872375,128,0.34204626083374023,531.1929931640625,154.4204939365387,32.024932861328125,107.21092188478978
0.01782224141061306,-0.0034138771414291115,-0.019694725051522255,0.006768784188676443,1.0357486009597778,0.9871191814541816,0.950080156326294,0.016866030484032773,80.0,697.8713989257812,343.2476558685303,152.85240173339844,111.87402724711863,-0.005859923318843357,0.8673064701482653,80.0,162.86427245564013,325.75761034713685,129,0.34135985374450684,1395.7628173828125,686.521879196167,305.73834228515625,223.74618920463652
0.005646824836730957,-0.002697853618883528,-0.01616598851978779,0.004816804546314438,1.042785406112671,1.0102702587842942,0.9679238796234131,0.01841672049266786,80.0,565.849609375,251.49640188217163,70.54751586914062,87.0676161871269,-0.005860559745749925,0.8683294784650206,80.0,151.02711610550435,302.08331953941286,130,0.3310120105743408,1131.7213134765625,503.0184076309204,141.13775634765625,174.13204340879471
0.0037263580597937107,-0.00204638916766271,-0.010769665241241455,0.002919633266863607,0.9944653511047363,0.9475720904767513,0.9203236699104309,0.015981690808446365,80.0,249.48797607421875,97.20848445892334,38.73503875732422,45.2569325158763,-0.005817533548222855,0.8682164678424598,80.0,148.7864175009206,297.6018340056985,131,0.3309903144836426,498.9949035644531,194.4400143623352,77.4923324584961,90.51186718680287
0.005043044686317444,-0.0037971077777910977,-0.01617022603750229,0.004730061383878839,1.0448949337005615,0.9958411075174809,0.9560291767120361,0.018205548508326327,80.0,87.68757629394531,28.688532090187074,3.653341770172119,20.07844688394184,-0.005802597966161557,0.8687168172001837,80.0,147.0582160727456,294.1454113097042,132,0.3378746509552002,175.3957977294922,57.40457507371902,7.352390289306641,40.153445266902374
0.003667866811156273,-0.01215358303161338,-0.038557857275009155,0.009550263792131024,0.9762626886367798,0.9265850059688091,0.8783403635025024,0.018404263352585857,80.0,24.979312896728516,14.354307854175568,9.295713424682617,3.7776806706088606,-0.005844308951403945,0.8679663159698247,80.0,145.97682963258774,291.98270684431486,133,0.3255760669708252,49.97599411010742,28.751454401016236,18.648405075073242,7.545200734333562
0.019488412886857986,-0.005410087760537863,-0.021993141621351242,0.0064894341514555145,0.8418117761611938,0.8055191427469254,0.7617740631103516,0.017575502054329218,80.0,12.72171401977539,5.731748059391975,1.8120267391204834,1.9363066983778077,-0.0058315801797434695,0.866317324399948,80.0,144.96758578953893,289.9641607143432,134,0.3457186222076416,25.460445404052734,11.490426656603812,3.6597301959991455,3.8707830055870636
0.011793067678809166,-0.01297902759979479,-0.03716833144426346,0.009823960215952027,0.7389155626296997,0.6925195559859276,0.6628170013427734,0.015287656552053788,80.0,3.6519644260406494,1.5448916174471379,0.6342689394950867,0.6685469635777294,-0.0058880832186550824,0.8635911596491933,80.0,144.13925836236774,288.3075643468946,135,0.3397786617279053,7.315685272216797,3.1295916944742204,1.3085541725158691,1.3302569779015772
0.013539427891373634,-0.007703560398658738,-0.02796155959367752,0.007759943105873737,0.6420831680297852,0.5900307156145572,0.5345489978790283,0.026587813282044428,80.0,2.654426097869873,0.9262914847582578,0.349017471075058,0.3906819432490981,-0.005919912112061864,0.8606239079236986,80.0,143.2988319957517,286.6267159435823,136,0.23041009902954102,5.329115390777588,1.8797907017171382,0.7282984852790833,0.7771800788938643
0.014770296402275562,-0.004653892043279484,-0.023609424009919167,0.006608932954503295,0.782857358455658,0.7396741904318332,0.696958065032959,0.017603283800225612,80.0,17.80160140991211,3.2705383896827698,1.0478227138519287,2.718157818916663,-0.005939390452229417,0.858683820001781,80.0,142.57848433747515,285.18602078128606,137,0.1920790672302246,35.61769104003906,6.5651780128479,2.1371757984161377,5.430432663102459
0.014715958386659622,-0.0037689813412725925,-0.02005700394511223,0.00648458116842567,0.7627480030059814,0.7214646585285663,0.6852739453315735,0.015876802390411133,80.0,10.337447166442871,2.884751710295677,0.7952154278755188,1.7751643033065232,-0.005911385198705829,0.8554891979023813,80.0,142.13090353655443,284.29073927370456,138,0.21773958206176758,20.689130783081055,5.7914706617593765,1.6323461532592773,3.545396069152376
0.008356090635061264,-0.005808404617710039,-0.018513407558202744,0.005343229232100176,0.6327217817306519,0.6043905735015869,0.5593149662017822,0.016770570515708932,80.0,7.842164516448975,2.803041086345911,0.7297005653381348,1.46989265572974,-0.005916852092836052,0.8512680348753929,80.0,141.87735505947845,283.78356883024423,139,0.18172669410705566,15.696109771728516,5.629786737263203,1.4907944202423096,2.934645625131018
0.007548734545707703,-0.0038454662077128886,-0.015415258705615997,0.004375231382049983,0.6054610013961792,0.5674831718206406,0.5310794711112976,0.016178995486762056,80.0,4.370856761932373,1.379259365797043,0.46740835905075073,0.7841139812314099,-0.005905689560400786,0.8469586059600114,80.0,141.6708367356397,283.37042366944996,140,0.17736172676086426,8.754356384277344,2.7775593161582948,0.9608014822006226,1.5659498015863895
0.015184639021754265,-0.0024592700705397875,-0.015113025903701782,0.005896254465298183,0.6696699857711792,0.6294234417378902,0.5819447636604309,0.016845140999237375,80.0,10.213163375854492,2.823108070343733,0.6283486485481262,2.049434174543112,-0.005895387918280902,0.8440517269968986,80.0,141.51527996506914,283.0592313896045,141,0.17261648178100586,20.434093475341797,5.663723120093346,1.2855820655822754,4.095312921604379
0.0067039914429187775,-0.0008123215870000422,-0.010560581460595131,0.0039683108807778604,0.7655189037322998,0.7190877884626389,0.6765741109848022,0.015405588189114085,80.0,106.3470687866211,19.82593714296818,3.809957265853882,19.124619574038135,-0.005766969152668025,0.8418092657849193,80.0,141.54976224952566,283.12789426996557,142,0.17562627792358398,212.7114715576172,39.66788066029549,7.622509479522705,38.24870891008916
0.004393439739942551,-0.003044684324413538,-0.012560543604195118,0.0035560231249484628,0.7499977946281433,0.7152818724513054,0.6731042265892029,0.0177549979242494,80.0,32.57619094848633,4.8420360997319225,1.2661750316619873,6.307240098343103,-0.005752053636068013,0.8398890276774763,80.0,141.48946246496962,283.00722646387663,143,0.1760401725769043,65.16680145263672,9.70446714758873,2.563227653503418,12.611754811779193
0.03828757628798485,-0.002840422175358981,-0.01832282543182373,0.010408084908620198,0.6541316509246826,0.5752999857068062,0.4652044177055359,0.046435801282490516,80.0,7.347830772399902,1.4601565457880497,0.6229681968688965,1.2542653049102972,-0.005775808271137066,0.8381810894533992,80.0,132.9235896647163,265.8754941089377,144,0.17853951454162598,14.70850658416748,2.937499922513962,1.2897499799728394,2.5084900681680673
0.011365190148353577,-0.0034452412161044776,-0.02663564682006836,0.00851079533075132,0.7536752223968506,0.7014245428144932,0.6479296684265137,0.024007002757888515,80.0,8.454358100891113,1.9475756943225861,0.5987022519111633,1.6916000832973583,-0.0057845483855926425,0.8370491632074117,80.0,124.08355353124814,248.1954167796597,145,0.17652130126953125,16.92259979248047,3.9160704016685486,1.247065544128418,3.3798800618491853
0.012327717617154121,-0.0033145796100143344,-0.0231008380651474,0.007573041142968173,0.8345755338668823,0.7841038592159748,0.7350893020629883,0.0170187354055945,80.0,221.6427001953125,96.79082617759704,41.93368148803711,40.08615387365872,-0.005709038868313654,0.8348287996202707,80.0,110.75094822796063,221.5300107385144,146,0.20626044273376465,443.3009033203125,193.60396375656128,83.89679718017578,80.17082275316795
0.004278309643268585,-0.0057884213456418365,-0.026375839486718178,0.0055768113941031825,0.8393425941467285,0.801722003519535,0.7670689821243286,0.016755769714653593,80.0,140.27780151367188,85.5489555835724,34.717506408691406,24.14970958548444,-0.0055378915018518445,0.8320567238628862,80.0,109.00017512853817,218.02806685461852,147,0.209930419921875,280.57305908203125,171.12552165985107,69.46463775634766,48.30018348127155
0.005628928542137146,-0.00678529865690507,-0.02268116921186447,0.006231254579796778,0.891772985458374,0.8476109437644481,0.8030523061752319,0.0181031772523594,80.0,35.4581184387207,9.437755727767945,3.9791388511657715,6.5327332689881965,-0.005441545850131659,0.829146757952869,80.0,107.55255019100383,215.13256610431523,148,0.2071375846862793,70.93360900878906,18.906034207344057,7.986331939697266,13.060173799742795
0.0022509172558784485,-0.006460169120691717,-0.021154295653104782,0.0046697663843458985,0.8485642671585083,0.8163888916373253,0.7792787551879883,0.014870989366080981,80.0,23.486196517944336,7.402725842595101,3.2315051555633545,3.3141213716501587,-0.005317254789581056,0.8253477754369378,80.0,106.14530478345232,212.31775071801994,149,0.20529913902282715,46.99340057373047,14.834699773788453,6.4969940185546875,6.62431893374413
0.009035509079694748,-0.008690106173162349,-0.033452410250902176,0.009571462239437861,0.8047505617141724,0.7545089319348335,0.711290717124939,0.018523984613325373,80.0,10.05599308013916,4.7318172484636305,3.266164541244507,1.2720130613215006,-0.005257430938625475,0.8206380480155349,80.0,105.59095365132764,211.20883460255715,150,0.19643306732177734,20.126291275024414,9.496104937791824,6.52979040145874,2.539982373843275
0.008724501356482506,-0.008907867391826585,-0.026941820979118347,0.008962422667515577,0.7315779328346252,0.6976543001830577,0.662569522857666,0.016768306056653883,80.0,4.855901718139648,2.0919591531157495,1.0983482599258423,0.8512392169856943,-0.005190615519793936,0.8150069624334576,80.0,105.38652987039463,210.79974079244587,151,0.2019815444946289,9.726131439208984,4.2156871289014815,2.250931739807129,1.6961032997370495
0.013699527829885483,-0.00672121848911047,-0.02166631445288658,0.00809585705181832,0.7173377275466919,0.6886465571820736,0.6470965147018433,0.01563741388266128,80.0,2.508639335632324,1.1640587653964758,0.482120543718338,0.42768026164198825,-0.00520236508650123,0.8100051292553545,80.0,105.25960418465735,210.54581288307162,152,0.2746255397796631,5.0302205085754395,2.35533287525177,1.0045547485351562,0.849845659126917
0.005542326718568802,-0.005698103300528601,-0.017087861895561218,0.004965041904721971,0.7117177248001099,0.6651793695986271,0.6278609037399292,0.015678902068631748,80.0,1.433532476425171,0.6580609813332557,0.365743488073349,0.23876951505782634,-0.0054222484260972115,0.8055317795723677,80.0,98.89115109734239,197.80925704270604,153,0.3334226608276367,2.891350746154785,1.3408217556774615,0.7597030401229858,0.47358681339613207
0.013440483249723911,-0.002980758179910481,-0.024783186614513397,0.00763498534397153,0.7267280220985413,0.6917160138487816,0.6450921297073364,0.017919897557676392,80.0,4.260807037353516,1.2458085898309945,0.451509028673172,0.7750286962206946,-0.00537272092376952,0.800620832055807,80.0,89.41715670292453,178.86107103995238,154,0.3677794933319092,8.535000801086426,2.511412999778986,0.9392417073249817,1.5463660523281955
0.00597173348069191,-0.003748774720588699,-0.01574038714170456,0.004771318915945607,0.7667629718780518,0.7310783989727497,0.6969740390777588,0.017499914612305798,80.0,5.765937328338623,1.9548086911439895,0.7063285112380981,1.1750296244298426,-0.005339800977468256,0.7976656071320175,80.0,85.42418231745437,170.87499727249892,155,0.3241140842437744,11.555965423583984,3.9317364901304246,1.44063401222229,2.346679244135456
0.004102151840925217,-0.003984108712757006,-0.014855416491627693,0.004385949792404974,0.7082465291023254,0.6595143757760524,0.6279277801513672,0.01512011903058903,80.0,9.004813194274902,2.6998075157403947,0.7184169292449951,1.9784241094869062,-0.005346440704917767,0.795250723183155,80.0,81.32829875503855,162.68319511229546,156,0.33264803886413574,18.02205467224121,5.420773512125015,1.4736480712890625,3.9525771693890244
0.017224891111254692,0.0011125685181468726,-0.015901293605566025,0.005441728557205128,0.686026394367218,0.6562494195997715,0.6228151917457581,0.013847316715501535,80.0,5.968957901000977,1.7377255842089654,0.6474691033363342,1.1571251704793475,-0.0053044244110642454,0.795415470197797,80.0,59.510363968644285,119.04724499329178,157,0.32146549224853516,11.950998306274414,3.48635101467371,1.3079347610473633,2.312182008370988
0.010247603058815002,-0.005880480684572831,-0.0293123722076416,0.00898518745030409,0.722632646560669,0.6896305546164513,0.6499696969985962,0.01642438720355574,80.0,8.059429168701172,2.610711860656738,0.9975134134292603,1.528117712987383,-0.005301743390707996,0.7948497445285321,80.0,44.35692345694079,88.74034739562123,158,0.32512974739074707,16.134492874145508,5.246977293491364,2.014702558517456,3.0476414195044557
0.00386829674243927,-0.0029257993155624717,-0.016729846596717834,0.004721577167892866,0.827772319316864,0.7773091711103917,0.7297731637954712,0.018493126504963663,80.0,48.39771270751953,7.219843426346779,1.7770333290100098,9.176591287561017,-0.005264716273144585,0.7926387395188214,80.0,43.34405587739125,86.71449397536368,159,0.3278236389160156,96.81059265136719,14.461084842681885,3.5634021759033203,18.350478274791598
0.010156415402889252,-0.0035281377902720125,-0.015629936009645462,0.0048807361715685,0.8954116106033325,0.8512051589787006,0.8092200756072998,0.018585350042824196,80.0,14.184168815612793,2.2679813869297503,0.8422932028770447,2.555913454370185,-0.005252597708749818,0.7911115883067251,80.0,42.07454753870889,84.17542252213507,160,0.4174642562866211,28.385684967041016,4.560043130815029,1.6898506879806519,5.109337816276156
0.014262484386563301,-0.010626440326450392,-0.028478676453232765,0.008514589008236248,0.8275408148765564,0.7439643330872059,0.6749901175498962,0.031617260303853416,80.0,4.514846324920654,0.963730002194643,0.5270628333091736,0.6910494970891972,-0.00528365608144668,0.7894407307133079,80.0,41.862337661881,83.7510314701423,161,0.33604884147644043,9.042986869812012,1.9635921970009804,1.0810015201568604,1.3765956710490028
0.01670137047767639,-0.000512066762894392,-0.021442266181111336,0.006974012789877414,0.7788608074188232,0.7323970519006252,0.6919156908988953,0.01901092445039554,80.0,8.343229293823242,1.6978797495365143,0.48278290033340454,1.2084068114681008,-0.005252310476236744,0.789039899162948,80.0,41.705544965256,83.43737536889316,162,0.36177778244018555,16.688636779785156,3.411431584507227,0.9797191023826599,2.41202332776753
0.015265392139554024,-0.002671812492189929,-0.02275818958878517,0.006370927846917067,0.7547334432601929,0.7268673285841942,0.7011234760284424,0.011109017812081252,80.0,439.5285339355469,229.4926586151123,138.46484375,59.43398107864119,-0.005278951072687051,0.7883608432486652,80.0,43.49946387814358,87.02525286465884,163,0.36284637451171875,879.0716552734375,459.0051952362061,276.9483337402344,118.86624397186716
0.01098618097603321,-0.0027427132823504507,-0.022448919713497162,0.00574056339277665,0.7431656122207642,0.7179262712597847,0.6809368133544922,0.010575992265087444,80.0,94.75670623779297,34.68318637609482,11.588208198547363,17.49700651486978,-0.0051827169041207535,0.7875121747553347,80.0,43.67624508153274,87.37860582655668,164,0.348095178604126,189.52877807617188,69.3862165927887,23.22418212890625,34.991468763673836
0.005316688679158688,-0.003712717059534043,-0.017404839396476746,0.004975095859701686,0.8056701421737671,0.7649962082505226,0.7236853837966919,0.017788624892659005,80.0,77.33067321777344,33.63342737555504,6.862785816192627,17.087905659362253,-0.005092732800840168,0.7875422920957207,80.0,43.855812356580046,87.73756100827455,165,0.3492612838745117,154.6779327392578,67.28958004713058,13.760029792785645,34.17415807312774
0.0029285158962011337,-0.004602599737700075,-0.014192666858434677,0.0037386915270983976,1.0036885738372803,0.9509265579283237,0.8983449935913086,0.01960153415240981,80.0,146.99822998046875,61.28650863170624,15.708259582519531,26.689610956890213,-0.005137960253894561,0.7894888463616371,80.0,44.4189546814002,88.86397503679991,166,0.3540372848510742,294.01312255859375,122.60124030113221,31.450542449951172,53.375622928082166
0.004004962742328644,-0.007759708596859127,-0.024620475247502327,0.0071787104077833,0.9984087347984314,0.9616785012185574,0.9153218865394592,0.017031681379864938,80.0,52.447662353515625,17.711078363657,3.7431488037109375,11.145709154274371,-0.005199981718469644,0.7917071732282638,80.0,44.5431177301444,89.11246954315901,167,0.23778581619262695,104.91480255126953,35.45690962076187,7.499637603759766,22.28699343265574
0.018338266760110855,-0.010269719234202057,-0.032164402306079865,0.009082409612844254,0.8115761876106262,0.7561333805322648,0.7174974083900452,0.016641367228417518,80.0,4.284909725189209,1.6753667272627353,0.9065706729888916,0.6100794631691804,-0.005208435208449373,0.7913937012180686,80.0,44.21655094758793,88.45934661409257,168,0.21017694473266602,8.586050987243652,3.38639557659626,1.8594276905059814,1.2147717337168917
0.010444392450153828,-0.010214252688456327,-0.03508549556136131,0.008719448130415652,0.7447090148925781,0.7003323458135128,0.6579313278198242,0.01645256300863712,80.0,2.330306053161621,0.8169789165258408,0.4350214898586273,0.3187865601546744,-0.005290470150910551,0.7899149397835135,80.0,44.05938139982149,88.1451420150548,169,0.4031860828399658,4.677186965942383,1.6683929786086082,0.9113942980766296,0.6307877107947748
0.007919974625110626,-0.004348372132517398,-0.02035387046635151,0.0050577931608727636,0.7567829489707947,0.7129549734294415,0.6766620874404907,0.017036568565448055,80.0,2.896564245223999,0.8215040780603886,0.33221954107284546,0.47778758383928865,-0.005315754959156038,0.7876300390884281,80.0,44.00833468898013,88.04305346423388,170,0.3070836067199707,5.807953834533691,1.6659640118479728,0.691885769367218,0.9524400619512274
0.017850954085588455,-0.012795598083175718,-0.033315859735012054,0.009995220671040084,0.74534672498703,0.6977701194584369,0.6508395671844482,0.01833915823298946,80.0,2.20923113822937,0.8223134011030198,0.447639137506485,0.40382994367078584,-0.005367487630137475,0.7844954337999224,80.0,43.98608897406235,87.99860280763357,171,0.30547118186950684,4.432642936706543,1.684173398464918,0.9455511569976807,0.7974978136452685
0.021212464198470116,-0.014321421011118218,-0.04333709552884102,0.012944070633296119,0.7699626684188843,0.7329647690057755,0.6967190504074097,0.01454509087882957,80.0,19.533809661865234,6.282664394378662,2.3952460289001465,3.4047829710291126,-0.005401342623721575,0.7816124305948615,80.0,44.021365471560514,88.0691658531651,172,0.3061404228210449,39.081687927246094,12.60863099694252,4.87765645980835,6.797849230148535
0.007038121111690998,-0.005357472557807341,-0.022257167845964432,0.0064637202680578616,0.6967436671257019,0.6617510423064232,0.6200183629989624,0.016942258413560528,80.0,6.570064067840576,1.6665050312876701,0.56368488073349,1.0796500531271085,-0.00543302508481429,0.7775803708508612,80.0,36.95262446260825,73.93166659810392,173,0.30988454818725586,13.153657913208008,3.3569600224494933,1.1816571950912476,2.1555618521899653
0.00909058004617691,-0.0035646636970341206,-0.014636114239692688,0.004972906008913166,0.6966867446899414,0.6693717807531356,0.6375260353088379,0.014774755739330509,80.0,3.0751726627349854,1.169461962208152,0.4505601227283478,0.5375070510963625,-0.005415124596009264,0.773041720367968,80.0,33.99435252568126,68.01499616981296,174,0.3040170669555664,6.15492582321167,2.3594407066702843,0.931671142578125,1.0701622135271611
0.029251709580421448,-0.0070464148302562535,-0.033192526549100876,0.011669238695443883,0.760251522064209,0.7177484653890133,0.6567907333374023,0.02392795122454041,80.0,5.9009270668029785,1.8513664156198502,0.806194007396698,1.1294440220553146,-0.005462166291574248,0.7703714921474457,80.0,31.6256974209547,63.27772664130478,175,0.30446720123291016,11.818161010742188,3.731180655956268,1.6105663776397705,2.25160151233981
0.013794765807688236,-0.008921454066876323,-0.02799469791352749,0.010097756678047102,0.7831320762634277,0.7525029838085174,0.7142609357833862,0.014767544951889625,80.0,17.039447784423828,3.1505258053541185,0.9896111488342285,3.1039413252755197,-0.005489077776001067,0.7703777306750417,80.0,28.03921786150336,56.104821424312895,176,0.3003346920013428,34.091941833496094,6.333944624662399,2.0350983142852783,6.200338299526407
0.00853128544986248,-0.004150704373023473,-0.019840914756059647,0.0059727310339968325,0.7999304533004761,0.7668440416455269,0.7251196503639221,0.016227981246585782,80.0,10.691986083984375,2.2122679762542248,0.8854520320892334,1.9620840804573054,-0.005366391333664069,0.7694205283001065,80.0,25.683332421682778,51.39278601592036,177,0.3099498748779297,21.400436401367188,4.448174248635769,1.7741163969039917,3.9207899139625693
0.02341834269464016,-0.011064802360488101,-0.037702787667512894,0.01226846985698874,0.7813450694084167,0.7134084843099118,0.6556272506713867,0.026854079226823414,80.0,6.495994567871094,1.5213354967534543,0.6792899966239929,1.1614025130172452,-0.005412013290711911,0.7670440867319702,80.0,25.179228322550653,50.384621528707456,178,0.3039062023162842,13.006134986877441,3.079068771004677,1.389534592628479,2.3148068175145573
0.03117346577346325,-0.007310254144249484,-0.03227289021015167,0.013563429444573675,0.767787754535675,0.722201457619667,0.6782189607620239,0.02050202639669885,80.0,3.845345973968506,1.3363952986896037,0.6195353865623474,0.7587432439437861,-0.005457072037534089,0.7649051300436257,80.0,24.989094710566107,50.00440164335818,179,0.307464599609375,7.708824634552002,2.7018551349639894,1.2431159019470215,1.507649897158025
0.009998110122978687,-0.006815221661236137,-0.02658933401107788,0.009149284689202647,0.6837483644485474,0.6522688865661621,0.6086468696594238,0.016466290875838462,80.0,126.50978088378906,49.483209347724916,8.092245101928711,27.04327514201129,-0.005469811643386493,0.7629167774617671,80.0,25.406794657595455,50.83978724642843,180,0.306455135345459,253.07383728027344,98.99309422969819,16.185958862304688,54.090879574428286
0.008239585906267166,-0.003864989767316729,-0.017882928252220154,0.0051915089138924635,0.7361353039741516,0.7049438543617725,0.6731157302856445,0.01310967957729193,80.0,197.7826385498047,103.14959115982056,49.39202880859375,29.218301144171026,-0.005479047224944225,0.761873761564493,80.0,26.389980843432248,52.806157213561235,181,0.30298423767089844,395.6022644042969,206.3210096359253,98.80735778808594,58.43856488994647
0.0040086060762405396,-0.004489403037587181,-0.021516084671020508,0.005120390040297443,0.8397368788719177,0.8070756055414676,0.766384482383728,0.015612505368763118,80.0,65.1531753540039,16.20294744670391,3.662473440170288,13.869847876330642,-0.0054749626068223735,0.7624825607091189,80.0,26.5079573975578,53.04211432578414,182,0.4326667785644531,130.32266235351562,32.431014919281004,7.34226131439209,27.73521371050821
0.006357871927320957,-0.007449745261692442,-0.028084658086299896,0.006261160779428466,0.9890792369842529,0.9536346353590488,0.9179065227508545,0.012899157078795099,80.0,13.295537948608398,5.186222541332245,2.4593546390533447,2.4318622352067973,-0.005446894980268553,0.7643388760909439,80.0,26.514594165213406,53.055368853621175,183,0.32755541801452637,26.610763549804688,10.406417351961135,4.939118385314941,4.858193987503936
0.00850801169872284,-0.004970106831751764,-0.01833127811551094,0.005083161511716492,0.898243248462677,0.8637466490268707,0.8326631188392639,0.015175027991819854,80.0,4.325494289398193,2.3206497326493265,1.5383063554763794,0.487631883338178,-0.005441506046860014,0.7651314588487148,80.0,26.47443202313036,52.97504964330047,184,0.33446836471557617,8.668949127197266,4.6685145646333694,3.094221830368042,0.9730269998670461
0.012591874226927757,-0.008409137942362577,-0.027992185205221176,0.00830194495630767,0.7433468699455261,0.7054137974977494,0.6704074144363403,0.01664016642000107,80.0,3.6018764972686768,1.4767651557922363,0.9972225427627563,0.5579675698899496,-0.0054963776685181065,0.7657838600426914,80.0,26.4536968780905,52.93370214443654,185,0.34466099739074707,7.215893745422363,2.9844568580389024,2.0156502723693848,1.1095557765880997
0.0239349827170372,-0.0004518295172601938,-0.01770845800638199,0.007570169555497039,0.7371970415115356,0.6952590070664882,0.6540027260780334,0.017677843332491977,80.0,1.5617977380752563,0.6461100198328495,0.38654953241348267,0.22803025968588797,-0.005381236379034818,0.7648540494516491,80.0,26.32613627343625,52.67833205584436,186,0.33045339584350586,3.1374354362487793,1.3070288762450217,0.7993847131729126,0.453810839890493
0.013654984533786774,-0.002382460853550583,-0.01494896225631237,0.006345187210909358,0.7596656680107117,0.6797274999320507,0.6381908655166626,0.026164037695353595,80.0,1.262357473373413,0.5149450525641441,0.25942203402519226,0.21037202926875206,-0.005378460283216554,0.7641260931044818,80.0,26.135506513036788,52.297052423752845,187,0.31309032440185547,2.5329718589782715,1.0482495784759522,0.5422714948654175,0.41620913280826477
0.026034049689769745,-0.006085299764527008,-0.02370578795671463,0.009859867957978285,0.7212860584259033,0.6752971552312375,0.6289810538291931,0.020037677021855355,80.0,2.6701414585113525,0.8020728688687087,0.34394484758377075,0.38302608563139207,-0.005383484220539684,0.7638379313200712,80.0,25.94985835768655,51.925760397680115,188,0.31044602394104004,5.354118347167969,1.629822275042534,0.7233201265335083,0.7590755775897569
0.014059565961360931,-0.005279065307695419,-0.024701407179236412,0.0075402994657266225,0.7214673161506653,0.6869836747646332,0.6416721940040588,0.017188877770742888,80.0,4.331428527832031,1.300713411718607,0.4109346866607666,0.8067125185832268,-0.0053614830917213105,0.7640759627819061,80.0,25.908104539778087,51.842213519953205,189,0.30455660820007324,8.679014205932617,2.6257246270775796,0.8850170373916626,1.6083164836866821
0.0068082790821790695,-0.0028840153128840028,-0.012564361095428467,0.004429201090179769,0.6448875665664673,0.5962996788322925,0.5525586605072021,0.016706049961971895,80.0,8.16328239440918,1.5065524823963643,0.560640275478363,1.0120088600938424,-0.005320344819978343,0.7627533585429193,80.0,25.903058245602995,51.83201220280677,190,0.3055756092071533,16.338693618774414,3.030798976123333,1.1404361724853516,2.0202997098043927
0.007262818515300751,-0.0030495700601022692,-0.014439614489674568,0.004584695474183761,0.6631946563720703,0.6157502464950084,0.5730609893798828,0.017010874328323364,80.0,3.0483949184417725,1.0737443882972002,0.36627766489982605,0.571337466726586,-0.0052264008201309475,0.7602420667409898,80.0,25.72405964835734,51.4737768971473,191,0.3099815845489502,6.110304832458496,2.1659029252827167,0.7459378838539124,1.141482865030433
0.029110446572303772,-0.002360468864208087,-0.011405495926737785,0.006301987970528807,0.6945697665214539,0.6578711196780205,0.6244837045669556,0.01534910617131601,80.0,4.7548089027404785,0.8761434935033321,0.2741343677043915,0.8566506863149788,-0.005193571305833756,0.7568026291355491,80.0,23.68727052997053,47.40006419447063,192,0.30695104598999023,9.52294921875,1.770165355503559,0.5708426833152771,1.7077207636045957
0.03525731712579727,-0.006370870460523292,-0.02880902960896492,0.011045280313916257,0.7522060871124268,0.7094421185553074,0.6672499775886536,0.01764504394440792,80.0,2.486567974090576,0.7699981488287448,0.4034757614135742,0.3779690210916618,-0.005195951361500192,0.7539837815463543,80.0,22.40076755525917,44.827006601341054,193,0.3211357593536377,4.987878799438477,1.5669268824160099,0.8549667000770569,0.750565771712044
0.019557764753699303,-0.0033176233642734586,-0.020965054631233215,0.007351181813246455,0.9298034906387329,0.8996103093028068,0.8418484926223755,0.016683354570513006,80.0,5.051219463348389,1.229801607877016,0.6094048023223877,0.7845363244453637,-0.00520719541813014,0.7556652337759734,80.0,21.55727522566914,43.140078060634416,194,0.3440701961517334,10.120344161987305,2.484230661392212,1.2346577644348145,1.5681569065527203
0.03736718371510506,-0.003341610514326021,-0.024790532886981964,0.010617051518609272,0.9131422638893127,0.8660677276551724,0.8086899518966675,0.024696505666965303,80.0,1.5640220642089844,0.44488160591572523,0.23488830029964447,0.2188432782302904,-0.005217035947192925,0.7578471701145172,80.0,20.745964093951507,41.517519130960096,195,0.3294057846069336,3.1460790634155273,0.9137677915394307,0.515108048915863,0.43489579048867083
0.01581897772848606,-9.28151304833591e-05,-0.01835998147726059,0.005899604725152725,0.7797055244445801,0.7447680279612541,0.7194182872772217,0.012051429841297263,80.0,198.64295959472656,31.039121294021605,2.3641889095306396,35.607632262053755,-0.005170892755908425,0.7579176051020622,80.0,20.9030589718204,41.83161800833045,196,0.40230798721313477,397.2975769042969,62.09332340359688,4.767605304718018,71.21350420896157
0.0069069769233465195,-0.000619216775521636,-0.01293017715215683,0.0029352725150168344,0.6360101699829102,0.6110005617141724,0.5704249143600464,0.015595738771708795,80.0,131.1162872314453,66.12686820030213,19.231603622436523,23.569594060634284,-0.005120759049430489,0.7553025665506721,80.0,21.494402714489027,43.01415293462574,197,0.17073798179626465,262.2452392578125,132.26719574928285,38.468318939208984,47.138525052292486
0.005041645839810371,-0.0016302851028740406,-0.008382553234696388,0.002463580529325938,0.7051096558570862,0.6721332319080829,0.6480768322944641,0.012243248952393669,80.0,284.8038330078125,173.41214451789855,59.69979476928711,49.228928536328844,-0.005086843892058823,0.7536324411705136,80.0,23.164670666573567,46.35458761473001,198,0.17044305801391602,569.6212158203125,346.8409932136536,119.4120864868164,98.45836012056316
0.0014959126710891724,-0.0036545987997669725,-0.017275426536798477,0.0036876489950946546,0.8066888451576233,0.7558824919164181,0.7080548405647278,0.01847525173940677,80.0,107.92345428466797,49.4194002866745,20.60611343383789,20.577845793256305,-0.0050841609924100325,0.7537804499119521,80.0,23.63275342410616,47.29075072297454,199,0.22629499435424805,215.86196899414062,98.86122732162475,41.23870849609375,41.1527256503392
0.0004617348313331604,-0.005881059501552955,-0.018703974783420563,0.00393982529584953,0.9463015198707581,0.895047976821661,0.8472161293029785,0.01929743769742812,80.0,91.19904327392578,39.254025065898894,9.210197448730469,18.266902248774148,-0.005084704802662599,0.755714219354093,80.0,24.006121279960492,48.03752619570494,200,0.21063017845153809,182.41629028320312,78.53771300315857,18.461524963378906,36.53039745980108
0.008223772048950195,-0.006057980703189969,-0.018753018230199814,0.005239038239620255,0.9036473035812378,0.8696612067520618,0.8305508494377136,0.015725840470808074,80.0,50.512325286865234,17.777997696399687,4.351978302001953,9.813444713951872,-0.005083199340093415,0.7559831190109252,80.0,24.121242789944635,48.26777158588171,201,0.25881028175354004,101.05792236328125,35.58550484180451,8.741863250732422,19.62438029209919
0.010712415911257267,-0.008216245437506587,-0.02511700987815857,0.00759687455751872,0.7906545400619507,0.7689299814403057,0.7420946955680847,0.012230243251366079,80.0,3.4567620754241943,1.9158235222101212,1.0269800424575806,0.4667832838684744,-0.005091739876603241,0.7561316324770451,80.0,24.07297286737524,48.17125179257989,202,0.18702936172485352,6.92917537689209,3.863458141684532,2.09739351272583,0.9303154165159387
0.015822699293494225,-0.00637564082571771,-0.02521325834095478,0.007656101753256196,0.7459281086921692,0.7139810644090175,0.6715555191040039,0.014797867838838253,80.0,1.633357048034668,0.8180484417825937,0.3992592692375183,0.24593321819709357,-0.00514111140233581,0.7570511345192789,80.0,24.015759991327304,48.05694317275285,203,0.1968233585357666,3.280536651611328,1.6631277769804,0.8072426319122314,0.4871205185634587
0.09137903153896332,-0.002145787642803043,-0.0244021937251091,0.014166242721702617,0.6972110867500305,0.6665383346378804,0.6415215730667114,0.014497268800282776,80.0,1.2219016551971436,0.5613485690206289,0.34010249376296997,0.17255429193433539,-0.005110459895309759,0.7571161393150686,80.0,23.991535957155747,48.00843510128558,204,0.19811177253723145,2.4584357738494873,1.1403194829821586,0.6880256533622742,0.3417035857616274
0.01373470202088356,-0.008881279861088841,-0.03236202895641327,0.010958493218118934,0.7341011762619019,0.6921385541558266,0.6438506841659546,0.021820618608765874,80.0,1.6766223907470703,0.6192536827176809,0.327217161655426,0.26844488854516596,-0.005135806089121616,0.7565881250500679,80.0,23.897720423514023,47.820844165265555,205,0.19410443305969238,3.3568525314331055,1.2701126977801322,0.6416469216346741,0.525600870417836
0.0037136226892471313,-0.011791608785279096,-0.030795052647590637,0.009145081288751897,0.7258625626564026,0.6846354462206363,0.6456233263015747,0.018573379365643114,80.0,3.2437312602996826,1.2050567284226417,0.5346989035606384,0.5902309223523889,-0.005225991956162034,0.7570448008403181,80.0,23.75461942655779,47.534831678479904,206,0.19607281684875488,6.500204563140869,2.447389379143715,1.1264309883117676,1.1692991304462588
0.009888377040624619,-0.007327062234980986,-0.024032190442085266,0.007238198012410421,0.6711726188659668,0.6123411782085896,0.5717073678970337,0.01932306024688538,80.0,2.326538562774658,0.8214616559445858,0.3124019205570221,0.43595240599786544,-0.005251113793608966,0.7560688733160497,80.0,23.681919011326503,47.389461573988186,207,0.19189834594726562,4.665924072265625,1.6698242664337157,0.6702204942703247,0.8661631435470607
0.01033121906220913,-0.004985999973723665,-0.021373318508267403,0.00709600060556602,0.6282752156257629,0.5863395385444164,0.5493285655975342,0.01505646603317187,80.0,1.428207278251648,0.5348967986181379,0.2207448035478592,0.26098999042911836,-0.005273550772544695,0.753859159640968,80.0,23.663048313681035,47.35172085828706,208,0.1935279369354248,2.868509292602539,1.091492385789752,0.4832455813884735,0.5181443904355039
0.09623008966445923,0.0010135364049347118,-0.01436622068285942,0.014896330385843686,0.6799581050872803,0.6429154515266419,0.6097893714904785,0.014177036012773475,80.0,1.4576996564865112,0.5891087334603071,0.26486140489578247,0.21695759736716033,-0.005210494647209998,0.7517631969302895,80.0,23.646172853298484,47.31780190632119,209,0.19447588920593262,2.928645133972168,1.1890487007796764,0.5714820623397827,0.4346278532635945
0.010734444484114647,-0.006215176254045218,-0.028581440448760986,0.00862852662923745,0.7338249683380127,0.7007135406136513,0.6718465089797974,0.013487155322974082,80.0,2.0754311084747314,0.7687757194042206,0.3797968924045563,0.32960627649252916,-0.005281408589973581,0.749812688663602,80.0,23.498524193771186,47.022607405696064,210,0.19890594482421875,4.164981842041016,1.5639960587024688,0.8051584959030151,0.6537471798102258
0.007686793804168701,-0.004598498856648803,-0.017521679401397705,0.005441489832611285,0.7959404587745667,0.7651729889214038,0.7323758006095886,0.01462838420800171,80.0,2.691838264465332,1.1566338144242763,0.5922086834907532,0.4164356108229658,-0.005270947344775776,0.7484223866388203,80.0,22.959406655400993,45.94432359885052,211,0.1968238353729248,5.398380279541016,2.3377680733799933,1.2346251010894775,0.8292137533539803
0.01842227391898632,-0.003463529620785266,-0.024219796061515808,0.007277560247548033,0.7673636674880981,0.7358618274331092,0.6846781969070435,0.01949728301605789,80.0,1.1883795261383057,0.441090676933527,0.27492356300354004,0.18542159024820232,-0.005272383290401194,0.7484771749898792,80.0,22.473450112409896,44.972414483878765,212,0.3294949531555176,2.3917198181152344,0.9038256511092186,0.5601248741149902,0.368154771078888
0.018615610897541046,0.000821503926999867,-0.013534564524888992,0.0057927933455251095,0.8235766887664795,0.7977680496871471,0.7711730003356934,0.010646922366716176,80.0,534.79443359375,118.40279972553253,11.709726333618164,113.99274116346865,-0.005225540964398531,0.7488692385554313,80.0,22.750641617365186,45.52671163353697,213,0.3347294330596924,1069.604248046875,236.81991038322448,23.42646026611328,227.98445746821585
0.007854888215661049,0.0007302575337234885,-0.003815803676843643,0.002191110958554602,0.8070517182350159,0.7812880337238312,0.7513353824615479,0.010257571312623929,80.0,1837.6019287109375,810.6892709732056,177.49380493164062,419.3160898257207,-0.005098965539596974,0.746899311825633,80.0,30.579914674706757,61.184965271685286,214,0.3349461555480957,3675.21728515625,1621.3927143096923,355.0045166015625,838.6320088718558
0.0015115011483430862,-0.0003451787633821368,-0.0031450651586055756,0.0008603945266427056,0.7967733144760132,0.7711984813213348,0.7418037056922913,0.010497695670259,80.0,2407.824951171875,1521.1349922180175,637.1336059570312,412.6565220675718,-0.005032525291608181,0.7443640537708999,80.0,45.66600184137374,91.35695584127681,215,0.3329315185546875,4815.66552734375,3042.286080932617,1274.2835693359375,825.3128530835945
0.0027659330517053604,-0.001133946725167334,-0.011908311396837234,0.002193855514916158,0.8458747267723083,0.7998849526047707,0.762793242931366,0.0175466034544031,80.0,1877.9852294921875,1150.258211517334,690.9679565429688,258.2327230228049,-0.005027014779916499,0.7438195401504636,80.0,57.109377583898606,114.24368536118047,216,0.45204734802246094,3755.986328125,2300.534683227539,1381.963623046875,516.4645077322352
0.003429967910051346,-0.0017149861087091267,-0.009833220392465591,0.002598633503761771,0.9505772590637207,0.9176000885665416,0.8761605024337769,0.015876928454254077,80.0,1107.004638671875,256.6330892086029,44.86769104003906,167.3433182243195,-0.004855993257195223,0.7450925743356346,80.0,59.650222646243854,119.32505883139744,217,0.3158609867095947,2214.02783203125,513.2879531860351,89.75218200683594,334.68710021846385
0.008978650905191898,-0.0032089822576381265,-0.022790193557739258,0.005379276866005319,0.9571105241775513,0.9216146692633629,0.881234884262085,0.01659591034773444,80.0,114.13514709472656,48.286304128170016,7.540733337402344,23.5579392043054,-0.004725858567224349,0.7480705520659684,80.0,60.10086225812881,120.22613734940067,218,0.3073770999908447,228.28927612304688,96.59745892286301,15.118651390075684,47.11662592790771
0.0159916989505291,-0.006589583930326626,-0.02832266129553318,0.007468944808995691,0.8953104019165039,0.8640236608684063,0.8305391073226929,0.012627769113167417,80.0,10.895341873168945,4.115152049064636,1.756378173828125,2.074725809677822,-0.004731209652964025,0.7490993735864758,80.0,60.11504953937978,120.25454319090022,219,0.3076612949371338,21.808055877685547,8.260763788223267,3.5419111251831055,4.145396193483474
0.011924308724701405,-0.009308199892984703,-0.027900537475943565,0.008511366020402557,0.7822937369346619,0.7521383695304393,0.7186979055404663,0.013102672524292617,80.0,5.548050403594971,1.7600318633019925,0.9878624081611633,0.919826089569373,-0.004791618676274083,0.7489516574591399,80.0,60.09707488574833,120.21871174773945,220,0.3107485771179199,11.118583679199219,3.553722953796387,2.0132508277893066,1.8357780649588757
0.043466195464134216,-0.001477076328592375,-0.01995338499546051,0.009954223151163713,0.7293763160705566,0.6690181843936444,0.6329686641693115,0.0180568994542713,80.0,1.7774840593338013,0.5684053380042314,0.2784745395183563,0.3005278918636486,-0.0047686518464470275,0.7495428001582625,80.0,60.06898657869176,120.16250102286415,221,0.30645298957824707,3.5678272247314453,1.153145183622837,0.5878288745880127,0.5986865713716957
0.01716950535774231,-0.0018789301568176598,-0.016357576474547386,0.005464747125074821,0.7051982283592224,0.6556291677057743,0.6134458780288696,0.015641828971808967,80.0,8.70596694946289,1.8394260071218014,0.576477587223053,1.800136630136979,-0.004756856451800558,0.7499040332064034,80.0,60.0663571591042,120.15722581723706,222,0.30233025550842285,17.425691604614258,3.695722444355488,1.1802797317504883,3.5986005437206594
0.011201072484254837,-0.004984502127626911,-0.019484009593725204,0.006618639060012143,0.7203681468963623,0.6562863849103451,0.6140495538711548,0.02163953476961807,80.0,6.612716197967529,1.884327208250761,0.5777125358581543,1.0907751276724638,-0.004787744299741462,0.7503537557870149,80.0,60.065512860391294,120.1556079898216,223,0.303485631942749,13.235174179077148,3.7917491495609283,1.17466139793396,2.176530697464261
0.010980235412716866,-0.00796413457719609,-0.033326566219329834,0.008333684318246768,0.6212290525436401,0.5720675021409989,0.5368680953979492,0.017512130473410093,80.0,9.502496719360352,1.4690838389098644,0.47949546575546265,1.3303255022389955,-0.004847831967519596,0.7486036569848656,80.0,59.972746261592945,119.97015996666627,224,0.30298709869384766,19.015769958496094,2.965537278354168,0.9841184616088867,2.65515609823369
0.011359702795743942,-0.004677590349456295,-0.02230537310242653,0.006628402904204473,0.5938705205917358,0.5396120488643646,0.4902290999889374,0.021334388876198887,80.0,3.14370059967041,1.0115524239838123,0.32270270586013794,0.5589914469227424,-0.004848715512081981,0.7450379538163543,80.0,59.91177791884913,119.84815373537317,225,0.3057270050048828,6.297205924987793,2.043252281844616,0.6982377767562866,1.1126271696278902
0.012681862339377403,-0.001989897235762328,-0.012633897364139557,0.004615265804567453,0.6051681041717529,0.5764270380139351,0.5379207134246826,0.015268204413621003,80.0,4.857573509216309,1.0104930687695741,0.3173854351043701,0.8719584449061146,-0.004805738708819262,0.7417083999663591,80.0,59.86512397102265,119.75469329490141,226,0.32517457008361816,9.726557731628418,2.0364944726228713,0.6618841886520386,1.7423578016502816
0.007514343596994877,-0.00039981636800803246,-0.006406491622328758,0.002717497624384871,0.6484054327011108,0.6216922014951706,0.5899876952171326,0.01278277056477967,80.0,124.28743743896484,25.04047878086567,3.670025587081909,24.88902338656513,-0.004663714543159585,0.7393303172662853,80.0,60.09560306313634,120.21531986928359,227,0.32187986373901367,248.58734130859375,50.09419103860855,7.363672256469727,49.7772517471001
0.01057659275829792,-0.003448117198422551,-0.021915072575211525,0.007015928281453964,0.7912371158599854,0.7363808885216713,0.6891247630119324,0.015935099307285077,80.0,49.72178649902344,9.387967675924301,1.5135642290115356,12.033696487216663,-0.004871884606720413,0.7376432842090724,80.0,59.41729708465933,118.85909052184596,228,0.3368062973022461,99.45635986328125,18.79755919277668,3.0695929527282715,24.063234341674395
0.005213172174990177,-0.0047493904363363985,-0.01730876788496971,0.005855615220665564,0.7913504838943481,0.7590097054839134,0.7305566072463989,0.010567598822828437,80.0,9.535635948181152,1.981241512298584,0.5427021384239197,2.1698958069688588,-0.004885239739669486,0.7353621894493698,80.0,56.00463294109702,112.0337433497347,229,0.3246440887451172,19.08658218383789,3.987161985039711,1.1274220943450928,4.335614347623191
0.008604509755969048,-0.0018020394258201123,-0.014085445553064346,0.0038072849559909064,0.782356321811676,0.7510357394814491,0.7241605520248413,0.010590818491258544,80.0,84.12642669677734,20.880873933434486,2.198507308959961,15.528576620310023,-0.004876281597738852,0.7327698442563414,80.0,53.69847766160965,107.4213629986681,230,0.3395371437072754,168.2625732421875,41.78037252426147,4.414935111999512,31.05478094348844
0.010954799130558968,2.935281954705715e-05,-0.005782492458820343,0.002068862642301588,0.7108551263809204,0.6740176431834698,0.6486231088638306,0.0126974250861851,80.0,581.0584716796875,174.0094333410263,24.887739181518555,103.1173764515496,-0.004855524177866754,0.7300342997834086,80.0,54.46648715043069,108.9572857267298,231,0.3274204730987549,1162.1292724609375,348.0322871685028,49.78721237182617,206.234659756616
0.007072515785694122,-0.0015278851555194707,-0.008648857474327087,0.0027654182812059847,0.7241831421852112,0.6900448217988014,0.6588064432144165,0.015386504789186942,80.0,174.33116149902344,41.38564612865448,8.480767250061035,34.87606978959709,-0.004832831951644039,0.7269763369262221,80.0,54.59345829081535,109.21112145907058,232,0.33301830291748047,348.6761169433594,82.7881483078003,16.975494384765625,69.75054452505567
0.002012273296713829,-0.0034688355750404297,-0.014309778809547424,0.003262200924358964,0.8745944499969482,0.8265603013336659,0.7856419086456299,0.01822415474499654,80.0,44.47220993041992,13.46513729095459,4.234330177307129,8.656369197510127,-0.004745984477078309,0.7259760898798706,80.0,54.58456658518315,109.19314434880391,233,0.3334193229675293,88.96022033691406,26.953743374347688,8.501670837402344,17.309851136528607
0.014339681714773178,-0.003619001604965888,-0.017891913652420044,0.005400535664433177,0.9197131395339966,0.8824216976761818,0.8555803298950195,0.015237907001137968,80.0,33.219215393066406,9.341868114471435,2.8377866744995117,6.839850079611617,-0.004728073615522589,0.7267451154291632,80.0,54.62066778573393,109.26532630882039,234,0.33742237091064453,66.45602416992188,18.708622658252715,5.669434547424316,13.676073732545339
0.04110580310225487,0.001296098786406219,-0.017527073621749878,0.01011293528059467,0.8455638289451599,0.8186063453555107,0.7771770358085632,0.013568734758626359,80.0,12.631023406982422,2.467429433017969,0.9867212772369385,2.2026870063594415,-0.0045853223516605784,0.7280059833228587,80.0,54.62989316388964,109.28351677972451,235,0.2827155590057373,25.278331756591797,4.948638784885406,1.9970853328704834,4.401974195402268
0.05453844368457794,0.0007010988862020895,-0.029098281636834145,0.013503676658940875,0.7462729811668396,0.706670543551445,0.6722767353057861,0.01423034991691156,80.0,4.187044143676758,1.0800972122699022,0.46288803219795227,0.6647815298478716,-0.00450127575881197,0.7291723816022276,80.0,54.63143122116477,109.28644812906907,236,0.33657336235046387,8.388171195983887,2.1729256361722946,0.9881107807159424,1.3277241764842123
0.009231355041265488,-0.009626424865564332,-0.027074618265032768,0.00771285790763377,0.6973192095756531,0.6334722004830837,0.5876338481903076,0.02254501490371146,80.0,0.9711157083511353,0.5338284194469451,0.28673943877220154,0.16307477106642637,-0.004551001087034819,0.7281103617027399,80.0,54.6040641214624,109.23179214024172,237,0.3368217945098877,1.9613261222839355,1.0995791301131248,0.6194074153900146,0.3200260833833974
0.03308872878551483,0.0005360612354706973,-0.01985454186797142,0.009366597524701868,0.7013301849365234,0.6443117909133435,0.6028695106506348,0.02167306438425435,80.0,1.5889122486114502,0.47061431147158145,0.24579715728759766,0.25500402423412083,-0.004507950661267387,0.727338833026588,80.0,54.579922747474164,109.18340786103532,238,0.3418130874633789,3.1891188621520996,0.9530427411198616,0.498496413230896,0.5083747008532338
0.018420293927192688,-0.007110480027040467,-0.027848584577441216,0.008980657194056272,0.6946173906326294,0.6626112252473831,0.6363541483879089,0.011816908233535081,80.0,1.8864130973815918,0.8001319248229265,0.39388442039489746,0.3313196700197192,-0.0045209714153606915,0.727921039544046,80.0,54.55989365585893,109.14338736412303,239,0.33261561393737793,3.825063705444336,1.627737046033144,0.821873664855957,0.6576788803135188
0.01322031021118164,-0.001913283992325887,-0.01363035012036562,0.005143044088779631,0.7188834547996521,0.6710414834320545,0.6327005624771118,0.017574725911382736,80.0,3.0466437339782715,1.22279487028718,0.559798002243042,0.5030905473323998,-0.00450164959320682,0.7289566226601601,80.0,54.55832901090385,109.14024014225976,240,0.3996098041534424,6.10338020324707,2.462837129831314,1.1411182880401611,1.0041422519208947
0.003939323127269745,-0.0026792546326760204,-0.012621898204088211,0.0034663479083775735,0.693330705165863,0.6463115110993385,0.6158486604690552,0.015006333288907367,80.0,11.754626274108887,2.6899217665195465,0.9509228467941284,1.8404617160242216,-0.004503849438828184,0.7291255033537746,80.0,54.5569971478656,109.13758419362084,241,0.2506275177001953,23.521421432495117,5.398128256201744,1.9398276805877686,3.679212772522251
0.01200951263308525,-0.0077282538870349525,-0.02714615873992443,0.008482419236743387,0.7219676971435547,0.6609745994210243,0.6162326335906982,0.02619360813129369,80.0,12.090584754943848,1.6816428337246179,0.4138413369655609,1.7996691991076017,-0.0045730087618285325,0.7285443714633586,80.0,54.37555420477316,108.77482500389591,242,0.32126736640930176,24.194026947021484,3.3919616878032683,0.8758984804153442,3.5929968542613144
0.015784431248903275,-0.003957820730283857,-0.020344743505120277,0.006676359807281531,0.7036678791046143,0.6754765897989273,0.6426838040351868,0.013133077253261637,80.0,4.69654655456543,1.4795097708702087,0.5962095260620117,0.9055782939168366,-0.004582140125887236,0.7281463186368348,80.0,54.34192894148454,108.70758477968351,243,0.3277914524078369,9.401687622070312,2.9804447263479235,1.2212584018707275,1.8073866223443407
0.0037158504128456116,-0.004102508333744481,-0.014443568885326385,0.004165989369554436,0.7321978807449341,0.7002672739326954,0.6597877740859985,0.013676922237560372,80.0,6.059341907501221,1.5864238411188125,0.7003604769706726,1.1259875493388787,-0.004594760987471091,0.7293959915190937,80.0,54.343191614437835,108.71016036099569,244,0.3280510902404785,12.132875442504883,3.1950580537319184,1.4140011072158813,2.2491658937894545
0.011056184768676758,-0.004652144794818014,-0.018523603677749634,0.006309179181965417,0.752582311630249,0.6960644349455833,0.6325677037239075,0.021388950328750902,80.0,2.055408477783203,0.6528481405228377,0.3417716324329376,0.37952400161301114,-0.004606830023258226,0.7293423904404045,80.0,54.330244338899846,108.68428887553142,245,0.2454843521118164,4.1233811378479,1.3289218552410602,0.7075977325439453,0.7558774629750825
0.01907956786453724,-0.002317270764615387,-0.02218780666589737,0.008496755674986835,0.7308741807937622,0.6725272446870804,0.6134494543075562,0.0268109936075644,80.0,0.8874263763427734,0.4184420693665743,0.24884319305419922,0.13870197641869594,-0.0045968569348042365,0.7282266242951155,80.0,53.36652049781755,106.75679893016444,246,0.33586978912353516,1.789376974105835,0.8549692198634148,0.5234522819519043,0.27541282149729984
0.02699151262640953,-0.0010476828028913587,-0.012298621237277985,0.005620840409742331,0.6341245174407959,0.6072310596704483,0.5786236524581909,0.0113644817748246,80.0,37.43737030029297,11.598071931302547,1.985587477684021,7.655625907134429,-0.004549449549376732,0.7262817148566247,80.0,52.627011661294844,105.27764755066859,247,0.26880335807800293,74.89054870605469,23.21038371026516,3.9850027561187744,15.311614531230386
0.008516822010278702,-0.0003552891837898642,-0.009342717938125134,0.003744341845382521,0.6634870171546936,0.6273328430950642,0.6008011698722839,0.010247008196858488,80.0,272.24993896484375,156.1973731994629,72.26498413085938,47.537007228975256,-0.00448514945464558,0.7240789338499307,80.0,54.094607836011804,108.21266724475846,248,0.29152750968933105,544.5128173828125,312.408003616333,144.54388427734375,95.07503616001372
0.004425520077347755,-0.0008365855319425464,-0.006352020427584648,0.0020979664386987706,0.7431977391242981,0.709757199138403,0.6765033006668091,0.014190054298381806,80.0,150.84617614746094,71.67996397018433,22.697742462158203,26.174249542331907,-0.004428913618758088,0.7230126169249416,80.0,54.73738021728768,109.49807820352538,249,0.33753228187561035,301.7065124511719,143.3757956504822,45.41596221923828,52.3474559741638
0.007927849888801575,-0.0029604857962112876,-0.019322823733091354,0.004733191769422614,0.895879864692688,0.8656243473291397,0.8236371278762817,0.015051734815542518,80.0,105.10111236572266,17.731197890639304,3.574739456176758,14.402940206845374,-0.004371617414988577,0.7241237710788847,80.0,54.867374023709445,109.75797344693169,250,0.3364248275756836,210.21934509277344,35.4856292784214,7.193082809448242,28.802581071769932
0.010512184351682663,-0.007658928836463019,-0.02208249643445015,0.006768029675724691,0.8547812700271606,0.8260392896831036,0.7798800468444824,0.01625193673883048,80.0,22.944578170776367,5.70938777923584,1.3295674324035645,4.0487494521125225,-0.004359128029434941,0.7254076209738852,80.0,54.903548309970645,109.83032271846754,251,0.27968811988830566,45.90625762939453,11.450614282488823,2.678952932357788,8.092718596002374
0.0536581426858902,0.007588501117425039,-0.01974564418196678,0.016000999981317956,0.7647560238838196,0.7201731465756893,0.670113205909729,0.01944186294163292,80.0,3.501087188720703,1.194797582924366,0.6350938081741333,0.4996467003539803,-0.004216030833369586,0.7257228868678215,80.0,54.90385569814592,109.83065760585292,252,0.33735108375549316,7.017128944396973,2.388821613788605,1.2454328536987305,1.0061439799203715
0.01189994066953659,-0.005787549942033366,-0.019676458090543747,0.006150699639644048,0.6422954201698303,0.6062435910105706,0.5729718804359436,0.01336404305852196,80.0,1.5177485942840576,0.68797507584095,0.41565969586372375,0.20729662254100273,-0.004216925299784634,0.7251335290819408,80.0,54.904154839090985,109.83124588943645,253,0.20739316940307617,3.0466997623443604,1.399650114029646,0.8467421531677246,0.411110118342763
0.007419692352414131,-0.004703836212866008,-0.01881021447479725,0.00555308734725752,0.6226311326026917,0.581368911266327,0.5331684947013855,0.018056678394148987,80.0,1.0656133890151978,0.39644978381693363,0.22384107112884521,0.15012974063236328,-0.004234156080114189,0.7240300580561163,80.0,54.89566125103086,109.81427110559497,254,0.19897818565368652,2.147791862487793,0.8139346156269311,0.4621715247631073,0.2974115252866764
0.02691212296485901,-0.01671093803597614,-0.05119678005576134,0.01946202693273266,0.6920933723449707,0.6301903493702412,0.583960771560669,0.0259865374160314,80.0,5.347736358642578,1.3171326503157617,0.5260024070739746,0.7698723965571892,-0.004363777713268064,0.723021177560091,80.0,54.889284490622586,109.80175665051493,255,0.24448060989379883,10.711779594421387,2.6802909821271896,1.1345428228378296,1.5203862383952624
0.018782682716846466,-0.005571787722874433,-0.027866531163454056,0.009799585789445878,0.6910037994384766,0.661980026960373,0.6302224397659302,0.013383021897893362,80.0,2.3311381340026855,0.6948838151991368,0.2952671945095062,0.39538936308346234,-0.004379654503369238,0.7230458340719342,80.0,54.86923525361717,109.76169042330982,256,0.2127833366394043,4.671165466308594,1.4141507916152478,0.6122593879699707,0.7892287997476151
0.02069520577788353,-0.0022846157633466648,-0.020239809527993202,0.005686607200849933,0.6649659276008606,0.623183585703373,0.5922244787216187,0.01627998043199426,80.0,8.581642150878906,0.9956880036741496,0.3290306329727173,1.1993723804325918,-0.004413626346184174,0.7227151757329702,80.0,54.861814877811824,109.74691100224854,257,0.19721698760986328,17.174819946289062,2.008408908545971,0.698807954788208,2.396127988035657
0.011843431740999222,-0.006171402573818341,-0.028244178742170334,0.007896635040862313,0.6816895604133606,0.6280047103762627,0.5833910703659058,0.01680531164256192,80.0,4.176009178161621,0.8010358504951001,0.27205172181129456,0.7741416252650168,-0.004416535565076628,0.7220989172905683,80.0,54.84371811771021,109.7107109752223,258,0.21346354484558105,8.362688064575195,1.6269745908677578,0.594751238822937,1.542926862609738
0.027131900191307068,-0.0029226211016066374,-0.02832966297864914,0.00944893646536373,0.6616981029510498,0.622512198984623,0.583358883857727,0.018115971527807005,80.0,6.05417537689209,1.1245045084506273,0.3217720091342926,1.0672856319062631,-0.00441650378293707,0.7205509475693107,80.0,54.78276472853125,109.58877317167075,259,0.20221543312072754,12.120823860168457,2.267304487526417,0.6487233638763428,2.1311903773996224
0.003195732831954956,-0.0025810586404986678,-0.014062845148146152,0.0036042820683372828,0.6113481521606445,0.5795487061142921,0.5395102500915527,0.014346211936570253,80.0,51.98684310913086,5.081326474249363,0.858422040939331,8.362213303248554,-0.004407032991439336,0.7178343830406666,80.0,54.81089817940444,109.64496680101009,260,0.20092153549194336,103.98568725585938,10.179406064748765,1.741898775100708,16.72256373807262
0.007143769413232803,-0.0020124507253058256,-0.011390646919608116,0.003280027915670661,0.6459847688674927,0.6008003406226635,0.5649148225784302,0.016543699365012952,80.0,16.4432373046875,1.9537779107689857,0.47585704922676086,3.2190644859824276,-0.0043208930954278905,0.7164027431160213,80.0,54.820798658490176,109.66456684634835,261,0.20159173011779785,32.89842224121094,3.9235967308282853,0.9819409847259521,6.436953485166126
0.01886415109038353,-0.0021177693095523866,-0.020223503932356834,0.0061416140668719464,0.6468557715415955,0.5987068325281143,0.5475140810012817,0.01983679432849038,80.0,3.026874303817749,0.6436796572059393,0.31271278858184814,0.5143637464676105,-0.004336950120894471,0.7150658409222962,80.0,54.81025665756687,109.64348822049794,262,0.20478296279907227,6.066062927246094,1.3035689994692803,0.6438518762588501,1.0269131266592197
0.014087986201047897,-0.0012039440218359232,-0.015787556767463684,0.00585992923796165,0.6383057236671448,0.6036723710596561,0.5403178930282593,0.021386570893829872,80.0,1.1750458478927612,0.41934932097792627,0.23377060890197754,0.2019462363676295,-0.0043222714361909305,0.7138338913470507,80.0,52.51952356462552,105.06196806789188,263,0.20064449310302734,2.3618955612182617,0.8531799755990506,0.47735559940338135,0.4022507457490536
0.009751265868544579,0.0016059884219430387,-0.007214806973934174,0.0035389868318262945,0.5992521047592163,0.5694245085120201,0.5454938411712646,0.011728102544332781,80.0,780.2529907226562,180.76058678627015,52.547096252441406,146.03694072552616,-0.004278784419147997,0.712348873719573,80.0,53.98029756872728,107.98339937425402,264,0.18422937393188477,1560.51513671875,361.5293472290039,105.09901428222656,292.0747384508088
0.004874102771282196,-0.0012715609627775848,-0.008189760148525238,0.0023676828008205226,0.6609715223312378,0.6331005915999413,0.6043846011161804,0.011594448874758455,80.0,875.0870971679688,514.5208370208741,278.746337890625,128.58996149936678,-0.004254372858180432,0.7110299175530672,80.0,58.789171665180476,117.60107241380958,265,0.1992053985595703,1750.1865234375,1029.0568840026856,557.4957275390625,257.17941947721795
0.006763197481632233,-0.0007567037711851299,-0.006487589329481125,0.001727723839070731,0.7068725824356079,0.6809681169688702,0.6543380618095398,0.012306927846576707,80.0,493.55419921875,221.42230110168458,106.35833740234375,72.37848713132728,-0.004215913898515283,0.7083303331434727,80.0,60.39052958988025,120.80365737522393,266,0.2727928161621094,987.1214599609375,442.8597364425659,212.7322235107422,144.7572179888868
0.01111533585935831,-0.0032961578108370304,-0.01730974204838276,0.00494179910808578,0.8098587989807129,0.7678249128162861,0.7322385907173157,0.014286931745429788,80.0,41.654972076416016,14.970914080739021,2.407083749771118,8.65284827658104,-0.004171278390655062,0.7063917972594499,80.0,60.36312794705108,120.74872604776174,267,0.33982038497924805,83.32520294189453,29.963776874542237,4.845787048339844,17.302812461000094
0.005857452750205994,-0.0037837158306501806,-0.01970060169696808,0.005058438558693397,0.7557554244995117,0.7193792439997196,0.6783718466758728,0.01716068759344705,80.0,32.744449615478516,8.913312642276287,1.6200238466262817,6.026688841521506,-0.004106418356619543,0.7060242558941244,80.0,60.43550740620121,120.89334789539127,268,0.33991146087646484,65.50616455078125,17.84858033955097,3.268026828765869,12.050159673476914
0.026845693588256836,-0.0024733240948989987,-0.017841393128037453,0.008399089882757498,0.6684721112251282,0.6357883363962173,0.589897871017456,0.01655000247331343,80.0,2.3734662532806396,1.1529136352241038,0.719676673412323,0.35517643796518655,-0.004029009070683969,0.7053788157999514,80.0,60.438866753388204,120.89989886242897,269,0.331209659576416,4.760357856750488,2.3234896823763846,1.4832830429077148,0.705558342420525
0.02051166072487831,-0.005948736408026889,-0.020561914891004562,0.007515390199208343,0.5913277864456177,0.5582963861525059,0.5143475532531738,0.016282802732540288,80.0,1.5011252164840698,0.6197218477725983,0.3251974582672119,0.23508690234041754,-0.004045012713439064,0.7038322299271823,80.0,60.436848931085315,120.89586429324001,270,0.3263676166534424,3.0161995887756348,1.2625070929527282,0.7026045322418213,0.46546641082048223
0.0788225382566452,-0.01741236022207886,-0.042710717767477036,0.02051197481967629,0.6464130282402039,0.5953488953411579,0.5109188556671143,0.0282235999722567,80.0,2.617274284362793,0.9115570176392793,0.44152677059173584,0.4106845567672931,-0.0040911803348280965,0.7028080176860094,80.0,60.43774136725067,120.89772101660819,271,0.3236534595489502,5.245383262634277,1.869845735281706,0.9676753878593445,0.8024177414931151
0.0877310037612915,-0.00763279982493259,-0.05523332208395004,0.025064048731331046,0.614787220954895,0.5805930010974407,0.5494944453239441,0.013281475135459206,80.0,9.663355827331543,2.1345743887126445,0.7239338755607605,1.4849960604467034,-0.004024294122966239,0.7012843000069262,80.0,60.39626046719402,120.81459496922047,272,0.3831450939178467,19.338157653808594,4.296026258170604,1.5481995344161987,2.9591815661048857
0.01854521781206131,-0.002386077889241278,-0.018902447074651718,0.007893464299380044,0.6781578063964844,0.6287478357553482,0.5812453031539917,0.01570090499276823,80.0,3.292196273803711,0.8764960821717978,0.3427985608577728,0.5799916636465364,-0.00399458017628058,0.7009542679414154,80.0,60.38836037770286,120.79872876179967,273,0.31560587882995605,6.593247890472412,1.7703392803668976,0.7157344818115234,1.154690686326451
0.010529056191444397,-0.004133652005111799,-0.018987923860549927,0.005725476503059963,0.6085289716720581,0.5746511451900005,0.5310206413269043,0.018376648035242898,80.0,4.923165321350098,1.118058468773961,0.42704224586486816,0.8270689489554405,-0.0040002700593613555,0.7000070615857841,80.0,60.387846342768505,120.79769312758745,274,0.3060274124145508,9.856788635253906,2.2558772854506968,0.8659399151802063,1.6504891788353382
0.013704977929592133,-0.00711398248677142,-0.03545372560620308,0.008206577178320754,0.5891373753547668,0.5361247297376395,0.4726000428199768,0.022846235329516813,80.0,2.9760684967041016,0.7097165621817112,0.2713007926940918,0.5395101291064344,-0.004000945735926507,0.6981908242292703,80.0,60.376429844234124,120.77482515686005,275,0.3082122802734375,5.962075233459473,1.4443835832178593,0.5575125217437744,1.0726371178367973
0.08416137099266052,0.004929174596327357,-0.00817461870610714,0.011165674153701666,0.5404555797576904,0.47095611207187177,0.40946531295776367,0.03516755368977725,80.0,4.088857173919678,0.9696989372372627,0.4292794466018677,0.7395285390730298,-0.00386243944929447,0.6953753555119039,80.0,60.35462157555296,120.73087529720365,276,0.3091120719909668,8.185504913330078,1.9389586590230465,0.854507327079773,1.4832696402002852
0.019902653992176056,-0.0019666587410029023,-0.014861454255878925,0.005655763272727454,0.5043330788612366,0.46848558112978933,0.41929179430007935,0.016588413755929503,80.0,75.78596496582031,19.118232786655426,4.726840019226074,17.591608892794437,-0.0038405989929742646,0.6923917709067463,80.0,60.52368122365698,121.06889123955366,277,0.3051934242248535,151.579833984375,38.24976848363876,9.432756423950195,35.18125031567241
0.0047873854637146,-0.0075059336319100115,-0.02114027738571167,0.006206767434516883,0.580449640750885,0.5419501397758723,0.49552831053733826,0.018306306518064683,80.0,33.99710464477539,5.2115104898810385,0.9717377424240112,7.521968367072941,-0.0038050103056884834,0.6906771874614059,80.0,60.560582973588254,121.1425892690271,278,0.30204153060913086,68.0044937133789,10.448871718347073,1.9720646142959595,15.037181358477559
0.016045838594436646,-0.0039797626319341365,-0.0220283642411232,0.0069316851272277265,0.6416043043136597,0.5828591004014015,0.5265662670135498,0.02172887095796703,80.0,5.267890453338623,1.0029489815235137,0.3181038796901703,1.0592000638131007,-0.003771705390565329,0.6892837638892234,80.0,60.55724851041659,121.13582586433736,279,0.4503450393676758,10.548856735229492,2.025514665991068,0.6749968528747559,2.1164219937146864
0.009354905225336552,-0.008347027597483247,-0.030264565721154213,0.0076535814617042786,0.5935559868812561,0.5592621050775051,0.5180186629295349,0.014628514107747539,80.0,12.763161659240723,2.634362183138728,0.4748397767543793,2.453498683627214,-0.0037870234499278004,0.6883536960743369,80.0,60.08876003877074,120.1988609584868,280,0.3324911594390869,25.537559509277344,5.296603644639253,0.9733405709266663,4.902689590879479
0.016108620911836624,-0.0018247312807943672,-0.012005597352981567,0.004494354001060116,0.597872793674469,0.5730699501931668,0.5463992357254028,0.010218381814789821,80.0,205.1298065185547,100.45705518722534,47.792274475097656,37.588076539759676,-0.003766620865062577,0.6870349570326509,80.0,60.061834679044786,120.14494308415057,281,0.32822275161743164,410.27203369140625,200.92922220230102,95.59445190429688,75.17622432582517
0.0022656619548797607,-0.0008188666426576674,-0.005033260211348534,0.0016652902438105044,0.6115485429763794,0.5896841652691365,0.5661830902099609,0.010598248926747692,80.0,207.7207794189453,107.78104333877563,37.346832275390625,34.32237883727424,-0.0037299155011132823,0.6848610426299274,80.0,60.9776156379655,121.97638812485339,282,0.33246755599975586,415.46160888671875,215.575518989563,74.70601654052734,68.6455737975294
0.01328143198043108,-0.0029494249989511444,-0.022069230675697327,0.006033104043743041,0.7070510387420654,0.6636777378618717,0.6188653707504272,0.016062237270434068,80.0,55.447357177734375,15.756725817918777,3.5063729286193848,10.31323092872341,-0.003684912298485869,0.6819614736549557,80.0,61.08332067073136,122.18765019229055,283,0.3301048278808594,110.90864562988281,31.53262409567833,7.0165910720825195,20.62347799864026
0.0012579243630170822,-0.0037266005994752048,-0.015108980238437653,0.0034543687850546556,0.6879100799560547,0.6519353568553925,0.6155771017074585,0.01581134229346458,80.0,91.4251480102539,36.56560056209564,11.848591804504395,14.946852642018284,-0.0036724772361631038,0.6798433607332409,80.0,61.42577017902584,122.8724819803238,284,0.3373391628265381,182.8636016845703,73.15169336795807,23.71461296081543,29.891830074631045
0.036999188363552094,-0.004744212125660852,-0.024262849241495132,0.00961855880192776,0.6857516169548035,0.647473220527172,0.5997200012207031,0.01638518435880715,80.0,4.911620140075684,1.3266421146690845,0.7541790008544922,0.7322645610491492,-0.003635827977996087,0.6792639549635351,80.0,61.42426894861461,122.8693946327716,285,0.34383273124694824,9.83559799194336,2.675722102820873,1.5343559980392456,1.461018899519027
0.030844146385788918,-0.005553956539370119,-0.031160444021224976,0.009934310814448937,0.6555933952331543,0.6146125100553036,0.5808695554733276,0.016703804428864853,80.0,4.02247953414917,1.3057697907090187,0.6571455597877502,0.7278783394174961,-0.0036868492482171862,0.6784574899934231,80.0,61.43086554632337,122.88267374148961,286,0.2973451614379883,8.05749225616455,2.634939748048782,1.3090612888336182,1.4510788845835316
0.013725897297263145,-0.009581987041747198,-0.028677217662334442,0.008565222292395052,0.5200680494308472,0.47506961822509763,0.42286020517349243,0.02036101274635403,80.0,2.127467155456543,0.6394578348845243,0.3494630455970764,0.36021659098549186,-0.003758844510099152,0.6764109111763537,80.0,61.43211067414657,122.88526705620436,287,0.1975557804107666,4.264561176300049,1.3075810499489307,0.7524503469467163,0.7106906391099292
0.01707461290061474,-0.005382042948622256,-0.02309955656528473,0.0077300180658863215,0.44264158606529236,0.3968954510986805,0.3240422010421753,0.02207609863074688,80.0,1.456671953201294,0.43035381510853765,0.21907936036586761,0.2449774852770789,-0.0037518119419401043,0.6736268941350282,80.0,61.42839348360897,122.87776292979716,288,0.19654226303100586,2.9218759536743164,0.879409634321928,0.473341166973114,0.483693651007445
0.007807232439517975,-0.0044768083957023915,-0.02135857567191124,0.006268094853029543,0.5497708320617676,0.5044636506587267,0.46570178866386414,0.018444298740053128,80.0,1.8117523193359375,0.5589981431141495,0.24025015532970428,0.29294246365196436,-0.0037437893728201744,0.671801693893969,80.0,61.42097633092292,122.86287607523055,289,0.1962590217590332,3.6308345794677734,1.1370391704142093,0.5167895555496216,0.579896854306208
0.010992363095283508,-0.008845862047746778,-0.02814362943172455,0.007935211390785407,0.6139720678329468,0.5700895704329014,0.5376414060592651,0.017796512621154257,80.0,1.6883660554885864,0.7964664176106453,0.4366464912891388,0.260888679535808,-0.0038034078401688026,0.671539592809975,80.0,61.41387547027507,122.8487883490324,290,0.1958620548248291,3.3874850273132324,1.6220263563096524,0.9329425692558289,0.5151316775571453
0.004899423569440842,-0.0022374487947672606,-0.009935066103935242,0.0034596180617219694,0.5248587131500244,0.47866646498441695,0.4430796504020691,0.017237016816077012,80.0,5.917312145233154,1.0213998932391406,0.2786397635936737,1.0052110552594817,-0.003795286627515453,0.6701687549948693,80.0,61.413352025324485,122.84769779989871,291,0.20502901077270508,11.845863342285156,2.0568480119109154,0.5692563652992249,2.008819057457959
0.024931343272328377,-0.00022513638832606376,-0.010137975215911865,0.00534214610309739,0.5344851016998291,0.4689344525337219,0.4108850061893463,0.025467077290772314,80.0,3.6259422302246094,0.868920223787427,0.3244674503803253,0.5548260142051683,-0.0037739333027566324,0.6682793883234261,80.0,61.41327979262732,122.8474728403911,292,0.191162109375,7.260520935058594,1.747669404745102,0.6354367136955261,1.1092874940824258
0.012710302136838436,-0.004107020178344101,-0.01868428848683834,0.005695028086215207,0.5236485004425049,0.4721068922430277,0.4169548451900482,0.023760658419038214,80.0,2.618825674057007,0.9014607310295105,0.4533521234989166,0.41507036239834816,-0.0037512947999348402,0.6659060360603034,80.0,61.41459441844933,122.85000934799017,293,0.19535517692565918,5.242148399353027,1.8205776423215867,0.9373751878738403,0.8247297507793329
0.0077771954238414764,-0.005298566509736702,-0.02731943503022194,0.006496166674035511,0.5755683779716492,0.5275188531726599,0.47542354464530945,0.021381032570201474,80.0,3.667607307434082,0.9422189354896545,0.46394631266593933,0.5646302388596766,-0.003771104231389472,0.6621851214990021,80.0,61.41171859172547,122.84422289519756,294,0.19942426681518555,7.346122741699219,1.9055853821337223,0.9413498044013977,1.124759582143546
0.012163390405476093,-0.0032129012572113423,-0.01294848881661892,0.005256966648082367,0.6102604269981384,0.5650451652705669,0.5113264322280884,0.017528867392482956,80.0,1.8004179000854492,0.5445488005876541,0.27955472469329834,0.2670716853396297,-0.0037698171388183253,0.659174895875156,80.0,61.41271526367218,122.84615346039087,295,0.19746088981628418,3.6117401123046875,1.1068243108689786,0.5784040689468384,0.5333606352197546
0.014892593026161194,-0.0031813701265491546,-0.015441115945577621,0.005752753537542589,0.6177629232406616,0.5502338040620088,0.4891609251499176,0.02306184217279242,80.0,1.2749865055084229,0.4179876558482647,0.27448317408561707,0.166296130905845,-0.0038007026887789835,0.6572295536361635,80.0,61.10650392729044,122.23375365361571,296,0.19967269897460938,2.5618948936462402,0.8533427260816098,0.5775589346885681,0.3293548134959725
0.00809064507484436,-0.004090891813393682,-0.01844511553645134,0.006061870490383608,0.6012828350067139,0.5756094917654991,0.5412660241127014,0.012685168866652281,80.0,13.254505157470703,3.119688279926777,0.3244209587574005,2.643317360301197,-0.003835419439157704,0.6568756429366768,80.0,60.4764321280867,120.97367240148036,297,0.20532679557800293,26.521265029907227,6.259070535749197,0.6634998321533203,5.286237816687441
0.016010385006666183,-0.0033645922900177538,-0.022037850692868233,0.005589122159684781,0.6282144784927368,0.5949637055397033,0.5506845116615295,0.013243664868437905,80.0,21.525426864624023,6.2920149773359295,2.271411418914795,3.850216611710454,-0.003852762511029141,0.656103947672993,80.0,58.805230832681076,117.63128905402867,298,0.2549765110015869,43.06248474121094,12.60265846848488,4.548633098602295,7.697449588634581
0.009558480232954025,-0.0030488178017549217,-0.015858303755521774,0.004652436817735892,0.6657366752624512,0.6333280362188816,0.5908107757568359,0.014637244550890762,80.0,13.365239143371582,4.6219930768013,1.6806105375289917,2.775489138180565,-0.0038467047010490203,0.6548784031160175,80.0,58.35725676058234,116.73530428477373,299,0.3366818428039551,26.746131896972656,9.26275039613247,3.3548614978790283,5.548315668608538
0.006977561861276627,-0.00438551603583619,-0.017563804984092712,0.004753585278969382,0.7691601514816284,0.7260288089513779,0.6798461675643921,0.017272854607669114,80.0,20.780765533447266,9.475752881169319,3.818941831588745,3.5074312386943407,-0.0038317492663918528,0.6531882114373149,80.0,58.05947403873503,116.13967512800542,300,0.3428044319152832,41.57489776611328,18.97479732632637,7.679596424102783,7.012695954062743
0.0049031805247068405,-0.002120410616043955,-0.01518719457089901,0.0037057352366156094,0.7853385210037231,0.7450773991644383,0.7068871259689331,0.016766476082315292,80.0,24.17912483215332,4.479474404454232,1.460067629814148,3.9626891696190127,-0.003792373565520392,0.6519423733614387,80.0,57.92648880581558,115.8736009909138,301,0.3865537643432617,48.37333297729492,8.978091132640838,2.932535171508789,7.923347093889034
0.038015928119421005,0.0003290857886895537,-0.03012053482234478,0.013587764509074436,0.6866651773452759,0.6345203839242458,0.5567000508308411,0.027410201901141056,80.0,3.0326340198516846,0.9530065104365348,0.5223525762557983,0.418753226649598,-0.003706920253258431,0.6505982773862778,80.0,57.91686063569784,115.85414686194808,302,0.3156914710998535,6.078132152557373,1.9180452451109886,1.0725936889648438,0.8380015847868559
0.04430793598294258,-0.004891791992122307,-0.022917136549949646,0.011868131279696399,0.6604249477386475,0.6058973982930184,0.5587497353553772,0.02024119804310548,80.0,2.8472564220428467,0.9042075559496879,0.3504965305328369,0.41101901746261477,-0.0036920817649224768,0.6495174407251179,80.0,57.917722226839516,115.8558187506348,303,0.34558844566345215,5.706068515777588,1.8303166456520557,0.7360630631446838,0.8157430261479692
0.029039636254310608,-0.0055053363321349025,-0.021776817739009857,0.007732173434124568,0.5287998914718628,0.4885393060743809,0.44190192222595215,0.01756359856611202,80.0,1.4357507228851318,0.6854060884565115,0.33492717146873474,0.21379256685783105,-0.003725677251815796,0.6477374504394829,80.0,57.91896280203387,115.858331492126,304,0.1902146339416504,2.8828072547912598,1.3915936321020126,0.7086915969848633,0.42235822962977637
0.014606963843107224,-0.009316455415682868,-0.02648080885410309,0.009167051785721407,0.5443617701530457,0.48994396924972533,0.43938812613487244,0.02155544280422571,80.0,0.9187933802604675,0.4005340155214071,0.25806885957717896,0.15790109408501835,-0.003730029007361736,0.645715504590422,80.0,57.91677560536192,115.85392536333204,305,0.19420862197875977,1.8496036529541016,0.8294998183846474,0.5103747844696045,0.3097250289221623
0.017431162297725677,-0.006218179629649967,-0.021266702562570572,0.006412047891823253,0.6028927564620972,0.5717776820063591,0.5322166085243225,0.014832860562969232,80.0,1.0857175588607788,0.449232317507267,0.2684953808784485,0.1775065663440972,-0.003674294715805445,0.644586926948279,80.0,57.90921736125276,115.83867483502627,306,0.20866060256958008,2.1813807487487793,0.9223365485668182,0.5717669725418091,0.3501661425889506
0.00966671947389841,-0.002162032265914604,-0.01601404696702957,0.0054708699236148675,0.6594604253768921,0.6196655660867691,0.5798355937004089,0.01771411548920049,80.0,1.7998020648956299,0.7265331115573644,0.22991672158241272,0.2748850868879753,-0.0036226444161147815,0.6446601708270608,80.0,57.908268075808884,115.83667442836986,307,0.20722365379333496,3.615767002105713,1.4697836007922889,0.47794309258461,0.5469497376716945
0.005583081394433975,-0.00501640434958972,-0.01985953003168106,0.005785042841509402,0.5744155645370483,0.5359698317945003,0.4767951965332031,0.01985783673725526,80.0,2.5173046588897705,0.8330253459513187,0.3896975815296173,0.4487560075787801,-0.0036229484598734422,0.6441564737595616,80.0,57.91124936128222,115.84262753352523,308,0.2052021026611328,5.044777870178223,1.68680290132761,0.7907248735427856,0.891804351753991
0.008221901953220367,-0.004672135505825281,-0.017476409673690796,0.006215406977349303,0.6147286295890808,0.5690638899803162,0.5345068573951721,0.017964512782395973,80.0,2.610701560974121,0.6837886214256287,0.24278154969215393,0.4357050418604542,-0.003679805178981042,0.6434179581440985,80.0,57.912196160161876,115.8446200743988,309,0.21710419654846191,5.2291998863220215,1.3883027881383896,0.5247816443443298,0.8674972617217769
0.008200880140066147,-0.002919919049600139,-0.015524975955486298,0.005397350340458297,0.5549180507659912,0.5052709024399519,0.46573692560195923,0.018984909186490293,80.0,2.3504531383514404,0.49612420331686735,0.20500344038009644,0.42596739573037173,-0.0036468526069365907,0.6414635317623615,80.0,57.90946964500099,115.83906205036865,310,0.16924118995666504,4.7112274169921875,1.0081936556845903,0.4421922564506531,0.8481219724695953
0.009429007768630981,-0.0032124711375217884,-0.015659919008612633,0.0046619476535841925,0.5672091841697693,0.5259092584252357,0.47589409351348877,0.0152077126871559,80.0,2.026867389678955,0.6797608591616153,0.3290906846523285,0.29122100246740745,-0.0036329923297453203,0.6390708944573998,80.0,57.904700915448366,115.82944901808723,311,0.17443013191223145,4.0645012855529785,1.376464845240116,0.690831184387207,0.5793151239657526
0.010508433915674686,-0.006069389288313687,-0.023741286247968674,0.006073475348750233,0.5839570164680481,0.541380575299263,0.5040797591209412,0.016116863162372472,80.0,0.9863918423652649,0.5370025169104338,0.32730725407600403,0.1360683435735151,-0.0036590509264206052,0.6371260819360615,80.0,57.905660033848136,115.83138047573344,312,0.17197084426879883,1.983588457107544,1.0969714157283306,0.6755699515342712,0.26841132603073276
0.01389304269105196,-0.003682485007448122,-0.015647709369659424,0.005792029966245241,0.6142544150352478,0.5572859555482864,0.49834179878234863,0.025536856732233403,80.0,0.843640923500061,0.35065218321979047,0.23835934698581696,0.10864345072365615,-0.003704090815765084,0.6347212609946729,80.0,56.72513855842501,113.47037952244655,313,0.17312264442443848,1.6979396343231201,0.7198150545358658,0.5116278529167175,0.21592768782129682
0.07699219882488251,0.00994440668146126,-0.008424755185842514,0.014508194819527547,0.602463960647583,0.5604667775332928,0.5241059064865112,0.017088711951132398,80.0,103.5718765258789,30.431946855783462,1.9552154541015625,17.74409165056889,-0.0036119493242877066,0.6325130484327675,80.0,48.922565317250786,97.865004522983,314,0.17805194854736328,207.14495849609375,60.855214363336565,3.9078011512756348,35.48462799521366
0.004371896386146545,-0.0011404489341657609,-0.013045214116573334,0.0030147073123927954,0.5656288862228394,0.5278181858360768,0.48663002252578735,0.014860383813400069,80.0,270.89849853515625,164.77599363327028,79.03720092773438,38.33878737606336,-0.0036199020259955433,0.6300792454779148,80.0,35.358975331403315,70.73779195851459,315,0.1768641471862793,541.8161010742188,329.5648244857788,158.0921630859375,76.67704732988344
0.0033886106684803963,-0.001818306458881125,-0.015519537031650543,0.0032701535379189677,0.618903636932373,0.5954221397638321,0.5666041374206543,0.011507101510660837,80.0,103.3796615600586,51.12428257465363,13.830826759338379,20.4198772244067,-0.0036267456233326813,0.6280346173495055,80.0,24.367636041976507,48.75508623332157,316,0.1763288974761963,206.77120971679688,102.2641107082367,27.680356979370117,40.83904064133511
0.014479539357125759,-0.0035752420662902296,-0.02239101380109787,0.0071056935905229055,0.6769099235534668,0.6466785557568073,0.612794041633606,0.013876370616176534,80.0,196.13583374023438,74.7363762140274,21.056724548339844,31.816242591917227,-0.003645348182908493,0.6253254020214081,80.0,22.548668912030756,45.11713507908955,317,0.16588163375854492,392.2842102050781,149.49283776283264,42.13054656982422,63.63322154255425
0.0011811703443527222,-0.002513173490297049,-0.010359834879636765,0.0026999883777944467,0.6535085439682007,0.6107144251465797,0.5691853761672974,0.0157108543354557,80.0,123.05241394042969,32.681469202041626,10.089400291442871,18.272987760942524,-0.0036383900952350816,0.6222163995802403,80.0,22.392620562769476,44.80496228152886,318,0.17577815055847168,246.1168670654297,65.38017916679382,20.18926239013672,36.544889511831364
0.0017239414155483246,-0.002936951763695106,-0.009466208517551422,0.0026104629860823087,0.5579538345336914,0.5245495069772005,0.4809505343437195,0.01651922211076467,80.0,43.70875930786133,11.218206670880317,1.4434524774551392,8.319778215278298,-0.003601863773568767,0.6188216580413283,80.0,22.46365110898763,44.94688242477551,319,0.17706656455993652,87.42703247070312,22.452778112888335,2.9168858528137207,16.63769876945287
0.04067080095410347,-0.007446510577574372,-0.02376352623105049,0.00880402973272733,0.559600830078125,0.5190569590777159,0.4785693287849426,0.01811262607188955,80.0,4.907148361206055,2.313859556615353,1.181357741355896,0.6900971244712666,-0.0035832468804146635,0.6164908439368011,80.0,22.469189385920764,44.957875128064316,320,0.1824629306793213,9.83043384552002,4.652993282675743,2.3908865451812744,1.3763030464222048
0.030537817627191544,-0.00529278107569553,-0.029905671253800392,0.011451555116824936,0.534433901309967,0.4902902416884899,0.44250959157943726,0.022343574076920586,80.0,1.860068678855896,0.6961339429020882,0.3104061782360077,0.3228531574384559,-0.0036214039278856954,0.6147035645097495,80.0,22.47046667196974,44.96047026876733,321,0.18654870986938477,3.729050397872925,1.412659253925085,0.6705480217933655,0.6409212522093786
0.020333943888545036,-0.004522391513455659,-0.020466070622205734,0.007949367204415081,0.5766129493713379,0.539185781776905,0.5042176246643066,0.016565739117272375,80.0,1.8952515125274658,0.7415800794959069,0.4446662366390228,0.28785258066668673,-0.0036478385414520755,0.6135391306504608,80.0,22.459488212693483,44.938542930912234,322,0.34252500534057617,3.8098976612091064,1.5029886588454247,0.90168297290802,0.5748813861889178
0.010559853166341782,-0.016596217680489644,-0.04001104459166527,0.00968172846716368,0.6302003264427185,0.5940227508544922,0.5564227104187012,0.016749494763045616,80.0,1.9514193534851074,0.9819820940494537,0.605968713760376,0.23976957268555996,-0.0037639556969807013,0.6129164943099022,80.0,22.45046476155147,44.92071581028029,323,0.3341691493988037,3.9144630432128906,2.009037086367607,1.2027761936187744,0.473485498896571
0.010932398028671741,-0.003876535955350846,-0.017169157043099403,0.00630558792041455,0.634933590888977,0.5858938798308373,0.530664324760437,0.01880672942378135,80.0,2.2603323459625244,0.7672610107809306,0.4329005777835846,0.316379300464166,-0.00372307971076225,0.6130547580868007,80.0,22.443446533270183,44.90660036718473,324,0.33809757232666016,4.5328497886657715,1.5539929687976837,0.8816173076629639,0.629204116236971
0.021098757162690163,-0.002517450042068958,-0.016042329370975494,0.006436376505482845,0.6006151437759399,0.5672225013375283,0.5142245292663574,0.018712791122474415,80.0,2.1384029388427734,0.6532227795571088,0.30058553814888,0.36672601880834077,-0.0037014783076883754,0.6133308626115321,80.0,22.439863236825914,44.899396093461654,325,0.3368043899536133,4.287179946899414,1.3228249095380307,0.6039385795593262,0.731587644060085
0.018259434029459953,-0.0026268997986335306,-0.019619960337877274,0.006974039037868143,0.5993609428405762,0.5541392073035241,0.5166298151016235,0.01700152890885829,80.0,2.8279833793640137,0.6821675088256598,0.268515944480896,0.4298653577616708,-0.0037078483333170876,0.613107984304428,80.0,22.436579981226473,44.892837864797556,326,0.33807921409606934,5.667014122009277,1.3806716062128543,0.557768702507019,0.8569838377073251
0.002013329416513443,-0.007306060212431476,-0.022903334349393845,0.005965319138793637,0.6215286254882812,0.5771580636501312,0.5391225814819336,0.01915909658750062,80.0,3.8221545219421387,0.984642717987299,0.41398492455482483,0.6732780587943669,-0.003776910771761322,0.6126626429259777,80.0,22.196021620597694,44.411850361566984,327,0.3399486541748047,7.653364181518555,1.9954407155513763,0.869762122631073,1.3391866255194813
0.0031049437820911407,-0.002774394821608439,-0.0111243836581707,0.0031063020460711075,0.6237406730651855,0.5677487477660179,0.5304723381996155,0.017592221223487657,80.0,3.608337163925171,0.7390506822615862,0.3759039342403412,0.5457073617854341,-0.0037701735479931807,0.6109763215184211,80.0,22.109532450661067,44.238824821043764,328,0.34242916107177734,7.227543830871582,1.4950051404535771,0.7621161937713623,1.0892854960183593
0.006622401066124439,-0.004377304506488144,-0.01505893375724554,0.005210113265616347,0.6177874207496643,0.5781244516372681,0.5392740964889526,0.0165907771165755,80.0,1.540037989616394,0.6831770531833172,0.2580870985984802,0.27680582461923997,-0.0037664526886946985,0.6091674689799547,80.0,22.096551806069915,44.21281991319731,329,0.3355104923248291,3.0896284580230713,1.3866712003946304,0.5348409414291382,0.5496291002567929
0.014292644336819649,-0.005095191241707653,-0.024455826729536057,0.008874096901856046,0.6458908319473267,0.5846473127603531,0.5158905982971191,0.026489725634252802,80.0,0.7525284290313721,0.34295401331037284,0.20575739443302155,0.103497173382991,-0.0037993842068535745,0.6075035847127437,80.0,21.891172606868672,43.80209410148859,330,0.28798866271972656,1.5059434175491333,0.7077913533896207,0.45632416009902954,0.20140398457019598
0.06798523664474487,0.006294811342377216,-0.01746019348502159,0.014046719706924473,0.6901193857192993,0.6588465444743633,0.6253211498260498,0.014342973412505098,80.0,372.2939758300781,155.138774061203,56.2234992980957,58.07102538797817,-0.0037367296216252732,0.6073518737256527,80.0,21.702466014070442,43.42455258375406,331,0.21636152267456055,744.4954833984375,310.27813539505007,112.4653091430664,116.13360744249611
0.014217391610145569,-0.0021925217180978505,-0.015526853501796722,0.00544944705569981,0.6716352701187134,0.6263272322714328,0.5898849964141846,0.013267034803149426,80.0,117.28756713867188,55.411030650138855,17.931081771850586,20.121308196046005,-0.003743375987251057,0.606714697830379,80.0,21.842719859285282,43.70506082016231,332,0.20049715042114258,234.59205627441406,110.83897194862365,35.881866455078125,40.24273091658192
0.011306334286928177,-0.004885845253011212,-0.026547901332378387,0.0072349488970254025,0.6906983852386475,0.6537351034581661,0.6192320585250854,0.0137591882045454,80.0,63.83612060546875,16.764750543236733,3.0345826148986816,12.826456078676486,-0.003757546084030765,0.604986445851624,80.0,21.875715991808107,43.77104686301947,333,0.19551992416381836,127.685546875,33.5523476600647,6.088065147399902,25.648387659614052
0.010363595560193062,-0.003233812126563862,-0.016493991017341614,0.005726493822360888,0.7322521209716797,0.7029558785259724,0.671757698059082,0.01408371571333985,80.0,15.455588340759277,5.169627434015274,1.4552003145217896,3.6260425154060227,-0.0037536941892467447,0.6031917876601218,80.0,21.83399358500354,43.687558452457196,334,0.20057940483093262,30.925060272216797,10.359781602025032,2.918346881866455,7.248992241422831
0.007035931572318077,-0.004868599979090504,-0.01977696642279625,0.005758905974692908,0.6712098121643066,0.6353890150785446,0.5998448729515076,0.01651478362111735,80.0,7.155590057373047,2.248404274880886,1.3017505407333374,0.874870194652286,-0.0038153411769017115,0.6013596143573523,80.0,21.831803333422172,43.68326459985972,335,0.20205140113830566,14.324455261230469,4.519253525137901,2.624988555908203,1.7474216900371151
0.0044967979192733765,-0.007168608991196379,-0.02557719685137272,0.006318836074987335,0.6371225118637085,0.5986577428877353,0.5596368312835693,0.016311832486000502,80.0,6.93166971206665,1.188709842413664,0.6135790944099426,0.932064458507994,-0.0038940382556756966,0.6002794863507152,80.0,21.83288945972361,43.685572644144294,336,0.1997523307800293,13.875274658203125,2.4037300646305084,1.2760423421859741,1.8597024301071738
0.004437807947397232,-0.01120384277892299,-0.030652480199933052,0.00815700514184603,0.590015172958374,0.5482221685349942,0.5128282308578491,0.015019597670605683,80.0,1.7207523584365845,0.7365227550268173,0.42965006828308105,0.2144805094122506,-0.003909812434809283,0.5994269860312342,80.0,21.834916403079404,43.68964102929831,337,0.19670367240905762,3.4523520469665527,1.5064176455140115,0.889373779296875,0.42137004269554945
0.05033941939473152,-0.004480950301513076,-0.03584303706884384,0.012170507679039119,0.5836376547813416,0.5347428131848574,0.48476868867874146,0.020106209160699953,80.0,1.0984666347503662,0.349722508341074,0.23164857923984528,0.11878932065779944,-0.00395998255017912,0.5983312962539494,80.0,21.833707485048098,43.68730161958189,338,0.20861411094665527,2.2055935859680176,0.719101769477129,0.5101683139801025,0.23003362704677602
0.03497932106256485,-0.005532800321816467,-0.03324684500694275,0.011307966425244793,0.636736273765564,0.5936492405831814,0.5570399761199951,0.016884726749805026,80.0,1.443094253540039,0.45290671437978747,0.2532672584056854,0.22863935995302015,-0.00394420575312688,0.5976416764073074,80.0,21.830235232943668,43.68031176930666,339,0.19530582427978516,2.901188850402832,0.9287520185112953,0.5519723892211914,0.4518343672059924
0.019080324098467827,-0.005277129949536175,-0.023230688646435738,0.007060346836704776,0.6243685483932495,0.5938847340643406,0.5624678134918213,0.014477991457339514,80.0,0.7861940860748291,0.34114379361271857,0.21369019150733948,0.11169987852145531,-0.003977844212698983,0.5968701089136302,80.0,21.821418722176926,43.66273059342429,340,0.20284724235534668,1.5845985412597656,0.7047195415943861,0.4425852596759796,0.21728454408430173
0.006003687158226967,-0.00418110458413139,-0.021242346614599228,0.005154921846068938,0.636475682258606,0.5972385451197624,0.5540485978126526,0.0167694826791046,80.0,1.4598932266235352,0.5053416635841131,0.20515918731689453,0.25253243349190213,-0.003992862712213537,0.5963793792538344,80.0,21.799572921147572,43.61905921395496,341,0.19843554496765137,2.923980712890625,1.0309903092682362,0.4440632462501526,0.500429690172313
0.019064320251345634,-0.005033922957954929,-0.030229993164539337,0.00866390682764132,0.6273787021636963,0.5850158028304577,0.5412952899932861,0.017282253456509574,80.0,1.2513304948806763,0.36702319998294114,0.16917678713798523,0.23850823096476992,-0.003965919402922736,0.5956197912879289,80.0,21.78642672481016,43.59269774273784,342,0.19711613655090332,2.511356830596924,0.755814566090703,0.3718153238296509,0.4711640626667035
0.024130303412675858,0.00012729195877909661,-0.012386377900838852,0.0063260424275691386,0.6685943603515625,0.5985657207667827,0.5152992010116577,0.02940196481015201,80.0,2.2122018337249756,0.39806673787534236,0.14560699462890625,0.4174911096817122,-0.003925068276032107,0.5948506825976073,80.0,21.775612294480215,43.57097179759295,343,0.18847894668579102,4.433748245239258,0.8078502118587494,0.3176456689834595,0.8320479185350789
0.012091191485524178,-0.0015846504480578004,-0.008594796061515808,0.0034096463616760044,0.6086859107017517,0.5652442313730717,0.5276980996131897,0.015955917021378257,80.0,34.425662994384766,2.826058616489172,0.5298919677734375,5.01907804203687,-0.0038998896971752395,0.5935004521720111,80.0,21.78800864223392,43.595687131859364,344,0.21843791007995605,68.8584976196289,5.666591480374336,1.0862499475479126,10.03700270531235
0.0030951816588640213,-0.0028140684706158938,-0.010086260735988617,0.0028210006465452827,0.6618117094039917,0.6322329826653004,0.5972219705581665,0.012876720383859565,80.0,6.7189621925354,1.247358249872923,0.38371530175209045,1.1822367121937358,-0.0038815089339332186,0.5928621376492083,80.0,21.79395374332742,43.607527806334204,345,0.3101034164428711,13.451587677001953,2.5129893027245997,0.7843191623687744,2.3625314842175182
0.011917607858777046,-0.004750347178196534,-0.019671037793159485,0.006140580287800295,0.7040769457817078,0.6525506533682346,0.6235136985778809,0.013371490109793036,80.0,1.3271201848983765,0.4091833807528019,0.2431745082139969,0.24007886327599035,-0.00390583969806903,0.5926623717360199,80.0,21.793861156441277,43.607387298807495,346,0.3109161853790283,2.6672658920288086,0.8409184671938419,0.510972261428833,0.4770178203768085
0.012092452496290207,-0.0012648452364373952,-0.01679259166121483,0.006342148810562058,0.6819003224372864,0.6451311782002449,0.5863909125328064,0.016848544619920018,80.0,1.1230145692825317,0.28869722653180363,0.15317972004413605,0.17142192977674617,-0.0039080113224044906,0.5930413729213179,80.0,21.68076740939357,43.38121172941848,347,0.2849273681640625,2.258699893951416,0.592826771363616,0.35243916511535645,0.3388344555311578
0.053912196308374405,0.008091397030511871,-0.009668674319982529,0.012951484092418973,0.6089385747909546,0.5576731048524379,0.507594108581543,0.017694523348529494,80.0,1787.25634765625,359.29821906089785,56.42742156982422,373.7979613077287,-0.0038235444602614734,0.5923447755388915,80.0,23.711775868007916,47.44304581869766,348,0.4015939235687256,3574.52783203125,718.5914125442505,112.88136291503906,747.5960354287939
0.002642701379954815,-0.0013275003409944474,-0.008511864580214024,0.0021403516440678494,0.6188998222351074,0.5898366384208202,0.5558843612670898,0.013383405608501568,80.0,1475.400146484375,592.9404609680175,282.989990234375,232.2903243658489,-0.003828453608351992,0.5911455699317157,80.0,28.924380837986245,57.86824156702683,349,0.4431140422821045,2950.81201171875,1185.8953704833984,565.99267578125,464.58009035266286
0.0024649687111377716,-0.00017725599464029073,-0.004082731902599335,0.0010011964691812307,0.5951551198959351,0.5637069895863533,0.5257958173751831,0.013928147486191046,80.0,949.21435546875,536.9185171127319,173.2283935546875,162.4828554698806,-0.0038006213103362824,0.5881263963542878,80.0,34.11625403020717,68.25187186558172,350,0.33487510681152344,1898.440673828125,1073.848659133911,346.47003173828125,324.9654863817121
0.0014995094388723373,-0.0002428312785923481,-0.0029352838173508644,0.0006052288002776595,0.5835815668106079,0.5387311115860939,0.4934173822402954,0.01829781056105314,80.0,927.2820434570312,468.6649585723877,197.863525390625,166.20704466391226,-0.0037264603347575754,0.5852533145733179,80.0,38.74580973813869,77.51077747355029,351,0.36544275283813477,1854.574951171875,937.3411750793457,395.7397766113281,332.41366051995567
0.015717998147010803,-0.002968223602510989,-0.015414727851748466,0.005650724749258071,0.7759320735931396,0.7376747034490109,0.7115455865859985,0.015380552392191982,80.0,148.13328552246094,50.12737134695053,10.378962516784668,25.879407422289983,-0.003832027581956936,0.585428330142051,80.0,39.235135475778954,78.48964358256384,352,0.25211215019226074,296.281005859375,100.27543251514435,20.78053855895996,51.757405634026846
0.0021520238369703293,-0.0061938688100781295,-0.02011459320783615,0.005198494324733864,0.6999446153640747,0.6675967007875443,0.6375624537467957,0.01490294776859841,80.0,75.14022827148438,25.24348787665367,5.500096321105957,13.780432751846647,-0.0038360907706373837,0.5860418612398206,80.0,39.480690603787075,78.98077423577384,353,0.16521716117858887,150.29415893554688,50.51271543502808,11.037384033203125,27.559154673531214
0.003169892355799675,-0.011351360700791702,-0.03262798488140106,0.008630497415520199,0.6676769256591797,0.627557884901762,0.5780905485153198,0.016892194997090083,80.0,50.11473846435547,12.515529736876488,1.419608473777771,9.40524248280247,-0.00390256601551664,0.586503750976175,80.0,39.60188140331767,79.22329802243412,354,0.17896819114685059,100.24232482910156,25.06631328165531,2.8536415100097656,18.808752457585648
0.004414048045873642,-0.007323553849710151,-0.022573716938495636,0.006418338925633762,0.6132664680480957,0.5720337480306625,0.5376255512237549,0.016522013971406263,80.0,3.3052518367767334,0.9605660893023014,0.44822028279304504,0.5117921591426726,-0.0038086921736539803,0.5859221849627791,80.0,39.59831573770754,79.21596731214227,355,0.19645285606384277,6.620794296264648,1.9472199529409409,0.922761857509613,1.0179078604941825
0.03353281691670418,-0.004272986436262727,-0.02430788241326809,0.011293781687168047,0.6782587766647339,0.6385706938803196,0.6022311449050903,0.01705319499324646,80.0,1.6710320711135864,0.6680662404745817,0.3911936283111572,0.2535818435517344,-0.003795704160787864,0.5856880916319788,80.0,39.598047561960286,79.21540030286461,356,0.2004711627960205,3.3546383380889893,1.3574498638510704,0.8259682655334473,0.502397833427008
0.011166539043188095,-0.006301810534205287,-0.02631637454032898,0.007953014525849216,0.669055700302124,0.6363102339208127,0.6054877042770386,0.01511537087395952,80.0,1.3722935914993286,0.5123485501855611,0.30499711632728577,0.23701425901866527,-0.00383587610849645,0.5858193581141531,80.0,39.59321416742541,79.20581648298352,357,0.19685697555541992,2.758962869644165,1.0500269204378128,0.6268873810768127,0.4688572082156309
0.031203126534819603,-0.008576735330279917,-0.027795111760497093,0.010795929802863105,0.6680219769477844,0.6333933047950268,0.5974258184432983,0.014254851086887732,80.0,4.135959148406982,0.7447467770427465,0.31771954894065857,0.6355151708223283,-0.003859929436061066,0.5858732440583407,80.0,39.59265127669088,79.2047398857996,358,0.2022716999053955,8.2852783203125,1.5193148724734784,0.6783850193023682,1.2644029057084218
0.007150035351514816,-0.007546984701184556,-0.019037418067455292,0.006283232667546879,0.6657364368438721,0.6377396523952484,0.6038715839385986,0.012723889498162399,80.0,2.4487698078155518,0.7741004705429078,0.3836010694503784,0.41320879263348104,-0.003906173072056845,0.5860255185924469,80.0,39.58914723631181,79.19782733800263,359,0.19614815711975098,4.910115718841553,1.5760497078299522,0.807053804397583,0.819469049903988
0.018763605505228043,-0.0035693850077223033,-0.025155402719974518,0.008151106834973892,0.6750205755233765,0.6444688148796558,0.6109347343444824,0.013729008779167912,80.0,2.287498950958252,0.6176355820149183,0.2590162754058838,0.42185230163008836,-0.003916056335729081,0.5866747196801007,80.0,39.54451032738946,79.1085862705186,360,0.19791507720947266,4.583755016326904,1.2552993163466453,0.5707932114601135,0.8401004136819015
0.01757494919002056,-0.008743877039523795,-0.02865380235016346,0.010593446043384924,0.6592479944229126,0.624334517121315,0.5845909118652344,0.014695804094408687,80.0,2.899272918701172,0.9370201747864485,0.29650500416755676,0.4667930711732535,-0.003983370598871261,0.5869100614450872,80.0,39.534342750029644,79.08839045117796,361,0.20765280723571777,5.809723377227783,1.9040147967636585,0.5932101607322693,0.9281087047438785
0.006503548473119736,-0.0023151898058131337,-0.016382968053221703,0.004897730658414779,0.6334143280982971,0.6005410179495811,0.5511500239372253,0.016561312042088897,80.0,6.22539758682251,1.4128193121403456,0.40872377157211304,1.2187121491461634,-0.003985344803833868,0.5869284032993018,80.0,39.542034146578985,79.10377755933254,362,0.21594691276550293,12.462198257446289,2.8422798149287702,0.8317103385925293,2.4344718849938096
0.0061685554683208466,-0.004824819706846029,-0.023750469088554382,0.00644173165466058,0.6700424551963806,0.6389451734721661,0.5982824563980103,0.015420670342579584,80.0,6.35000467300415,0.9899791691452264,0.46584630012512207,0.9548342745343196,-0.0040215535606839695,0.587281131323427,80.0,39.54774044506066,79.11526962849497,363,0.2505056858062744,12.712498664855957,2.0023868918418883,0.9573205709457397,1.9058261559810317
0.013233937323093414,-0.004003444779664278,-0.018738262355327606,0.0068086147135858685,0.6924659013748169,0.656234760582447,0.6200306415557861,0.014843996836246312,80.0,3.6838018894195557,0.6806354708969593,0.3135172724723816,0.6012053181442453,-0.004077647892700043,0.5881492338441312,80.0,37.74694093190693,75.51380018146335,364,0.33800745010375977,7.381253242492676,1.3824025258421897,0.6586024165153503,1.199025850500567
0.0171932652592659,-0.002656128047965467,-0.021662933751940727,0.006565694364826601,0.6522425413131714,0.5929951123893261,0.5452721118927002,0.02103424000019549,80.0,2.698035717010498,0.5588662693277001,0.22716973721981049,0.4665885330335465,-0.004091493563551921,0.5877481790520251,80.0,32.607321224391455,65.23458038845658,365,0.338456392288208,5.408513069152832,1.1349047020077705,0.4895891547203064,0.927362560884871
0.029682911932468414,0.004477726202458144,-0.006159182637929916,0.00800322329898267,0.6613879799842834,0.634092953801155,0.6096720695495605,0.011210715952705178,80.0,468.1062316894531,110.43293073177338,18.982303619384766,97.26589918178964,-0.004039149263815488,0.587279427420348,80.0,31.497427520692344,63.01467891159652,366,0.31888866424560547,936.2233276367188,220.86958875656128,37.98478317260742,194.5332420601099
0.002736952155828476,-0.0009094368084333837,-0.005707838572561741,0.0017721640824436623,0.6024101972579956,0.5743636235594749,0.5369558334350586,0.012484367263858043,80.0,1367.25146484375,824.4923854827881,491.4901123046875,198.21252718608815,-0.004015282053791452,0.5853448145277799,80.0,39.592642234712834,79.20502190914749,367,0.3303217887878418,2734.513671875,1648.9980766296387,982.9881591796875,396.4249302774319
0.005965658463537693,-0.004415907704969868,-0.01973256655037403,0.005140064730381994,0.5367671847343445,0.5043079700320959,0.47081565856933594,0.013374543952253539,80.0,686.54638671875,403.88299255371095,156.48193359375,120.2169873614083,-0.004021603972534649,0.5831941017881036,80.0,43.54233903382718,87.10438516962527,368,0.32230710983276367,1373.1031494140625,807.7849063873291,312.97454833984375,240.43597459885035
0.007064897567033768,-0.004787569271866232,-0.02690911665558815,0.006624847535952995,0.5715832710266113,0.5407471604645252,0.512424886226654,0.011243296339102725,80.0,365.1827087402344,157.23860244750978,25.852108001708984,70.82781500343009,-0.004044746424304321,0.5822436900287867,80.0,45.10319592195005,90.22612624306974,369,0.3265879154205322,730.3822021484375,314.49759702682496,51.706451416015625,141.65344134018926
0.009321752935647964,-0.00398732281755656,-0.019052892923355103,0.005493689678916331,0.5311293601989746,0.49048201367259026,0.44867992401123047,0.01695932291602766,80.0,18.24173927307129,5.4293823629617695,2.8612616062164307,2.8546144967821854,-0.004025132288399617,0.5815655463039876,80.0,45.15129252710193,90.32226666243373,370,0.31721973419189453,36.49507141113281,10.876549029350281,5.7327775955200195,5.706858768651414
0.006656140089035034,-0.0029149306938052177,-0.021586287766695023,0.006182203437357393,0.5260672569274902,0.49767704755067826,0.4596390128135681,0.015546690118121523,80.0,160.37786865234375,26.302394649386407,3.451582670211792,24.091088744571426,-0.0038801579931168817,0.5805888278260827,80.0,45.405200903419406,90.82977393116802,371,0.3237929344177246,320.76470947265625,52.62057260870934,6.926559925079346,48.1802310656314
0.09467992931604385,-0.0035019513918086885,-0.026487454771995544,0.014546461084245179,0.5275012254714966,0.4929185077548027,0.43618977069854736,0.01908021139661917,80.0,3.250253915786743,1.091549102962017,0.46476006507873535,0.5527279853802703,-0.0038388495087856426,0.5797120828926563,80.0,45.394770650561895,90.80881327338517,372,0.3259572982788086,6.510315418243408,2.19996047988534,0.9524982571601868,1.1040533116305744
0.009647691622376442,-0.00483465728466399,-0.023206505924463272,0.006996678910135894,0.63219153881073,0.5773205973207951,0.535457968711853,0.01832950340470348,80.0,1.6079939603805542,0.7636920977383852,0.45505955815315247,0.20559545897126194,-0.00386333530273987,0.5791978105083109,80.0,45.39364261071756,90.80659587984532,373,0.29628753662109375,3.2270569801330566,1.5485999263823031,0.9339527487754822,0.40668149644783397
0.018047835677862167,-0.004239015019265935,-0.017334498465061188,0.006877414710719488,0.6063992977142334,0.5458238817751407,0.486380934715271,0.02307872907450152,80.0,1.7805103063583374,0.4601471969857812,0.22132684290409088,0.2651911590289208,-0.0038643889328814113,0.5789095378741622,80.0,45.38706349799968,90.79343399595471,374,0.2870795726776123,3.5703206062316895,0.9396888963878155,0.45659905672073364,0.527022428764535
0.006153132766485214,-0.00611747529474087,-0.021616535261273384,0.007027191587609853,0.647580087184906,0.6060856021940708,0.573087215423584,0.013402087037944117,80.0,1.6192799806594849,0.5720147758722305,0.28521543741226196,0.260654628734425,-0.0038544238609611054,0.5796091465987265,80.0,45.38568648013657,90.79067402229457,375,0.22837305068969727,3.251307964324951,1.1683862172067165,0.5971155762672424,0.5167762234061091
0.010167410597205162,-0.0032709281251300125,-0.013695970177650452,0.004547882149402476,0.6125649809837341,0.5815229877829552,0.5499307513237,0.013772949939919317,80.0,1.5764161348342896,0.8172303315252065,0.4384661018848419,0.22967620031304006,-0.003936424888175679,0.5807148153558372,80.0,45.38416179407946,90.78781076550484,376,0.34494805335998535,3.164177894592285,1.6526329800486566,0.9049838781356812,0.45975100332274466
0.01342572271823883,-0.006789062294410541,-0.02874103933572769,0.007392137412877646,0.6468638181686401,0.5935650072991848,0.5426958799362183,0.019693170515971126,80.0,1.3941158056259155,0.47192752491682766,0.21287330985069275,0.23548955117885964,-0.003984648923709756,0.5819656096175313,80.0,45.197698741462084,90.41500612540915,377,0.2525792121887207,2.7996578216552734,0.9693044740706682,0.43383756279945374,0.46613834602750315
0.010974433273077011,-0.004885733185801655,-0.019091051071882248,0.005732410663679646,0.6309835910797119,0.5972663663327694,0.5650377869606018,0.015164975395581782,80.0,0.9620418548583984,0.3208731239661574,0.1628529131412506,0.15517986331346803,-0.003958446919248673,0.5825187718831003,80.0,45.14879236780293,90.31715203862267,378,0.3438427448272705,1.9360651969909668,0.6634630396962166,0.3662381172180176,0.30488415616224684
0.011833205819129944,-0.0047906242194585506,-0.024855833500623703,0.006444266118211391,0.554867684841156,0.5218960702419281,0.4744730293750763,0.015128127663769008,80.0,2.222195863723755,0.5660284999758005,0.22424423694610596,0.4049949244987532,-0.003966555535123917,0.5819091415815055,80.0,45.14442316298746,90.30841765368731,379,0.3446617126464844,4.454892158508301,1.1520761724561452,0.46902722120285034,0.8060180905081139
0.013607298955321312,-0.004398217203561217,-0.02518981695175171,0.006845925159899797,0.6584299802780151,0.6019368961453437,0.5646751523017883,0.01685415171868864,80.0,2.0556297302246094,0.6426618382334709,0.26662126183509827,0.36212571453256764,-0.003927067431184695,0.582335889492184,80.0,45.12450615953841,90.26851320569963,380,0.34299516677856445,4.121788024902344,1.3061588458716868,0.5830946564674377,0.7208357672696253
0.01122111827135086,-0.010281532630324363,-0.03982584550976753,0.011604899592220282,0.6771599054336548,0.6300889924168587,0.5914088487625122,0.022688160709607427,80.0,1.0850293636322021,0.3437682410702109,0.23147621750831604,0.12453040729703216,-0.0040116354446799955,0.5829060799144209,80.0,44.12337329007686,88.26642799692601,381,0.34094667434692383,2.182236433029175,0.7207013249397278,0.5234411358833313,0.2415465110246945
0.01367129385471344,-0.007241507153958082,-0.024397142231464386,0.009030081346577446,0.6040469408035278,0.52929283156991,0.4704664349555969,0.027242848582450928,80.0,1.1552051305770874,0.42785948049277067,0.23824915289878845,0.1941741232735747,-0.004075861849793001,0.5823021665774286,80.0,43.04984145149403,86.11948068533837,382,0.2729613780975342,2.3219003677368164,0.880787830799818,0.5094324946403503,0.38109482381043097
0.011184543371200562,-0.0033279969822615383,-0.021076714619994164,0.006362502604901689,0.5885096788406372,0.5578199692070485,0.5283896923065186,0.012910381478139036,80.0,202.05645751953125,35.26616778373718,6.846716403961182,35.31142644345897,-0.004079647569626105,0.5812435888908803,80.0,43.24493587115221,86.50965593020618,383,0.19629812240600586,404.1188659667969,70.55014858245849,13.699915885925293,70.62156948472021
0.011668547987937927,-0.002916997845750302,-0.019596975296735764,0.005119990107916537,0.5718873739242554,0.5399911575019359,0.5047544240951538,0.013282874722389046,80.0,90.0145263671875,16.244836288690568,4.1556077003479,16.371917999253025,-0.004071551542088855,0.5801241468973458,80.0,43.04172822841816,86.10320205979049,384,0.2465810775756836,180.03977966308594,32.506306326389314,8.330761909484863,32.74166959171313
0.022979672998189926,-0.0024825454805977643,-0.018643435090780258,0.007388343584074123,0.5838003158569336,0.5495285741984844,0.5098696351051331,0.015150591341414362,80.0,66.20098876953125,16.08009826242924,3.5328853130340576,15.065858090141608,-0.004048934875638224,0.579144700434059,80.0,43.18926278989576,86.39820636153222,385,0.2859489917755127,132.41259765625,32.176152276992795,7.060235977172852,30.129589726403225
0.001587357372045517,-0.007610726408893242,-0.022697802633047104,0.005156221851141742,0.6647716760635376,0.6197951957583427,0.5833109021186829,0.013862456081127392,80.0,13.051458358764648,4.164958438277244,1.995659589767456,2.6879181987364675,-0.004069502574333456,0.5791965272910893,80.0,43.217854676371445,86.4554323065281,386,0.2884657382965088,26.116348266601562,8.357534247636796,4.012417793273926,5.370586656689804
0.008663006126880646,-0.00392020350554958,-0.017731647938489914,0.00549054898881066,0.5218050479888916,0.49659172631800175,0.460338830947876,0.013918809104888321,80.0,9.981831550598145,2.5453574910759924,1.1443204879760742,1.8154061058756878,-0.004012884738971479,0.5794117483720184,80.0,43.23691367293337,86.49344136851279,387,0.28917670249938965,19.97311019897461,5.108487248420715,2.3274636268615723,3.62801272231293
0.015300985425710678,-0.005407285946421325,-0.01899709179997444,0.005476214879623253,0.5333443880081177,0.49748076424002646,0.4629341661930084,0.015567411806535416,80.0,6.289929389953613,1.188056220859289,0.454547643661499,0.9432767342892129,-0.004013137168949469,0.5804176015034317,80.0,43.24449069699087,86.50861603844163,388,0.20029258728027344,12.590140342712402,2.3968766272068023,0.9566634297370911,1.8828121149915835
0.015422755852341652,-0.008436946454457939,-0.03158615902066231,0.009143700600793996,0.5964372754096985,0.5495976869016885,0.494805246591568,0.02282048528809153,80.0,1.0514540672302246,0.471271750703454,0.25294506549835205,0.13296776483615133,-0.004052738549537025,0.5808689418658615,80.0,43.24361343306677,86.50694974021613,389,0.20061039924621582,2.1138219833374023,0.9704093478620053,0.5734948515892029,0.25792598678345774
0.019530147314071655,-0.0029957320948597044,-0.02274577133357525,0.006254811641298205,0.6052850484848022,0.5729909703135491,0.5333139896392822,0.014024643478295419,80.0,2.7516326904296875,0.827145567163825,0.42937973141670227,0.3341036198306701,-0.003994237250008153,0.5808979558646679,80.0,43.24392022456229,86.50744690073283,390,0.17405986785888672,5.513406753540039,1.6717424079775811,0.8804529309272766,0.6660521070828055
0.030214674770832062,-0.00804942445247434,-0.026208441704511642,0.009455747377141378,0.6358785033226013,0.5887964926660061,0.5495548248291016,0.016934380526064743,80.0,0.9710673689842224,0.37128242161124947,0.21997474133968353,0.1471695761241433,-0.004052357006585225,0.5819992561414837,80.0,43.237419049846004,86.49458281680569,391,0.2350015640258789,1.953239917755127,0.7704396191984415,0.46282318234443665,0.28853960469804557
0.020010866224765778,-0.0026049725303892044,-0.023631930351257324,0.008940788113105303,0.6577226519584656,0.6127271473407745,0.5684804320335388,0.02029259582117836,80.0,1.0138838291168213,0.49482780024409295,0.22337469458580017,0.16351710246962364,-0.004076155368005856,0.5834371830895543,80.0,43.233678125610574,86.48717732359468,392,0.31763720512390137,2.0417845249176025,1.007120083644986,0.47728222608566284,0.3200053403160467
0.008725173771381378,-0.0032717874739319084,-0.022700462490320206,0.005483285097227209,0.582747220993042,0.5527167722582818,0.5233400464057922,0.012862731783978816,80.0,1.538087010383606,0.4944695718586445,0.19681593775749207,0.21768491226497033,-0.004067803040961735,0.5842432818897069,80.0,43.22960821401886,86.47903691767156,393,0.331939697265625,3.0878424644470215,1.0065370500087738,0.4504467844963074,0.43284741031503216
0.01075340248644352,-0.009637302352348342,-0.025571968406438828,0.008757781386210356,0.6033954620361328,0.5533530045300722,0.47462430596351624,0.0315137243682174,80.0,1.4472856521606445,0.5322732981294394,0.22860530018806458,0.2515152162487925,-0.004111190399387852,0.5845016234032809,80.0,43.225508757645265,86.47092994635551,394,0.32880067825317383,2.9047446250915527,1.0948882505297661,0.5048491358757019,0.49463558370143595
0.008114103227853775,-0.004753353615524247,-0.01993461512029171,0.006099966974875087,0.6223561763763428,0.557190728187561,0.5088410973548889,0.02427795611518974,80.0,1.2734792232513428,0.31734918188303707,0.14987359941005707,0.2209807218492463,-0.00412659492297098,0.584423079032451,80.0,43.22323676145822,86.46641519206015,395,0.32866501808166504,2.5579659938812256,0.6553488813340664,0.3241749703884125,0.4369408399044815
0.014949727803468704,-0.004696420952677726,-0.030262719839811325,0.009011617295597674,0.5984581112861633,0.5546910665929318,0.507893979549408,0.016908902899889094,80.0,1.78132963180542,0.6019006203860044,0.26703572273254395,0.2994361118532653,-0.004141745431232266,0.5844676516577602,80.0,43.22507589110361,86.47012464401125,396,0.33211374282836914,3.573094129562378,1.2242879211902618,0.5834266543388367,0.591892717604781
0.0070958323776721954,-0.004290024534566328,-0.017263293266296387,0.005744014435422914,0.6810738444328308,0.642754540592432,0.6056489944458008,0.01569416390133216,80.0,0.9443601369857788,0.36563614644110204,0.2347167730331421,0.1255664083982311,-0.004143736758443993,0.5851391021460296,80.0,43.19753536976875,86.41506101299821,397,0.3211028575897217,1.9015774726867676,0.7527074344456196,0.49558138847351074,0.2477371384356825
0.037294235080480576,0.0013358885480556637,-0.017312614247202873,0.010265147701141885,0.668747067451477,0.6224830634891987,0.5551515221595764,0.02300825408157775,80.0,0.6948073506355286,0.3031570496037602,0.20610478520393372,0.09338718964496531,-0.004096731950063258,0.5854142957255245,80.0,43.137646790491424,86.29519534817707,398,0.33338403701782227,1.4007219076156616,0.616091986373067,0.43356871604919434,0.1871242502954304
0.021518684923648834,-0.0014454785094130784,-0.01854715496301651,0.006901239989588217,0.5848627090454102,0.5342111740261316,0.49358850717544556,0.018205240893726164,80.0,0.8209376335144043,0.29355916772037743,0.15364831686019897,0.12318551010980704,-0.00408069855713984,0.584423127103597,80.0,43.09436245140061,86.20857477937638,399,0.26302409172058105,1.653080701828003,0.60069351606071,0.33034563064575195,0.2391364730524782
0.011151965707540512,-0.0022568532032892106,-0.013156619854271412,0.004980265109973266,0.5644857883453369,0.5211970038712025,0.4781835079193115,0.017986744311873398,80.0,66.08228302001953,38.670376574993135,15.563347816467285,11.726995505919607,-0.00405941192881437,0.5823748090527953,80.0,43.38630868833886,86.7923837161511,400,0.4423253536224365,132.1923828125,77.35569100379944,31.13509750366211,23.455449364655674
0.0037279967218637466,-0.0036901852115988733,-0.0186796672642231,0.004532538648379981,0.5889447927474976,0.5529694855213165,0.5053833723068237,0.013696567831953313,80.0,87.61836242675781,43.907652592659,17.636934280395508,12.837141582153222,-0.004075109674769919,0.580453729916364,80.0,43.780590470220915,87.58094025437532,401,0.34255504608154297,175.24749755859375,87.83374495506287,35.28594970703125,25.672667570517337
0.0036118635907769203,-0.001879457599716261,-0.010096288286149502,0.0027303391909774878,0.6066778302192688,0.5806492082774639,0.5502117872238159,0.014516543376515074,80.0,65.60445404052734,20.84229371547699,4.868564605712891,13.119338083016217,-0.004097195108653977,0.5799150181598961,80.0,43.979483342271315,87.97875939291714,402,0.3337862491607666,131.21995544433594,41.699959099292755,9.746567726135254,26.23715692203256
0.004539100453257561,-0.003511697135400027,-0.013293471187353134,0.003931423399837761,0.7007335424423218,0.6605643831193447,0.6324795484542847,0.014373172542497542,80.0,71.78641510009766,32.582946145534514,6.046496868133545,15.882179633844604,-0.004083394160086754,0.5804616880081593,80.0,44.29627072816716,88.6123174952194,403,0.34172964096069336,143.59909057617188,65.18612687587738,12.111604690551758,31.764019229317388
0.004820644855499268,-0.012658733467105776,-0.0300335381180048,0.007889339022183372,0.5760229229927063,0.5321387495845556,0.4848616421222687,0.018392482871411556,80.0,2.305241346359253,1.546326595544815,1.0022852420806885,0.25769223858669027,-0.004154928131436463,0.5808976824432611,80.0,44.304879933238034,88.6296876932308,404,0.3435943126678467,4.629058837890625,3.1286134332418443,2.074260711669922,0.5089691563445858
0.012613926082849503,-0.0026071405387483536,-0.018052127212285995,0.006192129037929967,0.6246928572654724,0.5871761485934257,0.5283195972442627,0.018281134486168943,80.0,13.372140884399414,1.7514434542506934,0.36435264348983765,2.065497435298761,-0.004087834982667117,0.5818700042366981,80.0,44.31838902762533,88.6565911418572,405,0.3508443832397461,26.755962371826172,3.5198446810245514,0.7444546222686768,4.128561160173298
0.002399853430688381,-0.016345341125270352,-0.04318046569824219,0.010420383406241558,0.6299163103103638,0.5854311063885689,0.5385659337043762,0.018318825228754148,80.0,1.4044066667556763,0.7088160663843155,0.48117783665657043,0.15624631505862913,-0.004189106597623321,0.5820065384805202,80.0,44.3209848651141,88.6619880909249,406,0.3569612503051758,2.822233200073242,1.4620314553380012,1.004560947418213,0.30370407313305947
0.01644240692257881,-0.0023351526644546537,-0.01664595492184162,0.006288049175892013,0.5939327478408813,0.5484770249575377,0.4973761737346649,0.024442212356381256,80.0,0.8921414613723755,0.4374133381992579,0.24873360991477966,0.12263667715214924,-0.004190837801608722,0.5812946530692279,80.0,44.31809366738051,88.65619492017849,407,0.3461017608642578,1.790201187133789,0.8904665261507034,0.5123004913330078,0.24362143675357809
0.001246761530637741,-0.014734543109079823,-0.03955790027976036,0.0106103560217186,0.6925845742225647,0.6437476433813571,0.6006168127059937,0.018597396484582914,80.0,3.9091243743896484,0.9498540692031383,0.3190712034702301,0.6498763777419698,-0.004288019189203624,0.5823724311850965,80.0,44.31926195461303,88.65874741290881,408,0.33969950675964355,7.833209991455078,1.94205217435956,0.7080159783363342,1.2881259633447997
0.007618146948516369,-0.010030689276754856,-0.029642457142472267,0.007629292795973279,0.7078030109405518,0.6726884305477142,0.6349378824234009,0.01543389044747378,80.0,3.144231081008911,0.8763235334306956,0.4513557255268097,0.39187758425225544,-0.00434160472691292,0.5834086765907704,80.0,44.321187303733076,88.66272600724174,409,0.23887181282043457,6.30131721496582,1.786162221431732,0.9376174807548523,0.7763733088871778
0.008197363466024399,-0.004273518873378635,-0.017781052738428116,0.0051300782487432,0.6574133038520813,0.6223769977688789,0.5801005363464355,0.016952316589801227,80.0,1.5121760368347168,0.5941690851002932,0.19720128178596497,0.2369264800320185,-0.004355140725150705,0.5845797375440598,80.0,44.32216775255091,88.66473739813641,410,0.19567203521728516,3.0365474224090576,1.2093327451497315,0.4178629219532013,0.4716500426740181
0.04254227876663208,-0.005735655600437895,-0.03479469567537308,0.009651647465618321,0.6008591651916504,0.5548728428781032,0.5171929597854614,0.018373768304124787,80.0,1.0824511051177979,0.39954465720802546,0.22574672102928162,0.16950638364186293,-0.004380372569779865,0.5848693733885885,80.0,44.31936559053139,88.65918933051825,411,0.19588351249694824,2.1766648292541504,0.8216580834239722,0.46593567728996277,0.3351082571343244
0.012492718175053596,-0.004765783279435709,-0.02732841670513153,0.009445864854539817,0.6206622123718262,0.5750925950706005,0.5284250974655151,0.027588309206326107,80.0,1.9297281503677368,0.4406363045796752,0.20463262498378754,0.2988323243977542,-0.004367336509691086,0.5852064935863018,80.0,44.31840192840807,88.65724267663433,412,0.19260740280151367,3.871526002883911,0.9023060273379088,0.40436816215515137,0.5926542489751881
0.012616616673767567,-0.0032381576776970176,-0.015335632488131523,0.006394479020499804,0.6344403624534607,0.6087751179933548,0.5818229913711548,0.011017087555877613,80.0,7.816206932067871,1.5236209906637668,0.6243590116500854,1.104867778908808,-0.0043628932363935745,0.5857213852107526,80.0,44.33013161648251,88.68070346418394,413,0.1925508975982666,15.636722564697266,3.0658938094973562,1.2642388343811035,2.2049204240004525
0.002827472984790802,-0.010816573130432517,-0.02902107685804367,0.007277061758781258,0.7212578654289246,0.6813117697834968,0.6267756223678589,0.016185368387202345,80.0,1.5999411344528198,0.7052467186003923,0.4227041006088257,0.21237546191394527,-0.004570503034512512,0.5869298351332545,80.0,44.03286461511068,88.08660884868723,414,0.19863677024841309,3.2133913040161133,1.445752813667059,0.916016697883606,0.4204975208888416
0.01711886376142502,-0.0029771389963570982,-0.025290416553616524,0.008447125714985577,0.7592505216598511,0.725727005302906,0.6993485689163208,0.013366240178595758,80.0,0.3748178780078888,0.22373283077031375,0.15623025596141815,0.03972744663068529,-0.004588869935134425,0.5889089233279229,80.0,42.38734200708569,84.79563994861766,415,0.20076394081115723,0.7643023729324341,0.4679344788193703,0.3384023904800415,0.07329289004805796
0.05924811586737633,0.014001451258081943,-0.003106638789176941,0.012517711845177769,0.6679821014404297,0.5931613273918629,0.5486294627189636,0.01786304348816184,80.0,28.026968002319336,4.698281659185886,0.84275221824646,6.304617529370177,-0.004430672357964794,0.5888863152042032,80.0,41.92308199793101,83.86680307755992,416,0.19087886810302734,56.02742004394531,9.380423602461814,1.671889066696167,12.612510167707839
0.004575617611408234,-0.00250468734302558,-0.013541365042328835,0.0036824244629235768,0.6463801264762878,0.611805972456932,0.5868232846260071,0.011753403658068606,80.0,51.38443374633789,9.249918839335441,1.8991076946258545,11.876308521010175,-0.004419966810732148,0.5885375893712044,80.0,41.268217424184094,82.55704553214834,417,0.19457387924194336,102.7816162109375,18.517083221673964,3.8255972862243652,23.75054467680167
0.006273128092288971,-0.005842205596854911,-0.01624739170074463,0.004569923216217273,0.6648621559143066,0.6359947942197323,0.5993741750717163,0.012114593184992518,80.0,23.796817779541016,7.347895261645317,2.7049593925476074,4.043110723446757,-0.004453257131797727,0.5887903930619359,80.0,41.01488168478012,82.05044568959994,418,0.19370055198669434,47.606117248535156,14.720194911956787,5.451071739196777,8.081387498486796
0.007162243127822876,-0.0056919989263406025,-0.022579418495297432,0.007000139919095558,0.6448239088058472,0.6029788717627526,0.5727171897888184,0.013865996305456221,80.0,13.076827049255371,5.199451419711113,2.609653949737549,2.2021134207092086,-0.004480807603424181,0.5895746867097915,80.0,40.95469413226843,81.93014137242362,419,0.21677923202514648,26.16573715209961,10.422346395254134,5.222138404846191,4.400382131911477
0.004960367456078529,-0.006318339850986376,-0.02400827780365944,0.006725036089976909,0.6353400349617004,0.5779464550316333,0.5436575412750244,0.01925290591797035,80.0,4.297239303588867,1.7804029278457165,0.954462468624115,0.6484905971439079,-0.0044695258961583014,0.5901635816693307,80.0,40.949359565980735,81.91946145440265,420,0.19786500930786133,8.606100082397461,3.5850014805793764,1.9308485984802246,1.2924738934855646
0.019262751564383507,-0.003024399623973295,-0.022296834737062454,0.007114454496487503,0.5866203308105469,0.5562379136681557,0.5187084674835205,0.015295391019891651,80.0,25.94028663635254,4.524598734080792,0.8494952917098999,4.917872967455145,-0.00444684208164108,0.5908230583891273,80.0,40.98764421389253,81.99599857163803,421,0.20138120651245117,51.89223861694336,9.066370977461338,1.7320722341537476,9.832804865248686
0.020068107172846794,-0.000967708247480914,-0.016204671934247017,0.0055620485524934486,0.6684691905975342,0.6398150533437729,0.5961695313453674,0.014222240239486043,80.0,37.80242156982422,11.043076322227716,0.9054461121559143,8.278572878552312,-0.004411295248981332,0.591829351104796,80.0,41.09065917631984,82.2019775259681,422,0.19179296493530273,75.61727905273438,22.100884091854095,1.8247003555297852,16.557135229430227
0.021121777594089508,-0.0043211109994445,-0.022515075281262398,0.007632786413673151,0.6625176668167114,0.6319338925182819,0.600804328918457,0.015049546044730985,80.0,1.5088865756988525,0.5987056989222765,0.359048455953598,0.22441836949579178,-0.004288544182170881,0.5922084625214339,80.0,41.08682641236857,82.19407407810168,423,0.20739006996154785,3.031200885772705,1.2186922997236251,0.7256929278373718,0.44450621192421746
0.012219867669045925,-0.0060627638944424685,-0.024766534566879272,0.008035028382994169,0.649329423904419,0.6165310144424438,0.5706544518470764,0.014964312682908182,80.0,1.4657913446426392,0.4768995700404048,0.22796285152435303,0.26233087450717535,-0.004310406461561797,0.5925148338675499,80.0,41.08392279796116,82.18831670125948,424,0.1884143352508545,2.9415276050567627,0.9782552845776081,0.4787253141403198,0.5206533063510045
0.04139687493443489,-0.0035448056762106715,-0.022914595901966095,0.009821710227234867,0.7041940093040466,0.6737442262470722,0.6367180347442627,0.014464000369556645,80.0,1.3248153924942017,0.35781465396285056,0.1846417635679245,0.21222022682848507,-0.004320680017903215,0.5935800511166454,80.0,41.08096871670523,82.18245039018616,425,0.1915879249572754,2.6606404781341553,0.7361938022077084,0.41115549206733704,0.4223761675874961
0.017521074041724205,-0.0018570860236650332,-0.018191266804933548,0.005888359195547706,0.6310500502586365,0.5959597773849964,0.5559890270233154,0.01695821993216114,80.0,1.4530421495437622,0.5329280998557806,0.253890722990036,0.20851465664491858,-0.0043129818801535295,0.5939982568174601,80.0,41.07947632261553,82.17945856981352,426,0.18796467781066895,2.913558006286621,1.0814895689487458,0.5249055624008179,0.4137607794770162
0.01072179526090622,-0.0019291625707410277,-0.011564470827579498,0.004118900062974127,0.6572523713111877,0.6184299036860466,0.5832080841064453,0.01578939905109707,80.0,3.4796786308288574,0.8270150702446699,0.26443836092948914,0.5873212108031987,-0.0042592129037366255,0.5944109752178193,80.0,41.077900046138105,82.17620673317833,427,0.19545745849609375,6.969691276550293,1.6702570520341395,0.5404208302497864,1.1729072702069767
0.024486245587468147,-0.0032697479502530767,-0.019165493547916412,0.007813526186653732,0.6976145505905151,0.6490285225212574,0.6141570210456848,0.01617916898200355,80.0,4.289322376251221,0.5990893002599478,0.24441978335380554,0.5479138870868472,-0.004264166435023072,0.5952237729653717,80.0,41.07650043231808,82.173433668416,428,0.1707925796508789,8.592297554016113,1.2176986642181873,0.53156578540802,1.091791288642865
0.011793434619903564,-0.003435126628028229,-0.01858432963490486,0.0066392829186743526,0.644556999206543,0.6126391597092151,0.5768632888793945,0.01572272307569748,80.0,3.7141709327697754,0.9822796154767275,0.3980192244052887,0.6932656312954886,-0.004254744656238473,0.5955689200460911,80.0,41.079491457941025,82.179403779272,429,0.1689445972442627,7.440675258636475,1.9836822859942913,0.8258273601531982,1.3833570303017204
0.03877308964729309,-0.004361594904912636,-0.0188346765935421,0.00837818497519632,0.6785099506378174,0.6441775806248188,0.6003895998001099,0.01571107689377001,80.0,2.3345465660095215,0.5041309624910355,0.26849430799484253,0.32907123264694194,-0.004247408692870522,0.5961642227247359,80.0,41.08110322743282,82.18262455239146,430,0.19933080673217773,4.681100845336914,1.0298686653375626,0.5658417344093323,0.6549908769260404
0.0212293341755867,-0.003809719003038481,-0.026313968002796173,0.009507040890152791,0.7383884191513062,0.6987703174352646,0.6457384824752808,0.015129042563179181,80.0,0.8939999938011169,0.31380118764936926,0.19286157190799713,0.13482024479112906,-0.0043484539963246785,0.5965634604543447,80.0,39.53285349869729,79.08633517061173,431,0.3534259796142578,1.7816150188446045,0.6491972170770168,0.436646968126297,0.2639018464545481
0.03125524893403053,-0.007285724568646401,-0.02518477663397789,0.011472110257471167,0.7257184982299805,0.6948084317147731,0.6598464250564575,0.013415369486217417,80.0,1.9084641933441162,0.5109749818220735,0.20448827743530273,0.2832798156967162,-0.004399386024830164,0.5972482724487782,80.0,38.98385294201412,77.98844962695614,432,0.34835386276245117,3.8307743072509766,1.0504175830632447,0.44887077808380127,0.5606463416848382
0.013344243168830872,-0.0008755596645642072,-0.009171955287456512,0.003425806834481506,0.6010082960128784,0.5730772346258164,0.5330058336257935,0.013203350692043639,80.0,169.66542053222656,73.71508874893189,31.5845947265625,24.445108392457442,-0.004359283168945694,0.5964416937604546,80.0,39.553356324071075,79.12736005691066,433,0.3357362747192383,339.329833984375,147.4433906555176,63.18760681152344,48.88900004492663
0.010128393769264221,-0.00018512459937483072,-0.008499110117554665,0.0027010105824767055,0.6450216770172119,0.6030779749155044,0.5676334500312805,0.013712214987434143,80.0,56.30158233642578,28.899735224246978,9.76047420501709,11.330023034795843,-0.004328796293673804,0.5954429147243501,80.0,39.790657401973384,79.60188126540557,434,0.33692359924316406,112.61244201660156,57.811902451515195,19.541038513183594,22.65986786234004
0.004445526748895645,-0.0009945498837623744,-0.00685487873852253,0.001895480036449009,0.621253252029419,0.5863996282219887,0.551998496055603,0.014698528073852524,80.0,104.28756713867188,48.31750040054321,19.804624557495117,16.73745196728548,-0.004290055792720522,0.5949530208557845,80.0,40.251348363230015,80.52317591134086,435,0.33771824836730957,208.5867919921875,96.6487181186676,39.62205505371094,33.473681304263174
0.003695789724588394,-0.0010030493227532133,-0.011606771498918533,0.0024549185580386287,0.6550251245498657,0.6118900679051876,0.5785462856292725,0.015090576372064108,80.0,239.24761962890625,97.28469860553741,30.335512161254883,38.963498263090734,-0.00422840019603609,0.595085344105959,80.0,41.21230825086124,82.44497503027692,436,0.3364839553833008,478.5072326660156,194.58364195823668,60.68246841430664,77.92613379779522
0.0029660407453775406,-0.0008224648161558434,-0.009138252586126328,0.002053338576553416,0.7475086450576782,0.7189112357795239,0.6873747110366821,0.014056752411237423,80.0,68.12574768066406,26.085789841413497,5.31829309463501,13.120174667900903,-0.0041245864164084186,0.5967922347784043,80.0,41.46580092172511,82.95178688307479,437,0.33683156967163086,136.26559448242188,52.187602925300595,10.658872604370117,26.239189457558723
0.007058281451463699,-0.0061128432455006985,-0.019646208733320236,0.0068749692307404475,0.6778162121772766,0.6394705407321453,0.6035245656967163,0.015154247840054385,80.0,3.2122714519500732,1.4767755009233952,0.8628917932510376,0.3686230722091557,-0.004140905345848296,0.5978395120538772,80.0,41.477071451650936,82.97438152640684,438,0.34236693382263184,6.437275409698486,2.978566102683544,1.757745623588562,0.7339192776214687
0.004914138466119766,-0.0035779367957729847,-0.021055318415164948,0.005011608866614721,0.6339855194091797,0.6081984370946885,0.5769665241241455,0.01285621532358402,80.0,23.165142059326172,4.4936291553080085,0.9136978983879089,3.676771948270866,-0.004121356710587862,0.5979850040189922,80.0,41.51747867606022,83.05515978757663,439,0.34964704513549805,46.34225082397461,9.006578135490418,1.8459742069244385,7.350589506404285
0.026816673576831818,-0.0011192229110747575,-0.0193918626755476,0.008602692322018539,0.676365852355957,0.6459207378327847,0.6063811182975769,0.012674945349634441,80.0,29.477340698242188,9.721974951028823,0.3593270778656006,7.490939284626418,-0.004079777640203247,0.5985053640566766,80.0,41.61128698763437,83.24270365869998,440,0.33199429512023926,58.95089340209961,19.459106653928757,0.7417373657226562,14.976652722508797
0.010724395513534546,-0.004754195990972221,-0.019262269139289856,0.005952576380391865,0.6934053897857666,0.6559872962534428,0.6114243268966675,0.01579592463003516,80.0,1.6046243906021118,0.8842507686465979,0.3735179305076599,0.26669828891645825,-0.004085508554271655,0.5990928515680134,80.0,41.61507607868501,83.25030505234747,441,0.3333010673522949,3.222684860229492,1.7911296740174294,0.7799994945526123,0.5332415527276313
0.014112439006567001,-0.007425490760942921,-0.028816716745495796,0.009202758990254554,0.6699429154396057,0.6251597218215466,0.584840714931488,0.016441046677656064,80.0,1.3417609930038452,0.4669182788580656,0.25183331966400146,0.23099130145962826,-0.004109424232301535,0.5994942907579243,80.0,41.61607502947376,83.25235881401969,442,0.33936619758605957,2.697622776031494,0.9611907333135605,0.5452965497970581,0.45524787251415655
0.03682228922843933,-0.006002184381941333,-0.030415181070566177,0.01092812081795586,0.6486661434173584,0.6190999023616314,0.5710093975067139,0.017070271081418984,80.0,1.0535494089126587,0.35331086106598375,0.17847184836864471,0.16742849592348477,-0.004170718995708739,0.5996996325738728,80.0,41.61562747070567,83.25159039279073,443,0.33440613746643066,2.1196727752685547,0.7310080889612436,0.4305643141269684,0.3271872660623622
0.025749148800969124,-0.002293032093439251,-0.021791741251945496,0.007233415862934568,0.5935113430023193,0.5509140647947788,0.5032130479812622,0.018870658188343627,80.0,2.4218058586120605,0.7955907069146633,0.3694954216480255,0.38262100202037996,-0.004177802812162553,0.5995563309080899,80.0,41.595322791609924,83.21099233551324,444,0.33649706840515137,4.854716777801514,1.6067857526242733,0.7518893480300903,0.7625962325284419
0.014387274160981178,-0.004490787698887289,-0.027474690228700638,0.007512216042342452,0.6025344133377075,0.543707087635994,0.49313998222351074,0.019956271263574965,80.0,1.244638442993164,0.4067073713988066,0.1680617779493332,0.21312753514426588,-0.004194570004445267,0.5986710719577968,80.0,41.58691628282518,83.19419514708594,445,0.34624481201171875,2.499908924102783,0.8332704599946738,0.393110990524292,0.4198559615890846
0.03928684443235397,0.0020454493060242385,-0.013787021860480309,0.008551817607091521,0.6059854030609131,0.5680499896407127,0.5229521989822388,0.01671867622801931,80.0,4.43133020401001,0.778767466545105,0.2698187530040741,0.647949169093549,-0.0041266120396030595,0.5978260653205216,80.0,41.590612123683094,83.20143401284889,446,0.35170674324035645,8.874360084533691,1.5648050434887408,0.5506119132041931,1.2933479854111891
0.01611582189798355,-0.002842116908868775,-0.0206008180975914,0.006562498100909646,0.5831103324890137,0.5476127296686173,0.5026499629020691,0.019495818284535126,80.0,6.652643203735352,1.421065653860569,0.5840412378311157,1.0281124249809477,-0.004142384756327373,0.5968508808352052,80.0,41.60193580795639,83.22409342316537,447,0.3344838619232178,13.316020965576172,2.8587678030133246,1.2090997695922852,2.053933102472933
0.010311842896044254,-0.0038711446337401866,-0.01740819402039051,0.005809145186876203,0.683856189250946,0.6383543908596039,0.5957393646240234,0.017733694787037547,80.0,1.7324260473251343,0.7920135613530874,0.414705753326416,0.2452991881374931,-0.004262010172969894,0.5976576936952769,80.0,38.01687375296094,76.05422466282546,448,0.32778215408325195,3.4746007919311523,1.604536510258913,0.853529691696167,0.4887220552353863
0.014100171625614166,-0.007598112424602732,-0.027827033773064613,0.007194956096861928,0.6806195974349976,0.6464366368949414,0.6016656160354614,0.018338563152634567,80.0,0.4586883783340454,0.2508717026561499,0.19370676577091217,0.042455006697859426,-0.004324716293805977,0.598223693680018,80.0,32.08997786030733,64.20056964161992,449,0.33080577850341797,0.9306561946868896,0.5298683628439903,0.40631917119026184,0.08194010589185502
0.017833832651376724,-0.0062403077201452105,-0.02778901718556881,0.010571599738389552,0.6341602802276611,0.5846456445753574,0.5351545810699463,0.01959121836269867,80.0,0.49538376927375793,0.21789378002285958,0.12763814628124237,0.0803354037954685,-0.004385346811061026,0.5984330802299082,80.0,26.72297162698024,53.46668266116083,450,0.34255099296569824,1.0027271509170532,0.4599610880017281,0.3014957308769226,0.15122447649672066
0.018457096070051193,-0.002466096420539543,-0.01998586393892765,0.006611486964326978,0.6267188787460327,0.593326848000288,0.5483295917510986,0.01604944159760297,80.0,5.139678955078125,2.464786188304424,0.9554798603057861,0.7529794047365466,-0.004407579462480498,0.5989790375940501,80.0,22.060969903139394,44.1427346212715,451,0.3468348979949951,10.289056777954102,4.94637109041214,1.930685043334961,1.5047629236101796
0.004520803689956665,-0.005172386788763106,-0.015599776059389114,0.004984614796303905,0.5700451135635376,0.534390053525567,0.47921839356422424,0.016693401093162155,80.0,15.823163986206055,4.39313626140356,1.5823880434036255,2.388038595004833,-0.004429621094343019,0.5969461910948157,80.0,21.60362755228393,43.22805334733426,452,0.3434112071990967,31.660964965820312,8.807305121421814,3.1960275173187256,4.772457545768457
0.005880051292479038,-0.005332869640551507,-0.024849804118275642,0.0054198725029272294,0.6181566715240479,0.5829635873436928,0.5380182266235352,0.01771273845957152,80.0,31.796506881713867,17.887762635946274,5.8247199058532715,6.037616911733588,-0.004421011102647753,0.5960998599603772,80.0,21.53007029987685,43.080904694542276,453,0.34893298149108887,63.60490417480469,35.79785015583038,11.665946960449219,12.071191234862908
0.004232052713632584,-0.0021977777709253133,-0.015095427632331848,0.003037785675828216,0.6787464618682861,0.6445456363260746,0.6165352463722229,0.014166728462113632,80.0,45.88280487060547,13.085203962028027,1.6238561868667603,9.433833732189333,-0.004329475273349089,0.5962697374746203,80.0,21.53576704212837,43.09211850641666,454,0.33657240867614746,91.77877807617188,26.187694469094275,3.264021635055542,18.868982246872456
0.006894510239362717,-0.010673430480528623,-0.02946007438004017,0.006998184012405109,0.65357506275177,0.6186978362500668,0.5881211161613464,0.013197377284931705,80.0,2.7166826725006104,1.3503983557224273,0.7732879519462585,0.38984622398500307,-0.004362974039657274,0.5967363783568144,80.0,21.53966536479257,43.09999148219822,455,0.3313777446746826,5.453932762145996,2.734517531096935,1.56613290309906,0.7779287230734115
0.008883925154805183,-0.0055903055879753085,-0.02837161161005497,0.006868989760876996,0.6439521312713623,0.6052695989608765,0.5786477327346802,0.013430731787491589,80.0,7.698946952819824,1.7880713514983655,0.6205289959907532,1.4886327430778452,-0.0043761472311743994,0.5964033674076199,80.0,21.55086541590281,43.12241127094626,456,0.32944416999816895,15.40735912322998,3.5994287386536596,1.2678790092468262,2.97318191911435
0.01688992604613304,-0.0074936207616701726,-0.02938108891248703,0.008825691104814178,0.6612038612365723,0.6248718656599521,0.5797592401504517,0.015034020927091643,80.0,0.7935186624526978,0.41484044808894394,0.23644660413265228,0.10240322498956181,-0.004388065333449049,0.5962889837250113,80.0,21.549890334881844,43.120482657492154,457,0.3299100399017334,1.5999735593795776,0.8571655750274658,0.5194390416145325,0.2000195085251053
0.01151255052536726,-0.005337602135841735,-0.019364893436431885,0.00712605006637899,0.6073114275932312,0.549470429867506,0.5096899271011353,0.01730126564254944,80.0,2.292766571044922,0.9584403242915869,0.47614118456840515,0.32161919277770784,-0.0043556740015046665,0.595449754975736,80.0,21.55202727035433,43.12467496138811,458,0.32981443405151367,4.598682880401611,1.93854526206851,0.9827825427055359,0.6371170942283392
0.007584482431411743,-0.005004373521660455,-0.023332834243774414,0.007091091831760036,0.6673341989517212,0.6428225919604301,0.6082032918930054,0.012761743778251839,80.0,0.9951137900352478,0.3191532205790281,0.16012530028820038,0.15770085745252535,-0.004330247889709426,0.595500584371388,80.0,21.54747779785469,43.11552618071437,459,0.3153231143951416,2.003230094909668,0.6611716404557229,0.34965962171554565,0.3108144515651412
0.004201930016279221,-0.005932712840149179,-0.02619772031903267,0.006290721170787797,0.564468502998352,0.5300674937665463,0.4888208508491516,0.018489133836990145,80.0,0.8633819818496704,0.45749386586248875,0.23990806937217712,0.14507871745567594,-0.004353881168033694,0.5943565711602569,80.0,21.545876380693166,43.11234773258864,460,0.2595829963684082,1.7346618175506592,0.9374545037746429,0.5067015290260315,0.2843628486256745
0.014579886570572853,-0.0030067534826230258,-0.01587768644094467,0.006271990984356826,0.5491094589233398,0.5110069964081049,0.4510226845741272,0.019979558255073967,80.0,1.4069647789001465,0.4131902661174536,0.23922432959079742,0.2358168196119875,-0.0042965099324646875,0.5932232959531247,80.0,21.54063808160648,43.101733726501465,461,0.21068692207336426,2.823885202407837,0.8426141880452633,0.4847397208213806,0.4678617569249466
0.013649126514792442,-0.003927192839910276,-0.016056213527917862,0.006279599092819159,0.6262931227684021,0.5785079441964627,0.5114262104034424,0.022778504848867242,80.0,1.0155760049819946,0.3137074410915375,0.17323927581310272,0.18303104263990136,-0.004312629962805658,0.5930029652155935,80.0,21.529646962895992,43.07977932257205,462,0.21177148818969727,2.0428688526153564,0.6468394219875335,0.349533349275589,0.36316152787017303
0.014989237301051617,-0.0011950334592256695,-0.01346629112958908,0.005110934789891288,0.5452367663383484,0.4950692173093557,0.45457130670547485,0.018182896222815704,80.0,1.6908847093582153,0.30572521276772024,0.09413524717092514,0.3311288804272567,-0.0042763321003294556,0.5915642056539654,80.0,21.522804423332214,43.06599287244305,463,0.2088022232055664,3.3919925689697266,0.6237418789416551,0.21733808517456055,0.6581536868684991
0.011892354115843773,-0.0011517717939568684,-0.01017189770936966,0.0044145600695462694,0.5491687655448914,0.4983423385769129,0.4681341350078583,0.01525107009994173,80.0,3.230938196182251,0.8198409870266914,0.34675881266593933,0.598495348277105,-0.0042478153704723805,0.5899852814339102,80.0,21.524196478493508,43.06868837078289,464,0.208953857421875,6.469204902648926,1.6519523598253727,0.7078602313995361,1.1960342317214647
0.02611042931675911,-0.00264088514377363,-0.01604728028178215,0.008003138479251198,0.6264009475708008,0.5839825376868248,0.5386295318603516,0.01703590993384587,80.0,0.679205060005188,0.3281930608674884,0.18955020606517792,0.09815604685452124,-0.004247662941430463,0.589895155686885,80.0,21.521889746408906,43.0640727991946,465,0.21243977546691895,1.370356798171997,0.6733475431799889,0.3911314010620117,0.19474372969302017
0.016362063586711884,-0.004769504751311615,-0.021386895328760147,0.007847835835502845,0.6361068487167358,0.5887700118124485,0.5447754263877869,0.019589195047742893,80.0,0.36738649010658264,0.22972286865115166,0.15020865201950073,0.04865177433484939,-0.0043401352509681605,0.589441926266998,80.0,20.41985766777769,40.86018451310322,466,0.2064352035522461,0.7472431659698486,0.48076014742255213,0.3281605839729309,0.08966310533239938
0.017179550603032112,-0.004126592329703272,-0.024324864149093628,0.007907646695758724,0.5932971239089966,0.5549385994672775,0.5217801332473755,0.013322664087250346,80.0,1.6714855432510376,0.6103869665414094,0.3481857180595398,0.23337022467440693,-0.004372306806180859,0.589247676026076,80.0,12.181037682615221,24.3826050057672,467,0.20539164543151855,3.353243112564087,1.2401258960366248,0.7089838981628418,0.4621553077407401
0.008579107001423836,-0.0026989554578904064,-0.019310597330331802,0.005259150625131022,0.5899595618247986,0.5579957336187362,0.5319498181343079,0.011671221759091691,80.0,35.09867477416992,18.046440729498862,3.305189847946167,7.0483748706797575,-0.0043551372837100635,0.5897845536619425,80.0,8.3226721643731,16.665850332882258,468,0.20836853981018066,70.19491577148438,36.10943909883499,6.619419097900391,14.09952131925147
0.005880249664187431,-0.0019023879460291937,-0.014062110334634781,0.003517650917255238,0.5951004028320312,0.5509213417768478,0.5134027004241943,0.015311700314877772,80.0,209.0523223876953,91.19156346321105,29.3028564453125,35.22346065070855,-0.004326285470451693,0.5898862954750658,80.0,7.6622017745301125,15.344853855278345,469,0.1913449764251709,418.11505126953125,182.39794926643373,58.625335693359375,70.44685422012732
0.007066527381539345,-0.0044811134343035516,-0.016120240092277527,0.005753461861854915,0.6376982927322388,0.6065592512488365,0.5696262121200562,0.014541423007703887,80.0,25.91783332824707,5.8129529565572735,1.796859860420227,4.2728878938911885,-0.004331223376619164,0.5910470678508282,80.0,7.666037480466068,15.352558358009908,470,0.17549800872802734,51.847652435302734,11.646999302506448,3.594494104385376,8.543130534152468
0.014047428965568542,-0.0036619589023757725,-0.017560280859470367,0.005832840890693424,0.5893096923828125,0.5548910699784756,0.52324378490448,0.014621696625439815,80.0,51.19664001464844,15.278852117061614,3.525717258453369,12.534336345526262,-0.0043386936587048695,0.5916192080751063,80.0,7.555802055142821,15.132113893505187,471,0.17153191566467285,102.40398406982422,30.576126158237457,7.077849388122559,25.064934828448642
0.011626645922660828,-0.0017383569502271712,-0.014460474252700806,0.004256928568835192,0.6153726577758789,0.5811630204319954,0.5491030216217041,0.013631250578873771,80.0,37.970611572265625,10.942022731155157,0.47841542959213257,8.7258638677493,-0.004321057714289055,0.5925016532018781,80.0,7.6543067914247525,15.32910574114695,472,0.1755664348602295,75.95269012451172,21.89914524406195,0.9559469223022461,17.451970637515252
0.0037642698734998703,-0.0024241447157692165,-0.012557301670312881,0.0034742810432936842,0.6276232004165649,0.5855741679668427,0.5532875657081604,0.014739141723816235,80.0,23.751405715942383,3.8736631318926813,0.6997377276420593,3.7579063633162026,-0.004296952588600107,0.5925841889083385,80.0,7.685406501766295,15.391258602436631,473,0.17857575416564941,47.51410675048828,7.763886055350303,1.413393497467041,7.513620829373801
0.02160760760307312,-0.0030699447903316467,-0.021687261760234833,0.006371514921035192,0.620398759841919,0.5815127477049827,0.5538245439529419,0.014235408517036028,80.0,37.042049407958984,9.596715849637985,0.664280354976654,8.163005743756212,-0.004285261886310763,0.5929410775676369,80.0,7.776772188292817,15.573973732266575,474,0.1796419620513916,74.1129150390625,19.211201879382134,1.3423779010772705,16.32823986298318
0.007445219904184341,-0.004754317953484133,-0.018201466649770737,0.005525422817640208,0.6503129005432129,0.6202938191592693,0.5877056121826172,0.013210181509812638,80.0,1.1424219608306885,0.6166792456060648,0.3404349386692047,0.1944374846495026,-0.004271630312898195,0.593083159737289,80.0,7.7772188329901555,15.574842600200325,475,0.17990636825561523,2.2968525886535645,1.2552730105817318,0.6965738534927368,0.38632434443772184
0.016131144016981125,-0.013040142634417861,-0.03486575186252594,0.01055797362719031,0.631843090057373,0.5892470993101597,0.5576512813568115,0.015748345802012134,80.0,1.0274157524108887,0.4727203708142042,0.3067428469657898,0.1249749036073923,-0.004369322457991074,0.5931604008525609,80.0,7.773773733383045,15.568149330127985,476,0.17696166038513184,2.065361499786377,0.9833059728145599,0.6741441488265991,0.24044678016253257
0.012211408466100693,-0.005158518784446642,-0.024860404431819916,0.006947338108195423,0.6133973598480225,0.5597670242190361,0.5260142087936401,0.01701871552954811,80.0,1.404934287071228,0.43695144038647415,0.19193555414676666,0.2277435596270313,-0.004353017022891436,0.5928224210217595,80.0,7.77342397253774,15.567410438012333,477,0.17429304122924805,2.8213093280792236,0.8954152625054121,0.4376521110534668,0.4501325626753288
0.0065385326743125916,-0.004945792979560793,-0.019541282206773758,0.005377227725044144,0.5652951002120972,0.5301957320421934,0.4956306219100952,0.016620279198109496,80.0,1.319091796875,0.32454118635505436,0.14263856410980225,0.22806118488232238,-0.004353617620829027,0.5921517146788537,80.0,7.773460653161631,15.567471586398781,478,0.17636609077453613,2.648406982421875,0.6695778783410787,0.3280653953552246,0.4515191805410491
0.024814419448375702,0.0006498358095996081,-0.01763257384300232,0.009480722386275328,0.642887532711029,0.5929163217544555,0.5522561073303223,0.017479275039968448,80.0,2.229851484298706,0.7570847794413567,0.3438889682292938,0.3341642662231248,-0.004299213020538446,0.592861917193979,80.0,7.775371215956286,15.571198106762022,479,0.1751384735107422,4.470828533172607,1.5247282087802887,0.6723766326904297,0.6662715593538057
0.008047506213188171,-0.00922828756738454,-0.029854312539100647,0.006873139274645203,0.6182891726493835,0.5793935783207417,0.5454962253570557,0.014219778859166993,80.0,2.698451280593872,0.9271726064383984,0.42217257618904114,0.44213923810646083,-0.004347513724176678,0.592636484015733,80.0,7.7782163236383335,15.57698041491583,480,0.180572509765625,5.4078264236450195,1.8843896612524986,0.86536705493927,0.8788604704721997
0.008092045783996582,-0.005232925619930029,-0.022259507328271866,0.005601388046691613,0.6495295763015747,0.6163292281329632,0.5859125256538391,0.013382074248709007,80.0,1.2152714729309082,0.4056969866156578,0.2168351262807846,0.18701847935545357,-0.004297027654072735,0.592498886372894,80.0,7.77883561109379,15.578115265727043,481,0.16671085357666016,2.442455291748047,0.8341864060610533,0.44742631912231445,0.36974758561473287
0.015225976705551147,-0.0071703815250657495,-0.029217438772320747,0.009089461593999551,0.6733691692352295,0.6470301412045956,0.6127976179122925,0.012426573993142847,80.0,2.5140318870544434,0.5241713702678681,0.26089033484458923,0.33718389401148413,-0.0042963163977838125,0.593676259469241,80.0,7.77979872999154,15.580063628420234,482,0.16459345817565918,5.040654182434082,1.0756241001188755,0.5600250363349915,0.6681566442041095
0.009461075067520142,-0.006875235727056861,-0.030443567782640457,0.007573962649998439,0.5716427564620972,0.5442870616912842,0.5197755694389343,0.01370925701170394,80.0,1.590664267539978,0.4518259227275848,0.21878467500209808,0.3259628807370489,-0.0043317887852317655,0.5935409303940832,80.0,7.431655311381445,14.883845023158937,483,0.1745624542236328,3.193394660949707,0.9282880563288927,0.479691743850708,0.648096052210239
0.009721871465444565,-0.004923208465334028,-0.03345603123307228,0.0066511494782217255,0.6159321665763855,0.5824098996818066,0.5547363758087158,0.014738127937033657,80.0,14.358159065246582,3.831182172894478,1.674813151359558,2.5447395148710092,-0.004351850891427603,0.593965117815882,80.0,7.307518770223484,14.635620550010353,484,0.3047518730163574,28.73275375366211,7.683859011530876,3.3700599670410156,5.0858610294351365
0.009967848658561707,-0.0019779921625740827,-0.012603435665369034,0.004273226630038187,0.6066665649414062,0.5818210288882255,0.5572832822799683,0.011569714726731578,80.0,32.50339126586914,6.860341981053352,1.786636471748352,6.1909663855950345,-0.004346805358247365,0.5942880423627794,80.0,7.215321207409724,14.451221790853886,485,0.33800172805786133,65.01837921142578,13.736276361346246,3.5766420364379883,12.379829191924289
0.010079359635710716,-0.003939532424556092,-0.021112393587827682,0.006100596166453149,0.6419709920883179,0.6129604637622833,0.580318033695221,0.014315822050109964,80.0,25.123443603515625,4.772468289732933,1.3180500268936157,4.33585112341753,-0.004310093418403994,0.5942196950428189,80.0,7.221396305924282,14.463297196749597,486,0.3428487777709961,50.25993347167969,9.565074837207794,2.643594741821289,8.66890089482628
0.014876142144203186,-0.004629427415784449,-0.0219793189316988,0.008045965971519653,0.5638262033462524,0.5337403178215027,0.5024130344390869,0.014460824887697038,80.0,17.82033920288086,4.405336672067643,1.1018112897872925,3.8507523897819307,-0.004317185657506342,0.5945911809578539,80.0,7.239996097734198,14.50051839420572,487,0.34206438064575195,35.64531707763672,8.830606994032859,2.2155539989471436,7.696814616498716
0.008273182436823845,-0.004556384857278317,-0.021646982058882713,0.005119929847895274,0.5506158471107483,0.5205712668597698,0.48285356163978577,0.014118436509569876,80.0,9.385342597961426,3.293330784142017,1.1220626831054688,1.9961722314404302,-0.004308676646614913,0.5948220859840513,80.0,7.261048843367025,14.542611485902219,488,0.33603477478027344,18.784626007080078,6.60618579685688,2.2608399391174316,3.9879809519939213
0.018599476665258408,-0.004567105672322214,-0.02177555486559868,0.008248161421437084,0.6300538182258606,0.5958769716322422,0.5639033317565918,0.014461749559700605,80.0,2.5252485275268555,0.7677091207355261,0.33120986819267273,0.3324659810953167,-0.004269978238793556,0.5952848788313568,80.0,7.264013217067345,14.548472092378884,489,0.33755922317504883,5.0620317459106445,1.5564699955284595,0.6980382800102234,0.6611326745395738
0.008769147098064423,-0.013708693254739047,-0.037653639912605286,0.009661155135435624,0.622838020324707,0.5825227931141853,0.54714035987854,0.014153608039624168,80.0,5.067527770996094,1.2622657343745232,0.5078258514404297,0.7843109014780004,-0.004377107850392348,0.5953801970593632,80.0,7.268364418739452,14.55739066139236,490,0.3335990905761719,10.147310256958008,2.5635993093252183,1.0705770254135132,1.5610678654414694
0.009332504123449326,-0.008771507011260837,-0.02965417690575123,0.0077429239161659145,0.6247017979621887,0.5752354986965657,0.5262173414230347,0.02002735215152031,80.0,0.579175591468811,0.27439871300011875,0.19573286175727844,0.07392196828742756,-0.004384328675980214,0.5952445871196688,80.0,7.267395581653341,14.555464716657996,491,0.3388082981109619,1.1702274084091187,0.5778451457619667,0.4188724756240845,0.1405114270608536
0.015243389643728733,-0.004315739666344598,-0.020216122269630432,0.006914777445077051,0.614258348941803,0.5808462724089622,0.5349674224853516,0.01442695900236152,80.0,1.8382214307785034,0.7806320779025555,0.42501434683799744,0.29481479504618446,-0.004401436347339768,0.5949257783703507,80.0,7.270253624429924,14.561208641503006,492,0.33663129806518555,3.6895742416381836,1.5815125681459903,0.8882372379302979,0.5864296327429603
0.00896991416811943,-0.0050037825538311155,-0.018848009407520294,0.006238002016589285,0.6249968409538269,0.5827484734356403,0.5453429818153381,0.017335122758674198,80.0,1.1993956565856934,0.5096113273873926,0.232510045170784,0.17074261034487084,-0.0044187562981387605,0.5952260953821242,80.0,7.270405041985213,14.56155212293193,493,0.343092679977417,2.405616283416748,1.040885192900896,0.49868243932724,0.3373211945704994
0.018989671021699905,-0.004349582153372467,-0.020118657499551773,0.007100318238795001,0.5972211956977844,0.5646970711648465,0.5329142808914185,0.014520720997537656,80.0,1.291594386100769,0.5053532522171735,0.2542980909347534,0.22877438555613783,-0.004365879096149001,0.5953395360484719,80.0,7.27013584152609,14.560910236563537,494,0.3353595733642578,2.594233512878418,1.0306996136903763,0.5212663412094116,0.4533706607652131
0.013089139014482498,-0.00482450055424124,-0.023472832515835762,0.007301646003084227,0.5512812733650208,0.4983655482530594,0.44487932324409485,0.017500186592936937,80.0,0.7778561115264893,0.28156847283244135,0.16298212110996246,0.13027627510828543,-0.004366590565536171,0.5947512842491269,80.0,7.269778034435584,14.560184280332178,495,0.3386876583099365,1.5656473636627197,0.5827532581984997,0.3785620927810669,0.2552900227077523
0.0158644188195467,-0.003408832405693829,-0.019870005548000336,0.007208600161976885,0.616090714931488,0.5676895491778851,0.5135157108306885,0.019011088631643327,80.0,2.016777515411377,0.44739865232259035,0.16939190030097961,0.3632917822421461,-0.004353714680066332,0.5948812690749764,80.0,7.268233014754951,14.557071088653059,496,0.3320491313934326,4.044874668121338,0.9129687532782554,0.3803073763847351,0.7226012912551784
0.006759475916624069,-0.002645705605391413,-0.01661744713783264,0.0039876636396954405,0.5887831449508667,0.5567400179803371,0.521173357963562,0.015478525467633295,80.0,4.219262599945068,1.0232736218720675,0.37223201990127563,0.7503149986696245,-0.004337271490774583,0.5940211238488555,80.0,7.274809389509261,14.570173748869447,497,0.3784666061401367,8.449174880981445,2.062973456084728,0.7627536058425903,1.4984617647589424
0.010456390678882599,-0.0051741449511609975,-0.022661009803414345,0.005909295196029303,0.5787801146507263,0.5325357601046562,0.4971074163913727,0.0167712257357789,80.0,0.9791120290756226,0.3050738448277116,0.189191073179245,0.15597928169893238,-0.00440237182576675,0.5931216508150101,80.0,7.2748285574615,14.570324295960368,498,0.3036463260650635,1.9689443111419678,0.6311466954648495,0.3938121199607849,0.30809282726217396
0.07179172337055206,0.0060766500420868395,-0.021696951240301132,0.01655016036559058,0.6545424461364746,0.584264586865902,0.5147692561149597,0.033690140218583915,80.0,0.7798680067062378,0.2772546412423253,0.14451025426387787,0.1187119541351694,-0.0043271505402517505,0.5936221849434077,80.0,7.2746655121967185,14.569857773523777,499,0.29970502853393555,1.5715563297271729,0.5540412724018097,0.33615827560424805,0.22743223214758307
0.007505353540182114,-0.005537577072391287,-0.018985658884048462,0.005859851932612666,0.6049619317054749,0.5637899748980999,0.5200755596160889,0.017474528247494413,80.0,1.0363211631774902,0.32852769512683155,0.16268907487392426,0.15994745967884771,-0.004359957778942771,0.5940481146536767,80.0,6.891247023398056,13.80309492691234,500,0.30354905128479004,2.0833659172058105,0.6794063426554203,0.36262422800064087,0.3153325201127796
0.009051134809851646,-0.001103703968692571,-0.013641232624650002,0.004721425175051352,0.6236284971237183,0.5872904792428016,0.5544381737709045,0.015494102477807354,80.0,6.909076690673828,2.06208446547389,0.795460045337677,1.0920333400321234,-0.004334092966513708,0.5943913245908916,80.0,6.472791342126204,12.96613869862631,501,0.3033485412597656,13.828173637390137,4.138122126460075,1.6299242973327637,2.183463253710154
0.008094938471913338,-0.001409592421259731,-0.018385957926511765,0.005145660454005384,0.6265122890472412,0.5905074246227742,0.5650237798690796,0.01239112029678714,80.0,103.4234848022461,39.915522801876065,8.220787048339844,19.231586567149876,-0.004329394314729142,0.5944899067543447,80.0,6.663523632990195,13.347595858503132,502,0.30178284645080566,206.85691833496094,79.84567508697509,16.45391082763672,38.46236672798337
0.006513357162475586,-0.003980708890594542,-0.02055429480969906,0.0054632979861765725,0.5782071948051453,0.5413913331925869,0.5112264156341553,0.01278194547317777,80.0,176.17562866210938,71.6462013244629,25.23042869567871,27.209420835872713,-0.004334084432281088,0.593298176255077,80.0,7.05415618477948,14.128846516299994,503,0.30654096603393555,352.3641357421875,143.31119265556336,50.46902847290039,54.417229637211534
0.004928030073642731,-0.0055703045218251646,-0.020767079666256905,0.00556329696294181,0.5064624547958374,0.46189218275249005,0.42237287759780884,0.016161217091490605,80.0,31.71902084350586,10.331691174209118,1.1521605253219604,7.43462545323855,-0.004263200142828282,0.5925957105867564,80.0,7.142009830566123,14.304397990662602,504,0.3288443088531494,63.46213150024414,20.683760869503022,2.322767734527588,14.874421070541281
0.004477940499782562,-0.0048978429607814174,-0.019076481461524963,0.0054009350678877735,0.4923456907272339,0.4512119717895985,0.4106670022010803,0.01720769828499268,80.0,28.073089599609375,7.4136734247207645,2.0859487056732178,5.537422569710545,-0.004286107167048613,0.5912360688187182,80.0,7.198632130270824,14.41766121168807,505,0.3298344612121582,56.15577697753906,14.846166783571244,4.205659866333008,11.069727300199325
0.008726170286536217,-0.0020588911953382193,-0.015562541782855988,0.004487248605659994,0.6128983497619629,0.57917440533638,0.5517511963844299,0.011158743393983596,80.0,31.531360626220703,8.953210352361202,0.5426854491233826,8.247704024311076,-0.004143242667749291,0.5911735018081963,80.0,7.281076073130595,14.582262114781889,506,0.342724084854126,63.105411529541016,17.922121764719485,1.1009223461151123,16.49690766253065
0.0022021932527422905,-0.0043942835123743865,-0.018849067389965057,0.005243076601971674,0.5787613391876221,0.5537303738296032,0.5270662307739258,0.011311396648040888,80.0,8.266622543334961,2.4294693037867545,0.7481887936592102,1.6218992078635075,-0.004163833976228488,0.591226035296917,80.0,7.300996632786468,14.622145467463884,507,0.32579898834228516,16.54278564453125,4.878801794350148,1.52469801902771,3.238638619053437
0.04584208130836487,-0.001190415653400123,-0.016642799600958824,0.009447474893411861,0.5644423961639404,0.5316209491342306,0.49206387996673584,0.013789259647447405,80.0,31.16056251525879,8.46691812761128,0.4625644087791443,7.774906780035048,-0.004028392701671692,0.5901047683544456,80.0,7.37616727337055,14.772193439785394,508,0.3425407409667969,62.331520080566406,16.94684940651059,0.9393524527549744,15.547426677182631
0.002647366374731064,-0.00732430683565326,-0.026163965463638306,0.006371302451095807,0.6366368532180786,0.5955545239150524,0.5605510473251343,0.016943285092849706,80.0,1.4618626832962036,0.7404262643307448,0.3995433747768402,0.22603636954431958,-0.004001328877260676,0.589333429288119,80.0,7.37480830067955,14.769405939731747,509,0.30980849266052246,2.935493230819702,1.5074122160673142,0.8352541327476501,0.44624068972836217
0.01021621935069561,-0.004958078818162903,-0.02445710264146328,0.006807520576885258,0.6587581634521484,0.630341436713934,0.5882699489593506,0.013740690756157605,80.0,1.3449453115463257,0.4687399173155427,0.21056696772575378,0.22330459524006463,-0.004008174476708518,0.5894130736775697,80.0,7.373554009001703,14.766912640489638,510,0.3096733093261719,2.7017300128936768,0.9600028209388256,0.44878697395324707,0.44191298038707527
0.03119262494146824,-0.0024606299120932817,-0.024245712906122208,0.009459403694270571,0.635048508644104,0.6029354229569435,0.5725705623626709,0.014523483683449039,80.0,3.012195348739624,0.6332529943436385,0.20690995454788208,0.4752851128045306,-0.003975424219825072,0.589893699478358,80.0,7.37589109237306,14.771530919276177,511,0.30268073081970215,6.030186653137207,1.2834859620779753,0.4517422616481781,0.947344689475499
0.022788405418395996,-0.01625302103930153,-0.03803160786628723,0.01238347850396633,0.6271641254425049,0.5839637309312821,0.5428125858306885,0.019211790540599162,80.0,2.5409343242645264,0.8706142611801624,0.4897404909133911,0.35893888942808333,-0.0040902965974237305,0.5899824108369649,80.0,7.380190871939063,14.780361997317522,512,0.30855321884155273,5.093358039855957,1.7854138314723969,1.0674715042114258,0.7025042951165585
0.004364157095551491,-0.009323582448996604,-0.026299558579921722,0.006604938527181308,0.5897986888885498,0.561505451798439,0.5298861265182495,0.014279896684195133,80.0,3.376175880432129,0.7572942014783621,0.2862662374973297,0.5863096305093424,-0.004151150845136726,0.5895097141750157,80.0,7.372527604047209,14.7651477159746,513,0.3091304302215576,6.762928009033203,1.5444656752049923,0.5992394685745239,1.1665347206673775
0.006345648318529129,-0.005023296631406993,-0.01857190579175949,0.005250291388708254,0.5871618986129761,0.5508379630744458,0.5128455758094788,0.014826263266924107,80.0,5.02448844909668,0.9978652376681566,0.34574246406555176,0.9293627070379539,-0.004093218080146471,0.5882049761079251,80.0,7.375453789237887,14.770858126301318,514,0.3101825714111328,10.058900833129883,2.016793846338987,0.7116365432739258,1.8547443332394726
0.013548579066991806,-0.010022173571633175,-0.03024989180266857,0.009964757573535783,0.5455611348152161,0.5022082041949034,0.44635438919067383,0.021588193260354504,80.0,1.6321806907653809,0.4798282664269209,0.2612643837928772,0.19117919393228722,-0.004163668425899231,0.5859697880968451,80.0,7.378014743594452,14.776076231960207,515,0.31759119033813477,3.2734885215759277,0.989745044708252,0.5660349130630493,0.37432343063108175
0.03891519457101822,0.000135585613315925,-0.027438178658485413,0.010788498038631399,0.5873678922653198,0.5353194031864404,0.48177796602249146,0.022987147335956817,80.0,0.7375660538673401,0.30745009128004314,0.20455096662044525,0.09779745962044857,-0.004302327082346891,0.5853913688547909,80.0,7.334106427915396,14.688525349926204,516,0.3216686248779297,1.4862089157104492,0.6253353990614414,0.42374441027641296,0.19529881372815286
0.05600946396589279,0.008311412518378348,-0.01100924238562584,0.011910115018436243,0.5874397158622742,0.5162910658866167,0.45938464999198914,0.0362946455864805,80.0,6.110098361968994,1.3737844601273537,0.37869343161582947,0.8244917060754706,-0.004194166083732852,0.5844362197890878,80.0,7.255345084123315,14.530767236847431,517,0.3273887634277344,12.218679428100586,2.7412719137966635,0.7771964073181152,1.6477594968480946
0.008525602519512177,-0.0007275604933965951,-0.006364571861922741,0.00280950462832404,0.532302975654602,0.49757625684142115,0.4600658714771271,0.01685009822542335,80.0,4.447238922119141,2.392412243783474,0.8210779428482056,0.7694739740916581,-0.004143019632698269,0.5830520344153046,80.0,7.205790253944696,14.43152759907022,518,0.3277394771575928,8.901995658874512,4.796231134235859,1.6508007049560547,1.5389915007410155
0.005382392555475235,-0.0027758454903960227,-0.010890638455748558,0.003392928244076398,0.577222466468811,0.5451452381908893,0.5049116015434265,0.015369027341591483,80.0,15.46585750579834,7.163211527466774,2.4245972633361816,2.92700527366618,-0.004113858098338824,0.582473698079586,80.0,7.225427855022252,14.470732911203058,519,0.44948816299438477,30.94268798828125,14.342877608537673,4.863391876220703,5.8536251321059805
0.008918579667806625,-0.003973682504147291,-0.019545655697584152,0.005399964878899105,0.5445724129676819,0.49433074705302715,0.45067834854125977,0.016811811728510886,80.0,52.576881408691406,19.718154180049897,4.252614498138428,9.725946303085239,-0.004090411524870432,0.5816375409997999,80.0,7.404805367544293,14.829424319598822,520,0.356351375579834,105.18168640136719,39.454142320156095,8.5325288772583,19.45112329972346
0.06409622728824615,-0.000652081030420959,-0.018601419404149055,0.011144145651685958,0.44832712411880493,0.4072453361004591,0.3758782148361206,0.01673387946619805,80.0,43.4766845703125,18.717374691367148,3.163256883621216,10.69596642158708,-0.004066688338934909,0.580147615224123,80.0,7.5467331271171565,15.113202593762429,521,0.22573590278625488,86.96376037597656,37.444198393821715,6.336492538452148,21.39220750342587
0.004886023700237274,-0.0071690964046865705,-0.019446013495326042,0.005908249473062313,0.5139642357826233,0.46664217710494993,0.4137687087059021,0.020145707576474096,80.0,6.16748046875,2.233355735242367,0.5848201513290405,1.0250247771657626,-0.004128702220506967,0.5784158864617348,80.0,7.4586359212473035,14.937097577873617,522,0.31685948371887207,12.343793869018555,4.4903825029730795,1.1933574676513672,2.046529181495807
0.008743524551391602,-0.003254547418328002,-0.018207626417279243,0.005548961770931162,0.5911402106285095,0.5499055415391922,0.516335129737854,0.015520081825806328,80.0,42.860374450683594,10.477138268947602,1.1915737390518188,8.642490851997344,-0.004118036584695801,0.5775956029519438,80.0,7.557420246947556,15.134628491196782,523,0.3334681987762451,85.72624206542969,20.971783632040022,2.4095866680145264,17.283715503491464
0.02111409604549408,-0.004649226670153439,-0.01706010103225708,0.007119129895401651,0.5526140332221985,0.5156486097723245,0.48418664932250977,0.01295852425239322,80.0,4.3261637687683105,1.8011271595954894,0.6504963040351868,0.7966560849864904,-0.00410390121245291,0.5765867789052427,80.0,7.570662522843107,15.161064595919104,524,0.3562033176422119,8.663389205932617,3.6218657568097115,1.3259618282318115,1.5887649951319565
0.014360550791025162,-0.0003606742189731449,-0.010400993749499321,0.0030276568483906976,0.5361044406890869,0.5010904312133789,0.4629560708999634,0.015483673431829083,80.0,28.999330520629883,10.526973635703325,0.8940804600715637,7.479600583449209,-0.004072059897880534,0.5748602409549057,80.0,7.672354112660513,15.364349562544378,525,0.3487815856933594,58.012237548828125,21.06469046473503,1.804042100906372,14.959506867223228
0.02170092985033989,-0.0068097287614364175,-0.02091134339570999,0.007601250490534756,0.579026460647583,0.5418923404067755,0.49422308802604675,0.016969259685700074,80.0,1.238331913948059,0.5051492474973202,0.29661881923675537,0.2249984296269054,-0.004121586325258249,0.5743195665851235,80.0,7.6720763241369285,15.363882224876434,526,0.3526015281677246,2.484515428543091,1.034755802154541,0.619286060333252,0.44416302384371364
0.012116689234972,-0.001989620306994766,-0.012040683999657631,0.005040131062647871,0.5612231492996216,0.5154425263404846,0.46497881412506104,0.017479559501845657,80.0,1.9088213443756104,0.7620447490364313,0.378034383058548,0.3117542318180525,-0.004122190902620787,0.573289692811668,80.0,7.671426620924845,15.362563430253415,527,0.33470869064331055,3.8070623874664307,1.5383775897324086,0.7813271880149841,0.6184425014901129
0.0033227503299713135,-0.014453729102388024,-0.03481462225317955,0.009384391276228093,0.5647948980331421,0.5300005491822958,0.49408891797065735,0.016824106063486045,80.0,0.9650362730026245,0.38017992246896026,0.22948063910007477,0.13676898989971326,-0.004234030714142137,0.5720994130782784,80.0,7.669237527146937,15.358385116707534,528,0.32631802558898926,1.9401754140853882,0.7998673096299171,0.4969676733016968,0.2637888812369791
0.016622096300125122,-0.004229454277083278,-0.017132416367530823,0.005526071898789701,0.5007122159004211,0.4652251288294792,0.42251670360565186,0.015498292771516726,80.0,1.228310227394104,0.5179262530058623,0.23855766654014587,0.2158727833856706,-0.004241973990632687,0.5706252727694809,80.0,7.664593993522227,15.34908445297554,529,0.3252837657928467,2.469958782196045,1.0536159127950668,0.49004560708999634,0.42770992117278694
0.018308060243725777,-0.004645187975256704,-0.018367160111665726,0.0071116102551461455,0.5797724723815918,0.5376419816166162,0.49560293555259705,0.0181592692969665,80.0,1.5687294006347656,0.4066405950114131,0.18646091222763062,0.24303879393820937,-0.004244809921336128,0.569559916779399,80.0,7.66361908984743,15.34711901033297,530,0.3245878219604492,3.153012275695801,0.8333244010806083,0.3926454782485962,0.4824793081000967
0.019931001588702202,-0.0038100759556982666,-0.03308918699622154,0.008337491737520715,0.5345431566238403,0.49597313068807125,0.45235443115234375,0.01674771527169103,80.0,1.7763416767120361,0.5990325462073087,0.27221307158470154,0.26367884793438917,-0.004244813490862725,0.567531944911927,80.0,7.66647140343301,15.352783085215838,531,0.4077942371368408,3.5697672367095947,1.215604705363512,0.5770166516304016,0.5230800945292443
0.01341250166296959,-0.0027118790370877833,-0.021142594516277313,0.007250419784103376,0.5646653175354004,0.5283098611980677,0.48688316345214844,0.015524433708596732,80.0,0.9609330892562866,0.3375678354874253,0.1913227140903473,0.16026124584129064,-0.004199075035547139,0.5658669592067599,80.0,7.664737331969664,15.34919016567245,532,0.33331966400146484,1.9323729276657104,0.6911256287246943,0.39807605743408203,0.3182825384280217
0.006084483116865158,-0.00541473004850559,-0.020401492714881897,0.006879044498846132,0.6160992383956909,0.5721102058887482,0.5124170780181885,0.018817711719478887,80.0,1.3381965160369873,0.3131541958078742,0.14909401535987854,0.20027452142155985,-0.004244466739386553,0.5658572889193892,80.0,6.930717986438424,13.881242059662936,533,0.3316524028778076,2.6856846809387207,0.6485800545662641,0.33463943004608154,0.39546032893250416
0.013101974502205849,-0.006176521937595681,-0.019355811178684235,0.005659187578262483,0.5943013429641724,0.5537379622459412,0.5170271396636963,0.017332154502440893,80.0,1.7513771057128906,0.6221609327942133,0.22204634547233582,0.34213739699923945,-0.0043043807127687616,0.5653638887926936,80.0,6.647942243523897,13.315800531852993,534,0.3265342712402344,3.5160417556762695,1.2677496705204248,0.4611055552959442,0.6808886822458816
0.009484052658081055,-0.0031142928812187163,-0.01145295612514019,0.003715404977640655,0.5686312913894653,0.5317909847944975,0.49566197395324707,0.014589176513594086,80.0,3.8210039138793945,1.7860632609575986,0.3606167733669281,0.6016836900345014,-0.004325578142743324,0.5648178023584187,80.0,6.18262787212804,12.385203260038047,535,0.32992029190063477,7.656184673309326,3.5889909371733664,0.7365901470184326,1.2018302518062123
0.020674433559179306,-0.006333517498569563,-0.024219442158937454,0.009070650334049584,0.5472943186759949,0.5201783899217844,0.49480921030044556,0.013415137410914784,80.0,7.486885070800781,3.316844345629215,1.3483870029449463,1.2594511685618617,-0.0043788828245014885,0.5639006855785846,80.0,5.242949329528958,10.505934433493765,536,0.3936772346496582,14.983724594116211,6.6567593038082125,2.700625419616699,2.516062901891615
0.02556300349533558,-0.0032309653935953973,-0.019854675978422165,0.00697731903077993,0.5600569248199463,0.5293215259909629,0.49335211515426636,0.016714414896446886,80.0,186.01197814941406,39.23953169584274,9.840530395507812,26.993900921820856,-0.004402967830275884,0.562004788480699,80.0,5.37448674807325,10.76901952246204,537,0.3451399803161621,372.03448486328125,78.4961118221283,19.701589584350586,53.98657145307592
0.006493516266345978,-0.0025161249039229007,-0.013442885130643845,0.004400589093522282,0.42541515827178955,0.392736778780818,0.35507023334503174,0.014400601864034406,80.0,72.09628295898438,23.113362711668014,4.429877758026123,12.74527482838639,-0.0043670006468601065,0.5595374508611858,80.0,5.590852620180697,11.201629984606056,538,0.3433518409729004,144.19793701171875,46.23961231708527,8.871200561523438,25.48928245750732
0.007154598832130432,-0.0021499405498616397,-0.01847214810550213,0.004898204309705084,0.45842626690864563,0.41304938718676565,0.3825327754020691,0.016341648680001,80.0,35.594581604003906,10.351821401715279,1.3625725507736206,8.634719856265157,-0.004352720684400992,0.5575859603621065,80.0,5.649434542644769,11.318726240921764,539,0.34412264823913574,71.20067596435547,20.716203767061234,2.7488112449645996,17.268452972605456
0.006817115470767021,-0.006862504579476081,-0.020240750163793564,0.0064819023692477195,0.46005165576934814,0.40925336480140684,0.3734573721885681,0.015314425228406684,80.0,5.201038837432861,2.541822620481253,0.8944913744926453,0.90626445029686,-0.004410153501085005,0.5552192866317928,80.0,5.577633019339293,11.175190727431325,540,0.3617396354675293,10.415634155273438,5.105555304884911,1.809129238128662,1.8135987429589489
0.017243217676877975,-0.0018654027546290309,-0.013404060155153275,0.005039986063764618,0.5207772254943848,0.48665207661688326,0.4518347382545471,0.013914925281616433,80.0,26.658458709716797,8.891908457875251,0.7221952080726624,6.8687307948520075,-0.004381265568721574,0.5535259344354272,80.0,5.657709596231581,11.335252240065486,541,0.26409292221069336,53.33979797363281,17.797280937433243,1.4658691883087158,13.73738621881911
0.00644153356552124,-0.005691118934191763,-0.021198023110628128,0.005414244004856547,0.5189949870109558,0.4734753180295229,0.417754590511322,0.019177063490610165,80.0,3.3265135288238525,1.470431327447295,0.42892202734947205,0.7077915116644854,-0.004363921850454062,0.552009090397507,80.0,5.667744726717473,11.355257476840167,542,0.27605509757995605,6.662607192993164,2.9617144107818603,0.8573421239852905,1.4136066095049522
0.01002131961286068,-0.002513582236133516,-0.01604488305747509,0.003559935891300074,0.5160401463508606,0.48418551571667195,0.45320355892181396,0.015072850131412081,80.0,40.6235237121582,9.605007570236921,0.8467755913734436,7.66842806692291,-0.004329035828995983,0.5506599465310574,80.0,5.7602616938091815,11.540194655999542,543,0.3453366756439209,81.25636291503906,19.22472600489855,1.7092151641845703,15.335360889741823
0.010296549648046494,-0.005203297955449671,-0.02435780130326748,0.006833416396378379,0.5552201271057129,0.5197848230600357,0.4732540249824524,0.01795703450205512,80.0,1.8345965147018433,0.6271470684558154,0.2928435802459717,0.24216437250148523,-0.004358138487616088,0.5503486541137099,80.0,5.758577257424593,11.536877762787045,544,0.3521249294281006,3.679337978363037,1.2750964313745499,0.6013841032981873,0.48079329335755533
0.008574549108743668,-0.004072905366774649,-0.02246275544166565,0.005810886472550113,0.5378687977790833,0.500808996334672,0.45545822381973267,0.015900706490615535,80.0,1.4376875162124634,0.5051602762192487,0.27046748995780945,0.22185851022749775,-0.004353959664294962,0.5499196732006967,80.0,5.759561786472797,11.538829883586613,545,0.3459141254425049,2.882960319519043,1.0284825399518014,0.5565631985664368,0.4393972559132775
0.006133943796157837,-0.006799867062363773,-0.019680460914969444,0.005884820069626798,0.46323251724243164,0.41422947458922865,0.3779219686985016,0.017327268083170647,80.0,1.5937609672546387,0.7519327819347381,0.2405034899711609,0.29777590391221365,-0.0044424128279788415,0.5483814680501817,80.0,5.759293439626694,11.538439331915226,546,0.28360414505004883,3.2126903533935547,1.5257498763501645,0.5197429060935974,0.5919059186709416
0.04311198741197586,-0.007466081803431735,-0.02732071280479431,0.010209835350789558,0.4915737807750702,0.45370292440056803,0.4025787115097046,0.020447641131795032,80.0,1.837040662765503,0.39693754967302086,0.2029884159564972,0.26349821733852774,-0.0044886524769244705,0.5474423699975013,80.0,5.749052158584818,11.518030467130243,547,0.19632959365844727,3.6764605045318604,0.8178813245147467,0.42708921432495117,0.5216619440529391
0.006932626478374004,-0.004251357397879474,-0.016861442476511,0.005724732550973403,0.490632027387619,0.4574758388102055,0.4206310510635376,0.014658458773334321,80.0,1.0900033712387085,0.30158542599529026,0.1478176862001419,0.18646594974739278,-0.004492454604565864,0.5456335844770073,80.0,5.74414787723124,11.508193332850931,548,0.27166032791137695,2.188896894454956,0.6208230823278427,0.3182561993598938,0.36839407341532643
0.01263695303350687,-0.00447841506684199,-0.0240979865193367,0.006997794204872854,0.48878204822540283,0.4385887399315834,0.411509245634079,0.015026122146928078,80.0,1.3361437320709229,0.5869070000946521,0.31929752230644226,0.18133070976955118,-0.004461257630988257,0.5435551055073737,80.0,5.747508230205626,11.514810075163838,549,0.27641749382019043,2.681095600128174,1.1915425941348077,0.6759751439094543,0.35764715521045165
0.014416242018342018,-0.006507254124153405,-0.022480091080069542,0.0070402486767826775,0.45429980754852295,0.4181356858462095,0.3806631565093994,0.016308430262689116,80.0,0.8496043682098389,0.37495959289371966,0.21801936626434326,0.11351140091501233,-0.004463927095028339,0.5418900059200823,80.0,5.749078888334334,11.517923428405075,550,0.20002412796020508,1.7100064754486084,0.7712964121252298,0.4564732611179352,0.2238917203444295
0.031217211857438087,-0.003893120208522305,-0.025555279105901718,0.010159082933849305,0.543980598449707,0.4944591924548149,0.4461098611354828,0.020966740875433265,80.0,0.7801985740661621,0.20632178587839006,0.10770400613546371,0.12319605568104937,-0.004478197332908166,0.5409013293646275,80.0,5.726494244310073,11.472762907441703,551,0.3343675136566162,1.5548263788223267,0.4303189940750599,0.26194727420806885,0.23735577533253888
0.0064462702721357346,-0.005249943910166621,-0.01882147789001465,0.005366478459569584,0.46074211597442627,0.415357680618763,0.3829435110092163,0.016119960919907986,80.0,4.169896602630615,1.5805605210363864,0.7855663895606995,0.5387201224698535,-0.004478972904122202,0.5397110056355595,80.0,5.698368486906402,11.416489136975258,552,0.19488954544067383,8.347882270812988,3.179928074777126,1.5879442691802979,1.0772589818195986
0.007787592709064484,-0.004767818015534431,-0.019251571968197823,0.006154455614565399,0.4991573095321655,0.46146861985325816,0.4262745976448059,0.014859768788189558,80.0,10.709671974182129,2.3039845019578933,0.5256540775299072,1.8483767977160392,-0.004473322387872031,0.5384960559606552,80.0,5.542530705566517,11.104777975957841,553,0.187453031539917,21.42897605895996,4.626734054088592,1.095546007156372,3.6930085110286375
0.005142774432897568,-0.00551086709019728,-0.020242661237716675,0.005136714713409233,0.4713382124900818,0.43964415080845354,0.400668203830719,0.015116788234101806,80.0,18.71099281311035,8.904977497458457,2.724961757659912,3.3841146508345856,-0.004506453281064751,0.536447041105479,80.0,5.500728440920821,11.021198726009578,554,0.18434596061706543,37.43320083618164,17.82976947426796,5.463769435882568,6.766443843117254
0.004803523421287537,-0.00305362154613249,-0.01728168874979019,0.004095025645275706,0.42759039998054504,0.39547429569065573,0.35194021463394165,0.015984702511515198,80.0,32.98164367675781,14.339916169643402,3.298630714416504,7.206047388970088,-0.0044302551917207895,0.5342148056998849,80.0,5.6306236190600325,11.28079204192385,555,0.2008669376373291,65.983642578125,28.693849122524263,6.611204147338867,14.412226695190892
0.009788954630494118,-0.0022062036965508013,-0.020539922639727592,0.004652230602686173,0.45940884947776794,0.41533001735806463,0.3824276924133301,0.017309772640312512,80.0,40.21977996826172,16.585578805208208,1.3835690021514893,10.4002847870596,-0.004396414172806544,0.5323154098838568,80.0,5.77859869359713,11.576636521946636,556,0.2007749080657959,80.44404602050781,33.18387674093246,2.7734031677246094,20.7983531535127
0.0069009289145469666,-0.0036602370790205898,-0.019419314339756966,0.005007902125499606,0.456237256526947,0.4207191467285156,0.3780139088630676,0.016365357598643663,80.0,6.964791297912598,1.8787273094058037,0.4912545680999756,1.0579318111418328,-0.004358080335980047,0.5302738826945425,80.0,5.793237562210299,11.605796761061995,557,0.19884443283081055,13.937887191772461,3.7731894865632056,1.0079126358032227,2.1128424676095774
0.01001402735710144,-0.0012895889463834464,-0.021250586956739426,0.005539613317129365,0.4466456174850464,0.41294082514941693,0.3792021870613098,0.01563358332404416,80.0,28.373212814331055,9.756334979087114,0.610576868057251,7.362018040075146,-0.004317600204085464,0.5289085866473616,80.0,5.8812165087582535,11.781646387580782,558,0.19186139106750488,56.754600524902344,19.523507913947107,1.2435551881790161,14.725283514398317
0.007673349231481552,-0.007676087372237817,-0.025484152138233185,0.007569978139666077,0.4557856321334839,0.40601429492235186,0.36600571870803833,0.01616736142093067,80.0,3.4707913398742676,1.34031292386353,0.4207434058189392,0.5994812867970863,-0.004344317342591238,0.5265405036769808,80.0,5.891428105791099,11.802075654331595,559,0.2912557125091553,6.949685096740723,2.7040983155369758,0.8717756271362305,1.1945733170859798
0.01041102409362793,-0.000594527623616159,-0.016070663928985596,0.004841203268217855,0.48596879839897156,0.45261923037469387,0.42234164476394653,0.016113814236031466,80.0,27.27886390686035,9.242172193527221,1.1416329145431519,7.123891972393544,-0.004290935490425908,0.5257660210430622,80.0,5.979274889067747,11.977646967504175,560,0.327847957611084,54.569923400878906,18.494585821032523,2.2954273223876953,14.247921134675074
0.014883827418088913,-0.004538121406221762,-0.028793364763259888,0.007021879317831601,0.46232175827026367,0.41638583727180956,0.3803728222846985,0.019963694181576883,80.0,0.7163127660751343,0.3527280295267701,0.22189530730247498,0.10176238892626954,-0.004306249169661896,0.5248198094516993,80.0,5.97867026670184,11.976449425801635,561,0.34221959114074707,1.440714955329895,0.7228600177913904,0.4691767394542694,0.2014606350001189
0.01766953431069851,-0.010486411501187832,-0.04076788201928139,0.010754671358532782,0.4787001609802246,0.4393013447523117,0.39750033617019653,0.017727023956779744,80.0,1.3289471864700317,0.6147996831685305,0.3118631839752197,0.22488418940812457,-0.004371841356274672,0.5234277434572577,80.0,5.98168118912261,11.982574613705278,562,0.3285229206085205,2.673046112060547,1.259358212351799,0.6662489175796509,0.44225005720889493
0.012939326465129852,-0.009822006896138191,-0.032588742673397064,0.008640329385030553,0.5093509554862976,0.4710299100726843,0.41751593351364136,0.020339246757631668,80.0,0.9294301271438599,0.2799247819930315,0.14903248846530914,0.16569017128754923,-0.004458111090643797,0.5231873503848911,80.0,5.981423184814863,11.982226336687804,563,0.328554630279541,1.8602498769760132,0.5889141771942377,0.3344457745552063,0.32258853929162506
0.01530248112976551,-0.005125809379387647,-0.01906045526266098,0.005675708414195523,0.48054513335227966,0.44066696539521216,0.4016675055027008,0.017873838067330217,80.0,1.2441658973693848,0.4659822262823582,0.19876554608345032,0.2631501914591582,-0.0044978514664981055,0.5226105966530741,80.0,5.977884597207419,11.97521710722521,564,0.32709836959838867,2.5048136711120605,0.9510294135659934,0.42339515686035156,0.5211059725705779
0.008139759302139282,-0.007834221282973886,-0.023982858285307884,0.0065119911371785515,0.4657086730003357,0.4317289300262928,0.39602726697921753,0.014276162135759317,80.0,1.980246663093567,0.43610510379076006,0.18262383341789246,0.29851785829082833,-0.004549784827890108,0.5210880605764687,80.0,5.978963717636653,11.977448764108122,565,0.3179941177368164,3.969418525695801,0.8965132314711809,0.41459059715270996,0.5915849972600692
0.008787708356976509,-0.0044216328882612285,-0.01784580945968628,0.005831380211921548,0.4553230404853821,0.41964191310107707,0.3647765517234802,0.01963993356308008,80.0,1.0845710039138794,0.28515041805803776,0.1612420529127121,0.1601792053945626,-0.004546306109259604,0.519396779589355,80.0,5.979517993130721,11.978516532033682,566,0.3225533962249756,2.179633617401123,0.5875369399785996,0.34803497791290283,0.3162847696709163
0.005386374890804291,-0.007571728277252987,-0.026267729699611664,0.006993831805586497,0.506795346736908,0.4634471170604229,0.4297451674938202,0.014840348612847389,80.0,0.6915062665939331,0.2488228715956211,0.1462547779083252,0.10117360912755297,-0.0045807574687351015,0.5184818647652865,80.0,5.975902352181262,11.97133585452661,567,0.324751615524292,1.3926295042037964,0.5220581453293562,0.32782846689224243,0.19550843374385704
0.008551955223083496,-0.0036975269147660585,-0.014770520851016045,0.006051153702012369,0.4594360291957855,0.42785885706543925,0.39346569776535034,0.01512377682076467,80.0,1.4945100545883179,0.3638993877917528,0.18919996917247772,0.20911761881155555,-0.004590743183303858,0.5171804959997535,80.0,5.799076938764192,11.617678973570467,568,0.3206319808959961,2.99723482131958,0.7437510032206773,0.3998295068740845,0.4152063198727617
0.01741880364716053,-0.00031937955063767733,-0.01822657510638237,0.006893796629536716,0.49888962507247925,0.45890884660184383,0.4218025505542755,0.016982449980530712,80.0,18.326324462890625,8.750906465947628,1.4847248792648315,3.461716215941806,-0.004574913099349942,0.5162603710480034,80.0,4.974670368791559,9.968815780416131,569,0.3310661315917969,36.65060043334961,17.511629951000213,2.969135284423828,6.924424349167737
0.006195586174726486,-0.0033964755886700003,-0.020795229822397232,0.004986410233795788,0.5308287143707275,0.49871873334050176,0.46502214670181274,0.014665820628955856,80.0,36.07167434692383,6.44702422618866,1.3344550132751465,6.857811069428567,-0.004564066720893606,0.5151819658689201,80.0,4.981011081487872,9.981453945919872,570,0.3332245349884033,72.15350341796875,12.910815852880479,2.700578451156616,13.712176925890933
0.008699502795934677,-0.006399591802619398,-0.02687513828277588,0.006361091839939914,0.47474756836891174,0.4436445128172636,0.3999309837818146,0.016989962174744355,80.0,3.3416173458099365,1.2037432581186294,0.5297223925590515,0.5085062255051915,-0.004591443049896043,0.514069500297308,80.0,4.840259992898442,9.699984270378948,571,0.33358049392700195,6.690587043762207,2.42915860414505,1.0930562019348145,1.0122541281929063
0.0038652122020721436,-0.0037831843190360816,-0.015386689454317093,0.004013487074863201,0.5214817523956299,0.4876522373408079,0.43301355838775635,0.014922062662364783,80.0,26.89982032775879,12.878431180119515,3.1636855602264404,4.82271677536862,-0.004611891323584132,0.5131343924663961,80.0,4.859624077388085,9.738734635770323,572,0.34336090087890625,53.82400131225586,25.77418178319931,6.350009918212891,9.644048632548413
0.0046340227127075195,-0.004324521427042783,-0.020616082474589348,0.005162326752532374,0.5499886274337769,0.5107228793203831,0.4703701436519623,0.017162295831871135,80.0,36.951026916503906,9.463660795986652,0.7868770956993103,7.940333987960769,-0.004630895090696867,0.5123858795799315,80.0,4.915524054029024,9.850557624980809,573,0.3413562774658203,73.91190338134766,18.946184976398946,1.6076011657714844,15.877312559931278
0.01645008847117424,-0.003724481811514124,-0.019030658528208733,0.006753262338774806,0.5356968641281128,0.4959987338632345,0.4486457407474518,0.01821675964595667,80.0,25.37481117248535,8.80725109577179,1.1802223920822144,6.631542520221856,-0.004637440460908692,0.5115307394415141,80.0,4.907629406490362,9.834764318540694,574,0.332775354385376,50.768733978271484,17.631871235370635,2.380471706390381,13.266767781125926
0.009923657402396202,-0.0059259650588501245,-0.02556288056075573,0.008316425266495597,0.5191012620925903,0.47041467763483524,0.439977765083313,0.015978714967914746,80.0,11.37913990020752,3.4229735866189004,1.0978294610977173,1.8797516637326186,-0.004649156931962352,0.5100319480262696,80.0,4.935692349900491,9.890883662275971,575,0.33594512939453125,22.76752471923828,6.867207384109497,2.1907358169555664,3.7526854883110023
0.013873998075723648,-0.005845814693020657,-0.024558329954743385,0.006759922144909193,0.5778613686561584,0.5362482197582722,0.4974597096443176,0.017310134723932287,80.0,27.3319149017334,7.153308799117804,0.2802164852619171,7.006877970251816,-0.00457721365254838,0.5095019592307508,80.0,5.002498234183527,10.024340946018697,576,0.3089580535888672,54.6746826171875,14.329034347087145,0.5775120854377747,14.01654287571469
0.006280360743403435,-0.003564875858137384,-0.013914545997977257,0.004760372693849256,0.5460276007652283,0.5053609903901816,0.4579024910926819,0.017662575041803984,80.0,5.286330699920654,2.0244418784976004,0.702266275882721,0.9289453807087314,-0.004561277223285287,0.5089578988924622,80.0,5.018373138564638,10.056048000771554,577,0.23145508766174316,10.581274032592773,4.066120737791062,1.421595573425293,1.8542198171666733
0.04478929936885834,-0.0026128608384169637,-0.0191713348031044,0.011664034310215251,0.4969170093536377,0.4706974972039461,0.4335593581199646,0.01348581164256655,80.0,33.95426559448242,7.3800868690013885,0.6036826968193054,7.421257762312189,-0.004537947901873849,0.5083629165440797,80.0,5.088928595391102,10.197100356243551,578,0.20475459098815918,67.89089965820312,14.774813425540923,1.2247951030731201,14.837861086211962
0.008710892871022224,-0.005653273587813601,-0.02007470466196537,0.005470222773250365,0.4752177298069,0.4328272007405758,0.3907092809677124,0.017632959900481894,80.0,1.5061542987823486,0.6624068718403577,0.38917970657348633,0.22156121711164353,-0.004600978995847981,0.506762025333941,80.0,5.087981816315092,10.195300842553378,579,0.1749715805053711,3.0251283645629883,1.344776839762926,0.7872597575187683,0.4387781499510194
0.04395211860537529,-0.000835889158770442,-0.022282419726252556,0.014258309218349809,0.5101031064987183,0.4724433906376362,0.4168533384799957,0.019424080187868897,80.0,6.771799564361572,0.7759237080812454,0.2550971508026123,0.8950769825526502,-0.00451705501176184,0.5056925234571099,80.0,5.086469327331519,10.192086626648903,580,0.31357455253601074,13.551275253295898,1.5629680708050728,0.5371366143226624,1.788619010161231
0.009686579927802086,-0.007843336410587654,-0.02211766131222248,0.008122794926334082,0.4874246120452881,0.4344180230051279,0.37859028577804565,0.018146014557944953,80.0,2.237546443939209,0.4873841512948275,0.18255634605884552,0.4592397174342441,-0.004543159119668416,0.5038734114058316,80.0,5.087286198978311,10.193736196000131,581,0.31812095642089844,4.4825639724731445,0.9991433411836624,0.4024958610534668,0.9112854420993528
0.22743412852287292,0.0027997358760330827,-0.017049845308065414,0.02796717013487019,0.5088744163513184,0.47470461390912533,0.4347594082355499,0.016270657886795444,80.0,1.4793437719345093,0.405457834713161,0.20531658828258514,0.207680761305748,-0.004443457945657428,0.502150156132877,80.0,5.086099063622765,10.19112805793062,582,0.26880574226379395,2.9680304527282715,0.8148102931678295,0.44366970658302307,0.4101859556998639
0.012636054307222366,-0.006720280682202429,-0.027746472507715225,0.008496102532225863,0.5042927265167236,0.47088187411427496,0.4336833953857422,0.013622966111944334,80.0,1.5317370891571045,0.33887904509902,0.15558452904224396,0.22673682649169488,-0.004441908395208884,0.5014161042571068,80.0,5.084969594846479,10.188851340219378,583,0.32291674613952637,3.0725293159484863,0.7006162852048874,0.3541308641433716,0.44801374294695995
0.021561428904533386,-0.006077049224404618,-0.025452185422182083,0.009141067100034152,0.6032662987709045,0.548225799947977,0.507141649723053,0.017136568362841807,80.0,1.4317415952682495,0.4450874527916312,0.21966241300106049,0.2697007959006392,-0.00445344680279959,0.5010742632597686,80.0,5.051108647645451,10.121145685311406,584,0.19625043869018555,2.8749027252197266,0.9132935207337141,0.46941718459129333,0.5349695031324146
0.019187502562999725,-0.0028084891266189514,-0.012348484247922897,0.005397075625589522,0.46621495485305786,0.42853209786117075,0.39944756031036377,0.014844841921206112,80.0,2.418951988220215,0.970304486528039,0.2993154525756836,0.5078037173899635,-0.004461751772440039,0.49954137394949805,80.0,4.992208272700198,10.003330887664111,585,0.19557809829711914,4.847477436065674,1.9547965966165066,0.6117822527885437,1.013135601647491
0.011336633935570717,-0.007581514568300918,-0.027167893946170807,0.0067607762935856484,0.5662271976470947,0.538993240147829,0.4927825927734375,0.016248658875713754,80.0,4.332993030548096,1.750064853578806,0.36904996633529663,0.9740090761844931,-0.004498171593877487,0.4988017017133534,80.0,4.9619842383386565,9.942940865185111,586,0.198944091796875,8.680622100830078,3.5260725893080234,0.7787150144577026,1.9446804692001711
0.013831756077706814,-0.00012613789876922966,-0.008031567558646202,0.0036910783948316244,0.5224866271018982,0.4870558924973011,0.4563879072666168,0.014849797839382612,80.0,213.5569305419922,89.37077145576477,35.576995849609375,39.381516027879215,-0.004453138698707335,0.4983348574601114,80.0,5.811638586175628,11.642150157030672,587,0.2366170883178711,427.12432861328125,178.75153617858888,71.17086029052734,78.76162803197977
0.010475657880306244,-0.0013570797105785458,-0.019613422453403473,0.004664982260787096,0.561290442943573,0.5257712677121162,0.4957548975944519,0.014220315231649494,80.0,123.2918701171875,48.17037205696106,9.935179710388184,20.93085226213966,-0.004421145647240337,0.4983868574686349,80.0,6.260408998903818,12.539628035094587,588,0.31389665603637695,246.59423828125,96.35397360324859,19.90606117248535,41.859829182445345
0.0025205276906490326,-0.0015832662698812782,-0.006691351532936096,0.0021053579716938434,0.5092511177062988,0.4741973619908094,0.44041237235069275,0.015903310894539512,80.0,70.07422637939453,36.4234784245491,7.882625579833984,12.172446632763409,-0.004391307253215928,0.4971700613722206,80.0,6.616966691941953,13.25265940769389,589,0.23327398300170898,140.1583251953125,72.85960725545883,15.779374122619629,24.343866902193
0.010071427561342716,-0.0009164967690594494,-0.012195345014333725,0.003183001887453824,0.4676455855369568,0.4365799367427826,0.4010518789291382,0.012983582449101735,80.0,56.45695495605469,20.813241058588027,4.0974602699279785,11.024347588400845,-0.0042633852883591315,0.49571063280850647,80.0,6.812476445184088,13.643393878925588,590,0.1932356357574463,112.92289733886719,41.63704643249512,8.206100463867188,22.04802270957169
0.002041548490524292,-0.0016850276035256684,-0.010358862578868866,0.002607536914806564,0.5301378965377808,0.4976299360394478,0.4609717130661011,0.013926968147149416,80.0,101.7824935913086,34.71513647437096,7.222366809844971,18.874338294557276,-0.00419252049428178,0.49493457718193523,80.0,7.156883822797798,14.33205138847604,591,0.19147467613220215,203.5751953125,69.44359610080718,14.45496940612793,37.74817613376647
0.0038661155849695206,-0.0035828555352054535,-0.020847313106060028,0.003976095058679323,0.4696091115474701,0.4330882091075182,0.3921581506729126,0.01491050940634504,80.0,14.517302513122559,4.1103118397295475,0.9936806559562683,2.8689762780599524,-0.004185191652970388,0.4934569965489208,80.0,7.190180620416068,14.398600774135438,592,0.20517587661743164,29.04404067993164,8.236451134085655,2.006688117980957,5.734948561381311
0.017235994338989258,-0.0014390624884981662,-0.015294679440557957,0.004482886937157703,0.4977174997329712,0.4579576443880796,0.4164498448371887,0.017483144778460503,80.0,26.8642520904541,10.235391320288182,1.5048372745513916,6.43298297813882,-0.004149544452317059,0.4922090882584452,80.0,7.287438420345076,14.593020121145992,593,0.33037590980529785,53.74464416503906,20.482819893956183,3.0195446014404297,12.865975853378515
0.014061473309993744,-0.0004090466187335551,-0.008468469604849815,0.003681569680273697,0.5106667280197144,0.4829375293105841,0.4337294399738312,0.01549498470218167,80.0,97.56475830078125,25.549162171036006,0.5344516634941101,21.543220403171116,-0.00411013909697067,0.4913914928399026,80.0,7.537876509533263,15.093801136914642,594,0.3256795406341553,195.13687133789062,51.1088011905551,1.0834678411483765,43.08542299257374
0.011558757163584232,-0.0026268245303072034,-0.017007362097501755,0.0061319660672264145,0.5444871783256531,0.5085475251078606,0.46610504388809204,0.015236654226766264,80.0,31.56797981262207,10.202753153443336,1.9715919494628906,6.765303624439438,-0.004088162336731329,0.4914933126084506,80.0,7.6370883563393726,15.292182911287997,595,0.32948851585388184,63.14902877807617,20.42093069553375,3.9521994590759277,13.53017027302188
0.012102913111448288,-0.007137050316669047,-0.026749782264232635,0.008084653045456,0.4965801537036896,0.4585157949477434,0.42480185627937317,0.01616346258627014,80.0,1.1062616109848022,0.46955146454274654,0.29601046442985535,0.12908838780929838,-0.0041254445158410815,0.4904015750661492,80.0,7.637309884461574,15.292678697232159,596,0.33838891983032227,2.220628261566162,0.9625473476946353,0.6201121807098389,0.2525715893339668
0.010936710983514786,-0.006982811097986996,-0.021140046417713165,0.007184015999394377,0.47063738107681274,0.4265766706317663,0.38512104749679565,0.016219118420198915,80.0,2.215428113937378,0.7929015129804611,0.32150188088417053,0.33877337603541435,-0.004168815570767038,0.48909994159266346,80.0,7.635006163372659,15.288131964486094,597,0.3323380947113037,4.446416854858398,1.608300181478262,0.6628289222717285,0.6728458653535969
0.00923021137714386,-0.013036423362791538,-0.029943522065877914,0.00945679114564802,0.5884656310081482,0.537839449569583,0.48015058040618896,0.024190511281492875,80.0,0.930939257144928,0.3822293885052204,0.1955905258655548,0.12503523030943023,-0.004247438354883343,0.4891529784873127,80.0,7.635777718809433,15.289833381637932,598,0.3389160633087158,1.8750882148742676,0.8012884106487036,0.4201069474220276,0.24315658119480826
0.012948105111718178,-0.0027275501692201943,-0.02683892846107483,0.007602462634218554,0.4953666031360626,0.4416389919817448,0.3925645649433136,0.018724863681965624,80.0,2.0639495849609375,0.5903386380523443,0.2348603755235672,0.3536338961367536,-0.004335480356996414,0.48772672253847127,80.0,7.638908558777534,15.296242620397358,599,0.33332300186157227,4.135751247406006,1.194965148344636,0.4766037166118622,0.7031980292023241
0.025495875626802444,-0.005965021837619133,-0.024554230272769928,0.009358981374002083,0.5032528638839722,0.4661499042063951,0.42359650135040283,0.01717026227537241,80.0,1.1887049674987793,0.390119063667953,0.19804035127162933,0.2262341019652042,-0.004339754804648692,0.48675032183155414,80.0,7.639524472462945,15.297463468614968,600,0.33239197731018066,2.3892970085144043,0.8014911644160747,0.4319975972175598,0.4476439740588749
0.005946178920567036,-0.008004604844609275,-0.02749565616250038,0.0066544621493562165,0.4863290786743164,0.43728097043931485,0.39650797843933105,0.018477792372889174,80.0,0.7548366189002991,0.2902187196537852,0.1701817661523819,0.12851504244815717,-0.00440876381340786,0.4852502267435193,80.0,7.621805815004745,15.262134170021863,601,0.3319132328033447,1.5235525369644165,0.6051922671496868,0.3719383478164673,0.2508095517487965
0.011781714856624603,-0.004286962642800063,-0.01817340776324272,0.0063381098213579675,0.5323741436004639,0.47401499561965466,0.4398035407066345,0.016321427611457693,80.0,0.8603003621101379,0.2865895001217723,0.12835557758808136,0.1637301431052137,-0.004437537515623262,0.4840853024534882,80.0,7.2255164819872,14.469589751422406,602,0.31055521965026855,1.7302032709121704,0.5912332270294428,0.2892167270183563,0.32330606113552546
0.009853593073785305,-0.004622468602610752,-0.015996351838111877,0.006087370036112981,0.4521857500076294,0.40789286941289904,0.3740917444229126,0.016662920863696196,80.0,23.536531448364258,7.940381430089474,1.5597963333129883,4.299633245009817,-0.004443955112743424,0.4827503178156913,80.0,6.588458283043467,13.195459482610229,603,0.30597400665283203,47.080936431884766,15.898165774345397,3.1178536415100098,8.602587565513995
0.0025196336209774017,-0.0038350793649442492,-0.014797991141676903,0.0037549298087144714,0.5410930514335632,0.5068433932960034,0.45110023021698,0.017223882882505284,80.0,35.81804275512695,9.705225958675147,0.846598207950592,7.269207164777211,-0.004426602861174615,0.48319982992112626,80.0,6.582193630888125,13.182904463350775,604,0.30997300148010254,71.64527893066406,19.42825894355774,1.7082033157348633,14.537202237564022
0.01577123999595642,-0.002478511002846062,-0.016432618722319603,0.005107710981790283,0.5051127076148987,0.4708425454795361,0.42837613821029663,0.016565088765074974,80.0,51.896217346191406,24.81701217889786,10.445801734924316,9.97800762692948,-0.004402409541595261,0.48339613565802564,80.0,6.756227018429896,13.530926774263383,605,0.3088071346282959,103.8012466430664,49.648397874832156,20.90629005432129,19.95228581152777
0.005548408254981041,-0.001773653062991798,-0.015037828125059605,0.0037868397230753125,0.5264955759048462,0.4882918938994408,0.4543749690055847,0.014907630849160722,80.0,39.45038604736328,13.620979824662209,1.5720471143722534,8.086384831475996,-0.004399557160271798,0.48248731054365634,80.0,6.802904713152907,13.62425828446448,606,0.3058328628540039,78.91002655029297,27.25527278482914,3.156751871109009,16.17297103073792
0.006793010979890823,-0.003941173781640828,-0.014249174855649471,0.004699919839597445,0.4944881200790405,0.4563266705721617,0.41008222103118896,0.017233597350685533,80.0,17.061935424804688,6.592913070321083,2.1319572925567627,2.6094075473104827,-0.004395026062964462,0.4815132735110819,80.0,6.8445391508182505,13.707498615324496,607,0.3196532726287842,34.13356018066406,13.20283488035202,4.295742034912109,5.216272381095731
0.004885544069111347,-0.0010996733093634249,-0.009992219507694244,0.003031454579153944,0.4565451741218567,0.4225930631160736,0.3887680768966675,0.01537852061850566,80.0,37.66672897338867,15.925358322262763,2.6234447956085205,8.57419226103333,-0.004394118639524095,0.4804229946509004,80.0,6.919123552764765,13.856643800489605,608,0.3234734535217285,75.36045837402344,31.861367923021316,5.266018867492676,17.148702884397093
0.007378013804554939,-0.0028682272415608166,-0.013258639723062515,0.004159105645048009,0.5658995509147644,0.5343451097607612,0.49798494577407837,0.014133575488108976,80.0,33.179195404052734,7.5048364222049715,0.922229528427124,6.291495870235649,-0.004349557843583171,0.4798109005093575,80.0,6.986767654343509,13.991830639056861,609,0.21094703674316406,66.36864471435547,15.026096072793006,1.8782639503479004,12.581762932662738
0.009113218635320663,-0.0036714686255436392,-0.018133971840143204,0.005394342374327287,0.47116154432296753,0.4440109390765429,0.415690541267395,0.012773706098420079,80.0,4.302914142608643,1.9871527664363384,0.614146888256073,0.845039192852094,-0.004336691741656977,0.47794759553298355,80.0,7.001951782834716,14.02213589769602,610,0.22509431838989258,8.615141868591309,3.9905286848545076,1.256427526473999,1.688050437751712
0.04947390407323837,-0.00043822245206683876,-0.01835675537586212,0.011423776086486124,0.5212591290473938,0.48355402871966363,0.44072866439819336,0.01642871947815817,80.0,26.736074447631836,7.775680217146873,1.1656533479690552,6.695623577882061,-0.004316467667056713,0.4767537815906108,80.0,7.07337605506275,14.164920118469745,611,0.24585676193237305,53.499141693115234,15.561908039450646,2.3367063999176025,13.388862324275113
0.015097115188837051,-0.00919863925082609,-0.032279424369335175,0.009732076281959889,0.5105180144309998,0.4771968677639961,0.4394490718841553,0.014052590810764754,80.0,3.4434690475463867,1.2729431200772523,0.3996301293373108,0.6612881678917023,-0.004245923849171959,0.475686112958938,80.0,7.077399343651718,14.17280425497517,612,0.25801920890808105,6.896356582641602,2.5738274820148943,0.8681203126907349,1.3176548184754442
0.015596403740346432,-0.003678247448988259,-0.02013007178902626,0.0066199063026417555,0.4884735345840454,0.45504664853215215,0.42325860261917114,0.01619202914429154,80.0,22.54804801940918,7.513474075496196,1.068825125694275,6.237910376142309,-0.004189470499171875,0.474621524926275,80.0,7.144961142391896,14.307793655280024,613,0.27942895889282227,45.117347717285156,15.043405705690384,2.1646552085876465,12.474226130111019
0.02404218539595604,-0.004602090298430994,-0.025046832859516144,0.009248896130254213,0.508604884147644,0.46395840495824814,0.4075119197368622,0.01717973289518116,80.0,0.9676183462142944,0.47838800083845856,0.21543638408184052,0.1633976923917773,-0.004185258435842115,0.4737527293451131,80.0,7.1397663700236,14.297378310341387,614,0.26409268379211426,1.9440207481384277,0.9752593524754047,0.45763078331947327,0.3218919601838163
0.011756006628274918,-0.016385372035438196,-0.03671163320541382,0.011920289655528373,0.46915602684020996,0.419382356852293,0.3796270489692688,0.019536866950207045,80.0,1.4245935678482056,0.7244966354221105,0.3937247395515442,0.23543295659680716,-0.004248890420480166,0.472924470871687,80.0,7.142213053713553,14.302382376451046,615,0.29288506507873535,2.85737943649292,1.4901516556739807,0.8539553880691528,0.4571482530796631
0.014427706599235535,-0.0055370000220136715,-0.024895744398236275,0.0067610527448661115,0.509985089302063,0.4627365846186876,0.4307880401611328,0.015599759552147588,80.0,1.3445390462875366,0.3307699101045728,0.1466791182756424,0.2440723045275922,-0.0043056162768334615,0.4721986426860094,80.0,7.142446251901799,14.302947707962247,616,0.2527298927307129,2.7006959915161133,0.6818685501813888,0.3104836940765381,0.483959295953405
0.013698415830731392,-0.0036410076485481114,-0.02512942999601364,0.0078749381315953,0.48883581161499023,0.4418824952095747,0.3931860327720642,0.02117481407317754,80.0,1.9837980270385742,0.5049007130786777,0.24713678658008575,0.3251242948134163,-0.004425140478502727,0.47145455697923905,80.0,7.133757414431312,14.285794199790807,617,0.20873641967773438,3.9756276607513428,1.0259210966527461,0.5208883881568909,0.6457244566355446
0.06751325726509094,-0.0007535475539043546,-0.026715531945228577,0.013471521093883216,0.5093134045600891,0.46093313246965406,0.40898045897483826,0.02015691820123979,80.0,0.5984773635864258,0.2592322301119566,0.1505471169948578,0.0879771327534976,-0.004425400349107804,0.47108812573552133,80.0,7.112425614294596,14.243123790621759,618,0.21306991577148438,1.2065812349319458,0.5291902173310519,0.3472195267677307,0.1703023884067236
0.019240353256464005,-0.0034689678112044932,-0.018363073468208313,0.00687972018731148,0.5843417644500732,0.5354127615690232,0.5049734115600586,0.017626642819355463,80.0,1.1457600593566895,0.2781314555555582,0.15291786193847656,0.18912794285179232,-0.0044323315723158885,0.4709908009693027,80.0,7.043574813575483,14.105434105586262,619,0.20933103561401367,2.3015949726104736,0.573909104987979,0.32870155572891235,0.3737490628873069
0.00972704030573368,-0.005400007020216435,-0.018766622990369797,0.006174830136115405,0.5626386404037476,0.509794470667839,0.46246397495269775,0.019805419626832636,80.0,0.9600973725318909,0.2505888598039746,0.12771159410476685,0.15664491996405416,-0.004446594817476579,0.4711454382054508,80.0,6.848899160373025,13.716114418633284,620,0.20974993705749512,1.9308090209960938,0.5221736248582601,0.2972043752670288,0.30770184512640575
0.006903970614075661,-0.004266125347930938,-0.016748473048210144,0.0055209851924541515,0.5916867852210999,0.543016891926527,0.5025647878646851,0.01735217517104111,80.0,3.4168026447296143,1.5812366157770157,0.5650089383125305,0.597014579132199,-0.004482735260651679,0.4725031537637115,80.0,6.677537779617125,13.373491092868148,621,0.20861196517944336,6.8415350914001465,3.181865817308426,1.16482675075531,1.1920741808621578
0.013586057350039482,-0.001494182547321543,-0.017406241968274117,0.004671649106481537,0.5634223222732544,0.5256356857717037,0.4869179129600525,0.014578325550537124,80.0,2.652833938598633,1.128797585144639,0.3107476830482483,0.5115945200899832,-0.004425986122078029,0.473093088850379,80.0,6.6664921981161465,13.35129823026061,622,0.21445512771606445,5.316763877868652,2.2710962422192096,0.6371909976005554,1.0223224184670898
0.006233241409063339,-0.001556925440672785,-0.009561646729707718,0.0031988733958484487,0.5101098418235779,0.47990755923092365,0.4487866163253784,0.015235105086364475,80.0,40.724815368652344,16.34333771467209,6.4517436027526855,7.66889087644709,-0.004409009902301477,0.47239310902729625,80.0,6.725154192573392,13.468574267297983,623,0.21634125709533691,81.45223236083984,32.69938733577728,12.922697067260742,15.33659990635057
0.004010602831840515,-0.0027739765238948165,-0.01724015176296234,0.004047509739227255,0.4722614884376526,0.4231610335409641,0.38522785902023315,0.01706925913962584,80.0,40.493980407714844,11.855797149986028,0.7062579989433289,8.746411004344855,-0.0043902574008388906,0.4714682332649827,80.0,6.825700892477297,13.669611665591601,624,0.21198391914367676,80.99830627441406,23.72560558617115,1.4554262161254883,17.492174113354654
0.006422832608222961,-0.0019483254116494208,-0.010540509596467018,0.002884824946015017,0.46237713098526,0.4217272147536278,0.3951955735683441,0.016020531033504,80.0,31.521068572998047,10.426556113362313,2.5870461463928223,6.621619635469951,-0.0044061339127656534,0.4706746011003852,80.0,6.824696717253887,13.667619194671515,625,0.21333575248718262,63.050209045410156,20.86544337272644,5.185413360595703,13.242384691791125
0.009971223771572113,-0.0038499806832987815,-0.015915267169475555,0.005038344081443833,0.47104591131210327,0.42633516117930415,0.38868552446365356,0.017958821789687596,80.0,20.43992042541504,7.199081674218178,0.9359654188156128,5.079738768194944,-0.004376536431984277,0.4695190293081105,80.0,6.891636041521095,13.801415535777812,626,0.19332551956176758,40.89092254638672,14.414389912784099,1.8916434049606323,10.15902971320261
0.01707391068339348,-0.000840250015608035,-0.012837190181016922,0.004227072955648023,0.4723339080810547,0.42947144247591496,0.3938695788383484,0.015727238508485973,80.0,29.293344497680664,6.811655929684639,0.8083115816116333,6.0093748395099595,-0.00436504272907041,0.46865931846946474,80.0,6.952132153327577,13.922367576919498,627,0.17067742347717285,58.59361267089844,13.63358170390129,1.6206507682800293,12.019070537415455
0.015636667609214783,-0.008079141442431137,-0.02466972917318344,0.008068721007099435,0.4673961400985718,0.42308140732347965,0.39329952001571655,0.014857294804579441,80.0,6.020656585693359,2.2400337934494017,0.6922145485877991,0.9463799913302698,-0.004301296852470841,0.46759012705087666,80.0,6.970730692037381,13.959415778674188,628,0.17352914810180664,12.050409317016602,4.504687485098839,1.4128568172454834,1.889850207539562
0.12165732681751251,0.008872956805862486,-0.008924650028347969,0.015666427809062647,0.4648403525352478,0.4056648824363947,0.3604659140110016,0.01934762679478599,80.0,23.565542221069336,5.521400476247072,0.40533047914505005,6.154841178246562,-0.004170272741641384,0.4669945245869458,80.0,7.020765434269793,14.059211302280424,629,0.20056819915771484,47.12195587158203,11.033168273419141,0.8077293038368225,12.314919761436183
0.00350310280919075,-0.00792043496039696,-0.026271739974617958,0.006380785376909179,0.4924207329750061,0.45784202478826047,0.42862096428871155,0.01436413190474005,80.0,7.546077728271484,2.5787839397788046,0.8837853670120239,1.3314133843976532,-0.004203025211492786,0.46619652501866227,80.0,7.042486867717468,14.102703714057803,630,0.20559906959533691,15.102494239807129,5.182565578818322,1.8026752471923828,2.659439108523865
0.006993836723268032,-0.0037621373601723464,-0.01926673948764801,0.0042650115636268795,0.456506609916687,0.41368914023041725,0.3802940845489502,0.016261217091573226,80.0,32.125648498535156,6.82065185457468,0.6637201905250549,6.758601382984027,-0.004202545825537527,0.4653736851140857,80.0,7.10470306080114,14.227118685431778,631,0.20733284950256348,64.26094818115234,13.65710184276104,1.3225828409194946,13.515015249448105
0.007890399545431137,-0.00572951024514623,-0.019904766231775284,0.005268283977978993,0.4460931122303009,0.4092476308345795,0.37930619716644287,0.014353387638286886,80.0,1.2446393966674805,0.5804716400802136,0.31263893842697144,0.18768201493074355,-0.004232722137618111,0.46418306281045085,80.0,7.107132098847069,14.232013301696629,632,0.20414161682128906,2.4970145225524902,1.1805872552096843,0.635791003704071,0.37292172098875936
0.006030289456248283,-0.0045248163922224196,-0.022750234231352806,0.005235439417655522,0.5400973558425903,0.4963403459638357,0.45226359367370605,0.017879787907499643,80.0,1.8643430471420288,0.4343553755432367,0.19919222593307495,0.2726923653086822,-0.004223823001055279,0.46342536421120173,80.0,7.1083441106444205,14.234404373075813,633,0.2104496955871582,3.734970808029175,0.8876871924847365,0.4332064986228943,0.5410540040347569
0.012293394654989243,-0.006823900243034586,-0.020211894065141678,0.006735545212009543,0.46918338537216187,0.4249033726751804,0.37704816460609436,0.019836580831866502,80.0,1.2642642259597778,0.4509173270314932,0.22112061083316803,0.20161621119383255,-0.004230296784109668,0.4621370183154941,80.0,7.106631674586794,14.230966681584714,634,0.19888067245483398,2.536256790161133,0.9239805214107036,0.46778470277786255,0.3973075006910559
0.011622034013271332,-0.0061382851272355765,-0.021614648401737213,0.006588581433359901,0.48104846477508545,0.4470050327479839,0.40911296010017395,0.015541076517448878,80.0,0.9495514035224915,0.5176819063723087,0.3284836709499359,0.13564776671581574,-0.004260536706569837,0.4612891587950289,80.0,7.093947861040942,14.205642577007414,635,0.2049262523651123,1.9062379598617554,1.0565804794430733,0.6672224998474121,0.2663892180950517
0.017398497089743614,-0.004330497368937358,-0.02345551736652851,0.007975203256602045,0.4365465044975281,0.3973024845123291,0.3574313223361969,0.019646725326820477,80.0,0.786535382270813,0.3040767129510641,0.16527876257896423,0.13505488445909083,-0.0042405065052735155,0.4600603997409344,80.0,7.063820184714159,14.145322588637468,636,0.2045447826385498,1.5808963775634766,0.6247604668140412,0.385434627532959,0.26485208640305236
0.014234784990549088,-0.0077924505167175084,-0.0258703101426363,0.008788371637015218,0.5084661245346069,0.47398541048169135,0.4324294328689575,0.015442210539268324,80.0,0.9226995706558228,0.35540388952940705,0.18644709885120392,0.155442157659262,-0.004286121356504737,0.45950703858584163,80.0,6.6749789066510266,13.367720194298773,637,0.20004916191101074,1.8525502681732178,0.7358723882585764,0.42354461550712585,0.30076694583888547
0.009144674986600876,-0.008900060667656362,-0.02338908426463604,0.006501118771391647,0.44846248626708984,0.41305533796548843,0.36746639013290405,0.01577041783950061,80.0,1.2131175994873047,0.6141333732753992,0.31873759627342224,0.19624541934940976,-0.004349960714142071,0.4597102241776883,80.0,6.449986613267101,12.917867350872605,638,0.19893550872802734,2.451003074645996,1.2543279744684697,0.665848970413208,0.38803911675379643
0.026709066703915596,-0.003467137346160598,-0.02039269730448723,0.007684005587974788,0.5327595472335815,0.48525894731283187,0.43461859226226807,0.021081580094924838,80.0,2.2575531005859375,0.9236178942024708,0.31653711199760437,0.40221260885862564,-0.004363132682105061,0.460432319778949,80.0,6.355704578191974,12.729344065692276,639,0.20494389533996582,4.532423973083496,1.8638752490282058,0.6502158641815186,0.8020847355865711
0.047319069504737854,0.004719113215105608,-0.012351695448160172,0.009595233329449192,0.47190728783607483,0.42027483880519867,0.3689132332801819,0.023170720304808923,80.0,30.82472038269043,10.639545261859894,2.4949440956115723,6.41961088334239,-0.004247316504159244,0.46054253451898686,80.0,6.436681804605758,12.89106909155473,640,0.19684457778930664,61.65361404418945,21.278057891130448,4.987368106842041,12.841082863669042
0.004169309511780739,-0.0007183681824244559,-0.006663738749921322,0.0016310731001038586,0.45110079646110535,0.4086235694587231,0.3770613670349121,0.016630585546426158,80.0,40.137306213378906,13.063730515539646,1.3770664930343628,8.372843962075592,-0.004235846158437198,0.4597622494474053,80.0,6.478400025182403,12.974466985907407,641,0.1973583698272705,80.28373718261719,26.13707037270069,2.7640130519866943,16.745119368335732
0.007669426500797272,-0.0036928026122041045,-0.01584848016500473,0.0042122332738985515,0.38269704580307007,0.34856388680636885,0.31155046820640564,0.014780937114509852,80.0,4.889702796936035,3.0722450464963913,1.3688974380493164,0.7541469667905493,-0.004215862995217322,0.4585131351351738,80.0,6.494418162372894,13.00643831157312,642,0.21464824676513672,9.791142463684082,6.158846977353096,2.760887622833252,1.5063268065005238
0.01665593683719635,-0.0014945619506761432,-0.00988268293440342,0.004433378465341281,0.40045100450515747,0.3639156371355057,0.31716880202293396,0.014951363251870256,80.0,44.52829360961914,12.4645381629467,2.195054292678833,8.688062669258175,-0.004205672792362748,0.4573104363493621,80.0,6.523013468299992,13.063584490161388,643,0.33213114738464355,89.06194305419922,24.93934386372566,4.412267208099365,17.37529171959075
0.005087126977741718,-0.0038814776111394168,-0.016927214339375496,0.004231929383472095,0.47568953037261963,0.43681344836950303,0.4035048186779022,0.016633109990665917,80.0,29.785987854003906,7.0125528335571286,1.2142640352249146,5.866965668822028,-0.004192454588919645,0.4564807226024569,80.0,6.586867525951006,13.191249574583026,644,0.3319203853607178,59.58744430541992,14.041604873538017,2.449981212615967,11.732505946747878
0.01093965768814087,-0.007521960762096569,-0.02746232971549034,0.008706939751356018,0.43688830733299255,0.4036720283329487,0.3627229332923889,0.016658823616568962,80.0,36.36278533935547,7.300033383071423,1.0061619281768799,6.497500103680387,-0.004226945142872865,0.45550935292243955,80.0,6.654816257019527,13.327196590390058,645,0.33251142501831055,72.73329162597656,14.62318412065506,2.0616073608398438,12.988022535849378
0.014201571233570576,-0.006365551322232932,-0.019661763682961464,0.00726047310067316,0.4894489049911499,0.4495306614786386,0.41109520196914673,0.015724102887980995,80.0,30.25611686706543,7.950758676230907,1.045238971710205,6.430776203691147,-0.004222601985471556,0.4558623647913337,80.0,6.726804515962488,13.471171482387934,646,0.3320937156677246,60.54119110107422,15.923239076137543,2.123479127883911,12.861099362330894
0.047343332320451736,-0.004139173368457705,-0.021881133317947388,0.010093383616343316,0.4729628562927246,0.4425094105303288,0.40330007672309875,0.015544993381658025,80.0,4.694839954376221,1.566486395895481,0.47442105412483215,0.9396349265979723,-0.0041893329011218165,0.4557504296526313,80.0,6.738500004424712,13.494493682265283,647,0.3377220630645752,9.395237922668457,3.150101312249899,0.9816849231719971,1.8732917996758913
0.05266304314136505,0.0014951491088140757,-0.010613339021801949,0.008037389273273094,0.4833758473396301,0.445803027972579,0.4007874131202698,0.01717123529617484,80.0,24.486116409301758,6.598372283577919,0.9937422275543213,5.53452389256579,-0.00413186783605488,0.4556337015442551,80.0,6.801467873000538,13.62031215468049,648,0.33040523529052734,48.96601486206055,13.202670323848725,1.9855451583862305,11.068648871353359
0.060708604753017426,-0.008144593902397902,-0.031142085790634155,0.013577424262049134,0.5064323544502258,0.4632261097431183,0.414459764957428,0.018179245181293012,80.0,0.9353156685829163,0.40832789745181797,0.24831707775592804,0.12939106209508597,-0.004168529624410439,0.45588007524237034,80.0,6.799682081974109,13.616818823814395,649,0.24131488800048828,1.88164484500885,0.8422095075249671,0.5425608158111572,0.24987826442402133
0.000941108912229538,-0.025659942033234982,-0.04697132855653763,0.012810847500473756,0.48774558305740356,0.4336305230855942,0.39011549949645996,0.017629408536486785,80.0,2.28320050239563,0.7698065597563982,0.37638208270072937,0.31236640313224706,-0.004360056503501255,0.4560350236147643,80.0,6.803630551642738,13.62510191586241,650,0.32248377799987793,4.574496269226074,1.5996056169271469,0.8135743737220764,0.6080316096894745
0.02359096147119999,-0.006503019109368324,-0.021929267793893814,0.007807541129061764,0.5174322128295898,0.4755466118454933,0.4329320192337036,0.016883808550172158,80.0,1.4066317081451416,0.47043948490172627,0.21056091785430908,0.2750826854080637,-0.004386155492509715,0.4558458978086711,80.0,6.80627172863297,13.630432685304434,651,0.4031844139099121,2.822892665863037,0.9633959382772446,0.4472231864929199,0.5436463764256896
0.012848207727074623,-0.0022549538291059433,-0.015615053474903107,0.005546160923866645,0.4782417416572571,0.42570130005478857,0.38982847332954407,0.01767784715790824,80.0,2.251892566680908,0.6036271281540394,0.24332746863365173,0.4010436468680942,-0.004356205591699109,0.45594933400303134,80.0,6.796502394704147,13.61083618651703,652,0.3217446804046631,4.511908531188965,1.2202781960368156,0.5008071660995483,0.7999160176204703
0.0171811580657959,-0.009269641700666399,-0.02301567792892456,0.00769793201521118,0.4441870450973511,0.4024962205439806,0.35175642371177673,0.01936703147873294,80.0,0.6087450981140137,0.2863373767584562,0.15329234302043915,0.09169356400044662,-0.004401223828550429,0.4553596100099385,80.0,6.776325923452151,13.570561485596002,653,0.32555079460144043,1.2257643938064575,0.5992639619857073,0.35874950885772705,0.1749071287820893
0.008874434977769852,-0.00625166708487086,-0.031602971255779266,0.007962630310470143,0.5273240208625793,0.4842554096132517,0.43783074617385864,0.016637108094121646,80.0,0.8005845546722412,0.27424503676593304,0.15746347606182098,0.12425073192820194,-0.004408631828497165,0.4558057225979866,80.0,6.690018598845227,13.397970575988293,654,0.32300901412963867,1.6116515398025513,0.5706785134971142,0.3513997793197632,0.24250711074689024
0.020533645525574684,-0.006580101849976927,-0.02733466401696205,0.009486146177315937,0.4712539613246918,0.41281275935471057,0.37598660588264465,0.020080886908588478,80.0,0.8741718530654907,0.25544247701764106,0.12533774971961975,0.13575427062663833,-0.004443896631535608,0.45597910723462703,80.0,6.549173861918969,13.116355098892004,655,0.32845115661621094,1.7613856792449951,0.5323014128953218,0.2946545481681824,0.26433211764712844
0.010557319968938828,-0.0050273781991563736,-0.019410789012908936,0.006006172603178952,0.42921119928359985,0.39568080604076383,0.3554127812385559,0.016937215096454076,80.0,3.4732067584991455,1.4117551483213902,0.5465821623802185,0.573264593306555,-0.0044721083765616645,0.455782615121454,80.0,6.397435625350101,12.81293111811951,656,0.3287653923034668,6.955752372741699,2.8414786636829374,1.1124606132507324,1.1425386986333246
0.005115143954753876,-0.014051153161562979,-0.031152788549661636,0.008280032390381829,0.4736001193523407,0.4324399773031473,0.3951640725135803,0.01713849459084757,80.0,5.040390491485596,2.0467631608247756,0.27947717905044556,1.168505499849798,-0.004576017537387088,0.45589982342720037,80.0,6.399115983864291,12.81650199754164,657,0.3191945552825928,10.105148315429688,4.130277428776026,0.5879333019256592,2.3345067327603006
0.008049175143241882,-0.0020080718968529254,-0.01719757914543152,0.005437867877892153,0.44115912914276123,0.40509500056505204,0.3668978810310364,0.013950662848074377,80.0,33.64653015136719,11.847335880994796,3.0763654708862305,6.03664184310119,-0.004583202366891782,0.4558213651813567,80.0,6.420025992883368,12.858334817986936,658,0.3299274444580078,67.30054473876953,23.70678995847702,6.1539154052734375,12.073892986952185
0.00522850826382637,-0.0015680611366406083,-0.012504113838076591,0.003125366285646597,0.3627493977546692,0.3254888363182545,0.2953421473503113,0.016087494635383275,80.0,39.84196472167969,11.575524757802487,1.2464711666107178,7.907495476475015,-0.0045221221045358105,0.45501611059531577,80.0,6.522378111222757,13.062900790747255,659,0.330533504486084,79.69285583496094,23.160695591568945,2.5117621421813965,15.813877459410223
0.014456617645919323,-0.004762342132744379,-0.03265690058469772,0.00921929603802386,0.41899365186691284,0.38663512505590913,0.33605945110321045,0.017226130038269186,80.0,26.0623722076416,8.266834595799446,2.0380380153656006,6.158333579668971,-0.004563800249627093,0.4543562695421279,80.0,6.51262473524548,13.04346419664845,660,0.32587695121765137,52.12126922607422,16.550926411151885,4.149196624755859,12.311421358665742
0.0066818781197071075,-0.005117633665213362,-0.020507797598838806,0.0060010995861169425,0.4653765559196472,0.4290969714522362,0.3726602792739868,0.02009854494303109,80.0,19.8692684173584,6.736125539243221,0.9252550601959229,4.81256909148124,-0.004569595372217008,0.4544833808839322,80.0,6.576458710342645,13.171146279178563,661,0.32633256912231445,39.748313903808594,13.491068270802497,1.8819770812988281,9.622156960008471
0.009524449706077576,-0.003013504738919437,-0.01908344402909279,0.004205768545020336,0.5061594247817993,0.4563904915004969,0.4108678102493286,0.017206230730415335,80.0,22.105554580688477,6.2724436990916725,0.8521119952201843,5.0790578113185685,-0.004494866304594325,0.45465427235141403,80.0,6.633035150501875,13.284153119795029,662,0.3331177234649658,44.22550582885742,12.56004227399826,1.7285354137420654,10.156853820849177
0.00691942498087883,-0.005799949239008129,-0.017429545521736145,0.00532866195530282,0.4855233430862427,0.4500234328210354,0.4181719422340393,0.016756947089175904,80.0,3.355060338973999,1.4321908473968505,0.5193346738815308,0.5564839047221578,-0.004454645728023025,0.45444420757889753,80.0,6.644557811155915,13.30711379871145,663,0.3675692081451416,6.719142913818359,2.884982068836689,1.0775070190429688,1.1084439935072696
0.011841908097267151,-0.005638122319942341,-0.020611196756362915,0.006574124283535072,0.5368207693099976,0.5033173337578773,0.4741993546485901,0.013564246601987101,80.0,25.62677764892578,5.816895341873169,0.6778475642204285,5.545168262334601,-0.00445976885742857,0.4550707112625242,80.0,6.698066942311824,13.414154837571088,664,0.3344864845275879,51.26506805419922,11.655133299529552,1.3863747119903564,11.086169934852881
0.006320558488368988,-0.005441969085950404,-0.017481345683336258,0.00513848159695509,0.5460330247879028,0.511573276668787,0.4708271622657776,0.01799660034406349,80.0,3.5552375316619873,1.7311800099909305,0.7688257098197937,0.620956163862377,-0.004435846335458336,0.45586915472894907,80.0,6.711017691373826,13.440024459693582,665,0.3395240306854248,7.121182441711426,3.4834754437208177,1.583235502243042,1.239236833111829
0.010632626712322235,-0.0020156822924036534,-0.01695743203163147,0.0057720790887899305,0.5348477363586426,0.4825261779129505,0.4379551410675049,0.015599348637645193,80.0,19.66883087158203,5.232482637465,0.44689369201660156,5.003982359713987,-0.0044117868294997606,0.4564979973770677,80.0,6.7604910135678935,13.538935562577102,666,0.33463001251220703,39.35310745239258,10.478647228330374,0.9167817234992981,10.006410690730245
0.00945837702602148,-0.007407145720208064,-0.017640959471464157,0.006052873862809881,0.556883692741394,0.5083095408976078,0.47405701875686646,0.01704662911394927,80.0,1.9634214639663696,0.5795559532940388,0.31477218866348267,0.252459086179063,-0.004410141003929311,0.4569466216154396,80.0,6.763798344384878,13.545555905088783,667,0.34320592880249023,3.938371181488037,1.1840923964977264,0.6571019887924194,0.4996860361360695
0.009932396933436394,-0.008035732340067625,-0.024878988042473793,0.008109398000191316,0.6100214123725891,0.5607816085219384,0.5195412039756775,0.018317675084308892,80.0,0.6737266182899475,0.23753967899829148,0.12139478325843811,0.10831366514069393,-0.004453523058182327,0.4582758491300046,80.0,6.762534747296943,13.543142059594395,668,0.3403916358947754,1.3628828525543213,0.502366453781724,0.2986759543418884,0.20878235631643682
0.02080979198217392,-0.0037195185490418226,-0.019690006971359253,0.007035337508122247,0.5449196100234985,0.5016653466969728,0.44809049367904663,0.02152161175245865,80.0,1.7944601774215698,0.3959737591445446,0.15501126646995544,0.2687207145053819,-0.004487524448166369,0.45870341413095594,80.0,6.678985420228912,13.376119958683846,669,0.34346699714660645,3.5983188152313232,0.809419859945774,0.3308784067630768,0.5332152887423351
0.006448797881603241,-0.004979288502363488,-0.017624804750084877,0.0055135925802975464,0.5630868673324585,0.5293116476386786,0.4821934998035431,0.015416397306695234,80.0,2.422102451324463,0.5880366334691643,0.2344082146883011,0.3026653076127478,-0.004503352577303304,0.4590093432739376,80.0,6.620395544301719,13.258977980934084,670,0.18533563613891602,4.853106498718262,1.1966180779039859,0.5152324438095093,0.6002695081321487
0.004625357687473297,-0.013474700268125162,-0.03307091072201729,0.009985809929740836,0.539114236831665,0.4893575210124254,0.4517098069190979,0.0167657949284397,80.0,0.5265587568283081,0.2094375436194241,0.10301060229539871,0.08817868723501214,-0.004574103661958361,0.4594664733558893,80.0,6.610452487156725,13.239242511294782,671,0.18972039222717285,1.0632658004760742,0.45561164021492007,0.26729434728622437,0.165489318178893
0.011644437909126282,-0.007954465155489743,-0.024396490305662155,0.006554024477875062,0.5540227890014648,0.5139689151197672,0.4606444537639618,0.01851076530144195,80.0,0.9540852308273315,0.3753049347549677,0.1537717580795288,0.13926107688490105,-0.004615816470322898,0.45972964013367884,80.0,6.485421224703081,12.989268675245347,672,0.18928742408752441,1.9187474250793457,0.776798178255558,0.35087376832962036,0.2730433304217991
0.009731918573379517,-0.005512227094732225,-0.022500723600387573,0.006492765544651603,0.5086854696273804,0.4812885455787182,0.44614505767822266,0.017086973652437307,80.0,1.0542327165603638,0.36109520178288224,0.1749885380268097,0.16640350892896577,-0.004627693526999792,0.4594352967962623,80.0,6.394395568761042,12.807235231753442,673,0.1948866844177246,2.1062192916870117,0.7428406272083521,0.3682548999786377,0.3270435339939022
0.023298222571611404,-0.0009262314473744482,-0.0187155082821846,0.009379944652299712,0.5453615188598633,0.5035484872758389,0.45896729826927185,0.01789697335025355,80.0,1.1874890327453613,0.47839496955275534,0.2081839144229889,0.1729364942667318,-0.004599711023358395,0.4595107943303882,80.0,6.311107007498851,12.640603653226046,674,0.1912679672241211,2.385885238647461,0.9687133826315403,0.4274928569793701,0.3403894444026231
0.014199333265423775,-0.0032035133161116393,-0.019344057887792587,0.006967325399170244,0.5533648133277893,0.5157823726534844,0.47311025857925415,0.017091125336178875,80.0,4.961564064025879,2.5409628227353096,1.2494686841964722,0.8174034206420496,-0.00457248650593101,0.45996447128057477,80.0,6.3022868998600154,12.622918062541633,675,0.18505144119262695,9.933225631713867,5.098648315668106,2.5085110664367676,1.6317841992911606
0.007186178117990494,-0.0007850537542253733,-0.012864038348197937,0.002756919027426185,0.5592171549797058,0.5194440092891455,0.4738398790359497,0.014526997908848913,80.0,50.169395446777344,17.092096745967865,2.4761359691619873,9.491297673374488,-0.004521878896543058,0.4597964291758834,80.0,6.401674779328517,12.821589244272557,676,0.18440985679626465,100.34812927246094,34.19615252017975,4.9554243087768555,18.981661402388728
0.00389724038541317,-0.0046568518679123375,-0.016167666763067245,0.0045866907182495805,0.49722570180892944,0.4623034425079823,0.4191095232963562,0.01729645236487304,80.0,5.612973213195801,2.281696431338787,1.0062843561172485,0.9731615694605334,-0.004532798656640807,0.4593658536970615,80.0,6.404247324856929,12.826747563149778,677,0.19105958938598633,11.235660552978516,4.581952625513077,2.0292396545410156,1.9431433138213294
0.0021219998598098755,-0.0017187096818815917,-0.008342134766280651,0.0026121699291590103,0.5517624020576477,0.5203612923622132,0.4840952157974243,0.015479126303265691,80.0,39.58533477783203,11.66550184339285,1.1583251953125,8.154684856418111,-0.004523857145075453,0.4598624916486441,80.0,6.447101474600844,12.912447913344947,678,0.18908166885375977,79.18040466308594,23.34484844505787,2.3432703018188477,16.308580101567554
0.011730410158634186,-0.0020164567104075104,-0.011802490800619125,0.004633882148338642,0.5698118209838867,0.5386448241770267,0.5028349161148071,0.016501587776330574,80.0,26.232885360717773,6.676536147296429,1.3790082931518555,5.203589062914721,-0.004487488976301393,0.4609206678830086,80.0,6.507242767355405,13.032678926069288,679,0.2021498680114746,52.48004150390625,13.367878112196923,2.770085096359253,10.406009731283293
0.012423936277627945,-0.008553628681693227,-0.030015546828508377,0.008519620929950586,0.5730854272842407,0.5414812304079533,0.49348539113998413,0.014679169428987561,80.0,1.3708082437515259,0.7446859210729599,0.4718201756477356,0.1636410016945817,-0.00456466637153062,0.4616110462807118,80.0,6.506930389485322,13.032222332630306,680,0.18593716621398926,2.751486301422119,1.5173087269067764,0.9836031198501587,0.31990082947864246
0.009115598164498806,-0.004126689181430265,-0.021466867998242378,0.005013669970657316,0.6029625535011292,0.575563582777977,0.5437791347503662,0.013119351612265684,80.0,23.268144607543945,6.33848864287138,0.9952168464660645,5.554075536850792,-0.004527499899239046,0.4630225018784404,80.0,6.5654414344010865,13.149198318574577,681,0.18242931365966797,46.55962371826172,12.69674193561077,2.017972946166992,11.106646567584148
0.022269658744335175,-0.0030049135762965306,-0.022751472890377045,0.00765921920771157,0.6063321232795715,0.5634112641215324,0.5195732116699219,0.014590964764573965,80.0,2.6107289791107178,1.1090106323361397,0.36521604657173157,0.45778473327970315,-0.004585546393762342,0.4639095683805644,80.0,6.572476962377317,13.163403208736332,682,0.20984959602355957,5.233086109161377,2.2352993093430995,0.749400794506073,0.9115441019785706
0.007650725543498993,-0.002568118320778012,-0.01794404163956642,0.0055737396614630235,0.5808744430541992,0.5420585021376609,0.5132035613059998,0.014198746096677924,80.0,26.83553695678711,6.131979508697986,0.6790825128555298,4.992306209265018,-0.004544024770148099,0.46462133466079825,80.0,6.630407967013306,13.27919640961662,683,0.21463227272033691,53.68709945678711,12.279936373233795,1.3746085166931152,9.983566452138776
0.012780101969838142,-0.01109939906746149,-0.03178692236542702,0.00890187032854855,0.5995913743972778,0.5698347583413124,0.5364313125610352,0.014149681587416038,80.0,1.1949951648712158,0.4138211768120527,0.25121834874153137,0.14665644259036265,-0.0045942482685786675,0.46483742424473173,80.0,6.63009530425351,13.27867585286498,684,0.21427154541015625,2.4011378288269043,0.8612378455698491,0.5478872060775757,0.28480563701044254
0.0032382626086473465,-0.009047402552096174,-0.02517777681350708,0.0068166948213701055,0.6057456135749817,0.5762146197259426,0.5322603583335876,0.013624460092002133,80.0,1.1632248163223267,0.4351796070113778,0.19032196700572968,0.16737516383419387,-0.004656637402833439,0.4663142494633795,80.0,6.624744055458344,13.268127670004965,685,0.20976901054382324,2.340036630630493,0.8999783106148243,0.4256969690322876,0.32819792883349763
0.008152104914188385,-0.009255886264145374,-0.028290946036577225,0.009035945832808456,0.6130158305168152,0.5777638837695122,0.5493143796920776,0.01528373356324208,80.0,0.5567706823348999,0.22735296916216613,0.13874277472496033,0.08924669873214809,-0.004673381119791884,0.46670195589959623,80.0,6.609516936614178,13.237714674007147,686,0.21004343032836914,1.1253249645233154,0.48477298952639103,0.3076467514038086,0.16997582149267043
0.0063073961064219475,-0.00900040174019523,-0.0256299190223217,0.007435255664323813,0.5532059669494629,0.5126842461526394,0.4797649383544922,0.015918256885254254,80.0,1.113295316696167,0.41747795343399047,0.2724767029285431,0.16506208761907085,-0.004762123758206144,0.46695823943614967,80.0,5.71998400159087,11.458831416141242,687,0.21509099006652832,2.2365243434906006,0.863210391998291,0.582455575466156,0.3223127876429212
0.009748395532369614,-0.008907877054298297,-0.023994706571102142,0.007070024603964578,0.5998985767364502,0.5401510186493397,0.49540281295776367,0.01841667662911735,80.0,0.9843392968177795,0.28921739123761653,0.15439018607139587,0.14506956111480349,-0.004837631731643342,0.46710203694552194,80.0,5.241172454933635,10.501362215701493,688,0.2141718864440918,1.983107328414917,0.6070535592734814,0.35135799646377563,0.2829528571554451
0.03687732666730881,-0.007823362189810723,-0.026201926171779633,0.009996171594934192,0.5870190858840942,0.5517151966691017,0.4936983585357666,0.017724488890732006,80.0,0.7141571640968323,0.25336598362773655,0.14349554479122162,0.11859532480954417,-0.004900032690842635,0.46787721529230475,80.0,4.879471330524422,9.778100273076445,689,0.2065272331237793,1.4330905675888062,0.5334129929542542,0.3152369260787964,0.22894208217430814
0.00987320952117443,-0.013504034496145323,-0.031229782849550247,0.008037242401619533,0.6107988357543945,0.5622240453958511,0.5179805755615234,0.01880254143913015,80.0,0.6446964144706726,0.25652996357530355,0.1476612091064453,0.09012297654135887,-0.005025908068113495,0.46913365637883536,80.0,4.673904219574296,9.367242933496833,690,0.19966626167297363,1.300830364227295,0.5513124745339155,0.3256388306617737,0.1713784062695306
0.011322926729917526,-0.004797563672764227,-0.018687231466174126,0.006079227903888953,0.5359013080596924,0.503869979083538,0.4560841917991638,0.015268049902459238,80.0,1.3545416593551636,0.7613769788295031,0.39809519052505493,0.23574707598763125,-0.0050570334288058795,0.46919605680927634,80.0,4.334366624618881,8.688231237441302,691,0.21790027618408203,2.696385383605957,1.5424264952540399,0.8157963752746582,0.46823055732686103
0.010538563132286072,-0.0064798631588928405,-0.02288118749856949,0.006734074036235775,0.5644598007202148,0.5295303020626306,0.4922431409358978,0.016411566217556434,80.0,2.442652463912964,0.9028284676373005,0.2552467882633209,0.4816216040882589,-0.005086003505042753,0.47016047773882746,80.0,4.302291790897957,8.624158798836172,692,0.2018887996673584,4.906724452972412,1.8292072735726834,0.535842776298523,0.9594883342915989
0.012985220178961754,-0.002743780118180439,-0.014011235907673836,0.0057528619610669645,0.5218205451965332,0.48843631744384763,0.4627454876899719,0.013650146618643045,80.0,31.433673858642578,9.600058555603027,3.0838801860809326,5.921564285546271,-0.005099050681339577,0.47046526446938514,80.0,4.2959384632511055,8.611484333567322,693,0.2047429084777832,62.873374938964844,19.21537336707115,6.1904144287109375,11.842342484687403
0.003232932649552822,-0.0025077594589674847,-0.011267397552728653,0.0032046733376699045,0.4633222818374634,0.42982565648853777,0.3971548080444336,0.013780166800448987,80.0,49.3973388671875,12.128666082024575,1.6002240180969238,7.967676757680846,-0.005120037809741917,0.4699341457411647,80.0,4.161733502360992,8.343105762667955,694,0.20290231704711914,98.80355072021484,24.27094410061836,3.218165397644043,15.934463419596186
0.003344990313053131,-0.003735093862633221,-0.01732344925403595,0.0037402910416290125,0.5355931520462036,0.4901728369295597,0.4528317451477051,0.016873926679880743,80.0,22.192737579345703,7.840515501797199,1.6813186407089233,5.388120286654886,-0.0051311205030651775,0.46975039885938175,80.0,4.138111125844531,8.295879503108562,695,0.19867682456970215,44.39533233642578,15.698304739594459,3.372699499130249,10.774957643953762
0.006948868744075298,-0.0067983856017235665,-0.022447481751441956,0.006088094691237239,0.5037335157394409,0.47070413641631603,0.4273446202278137,0.015907656999845806,80.0,21.051443099975586,6.0771056190133095,0.7059342265129089,5.179801940707286,-0.005127733855915722,0.46987228227406747,80.0,4.194186667389236,8.408026250496508,696,0.20004677772521973,42.12602996826172,12.1772220864892,1.4456870555877686,10.36141824089417
0.015291217714548111,-0.002539933516527526,-0.013320975005626678,0.004703151865595351,0.555357813835144,0.520802627503872,0.4887838363647461,0.01578926639836948,80.0,24.140079498291016,5.577954203635454,0.6956583261489868,5.569702004408492,-0.005083305080101126,0.4708145418427884,80.0,4.242037194295786,8.503657292135061,697,0.18840670585632324,48.29104232788086,11.171404345333576,1.40424644947052,11.137425804868604
0.00618031807243824,-0.0072929193789605055,-0.02525036409497261,0.006065231170730783,0.5480692386627197,0.5136806707829237,0.46714654564857483,0.016427973040753593,80.0,4.429249286651611,1.9803992338478564,0.6197210550308228,0.7630783886477968,-0.0050258700402628165,0.47057295405492183,80.0,4.258018892749212,8.535500987347216,698,0.20023202896118164,8.877666473388672,3.9856579318642615,1.2730534076690674,1.5246143206787546
0.008144352585077286,-0.006816419342067092,-0.02048371359705925,0.006253602892737243,0.5564670562744141,0.5256606988608837,0.4972649812698364,0.013889146631973269,80.0,20.622411727905273,5.596808169037104,0.7569180130958557,5.108205329754367,-0.0050667587319912855,0.4714131711237133,80.0,4.30808358805906,8.63572896014899,699,0.2593874931335449,41.26140594482422,11.21776242852211,1.5278557538986206,10.216395610795075
0.006766187027096748,-0.00551470073114615,-0.019794736057519913,0.005720608053096664,0.5573442578315735,0.527963611483574,0.5046525001525879,0.01302851407081907,80.0,4.334719657897949,2.0333978831768036,0.5469327569007874,0.7126272509329804,-0.005062255520926555,0.472031308196485,80.0,4.324516376254149,8.668597892984748,700,0.3353586196899414,8.679239273071289,4.088384447991848,1.1373648643493652,1.4230538540259554
0.021661415696144104,-0.008838328416459262,-0.022535599768161774,0.008264480351451468,0.5566611289978027,0.5079446926712989,0.47105538845062256,0.019695524042772524,80.0,17.620452880859375,4.252654105052352,0.3336491286754608,4.614040750531245,-0.005070592756645056,0.47273794541880493,80.0,4.364140730108134,8.747877407558262,701,0.3321986198425293,35.270626068115234,8.533143724501134,0.7105981111526489,9.227648595443476
0.014938164502382278,-0.00823372983140871,-0.028001567348837852,0.00987138665784663,0.5568300485610962,0.509902274236083,0.47377151250839233,0.017859968438955525,80.0,1.3991297483444214,0.5366501435637474,0.2827951908111572,0.18939226510105361,-0.005110060428531142,0.4730968182049691,80.0,4.366641336542553,8.752964733261614,702,0.3389730453491211,2.8053059577941895,1.0999657973647117,0.6001534461975098,0.37157271962610383
0.009296726435422897,-0.00811078933184035,-0.025800056755542755,0.008481983443295536,0.6227079033851624,0.5810407556593418,0.5349314212799072,0.019154782419928365,80.0,1.8690718412399292,0.4080255700275302,0.1842162311077118,0.30772134046526234,-0.005144943635823438,0.4748282970674337,80.0,4.291317777941934,8.602422010861337,703,0.3348734378814697,3.7437634468078613,0.8438935343176126,0.388894259929657,0.6064353442158198
0.003346557728946209,-0.008108686067862437,-0.025586798787117004,0.006764111522962022,0.5260531902313232,0.48197154328227043,0.42934224009513855,0.020355925038624944,80.0,6.24578857421875,0.9866798698902131,0.19348296523094177,1.2791743436890133,-0.0051876797028526205,0.4745795785672964,80.0,4.204132317054086,8.428131586790084,704,0.3524501323699951,12.501483917236328,1.9992165364325047,0.4189511835575104,2.5513705817976007
0.01248580776154995,-0.006731485202908516,-0.021386701613664627,0.006493520029536104,0.5982292294502258,0.556868276745081,0.5113595724105835,0.017882000052213853,80.0,1.7981756925582886,0.45389152970165014,0.18663747608661652,0.2829966770690584,-0.005230209444853246,0.4754398358799517,80.0,3.9605011105621237,7.9409714420028035,705,0.3407022953033447,3.606983184814453,0.9323833961039781,0.39902055263519287,0.560577297910169
0.013105299323797226,-0.00733607136644423,-0.02485238015651703,0.007215550768731585,0.5930353403091431,0.5484572127461433,0.5106151103973389,0.016707238136078814,80.0,1.5660314559936523,0.3276781404390931,0.15748025476932526,0.26683870603603477,-0.00528583362788777,0.4760414890684187,80.0,3.827568093719892,7.675228689797225,706,0.33524274826049805,3.1426401138305664,0.6809975642710924,0.3410503566265106,0.5288441077903879
0.016797181218862534,-0.006437934504356235,-0.023852292448282242,0.007897167882633454,0.6125677227973938,0.5713707618415356,0.5304241180419922,0.016268812012601733,80.0,1.1109561920166016,0.3601533569395542,0.1641760617494583,0.1750386489059429,-0.005310801235114923,0.4771919299811125,80.0,3.7652404965860775,7.5506464409790945,707,0.3458876609802246,2.232889413833618,0.7446099985390902,0.36345914006233215,0.34316844568868077
0.012784205377101898,-0.004689575650263578,-0.027957841753959656,0.007468274526444498,0.5615137219429016,0.5142855267971754,0.4817485511302948,0.017873859876086605,80.0,1.2830818891525269,0.44730130676180124,0.1927424818277359,0.22994854894012212,-0.005346700258523926,0.47810885461792346,80.0,3.610459926431068,7.241175436470658,708,0.335970401763916,2.577028512954712,0.914267472177744,0.41919422149658203,0.4539103602837364
0.005322370678186417,-0.005508793058106675,-0.016407975926995277,0.0050481361347356835,0.5928125381469727,0.5450439773499965,0.5068564414978027,0.01669399158304398,80.0,1.333446741104126,0.632130935229361,0.2375364750623703,0.24712041271316623,-0.005373105916689384,0.4782158432938159,80.0,3.5417328715613117,7.103776279155165,709,0.3332784175872803,2.6706838607788086,1.2861803412437438,0.5140216946601868,0.48988930706231926
0.012471567839384079,-0.003057707764673978,-0.020691145211458206,0.005792794292766288,0.5259202718734741,0.4807787876576185,0.4390631914138794,0.01742136308320233,80.0,3.390903949737549,1.4018979091197252,0.3120206892490387,0.6092813912602301,-0.0053669683080806874,0.47858352177962665,80.0,3.5358803229881453,7.0920662603564555,710,0.322554349899292,6.795373916625977,2.819526804983616,0.623576283454895,1.2177511542759343
0.009190544486045837,-0.003146696143085137,-0.02086363360285759,0.0046720737623191155,0.5271810293197632,0.4788417000323534,0.4422738552093506,0.016936104449614027,80.0,50.37793731689453,14.277744853496552,4.219365119934082,7.379495054178487,-0.00539405304499087,0.47853639849275353,80.0,3.600900969351642,7.222160778570919,711,0.32164788246154785,100.76539611816406,28.571359860897065,8.459887504577637,14.756791946010788
0.0016383510082960129,-0.0025913019169820474,-0.00952063500881195,0.00238297524718436,0.49511805176734924,0.45390190556645393,0.4236365556716919,0.013919687611376281,80.0,20.690452575683594,6.269020530581474,1.0995181798934937,5.014193858729707,-0.00532797967165243,0.4783034488707781,80.0,3.6508617434566837,7.321945521097629,712,0.32553958892822266,41.38975524902344,12.552301734685898,2.219271183013916,10.027282957223937
0.016620002686977386,-0.0024093579093459995,-0.020998436957597733,0.006301946558360775,0.550388514995575,0.5151982810348272,0.48002445697784424,0.015494958618086058,80.0,32.72381591796875,10.56777745783329,2.4867827892303467,6.487426041835371,-0.005315290776256008,0.4789049651958049,80.0,3.681404777280055,7.383018242102116,713,0.32663536071777344,65.47235870361328,21.150677806138994,4.991260051727295,12.97373905304332
0.006251327693462372,-0.004146994650363922,-0.018690716475248337,0.00506289548531644,0.5523010492324829,0.5150582909584045,0.4676482379436493,0.01707837285931235,80.0,3.9744369983673096,1.9715401686728,0.8079175353050232,0.6225838631967527,-0.005310739819775336,0.47941596405580644,80.0,3.696336298958398,7.412882403168827,714,0.33519697189331055,7.959427356719971,3.9616754591464995,1.629126787185669,1.2455612796558513
0.014490131288766861,-0.004392637155251578,-0.0205838680267334,0.007044693712748101,0.49623405933380127,0.46267370991408824,0.4296005964279175,0.01475970728520591,80.0,17.989721298217773,5.271808881312609,0.8054642677307129,4.542007265806278,-0.005190812470973471,0.47984887758642436,80.0,3.741809421417303,7.5035974519886075,715,0.3331434726715088,35.993019104003906,10.561656537652016,1.6303671598434448,9.081642561565507
0.0013382099568843842,-0.011517363763414324,-0.025156471878290176,0.006680692726939188,0.5827643275260925,0.548247716575861,0.5173230171203613,0.01576148265095114,80.0,5.1975483894348145,2.7798341937363147,0.9268483519554138,0.9151354898720092,-0.0052506161083874766,0.48070398890599597,80.0,3.76630006425362,7.552715447042138,716,0.33092689514160156,10.445420265197754,5.593668055534363,1.903449535369873,1.829853313150614
0.0022676344960927963,-0.006515498575754464,-0.020723873749375343,0.005793503748000979,0.5354616045951843,0.504849909991026,0.46495693922042847,0.014128873004996014,80.0,19.165250778198242,5.04124253615737,0.45878177881240845,4.962880113864259,-0.005279361017659539,0.4813336630538106,80.0,3.811663482484407,7.643512366283685,717,0.33684253692626953,38.3590202331543,10.105613020807505,0.9339186549186707,9.926089404714675
0.008541112765669823,-0.0016925920208450407,-0.011467311531305313,0.003808936743101007,0.5978049039840698,0.5561228640377521,0.5249799489974976,0.015131236465630277,80.0,21.521831512451172,5.827009482681751,0.9846483469009399,4.963130131384058,-0.005288751462328946,0.4822855603694915,80.0,3.8673412550101056,7.75490573093295,718,0.3328404426574707,43.05461883544922,11.668526682257653,1.9938347339630127,9.924921922077374
0.012671003118157387,-0.007278027548454702,-0.03070932999253273,0.007414381016816909,0.5849083662033081,0.5462495043873787,0.4824674129486084,0.017870062629241443,80.0,1.8747947216033936,0.36032556276768446,0.17478877305984497,0.25032519331703473,-0.005326842059701449,0.48239392779767504,80.0,3.868163196082227,7.75662796158716,719,0.3399982452392578,3.7606310844421387,0.7461321704089642,0.4216076135635376,0.4950952663757934
0.005933351814746857,-0.008036880340659991,-0.02077013999223709,0.00684670782442494,0.5964683294296265,0.5616428457200527,0.5098002552986145,0.016268251318373766,80.0,1.798744559288025,0.6243797305971384,0.3493875563144684,0.28714212243252396,-0.005353210792905885,0.48291241154819714,80.0,3.8719011047901586,7.764166886106133,720,0.33281588554382324,3.608274221420288,1.2760660767555236,0.7331886887550354,0.5680149465638552
0.0053320713341236115,-0.013114088156726211,-0.03423181176185608,0.010287803012095267,0.6713711023330688,0.6168903730809688,0.5679323077201843,0.0157851207684245,80.0,0.8428558707237244,0.2702418340370059,0.13629305362701416,0.15830484523916322,-0.005441690420993837,0.48365114635974166,80.0,3.8587911569727584,7.738138724453747,721,0.38271546363830566,1.694588303565979,0.5790496520698071,0.3511027693748474,0.3044237596791464
0.012848284095525742,-0.00623715112451464,-0.01798340678215027,0.006381889067521803,0.5581158399581909,0.5043777700513601,0.4628694951534271,0.018701782101327266,80.0,1.2356655597686768,0.3080828348174691,0.14595405757427216,0.21804948602342922,-0.005489120106765768,0.48343856720253825,80.0,3.850584009469486,7.721815037295221,722,0.32366299629211426,2.4817614555358887,0.6387275263667107,0.3170708119869232,0.42837692808309524
0.010463599115610123,-0.00752277227002196,-0.030711235478520393,0.007700376381616232,0.5746000409126282,0.5413459479808808,0.49971312284469604,0.01533380186532434,80.0,0.7774292230606079,0.3180793572217226,0.19861741364002228,0.11730690707299861,-0.005548778575059259,0.4840529510900378,80.0,3.6903314258949824,7.4014414757341145,723,0.32187390327453613,1.5657932758331299,0.6620311796665191,0.435527503490448,0.22758326997378928
0.007542943581938744,-0.00868084441171959,-0.024558812379837036,0.007415455285266721,0.601276159286499,0.5520681016147136,0.5027186870574951,0.018097411355477478,80.0,1.3557960987091064,0.31217803806066513,0.14579780399799347,0.2144686920360532,-0.0056078472539375064,0.4853420217707754,80.0,3.5748952347757297,7.1707130111120625,724,0.34076523780822754,2.7202062606811523,0.6527591239660978,0.3429698348045349,0.42097255564935443
0.00926249474287033,-0.008809802727773786,-0.030178140848875046,0.007714584274286614,0.6109193563461304,0.5573495030403137,0.5092288255691528,0.01951668421282985,80.0,0.7851448059082031,0.3147135550156236,0.1462078094482422,0.12561347147063298,-0.0056764620270987505,0.48669824465364214,80.0,3.4737768091922625,6.9686405144184835,725,0.3371446132659912,1.5863494873046875,0.6581937033683062,0.3272148370742798,0.24570067871678603
0.00829494558274746,-0.00816479783388786,-0.02671195939183235,0.00829978762117071,0.5250933766365051,0.4902263220399618,0.44300293922424316,0.01737698915953496,80.0,1.3263508081436157,0.5296065580099821,0.20095966756343842,0.2627828301123724,-0.005719610198604641,0.48733715626224877,80.0,3.4070820580301806,6.835350087706001,726,0.3377974033355713,2.712496519088745,1.0853472415357828,0.40883713960647583,0.5293488511211196
0.10060983896255493,-0.0002514810592401773,-0.02248312532901764,0.018964938457150398,0.5797678232192993,0.5387040261179209,0.49068865180015564,0.019058331417543824,80.0,1.3580777645111084,0.6148442095145583,0.19748322665691376,0.267009276049787,-0.005713722509040964,0.48842948209866877,80.0,3.345113940828479,6.711423925232143,727,0.3198676109313965,2.7325048446655273,1.2409654565155506,0.43102502822875977,0.5310688797014441
0.017808832228183746,-0.002900957828387618,-0.02043742686510086,0.0074009827591192045,0.5137346386909485,0.47413570508360864,0.4271797239780426,0.015433846583565617,80.0,5.111778736114502,2.9056893572211266,1.3922080993652344,0.8528469894683265,-0.0056619406729005286,0.48894002507627016,80.0,3.351770496466197,6.724643684040756,728,0.33982110023498535,10.237905502319336,5.826663365960121,2.8115055561065674,1.6998017954409599
0.025857433676719666,-0.0003137399267870933,-0.010106801986694336,0.00551390539330461,0.5514557361602783,0.5033453777432442,0.46926653385162354,0.016563060522063803,80.0,45.79863357543945,13.853353023529053,2.0593817234039307,9.253068935428972,-0.005753807640227026,0.48991683002933856,80.0,3.4350900219390166,6.891486005980523,729,0.36658716201782227,91.60328674316406,27.717400467395784,4.1372833251953125,18.504912411557893
0.0029707709327340126,-0.005077340238494798,-0.01474357396364212,0.00420798474651121,0.48896491527557373,0.43560949340462685,0.3904531002044678,0.01827656652178457,80.0,7.197616100311279,2.2233231224119665,0.9382914900779724,0.9607543550810083,-0.005725376693008002,0.48969450471550224,80.0,3.4315354137653484,6.884315481174737,730,0.36194801330566406,14.403984069824219,4.4655130982398985,1.8822598457336426,1.9191354658556743
0.007604818791151047,-0.007275518018286675,-0.0276825912296772,0.007073939192939311,0.5640108585357666,0.5318875007331372,0.49529343843460083,0.015338344298310954,80.0,30.006250381469727,10.644285607337952,1.5310981273651123,7.112844946568746,-0.005760510499589145,0.49087648832052944,80.0,3.4697717512929813,6.960882062781602,731,0.3460268974304199,60.05525207519531,21.313760003447534,3.086839437484741,14.22575859491638
0.011890191584825516,-0.0036326344939880072,-0.015429854393005371,0.004865954859912832,0.5816542506217957,0.5402566939592361,0.4917386770248413,0.01466384510792636,80.0,18.948095321655273,5.861469535529613,1.1631947755813599,4.455107840540459,-0.005739541742077563,0.492186578951776,80.0,3.522581730247475,7.066486284371466,732,0.4750783443450928,37.91210174560547,11.741009414196014,2.3597958087921143,8.907048085961973
0.000264875590801239,-0.010847851826110855,-0.02633541077375412,0.006594588205490541,0.5334651470184326,0.5066463325172663,0.4550897479057312,0.01678574978491312,80.0,2.411942481994629,1.1383028894662857,0.42846566438674927,0.3698895200586108,-0.005802772096416446,0.4922896388173102,80.0,3.529621205386706,7.080693756565451,733,0.336956262588501,4.8468217849731445,2.308434411883354,0.90257728099823,0.7359934904907282
0.003664720803499222,-0.00562439690111205,-0.017977900803089142,0.005766873239073969,0.6268596649169922,0.5870272852480412,0.5573455095291138,0.012939062001997828,80.0,23.020994186401367,5.485074277222156,1.03314208984375,5.29983489006794,-0.005790777062997221,0.49391087794303884,80.0,3.5799627748886125,7.181385330192744,734,0.33138418197631836,46.06547546386719,10.993137884140015,2.0894641876220703,10.600272515186198
0.015502698719501495,-0.011745476839132607,-0.03241853415966034,0.00998570448193857,0.6154170036315918,0.5794065006077289,0.5498894453048706,0.01342399791350042,80.0,1.5985534191131592,0.6285199403762818,0.28488099575042725,0.24758362571805503,-0.005846848980116191,0.49523489262163634,80.0,3.5810711552286523,7.18374071498215,735,0.3429081439971924,3.208242416381836,1.2921189583837986,0.6175960302352905,0.4871187633790866
0.01666039600968361,-0.003856234025442973,-0.022833703085780144,0.006613152056593744,0.6124346852302551,0.5680002838373184,0.5242726802825928,0.014985505363535205,80.0,18.000102996826172,5.349155509471894,0.6708500981330872,4.693109835135056,-0.0058421063466812485,0.4969418706148863,80.0,3.63152194319386,7.284666945084929,736,0.35207319259643555,36.02295684814453,10.71738347709179,1.3476707935333252,9.382504334324105
0.04108321666717529,-0.008416128123644739,-0.02896268479526043,0.010906723871666477,0.6104644536972046,0.5737277485430241,0.5359144806861877,0.017200982059478665,80.0,0.8832184076309204,0.34960244335234164,0.22095969319343567,0.10752236060139482,-0.005848343122750521,0.4979392939954997,80.0,3.63146392873209,7.2845833382159455,737,0.2698690891265869,1.777336597442627,0.7275117013603449,0.49041226506233215,0.20615836001064605
0.020991571247577667,-0.00829653131077066,-0.02347065508365631,0.008244458208993947,0.6075087785720825,0.5610387817025184,0.5289527177810669,0.016533437326165787,80.0,0.9567338228225708,0.43695582654327153,0.20725570619106293,0.1327938085956607,-0.005842307829181666,0.49941912843286995,80.0,3.629692153264769,7.281057313356548,738,0.2296609878540039,1.9243905544281006,0.9017254885286092,0.43048712611198425,0.2607108267873089
0.0025882143527269363,-0.014120702707441524,-0.03269926458597183,0.00897629981371368,0.593698263168335,0.5507108926773071,0.5091646909713745,0.014505029405993436,80.0,0.4370384216308594,0.16168213207274676,0.08835025876760483,0.06301250412633819,-0.005948843482794473,0.5000736478865148,80.0,3.6220727956434713,7.26604475974664,739,0.19024038314819336,0.888481616973877,0.36261988803744316,0.23975396156311035,0.11485267924011623
0.00330347940325737,-0.009748310153372585,-0.025061463937163353,0.006880125581428426,0.5357115268707275,0.500395842269063,0.45325595140457153,0.018584123472356988,80.0,0.8709276914596558,0.29840453825891017,0.15055131912231445,0.15829274900381526,-0.006093517716479255,0.5008748579211533,80.0,3.5186613884074616,7.05952731699124,740,0.19931912422180176,1.7522505521774292,0.6263136155903339,0.3550017476081848,0.309456551941942
0.0053055137395858765,-0.008691366214770823,-0.02232011966407299,0.005563286171783604,0.5581926107406616,0.5209140472114087,0.4675794541835785,0.015430285849968061,80.0,1.833916187286377,0.26807485744357107,0.11957387626171112,0.22460743568767383,-0.0061732476968027195,0.5019977626986802,80.0,3.3907048318265014,6.803796120524407,741,0.1978912353515625,3.6784608364105225,0.563950726017356,0.29425621032714844,0.44459281239337706
0.011796567589044571,-0.006137868366204202,-0.023197494447231293,0.007488146450619863,0.5804131627082825,0.5383236177265645,0.5026711821556091,0.01813916451292556,80.0,0.6996285319328308,0.2675951588898897,0.15628138184547424,0.09316571407780776,-0.00619769835434272,0.5038953600078822,80.0,3.362658332950436,6.747789976019411,742,0.19216156005859375,1.4046252965927124,0.5582325268536806,0.3584437370300293,0.17996724795343785
0.0053188130259513855,-0.009862218529451638,-0.024704454466700554,0.007383927277295639,0.5516263842582703,0.5020274680107832,0.45871520042419434,0.015433637055345914,80.0,0.7231639623641968,0.193219998665154,0.11451724916696548,0.0902005366852194,-0.0062813749201304754,0.5052764783166348,80.0,3.2399451513076203,6.502558587204664,743,0.19482636451721191,1.4554035663604736,0.4162049822509289,0.26352572441101074,0.17378761758837635
0.030636612325906754,-0.014961467636749149,-0.03370871767401695,0.014130130047405414,0.5102249979972839,0.47338173240423204,0.43664684891700745,0.016510596111432296,80.0,9.360295295715332,3.786951395869255,1.0923852920532227,1.712853083446676,-0.0063921748203865725,0.5056421611569821,80.0,3.2076891369307416,6.438275471162051,744,0.19508981704711914,18.73220443725586,7.613293269276619,2.23748517036438,3.4271043346929724
0.002686750143766403,-0.005834913125727326,-0.021710501983761787,0.005037852384217372,0.5045857429504395,0.46467167474329474,0.4287584125995636,0.016463942132329594,80.0,2.2407279014587402,0.8967332255095244,0.3425363302230835,0.3723647590336738,-0.00637530434402288,0.5062521576210856,80.0,3.1436561353551222,6.310187926989048,745,0.20479941368103027,4.4893293380737305,1.8144297033548356,0.7129323482513428,0.7395763353725515
0.006679717451334,-0.003347976045915857,-0.017031367868185043,0.004508419839325922,0.47527992725372314,0.4355844233185053,0.38986504077911377,0.018210083950114243,80.0,25.821855545043945,7.727122858166695,2.454380750656128,4.84339243711721,-0.00634512859125971,0.5061126952394843,80.0,3.1414197771744803,6.305652069311589,746,0.1965172290802002,51.65280532836914,15.469653308391571,4.928375720977783,9.684654015617067
0.01354767382144928,-0.0024637562572024764,-0.011448755860328674,0.004390011569410456,0.5086698532104492,0.46191600151360035,0.41509902477264404,0.016438303691852105,80.0,31.290122985839844,10.358303388953209,2.5100882053375244,6.572845299715196,-0.006328374420147157,0.5063067611493169,80.0,3.229337947105058,6.481458783227949,747,0.19627785682678223,62.58964920043945,20.730772703886032,5.020692348480225,13.14412734446927
0.005784932523965836,-0.004160486033651978,-0.018577612936496735,0.0047714714016077395,0.5689604878425598,0.5266179367899895,0.48485684394836426,0.016004991476710015,80.0,25.061880111694336,9.462171098589897,2.6961634159088135,5.283982261451393,-0.006384930771571817,0.5071149102374911,80.0,3.2579759352551774,6.538864034671336,748,0.20142388343811035,50.13096618652344,18.943195468187334,5.407147407531738,10.566731886162156
0.006279081106185913,-0.005513721192255616,-0.021280769258737564,0.005995472815197548,0.5308913588523865,0.48611572161316874,0.45379340648651123,0.016391695472078516,80.0,19.36530876159668,6.11547423005104,1.2370332479476929,4.607173716114192,-0.006358622044470393,0.5073438063561916,80.0,3.31504739858117,6.6529589214958245,749,0.20005178451538086,38.7546272277832,12.251698189973832,2.50580096244812,9.212539869124319
0.0029791556298732758,-0.002691140287788585,-0.015951890498399734,0.003794498803693817,0.6091749668121338,0.5659605778753758,0.5284214019775391,0.01694905875688229,80.0,20.040006637573242,5.314760035276413,1.0248756408691406,4.715270386421219,-0.00612893402701593,0.5086671069040894,80.0,3.3604969333363703,6.743425080660731,750,0.20136547088623047,40.09211730957031,10.646221533417702,2.0699973106384277,9.429313496749781
