t_s,segment,position_km,speed_ms,speed_kmh,speed_limit_ms,over_limit_ms,action,action_name,energy_kwh
0.0,0,0.000,15.000,54.00,1.00,0.00,0,Brake,0.0000
1.0,0,0.000,14.200,51.12,1.00,0.00,0,Brake,0.0000
2.0,0,0.000,13.400,48.24,1.00,0.00,0,Brake,0.0000
3.0,0,0.000,12.600,45.36,1.00,0.00,0,Brake,0.0000
4.0,0,0.000,11.800,42.48,1.00,0.00,0,Brake,0.0000
5.0,0,0.000,11.000,39.60,1.00,0.00,0,Brake,0.0000
6.0,0,0.000,10.200,36.72,1.00,0.00,0,Brake,0.0000
7.0,0,0.000,9.400,33.84,1.00,0.00,0,Brake,0.0000
8.0,0,0.000,8.600,30.96,1.00,0.00,0,Brake,0.0000
9.0,1,0.100,7.800,28.08,11.10,0.00,3,Power,0.0000
10.0,1,0.100,8.400,30.24,11.10,0.00,3,Power,1.0500
11.0,1,0.100,9.000,32.40,11.10,0.00,3,Power,2.0972
12.0,1,0.100,9.600,34.56,11.10,0.00,1,Coast,3.1420
13.0,1,0.100,9.557,34.41,11.10,0.00,1,Coast,3.1420
14.0,1,0.100,9.515,34.25,11.10,0.00,1,Coast,3.1420
15.0,1,0.100,9.473,34.10,11.10,0.00,1,Coast,3.1420
16.0,1,0.100,9.430,33.95,11.10,0.00,1,Coast,3.1420
17.0,1,0.100,9.388,33.80,11.10,0.00,1,Coast,3.1420
18.0,1,0.100,9.345,33.64,11.10,0.00,3,Power,3.1420
19.0,1,0.100,9.945,35.80,11.10,0.00,1,Coast,4.1856
20.0,2,0.200,9.903,35.65,11.10,0.00,1,Coast,4.1856
21.0,2,0.200,10.029,36.10,11.10,0.00,1,Coast,4.1856
22.0,2,0.200,10.155,36.56,11.10,0.00,1,Coast,4.1856
23.0,2,0.200,10.281,37.01,11.10,0.00,1,Coast,4.1856
24.0,2,0.200,10.407,37.46,11.10,0.00,1,Coast,4.1856
25.0,2,0.200,10.533,37.92,11.10,0.00,1,Coast,4.1856
26.0,2,0.200,10.658,38.37,11.10,0.00,0,Brake,4.1856
27.0,2,0.200,9.984,35.94,11.10,0.00,1,Coast,4.1856
28.0,2,0.200,10.110,36.40,11.10,0.00,1,Coast,4.1856
29.0,2,0.200,10.236,36.85,11.10,0.00,1,Coast,4.1856
30.0,3,0.300,10.362,37.30,11.10,0.00,0,Brake,4.1856
31.0,3,0.300,9.864,35.51,11.10,0.00,3,Power,4.1856
32.0,3,0.300,10.464,37.67,11.10,0.00,0,Brake,5.2275
33.0,3,0.300,9.966,35.88,11.10,0.00,1,Coast,5.2275
34.0,3,0.300,10.268,36.97,11.10,0.00,0,Brake,5.2275
35.0,3,0.300,9.770,35.17,11.10,0.00,3,Power,5.2275
36.0,3,0.300,10.370,37.33,11.10,0.00,0,Brake,6.2696
37.0,3,0.300,9.872,35.54,11.10,0.00,3,Power,6.2696
38.0,3,0.300,10.472,37.70,11.10,0.00,0,Brake,7.3115
39.0,3,0.300,9.974,35.91,11.10,0.00,1,Coast,7.3115
40.0,4,0.400,10.276,37.00,11.10,0.00,0,Brake,7.3115
41.0,4,0.400,9.666,34.80,11.10,0.00,2,Cruise,7.3115
42.0,4,0.400,9.855,35.48,11.10,0.00,2,Cruise,7.3115
43.0,4,0.400,10.045,36.16,11.10,0.00,2,Cruise,7.3115
44.0,4,0.400,10.234,36.84,11.10,0.00,0,Brake,7.3115
45.0,4,0.400,9.623,34.64,11.10,0.00,2,Cruise,7.3115
46.0,4,0.400,9.813,35.33,11.10,0.00,2,Cruise,7.3115
47.0,4,0.400,10.002,36.01,11.10,0.00,2,Cruise,7.3115
48.0,4,0.400,10.191,36.69,11.10,0.00,2,Cruise,7.3115
49.0,4,0.400,10.381,37.37,11.10,0.00,0,Brake,7.3115
50.0,5,0.500,9.770,35.17,11.10,0.00,3,Power,7.3115
51.0,5,0.500,10.355,37.28,11.10,0.00,1,Coast,8.3529
52.0,5,0.500,10.060,36.22,11.10,0.00,1,Coast,8.3529
53.0,5,0.500,9.765,35.16,11.10,0.00,3,Power,8.3529
54.0,5,0.500,10.351,37.26,11.10,0.00,1,Coast,9.3943
55.0,5,0.500,10.056,36.20,11.10,0.00,1,Coast,9.3943
56.0,5,0.500,9.761,35.14,11.10,0.00,3,Power,9.3943
57.0,5,0.500,10.347,37.25,11.10,0.00,1,Coast,10.4358
58.0,5,0.500,10.053,36.19,11.10,0.00,1,Coast,10.4358
59.0,5,0.500,9.758,35.13,11.10,0.00,3,Power,10.4358
60.0,6,0.600,10.344,37.24,11.10,0.00,1,Coast,11.4773
61.0,6,0.600,10.381,37.37,11.10,0.00,1,Coast,11.4773
62.0,6,0.600,10.418,37.50,11.10,0.00,1,Coast,11.4773
63.0,6,0.600,10.455,37.64,11.10,0.00,1,Coast,11.4773
64.0,6,0.600,10.491,37.77,11.10,0.00,1,Coast,11.4773
65.0,6,0.600,10.528,37.90,11.10,0.00,1,Coast,11.4773
66.0,6,0.600,10.565,38.03,11.10,0.00,1,Coast,11.4773
67.0,6,0.600,10.602,38.17,11.10,0.00,1,Coast,11.4773
68.0,6,0.600,10.638,38.30,11.10,0.00,1,Coast,11.4773
69.0,7,0.700,10.675,38.43,11.10,0.00,0,Brake,11.4773
70.0,7,0.700,10.027,36.10,11.10,0.00,1,Coast,11.4773
71.0,7,0.700,10.179,36.64,11.10,0.00,1,Coast,11.4773
72.0,7,0.700,10.332,37.19,11.10,0.00,1,Coast,11.4773
73.0,7,0.700,10.484,37.74,11.10,0.00,1,Coast,11.4773
74.0,7,0.700,10.636,38.29,11.10,0.00,0,Brake,11.4773
75.0,7,0.700,9.988,35.96,11.10,0.00,1,Coast,11.4773
76.0,7,0.700,10.140,36.51,11.10,0.00,1,Coast,11.4773
77.0,7,0.700,10.293,37.05,11.10,0.00,1,Coast,11.4773
78.0,7,0.700,10.445,37.60,11.10,0.00,1,Coast,11.4773
79.0,8,0.800,10.597,38.15,11.10,0.00,1,Coast,11.4773
80.0,8,0.800,10.524,37.89,11.10,0.00,1,Coast,11.4773
81.0,8,0.800,10.451,37.62,11.10,0.00,1,Coast,11.4773
82.0,8,0.800,10.378,37.36,11.10,0.00,1,Coast,11.4773
83.0,8,0.800,10.304,37.10,11.10,0.00,1,Coast,11.4773
84.0,8,0.800,10.231,36.83,11.10,0.00,1,Coast,11.4773
85.0,8,0.800,10.158,36.57,11.10,0.00,1,Coast,11.4773
86.0,8,0.800,10.086,36.31,11.10,0.00,1,Coast,11.4773
87.0,8,0.800,10.013,36.05,11.10,0.00,1,Coast,11.4773
88.0,8,0.800,9.940,35.78,11.10,0.00,1,Coast,11.4773
89.0,9,0.900,9.867,35.52,11.10,0.00,1,Coast,11.4773
90.0,9,0.900,9.955,35.84,11.10,0.00,1,Coast,11.4773
91.0,9,0.900,10.042,36.15,11.10,0.00,1,Coast,11.4773
92.0,9,0.900,10.129,36.46,11.10,0.00,1,Coast,11.4773
93.0,9,0.900,10.216,36.78,11.10,0.00,1,Coast,11.4773
94.0,9,0.900,10.303,37.09,11.10,0.00,1,Coast,11.4773
95.0,9,0.900,10.390,37.40,11.10,0.00,1,Coast,11.4773
96.0,9,0.900,10.477,37.72,11.10,0.00,1,Coast,11.4773
97.0,9,0.900,10.564,38.03,11.10,0.00,1,Coast,11.4773
98.0,10,1.000,10.651,38.34,11.10,0.00,1,Coast,11.4773
99.0,10,1.000,10.714,38.57,11.10,0.00,1,Coast,11.4773
100.0,10,1.000,10.778,38.80,11.10,0.00,0,Brake,11.4773
101.0,10,1.000,10.042,36.15,11.10,0.00,1,Coast,11.4773
102.0,10,1.000,10.106,36.38,11.10,0.00,1,Coast,11.4773
103.0,10,1.000,10.171,36.61,11.10,0.00,1,Coast,11.4773
104.0,10,1.000,10.235,36.85,11.10,0.00,1,Coast,11.4773
105.0,10,1.000,10.299,37.08,11.10,0.00,1,Coast,11.4773
106.0,10,1.000,10.363,37.31,11.10,0.00,1,Coast,11.4773
107.0,10,1.000,10.427,37.54,11.10,0.00,1,Coast,11.4773
108.0,11,1.100,10.491,37.77,11.10,0.00,1,Coast,11.4773
109.0,11,1.100,10.414,37.49,11.10,0.00,1,Coast,11.4773
110.0,11,1.100,10.337,37.21,11.10,0.00,1,Coast,11.4773
111.0,11,1.100,10.260,36.94,11.10,0.00,1,Coast,11.4773
112.0,11,1.100,10.183,36.66,11.10,0.00,1,Coast,11.4773
113.0,11,1.100,10.106,36.38,11.10,0.00,1,Coast,11.4773
114.0,11,1.100,10.029,36.10,11.10,0.00,1,Coast,11.4773
115.0,11,1.100,9.952,35.83,11.10,0.00,1,Coast,11.4773
116.0,11,1.100,9.875,35.55,11.10,0.00,1,Coast,11.4773
117.0,11,1.100,9.799,35.27,11.10,0.00,1,Coast,11.4773
118.0,12,1.200,9.722,35.00,11.10,0.00,3,Power,11.4773
119.0,12,1.200,10.322,37.16,11.10,0.00,1,Coast,12.5196
120.0,12,1.200,10.178,36.64,11.10,0.00,1,Coast,12.5196
121.0,12,1.200,10.035,36.13,11.10,0.00,1,Coast,12.5196
122.0,12,1.200,9.891,35.61,11.10,0.00,1,Coast,12.5196
123.0,12,1.200,9.748,35.09,11.10,0.00,1,Coast,12.5196
124.0,12,1.200,9.605,34.58,11.10,0.00,3,Power,12.5196
125.0,12,1.200,10.205,36.74,11.10,0.00,1,Coast,13.5623
126.0,12,1.200,10.061,36.22,11.10,0.00,1,Coast,13.5623
127.0,12,1.200,9.918,35.70,11.10,0.00,1,Coast,13.5623
128.0,13,1.300,9.775,35.19,11.10,0.00,3,Power,13.5623
129.0,13,1.300,10.375,37.35,11.10,0.00,1,Coast,14.6044
130.0,13,1.300,10.272,36.98,11.10,0.00,1,Coast,14.6044
131.0,13,1.300,10.170,36.61,11.10,0.00,1,Coast,14.6044
132.0,13,1.300,10.068,36.24,11.10,0.00,1,Coast,14.6044
133.0,13,1.300,9.966,35.88,11.10,0.00,1,Coast,14.6044
134.0,13,1.300,9.864,35.51,11.10,0.00,1,Coast,14.6044
135.0,13,1.300,9.762,35.14,11.10,0.00,3,Power,14.6044
136.0,13,1.300,10.362,37.30,11.10,0.00,1,Coast,15.6466
137.0,13,1.300,10.260,36.93,11.10,0.00,1,Coast,15.6466
138.0,14,1.400,10.157,36.57,11.10,0.00,1,Coast,15.6466
139.0,14,1.400,10.153,36.55,11.10,0.00,1,Coast,15.6466
140.0,14,1.400,10.148,36.53,11.10,0.00,1,Coast,15.6466
141.0,14,1.400,10.143,36.52,11.10,0.00,1,Coast,15.6466
142.0,14,1.400,10.139,36.50,11.10,0.00,1,Coast,15.6466
143.0,14,1.400,10.134,36.48,11.10,0.00,1,Coast,15.6466
144.0,14,1.400,10.129,36.47,11.10,0.00,1,Coast,15.6466
145.0,14,1.400,10.125,36.45,11.10,0.00,1,Coast,15.6466
146.0,14,1.400,10.120,36.43,11.10,0.00,1,Coast,15.6466
147.0,14,1.400,10.115,36.42,11.10,0.00,1,Coast,15.6466
148.0,15,1.500,10.111,36.40,11.10,0.00,1,Coast,15.6466
149.0,15,1.500,10.114,36.41,11.10,0.00,1,Coast,15.6466
150.0,15,1.500,10.118,36.43,11.10,0.00,1,Coast,15.6466
151.0,15,1.500,10.122,36.44,11.10,0.00,1,Coast,15.6466
152.0,15,1.500,10.125,36.45,11.10,0.00,1,Coast,15.6466
153.0,15,1.500,10.129,36.46,11.10,0.00,1,Coast,15.6466
154.0,15,1.500,10.133,36.48,11.10,0.00,1,Coast,15.6466
155.0,15,1.500,10.136,36.49,11.10,0.00,1,Coast,15.6466
156.0,15,1.500,10.140,36.50,11.10,0.00,1,Coast,15.6466
157.0,15,1.500,10.144,36.52,11.10,0.00,1,Coast,15.6466
158.0,16,1.600,10.147,36.53,11.10,0.00,1,Coast,15.6466
159.0,16,1.600,10.100,36.36,11.10,0.00,1,Coast,15.6466
160.0,16,1.600,10.054,36.19,11.10,0.00,1,Coast,15.6466
161.0,16,1.600,10.007,36.02,11.10,0.00,1,Coast,15.6466
162.0,16,1.600,9.960,35.86,11.10,0.00,1,Coast,15.6466
163.0,16,1.600,9.913,35.69,11.10,0.00,1,Coast,15.6466
164.0,16,1.600,9.867,35.52,11.10,0.00,1,Coast,15.6466
165.0,16,1.600,9.820,35.35,11.10,0.00,3,Power,15.6466
166.0,16,1.600,10.420,37.51,11.10,0.00,1,Coast,16.6886
167.0,17,1.700,10.373,37.34,11.10,0.00,1,Coast,16.6886
168.0,17,1.700,10.357,37.28,11.10,0.00,1,Coast,16.6886
169.0,17,1.700,10.340,37.23,11.10,0.00,1,Coast,16.6886
170.0,17,1.700,10.324,37.17,11.10,0.00,1,Coast,16.6886
171.0,17,1.700,10.308,37.11,11.10,0.00,1,Coast,16.6886
172.0,17,1.700,10.292,37.05,11.10,0.00,1,Coast,16.6886
173.0,17,1.700,10.276,36.99,11.10,0.00,1,Coast,16.6886
174.0,17,1.700,10.260,36.93,11.10,0.00,1,Coast,16.6886
175.0,17,1.700,10.244,36.88,11.10,0.00,1,Coast,16.6886
176.0,17,1.700,10.227,36.82,11.10,0.00,1,Coast,16.6886
177.0,18,1.800,10.211,36.76,11.10,0.00,1,Coast,16.6886
178.0,18,1.800,10.182,36.66,11.10,0.00,1,Coast,16.6886
179.0,18,1.800,10.153,36.55,11.10,0.00,1,Coast,16.6886
180.0,18,1.800,10.124,36.44,11.10,0.00,1,Coast,16.6886
181.0,18,1.800,10.094,36.34,11.10,0.00,1,Coast,16.6886
182.0,18,1.800,10.065,36.23,11.10,0.00,1,Coast,16.6886
183.0,18,1.800,10.036,36.13,11.10,0.00,1,Coast,16.6886
184.0,18,1.800,10.007,36.02,11.10,0.00,1,Coast,16.6886
185.0,18,1.800,9.978,35.92,11.10,0.00,1,Coast,16.6886
186.0,18,1.800,9.949,35.82,11.10,0.00,1,Coast,16.6886
187.0,19,1.900,9.920,35.71,11.10,0.00,1,Coast,16.6886
188.0,19,1.900,9.849,35.46,11.10,0.00,3,Power,16.6886
189.0,19,1.900,10.449,37.62,11.10,0.00,1,Coast,17.7305
190.0,19,1.900,10.377,37.36,11.10,0.00,1,Coast,17.7305
191.0,19,1.900,10.305,37.10,11.10,0.00,1,Coast,17.7305
192.0,19,1.900,10.234,36.84,11.10,0.00,1,Coast,17.7305
193.0,19,1.900,10.162,36.58,11.10,0.00,1,Coast,17.7305
194.0,19,1.900,10.091,36.33,11.10,0.00,1,Coast,17.7305
195.0,19,1.900,10.020,36.07,11.10,0.00,1,Coast,17.7305
196.0,19,1.900,9.949,35.81,11.10,0.00,1,Coast,17.7305
197.0,20,2.000,9.877,35.56,11.10,0.00,1,Coast,17.7305
198.0,20,2.000,9.896,35.63,11.10,0.00,1,Coast,17.7305
199.0,20,2.000,9.915,35.70,11.10,0.00,1,Coast,17.7305
200.0,20,2.000,9.934,35.76,11.10,0.00,1,Coast,17.7305
201.0,20,2.000,9.953,35.83,11.10,0.00,1,Coast,17.7305
202.0,20,2.000,9.972,35.90,11.10,0.00,1,Coast,17.7305
203.0,20,2.000,9.991,35.97,11.10,0.00,1,Coast,17.7305
204.0,20,2.000,10.010,36.04,11.10,0.00,1,Coast,17.7305
205.0,20,2.000,10.029,36.11,11.10,0.00,1,Coast,17.7305
206.0,20,2.000,10.048,36.17,11.10,0.00,1,Coast,17.7305
207.0,21,2.100,10.067,36.24,11.10,0.00,1,Coast,17.7305
208.0,21,2.100,10.085,36.31,11.10,0.00,1,Coast,17.7305
209.0,21,2.100,10.103,36.37,11.10,0.00,1,Coast,17.7305
210.0,21,2.100,10.120,36.43,11.10,0.00,1,Coast,17.7305
211.0,21,2.100,10.138,36.50,11.10,0.00,1,Coast,17.7305
212.0,21,2.100,10.156,36.56,11.10,0.00,1,Coast,17.7305
213.0,21,2.100,10.173,36.62,11.10,0.00,1,Coast,17.7305
214.0,21,2.100,10.191,36.69,11.10,0.00,1,Coast,17.7305
215.0,21,2.100,10.209,36.75,11.10,0.00,1,Coast,17.7305
216.0,21,2.100,10.227,36.82,11.10,0.00,1,Coast,17.7305
217.0,22,2.200,10.244,36.88,11.10,0.00,1,Coast,17.7305
218.0,22,2.200,10.322,37.16,11.10,0.00,1,Coast,17.7305
219.0,22,2.200,10.400,37.44,11.10,0.00,1,Coast,17.7305
220.0,22,2.200,10.477,37.72,11.10,0.00,1,Coast,17.7305
221.0,22,2.200,10.555,38.00,11.10,0.00,1,Coast,17.7305
222.0,22,2.200,10.633,38.28,11.10,0.00,1,Coast,17.7305
223.0,22,2.200,10.710,38.56,11.10,0.00,1,Coast,17.7305
224.0,22,2.200,10.787,38.83,11.10,0.00,1,Coast,17.7305
225.0,22,2.200,10.865,39.11,11.10,0.00,0,Brake,17.7305
226.0,23,2.300,10.142,36.51,11.10,0.00,1,Coast,17.7305
227.0,23,2.300,10.182,36.65,11.10,0.00,1,Coast,17.7305
228.0,23,2.300,10.221,36.80,11.10,0.00,1,Coast,17.7305
229.0,23,2.300,10.261,36.94,11.10,0.00,1,Coast,17.7305
230.0,23,2.300,10.300,37.08,11.10,0.00,1,Coast,17.7305
231.0,23,2.300,10.340,37.22,11.10,0.00,1,Coast,17.7305
232.0,23,2.300,10.379,37.37,11.10,0.00,1,Coast,17.7305
233.0,23,2.300,10.419,37.51,11.10,0.00,1,Coast,17.7305
234.0,23,2.300,10.458,37.65,11.10,0.00,1,Coast,17.7305
235.0,23,2.300,10.498,37.79,11.10,0.00,1,Coast,17.7305
236.0,24,2.400,10.537,37.93,11.10,0.00,1,Coast,17.7305
237.0,24,2.400,10.572,38.06,11.10,0.00,1,Coast,17.7305
238.0,24,2.400,10.608,38.19,11.10,0.00,1,Coast,17.7305
239.0,24,2.400,10.643,38.31,11.10,0.00,1,Coast,17.7305
240.0,24,2.400,10.678,38.44,11.10,0.00,1,Coast,17.7305
241.0,24,2.400,10.713,38.57,11.10,0.00,1,Coast,17.7305
242.0,24,2.400,10.748,38.69,11.10,0.00,1,Coast,17.7305
243.0,24,2.400,10.783,38.82,11.10,0.00,1,Coast,17.7305
244.0,24,2.400,10.819,38.95,11.10,0.00,1,Coast,17.7305
245.0,25,2.500,10.854,39.07,11.10,0.00,1,Coast,17.7305
246.0,25,2.500,10.897,39.23,11.10,0.00,1,Coast,17.7305
247.0,25,2.500,10.940,39.38,11.10,0.00,1,Coast,17.7305
248.0,25,2.500,10.983,39.54,11.10,0.00,1,Coast,17.7305
249.0,25,2.500,11.026,39.69,11.10,0.00,0,Brake,17.7305
250.0,25,2.500,10.269,36.97,11.10,0.00,1,Coast,17.7305
251.0,25,2.500,10.313,37.13,11.10,0.00,1,Coast,17.7305
252.0,25,2.500,10.356,37.28,11.10,0.00,1,Coast,17.7305
253.0,25,2.500,10.400,37.44,11.10,0.00,1,Coast,17.7305
254.0,25,2.500,10.443,37.60,11.10,0.00,1,Coast,17.7305
255.0,26,2.600,10.487,37.75,11.10,0.00,1,Coast,17.7305
256.0,26,2.600,10.523,37.88,11.10,0.00,1,Coast,17.7305
257.0,26,2.600,10.558,38.01,11.10,0.00,1,Coast,17.7305
258.0,26,2.600,10.594,38.14,11.10,0.00,1,Coast,17.7305
259.0,26,2.600,10.629,38.27,11.10,0.00,1,Coast,17.7305
260.0,26,2.600,10.665,38.39,11.10,0.00,1,Coast,17.7305
261.0,26,2.600,10.700,38.52,11.10,0.00,1,Coast,17.7305
262.0,26,2.600,10.736,38.65,11.10,0.00,1,Coast,17.7305
263.0,26,2.600,10.771,38.78,11.10,0.00,1,Coast,17.7305
264.0,27,2.700,10.807,38.90,11.10,0.00,1,Coast,17.7305
265.0,27,2.700,10.845,39.04,11.10,0.00,1,Coast,17.7305
266.0,27,2.700,10.883,39.18,11.10,0.00,1,Coast,17.7305
267.0,27,2.700,10.922,39.32,11.10,0.00,1,Coast,17.7305
268.0,27,2.700,10.960,39.46,11.10,0.00,1,Coast,17.7305
269.0,27,2.700,10.998,39.59,11.10,0.00,1,Coast,17.7305
270.0,27,2.700,11.036,39.73,11.10,0.00,1,Coast,17.7305
271.0,27,2.700,11.074,39.87,11.10,0.00,1,Coast,17.7305
272.0,27,2.700,11.112,40.00,11.10,0.01,0,Brake,17.7305
273.0,28,2.800,10.350,37.26,11.10,0.00,1,Coast,17.7305
274.0,28,2.800,10.513,37.85,11.10,0.00,1,Coast,17.7305
275.0,28,2.800,10.676,38.43,11.10,0.00,1,Coast,17.7305
276.0,28,2.800,10.839,39.02,11.10,0.00,0,Brake,17.7305
277.0,28,2.800,10.202,36.73,11.10,0.00,1,Coast,17.7305
278.0,28,2.800,10.365,37.32,11.10,0.00,1,Coast,17.7305
279.0,28,2.800,10.529,37.90,11.10,0.00,1,Coast,17.7305
280.0,28,2.800,10.692,38.49,11.10,0.00,1,Coast,17.7305
281.0,28,2.800,10.855,39.08,11.10,0.00,0,Brake,17.7305
282.0,28,2.800,10.217,36.78,11.10,0.00,1,Coast,17.7305
283.0,29,2.900,10.381,37.37,11.10,0.00,1,Coast,17.7305
284.0,29,2.900,10.443,37.59,11.10,0.00,1,Coast,17.7305
285.0,29,2.900,10.505,37.82,11.10,0.00,1,Coast,17.7305
286.0,29,2.900,10.567,38.04,11.10,0.00,1,Coast,17.7305
287.0,29,2.900,10.629,38.26,11.10,0.00,1,Coast,17.7305
288.0,29,2.900,10.691,38.49,11.10,0.00,1,Coast,17.7305
289.0,29,2.900,10.753,38.71,11.10,0.00,1,Coast,17.7305
290.0,29,2.900,10.815,38.93,11.10,0.00,1,Coast,17.7305
291.0,29,2.900,10.876,39.15,11.10,0.00,1,Coast,17.7305
292.0,30,3.000,10.938,39.38,11.10,0.00,0,Brake,17.7305
293.0,30,3.000,10.199,36.72,11.10,0.00,1,Coast,17.7305
294.0,30,3.000,10.261,36.94,11.10,0.00,1,Coast,17.7305
295.0,30,3.000,10.323,37.16,11.10,0.00,1,Coast,17.7305
296.0,30,3.000,10.385,37.39,11.10,0.00,1,Coast,17.7305
297.0,30,3.000,10.447,37.61,11.10,0.00,1,Coast,17.7305
298.0,30,3.000,10.509,37.83,11.10,0.00,1,Coast,17.7305
299.0,30,3.000,10.570,38.05,11.10,0.00,1,Coast,17.7305
300.0,30,3.000,10.632,38.28,11.10,0.00,1,Coast,17.7305
301.0,30,3.000,10.694,38.50,11.10,0.00,1,Coast,17.7305
302.0,31,3.100,10.755,38.72,11.10,0.00,0,Brake,17.7305
303.0,31,3.100,10.063,36.23,11.10,0.00,1,Coast,17.7305
304.0,31,3.100,10.172,36.62,11.10,0.00,1,Coast,17.7305
305.0,31,3.100,10.281,37.01,11.10,0.00,1,Coast,17.7305
306.0,31,3.100,10.389,37.40,11.10,0.00,1,Coast,17.7305
307.0,31,3.100,10.498,37.79,11.10,0.00,1,Coast,17.7305
308.0,31,3.100,10.606,38.18,11.10,0.00,1,Coast,17.7305
309.0,31,3.100,10.714,38.57,11.10,0.00,1,Coast,17.7305
310.0,31,3.100,10.823,38.96,11.10,0.00,0,Brake,17.7305
311.0,32,3.200,10.131,36.47,11.10,0.00,1,Coast,17.7305
312.0,32,3.200,10.141,36.51,11.10,0.00,1,Coast,17.7305
313.0,32,3.200,10.152,36.55,11.10,0.00,1,Coast,17.7305
314.0,32,3.200,10.162,36.58,11.10,0.00,1,Coast,17.7305
315.0,32,3.200,10.173,36.62,11.10,0.00,1,Coast,17.7305
316.0,32,3.200,10.184,36.66,11.10,0.00,1,Coast,17.7305
317.0,32,3.200,10.194,36.70,11.10,0.00,1,Coast,17.7305
318.0,32,3.200,10.205,36.74,11.10,0.00,1,Coast,17.7305
319.0,32,3.200,10.215,36.78,11.10,0.00,1,Coast,17.7305
320.0,32,3.200,10.226,36.81,11.10,0.00,1,Coast,17.7305
321.0,33,3.300,10.236,36.85,11.10,0.00,1,Coast,17.7305
322.0,33,3.300,10.321,37.15,11.10,0.00,1,Coast,17.7305
323.0,33,3.300,10.405,37.46,11.10,0.00,1,Coast,17.7305
324.0,33,3.300,10.489,37.76,11.10,0.00,1,Coast,17.7305
325.0,33,3.300,10.572,38.06,11.10,0.00,1,Coast,17.7305
326.0,33,3.300,10.656,38.36,11.10,0.00,1,Coast,17.7305
327.0,33,3.300,10.740,38.66,11.10,0.00,1,Coast,17.7305
328.0,33,3.300,10.824,38.96,11.10,0.00,0,Brake,17.7305
329.0,33,3.300,10.107,36.39,11.10,0.00,1,Coast,17.7305
330.0,33,3.300,10.191,36.69,11.10,0.00,1,Coast,17.7305
331.0,34,3.400,10.275,36.99,11.10,0.00,1,Coast,17.7305
332.0,34,3.400,10.211,36.76,11.10,0.00,1,Coast,17.7305
333.0,34,3.400,10.147,36.53,11.10,0.00,1,Coast,17.7305
334.0,34,3.400,10.083,36.30,11.10,0.00,1,Coast,17.7305
335.0,34,3.400,10.020,36.07,11.10,0.00,1,Coast,17.7305
336.0,34,3.400,9.956,35.84,11.10,0.00,1,Coast,17.7305
337.0,34,3.400,9.892,35.61,11.10,0.00,3,Power,17.7305
338.0,34,3.400,10.492,37.77,11.10,0.00,1,Coast,18.7723
339.0,34,3.400,10.428,37.54,11.10,0.00,1,Coast,18.7723
340.0,34,3.400,10.364,37.31,11.10,0.00,1,Coast,18.7723
341.0,35,3.500,10.299,37.08,11.10,0.00,1,Coast,18.7723
342.0,35,3.500,10.372,37.34,11.10,0.00,1,Coast,18.7723
343.0,35,3.500,10.445,37.60,11.10,0.00,1,Coast,18.7723
344.0,35,3.500,10.518,37.86,11.10,0.00,1,Coast,18.7723
345.0,35,3.500,10.590,38.13,11.10,0.00,1,Coast,18.7723
346.0,35,3.500,10.663,38.39,11.10,0.00,1,Coast,18.7723
347.0,35,3.500,10.735,38.65,11.10,0.00,1,Coast,18.7723
348.0,35,3.500,10.808,38.91,11.10,0.00,1,Coast,18.7723
349.0,35,3.500,10.880,39.17,11.10,0.00,0,Brake,18.7723
350.0,36,3.600,10.152,36.55,11.10,0.00,1,Coast,18.7723
351.0,36,3.600,10.157,36.56,11.10,0.00,1,Coast,18.7723
352.0,36,3.600,10.161,36.58,11.10,0.00,1,Coast,18.7723
353.0,36,3.600,10.165,36.59,11.10,0.00,1,Coast,18.7723
354.0,36,3.600,10.169,36.61,11.10,0.00,1,Coast,18.7723
355.0,36,3.600,10.174,36.62,11.10,0.00,1,Coast,18.7723
356.0,36,3.600,10.178,36.64,11.10,0.00,1,Coast,18.7723
357.0,36,3.600,10.182,36.66,11.10,0.00,1,Coast,18.7723
358.0,36,3.600,10.186,36.67,11.10,0.00,1,Coast,18.7723
359.0,36,3.600,10.190,36.69,11.10,0.00,1,Coast,18.7723
360.0,37,3.700,10.195,36.70,11.10,0.00,1,Coast,18.7723
361.0,37,3.700,10.224,36.81,11.10,0.00,1,Coast,18.7723
362.0,37,3.700,10.253,36.91,11.10,0.00,1,Coast,18.7723
363.0,37,3.700,10.282,37.02,11.10,0.00,1,Coast,18.7723
364.0,37,3.700,10.311,37.12,11.10,0.00,1,Coast,18.7723
365.0,37,3.700,10.340,37.22,11.10,0.00,1,Coast,18.7723
366.0,37,3.700,10.369,37.33,11.10,0.00,1,Coast,18.7723
367.0,37,3.700,10.398,37.43,11.10,0.00,1,Coast,18.7723
368.0,37,3.700,10.427,37.54,11.10,0.00,1,Coast,18.7723
369.0,37,3.700,10.456,37.64,11.10,0.00,1,Coast,18.7723
370.0,38,3.800,10.485,37.75,11.10,0.00,1,Coast,18.7723
371.0,38,3.800,10.524,37.89,11.10,0.00,1,Coast,18.7723
372.0,38,3.800,10.563,38.03,11.10,0.00,1,Coast,18.7723
373.0,38,3.800,10.602,38.17,11.10,0.00,1,Coast,18.7723
374.0,38,3.800,10.641,38.31,11.10,0.00,1,Coast,18.7723
375.0,38,3.800,10.680,38.45,11.10,0.00,1,Coast,18.7723
376.0,38,3.800,10.719,38.59,11.10,0.00,1,Coast,18.7723
377.0,38,3.800,10.758,38.73,11.10,0.00,1,Coast,18.7723
378.0,38,3.800,10.797,38.87,11.10,0.00,1,Coast,18.7723
379.0,39,3.900,10.836,39.01,11.10,0.00,1,Coast,18.7723
380.0,39,3.900,10.876,39.15,11.10,0.00,1,Coast,18.7723
381.0,39,3.900,10.916,39.30,11.10,0.00,0,Brake,18.7723
382.0,39,3.900,10.157,36.56,11.10,0.00,1,Coast,18.7723
383.0,39,3.900,10.198,36.71,11.10,0.00,1,Coast,18.7723
384.0,39,3.900,10.239,36.86,11.10,0.00,1,Coast,18.7723
385.0,39,3.900,10.280,37.01,11.10,0.00,1,Coast,18.7723
386.0,39,3.900,10.321,37.16,11.10,0.00,1,Coast,18.7723
387.0,39,3.900,10.362,37.30,11.10,0.00,1,Coast,18.7723
388.0,40,4.000,10.403,37.45,11.10,0.00,1,Coast,18.7723
389.0,40,4.000,10.363,37.31,11.10,0.00,1,Coast,18.7723
390.0,40,4.000,10.323,37.16,11.10,0.00,1,Coast,18.7723
391.0,40,4.000,10.283,37.02,11.10,0.00,1,Coast,18.7723
392.0,40,4.000,10.243,36.87,11.10,0.00,1,Coast,18.7723
393.0,40,4.000,10.203,36.73,11.10,0.00,1,Coast,18.7723
394.0,40,4.000,10.163,36.59,11.10,0.00,1,Coast,18.7723
395.0,40,4.000,10.123,36.44,11.10,0.00,1,Coast,18.7723
396.0,40,4.000,10.083,36.30,11.10,0.00,1,Coast,18.7723
397.0,40,4.000,10.043,36.16,11.10,0.00,1,Coast,18.7723
398.0,41,4.100,10.004,36.01,11.10,0.00,2,Cruise,18.7723
399.0,41,4.100,10.087,36.31,11.10,0.00,2,Cruise,18.7723
400.0,41,4.100,10.170,36.61,11.10,0.00,2,Cruise,18.7723
401.0,41,4.100,10.253,36.91,11.10,0.00,2,Cruise,18.7723
402.0,41,4.100,10.337,37.21,11.10,0.00,2,Cruise,18.7723
403.0,41,4.100,10.420,37.51,11.10,0.00,2,Cruise,18.7723
404.0,41,4.100,10.503,37.81,11.10,0.00,2,Cruise,18.7723
405.0,41,4.100,10.585,38.11,11.10,0.00,2,Cruise,18.7723
406.0,41,4.100,10.668,38.41,11.10,0.00,2,Cruise,18.7723
407.0,41,4.100,10.751,38.70,11.10,0.00,2,Cruise,18.7723
408.0,42,4.200,10.834,39.00,11.10,0.00,1,Coast,18.7723
409.0,42,4.200,10.789,38.84,11.10,0.00,1,Coast,18.7723
410.0,42,4.200,10.744,38.68,11.10,0.00,1,Coast,18.7723
411.0,42,4.200,10.699,38.51,11.10,0.00,1,Coast,18.7723
412.0,42,4.200,10.654,38.35,11.10,0.00,1,Coast,18.7723
413.0,42,4.200,10.609,38.19,11.10,0.00,1,Coast,18.7723
414.0,42,4.200,10.564,38.03,11.10,0.00,1,Coast,18.7723
415.0,42,4.200,10.519,37.87,11.10,0.00,1,Coast,18.7723
416.0,42,4.200,10.474,37.71,11.10,0.00,1,Coast,18.7723
417.0,43,4.300,10.430,37.55,11.10,0.00,1,Coast,18.7723
418.0,43,4.300,10.426,37.53,11.10,0.00,1,Coast,18.7723
419.0,43,4.300,10.422,37.52,11.10,0.00,1,Coast,18.7723
420.0,43,4.300,10.419,37.51,11.10,0.00,1,Coast,18.7723
421.0,43,4.300,10.415,37.49,11.10,0.00,1,Coast,18.7723
422.0,43,4.300,10.412,37.48,11.10,0.00,1,Coast,18.7723
423.0,43,4.300,10.408,37.47,11.10,0.00,1,Coast,18.7723
424.0,43,4.300,10.404,37.46,11.10,0.00,1,Coast,18.7723
425.0,43,4.300,10.401,37.44,11.10,0.00,1,Coast,18.7723
426.0,43,4.300,10.397,37.43,11.10,0.00,1,Coast,18.7723
427.0,44,4.400,10.394,37.42,11.10,0.00,1,Coast,18.7723
428.0,44,4.400,10.375,37.35,11.10,0.00,1,Coast,18.7723
429.0,44,4.400,10.356,37.28,11.10,0.00,1,Coast,18.7723
430.0,44,4.400,10.337,37.21,11.10,0.00,1,Coast,18.7723
431.0,44,4.400,10.318,37.15,11.10,0.00,1,Coast,18.7723
432.0,44,4.400,10.300,37.08,11.10,0.00,1,Coast,18.7723
433.0,44,4.400,10.281,37.01,11.10,0.00,1,Coast,18.7723
434.0,44,4.400,10.262,36.94,11.10,0.00,1,Coast,18.7723
435.0,44,4.400,10.243,36.88,11.10,0.00,1,Coast,18.7723
436.0,44,4.400,10.225,36.81,11.10,0.00,1,Coast,18.7723
437.0,45,4.500,10.206,36.74,11.10,0.00,1,Coast,18.7723
438.0,45,4.500,10.128,36.46,11.10,0.00,1,Coast,18.7723
439.0,45,4.500,10.049,36.18,11.10,0.00,1,Coast,18.7723
440.0,45,4.500,9.971,35.90,11.10,0.00,1,Coast,18.7723
441.0,45,4.500,9.893,35.61,11.10,0.00,1,Coast,18.7723
442.0,45,4.500,9.814,35.33,11.10,0.00,3,Power,18.7723
443.0,45,4.500,10.414,37.49,11.10,0.00,1,Coast,19.8143
444.0,45,4.500,10.336,37.21,11.10,0.00,1,Coast,19.8143
445.0,45,4.500,10.257,36.93,11.10,0.00,1,Coast,19.8143
446.0,46,4.600,10.179,36.64,11.10,0.00,1,Coast,19.8143
447.0,46,4.600,10.365,37.31,11.10,0.00,1,Coast,19.8143
448.0,46,4.600,10.552,37.99,11.10,0.00,1,Coast,19.8143
449.0,46,4.600,10.738,38.66,11.10,0.00,0,Brake,19.8143
450.0,46,4.600,10.124,36.45,11.10,0.00,1,Coast,19.8143
451.0,46,4.600,10.310,37.12,11.10,0.00,1,Coast,19.8143
452.0,46,4.600,10.497,37.79,11.10,0.00,1,Coast,19.8143
453.0,46,4.600,10.683,38.46,11.10,0.00,0,Brake,19.8143
454.0,46,4.600,10.069,36.25,11.10,0.00,1,Coast,19.8143
455.0,46,4.600,10.256,36.92,11.10,0.00,1,Coast,19.8143
456.0,47,4.700,10.442,37.59,11.10,0.00,1,Coast,19.8143
457.0,47,4.700,10.320,37.15,11.10,0.00,1,Coast,19.8143
458.0,47,4.700,10.198,36.71,11.10,0.00,1,Coast,19.8143
459.0,47,4.700,10.076,36.27,11.10,0.00,1,Coast,19.8143
460.0,47,4.700,9.953,35.83,11.10,0.00,3,Power,19.8143
461.0,47,4.700,10.553,37.99,11.10,0.00,1,Coast,20.8559
462.0,47,4.700,10.431,37.55,11.10,0.00,1,Coast,20.8559
463.0,47,4.700,10.309,37.11,11.10,0.00,1,Coast,20.8559
464.0,47,4.700,10.186,36.67,11.10,0.00,1,Coast,20.8559
465.0,47,4.700,10.064,36.23,11.10,0.00,1,Coast,20.8559
466.0,48,4.800,9.942,35.79,11.10,0.00,1,Coast,20.8559
467.0,48,4.800,9.897,35.63,11.10,0.00,1,Coast,20.8559
468.0,48,4.800,9.852,35.47,11.10,0.00,1,Coast,20.8559
469.0,48,4.800,9.807,35.31,11.10,0.00,1,Coast,20.8559
470.0,48,4.800,9.763,35.15,11.10,0.00,3,Power,20.8559
471.0,48,4.800,10.363,37.31,11.10,0.00,1,Coast,21.8981
472.0,48,4.800,10.317,37.14,11.10,0.00,1,Coast,21.8981
473.0,48,4.800,10.272,36.98,11.10,0.00,1,Coast,21.8981
474.0,48,4.800,10.227,36.82,11.10,0.00,1,Coast,21.8981
475.0,48,4.800,10.181,36.65,11.10,0.00,1,Coast,21.8981
476.0,49,4.900,10.136,36.49,22.20,0.00,3,Power,21.8981
477.0,49,4.900,10.736,38.65,22.20,0.00,3,Power,22.6347
478.0,49,4.900,11.336,40.81,22.20,0.00,3,Power,23.4138
479.0,49,4.900,11.936,42.97,22.20,0.00,3,Power,24.2351
480.0,49,4.900,12.536,45.13,22.20,0.00,3,Power,25.0989
481.0,49,4.900,13.136,47.29,22.20,0.00,3,Power,26.0050
482.0,49,4.900,13.736,49.45,22.20,0.00,3,Power,26.9534
483.0,49,4.900,14.336,51.61,22.20,0.00,3,Power,27.9442
484.0,50,5.000,14.936,53.77,22.20,0.00,3,Power,28.9765
485.0,50,5.000,15.331,55.19,22.20,0.00,3,Power,30.0009
486.0,50,5.000,15.710,56.56,22.20,0.00,3,Power,31.0246
487.0,50,5.000,16.075,57.87,22.20,0.00,3,Power,32.0474
488.0,50,5.000,16.428,59.14,22.20,0.00,3,Power,33.0696
489.0,50,5.000,16.768,60.37,22.20,0.00,3,Power,34.0912
490.0,51,5.100,17.098,61.55,22.20,0.00,3,Power,35.1123
491.0,51,5.100,17.567,63.24,22.20,0.00,3,Power,36.1372
492.0,51,5.100,18.022,64.88,22.20,0.00,3,Power,37.1615
493.0,51,5.100,18.465,66.47,22.20,0.00,3,Power,38.1850
494.0,51,5.100,18.895,68.02,22.20,0.00,3,Power,39.2079
495.0,51,5.100,19.314,69.53,22.20,0.00,3,Power,40.2302
496.0,52,5.200,19.723,71.00,22.20,0.00,3,Power,41.2520
497.0,52,5.200,20.323,73.16,22.20,0.00,3,Power,42.2785
498.0,52,5.200,20.923,75.32,22.20,0.00,2,Cruise,43.3045
499.0,52,5.200,21.178,76.24,22.20,0.00,2,Cruise,43.3045
500.0,52,5.200,21.433,77.16,22.20,0.00,2,Cruise,43.3045
501.0,53,5.300,21.687,78.07,22.20,0.00,2,Cruise,43.3045
502.0,53,5.300,21.751,78.30,22.20,0.00,2,Cruise,43.3045
503.0,53,5.300,21.815,78.53,22.20,0.00,2,Cruise,43.3045
504.0,53,5.300,21.879,78.76,22.20,0.00,2,Cruise,43.3045
505.0,54,5.400,21.943,79.00,22.20,0.00,2,Cruise,43.3045
506.0,54,5.400,21.943,79.00,22.20,0.00,2,Cruise,43.3867
507.0,54,5.400,21.943,79.00,22.20,0.00,2,Cruise,43.4689
508.0,54,5.400,21.943,79.00,22.20,0.00,2,Cruise,43.5510
509.0,54,5.400,21.943,79.00,22.20,0.00,2,Cruise,43.6332
510.0,55,5.500,21.943,79.00,22.20,0.00,1,Coast,43.7154
511.0,55,5.500,21.798,78.47,22.20,0.00,1,Coast,43.7154
512.0,55,5.500,21.654,77.95,22.20,0.00,1,Coast,43.7154
513.0,55,5.500,21.510,77.44,22.20,0.00,1,Coast,43.7154
514.0,56,5.600,21.366,76.92,22.20,0.00,3,Power,43.7154
515.0,56,5.600,21.742,78.27,22.20,0.00,1,Coast,44.7354
516.0,56,5.600,21.715,78.18,22.20,0.00,1,Coast,44.7354
517.0,56,5.600,21.689,78.08,22.20,0.00,1,Coast,44.7354
518.0,56,5.600,21.662,77.98,22.20,0.00,1,Coast,44.7354
519.0,57,5.700,21.636,77.89,22.20,0.00,1,Coast,44.7354
520.0,57,5.700,21.638,77.90,22.20,0.00,1,Coast,44.7354
521.0,57,5.700,21.640,77.90,22.20,0.00,1,Coast,44.7354
522.0,57,5.700,21.642,77.91,22.20,0.00,1,Coast,44.7354
523.0,57,5.700,21.644,77.92,22.20,0.00,1,Coast,44.7354
524.0,58,5.800,21.645,77.92,22.20,0.00,1,Coast,44.7354
525.0,58,5.800,21.656,77.96,22.20,0.00,1,Coast,44.7354
526.0,58,5.800,21.667,78.00,22.20,0.00,1,Coast,44.7354
527.0,58,5.800,21.677,78.04,22.20,0.00,1,Coast,44.7354
528.0,59,5.900,21.688,78.08,22.20,0.00,2,Cruise,44.7354
529.0,59,5.900,21.798,78.47,22.20,0.00,2,Cruise,44.7354
530.0,59,5.900,21.907,78.87,22.20,0.00,2,Cruise,44.7354
531.0,59,5.900,22.016,79.26,22.20,0.00,2,Cruise,44.7354
532.0,59,5.900,22.125,79.65,22.20,0.00,0,Brake,44.7354
533.0,60,6.000,21.434,77.16,22.20,0.00,1,Coast,44.7354
534.0,60,6.000,21.423,77.12,22.20,0.00,1,Coast,44.7354
535.0,60,6.000,21.411,77.08,22.20,0.00,1,Coast,44.7354
536.0,60,6.000,21.400,77.04,22.20,0.00,1,Coast,44.7354
537.0,61,6.100,21.388,77.00,22.20,0.00,2,Cruise,44.7354
538.0,61,6.100,21.506,77.42,22.20,0.00,2,Cruise,44.7354
539.0,61,6.100,21.623,77.84,22.20,0.00,2,Cruise,44.7354
540.0,61,6.100,21.740,78.26,22.20,0.00,2,Cruise,44.7354
541.0,61,6.100,21.856,78.68,22.20,0.00,2,Cruise,44.7354
542.0,62,6.200,21.973,79.10,22.20,0.00,2,Cruise,44.7354
543.0,62,6.200,22.063,79.43,22.20,0.00,2,Cruise,44.7354
544.0,62,6.200,22.153,79.75,22.20,0.00,0,Brake,44.7354
545.0,62,6.200,21.443,77.20,22.20,0.00,2,Cruise,44.7354
546.0,62,6.200,21.534,77.52,22.20,0.00,2,Cruise,44.7354
547.0,63,6.300,21.625,77.85,22.20,0.00,1,Coast,44.7354
548.0,63,6.300,21.548,77.57,22.20,0.00,1,Coast,44.7354
549.0,63,6.300,21.471,77.29,22.20,0.00,1,Coast,44.7354
550.0,63,6.300,21.394,77.02,22.20,0.00,1,Coast,44.7354
551.0,64,6.400,21.317,76.74,22.20,0.00,2,Cruise,44.7354
552.0,64,6.400,21.422,77.12,22.20,0.00,2,Cruise,44.7354
553.0,64,6.400,21.527,77.50,22.20,0.00,2,Cruise,44.7354
554.0,64,6.400,21.632,77.87,22.20,0.00,2,Cruise,44.7354
555.0,64,6.400,21.736,78.25,22.20,0.00,2,Cruise,44.7354
556.0,65,6.500,21.841,78.63,22.20,0.00,2,Cruise,44.7354
557.0,65,6.500,22.008,79.23,22.20,0.00,2,Cruise,44.7354
558.0,65,6.500,22.174,79.83,22.20,0.00,0,Brake,44.7354
559.0,65,6.500,21.541,77.55,22.20,0.00,2,Cruise,44.7354
560.0,65,6.500,21.708,78.15,22.20,0.00,2,Cruise,44.7354
561.0,66,6.600,21.875,78.75,22.20,0.00,2,Cruise,44.7354
562.0,66,6.600,21.990,79.16,22.20,0.00,2,Cruise,44.7354
563.0,66,6.600,22.104,79.57,22.20,0.00,2,Cruise,44.7354
564.0,66,6.600,22.217,79.98,22.20,0.02,0,Brake,44.7354
565.0,67,6.700,21.531,77.51,22.20,0.00,2,Cruise,44.7354
566.0,67,6.700,21.572,77.66,22.20,0.00,2,Cruise,44.7354
567.0,67,6.700,21.613,77.81,22.20,0.00,2,Cruise,44.7354
568.0,67,6.700,21.653,77.95,22.20,0.00,2,Cruise,44.7354
569.0,67,6.700,21.694,78.10,22.20,0.00,2,Cruise,44.7354
570.0,68,6.800,21.735,78.24,22.20,0.00,2,Cruise,44.7354
571.0,68,6.800,21.735,78.24,22.20,0.00,2,Cruise,44.7689
572.0,68,6.800,21.735,78.24,22.20,0.00,2,Cruise,44.8024
573.0,68,6.800,21.735,78.24,22.20,0.00,2,Cruise,44.8360
574.0,69,6.900,21.735,78.24,22.20,0.00,1,Coast,44.8695
575.0,69,6.900,21.638,77.90,22.20,0.00,1,Coast,44.8695
576.0,69,6.900,21.541,77.55,22.20,0.00,1,Coast,44.8695
577.0,69,6.900,21.445,77.20,22.20,0.00,1,Coast,44.8695
578.0,69,6.900,21.349,76.85,22.20,0.00,1,Coast,44.8695
579.0,70,7.000,21.252,76.51,22.20,0.00,2,Cruise,44.8695
580.0,70,7.000,21.252,76.51,22.20,0.00,2,Cruise,44.8908
581.0,70,7.000,21.252,76.51,22.20,0.00,2,Cruise,44.9121
582.0,70,7.000,21.252,76.51,22.20,0.00,2,Cruise,44.9334
583.0,70,7.000,21.252,76.51,22.20,0.00,2,Cruise,44.9548
584.0,71,7.100,21.252,76.51,22.20,0.00,2,Cruise,44.9761
585.0,71,7.100,21.372,76.94,22.20,0.00,2,Cruise,44.9761
586.0,71,7.100,21.491,77.37,22.20,0.00,2,Cruise,44.9761
587.0,71,7.100,21.610,77.79,22.20,0.00,2,Cruise,44.9761
588.0,72,7.200,21.728,78.22,22.20,0.00,2,Cruise,44.9761
589.0,72,7.200,21.784,78.42,22.20,0.00,2,Cruise,44.9761
590.0,72,7.200,21.840,78.63,22.20,0.00,2,Cruise,44.9761
591.0,72,7.200,21.896,78.83,22.20,0.00,2,Cruise,44.9761
592.0,72,7.200,21.952,79.03,22.20,0.00,2,Cruise,44.9761
593.0,73,7.300,22.008,79.23,22.20,0.00,2,Cruise,44.9761
594.0,73,7.300,22.045,79.36,22.20,0.00,2,Cruise,44.9761
595.0,73,7.300,22.082,79.49,22.20,0.00,2,Cruise,44.9761
596.0,73,7.300,22.119,79.63,22.20,0.00,2,Cruise,44.9761
597.0,74,7.400,22.155,79.76,22.20,0.00,2,Cruise,44.9761
598.0,74,7.400,22.222,80.00,22.20,0.02,2,Cruise,44.9761
599.0,74,7.400,22.288,80.24,22.20,0.09,0,Brake,44.9761
600.0,74,7.400,21.555,77.60,22.20,0.00,2,Cruise,44.9761
601.0,74,7.400,21.622,77.84,22.20,0.00,2,Cruise,44.9761
602.0,75,7.500,21.689,78.08,22.20,0.00,2,Cruise,44.9761
603.0,75,7.500,21.689,78.08,22.20,0.00,2,Cruise,45.0852
604.0,75,7.500,21.689,78.08,22.20,0.00,2,Cruise,45.1943
605.0,75,7.500,21.689,78.08,22.20,0.00,2,Cruise,45.3034
606.0,75,7.500,21.689,78.08,22.20,0.00,2,Cruise,45.4125
607.0,76,7.600,21.689,78.08,22.20,0.00,2,Cruise,45.5216
608.0,76,7.600,21.689,78.08,22.20,0.00,2,Cruise,45.6692
609.0,76,7.600,21.689,78.08,22.20,0.00,2,Cruise,45.8169
610.0,76,7.600,21.689,78.08,22.20,0.00,2,Cruise,45.9645
611.0,77,7.700,21.689,78.08,22.20,0.00,2,Cruise,46.1121
612.0,77,7.700,21.696,78.11,22.20,0.00,2,Cruise,46.1121
613.0,77,7.700,21.704,78.13,22.20,0.00,2,Cruise,46.1121
614.0,77,7.700,21.711,78.16,22.20,0.00,2,Cruise,46.1121
615.0,77,7.700,21.718,78.18,22.20,0.00,2,Cruise,46.1121
616.0,78,7.800,21.725,78.21,22.20,0.00,2,Cruise,46.1121
617.0,78,7.800,21.788,78.44,22.20,0.00,2,Cruise,46.1121
618.0,78,7.800,21.851,78.67,22.20,0.00,2,Cruise,46.1121
619.0,78,7.800,21.915,78.89,22.20,0.00,2,Cruise,46.1121
620.0,79,7.900,21.978,79.12,22.20,0.00,2,Cruise,46.1121
621.0,79,7.900,21.998,79.19,22.20,0.00,2,Cruise,46.1121
622.0,79,7.900,22.019,79.27,22.20,0.00,2,Cruise,46.1121
623.0,79,7.900,22.040,79.34,22.20,0.00,2,Cruise,46.1121
624.0,79,7.900,22.061,79.42,22.20,0.00,2,Cruise,46.1121
625.0,80,8.000,22.081,79.49,22.20,0.00,2,Cruise,46.1121
626.0,80,8.000,22.081,79.49,22.20,0.00,2,Cruise,46.1987
627.0,80,8.000,22.081,79.49,22.20,0.00,2,Cruise,46.2853
628.0,80,8.000,22.081,79.49,22.20,0.00,2,Cruise,46.3719
629.0,81,8.100,22.081,79.49,22.20,0.00,2,Cruise,46.4586
630.0,81,8.100,22.081,79.49,22.20,0.00,2,Cruise,46.8773
631.0,81,8.100,22.081,79.49,22.20,0.00,2,Cruise,47.2960
632.0,81,8.100,22.081,79.49,22.20,0.00,2,Cruise,47.7147
633.0,81,8.100,22.081,79.49,22.20,0.00,2,Cruise,48.1334
634.0,82,8.200,22.081,79.49,22.20,0.00,2,Cruise,48.5521
635.0,82,8.200,22.083,79.50,22.20,0.00,2,Cruise,48.5521
636.0,82,8.200,22.085,79.51,22.20,0.00,2,Cruise,48.5521
637.0,82,8.200,22.087,79.51,22.20,0.00,2,Cruise,48.5521
638.0,82,8.200,22.088,79.52,22.20,0.00,2,Cruise,48.5521
639.0,83,8.300,22.090,79.52,22.20,0.00,2,Cruise,48.5521
640.0,83,8.300,22.163,79.79,22.20,0.00,2,Cruise,48.5521
641.0,83,8.300,22.237,80.05,22.20,0.04,0,Brake,48.5521
642.0,83,8.300,21.510,77.44,22.20,0.00,2,Cruise,48.5521
643.0,84,8.400,21.584,77.70,22.20,0.00,2,Cruise,48.5521
644.0,84,8.400,21.629,77.86,22.20,0.00,2,Cruise,48.5521
645.0,84,8.400,21.673,78.02,22.20,0.00,2,Cruise,48.5521
646.0,84,8.400,21.717,78.18,22.20,0.00,2,Cruise,48.5521
647.0,84,8.400,21.761,78.34,22.20,0.00,2,Cruise,48.5521
648.0,85,8.500,21.805,78.50,22.20,0.00,2,Cruise,48.5521
649.0,85,8.500,21.805,78.50,22.20,0.00,2,Cruise,48.7028
650.0,85,8.500,21.805,78.50,22.20,0.00,2,Cruise,48.8534
651.0,85,8.500,21.805,78.50,22.20,0.00,2,Cruise,49.0041
652.0,86,8.600,21.805,78.50,22.20,0.00,2,Cruise,49.1548
653.0,86,8.600,21.805,78.50,22.20,0.00,2,Cruise,49.2220
654.0,86,8.600,21.805,78.50,22.20,0.00,2,Cruise,49.2892
655.0,86,8.600,21.805,78.50,22.20,0.00,2,Cruise,49.3565
656.0,86,8.600,21.805,78.50,22.20,0.00,2,Cruise,49.4237
657.0,87,8.700,21.805,78.50,22.20,0.00,2,Cruise,49.4909
658.0,87,8.700,21.810,78.52,22.20,0.00,2,Cruise,49.4909
659.0,87,8.700,21.816,78.54,22.20,0.00,2,Cruise,49.4909
660.0,87,8.700,21.821,78.55,22.20,0.00,2,Cruise,49.4909
661.0,88,8.800,21.826,78.57,22.20,0.00,2,Cruise,49.4909
662.0,88,8.800,21.826,78.57,22.20,0.00,2,Cruise,49.6302
663.0,88,8.800,21.826,78.57,22.20,0.00,2,Cruise,49.7694
664.0,88,8.800,21.826,78.57,22.20,0.00,2,Cruise,49.9086
665.0,88,8.800,21.826,78.57,22.20,0.00,2,Cruise,50.0478
666.0,89,8.900,21.826,78.57,22.20,0.00,2,Cruise,50.1871
667.0,89,8.900,21.826,78.57,22.20,0.00,2,Cruise,50.4187
668.0,89,8.900,21.826,78.57,22.20,0.00,2,Cruise,50.6503
669.0,89,8.900,21.826,78.57,22.20,0.00,2,Cruise,50.8819
670.0,89,8.900,21.826,78.57,22.20,0.00,2,Cruise,51.1136
671.0,90,9.000,21.826,78.57,22.20,0.00,2,Cruise,51.3452
672.0,90,9.000,21.826,78.57,22.20,0.00,2,Cruise,51.4221
673.0,90,9.000,21.826,78.57,22.20,0.00,2,Cruise,51.4990
674.0,90,9.000,21.826,78.57,22.20,0.00,2,Cruise,51.5759
675.0,91,9.100,21.826,78.57,22.20,0.00,2,Cruise,51.6529
676.0,91,9.100,21.826,78.57,22.20,0.00,2,Cruise,51.8669
677.0,91,9.100,21.826,78.57,22.20,0.00,2,Cruise,52.0810
678.0,91,9.100,21.826,78.57,22.20,0.00,2,Cruise,52.2951
679.0,91,9.100,21.826,78.57,22.20,0.00,2,Cruise,52.5092
680.0,92,9.200,21.826,78.57,22.20,0.00,2,Cruise,52.7233
681.0,92,9.200,21.826,78.57,22.20,0.00,2,Cruise,52.9794
682.0,92,9.200,21.826,78.57,22.20,0.00,2,Cruise,53.2355
683.0,92,9.200,21.826,78.57,22.20,0.00,2,Cruise,53.4916
684.0,93,9.300,21.826,78.57,22.20,0.00,2,Cruise,53.7477
685.0,93,9.300,21.826,78.57,22.20,0.00,2,Cruise,53.7718
686.0,93,9.300,21.826,78.57,22.20,0.00,2,Cruise,53.7959
687.0,93,9.300,21.826,78.57,22.20,0.00,2,Cruise,53.8200
688.0,93,9.300,21.826,78.57,22.20,0.00,2,Cruise,53.8441
689.0,94,9.400,21.826,78.57,22.20,0.00,2,Cruise,53.8682
690.0,94,9.400,21.826,78.57,22.20,0.00,2,Cruise,54.1112
691.0,94,9.400,21.826,78.57,22.20,0.00,2,Cruise,54.3543
692.0,94,9.400,21.826,78.57,22.20,0.00,2,Cruise,54.5973
693.0,95,9.500,21.826,78.57,22.20,0.00,2,Cruise,54.8403
694.0,95,9.500,21.826,78.57,22.20,0.00,2,Cruise,54.8857
695.0,95,9.500,21.826,78.57,22.20,0.00,2,Cruise,54.9310
696.0,95,9.500,21.826,78.57,22.20,0.00,2,Cruise,54.9763
697.0,95,9.500,21.826,78.57,22.20,0.00,2,Cruise,55.0216
698.0,96,9.600,21.826,78.57,22.20,0.00,2,Cruise,55.0670
699.0,96,9.600,21.910,78.88,22.20,0.00,2,Cruise,55.0670
700.0,96,9.600,21.995,79.18,22.20,0.00,2,Cruise,55.0670
701.0,96,9.600,22.079,79.49,22.20,0.00,2,Cruise,55.0670
702.0,96,9.600,22.163,79.79,22.20,0.00,2,Cruise,55.0670
703.0,97,9.700,22.247,80.09,22.20,0.05,2,Cruise,55.0670
704.0,97,9.700,22.247,80.09,22.20,0.05,2,Cruise,55.1301
705.0,97,9.700,22.247,80.09,22.20,0.05,2,Cruise,55.1932
706.0,97,9.700,22.247,80.09,22.20,0.05,2,Cruise,55.2563
707.0,98,9.800,22.247,80.09,22.20,0.05,0,Brake,55.3194
708.0,98,9.800,21.833,78.60,22.20,0.00,0,Brake,55.3194
709.0,98,9.800,21.418,77.11,22.20,0.00,0,Brake,55.3194
710.0,98,9.800,21.005,75.62,22.20,0.00,2,Cruise,55.3194
711.0,98,9.800,21.392,77.01,22.20,0.00,0,Brake,55.3194
712.0,99,9.900,20.978,75.52,22.20,0.00,2,Cruise,55.3194
713.0,99,9.900,21.223,76.40,22.20,0.00,2,Cruise,55.3194
714.0,99,9.900,21.468,77.28,22.20,0.00,0,Brake,55.3194
715.0,99,9.900,20.912,75.28,22.20,0.00,2,Cruise,55.3194
716.0,100,10.000,21.157,76.17,22.20,0.00,2,Cruise,55.3194
717.0,100,10.000,21.078,75.88,22.20,0.00,2,Cruise,56.3286
718.0,100,10.000,21.000,75.60,22.20,0.00,2,Cruise,57.3379
719.0,100,10.000,20.924,75.33,22.20,0.00,2,Cruise,58.3472
720.0,100,10.000,20.850,75.06,22.20,0.00,2,Cruise,59.3565
721.0,101,10.100,20.777,74.80,22.20,0.00,2,Cruise,60.3658
722.0,101,10.100,20.795,74.86,22.20,0.00,2,Cruise,60.3658
723.0,101,10.100,20.813,74.93,22.20,0.00,2,Cruise,60.3658
724.0,101,10.100,20.831,74.99,22.20,0.00,2,Cruise,60.3658
725.0,101,10.100,20.849,75.06,22.20,0.00,2,Cruise,60.3658
726.0,102,10.200,20.867,75.12,22.20,0.00,3,Power,60.3658
727.0,102,10.200,21.210,76.36,22.20,0.00,3,Power,61.3852
728.0,102,10.200,21.545,77.56,22.20,0.00,2,Cruise,62.4043
729.0,102,10.200,21.545,77.56,22.20,0.00,2,Cruise,62.5825
730.0,102,10.200,21.545,77.56,22.20,0.00,2,Cruise,62.7607
731.0,103,10.300,21.545,77.56,22.20,0.00,1,Coast,62.9389
732.0,103,10.300,21.420,77.11,22.20,0.00,1,Coast,62.9389
733.0,103,10.300,21.294,76.66,22.20,0.00,3,Power,62.9389
734.0,103,10.300,21.573,77.66,22.20,0.00,1,Coast,63.9566
735.0,104,10.400,21.448,77.21,22.20,0.00,2,Cruise,63.9566
736.0,104,10.400,21.581,77.69,22.20,0.00,2,Cruise,63.9566
737.0,104,10.400,21.715,78.17,22.20,0.00,2,Cruise,63.9566
738.0,104,10.400,21.848,78.65,22.20,0.00,2,Cruise,63.9566
739.0,104,10.400,21.981,79.13,22.20,0.00,2,Cruise,63.9566
740.0,105,10.500,22.114,79.61,22.20,0.00,1,Coast,63.9566
741.0,105,10.500,22.090,79.52,22.20,0.00,1,Coast,63.9566
742.0,105,10.500,22.065,79.43,22.20,0.00,1,Coast,63.9566
743.0,105,10.500,22.041,79.35,22.20,0.00,1,Coast,63.9566
744.0,105,10.500,22.016,79.26,22.20,0.00,1,Coast,63.9566
745.0,106,10.600,21.992,79.17,22.20,0.00,2,Cruise,63.9566
746.0,106,10.600,22.110,79.60,22.20,0.00,0,Brake,63.9566
747.0,106,10.600,21.428,77.14,22.20,0.00,3,Power,63.9566
748.0,106,10.600,21.949,79.02,22.20,0.00,2,Cruise,64.9800
749.0,107,10.700,22.067,79.44,22.20,0.00,2,Cruise,64.9800
750.0,107,10.700,22.122,79.64,22.20,0.00,0,Brake,64.9800
751.0,107,10.700,21.377,76.96,22.20,0.00,3,Power,64.9800
752.0,107,10.700,21.835,78.61,22.20,0.00,1,Coast,66.0020
753.0,107,10.700,21.890,78.81,22.20,0.00,2,Cruise,66.0020
754.0,108,10.800,21.946,79.00,22.20,0.00,1,Coast,66.0020
755.0,108,10.800,21.978,79.12,22.20,0.00,1,Coast,66.0020
756.0,108,10.800,22.011,79.24,22.20,0.00,1,Coast,66.0020
757.0,108,10.800,22.044,79.36,22.20,0.00,1,Coast,66.0020
758.0,109,10.900,22.077,79.48,22.20,0.00,2,Cruise,66.0020
759.0,109,10.900,22.201,79.92,22.20,0.00,0,Brake,66.0020
760.0,109,10.900,21.524,77.49,22.20,0.00,2,Cruise,66.0020
761.0,109,10.900,21.649,77.94,22.20,0.00,2,Cruise,66.0020
762.0,109,10.900,21.773,78.38,22.20,0.00,2,Cruise,66.0020
763.0,110,11.000,21.898,78.83,22.20,0.00,2,Cruise,66.0020
764.0,110,11.000,21.961,79.06,22.20,0.00,2,Cruise,66.0020
765.0,110,11.000,22.025,79.29,22.20,0.00,2,Cruise,66.0020
766.0,110,11.000,22.089,79.52,22.20,0.00,2,Cruise,66.0020
767.0,111,11.100,22.152,79.75,22.20,0.00,0,Brake,66.0020
768.0,111,11.100,21.441,77.19,22.20,0.00,2,Cruise,66.0020
769.0,111,11.100,21.532,77.51,22.20,0.00,2,Cruise,66.0020
770.0,111,11.100,21.622,77.84,22.20,0.00,2,Cruise,66.0020
771.0,111,11.100,21.712,78.16,22.20,0.00,2,Cruise,66.0020
772.0,112,11.200,21.802,78.49,22.20,0.00,2,Cruise,66.0020
773.0,112,11.200,21.844,78.64,22.20,0.00,2,Cruise,66.0020
774.0,112,11.200,21.887,78.79,22.20,0.00,2,Cruise,66.0020
775.0,112,11.200,21.929,78.94,22.20,0.00,2,Cruise,66.0020
776.0,112,11.200,21.971,79.09,22.20,0.00,2,Cruise,66.0020
777.0,113,11.300,22.013,79.25,22.20,0.00,1,Coast,66.0020
778.0,113,11.300,22.003,79.21,22.20,0.00,1,Coast,66.0020
779.0,113,11.300,21.994,79.18,22.20,0.00,1,Coast,66.0020
780.0,113,11.300,21.984,79.14,22.20,0.00,1,Coast,66.0020
781.0,114,11.400,21.975,79.11,22.20,0.00,2,Cruise,66.0020
782.0,114,11.400,22.072,79.46,22.20,0.00,2,Cruise,66.0020
783.0,114,11.400,22.168,79.81,22.20,0.00,0,Brake,66.0020
784.0,114,11.400,21.465,77.27,22.20,0.00,2,Cruise,66.0020
785.0,114,11.400,21.562,77.62,22.20,0.00,2,Cruise,66.0020
786.0,115,11.500,21.660,77.98,22.20,0.00,3,Power,66.0020
787.0,115,11.500,22.057,79.41,22.20,0.00,2,Cruise,67.0224
788.0,115,11.500,22.057,79.41,22.20,0.00,2,Cruise,67.0229
789.0,115,11.500,22.057,79.41,22.20,0.00,2,Cruise,67.0235
790.0,116,11.600,22.057,79.41,22.20,0.00,2,Cruise,67.0241
791.0,116,11.600,22.097,79.55,22.20,0.00,2,Cruise,67.0241
792.0,116,11.600,22.136,79.69,22.20,0.00,2,Cruise,67.0241
793.0,116,11.600,22.176,79.83,22.20,0.00,0,Brake,67.0241
794.0,116,11.600,21.415,77.09,22.20,0.00,3,Power,67.0241
795.0,117,11.700,21.857,78.68,22.20,0.00,2,Cruise,68.0456
796.0,117,11.700,21.896,78.82,22.20,0.00,2,Cruise,68.0456
797.0,117,11.700,21.934,78.96,22.20,0.00,2,Cruise,68.0456
798.0,117,11.700,21.973,79.10,22.20,0.00,2,Cruise,68.0456
799.0,118,11.800,22.012,79.24,22.20,0.00,2,Cruise,68.0456
800.0,118,11.800,22.127,79.66,22.20,0.00,2,Cruise,68.0456
801.0,118,11.800,22.243,80.07,22.20,0.04,0,Brake,68.0456
802.0,118,11.800,21.558,77.61,22.20,0.00,2,Cruise,68.0456
803.0,118,11.800,21.674,78.03,22.20,0.00,2,Cruise,68.0456
804.0,119,11.900,21.790,78.44,22.20,0.00,2,Cruise,68.0456
805.0,119,11.900,21.790,78.44,22.20,0.00,2,Cruise,68.0858
806.0,119,11.900,21.790,78.44,22.20,0.00,2,Cruise,68.1259
807.0,119,11.900,21.790,78.44,22.20,0.00,2,Cruise,68.1661
808.0,120,12.000,21.790,78.44,22.20,0.00,2,Cruise,68.2062
809.0,120,12.000,21.802,78.49,22.20,0.00,2,Cruise,68.2062
810.0,120,12.000,21.814,78.53,22.20,0.00,2,Cruise,68.2062
811.0,120,12.000,21.825,78.57,22.20,0.00,2,Cruise,68.2062
812.0,120,12.000,21.837,78.61,22.20,0.00,2,Cruise,68.2062
813.0,121,12.100,21.849,78.65,22.20,0.00,2,Cruise,68.2062
814.0,121,12.100,21.983,79.14,22.20,0.00,2,Cruise,68.2062
815.0,121,12.100,22.117,79.62,22.20,0.00,2,Cruise,68.2062
816.0,121,12.100,22.250,80.10,22.20,0.05,2,Cruise,68.2062
817.0,121,12.100,22.384,80.58,22.20,0.18,0,Brake,68.2062
818.0,122,12.200,21.717,78.18,22.20,0.00,2,Cruise,68.2062
819.0,122,12.200,21.717,78.18,22.20,0.00,2,Cruise,68.3124
820.0,122,12.200,21.717,78.18,22.20,0.00,2,Cruise,68.4186
821.0,122,12.200,21.717,78.18,22.20,0.00,2,Cruise,68.5248
822.0,123,12.300,21.717,78.18,22.20,0.00,1,Coast,68.6309
823.0,123,12.300,21.690,78.09,22.20,0.00,1,Coast,68.6309
824.0,123,12.300,21.664,77.99,22.20,0.00,1,Coast,68.6309
825.0,123,12.300,21.637,77.89,22.20,0.00,1,Coast,68.6309
826.0,123,12.300,21.611,77.80,22.20,0.00,1,Coast,68.6309
827.0,124,12.400,21.584,77.70,22.20,0.00,1,Coast,68.6309
828.0,124,12.400,21.562,77.62,22.20,0.00,1,Coast,68.6309
829.0,124,12.400,21.540,77.55,22.20,0.00,3,Power,68.6309
830.0,124,12.400,21.918,78.90,22.20,0.00,1,Coast,69.6509
831.0,125,12.500,21.895,78.82,22.20,0.00,2,Cruise,69.6509
832.0,125,12.500,21.977,79.12,22.20,0.00,2,Cruise,69.6509
833.0,125,12.500,22.059,79.41,22.20,0.00,2,Cruise,69.6509
834.0,125,12.500,22.140,79.70,22.20,0.00,2,Cruise,69.6509
835.0,125,12.500,22.221,80.00,22.20,0.02,0,Brake,69.6509
836.0,126,12.600,21.503,77.41,22.20,0.00,2,Cruise,69.6509
837.0,126,12.600,21.565,77.63,22.20,0.00,2,Cruise,69.6509
838.0,126,12.600,21.627,77.86,22.20,0.00,2,Cruise,69.6509
839.0,126,12.600,21.688,78.08,22.20,0.00,2,Cruise,69.6509
840.0,126,12.600,21.750,78.30,22.20,0.00,2,Cruise,69.6509
841.0,127,12.700,21.812,78.52,22.20,0.00,2,Cruise,69.6509
842.0,127,12.700,21.927,78.94,22.20,0.00,2,Cruise,69.6509
843.0,127,12.700,22.043,79.35,22.20,0.00,2,Cruise,69.6509
844.0,127,12.700,22.158,79.77,22.20,0.00,2,Cruise,69.6509
845.0,128,12.800,22.273,80.18,22.20,0.07,2,Cruise,69.6509
846.0,128,12.800,22.298,80.27,22.20,0.10,2,Cruise,69.6509
847.0,128,12.800,22.322,80.36,22.20,0.12,2,Cruise,69.6509
848.0,128,12.800,22.346,80.45,22.20,0.15,2,Cruise,69.6509
849.0,128,12.800,22.371,80.53,22.20,0.17,2,Cruise,69.6509
850.0,129,12.900,22.395,80.62,22.20,0.19,2,Cruise,69.6509
851.0,129,12.900,22.471,80.89,22.20,0.27,0,Brake,69.6509
852.0,129,12.900,21.746,78.29,22.20,0.00,2,Cruise,69.6509
853.0,129,12.900,21.823,78.56,22.20,0.00,2,Cruise,69.6509
854.0,130,13.000,21.900,78.84,22.20,0.00,2,Cruise,69.6509
855.0,130,13.000,21.953,79.03,22.20,0.00,2,Cruise,69.6509
856.0,130,13.000,22.006,79.22,22.20,0.00,2,Cruise,69.6509
857.0,130,13.000,22.058,79.41,22.20,0.00,2,Cruise,69.6509
858.0,130,13.000,22.111,79.60,22.20,0.00,2,Cruise,69.6509
859.0,131,13.100,22.163,79.79,22.20,0.00,2,Cruise,69.6509
860.0,131,13.100,22.231,80.03,22.20,0.03,2,Cruise,69.6509
861.0,131,13.100,22.298,80.27,22.20,0.10,2,Cruise,69.6509
862.0,131,13.100,22.366,80.52,22.20,0.17,2,Cruise,69.6509
863.0,132,13.200,22.433,80.76,22.20,0.23,2,Cruise,69.6509
864.0,132,13.200,22.433,80.76,22.20,0.23,2,Cruise,69.6603
865.0,132,13.200,22.433,80.76,22.20,0.23,2,Cruise,69.6697
866.0,132,13.200,22.433,80.76,22.20,0.23,2,Cruise,69.6791
867.0,132,13.200,22.433,80.76,22.20,0.23,2,Cruise,69.6885
868.0,133,13.300,22.433,80.76,22.20,0.23,2,Cruise,69.6979
869.0,133,13.300,22.504,81.01,22.20,0.30,0,Brake,69.6979
870.0,133,13.300,21.774,78.39,22.20,0.00,2,Cruise,69.6979
871.0,133,13.300,21.846,78.65,22.20,0.00,2,Cruise,69.6979
872.0,134,13.400,21.917,78.90,22.20,0.00,2,Cruise,69.6979
873.0,134,13.400,21.935,78.97,22.20,0.00,2,Cruise,69.6979
874.0,134,13.400,21.952,79.03,22.20,0.00,2,Cruise,69.6979
875.0,134,13.400,21.969,79.09,22.20,0.00,2,Cruise,69.6979
876.0,134,13.400,21.986,79.15,22.20,0.00,2,Cruise,69.6979
877.0,135,13.500,22.003,79.21,22.20,0.00,2,Cruise,69.6979
878.0,135,13.500,22.033,79.32,22.20,0.00,2,Cruise,69.6979
879.0,135,13.500,22.063,79.43,22.20,0.00,2,Cruise,69.6979
880.0,135,13.500,22.093,79.53,22.20,0.00,2,Cruise,69.6979
881.0,136,13.600,22.122,79.64,22.20,0.00,0,Brake,69.6979
882.0,136,13.600,21.708,78.15,22.20,0.00,0,Brake,69.6979
883.0,136,13.600,21.295,76.66,22.20,0.00,2,Cruise,69.6979
884.0,136,13.600,21.683,78.06,22.20,0.00,0,Brake,69.6979
885.0,136,13.600,21.269,76.57,22.20,0.00,2,Cruise,69.6979
886.0,137,13.700,21.657,77.96,22.20,0.00,2,Cruise,69.6979
887.0,137,13.700,21.848,78.65,22.20,0.00,2,Cruise,69.6979
888.0,137,13.700,22.039,79.34,22.20,0.00,2,Cruise,69.6979
889.0,137,13.700,22.230,80.03,22.20,0.03,0,Brake,69.6979
890.0,138,13.800,21.621,77.83,22.20,0.00,2,Cruise,69.6979
891.0,138,13.800,21.621,77.83,22.20,0.00,2,Cruise,69.8435
892.0,138,13.800,21.621,77.83,22.20,0.00,2,Cruise,69.9892
893.0,138,13.800,21.621,77.83,22.20,0.00,2,Cruise,70.1348
894.0,138,13.800,21.621,77.83,22.20,0.00,2,Cruise,70.2804
895.0,139,13.900,21.621,77.83,22.20,0.00,2,Cruise,70.4260
896.0,139,13.900,21.700,78.12,22.20,0.00,2,Cruise,70.4260
897.0,139,13.900,21.779,78.41,22.20,0.00,2,Cruise,70.4260
898.0,139,13.900,21.859,78.69,22.20,0.00,2,Cruise,70.4260
899.0,139,13.900,21.938,78.98,22.20,0.00,2,Cruise,70.4260
900.0,140,14.000,22.017,79.26,22.20,0.00,2,Cruise,70.4260
901.0,140,14.000,22.017,79.26,22.20,0.00,2,Cruise,70.4276
902.0,140,14.000,22.017,79.26,22.20,0.00,2,Cruise,70.4291
903.0,140,14.000,22.017,79.26,22.20,0.00,2,Cruise,70.4306
904.0,141,14.100,22.017,79.26,22.20,0.00,2,Cruise,70.4322
905.0,141,14.100,22.137,79.69,22.20,0.00,2,Cruise,70.4322
906.0,141,14.100,22.256,80.12,22.20,0.06,2,Cruise,70.4322
907.0,141,14.100,22.376,80.55,22.20,0.18,0,Brake,70.4322
908.0,141,14.100,21.696,78.10,22.20,0.00,2,Cruise,70.4322
909.0,142,14.200,21.816,78.54,22.20,0.00,2,Cruise,70.4322
910.0,142,14.200,21.816,78.54,22.20,0.00,2,Cruise,70.4742
911.0,142,14.200,21.816,78.54,22.20,0.00,2,Cruise,70.5163
912.0,142,14.200,21.816,78.54,22.20,0.00,2,Cruise,70.5584
913.0,143,14.300,21.816,78.54,22.20,0.00,2,Cruise,70.6004
914.0,143,14.300,21.816,78.54,22.20,0.00,2,Cruise,70.6646
915.0,143,14.300,21.816,78.54,22.20,0.00,2,Cruise,70.7288
916.0,143,14.300,21.816,78.54,22.20,0.00,2,Cruise,70.7930
917.0,143,14.300,21.816,78.54,22.20,0.00,2,Cruise,70.8572
918.0,144,14.400,21.816,78.54,22.20,0.00,2,Cruise,70.9213
919.0,144,14.400,21.952,79.03,22.20,0.00,2,Cruise,70.9213
920.0,144,14.400,22.088,79.52,22.20,0.00,0,Brake,70.9213
921.0,144,14.400,21.423,77.12,22.20,0.00,2,Cruise,70.9213
922.0,145,14.500,21.560,77.62,22.20,0.00,2,Cruise,70.9213
923.0,145,14.500,21.649,77.94,22.20,0.00,2,Cruise,70.9213
924.0,145,14.500,21.738,78.26,22.20,0.00,2,Cruise,70.9213
925.0,145,14.500,21.827,78.58,22.20,0.00,2,Cruise,70.9213
926.0,145,14.500,21.916,78.90,22.20,0.00,2,Cruise,70.9213
927.0,146,14.600,22.004,79.22,22.20,0.00,0,Brake,70.9213
928.0,146,14.600,21.788,78.44,22.20,0.00,0,Brake,70.9213
929.0,146,14.600,21.571,77.66,22.20,0.00,0,Brake,70.9213
930.0,146,14.600,21.355,76.88,22.20,0.00,0,Brake,70.9213
931.0,146,14.600,21.140,76.10,22.20,0.00,2,Cruise,70.9213
932.0,147,14.700,21.725,78.21,22.20,0.00,2,Cruise,70.9213
933.0,147,14.700,21.725,78.21,22.20,0.00,2,Cruise,71.6719
934.0,147,14.700,21.725,78.21,22.20,0.00,2,Cruise,72.4225
935.0,147,14.700,21.725,78.21,22.20,0.00,2,Cruise,73.1730
936.0,148,14.800,21.725,78.21,22.20,0.00,2,Cruise,73.9236
937.0,148,14.800,21.725,78.21,22.20,0.00,2,Cruise,74.2080
938.0,148,14.800,21.725,78.21,22.20,0.00,2,Cruise,74.4923
939.0,148,14.800,21.725,78.21,22.20,0.00,2,Cruise,74.7767
940.0,148,14.800,21.725,78.21,22.20,0.00,2,Cruise,75.0611
941.0,149,14.900,21.725,78.21,22.20,0.00,1,Coast,75.3455
942.0,149,14.900,21.537,77.53,22.20,0.00,1,Coast,75.3455
943.0,149,14.900,21.349,76.86,22.20,0.00,2,Cruise,75.3455
944.0,149,14.900,21.349,76.86,22.20,0.00,2,Cruise,75.8160
945.0,149,14.900,21.349,76.86,22.20,0.00,2,Cruise,76.2866
946.0,150,15.000,21.349,76.86,22.20,0.00,2,Cruise,76.7572
947.0,150,15.000,21.349,76.86,22.20,0.00,2,Cruise,77.1127
948.0,150,15.000,21.349,76.86,22.20,0.00,2,Cruise,77.4682
949.0,150,15.000,21.349,76.86,22.20,0.00,2,Cruise,77.8238
950.0,151,15.100,21.349,76.86,22.20,0.00,2,Cruise,78.1793
951.0,151,15.100,21.390,77.00,22.20,0.00,2,Cruise,78.1793
952.0,151,15.100,21.430,77.15,22.20,0.00,2,Cruise,78.1793
953.0,151,15.100,21.471,77.30,22.20,0.00,2,Cruise,78.1793
954.0,151,15.100,21.511,77.44,22.20,0.00,2,Cruise,78.1793
955.0,152,15.200,21.552,77.59,22.20,0.00,2,Cruise,78.1793
956.0,152,15.200,21.661,77.98,22.20,0.00,2,Cruise,78.1793
957.0,152,15.200,21.769,78.37,22.20,0.00,2,Cruise,78.1793
958.0,152,15.200,21.877,78.76,22.20,0.00,2,Cruise,78.1793
959.0,152,15.200,21.986,79.15,22.20,0.00,0,Brake,78.1793
960.0,153,15.300,21.294,76.66,22.20,0.00,2,Cruise,78.1793
961.0,153,15.300,21.294,76.66,22.20,0.00,2,Cruise,78.1917
962.0,153,15.300,21.294,76.66,22.20,0.00,2,Cruise,78.2041
963.0,153,15.300,21.294,76.66,22.20,0.00,2,Cruise,78.2165
964.0,154,15.400,21.294,76.66,22.20,0.00,2,Cruise,78.2289
965.0,154,15.400,21.303,76.69,22.20,0.00,2,Cruise,78.2289
966.0,154,15.400,21.313,76.73,22.20,0.00,2,Cruise,78.2289
967.0,154,15.400,21.323,76.76,22.20,0.00,2,Cruise,78.2289
968.0,154,15.400,21.333,76.80,22.20,0.00,2,Cruise,78.2289
969.0,155,15.500,21.342,76.83,22.20,0.00,2,Cruise,78.2289
970.0,155,15.500,21.363,76.91,22.20,0.00,2,Cruise,78.2289
971.0,155,15.500,21.383,76.98,22.20,0.00,2,Cruise,78.2289
972.0,155,15.500,21.403,77.05,22.20,0.00,2,Cruise,78.2289
973.0,155,15.500,21.424,77.13,22.20,0.00,2,Cruise,78.2289
974.0,156,15.600,21.444,77.20,22.20,0.00,2,Cruise,78.2289
975.0,156,15.600,21.444,77.20,22.20,0.00,2,Cruise,78.6077
976.0,156,15.600,21.444,77.20,22.20,0.00,2,Cruise,78.9866
977.0,156,15.600,21.444,77.20,22.20,0.00,2,Cruise,79.3654
978.0,157,15.700,21.444,77.20,22.20,0.00,3,Power,79.7442
979.0,157,15.700,22.003,79.21,22.20,0.00,0,Brake,80.7685
980.0,157,15.700,21.361,76.90,22.20,0.00,3,Power,80.7685
981.0,157,15.700,21.922,78.92,22.20,0.00,0,Brake,81.7929
982.0,157,15.700,21.280,76.61,22.20,0.00,3,Power,81.7929
983.0,158,15.800,21.843,78.64,22.20,0.00,2,Cruise,82.8173
984.0,158,15.800,21.843,78.64,22.20,0.00,2,Cruise,83.0092
985.0,158,15.800,21.843,78.64,22.20,0.00,2,Cruise,83.2011
986.0,158,15.800,21.843,78.64,22.20,0.00,2,Cruise,83.3930
987.0,159,15.900,21.843,78.64,22.20,0.00,0,Brake,83.5849
988.0,159,15.900,21.229,76.43,22.20,0.00,2,Cruise,83.5849
989.0,159,15.900,21.417,77.10,22.20,0.00,2,Cruise,83.5849
990.0,159,15.900,21.603,77.77,22.20,0.00,2,Cruise,83.5849
991.0,159,15.900,21.790,78.44,22.20,0.00,0,Brake,83.5849
992.0,160,16.000,21.176,76.23,22.20,0.00,2,Cruise,83.5849
993.0,160,16.000,21.176,76.23,22.20,0.00,2,Cruise,83.8298
994.0,160,16.000,21.176,76.23,22.20,0.00,2,Cruise,84.0748
995.0,160,16.000,21.176,76.23,22.20,0.00,2,Cruise,84.3198
996.0,160,16.000,21.176,76.23,22.20,0.00,2,Cruise,84.5648
997.0,161,16.100,21.176,76.23,1.00,0.00,0,Brake,84.8098
998.0,161,16.100,20.376,73.35,1.00,0.00,0,Brake,84.8098
999.0,161,16.100,19.576,70.47,1.00,0.00,0,Brake,84.8098
1000.0,161,16.100,18.776,67.59,1.00,0.00,0,Brake,84.8098
1001.0,161,16.100,17.976,64.71,1.00,0.00,0,Brake,84.8098
1002.0,162,16.200,17.176,61.83,22.20,0.00,3,Power,84.8098
1003.0,162,16.200,17.712,63.76,22.20,0.00,3,Power,85.8367
1004.0,162,16.200,18.233,65.64,22.20,0.00,3,Power,86.8626
1005.0,162,16.200,18.738,67.46,22.20,0.00,3,Power,87.8877
1006.0,162,16.200,19.231,69.23,22.20,0.00,3,Power,88.9121
1007.0,163,16.300,19.710,70.96,22.20,0.00,3,Power,89.9359
1008.0,163,16.300,20.199,72.72,22.20,0.00,3,Power,90.9595
1009.0,163,16.300,20.676,74.44,22.20,0.00,3,Power,91.9826
1010.0,163,16.300,21.143,76.12,22.20,0.00,2,Cruise,93.0051
1011.0,163,16.300,21.194,76.30,22.20,0.00,2,Cruise,93.0051
1012.0,164,16.400,21.244,76.48,22.20,0.00,2,Cruise,93.0051
1013.0,164,16.400,21.357,76.88,22.20,0.00,2,Cruise,93.0051
1014.0,164,16.400,21.469,77.29,22.20,0.00,2,Cruise,93.0051
1015.0,164,16.400,21.581,77.69,22.20,0.00,2,Cruise,93.0051
1016.0,164,16.400,21.694,78.10,22.20,0.00,2,Cruise,93.0051
1017.0,165,16.500,21.805,78.50,22.20,0.00,2,Cruise,93.0051
1018.0,165,16.500,21.840,78.62,22.20,0.00,2,Cruise,93.0051
1019.0,165,16.500,21.875,78.75,22.20,0.00,2,Cruise,93.0051
1020.0,165,16.500,21.910,78.87,22.20,0.00,2,Cruise,93.0051
1021.0,166,16.600,21.944,79.00,22.20,0.00,2,Cruise,93.0051
1022.0,166,16.600,21.965,79.07,22.20,0.00,2,Cruise,93.0051
1023.0,166,16.600,21.986,79.15,22.20,0.00,2,Cruise,93.0051
1024.0,166,16.600,22.007,79.23,22.20,0.00,2,Cruise,93.0051
1025.0,166,16.600,22.028,79.30,22.20,0.00,2,Cruise,93.0051
1026.0,167,16.700,22.049,79.38,22.20,0.00,2,Cruise,93.0051
1027.0,167,16.700,22.092,79.53,22.20,0.00,2,Cruise,93.0051
1028.0,167,16.700,22.135,79.69,22.20,0.00,2,Cruise,93.0051
1029.0,167,16.700,22.178,79.84,22.20,0.00,2,Cruise,93.0051
1030.0,168,16.800,22.220,79.99,22.20,0.02,2,Cruise,93.0051
1031.0,168,16.800,22.229,80.03,22.20,0.03,2,Cruise,93.0051
1032.0,168,16.800,22.239,80.06,22.20,0.04,2,Cruise,93.0051
1033.0,168,16.800,22.248,80.09,22.20,0.05,2,Cruise,93.0051
1034.0,168,16.800,22.257,80.13,22.20,0.06,2,Cruise,93.0051
1035.0,169,16.900,22.266,80.16,22.20,0.07,2,Cruise,93.0051
1036.0,169,16.900,22.326,80.37,22.20,0.13,0,Brake,93.0051
1037.0,169,16.900,21.586,77.71,22.20,0.00,2,Cruise,93.0051
1038.0,169,16.900,21.647,77.93,22.20,0.00,2,Cruise,93.0051
1039.0,169,16.900,21.707,78.15,22.20,0.00,2,Cruise,93.0051
1040.0,170,17.000,21.768,78.37,22.20,0.00,2,Cruise,93.0051
1041.0,170,17.000,21.768,78.37,22.20,0.00,2,Cruise,93.0156
1042.0,170,17.000,21.768,78.37,22.20,0.00,2,Cruise,93.0261
1043.0,170,17.000,21.768,78.37,22.20,0.00,2,Cruise,93.0366
1044.0,171,17.100,21.768,78.37,22.20,0.00,2,Cruise,93.0471
1045.0,171,17.100,21.768,78.37,22.20,0.00,2,Cruise,93.2766
1046.0,171,17.100,21.768,78.37,22.20,0.00,2,Cruise,93.5062
1047.0,171,17.100,21.768,78.37,22.20,0.00,2,Cruise,93.7358
1048.0,171,17.100,21.768,78.37,22.20,0.00,2,Cruise,93.9653
1049.0,172,17.200,21.768,78.37,22.20,0.00,2,Cruise,94.1949
1050.0,172,17.200,21.817,78.54,22.20,0.00,2,Cruise,94.1949
1051.0,172,17.200,21.865,78.72,22.20,0.00,2,Cruise,94.1949
1052.0,172,17.200,21.914,78.89,22.20,0.00,2,Cruise,94.1949
1053.0,173,17.300,21.962,79.06,22.20,0.00,2,Cruise,94.1949
1054.0,173,17.300,21.962,79.06,22.20,0.00,2,Cruise,94.4540
1055.0,173,17.300,21.962,79.06,22.20,0.00,2,Cruise,94.7131
1056.0,173,17.300,21.962,79.06,22.20,0.00,2,Cruise,94.9722
1057.0,173,17.300,21.962,79.06,22.20,0.00,2,Cruise,95.2313
1058.0,174,17.400,21.962,79.06,22.20,0.00,2,Cruise,95.4904
1059.0,174,17.400,21.975,79.11,22.20,0.00,2,Cruise,95.4904
1060.0,174,17.400,21.987,79.15,22.20,0.00,2,Cruise,95.4904
1061.0,174,17.400,21.999,79.20,22.20,0.00,2,Cruise,95.4904
1062.0,175,17.500,22.012,79.24,22.20,0.00,2,Cruise,95.4904
1063.0,175,17.500,22.012,79.24,22.20,0.00,2,Cruise,95.6229
1064.0,175,17.500,22.012,79.24,22.20,0.00,2,Cruise,95.7554
1065.0,175,17.500,22.012,79.24,22.20,0.00,2,Cruise,95.8879
1066.0,175,17.500,22.012,79.24,22.20,0.00,2,Cruise,96.0204
1067.0,176,17.600,22.012,79.24,22.20,0.00,2,Cruise,96.1529
1068.0,176,17.600,22.012,79.24,22.20,0.00,2,Cruise,96.2859
1069.0,176,17.600,22.012,79.24,22.20,0.00,2,Cruise,96.4190
1070.0,176,17.600,22.012,79.24,22.20,0.00,2,Cruise,96.5520
1071.0,177,17.700,22.012,79.24,22.20,0.00,2,Cruise,96.6851
1072.0,177,17.700,22.100,79.56,22.20,0.00,2,Cruise,96.6851
1073.0,177,17.700,22.189,79.88,22.20,0.00,2,Cruise,96.6851
1074.0,177,17.700,22.277,80.20,22.20,0.08,2,Cruise,96.6851
1075.0,177,17.700,22.365,80.51,22.20,0.17,0,Brake,96.6851
1076.0,178,17.800,21.653,77.95,22.20,0.00,2,Cruise,96.6851
1077.0,178,17.800,21.679,78.04,22.20,0.00,2,Cruise,96.6851
1078.0,178,17.800,21.704,78.14,22.20,0.00,2,Cruise,96.6851
1079.0,178,17.800,21.730,78.23,22.20,0.00,2,Cruise,96.6851
1080.0,178,17.800,21.756,78.32,22.20,0.00,2,Cruise,96.6851
1081.0,179,17.900,21.781,78.41,22.20,0.00,2,Cruise,96.6851
1082.0,179,17.900,21.827,78.58,22.20,0.00,2,Cruise,96.6851
1083.0,179,17.900,21.874,78.74,22.20,0.00,2,Cruise,96.6851
1084.0,179,17.900,21.920,78.91,22.20,0.00,2,Cruise,96.6851
1085.0,180,18.000,21.966,79.08,22.20,0.00,2,Cruise,96.6851
1086.0,180,18.000,21.983,79.14,22.20,0.00,2,Cruise,96.6851
1087.0,180,18.000,22.001,79.20,22.20,0.00,2,Cruise,96.6851
1088.0,180,18.000,22.018,79.26,22.20,0.00,2,Cruise,96.6851
1089.0,180,18.000,22.035,79.33,22.20,0.00,2,Cruise,96.6851
1090.0,181,18.100,22.053,79.39,22.20,0.00,2,Cruise,96.6851
1091.0,181,18.100,22.130,79.67,22.20,0.00,2,Cruise,96.6851
1092.0,181,18.100,22.207,79.95,22.20,0.01,2,Cruise,96.6851
1093.0,181,18.100,22.284,80.22,22.20,0.08,0,Brake,96.6851
1094.0,182,18.200,21.562,77.62,22.20,0.00,2,Cruise,96.6851
1095.0,182,18.200,21.625,77.85,22.20,0.00,2,Cruise,96.6851
1096.0,182,18.200,21.688,78.08,22.20,0.00,2,Cruise,96.6851
1097.0,182,18.200,21.751,78.30,22.20,0.00,2,Cruise,96.6851
1098.0,182,18.200,21.814,78.53,22.20,0.00,2,Cruise,96.6851
1099.0,183,18.300,21.877,78.76,22.20,0.00,2,Cruise,96.6851
1100.0,183,18.300,21.877,78.76,22.20,0.00,2,Cruise,96.9821
1101.0,183,18.300,21.877,78.76,22.20,0.00,2,Cruise,97.2791
1102.0,183,18.300,21.877,78.76,22.20,0.00,2,Cruise,97.5761
1103.0,184,18.400,21.877,78.76,22.20,0.00,2,Cruise,97.8731
1104.0,184,18.400,21.877,78.76,22.20,0.00,2,Cruise,98.0981
1105.0,184,18.400,21.877,78.76,22.20,0.00,2,Cruise,98.3232
1106.0,184,18.400,21.877,78.76,22.20,0.00,2,Cruise,98.5482
1107.0,184,18.400,21.877,78.76,22.20,0.00,2,Cruise,98.7732
1108.0,185,18.500,21.877,78.76,22.20,0.00,2,Cruise,98.9983
1109.0,185,18.500,21.877,78.76,22.20,0.00,2,Cruise,99.1102
1110.0,185,18.500,21.877,78.76,22.20,0.00,2,Cruise,99.2220
1111.0,185,18.500,21.877,78.76,22.20,0.00,2,Cruise,99.3339
1112.0,185,18.500,21.877,78.76,22.20,0.00,2,Cruise,99.4458
1113.0,186,18.600,21.877,78.76,22.20,0.00,2,Cruise,99.5577
1114.0,186,18.600,21.877,78.76,22.20,0.00,2,Cruise,99.6219
1115.0,186,18.600,21.877,78.76,22.20,0.00,2,Cruise,99.6862
1116.0,186,18.600,21.877,78.76,22.20,0.00,2,Cruise,99.7505
1117.0,187,18.700,21.877,78.76,22.20,0.00,2,Cruise,99.8147
1118.0,187,18.700,21.881,78.77,22.20,0.00,2,Cruise,99.8147
1119.0,187,18.700,21.885,78.78,22.20,0.00,2,Cruise,99.8147
1120.0,187,18.700,21.888,78.80,22.20,0.00,2,Cruise,99.8147
1121.0,187,18.700,21.892,78.81,22.20,0.00,2,Cruise,99.8147
1122.0,188,18.800,21.896,78.83,22.20,0.00,2,Cruise,99.8147
1123.0,188,18.800,21.896,78.83,22.20,0.00,2,Cruise,100.2171
1124.0,188,18.800,21.896,78.83,22.20,0.00,2,Cruise,100.6195
1125.0,188,18.800,21.896,78.83,22.20,0.00,2,Cruise,101.0218
1126.0,189,18.900,21.896,78.83,22.20,0.00,2,Cruise,101.4242
1127.0,189,18.900,21.896,78.83,22.20,0.00,2,Cruise,101.5122
1128.0,189,18.900,21.896,78.83,22.20,0.00,2,Cruise,101.6001
1129.0,189,18.900,21.896,78.83,22.20,0.00,2,Cruise,101.6881
1130.0,189,18.900,21.896,78.83,22.20,0.00,2,Cruise,101.7761
1131.0,190,19.000,21.896,78.83,22.20,0.00,2,Cruise,101.8640
1132.0,190,19.000,21.896,78.83,22.20,0.00,2,Cruise,102.0251
1133.0,190,19.000,21.896,78.83,22.20,0.00,2,Cruise,102.1862
1134.0,190,19.000,21.896,78.83,22.20,0.00,2,Cruise,102.3473
1135.0,191,19.100,21.896,78.83,22.20,0.00,2,Cruise,102.5084
1136.0,191,19.100,21.896,78.83,22.20,0.00,2,Cruise,102.6539
1137.0,191,19.100,21.896,78.83,22.20,0.00,2,Cruise,102.7994
1138.0,191,19.100,21.896,78.83,22.20,0.00,2,Cruise,102.9450
1139.0,191,19.100,21.896,78.83,22.20,0.00,2,Cruise,103.0905
1140.0,192,19.200,21.896,78.83,22.20,0.00,2,Cruise,103.2360
1141.0,192,19.200,21.896,78.83,22.20,0.00,2,Cruise,103.7348
1142.0,192,19.200,21.896,78.83,22.20,0.00,2,Cruise,104.2335
1143.0,192,19.200,21.896,78.83,22.20,0.00,2,Cruise,104.7322
1144.0,192,19.200,21.896,78.83,22.20,0.00,2,Cruise,105.2309
1145.0,193,19.300,21.896,78.83,22.20,0.00,2,Cruise,105.7297
1146.0,193,19.300,21.896,78.83,22.20,0.00,2,Cruise,106.0673
1147.0,193,19.300,21.896,78.83,22.20,0.00,2,Cruise,106.4049
1148.0,193,19.300,21.896,78.83,22.20,0.00,2,Cruise,106.7426
1149.0,194,19.400,21.896,78.83,22.20,0.00,2,Cruise,107.0802
1150.0,194,19.400,21.896,78.83,22.20,0.00,2,Cruise,107.2527
1151.0,194,19.400,21.896,78.83,22.20,0.00,2,Cruise,107.4251
1152.0,194,19.400,21.896,78.83,22.20,0.00,2,Cruise,107.5976
1153.0,194,19.400,21.896,78.83,22.20,0.00,2,Cruise,107.7700
1154.0,195,19.500,21.896,78.83,22.20,0.00,2,Cruise,107.9425
1155.0,195,19.500,21.968,79.09,22.20,0.00,2,Cruise,107.9425
1156.0,195,19.500,22.040,79.34,22.20,0.00,2,Cruise,107.9425
1157.0,195,19.500,22.112,79.60,22.20,0.00,2,Cruise,107.9425
1158.0,196,19.600,22.183,79.86,22.20,0.00,2,Cruise,107.9425
1159.0,196,19.600,22.183,79.86,22.20,0.00,2,Cruise,108.0104
1160.0,196,19.600,22.183,79.86,22.20,0.00,2,Cruise,108.0783
1161.0,196,19.600,22.183,79.86,22.20,0.00,2,Cruise,108.1462
1162.0,196,19.600,22.183,79.86,22.20,0.00,2,Cruise,108.2141
1163.0,197,19.700,22.183,79.86,22.20,0.00,2,Cruise,108.2821
1164.0,197,19.700,22.240,80.06,22.20,0.04,2,Cruise,108.2821
1165.0,197,19.700,22.296,80.27,22.20,0.10,2,Cruise,108.2821
1166.0,197,19.700,22.353,80.47,22.20,0.15,0,Brake,108.2821
1167.0,198,19.800,21.609,77.79,22.20,0.00,2,Cruise,108.2821
1168.0,198,19.800,21.622,77.84,22.20,0.00,2,Cruise,108.2821
1169.0,198,19.800,21.634,77.88,22.20,0.00,2,Cruise,108.2821
1170.0,198,19.800,21.647,77.93,22.20,0.00,2,Cruise,108.2821
1171.0,198,19.800,21.659,77.97,22.20,0.00,2,Cruise,108.2821
1172.0,199,19.900,21.672,78.02,22.20,0.00,2,Cruise,108.2821
1173.0,199,19.900,21.672,78.02,22.20,0.00,2,Cruise,108.3937
1174.0,199,19.900,21.672,78.02,22.20,0.00,2,Cruise,108.5053
1175.0,199,19.900,21.672,78.02,22.20,0.00,2,Cruise,108.6169
1176.0,200,20.000,21.672,78.02,22.20,0.00,2,Cruise,108.7285
1177.0,200,20.000,21.697,78.11,22.20,0.00,2,Cruise,108.7285
1178.0,200,20.000,21.721,78.20,22.20,0.00,2,Cruise,108.7285
1179.0,200,20.000,21.746,78.29,22.20,0.00,2,Cruise,108.7285
1180.0,200,20.000,21.770,78.37,22.20,0.00,2,Cruise,108.7285
1181.0,201,20.100,21.795,78.46,22.20,0.00,2,Cruise,108.7285
1182.0,201,20.100,21.835,78.60,22.20,0.00,2,Cruise,108.7285
1183.0,201,20.100,21.874,78.75,22.20,0.00,2,Cruise,108.7285
1184.0,201,20.100,21.914,78.89,22.20,0.00,2,Cruise,108.7285
1185.0,201,20.100,21.953,79.03,22.20,0.00,2,Cruise,108.7285
1186.0,202,20.200,21.993,79.17,22.20,0.00,2,Cruise,108.7285
1187.0,202,20.200,21.998,79.19,22.20,0.00,2,Cruise,108.7285
1188.0,202,20.200,22.003,79.21,22.20,0.00,2,Cruise,108.7285
1189.0,202,20.200,22.009,79.23,22.20,0.00,2,Cruise,108.7285
1190.0,203,20.300,22.014,79.25,22.20,0.00,2,Cruise,108.7285
1191.0,203,20.300,22.082,79.50,22.20,0.00,2,Cruise,108.7285
1192.0,203,20.300,22.151,79.74,22.20,0.00,2,Cruise,108.7285
1193.0,203,20.300,22.220,79.99,22.20,0.02,2,Cruise,108.7285
1194.0,203,20.300,22.288,80.24,22.20,0.09,2,Cruise,108.7285
1195.0,204,20.400,22.356,80.48,22.20,0.16,0,Brake,108.7285
1196.0,204,20.400,21.556,77.60,22.20,0.00,2,Cruise,108.7285
1197.0,204,20.400,21.556,77.60,22.20,0.00,2,Cruise,108.8062
1198.0,204,20.400,21.556,77.60,22.20,0.00,2,Cruise,108.8839
1199.0,205,20.500,21.556,77.60,22.20,0.00,2,Cruise,108.9617
1200.0,205,20.500,21.610,77.80,22.20,0.00,2,Cruise,108.9617
1201.0,205,20.500,21.664,77.99,22.20,0.00,2,Cruise,108.9617
1202.0,205,20.500,21.718,78.19,22.20,0.00,2,Cruise,108.9617
1203.0,205,20.500,21.772,78.38,22.20,0.00,2,Cruise,108.9617
1204.0,206,20.600,21.826,78.57,22.20,0.00,2,Cruise,108.9617
1205.0,206,20.600,21.826,78.57,22.20,0.00,2,Cruise,108.9617
1206.0,206,20.600,21.827,78.58,22.20,0.00,2,Cruise,108.9617
1207.0,206,20.600,21.827,78.58,22.20,0.00,2,Cruise,108.9617
1208.0,207,20.700,21.827,78.58,22.20,0.00,2,Cruise,108.9617
1209.0,207,20.700,21.857,78.69,22.20,0.00,2,Cruise,108.9617
1210.0,207,20.700,21.888,78.80,22.20,0.00,2,Cruise,108.9617
1211.0,207,20.700,21.918,78.90,22.20,0.00,2,Cruise,108.9617
1212.0,207,20.700,21.948,79.01,22.20,0.00,2,Cruise,108.9617
1213.0,208,20.800,21.978,79.12,22.20,0.00,2,Cruise,108.9617
1214.0,208,20.800,22.006,79.22,22.20,0.00,2,Cruise,108.9617
1215.0,208,20.800,22.035,79.33,22.20,0.00,2,Cruise,108.9617
1216.0,208,20.800,22.064,79.43,22.20,0.00,2,Cruise,108.9617
1217.0,208,20.800,22.092,79.53,22.20,0.00,2,Cruise,108.9617
1218.0,209,20.900,22.121,79.64,22.20,0.00,2,Cruise,108.9617
1219.0,209,20.900,22.121,79.64,22.20,0.00,2,Cruise,109.1062
1220.0,209,20.900,22.121,79.64,22.20,0.00,2,Cruise,109.2508
1221.0,209,20.900,22.121,79.64,22.20,0.00,2,Cruise,109.3954
1222.0,210,21.000,22.121,79.64,22.20,0.00,2,Cruise,109.5399
1223.0,210,21.000,22.121,79.64,22.20,0.00,2,Cruise,109.6748
1224.0,210,21.000,22.121,79.64,22.20,0.00,2,Cruise,109.8097
1225.0,210,21.000,22.121,79.64,22.20,0.00,2,Cruise,109.9445
1226.0,210,21.000,22.121,79.64,22.20,0.00,2,Cruise,110.0794
1227.0,211,21.100,22.121,79.64,22.20,0.00,2,Cruise,110.2142
1228.0,211,21.100,22.190,79.88,22.20,0.00,2,Cruise,110.2142
1229.0,211,21.100,22.259,80.13,22.20,0.06,2,Cruise,110.2142
1230.0,211,21.100,22.328,80.38,22.20,0.13,0,Brake,110.2142
1231.0,212,21.200,21.597,77.75,22.20,0.00,2,Cruise,110.2142
1232.0,212,21.200,21.598,77.75,22.20,0.00,2,Cruise,110.2142
1233.0,212,21.200,21.600,77.76,22.20,0.00,2,Cruise,110.2142
1234.0,212,21.200,21.601,77.76,22.20,0.00,2,Cruise,110.2142
1235.0,212,21.200,21.602,77.77,22.20,0.00,2,Cruise,110.2142
1236.0,213,21.300,21.604,77.77,22.20,0.00,2,Cruise,110.2142
1237.0,213,21.300,21.604,77.77,22.20,0.00,2,Cruise,110.3074
1238.0,213,21.300,21.604,77.77,22.20,0.00,2,Cruise,110.4006
1239.0,213,21.300,21.604,77.77,22.20,0.00,2,Cruise,110.4938
1240.0,214,21.400,21.604,77.77,22.20,0.00,2,Cruise,110.5869
1241.0,214,21.400,21.665,77.99,22.20,0.00,2,Cruise,110.5869
1242.0,214,21.400,21.725,78.21,22.20,0.00,2,Cruise,110.5869
1243.0,214,21.400,21.786,78.43,22.20,0.00,2,Cruise,110.5869
1244.0,214,21.400,21.847,78.65,22.20,0.00,2,Cruise,110.5869
1245.0,215,21.500,21.907,78.87,22.20,0.00,2,Cruise,110.5869
1246.0,215,21.500,21.924,78.93,22.20,0.00,2,Cruise,110.5869
1247.0,215,21.500,21.941,78.99,22.20,0.00,2,Cruise,110.5869
1248.0,215,21.500,21.958,79.05,22.20,0.00,2,Cruise,110.5869
1249.0,215,21.500,21.974,79.11,22.20,0.00,2,Cruise,110.5869
1250.0,216,21.600,21.991,79.17,22.20,0.00,2,Cruise,110.5869
1251.0,216,21.600,22.002,79.21,22.20,0.00,2,Cruise,110.5869
1252.0,216,21.600,22.014,79.25,22.20,0.00,2,Cruise,110.5869
1253.0,216,21.600,22.025,79.29,22.20,0.00,2,Cruise,110.5869
1254.0,217,21.700,22.036,79.33,22.20,0.00,2,Cruise,110.5869
1255.0,217,21.700,22.070,79.45,22.20,0.00,2,Cruise,110.5869
1256.0,217,21.700,22.105,79.58,22.20,0.00,2,Cruise,110.5869
1257.0,217,21.700,22.139,79.70,22.20,0.00,2,Cruise,110.5869
1258.0,217,21.700,22.174,79.82,22.20,0.00,2,Cruise,110.5869
1259.0,218,21.800,22.208,79.95,22.20,0.01,2,Cruise,110.5869
1260.0,218,21.800,22.218,79.99,22.20,0.02,2,Cruise,110.5869
1261.0,218,21.800,22.229,80.02,22.20,0.03,2,Cruise,110.5869
1262.0,218,21.800,22.239,80.06,22.20,0.04,2,Cruise,110.5869
1263.0,219,21.900,22.249,80.10,22.20,0.05,2,Cruise,110.5869
1264.0,219,21.900,22.249,80.10,22.20,0.05,2,Cruise,110.5968
1265.0,219,21.900,22.249,80.10,22.20,0.05,2,Cruise,110.6066
1266.0,219,21.900,22.249,80.10,22.20,0.05,2,Cruise,110.6164
1267.0,219,21.900,22.249,80.10,22.20,0.05,2,Cruise,110.6262
1268.0,220,22.000,22.249,80.10,22.20,0.05,2,Cruise,110.6360
1269.0,220,22.000,22.311,80.32,22.20,0.11,2,Cruise,110.6360
1270.0,220,22.000,22.372,80.54,22.20,0.17,0,Brake,110.6360
1271.0,220,22.000,21.633,77.88,22.20,0.00,2,Cruise,110.6360
1272.0,221,22.100,21.695,78.10,22.20,0.00,2,Cruise,110.6360
1273.0,221,22.100,21.697,78.11,22.20,0.00,2,Cruise,110.6360
1274.0,221,22.100,21.699,78.12,22.20,0.00,2,Cruise,110.6360
1275.0,221,22.100,21.701,78.12,22.20,0.00,2,Cruise,110.6360
1276.0,221,22.100,21.703,78.13,22.20,0.00,2,Cruise,110.6360
1277.0,222,22.200,21.704,78.14,22.20,0.00,2,Cruise,110.6360
1278.0,222,22.200,21.704,78.14,22.20,0.00,2,Cruise,110.6426
1279.0,222,22.200,21.704,78.14,22.20,0.00,2,Cruise,110.6492
1280.0,222,22.200,21.704,78.14,22.20,0.00,2,Cruise,110.6557
1281.0,223,22.300,21.704,78.14,22.20,0.00,2,Cruise,110.6623
1282.0,223,22.300,21.724,78.21,22.20,0.00,2,Cruise,110.6623
1283.0,223,22.300,21.744,78.28,22.20,0.00,2,Cruise,110.6623
1284.0,223,22.300,21.764,78.35,22.20,0.00,2,Cruise,110.6623
1285.0,223,22.300,21.784,78.42,22.20,0.00,2,Cruise,110.6623
1286.0,224,22.400,21.804,78.49,22.20,0.00,2,Cruise,110.6623
1287.0,224,22.400,21.827,78.58,22.20,0.00,2,Cruise,110.6623
1288.0,224,22.400,21.850,78.66,22.20,0.00,2,Cruise,110.6623
1289.0,224,22.400,21.874,78.74,22.20,0.00,2,Cruise,110.6623
1290.0,224,22.400,21.897,78.83,22.20,0.00,2,Cruise,110.6623
1291.0,225,22.500,21.920,78.91,22.20,0.00,2,Cruise,110.6623
1292.0,225,22.500,21.920,78.91,22.20,0.00,2,Cruise,110.7405
1293.0,225,22.500,21.920,78.91,22.20,0.00,2,Cruise,110.8186
1294.0,225,22.500,21.920,78.91,22.20,0.00,2,Cruise,110.8968
1295.0,226,22.600,21.920,78.91,22.20,0.00,2,Cruise,110.9749
1296.0,226,22.600,21.967,79.08,22.20,0.00,2,Cruise,110.9749
1297.0,226,22.600,22.013,79.25,22.20,0.00,2,Cruise,110.9749
1298.0,226,22.600,22.060,79.42,22.20,0.00,2,Cruise,110.9749
1299.0,226,22.600,22.107,79.58,22.20,0.00,2,Cruise,110.9749
1300.0,227,22.700,22.153,79.75,22.20,0.00,2,Cruise,110.9749
1301.0,227,22.700,22.163,79.79,22.20,0.00,2,Cruise,110.9749
1302.0,227,22.700,22.173,79.82,22.20,0.00,2,Cruise,110.9749
1303.0,227,22.700,22.182,79.86,22.20,0.00,2,Cruise,110.9749
1304.0,228,22.800,22.192,79.89,22.20,0.00,2,Cruise,110.9749
1305.0,228,22.800,22.192,79.89,22.20,0.00,2,Cruise,111.0453
1306.0,228,22.800,22.192,79.89,22.20,0.00,2,Cruise,111.1157
1307.0,228,22.800,22.192,79.89,22.20,0.00,2,Cruise,111.1860
1308.0,228,22.800,22.192,79.89,22.20,0.00,2,Cruise,111.2564
1309.0,229,22.900,22.192,79.89,22.20,0.00,2,Cruise,111.3268
1310.0,229,22.900,22.201,79.92,22.20,0.00,2,Cruise,111.3268
1311.0,229,22.900,22.209,79.95,22.20,0.01,2,Cruise,111.3268
1312.0,229,22.900,22.218,79.99,22.20,0.02,2,Cruise,111.3268
1313.0,230,23.000,22.227,80.02,22.20,0.03,2,Cruise,111.3268
1314.0,230,23.000,22.227,80.02,22.20,0.03,2,Cruise,111.4240
1315.0,230,23.000,22.227,80.02,22.20,0.03,2,Cruise,111.5212
1316.0,230,23.000,22.227,80.02,22.20,0.03,2,Cruise,111.6185
1317.0,230,23.000,22.227,80.02,22.20,0.03,2,Cruise,111.7157
1318.0,231,23.100,22.227,80.02,22.20,0.03,0,Brake,111.8129
1319.0,231,23.100,21.427,77.14,22.20,0.00,2,Cruise,111.8129
1320.0,231,23.100,21.427,77.14,22.20,0.00,2,Cruise,111.8259
1321.0,231,23.100,21.427,77.14,22.20,0.00,2,Cruise,111.8388
1322.0,232,23.200,21.427,77.14,22.20,0.00,2,Cruise,111.8518
1323.0,232,23.200,21.436,77.17,22.20,0.00,2,Cruise,111.8518
1324.0,232,23.200,21.445,77.20,22.20,0.00,2,Cruise,111.8518
1325.0,232,23.200,21.455,77.24,22.20,0.00,2,Cruise,111.8518
1326.0,232,23.200,21.464,77.27,22.20,0.00,2,Cruise,111.8518
1327.0,233,23.300,21.473,77.30,22.20,0.00,2,Cruise,111.8518
1328.0,233,23.300,21.505,77.42,22.20,0.00,2,Cruise,111.8518
1329.0,233,23.300,21.536,77.53,22.20,0.00,2,Cruise,111.8518
1330.0,233,23.300,21.568,77.64,22.20,0.00,2,Cruise,111.8518
1331.0,233,23.300,21.600,77.76,22.20,0.00,2,Cruise,111.8518
1332.0,234,23.400,21.631,77.87,22.20,0.00,2,Cruise,111.8518
1333.0,234,23.400,21.739,78.26,22.20,0.00,2,Cruise,111.8518
1334.0,234,23.400,21.846,78.65,22.20,0.00,0,Brake,111.8518
1335.0,234,23.400,21.154,76.15,22.20,0.00,3,Power,111.8518
1336.0,235,23.500,21.668,78.01,22.20,0.00,2,Cruise,112.8752
1337.0,235,23.500,21.697,78.11,22.20,0.00,2,Cruise,112.8752
1338.0,235,23.500,21.727,78.22,22.20,0.00,2,Cruise,112.8752
1339.0,235,23.500,21.756,78.32,22.20,0.00,2,Cruise,112.8752
1340.0,235,23.500,21.785,78.42,22.20,0.00,2,Cruise,112.8752
1341.0,236,23.600,21.814,78.53,22.20,0.00,2,Cruise,112.8752
1342.0,236,23.600,21.814,78.53,22.20,0.00,2,Cruise,112.9676
1343.0,236,23.600,21.814,78.53,22.20,0.00,2,Cruise,113.0601
1344.0,236,23.600,21.814,78.53,22.20,0.00,2,Cruise,113.1526
1345.0,237,23.700,21.814,78.53,22.20,0.00,2,Cruise,113.2451
1346.0,237,23.700,21.871,78.73,22.20,0.00,2,Cruise,113.2451
1347.0,237,23.700,21.928,78.94,22.20,0.00,0,Brake,113.2451
1348.0,237,23.700,21.184,76.26,22.20,0.00,3,Power,113.2451
1349.0,237,23.700,21.648,77.93,22.20,0.00,2,Cruise,114.2673
1350.0,238,23.800,21.705,78.14,22.20,0.00,1,Coast,114.2673
1351.0,238,23.800,21.745,78.28,22.20,0.00,1,Coast,114.2673
1352.0,238,23.800,21.785,78.43,22.20,0.00,1,Coast,114.2673
1353.0,238,23.800,21.825,78.57,22.20,0.00,1,Coast,114.2673
1354.0,238,23.800,21.864,78.71,22.20,0.00,1,Coast,114.2673
1355.0,239,23.900,21.904,78.85,22.20,0.00,1,Coast,114.2673
1356.0,239,23.900,21.902,78.85,22.20,0.00,1,Coast,114.2673
1357.0,239,23.900,21.901,78.84,22.20,0.00,1,Coast,114.2673
1358.0,239,23.900,21.899,78.84,22.20,0.00,1,Coast,114.2673
1359.0,240,24.000,21.898,78.83,22.20,0.00,1,Coast,114.2673
1360.0,240,24.000,21.926,78.93,22.20,0.00,1,Coast,114.2673
1361.0,240,24.000,21.954,79.03,22.20,0.00,1,Coast,114.2673
1362.0,240,24.000,21.982,79.13,22.20,0.00,0,Brake,114.2673
1363.0,240,24.000,21.209,76.35,22.20,0.00,1,Coast,114.2673
1364.0,241,24.100,21.239,76.46,1.00,0.00,0,Brake,114.2673
1365.0,241,24.100,20.453,73.63,1.00,0.00,0,Brake,114.2673
1366.0,241,24.100,19.669,70.81,1.00,0.00,0,Brake,114.2673
1367.0,241,24.100,18.886,67.99,1.00,0.00,0,Brake,114.2673
1368.0,241,24.100,18.104,65.18,1.00,0.00,0,Brake,114.2673
1369.0,242,24.200,17.324,62.37,22.20,0.00,3,Power,114.2673
1370.0,242,24.200,17.854,64.27,22.20,0.00,3,Power,115.2938
1371.0,242,24.200,18.368,66.13,22.20,0.00,3,Power,116.3195
1372.0,242,24.200,18.869,67.93,22.20,0.00,3,Power,117.3444
1373.0,242,24.200,19.356,69.68,22.20,0.00,3,Power,118.3686
1374.0,243,24.300,19.831,71.39,22.20,0.00,3,Power,119.3921
1375.0,243,24.300,20.285,73.03,22.20,0.00,3,Power,120.4148
1376.0,243,24.300,20.729,74.62,22.20,0.00,3,Power,121.4369
1377.0,243,24.300,21.163,76.19,22.20,0.00,2,Cruise,122.4586
1378.0,243,24.300,21.181,76.25,22.20,0.00,2,Cruise,122.4586
1379.0,244,24.400,21.200,76.32,22.20,0.00,2,Cruise,122.4586
1380.0,244,24.400,21.255,76.52,22.20,0.00,2,Cruise,122.4586
1381.0,244,24.400,21.310,76.72,22.20,0.00,2,Cruise,122.4586
1382.0,244,24.400,21.365,76.91,22.20,0.00,2,Cruise,122.4586
1383.0,244,24.400,21.420,77.11,22.20,0.00,2,Cruise,122.4586
1384.0,245,24.500,21.475,77.31,22.20,0.00,2,Cruise,122.4586
1385.0,245,24.500,21.475,77.31,22.20,0.00,2,Cruise,122.5290
1386.0,245,24.500,21.475,77.31,22.20,0.00,2,Cruise,122.5994
1387.0,245,24.500,21.475,77.31,22.20,0.00,2,Cruise,122.6698
1388.0,246,24.600,21.475,77.31,22.20,0.00,2,Cruise,122.7402
1389.0,246,24.600,21.476,77.31,22.20,0.00,2,Cruise,122.7402
1390.0,246,24.600,21.477,77.32,22.20,0.00,2,Cruise,122.7402
1391.0,246,24.600,21.478,77.32,22.20,0.00,2,Cruise,122.7402
1392.0,246,24.600,21.479,77.33,22.20,0.00,2,Cruise,122.7402
1393.0,247,24.700,21.480,77.33,22.20,0.00,2,Cruise,122.7402
1394.0,247,24.700,21.480,77.33,22.20,0.00,2,Cruise,122.7745
1395.0,247,24.700,21.480,77.33,22.20,0.00,2,Cruise,122.8089
1396.0,247,24.700,21.480,77.33,22.20,0.00,2,Cruise,122.8433
1397.0,247,24.700,21.480,77.33,22.20,0.00,2,Cruise,122.8776
1398.0,248,24.800,21.480,77.33,22.20,0.00,2,Cruise,122.9120
1399.0,248,24.800,21.489,77.36,22.20,0.00,2,Cruise,122.9120
1400.0,248,24.800,21.498,77.39,22.20,0.00,2,Cruise,122.9120
1401.0,248,24.800,21.507,77.42,22.20,0.00,2,Cruise,122.9120
1402.0,249,24.900,21.515,77.46,22.20,0.00,2,Cruise,122.9120
1403.0,249,24.900,21.515,77.46,22.20,0.00,2,Cruise,122.9388
1404.0,249,24.900,21.515,77.46,22.20,0.00,2,Cruise,122.9655
1405.0,249,24.900,21.515,77.46,22.20,0.00,2,Cruise,122.9922
1406.0,249,24.900,21.515,77.46,22.20,0.00,2,Cruise,123.0190
1407.0,250,25.000,21.515,77.46,22.20,0.00,2,Cruise,123.0457
1408.0,250,25.000,21.515,77.46,22.20,0.00,2,Cruise,123.2052
1409.0,250,25.000,21.515,77.46,22.20,0.00,2,Cruise,123.3647
1410.0,250,25.000,21.515,77.46,22.20,0.00,2,Cruise,123.5243
1411.0,250,25.000,21.515,77.46,22.20,0.00,2,Cruise,123.6838
1412.0,251,25.100,21.515,77.46,22.20,0.00,2,Cruise,123.8433
1413.0,251,25.100,21.515,77.46,22.20,0.00,2,Cruise,124.0833
1414.0,251,25.100,21.515,77.46,22.20,0.00,2,Cruise,124.3234
1415.0,251,25.100,21.515,77.46,22.20,0.00,2,Cruise,124.5635
1416.0,252,25.200,21.515,77.46,22.20,0.00,2,Cruise,124.8035
1417.0,252,25.200,21.515,77.46,22.20,0.00,2,Cruise,124.8878
1418.0,252,25.200,21.515,77.46,22.20,0.00,2,Cruise,124.9720
1419.0,252,25.200,21.515,77.46,22.20,0.00,2,Cruise,125.0563
1420.0,252,25.200,21.515,77.46,22.20,0.00,2,Cruise,125.1405
1421.0,253,25.300,21.515,77.46,22.20,0.00,2,Cruise,125.2248
1422.0,253,25.300,21.515,77.46,22.20,0.00,2,Cruise,125.3352
1423.0,253,25.300,21.515,77.46,22.20,0.00,2,Cruise,125.4455
1424.0,253,25.300,21.515,77.46,22.20,0.00,2,Cruise,125.5559
1425.0,253,25.300,21.515,77.46,22.20,0.00,2,Cruise,125.6663
1426.0,254,25.400,21.515,77.46,22.20,0.00,2,Cruise,125.7767
1427.0,254,25.400,21.515,77.46,22.20,0.00,2,Cruise,125.8246
1428.0,254,25.400,21.515,77.46,22.20,0.00,2,Cruise,125.8726
1429.0,254,25.400,21.515,77.46,22.20,0.00,2,Cruise,125.9206
1430.0,255,25.500,21.515,77.46,22.20,0.00,2,Cruise,125.9685
1431.0,255,25.500,21.539,77.54,22.20,0.00,2,Cruise,125.9685
1432.0,255,25.500,21.562,77.62,22.20,0.00,2,Cruise,125.9685
1433.0,255,25.500,21.585,77.71,22.20,0.00,2,Cruise,125.9685
1434.0,255,25.500,21.608,77.79,22.20,0.00,2,Cruise,125.9685
1435.0,256,25.600,21.631,77.87,22.20,0.00,2,Cruise,125.9685
1436.0,256,25.600,21.631,77.87,22.20,0.00,2,Cruise,126.1002
1437.0,256,25.600,21.631,77.87,22.20,0.00,2,Cruise,126.2319
1438.0,256,25.600,21.631,77.87,22.20,0.00,2,Cruise,126.3635
1439.0,256,25.600,21.631,77.87,22.20,0.00,2,Cruise,126.4952
1440.0,257,25.700,21.631,77.87,22.20,0.00,2,Cruise,126.6269
1441.0,257,25.700,21.631,77.87,22.20,0.00,2,Cruise,126.8628
1442.0,257,25.700,21.631,77.87,22.20,0.00,2,Cruise,127.0986
1443.0,257,25.700,21.631,77.87,22.20,0.00,2,Cruise,127.3345
1444.0,258,25.800,21.631,77.87,22.20,0.00,2,Cruise,127.5704
1445.0,258,25.800,21.639,77.90,22.20,0.00,2,Cruise,127.5704
1446.0,258,25.800,21.647,77.93,22.20,0.00,2,Cruise,127.5704
1447.0,258,25.800,21.655,77.96,22.20,0.00,2,Cruise,127.5704
1448.0,258,25.800,21.662,77.98,22.20,0.00,2,Cruise,127.5704
1449.0,259,25.900,21.670,78.01,22.20,0.00,2,Cruise,127.5704
1450.0,259,25.900,21.678,78.04,22.20,0.00,2,Cruise,127.5704
1451.0,259,25.900,21.686,78.07,22.20,0.00,2,Cruise,127.5704
1452.0,259,25.900,21.693,78.10,22.20,0.00,2,Cruise,127.5704
1453.0,260,26.000,21.701,78.12,22.20,0.00,2,Cruise,127.5704
1454.0,260,26.000,21.701,78.12,22.20,0.00,2,Cruise,127.7086
1455.0,260,26.000,21.701,78.12,22.20,0.00,2,Cruise,127.8469
1456.0,260,26.000,21.701,78.12,22.20,0.00,2,Cruise,127.9851
1457.0,260,26.000,21.701,78.12,22.20,0.00,2,Cruise,128.1233
1458.0,261,26.100,21.701,78.12,22.20,0.00,2,Cruise,128.2616
1459.0,261,26.100,21.701,78.12,22.20,0.00,2,Cruise,128.2682
1460.0,261,26.100,21.701,78.12,22.20,0.00,2,Cruise,128.2749
1461.0,261,26.100,21.701,78.12,22.20,0.00,2,Cruise,128.2815
1462.0,261,26.100,21.701,78.12,22.20,0.00,2,Cruise,128.2882
1463.0,262,26.200,21.701,78.12,22.20,0.00,2,Cruise,128.2948
1464.0,262,26.200,21.706,78.14,22.20,0.00,2,Cruise,128.2948
1465.0,262,26.200,21.711,78.16,22.20,0.00,2,Cruise,128.2948
1466.0,262,26.200,21.716,78.18,22.20,0.00,2,Cruise,128.2948
1467.0,263,26.300,21.721,78.20,22.20,0.00,2,Cruise,128.2948
1468.0,263,26.300,21.761,78.34,22.20,0.00,2,Cruise,128.2948
1469.0,263,26.300,21.800,78.48,22.20,0.00,2,Cruise,128.2948
1470.0,263,26.300,21.840,78.62,22.20,0.00,2,Cruise,128.2948
1471.0,263,26.300,21.879,78.76,22.20,0.00,2,Cruise,128.2948
1472.0,264,26.400,21.918,78.91,22.20,0.00,2,Cruise,128.2948
1473.0,264,26.400,21.983,79.14,22.20,0.00,2,Cruise,128.2948
1474.0,264,26.400,22.048,79.37,22.20,0.00,2,Cruise,128.2948
1475.0,264,26.400,22.113,79.61,22.20,0.00,2,Cruise,128.2948
1476.0,265,26.500,22.177,79.84,22.20,0.00,2,Cruise,128.2948
1477.0,265,26.500,22.187,79.87,22.20,0.00,2,Cruise,128.2948
1478.0,265,26.500,22.198,79.91,22.20,0.00,2,Cruise,128.2948
1479.0,265,26.500,22.208,79.95,22.20,0.01,2,Cruise,128.2948
1480.0,265,26.500,22.218,79.98,22.20,0.02,2,Cruise,128.2948
1481.0,266,26.600,22.228,80.02,22.20,0.03,2,Cruise,128.2948
1482.0,266,26.600,22.241,80.07,22.20,0.04,2,Cruise,128.2948
1483.0,266,26.600,22.254,80.11,22.20,0.05,2,Cruise,128.2948
1484.0,266,26.600,22.267,80.16,22.20,0.07,2,Cruise,128.2948
1485.0,267,26.700,22.280,80.21,22.20,0.08,2,Cruise,128.2948
1486.0,267,26.700,22.280,80.21,22.20,0.08,2,Cruise,128.4797
1487.0,267,26.700,22.280,80.21,22.20,0.08,2,Cruise,128.6647
1488.0,267,26.700,22.280,80.21,22.20,0.08,2,Cruise,128.8496
1489.0,267,26.700,22.280,80.21,22.20,0.08,2,Cruise,129.0345
1490.0,268,26.800,22.280,80.21,22.20,0.08,2,Cruise,129.2194
1491.0,268,26.800,22.280,80.21,22.20,0.08,2,Cruise,129.4064
1492.0,268,26.800,22.280,80.21,22.20,0.08,2,Cruise,129.5933
1493.0,268,26.800,22.280,80.21,22.20,0.08,2,Cruise,129.7802
1494.0,269,26.900,22.280,80.21,22.20,0.08,0,Brake,129.9671
1495.0,269,26.900,21.644,77.92,22.20,0.00,2,Cruise,129.9671
1496.0,269,26.900,21.808,78.51,22.20,0.00,2,Cruise,129.9671
1497.0,269,26.900,21.973,79.10,22.20,0.00,2,Cruise,129.9671
1498.0,269,26.900,22.137,79.69,22.20,0.00,2,Cruise,129.9671
1499.0,270,27.000,22.301,80.28,22.20,0.10,2,Cruise,129.9671
1500.0,270,27.000,22.301,80.28,22.20,0.10,2,Cruise,130.3331
1501.0,270,27.000,22.301,80.28,22.20,0.10,2,Cruise,130.6991
1502.0,270,27.000,22.301,80.28,22.20,0.10,2,Cruise,131.0651
1503.0,271,27.100,22.301,80.28,22.20,0.10,0,Brake,131.4311
1504.0,271,27.100,21.567,77.64,22.20,0.00,2,Cruise,131.4311
1505.0,271,27.100,21.635,77.89,22.20,0.00,2,Cruise,131.4311
1506.0,271,27.100,21.703,78.13,22.20,0.00,2,Cruise,131.4311
1507.0,271,27.100,21.771,78.37,22.20,0.00,2,Cruise,131.4311
1508.0,272,27.200,21.838,78.62,22.20,0.00,2,Cruise,131.4311
1509.0,272,27.200,21.894,78.82,22.20,0.00,2,Cruise,131.4311
1510.0,272,27.200,21.950,79.02,22.20,0.00,2,Cruise,131.4311
1511.0,272,27.200,22.005,79.22,22.20,0.00,2,Cruise,131.4311
1512.0,272,27.200,22.061,79.42,22.20,0.00,2,Cruise,131.4311
1513.0,273,27.300,22.116,79.62,22.20,0.00,2,Cruise,131.4311
1514.0,273,27.300,22.161,79.78,22.20,0.00,2,Cruise,131.4311
1515.0,273,27.300,22.205,79.94,22.20,0.01,2,Cruise,131.4311
1516.0,273,27.300,22.249,80.10,22.20,0.05,0,Brake,131.4311
1517.0,274,27.400,21.494,77.38,22.20,0.00,3,Power,131.4311
1518.0,274,27.400,21.889,78.80,22.20,0.00,2,Cruise,132.4515
1519.0,274,27.400,21.889,78.80,22.20,0.00,2,Cruise,132.4649
1520.0,274,27.400,21.889,78.80,22.20,0.00,2,Cruise,132.4782
1521.0,274,27.400,21.889,78.80,22.20,0.00,2,Cruise,132.4916
1522.0,275,27.500,21.889,78.80,22.20,0.00,2,Cruise,132.5049
1523.0,275,27.500,21.889,78.80,22.20,0.00,2,Cruise,132.5269
1524.0,275,27.500,21.889,78.80,22.20,0.00,2,Cruise,132.5489
1525.0,275,27.500,21.889,78.80,22.20,0.00,2,Cruise,132.5709
1526.0,276,27.600,21.889,78.80,22.20,0.00,2,Cruise,132.5929
1527.0,276,27.600,21.984,79.14,22.20,0.00,2,Cruise,132.5929
1528.0,276,27.600,22.080,79.49,22.20,0.00,2,Cruise,132.5929
1529.0,276,27.600,22.175,79.83,22.20,0.00,0,Brake,132.5929
1530.0,276,27.600,21.470,77.29,22.20,0.00,2,Cruise,132.5929
1531.0,277,27.700,21.566,77.64,22.20,0.00,2,Cruise,132.5929
1532.0,277,27.700,21.606,77.78,22.20,0.00,2,Cruise,132.5929
1533.0,277,27.700,21.647,77.93,22.20,0.00,2,Cruise,132.5929
1534.0,277,27.700,21.688,78.08,22.20,0.00,2,Cruise,132.5929
1535.0,278,27.800,21.728,78.22,22.20,0.00,2,Cruise,132.5929
1536.0,278,27.800,21.796,78.47,22.20,0.00,2,Cruise,132.5929
1537.0,278,27.800,21.864,78.71,22.20,0.00,2,Cruise,132.5929
1538.0,278,27.800,21.931,78.95,22.20,0.00,2,Cruise,132.5929
1539.0,278,27.800,21.999,79.20,22.20,0.00,2,Cruise,132.5929
1540.0,279,27.900,22.066,79.44,22.20,0.00,2,Cruise,132.5929
1541.0,279,27.900,22.131,79.67,22.20,0.00,2,Cruise,132.5929
1542.0,279,27.900,22.195,79.90,22.20,0.00,0,Brake,132.5929
1543.0,279,27.900,21.459,77.25,22.20,0.00,2,Cruise,132.5929
1544.0,280,28.000,21.525,77.49,22.20,0.00,2,Cruise,132.5929
1545.0,280,28.000,21.572,77.66,22.20,0.00,2,Cruise,132.5929
1546.0,280,28.000,21.619,77.83,22.20,0.00,2,Cruise,132.5929
1547.0,280,28.000,21.666,78.00,22.20,0.00,2,Cruise,132.5929
1548.0,280,28.000,21.713,78.17,22.20,0.00,2,Cruise,132.5929
1549.0,281,28.100,21.760,78.34,22.20,0.00,2,Cruise,132.5929
1550.0,281,28.100,21.795,78.46,22.20,0.00,2,Cruise,132.5929
1551.0,281,28.100,21.830,78.59,22.20,0.00,2,Cruise,132.5929
1552.0,281,28.100,21.864,78.71,22.20,0.00,2,Cruise,132.5929
1553.0,281,28.100,21.899,78.83,22.20,0.00,2,Cruise,132.5929
1554.0,282,28.200,21.933,78.96,22.20,0.00,2,Cruise,132.5929
1555.0,282,28.200,21.976,79.11,22.20,0.00,2,Cruise,132.5929
1556.0,282,28.200,22.019,79.27,22.20,0.00,2,Cruise,132.5929
1557.0,282,28.200,22.062,79.42,22.20,0.00,2,Cruise,132.5929
1558.0,283,28.300,22.105,79.58,22.20,0.00,2,Cruise,132.5929
1559.0,283,28.300,22.174,79.83,22.20,0.00,2,Cruise,132.5929
1560.0,283,28.300,22.242,80.07,22.20,0.04,0,Brake,132.5929
1561.0,283,28.300,21.511,77.44,22.20,0.00,2,Cruise,132.5929
1562.0,283,28.300,21.580,77.69,22.20,0.00,2,Cruise,132.5929
1563.0,284,28.400,21.650,77.94,22.20,0.00,2,Cruise,132.5929
1564.0,284,28.400,21.665,77.99,22.20,0.00,2,Cruise,132.5929
1565.0,284,28.400,21.680,78.05,22.20,0.00,2,Cruise,132.5929
1566.0,284,28.400,21.696,78.10,22.20,0.00,2,Cruise,132.5929
1567.0,285,28.500,21.711,78.16,22.20,0.00,2,Cruise,132.5929
1568.0,285,28.500,21.722,78.20,22.20,0.00,2,Cruise,132.5929
1569.0,285,28.500,21.733,78.24,22.20,0.00,2,Cruise,132.5929
1570.0,285,28.500,21.744,78.28,22.20,0.00,2,Cruise,132.5929
1571.0,285,28.500,21.755,78.32,22.20,0.00,2,Cruise,132.5929
1572.0,286,28.600,21.766,78.36,22.20,0.00,2,Cruise,132.5929
1573.0,286,28.600,21.848,78.65,22.20,0.00,2,Cruise,132.5929
1574.0,286,28.600,21.929,78.95,22.20,0.00,2,Cruise,132.5929
1575.0,286,28.600,22.011,79.24,22.20,0.00,2,Cruise,132.5929
1576.0,286,28.600,22.093,79.53,22.20,0.00,2,Cruise,132.5929
1577.0,287,28.700,22.174,79.83,22.20,0.00,2,Cruise,132.5929
1578.0,287,28.700,22.242,80.07,22.20,0.04,2,Cruise,132.5929
1579.0,287,28.700,22.309,80.31,22.20,0.11,2,Cruise,132.5929
1580.0,287,28.700,22.377,80.56,22.20,0.18,2,Cruise,132.5929
1581.0,288,28.800,22.444,80.80,22.20,0.24,0,Brake,132.5929
1582.0,288,28.800,21.695,78.10,22.20,0.00,2,Cruise,132.5929
1583.0,288,28.800,21.747,78.29,22.20,0.00,2,Cruise,132.5929
1584.0,288,28.800,21.800,78.48,22.20,0.00,2,Cruise,132.5929
1585.0,288,28.800,21.852,78.67,22.20,0.00,2,Cruise,132.5929
1586.0,289,28.900,21.904,78.85,22.20,0.00,2,Cruise,132.5929
1587.0,289,28.900,21.951,79.02,22.20,0.00,2,Cruise,132.5929
1588.0,289,28.900,21.997,79.19,22.20,0.00,2,Cruise,132.5929
1589.0,289,28.900,22.043,79.36,22.20,0.00,2,Cruise,132.5929
1590.0,290,29.000,22.089,79.52,22.20,0.00,2,Cruise,132.5929
1591.0,290,29.000,22.153,79.75,22.20,0.00,2,Cruise,132.5929
1592.0,290,29.000,22.216,79.98,22.20,0.02,2,Cruise,132.5929
1593.0,290,29.000,22.279,80.20,22.20,0.08,2,Cruise,132.5929
1594.0,290,29.000,22.342,80.43,22.20,0.14,2,Cruise,132.5929
1595.0,291,29.100,22.404,80.66,22.20,0.20,2,Cruise,132.5929
1596.0,291,29.100,22.404,80.66,22.20,0.20,2,Cruise,132.6735
1597.0,291,29.100,22.404,80.66,22.20,0.20,2,Cruise,132.7542
1598.0,291,29.100,22.404,80.66,22.20,0.20,2,Cruise,132.8348
1599.0,292,29.200,22.404,80.66,22.20,0.20,2,Cruise,132.9155
1600.0,292,29.200,22.404,80.66,22.20,0.20,2,Cruise,132.9663
1601.0,292,29.200,22.404,80.66,22.20,0.20,2,Cruise,133.0171
1602.0,292,29.200,22.404,80.66,22.20,0.20,2,Cruise,133.0679
1603.0,292,29.200,22.404,80.66,22.20,0.20,2,Cruise,133.1188
1604.0,293,29.300,22.404,80.66,22.20,0.20,0,Brake,133.1696
1605.0,293,29.300,21.697,78.11,22.20,0.00,2,Cruise,133.1696
1606.0,293,29.300,21.791,78.45,22.20,0.00,2,Cruise,133.1696
1607.0,293,29.300,21.885,78.79,22.20,0.00,2,Cruise,133.1696
1608.0,294,29.400,21.978,79.12,22.20,0.00,2,Cruise,133.1696
1609.0,294,29.400,22.025,79.29,22.20,0.00,2,Cruise,133.1696
1610.0,294,29.400,22.071,79.46,22.20,0.00,2,Cruise,133.1696
1611.0,294,29.400,22.117,79.62,22.20,0.00,2,Cruise,133.1696
1612.0,294,29.400,22.164,79.79,22.20,0.00,2,Cruise,133.1696
1613.0,295,29.500,22.210,79.95,22.20,0.01,2,Cruise,133.1696
1614.0,295,29.500,22.274,80.19,22.20,0.07,0,Brake,133.1696
1615.0,295,29.500,21.539,77.54,22.20,0.00,2,Cruise,133.1696
1616.0,295,29.500,21.604,77.78,22.20,0.00,2,Cruise,133.1696
1617.0,296,29.600,21.670,78.01,22.20,0.00,2,Cruise,133.1696
1618.0,296,29.600,21.711,78.16,22.20,0.00,2,Cruise,133.1696
1619.0,296,29.600,21.751,78.30,22.20,0.00,2,Cruise,133.1696
1620.0,296,29.600,21.792,78.45,22.20,0.00,2,Cruise,133.1696
1621.0,296,29.600,21.832,78.60,22.20,0.00,2,Cruise,133.1696
1622.0,297,29.700,21.872,78.74,22.20,0.00,2,Cruise,133.1696
1623.0,297,29.700,21.903,78.85,22.20,0.00,2,Cruise,133.1696
1624.0,297,29.700,21.934,78.96,22.20,0.00,2,Cruise,133.1696
1625.0,297,29.700,21.964,79.07,22.20,0.00,2,Cruise,133.1696
1626.0,298,29.800,21.994,79.18,22.20,0.00,2,Cruise,133.1696
1627.0,298,29.800,22.031,79.31,22.20,0.00,2,Cruise,133.1696
1628.0,298,29.800,22.068,79.44,22.20,0.00,2,Cruise,133.1696
1629.0,298,29.800,22.105,79.58,22.20,0.00,2,Cruise,133.1696
1630.0,298,29.800,22.141,79.71,22.20,0.00,2,Cruise,133.1696
1631.0,299,29.900,22.178,79.84,22.20,0.00,2,Cruise,133.1696
1632.0,299,29.900,22.220,79.99,22.20,0.02,0,Brake,133.1696
1633.0,299,29.900,21.463,77.27,22.20,0.00,2,Cruise,133.1696
1634.0,299,29.900,21.507,77.43,22.20,0.00,2,Cruise,133.1696
1635.0,299,29.900,21.551,77.58,22.20,0.00,2,Cruise,133.1696
1636.0,300,30.000,21.595,77.74,22.20,0.00,2,Cruise,133.1696
1637.0,300,30.000,21.633,77.88,22.20,0.00,2,Cruise,133.1696
1638.0,300,30.000,21.671,78.02,22.20,0.00,2,Cruise,133.1696
1639.0,300,30.000,21.709,78.15,22.20,0.00,2,Cruise,133.1696
1640.0,301,30.100,21.747,78.29,22.20,0.00,2,Cruise,133.1696
1641.0,301,30.100,21.770,78.37,22.20,0.00,2,Cruise,133.1696
1642.0,301,30.100,21.794,78.46,22.20,0.00,2,Cruise,133.1696
1643.0,301,30.100,21.817,78.54,22.20,0.00,2,Cruise,133.1696
1644.0,301,30.100,21.840,78.62,22.20,0.00,2,Cruise,133.1696
1645.0,302,30.200,21.863,78.71,22.20,0.00,2,Cruise,133.1696
1646.0,302,30.200,21.863,78.71,22.20,0.00,2,Cruise,133.1725
1647.0,302,30.200,21.863,78.71,22.20,0.00,2,Cruise,133.1754
1648.0,302,30.200,21.863,78.71,22.20,0.00,2,Cruise,133.1783
1649.0,303,30.300,21.863,78.71,22.20,0.00,2,Cruise,133.1811
1650.0,303,30.300,21.915,78.89,22.20,0.00,2,Cruise,133.1811
1651.0,303,30.300,21.967,79.08,22.20,0.00,2,Cruise,133.1811
1652.0,303,30.300,22.020,79.27,22.20,0.00,2,Cruise,133.1811
1653.0,303,30.300,22.072,79.46,22.20,0.00,2,Cruise,133.1811
1654.0,304,30.400,22.124,79.65,22.20,0.00,0,Brake,133.1811
1655.0,304,30.400,21.471,77.30,22.20,0.00,2,Cruise,133.1811
1656.0,304,30.400,21.619,77.83,22.20,0.00,2,Cruise,133.1811
1657.0,304,30.400,21.767,78.36,22.20,0.00,2,Cruise,133.1811
1658.0,305,30.500,21.915,78.89,22.20,0.00,0,Brake,133.1811
1659.0,305,30.500,21.408,77.07,22.20,0.00,2,Cruise,133.1811
1660.0,305,30.500,21.702,78.13,22.20,0.00,0,Brake,133.1811
1661.0,305,30.500,21.195,76.30,22.20,0.00,2,Cruise,133.1811
1662.0,305,30.500,21.489,77.36,22.20,0.00,2,Cruise,133.1811
1663.0,306,30.600,21.783,78.42,22.20,0.00,1,Coast,133.1811
1664.0,306,30.600,21.410,77.08,22.20,0.00,1,Coast,133.1811
1665.0,306,30.600,21.038,75.74,22.20,0.00,1,Coast,133.1811
1666.0,306,30.600,20.667,74.40,22.20,0.00,1,Coast,133.1811
1667.0,306,30.600,20.296,73.06,22.20,0.00,1,Coast,133.1811
1668.0,307,30.700,19.925,71.73,22.20,0.00,3,Power,133.1811
1669.0,307,30.700,20.344,73.24,22.20,0.00,2,Cruise,134.2029
1670.0,307,30.700,20.344,73.24,22.20,0.00,2,Cruise,134.2350
1671.0,307,30.700,20.344,73.24,22.20,0.00,2,Cruise,134.2671
1672.0,307,30.700,20.344,73.24,22.20,0.00,2,Cruise,134.2993
1673.0,308,30.800,20.344,73.24,22.20,0.00,2,Cruise,134.3314
1674.0,308,30.800,20.416,73.50,22.20,0.00,2,Cruise,134.3314
1675.0,308,30.800,20.487,73.75,22.20,0.00,2,Cruise,134.3314
1676.0,308,30.800,20.559,74.01,22.20,0.00,2,Cruise,134.3314
1677.0,308,30.800,20.631,74.27,22.20,0.00,2,Cruise,134.3314
1678.0,309,30.900,20.702,74.53,22.20,0.00,2,Cruise,134.3314
1679.0,309,30.900,20.918,75.31,22.20,0.00,2,Cruise,134.3314
1680.0,309,30.900,21.134,76.08,22.20,0.00,2,Cruise,134.3314
1681.0,309,30.900,21.350,76.86,22.20,0.00,2,Cruise,134.3314
1682.0,310,31.000,21.565,77.63,22.20,0.00,2,Cruise,134.3314
1683.0,310,31.000,21.687,78.07,22.20,0.00,0,Brake,134.3314
1684.0,310,31.000,21.009,75.63,22.20,0.00,2,Cruise,134.3314
1685.0,310,31.000,21.133,76.08,22.20,0.00,2,Cruise,134.3314
1686.0,310,31.000,21.256,76.52,22.20,0.00,2,Cruise,134.3314
1687.0,311,31.100,21.379,76.96,22.20,0.00,2,Cruise,134.3314
1688.0,311,31.100,21.379,76.96,22.20,0.00,2,Cruise,134.7538
1689.0,311,31.100,21.379,76.96,22.20,0.00,2,Cruise,135.1762
1690.0,311,31.100,21.379,76.96,22.20,0.00,2,Cruise,135.5986
1691.0,311,31.100,21.379,76.96,22.20,0.00,2,Cruise,136.0209
1692.0,312,31.200,21.379,76.96,22.20,0.00,2,Cruise,136.4433
1693.0,312,31.200,21.379,76.96,22.20,0.00,2,Cruise,136.6131
1694.0,312,31.200,21.379,76.96,22.20,0.00,2,Cruise,136.7828
1695.0,312,31.200,21.379,76.96,22.20,0.00,2,Cruise,136.9526
1696.0,313,31.300,21.379,76.96,22.20,0.00,2,Cruise,137.1224
1697.0,313,31.300,21.379,76.96,22.20,0.00,2,Cruise,137.3848
1698.0,313,31.300,21.379,76.96,22.20,0.00,2,Cruise,137.6473
1699.0,313,31.300,21.379,76.96,22.20,0.00,2,Cruise,137.9097
1700.0,313,31.300,21.379,76.96,22.20,0.00,2,Cruise,138.1722
1701.0,314,31.400,21.379,76.96,1.00,0.00,0,Brake,138.4346
1702.0,314,31.400,20.612,74.20,1.00,0.00,0,Brake,138.4346
1703.0,314,31.400,19.846,71.45,1.00,0.00,0,Brake,138.4346
1704.0,314,31.400,19.082,68.69,1.00,0.00,0,Brake,138.4346
1705.0,314,31.400,18.318,65.95,1.00,0.00,0,Brake,138.4346
1706.0,315,31.500,17.556,63.20,22.20,0.00,2,Cruise,138.4346
1707.0,315,31.500,17.556,63.20,22.20,0.00,2,Cruise,138.4439
1708.0,315,31.500,17.556,63.20,22.20,0.00,2,Cruise,138.4532
1709.0,315,31.500,17.556,63.20,22.20,0.00,2,Cruise,138.4625
1710.0,315,31.500,17.556,63.20,22.20,0.00,2,Cruise,138.4718
1711.0,315,31.500,17.556,63.20,22.20,0.00,2,Cruise,138.4811
1712.0,316,31.600,17.556,63.20,16.60,0.96,0,Brake,138.4904
1713.0,316,31.600,16.770,60.37,16.60,0.17,2,Cruise,138.4904
1714.0,316,31.600,16.785,60.43,16.60,0.19,2,Cruise,138.4904
1715.0,316,31.600,16.800,60.48,16.60,0.20,2,Cruise,138.4904
1716.0,316,31.600,16.815,60.53,16.60,0.22,2,Cruise,138.4904
1717.0,316,31.600,16.830,60.59,16.60,0.23,0,Brake,138.4904
1718.0,317,31.700,16.045,57.76,16.60,0.00,2,Cruise,138.4904
1719.0,317,31.700,16.059,57.81,16.60,0.00,2,Cruise,138.4904
1720.0,317,31.700,16.073,57.86,16.60,0.00,2,Cruise,138.4904
1721.0,317,31.700,16.086,57.91,16.60,0.00,2,Cruise,138.4904
1722.0,317,31.700,16.100,57.96,16.60,0.00,2,Cruise,138.4904
1723.0,317,31.700,16.114,58.01,16.60,0.00,2,Cruise,138.4904
1724.0,318,31.800,16.127,58.06,16.60,0.00,2,Cruise,138.4904
1725.0,318,31.800,16.177,58.24,16.60,0.00,2,Cruise,138.4904
1726.0,318,31.800,16.227,58.42,16.60,0.00,2,Cruise,138.4904
1727.0,318,31.800,16.277,58.60,16.60,0.00,2,Cruise,138.4904
1728.0,318,31.800,16.327,58.78,16.60,0.00,2,Cruise,138.4904
1729.0,318,31.800,16.376,58.95,16.60,0.00,2,Cruise,138.4904
1730.0,319,31.900,16.426,59.13,16.60,0.00,2,Cruise,138.4904
1731.0,319,31.900,16.480,59.33,16.60,0.00,2,Cruise,138.4904
1732.0,319,31.900,16.534,59.52,16.60,0.00,2,Cruise,138.4904
1733.0,319,31.900,16.588,59.72,16.60,0.00,2,Cruise,138.4904
1734.0,319,31.900,16.642,59.91,16.60,0.04,2,Cruise,138.4904
1735.0,319,31.900,16.696,60.10,16.60,0.10,2,Cruise,138.4904
1736.0,320,32.000,16.749,60.30,16.60,0.15,0,Brake,138.4904
1737.0,320,32.000,15.993,57.58,16.60,0.00,2,Cruise,138.4904
1738.0,320,32.000,16.038,57.74,16.60,0.00,2,Cruise,138.4904
1739.0,320,32.000,16.082,57.90,16.60,0.00,2,Cruise,138.4904
1740.0,320,32.000,16.127,58.06,16.60,0.00,2,Cruise,138.4904
1741.0,320,32.000,16.171,58.22,16.60,0.00,2,Cruise,138.4904
1742.0,321,32.100,16.216,58.38,16.60,0.00,2,Cruise,138.4904
1743.0,321,32.100,16.234,58.44,16.60,0.00,2,Cruise,138.4904
1744.0,321,32.100,16.251,58.51,16.60,0.00,2,Cruise,138.4904
1745.0,321,32.100,16.269,58.57,16.60,0.00,2,Cruise,138.4904
1746.0,321,32.100,16.287,58.63,16.60,0.00,2,Cruise,138.4904
1747.0,321,32.100,16.305,58.70,16.60,0.00,2,Cruise,138.4904
1748.0,321,32.100,16.323,58.76,16.60,0.00,2,Cruise,138.4904
1749.0,322,32.200,16.341,58.83,16.60,0.00,2,Cruise,138.4904
1750.0,322,32.200,16.394,59.02,16.60,0.00,2,Cruise,138.4904
1751.0,322,32.200,16.448,59.21,16.60,0.00,2,Cruise,138.4904
1752.0,322,32.200,16.501,59.40,16.60,0.00,2,Cruise,138.4904
1753.0,322,32.200,16.554,59.60,16.60,0.00,2,Cruise,138.4904
1754.0,322,32.200,16.607,59.79,16.60,0.01,2,Cruise,138.4904
1755.0,323,32.300,16.661,59.98,16.60,0.06,0,Brake,138.4904
1756.0,323,32.300,16.087,57.91,16.60,0.00,2,Cruise,138.4904
1757.0,323,32.300,16.314,58.73,16.60,0.00,0,Brake,138.4904
1758.0,323,32.300,15.741,56.67,16.60,0.00,2,Cruise,138.4904
1759.0,323,32.300,15.968,57.49,16.60,0.00,2,Cruise,138.4904
1760.0,323,32.300,16.196,58.30,16.60,0.00,0,Brake,138.4904
1761.0,324,32.400,15.623,56.24,16.60,0.00,3,Power,138.4904
1762.0,324,32.400,15.876,57.15,16.60,0.00,2,Cruise,139.5097
1763.0,324,32.400,15.876,57.15,16.60,0.00,2,Cruise,140.0653
1764.0,324,32.400,15.876,57.15,16.60,0.00,2,Cruise,140.6210
1765.0,324,32.400,15.876,57.15,16.60,0.00,2,Cruise,141.1767
1766.0,324,32.400,15.876,57.15,16.60,0.00,2,Cruise,141.7324
1767.0,325,32.500,15.876,57.15,16.60,0.00,2,Cruise,142.2881
1768.0,325,32.500,15.988,57.56,16.60,0.00,2,Cruise,142.2881
1769.0,325,32.500,16.100,57.96,16.60,0.00,2,Cruise,142.2881
1770.0,325,32.500,16.212,58.36,16.60,0.00,2,Cruise,142.2881
1771.0,325,32.500,16.324,58.77,16.60,0.00,2,Cruise,142.2881
1772.0,325,32.500,16.436,59.17,16.60,0.00,2,Cruise,142.2881
1773.0,326,32.600,16.548,59.57,16.60,0.00,2,Cruise,142.2881
1774.0,326,32.600,16.579,59.68,16.60,0.00,2,Cruise,142.2881
1775.0,326,32.600,16.610,59.80,16.60,0.01,0,Brake,142.2881
1776.0,326,32.600,15.841,57.03,16.60,0.00,2,Cruise,142.2881
1777.0,326,32.600,15.874,57.14,16.60,0.00,2,Cruise,142.2881
1778.0,326,32.600,15.906,57.26,16.60,0.00,2,Cruise,142.2881
1779.0,327,32.700,15.938,57.38,16.60,0.00,3,Power,142.2881
1780.0,327,32.700,16.465,59.27,16.60,0.00,2,Cruise,143.3159
1781.0,327,32.700,16.465,59.27,16.60,0.00,2,Cruise,143.3412
1782.0,327,32.700,16.465,59.27,16.60,0.00,2,Cruise,143.3665
1783.0,327,32.700,16.465,59.27,16.60,0.00,2,Cruise,143.3917
1784.0,327,32.700,16.465,59.27,16.60,0.00,2,Cruise,143.4170
1785.0,327,32.700,16.465,59.27,16.60,0.00,2,Cruise,143.4423
1786.0,328,32.800,16.465,59.27,16.60,0.00,2,Cruise,143.4676
1787.0,328,32.800,16.473,59.30,16.60,0.00,2,Cruise,143.4676
1788.0,328,32.800,16.481,59.33,16.60,0.00,2,Cruise,143.4676
1789.0,328,32.800,16.490,59.36,16.60,0.00,2,Cruise,143.4676
1790.0,328,32.800,16.498,59.39,16.60,0.00,2,Cruise,143.4676
1791.0,328,32.800,16.507,59.42,16.60,0.00,2,Cruise,143.4676
1792.0,329,32.900,16.515,59.45,16.60,0.00,2,Cruise,143.4676
1793.0,329,32.900,16.549,59.58,16.60,0.00,2,Cruise,143.4676
1794.0,329,32.900,16.582,59.70,16.60,0.00,2,Cruise,143.4676
1795.0,329,32.900,16.616,59.82,16.60,0.02,0,Brake,143.4676
1796.0,329,32.900,15.849,57.06,16.60,0.00,2,Cruise,143.4676
1797.0,329,32.900,15.884,57.18,16.60,0.00,2,Cruise,143.4676
1798.0,330,33.000,15.918,57.31,16.60,0.00,2,Cruise,143.4676
1799.0,330,33.000,15.937,57.37,16.60,0.00,2,Cruise,143.4676
1800.0,330,33.000,15.956,57.44,16.60,0.00,2,Cruise,143.4676
1801.0,330,33.000,15.974,57.51,16.60,0.00,2,Cruise,143.4676
1802.0,330,33.000,15.993,57.57,16.60,0.00,2,Cruise,143.4676
1803.0,330,33.000,16.011,57.64,16.60,0.00,2,Cruise,143.4676
1804.0,331,33.100,16.030,57.71,16.60,0.00,2,Cruise,143.4676
1805.0,331,33.100,16.045,57.76,16.60,0.00,2,Cruise,143.4676
1806.0,331,33.100,16.061,57.82,16.60,0.00,2,Cruise,143.4676
1807.0,331,33.100,16.076,57.87,16.60,0.00,2,Cruise,143.4676
1808.0,331,33.100,16.091,57.93,16.60,0.00,2,Cruise,143.4676
1809.0,331,33.100,16.106,57.98,16.60,0.00,2,Cruise,143.4676
1810.0,332,33.200,16.122,58.04,16.60,0.00,1,Coast,143.4676
1811.0,332,33.200,16.068,57.85,16.60,0.00,1,Coast,143.4676
1812.0,332,33.200,16.015,57.65,16.60,0.00,1,Coast,143.4676
1813.0,332,33.200,15.962,57.46,16.60,0.00,1,Coast,143.4676
1814.0,332,33.200,15.908,57.27,16.60,0.00,3,Power,143.4676
1815.0,332,33.200,16.396,59.02,16.60,0.00,1,Coast,144.4942
1816.0,333,33.300,16.342,58.83,16.60,0.00,2,Cruise,144.4942
1817.0,333,33.300,16.418,59.10,16.60,0.00,2,Cruise,144.4942
1818.0,333,33.300,16.493,59.38,16.60,0.00,2,Cruise,144.4942
1819.0,333,33.300,16.569,59.65,16.60,0.00,0,Brake,144.4942
1820.0,333,33.300,15.844,57.04,16.60,0.00,3,Power,144.4942
1821.0,333,33.300,16.444,59.20,16.60,0.00,2,Cruise,145.5244
1822.0,333,33.300,16.520,59.47,16.60,0.00,2,Cruise,145.5244
1823.0,334,33.400,16.595,59.74,16.60,0.00,0,Brake,145.5244
1824.0,334,33.400,15.835,57.01,16.60,0.00,3,Power,145.5244
1825.0,334,33.400,16.418,59.11,16.60,0.00,2,Cruise,146.5541
1826.0,334,33.400,16.458,59.25,16.60,0.00,2,Cruise,146.5541
1827.0,334,33.400,16.498,59.39,16.60,0.00,2,Cruise,146.5541
1828.0,334,33.400,16.537,59.53,16.60,0.00,2,Cruise,146.5541
1829.0,335,33.500,16.577,59.68,16.60,0.00,0,Brake,146.5541
1830.0,335,33.500,15.826,56.97,16.60,0.00,3,Power,146.5541
1831.0,335,33.500,16.420,59.11,16.60,0.00,2,Cruise,147.5842
1832.0,335,33.500,16.470,59.29,16.60,0.00,2,Cruise,147.5842
1833.0,335,33.500,16.520,59.47,16.60,0.00,2,Cruise,147.5842
1834.0,335,33.500,16.569,59.65,16.60,0.00,0,Brake,147.5842
1835.0,336,33.600,15.819,56.95,16.60,0.00,3,Power,147.5842
1836.0,336,33.600,16.370,58.93,16.60,0.00,1,Coast,148.6129
1837.0,336,33.600,16.377,58.96,16.60,0.00,1,Coast,148.6129
1838.0,336,33.600,16.384,58.98,16.60,0.00,1,Coast,148.6129
1839.0,336,33.600,16.391,59.01,16.60,0.00,1,Coast,148.6129
1840.0,336,33.600,16.398,59.03,16.60,0.00,1,Coast,148.6129
1841.0,337,33.700,16.405,59.06,16.60,0.00,2,Cruise,148.6129
1842.0,337,33.700,16.429,59.14,16.60,0.00,2,Cruise,148.6129
1843.0,337,33.700,16.453,59.23,16.60,0.00,2,Cruise,148.6129
1844.0,337,33.700,16.477,59.32,16.60,0.00,2,Cruise,148.6129
1845.0,337,33.700,16.500,59.40,16.60,0.00,2,Cruise,148.6129
1846.0,337,33.700,16.524,59.49,16.60,0.00,2,Cruise,148.6129
1847.0,338,33.800,16.548,59.57,16.60,0.00,2,Cruise,148.6129
1848.0,338,33.800,16.580,59.69,16.60,0.00,2,Cruise,148.6129
1849.0,338,33.800,16.612,59.80,16.60,0.01,2,Cruise,148.6129
1850.0,338,33.800,16.644,59.92,16.60,0.04,2,Cruise,148.6129
1851.0,338,33.800,16.676,60.03,16.60,0.08,0,Brake,148.6129
1852.0,338,33.800,15.908,57.27,16.60,0.00,2,Cruise,148.6129
1853.0,339,33.900,15.940,57.39,16.60,0.00,2,Cruise,148.6129
1854.0,339,33.900,16.006,57.62,16.60,0.00,2,Cruise,148.6129
1855.0,339,33.900,16.071,57.86,16.60,0.00,2,Cruise,148.6129
1856.0,339,33.900,16.136,58.09,16.60,0.00,2,Cruise,148.6129
1857.0,339,33.900,16.201,58.32,16.60,0.00,2,Cruise,148.6129
1858.0,339,33.900,16.266,58.56,16.60,0.00,2,Cruise,148.6129
1859.0,340,34.000,16.331,58.79,16.60,0.00,2,Cruise,148.6129
1860.0,340,34.000,16.359,58.89,16.60,0.00,2,Cruise,148.6129
1861.0,340,34.000,16.386,58.99,16.60,0.00,2,Cruise,148.6129
1862.0,340,34.000,16.413,59.09,16.60,0.00,2,Cruise,148.6129
1863.0,340,34.000,16.440,59.19,16.60,0.00,2,Cruise,148.6129
1864.0,340,34.000,16.468,59.28,16.60,0.00,2,Cruise,148.6129
1865.0,341,34.100,16.495,59.38,16.60,0.00,2,Cruise,148.6129
1866.0,341,34.100,16.510,59.44,16.60,0.00,2,Cruise,148.6129
1867.0,341,34.100,16.526,59.49,16.60,0.00,2,Cruise,148.6129
1868.0,341,34.100,16.542,59.55,16.60,0.00,2,Cruise,148.6129
1869.0,341,34.100,16.557,59.61,16.60,0.00,2,Cruise,148.6129
1870.0,341,34.100,16.573,59.66,16.60,0.00,2,Cruise,148.6129
1871.0,342,34.200,16.589,59.72,16.60,0.00,2,Cruise,148.6129
1872.0,342,34.200,16.602,59.77,16.60,0.00,2,Cruise,148.6129
1873.0,342,34.200,16.614,59.81,16.60,0.01,2,Cruise,148.6129
1874.0,342,34.200,16.627,59.86,16.60,0.03,2,Cruise,148.6129
1875.0,342,34.200,16.640,59.90,16.60,0.04,2,Cruise,148.6129
1876.0,342,34.200,16.653,59.95,16.60,0.05,2,Cruise,148.6129
1877.0,343,34.300,16.666,60.00,16.60,0.07,0,Brake,148.6129
1878.0,343,34.300,15.912,57.28,16.60,0.00,2,Cruise,148.6129
1879.0,343,34.300,15.958,57.45,16.60,0.00,2,Cruise,148.6129
1880.0,343,34.300,16.005,57.62,16.60,0.00,2,Cruise,148.6129
1881.0,343,34.300,16.052,57.79,16.60,0.00,2,Cruise,148.6129
1882.0,343,34.300,16.098,57.95,16.60,0.00,2,Cruise,148.6129
1883.0,343,34.300,16.145,58.12,16.60,0.00,2,Cruise,148.6129
1884.0,344,34.400,16.191,58.29,16.60,0.00,2,Cruise,148.6129
1885.0,344,34.400,16.191,58.29,16.60,0.00,2,Cruise,148.6841
1886.0,344,34.400,16.191,58.29,16.60,0.00,2,Cruise,148.7552
1887.0,344,34.400,16.191,58.29,16.60,0.00,2,Cruise,148.8263
1888.0,344,34.400,16.191,58.29,16.60,0.00,2,Cruise,148.8974
1889.0,344,34.400,16.191,58.29,16.60,0.00,2,Cruise,148.9685
1890.0,345,34.500,16.191,58.29,16.60,0.00,2,Cruise,149.0396
1891.0,345,34.500,16.293,58.66,16.60,0.00,0,Brake,149.0396
1892.0,345,34.500,15.595,56.14,16.60,0.00,2,Cruise,149.0396
1893.0,345,34.500,15.698,56.51,16.60,0.00,2,Cruise,149.0396
1894.0,345,34.500,15.801,56.88,16.60,0.00,2,Cruise,149.0396
1895.0,345,34.500,15.904,57.25,16.60,0.00,2,Cruise,149.0396
1896.0,346,34.600,16.006,57.62,16.60,0.00,2,Cruise,149.0396
1897.0,346,34.600,16.011,57.64,16.60,0.00,2,Cruise,149.0396
1898.0,346,34.600,16.015,57.65,16.60,0.00,2,Cruise,149.0396
1899.0,346,34.600,16.020,57.67,16.60,0.00,2,Cruise,149.0396
1900.0,346,34.600,16.024,57.69,16.60,0.00,2,Cruise,149.0396
1901.0,346,34.600,16.029,57.70,16.60,0.00,2,Cruise,149.0396
1902.0,347,34.700,16.033,57.72,16.60,0.00,2,Cruise,149.0396
1903.0,347,34.700,16.085,57.90,16.60,0.00,2,Cruise,149.0396
1904.0,347,34.700,16.136,58.09,16.60,0.00,2,Cruise,149.0396
1905.0,347,34.700,16.187,58.27,16.60,0.00,2,Cruise,149.0396
1906.0,347,34.700,16.238,58.46,16.60,0.00,2,Cruise,149.0396
1907.0,347,34.700,16.289,58.64,16.60,0.00,2,Cruise,149.0396
1908.0,348,34.800,16.340,58.82,16.60,0.00,0,Brake,149.0396
1909.0,348,34.800,15.604,56.17,16.60,0.00,2,Cruise,149.0396
1910.0,348,34.800,15.669,56.41,16.60,0.00,2,Cruise,149.0396
1911.0,348,34.800,15.734,56.64,16.60,0.00,2,Cruise,149.0396
1912.0,348,34.800,15.799,56.88,16.60,0.00,2,Cruise,149.0396
1913.0,348,34.800,15.864,57.11,16.60,0.00,2,Cruise,149.0396
1914.0,348,34.800,15.929,57.34,16.60,0.00,2,Cruise,149.0396
1915.0,349,34.900,15.993,57.58,16.60,0.00,1,Coast,149.0396
1916.0,349,34.900,15.990,57.56,16.60,0.00,1,Coast,149.0396
1917.0,349,34.900,15.987,57.55,16.60,0.00,1,Coast,149.0396
1918.0,349,34.900,15.984,57.54,16.60,0.00,1,Coast,149.0396
1919.0,349,34.900,15.981,57.53,16.60,0.00,1,Coast,149.0396
1920.0,349,34.900,15.978,57.52,16.60,0.00,1,Coast,149.0396
1921.0,350,35.000,15.975,57.51,16.60,0.00,2,Cruise,149.0396
1922.0,350,35.000,16.042,57.75,16.60,0.00,2,Cruise,149.0396
1923.0,350,35.000,16.109,57.99,16.60,0.00,2,Cruise,149.0396
1924.0,350,35.000,16.177,58.24,16.60,0.00,0,Brake,149.0396
1925.0,350,35.000,15.444,55.60,16.60,0.00,3,Power,149.0396
1926.0,350,35.000,16.044,57.76,16.60,0.00,2,Cruise,150.0704
1927.0,351,35.100,16.111,58.00,16.60,0.00,2,Cruise,150.0704
1928.0,351,35.100,16.190,58.28,16.60,0.00,0,Brake,150.0704
1929.0,351,35.100,15.469,55.69,16.60,0.00,3,Power,150.0704
1930.0,351,35.100,16.069,57.85,16.60,0.00,2,Cruise,151.1011
1931.0,351,35.100,16.148,58.13,16.60,0.00,0,Brake,151.1011
1932.0,351,35.100,15.427,55.54,16.60,0.00,3,Power,151.1011
1933.0,351,35.100,16.027,57.70,16.60,0.00,2,Cruise,152.1319
1934.0,352,35.200,16.107,57.98,16.60,0.00,2,Cruise,152.1319
1935.0,352,35.200,16.162,58.18,16.60,0.00,2,Cruise,152.1319
1936.0,352,35.200,16.217,58.38,16.60,0.00,0,Brake,152.1319
1937.0,352,35.200,15.473,55.70,16.60,0.00,2,Cruise,152.1319
1938.0,352,35.200,15.529,55.90,16.60,0.00,2,Cruise,152.1319
1939.0,352,35.200,15.585,56.11,16.60,0.00,2,Cruise,152.1319
1940.0,353,35.300,15.641,56.31,16.60,0.00,2,Cruise,152.1319
1941.0,353,35.300,15.670,56.41,16.60,0.00,2,Cruise,152.1319
1942.0,353,35.300,15.698,56.51,16.60,0.00,2,Cruise,152.1319
1943.0,353,35.300,15.726,56.62,16.60,0.00,2,Cruise,152.1319
1944.0,353,35.300,15.755,56.72,16.60,0.00,2,Cruise,152.1319
1945.0,353,35.300,15.783,56.82,16.60,0.00,2,Cruise,152.1319
1946.0,354,35.400,15.811,56.92,16.60,0.00,2,Cruise,152.1319
1947.0,354,35.400,15.856,57.08,16.60,0.00,2,Cruise,152.1319
1948.0,354,35.400,15.901,57.24,16.60,0.00,2,Cruise,152.1319
1949.0,354,35.400,15.946,57.41,16.60,0.00,2,Cruise,152.1319
1950.0,354,35.400,15.991,57.57,16.60,0.00,2,Cruise,152.1319
1951.0,354,35.400,16.035,57.73,16.60,0.00,2,Cruise,152.1319
1952.0,354,35.400,16.080,57.89,16.60,0.00,2,Cruise,152.1319
1953.0,355,35.500,16.125,58.05,16.60,0.00,1,Coast,152.1319
1954.0,355,35.500,16.112,58.00,16.60,0.00,1,Coast,152.1319
1955.0,355,35.500,16.100,57.96,16.60,0.00,1,Coast,152.1319
1956.0,355,35.500,16.088,57.92,16.60,0.00,1,Coast,152.1319
1957.0,355,35.500,16.076,57.87,16.60,0.00,1,Coast,152.1319
1958.0,355,35.500,16.064,57.83,16.60,0.00,1,Coast,152.1319
1959.0,356,35.600,16.051,57.79,16.60,0.00,2,Cruise,152.1319
1960.0,356,35.600,16.068,57.85,16.60,0.00,2,Cruise,152.1319
1961.0,356,35.600,16.085,57.91,16.60,0.00,2,Cruise,152.1319
1962.0,356,35.600,16.102,57.97,16.60,0.00,2,Cruise,152.1319
1963.0,356,35.600,16.119,58.03,16.60,0.00,2,Cruise,152.1319
1964.0,356,35.600,16.136,58.09,16.60,0.00,2,Cruise,152.1319
1965.0,357,35.700,16.153,58.15,1.00,0.00,0,Brake,152.1319
1966.0,357,35.700,15.353,55.27,1.00,0.00,0,Brake,152.1319
1967.0,357,35.700,14.553,52.39,1.00,0.00,0,Brake,152.1319
1968.0,357,35.700,13.753,49.51,1.00,0.00,0,Brake,152.1319
1969.0,357,35.700,12.953,46.63,1.00,0.00,0,Brake,152.1319
1970.0,357,35.700,12.153,43.75,1.00,0.00,0,Brake,152.1319
1971.0,357,35.700,11.353,40.87,1.00,0.00,0,Brake,152.1319
1972.0,358,35.800,10.553,37.99,22.20,0.00,3,Power,152.1319
1973.0,358,35.800,11.153,40.15,22.20,0.00,3,Power,152.8980
1974.0,358,35.800,11.753,42.31,22.20,0.00,3,Power,153.7064
1975.0,358,35.800,12.353,44.47,22.20,0.00,3,Power,154.5573
1976.0,358,35.800,12.953,46.63,22.20,0.00,3,Power,155.4504
1977.0,358,35.800,13.553,48.79,22.20,0.00,3,Power,156.3859
1978.0,358,35.800,14.153,50.95,22.20,0.00,3,Power,157.3638
1979.0,358,35.800,14.753,53.11,22.20,0.00,3,Power,158.3840
1980.0,359,35.900,15.353,55.27,22.20,0.00,3,Power,159.4157
1981.0,359,35.900,15.912,57.28,22.20,0.00,3,Power,160.4452
1982.0,359,35.900,16.451,59.22,22.20,0.00,3,Power,161.4735
1983.0,359,35.900,16.971,61.10,22.20,0.00,3,Power,162.5006
1984.0,359,35.900,17.474,62.91,22.20,0.00,3,Power,163.5267
1985.0,359,35.900,17.963,64.67,22.20,0.00,3,Power,164.5519
1986.0,360,36.000,18.437,66.37,22.20,0.00,3,Power,165.5764
1987.0,360,36.000,18.909,68.07,22.20,0.00,3,Power,166.6004
1988.0,360,36.000,19.370,69.73,22.20,0.00,3,Power,167.6238
1989.0,360,36.000,19.818,71.35,22.20,0.00,3,Power,168.6467
1990.0,360,36.000,20.256,72.92,22.20,0.00,3,Power,169.6689
1991.0,361,36.100,20.684,74.46,22.20,0.00,3,Power,170.6907
1992.0,361,36.100,21.191,76.29,22.20,0.00,2,Cruise,171.7142
1993.0,361,36.100,21.281,76.61,22.20,0.00,2,Cruise,171.7142
1994.0,361,36.100,21.371,76.93,22.20,0.00,2,Cruise,171.7142
1995.0,361,36.100,21.461,77.26,22.20,0.00,2,Cruise,171.7142
1996.0,362,36.200,21.550,77.58,22.20,0.00,2,Cruise,171.7142
1997.0,362,36.200,21.558,77.61,22.20,0.00,2,Cruise,171.7142
1998.0,362,36.200,21.566,77.64,22.20,0.00,2,Cruise,171.7142
1999.0,362,36.200,21.574,77.67,22.20,0.00,2,Cruise,171.7142
2000.0,362,36.200,21.582,77.70,22.20,0.00,2,Cruise,171.7142
2001.0,363,36.300,21.590,77.73,22.20,0.00,2,Cruise,171.7142
2002.0,363,36.300,21.590,77.73,22.20,0.00,2,Cruise,171.8109
2003.0,363,36.300,21.590,77.73,22.20,0.00,2,Cruise,171.9075
2004.0,363,36.300,21.590,77.73,22.20,0.00,2,Cruise,172.0042
2005.0,364,36.400,21.590,77.73,22.20,0.00,2,Cruise,172.1008
2006.0,364,36.400,21.596,77.74,22.20,0.00,2,Cruise,172.1008
2007.0,364,36.400,21.601,77.76,22.20,0.00,2,Cruise,172.1008
2008.0,364,36.400,21.606,77.78,22.20,0.00,2,Cruise,172.1008
2009.0,364,36.400,21.611,77.80,22.20,0.00,2,Cruise,172.1008
2010.0,365,36.500,21.616,77.82,22.20,0.00,2,Cruise,172.1008
2011.0,365,36.500,21.673,78.02,22.20,0.00,2,Cruise,172.1008
2012.0,365,36.500,21.731,78.23,22.20,0.00,2,Cruise,172.1008
2013.0,365,36.500,21.788,78.44,22.20,0.00,2,Cruise,172.1008
2014.0,366,36.600,21.845,78.64,22.20,0.00,2,Cruise,172.1008
2015.0,366,36.600,21.914,78.89,22.20,0.00,2,Cruise,172.1008
2016.0,366,36.600,21.983,79.14,22.20,0.00,2,Cruise,172.1008
2017.0,366,36.600,22.052,79.39,22.20,0.00,2,Cruise,172.1008
2018.0,366,36.600,22.121,79.64,22.20,0.00,2,Cruise,172.1008
2019.0,367,36.700,22.190,79.88,22.20,0.00,2,Cruise,172.1008
2020.0,367,36.700,22.190,79.88,22.20,0.00,2,Cruise,172.1413
2021.0,367,36.700,22.190,79.88,22.20,0.00,2,Cruise,172.1818
2022.0,367,36.700,22.190,79.88,22.20,0.00,2,Cruise,172.2222
2023.0,367,36.700,22.190,79.88,22.20,0.00,2,Cruise,172.2627
2024.0,368,36.800,22.190,79.88,22.20,0.00,2,Cruise,172.3032
2025.0,368,36.800,22.206,79.94,22.20,0.01,2,Cruise,172.3032
2026.0,368,36.800,22.222,80.00,22.20,0.02,2,Cruise,172.3032
2027.0,368,36.800,22.239,80.06,22.20,0.04,2,Cruise,172.3032
2028.0,369,36.900,22.255,80.12,22.20,0.06,2,Cruise,172.3032
2029.0,369,36.900,22.255,80.12,22.20,0.06,2,Cruise,172.3499
2030.0,369,36.900,22.255,80.12,22.20,0.06,2,Cruise,172.3967
2031.0,369,36.900,22.255,80.12,22.20,0.06,2,Cruise,172.4435
2032.0,369,36.900,22.255,80.12,22.20,0.06,2,Cruise,172.4902
2033.0,370,37.000,22.255,80.12,22.20,0.06,2,Cruise,172.5370
2034.0,370,37.000,22.255,80.12,22.20,0.06,2,Cruise,172.5447
2035.0,370,37.000,22.255,80.12,22.20,0.06,2,Cruise,172.5523
2036.0,370,37.000,22.255,80.12,22.20,0.06,2,Cruise,172.5600
2037.0,371,37.100,22.255,80.12,22.20,0.06,2,Cruise,172.5677
2038.0,371,37.100,22.262,80.14,22.20,0.06,2,Cruise,172.5677
2039.0,371,37.100,22.270,80.17,22.20,0.07,2,Cruise,172.5677
2040.0,371,37.100,22.277,80.20,22.20,0.08,2,Cruise,172.5677
2041.0,371,37.100,22.284,80.22,22.20,0.08,2,Cruise,172.5677
2042.0,372,37.200,22.291,80.25,22.20,0.09,2,Cruise,172.5677
2043.0,372,37.200,22.291,80.25,22.20,0.09,2,Cruise,172.7359
2044.0,372,37.200,22.291,80.25,22.20,0.09,2,Cruise,172.9042
2045.0,372,37.200,22.291,80.25,22.20,0.09,2,Cruise,173.0724
2046.0,373,37.300,22.291,80.25,22.20,0.09,2,Cruise,173.2406
2047.0,373,37.300,22.291,80.25,22.20,0.09,2,Cruise,173.2865
2048.0,373,37.300,22.291,80.25,22.20,0.09,2,Cruise,173.3323
2049.0,373,37.300,22.291,80.25,22.20,0.09,2,Cruise,173.3781
2050.0,374,37.400,22.291,80.25,22.20,0.09,2,Cruise,173.4240
2051.0,374,37.400,22.291,80.25,22.20,0.09,2,Cruise,173.4972
2052.0,374,37.400,22.291,80.25,22.20,0.09,2,Cruise,173.5703
2053.0,374,37.400,22.291,80.25,22.20,0.09,2,Cruise,173.6435
2054.0,374,37.400,22.291,80.25,22.20,0.09,2,Cruise,173.7167
2055.0,375,37.500,22.291,80.25,22.20,0.09,2,Cruise,173.7898
2056.0,375,37.500,22.346,80.45,22.20,0.15,0,Brake,173.7898
2057.0,375,37.500,21.601,77.76,22.20,0.00,2,Cruise,173.7898
2058.0,375,37.500,21.658,77.97,22.20,0.00,2,Cruise,173.7898
2059.0,375,37.500,21.714,78.17,22.20,0.00,2,Cruise,173.7898
2060.0,376,37.600,21.770,78.37,22.20,0.00,2,Cruise,173.7898
2061.0,376,37.600,21.780,78.41,22.20,0.00,2,Cruise,173.7898
2062.0,376,37.600,21.790,78.45,22.20,0.00,2,Cruise,173.7898
2063.0,376,37.600,21.801,78.48,22.20,0.00,2,Cruise,173.7898
2064.0,377,37.700,21.811,78.52,22.20,0.00,2,Cruise,173.7898
2065.0,377,37.700,21.811,78.52,22.20,0.00,2,Cruise,173.8097
2066.0,377,37.700,21.811,78.52,22.20,0.00,2,Cruise,173.8295
2067.0,377,37.700,21.811,78.52,22.20,0.00,2,Cruise,173.8493
2068.0,377,37.700,21.811,78.52,22.20,0.00,2,Cruise,173.8692
2069.0,378,37.800,21.811,78.52,22.20,0.00,2,Cruise,173.8890
2070.0,378,37.800,21.827,78.58,22.20,0.00,2,Cruise,173.8890
2071.0,378,37.800,21.844,78.64,22.20,0.00,2,Cruise,173.8890
2072.0,378,37.800,21.860,78.70,22.20,0.00,2,Cruise,173.8890
2073.0,379,37.900,21.877,78.76,22.20,0.00,2,Cruise,173.8890
2074.0,379,37.900,21.912,78.88,22.20,0.00,2,Cruise,173.8890
2075.0,379,37.900,21.948,79.01,22.20,0.00,2,Cruise,173.8890
2076.0,379,37.900,21.984,79.14,22.20,0.00,2,Cruise,173.8890
2077.0,379,37.900,22.019,79.27,22.20,0.00,2,Cruise,173.8890
2078.0,380,38.000,22.055,79.40,22.20,0.00,2,Cruise,173.8890
2079.0,380,38.000,22.158,79.77,22.20,0.00,2,Cruise,173.8890
2080.0,380,38.000,22.261,80.14,22.20,0.06,2,Cruise,173.8890
2081.0,380,38.000,22.365,80.51,22.20,0.16,0,Brake,173.8890
2082.0,381,38.100,21.668,78.00,22.20,0.00,2,Cruise,173.8890
2083.0,381,38.100,21.749,78.30,22.20,0.00,2,Cruise,173.8890
2084.0,381,38.100,21.831,78.59,22.20,0.00,2,Cruise,173.8890
2085.0,381,38.100,21.913,78.89,22.20,0.00,2,Cruise,173.8890
2086.0,381,38.100,21.994,79.18,22.20,0.00,2,Cruise,173.8890
2087.0,382,38.200,22.076,79.47,22.20,0.00,2,Cruise,173.8890
2088.0,382,38.200,22.076,79.47,22.20,0.00,2,Cruise,173.9315
2089.0,382,38.200,22.076,79.47,22.20,0.00,2,Cruise,173.9741
2090.0,382,38.200,22.076,79.47,22.20,0.00,2,Cruise,174.0166
2091.0,383,38.300,22.076,79.47,22.20,0.00,2,Cruise,174.0591
2092.0,383,38.300,22.117,79.62,22.20,0.00,2,Cruise,174.0591
2093.0,383,38.300,22.158,79.77,22.20,0.00,2,Cruise,174.0591
2094.0,383,38.300,22.199,79.92,22.20,0.00,2,Cruise,174.0591
2095.0,383,38.300,22.240,80.06,22.20,0.04,2,Cruise,174.0591
2096.0,384,38.400,22.281,80.21,22.20,0.08,2,Cruise,174.0591
2097.0,384,38.400,22.281,80.21,22.20,0.08,2,Cruise,174.1632
2098.0,384,38.400,22.281,80.21,22.20,0.08,2,Cruise,174.2673
2099.0,384,38.400,22.281,80.21,22.20,0.08,2,Cruise,174.3714
2100.0,385,38.500,22.281,80.21,22.20,0.08,2,Cruise,174.4755
2101.0,385,38.500,22.287,80.23,22.20,0.09,2,Cruise,174.4755
2102.0,385,38.500,22.293,80.26,22.20,0.09,2,Cruise,174.4755
2103.0,385,38.500,22.300,80.28,22.20,0.10,2,Cruise,174.4755
2104.0,385,38.500,22.306,80.30,22.20,0.11,2,Cruise,174.4755
2105.0,386,38.600,22.312,80.32,22.20,0.11,0,Brake,174.4755
2106.0,386,38.600,21.512,77.44,22.20,0.00,2,Cruise,174.4755
2107.0,386,38.600,21.512,77.44,22.20,0.00,2,Cruise,174.5003
2108.0,386,38.600,21.512,77.44,22.20,0.00,2,Cruise,174.5251
2109.0,386,38.600,21.512,77.44,22.20,0.00,2,Cruise,174.5499
2110.0,387,38.700,21.512,77.44,22.20,0.00,2,Cruise,174.5747
2111.0,387,38.700,21.512,77.44,22.20,0.00,2,Cruise,174.6557
2112.0,387,38.700,21.512,77.44,22.20,0.00,2,Cruise,174.7368
2113.0,387,38.700,21.512,77.44,22.20,0.00,2,Cruise,174.8179
2114.0,388,38.800,21.512,77.44,22.20,0.00,2,Cruise,174.8990
2115.0,388,38.800,21.542,77.55,22.20,0.00,2,Cruise,174.8990
2116.0,388,38.800,21.571,77.66,22.20,0.00,2,Cruise,174.8990
2117.0,388,38.800,21.601,77.76,22.20,0.00,2,Cruise,174.8990
2118.0,388,38.800,21.631,77.87,22.20,0.00,2,Cruise,174.8990
2119.0,389,38.900,21.660,77.98,22.20,0.00,2,Cruise,174.8990
2120.0,389,38.900,21.779,78.40,22.20,0.00,2,Cruise,174.8990
2121.0,389,38.900,21.897,78.83,22.20,0.00,2,Cruise,174.8990
2122.0,389,38.900,22.015,79.25,22.20,0.00,2,Cruise,174.8990
2123.0,390,39.000,22.132,79.68,22.20,0.00,2,Cruise,174.8990
2124.0,390,39.000,22.197,79.91,22.20,0.00,2,Cruise,174.8990
2125.0,390,39.000,22.261,80.14,22.20,0.06,2,Cruise,174.8990
2126.0,390,39.000,22.325,80.37,22.20,0.13,2,Cruise,174.8990
2127.0,390,39.000,22.389,80.60,22.20,0.19,0,Brake,174.8990
2128.0,391,39.100,21.653,77.95,22.20,0.00,2,Cruise,174.8990
2129.0,391,39.100,21.653,77.95,22.20,0.00,2,Cruise,174.9248
2130.0,391,39.100,21.653,77.95,22.20,0.00,2,Cruise,174.9506
2131.0,391,39.100,21.653,77.95,22.20,0.00,2,Cruise,174.9764
2132.0,391,39.100,21.653,77.95,22.20,0.00,2,Cruise,175.0021
2133.0,392,39.200,21.653,77.95,22.20,0.00,2,Cruise,175.0279
2134.0,392,39.200,21.653,77.95,22.20,0.00,2,Cruise,175.0524
2135.0,392,39.200,21.653,77.95,22.20,0.00,2,Cruise,175.0769
2136.0,392,39.200,21.653,77.95,22.20,0.00,2,Cruise,175.1014
2137.0,393,39.300,21.653,77.95,22.20,0.00,2,Cruise,175.1259
2138.0,393,39.300,21.682,78.06,22.20,0.00,2,Cruise,175.1259
2139.0,393,39.300,21.711,78.16,22.20,0.00,2,Cruise,175.1259
2140.0,393,39.300,21.739,78.26,22.20,0.00,2,Cruise,175.1259
2141.0,393,39.300,21.768,78.37,22.20,0.00,2,Cruise,175.1259
2142.0,394,39.400,21.797,78.47,22.20,0.00,2,Cruise,175.1259
2143.0,394,39.400,21.797,78.47,22.20,0.00,2,Cruise,175.1470
2144.0,394,39.400,21.797,78.47,22.20,0.00,2,Cruise,175.1682
2145.0,394,39.400,21.797,78.47,22.20,0.00,2,Cruise,175.1893
2146.0,395,39.500,21.797,78.47,22.20,0.00,2,Cruise,175.2104
2147.0,395,39.500,21.831,78.59,22.20,0.00,2,Cruise,175.2104
2148.0,395,39.500,21.864,78.71,22.20,0.00,2,Cruise,175.2104
2149.0,395,39.500,21.898,78.83,22.20,0.00,2,Cruise,175.2104
2150.0,395,39.500,21.932,78.95,22.20,0.00,2,Cruise,175.2104
2151.0,396,39.600,21.965,79.08,22.20,0.00,2,Cruise,175.2104
2152.0,396,39.600,21.969,79.09,22.20,0.00,2,Cruise,175.2104
2153.0,396,39.600,21.973,79.10,22.20,0.00,2,Cruise,175.2104
2154.0,396,39.600,21.977,79.12,22.20,0.00,2,Cruise,175.2104
2155.0,397,39.700,21.981,79.13,22.20,0.00,2,Cruise,175.2104
2156.0,397,39.700,21.981,79.13,22.20,0.00,2,Cruise,175.2908
2157.0,397,39.700,21.981,79.13,22.20,0.00,2,Cruise,175.3712
2158.0,397,39.700,21.981,79.13,22.20,0.00,2,Cruise,175.4516
2159.0,397,39.700,21.981,79.13,22.20,0.00,2,Cruise,175.5320
2160.0,398,39.800,21.981,79.13,22.20,0.00,2,Cruise,175.6124
2161.0,398,39.800,22.009,79.23,22.20,0.00,2,Cruise,175.6124
2162.0,398,39.800,22.038,79.34,22.20,0.00,2,Cruise,175.6124
2163.0,398,39.800,22.066,79.44,22.20,0.00,0,Brake,175.6124
2164.0,398,39.800,21.294,76.66,22.20,0.00,2,Cruise,175.6124
2165.0,399,39.900,21.324,76.77,22.20,0.00,2,Cruise,175.6124
2166.0,399,39.900,21.331,76.79,22.20,0.00,2,Cruise,175.6124
2167.0,399,39.900,21.339,76.82,22.20,0.00,2,Cruise,175.6124
2168.0,399,39.900,21.346,76.85,22.20,0.00,2,Cruise,175.6124
2169.0,400,40.000,21.354,76.87,22.20,0.00,2,Cruise,175.6124
2170.0,400,40.000,21.354,76.87,22.20,0.00,2,Cruise,175.6442
2171.0,400,40.000,21.354,76.87,22.20,0.00,2,Cruise,175.6760
2172.0,400,40.000,21.354,76.87,22.20,0.00,2,Cruise,175.7079
2173.0,400,40.000,21.354,76.87,22.20,0.00,2,Cruise,175.7397
2174.0,401,40.100,21.354,76.87,22.20,0.00,2,Cruise,175.7716
2175.0,401,40.100,21.354,76.87,22.20,0.00,2,Cruise,175.7937
2176.0,401,40.100,21.354,76.87,22.20,0.00,2,Cruise,175.8158
2177.0,401,40.100,21.354,76.87,22.20,0.00,2,Cruise,175.8379
2178.0,401,40.100,21.354,76.87,22.20,0.00,2,Cruise,175.8601
2179.0,402,40.200,21.354,76.87,22.20,0.00,2,Cruise,175.8822
2180.0,402,40.200,21.389,77.00,22.20,0.00,2,Cruise,175.8822
2181.0,402,40.200,21.425,77.13,22.20,0.00,2,Cruise,175.8822
2182.0,402,40.200,21.460,77.26,22.20,0.00,2,Cruise,175.8822
2183.0,403,40.300,21.496,77.38,22.20,0.00,2,Cruise,175.8822
2184.0,403,40.300,21.517,77.46,22.20,0.00,2,Cruise,175.8822
2185.0,403,40.300,21.538,77.54,22.20,0.00,2,Cruise,175.8822
2186.0,403,40.300,21.560,77.62,22.20,0.00,2,Cruise,175.8822
2187.0,403,40.300,21.581,77.69,22.20,0.00,2,Cruise,175.8822
2188.0,404,40.400,21.603,77.77,22.20,0.00,2,Cruise,175.8822
2189.0,404,40.400,21.603,77.77,22.20,0.00,2,Cruise,175.9119
2190.0,404,40.400,21.603,77.77,22.20,0.00,2,Cruise,175.9416
2191.0,404,40.400,21.603,77.77,22.20,0.00,2,Cruise,175.9713
2192.0,404,40.400,21.603,77.77,22.20,0.00,2,Cruise,176.0010
2193.0,405,40.500,21.603,77.77,22.20,0.00,2,Cruise,176.0307
2194.0,405,40.500,21.622,77.84,22.20,0.00,2,Cruise,176.0307
2195.0,405,40.500,21.641,77.91,22.20,0.00,2,Cruise,176.0307
2196.0,405,40.500,21.660,77.97,22.20,0.00,2,Cruise,176.0307
2197.0,406,40.600,21.678,78.04,22.20,0.00,2,Cruise,176.0307
2198.0,406,40.600,21.722,78.20,22.20,0.00,2,Cruise,176.0307
2199.0,406,40.600,21.765,78.35,22.20,0.00,2,Cruise,176.0307
2200.0,406,40.600,21.808,78.51,22.20,0.00,2,Cruise,176.0307
2201.0,406,40.600,21.852,78.67,22.20,0.00,0,Brake,176.0307
2202.0,407,40.700,21.095,75.94,22.20,0.00,2,Cruise,176.0307
2203.0,407,40.700,21.112,76.00,22.20,0.00,2,Cruise,176.0307
2204.0,407,40.700,21.129,76.06,22.20,0.00,2,Cruise,176.0307
2205.0,407,40.700,21.145,76.12,22.20,0.00,2,Cruise,176.0307
2206.0,407,40.700,21.162,76.18,22.20,0.00,2,Cruise,176.0307
2207.0,408,40.800,21.179,76.25,22.20,0.00,2,Cruise,176.0307
2208.0,408,40.800,21.219,76.39,22.20,0.00,2,Cruise,176.0307
2209.0,408,40.800,21.259,76.53,22.20,0.00,2,Cruise,176.0307
2210.0,408,40.800,21.299,76.68,22.20,0.00,2,Cruise,176.0307
2211.0,409,40.900,21.339,76.82,22.20,0.00,3,Power,176.0307
2212.0,409,40.900,21.822,78.56,22.20,0.00,0,Brake,177.0532
2213.0,409,40.900,21.101,75.96,22.20,0.00,3,Power,177.0532
2214.0,409,40.900,21.588,77.72,22.20,0.00,2,Cruise,178.0760
2215.0,409,40.900,21.668,78.00,22.20,0.00,0,Brake,178.0760
2216.0,410,41.000,20.947,75.41,22.20,0.00,3,Power,178.0760
2217.0,410,41.000,21.394,77.02,22.20,0.00,2,Cruise,179.0979
2218.0,410,41.000,21.429,77.15,22.20,0.00,2,Cruise,179.0979
2219.0,410,41.000,21.465,77.27,22.20,0.00,2,Cruise,179.0979
2220.0,410,41.000,21.501,77.40,22.20,0.00,1,Coast,179.0979
2221.0,411,41.100,21.536,77.53,22.20,0.00,1,Coast,179.0979
2222.0,411,41.100,21.546,77.57,22.20,0.00,1,Coast,179.0979
2223.0,411,41.100,21.556,77.60,22.20,0.00,1,Coast,179.0979
2224.0,411,41.100,21.566,77.64,22.20,0.00,1,Coast,179.0979
2225.0,412,41.200,21.576,77.67,22.20,0.00,1,Coast,179.0979
2226.0,412,41.200,21.560,77.62,22.20,0.00,1,Coast,179.0979
2227.0,412,41.200,21.544,77.56,22.20,0.00,1,Coast,179.0979
2228.0,412,41.200,21.527,77.50,22.20,0.00,1,Coast,179.0979
2229.0,412,41.200,21.511,77.44,22.20,0.00,1,Coast,179.0979
2230.0,413,41.300,21.495,77.38,22.20,0.00,2,Cruise,179.0979
2231.0,413,41.300,21.531,77.51,22.20,0.00,2,Cruise,179.0979
2232.0,413,41.300,21.567,77.64,22.20,0.00,2,Cruise,179.0979
2233.0,413,41.300,21.603,77.77,22.20,0.00,2,Cruise,179.0979
2234.0,414,41.400,21.639,77.90,22.20,0.00,2,Cruise,179.0979
2235.0,414,41.400,21.694,78.10,22.20,0.00,2,Cruise,179.0979
2236.0,414,41.400,21.748,78.29,22.20,0.00,0,Brake,179.0979
2237.0,414,41.400,21.003,75.61,22.20,0.00,2,Cruise,179.0979
2238.0,414,41.400,21.059,75.81,22.20,0.00,2,Cruise,179.0979
2239.0,415,41.500,21.115,76.01,1.00,0.00,0,Brake,179.0979
2240.0,415,41.500,20.315,73.13,1.00,0.00,0,Brake,179.0979
2241.0,415,41.500,19.515,70.25,1.00,0.00,0,Brake,179.0979
2242.0,415,41.500,18.715,67.37,1.00,0.00,0,Brake,179.0979
2243.0,415,41.500,17.915,64.49,1.00,0.00,0,Brake,179.0979
2244.0,416,41.600,17.115,61.61,22.20,0.00,3,Power,179.0979
2245.0,416,41.600,17.616,63.42,22.20,0.00,3,Power,180.1238
2246.0,416,41.600,18.102,65.17,22.20,0.00,3,Power,181.1489
2247.0,416,41.600,18.574,66.87,22.20,0.00,3,Power,182.1732
2248.0,416,41.600,19.033,68.52,22.20,0.00,3,Power,183.1968
2249.0,416,41.600,19.481,70.13,22.20,0.00,3,Power,184.2198
2250.0,417,41.700,19.917,71.70,22.20,0.00,3,Power,185.2422
2251.0,417,41.700,20.362,73.30,22.20,0.00,3,Power,186.2646
2252.0,417,41.700,20.796,74.86,22.20,0.00,3,Power,187.2865
2253.0,417,41.700,21.220,76.39,22.20,0.00,2,Cruise,188.3079
2254.0,417,41.700,21.231,76.43,22.20,0.00,2,Cruise,188.3079
2255.0,418,41.800,21.241,76.47,22.20,0.00,2,Cruise,188.3079
2256.0,418,41.800,21.241,76.47,22.20,0.00,2,Cruise,188.4275
2257.0,418,41.800,21.241,76.47,22.20,0.00,2,Cruise,188.5470
2258.0,418,41.800,21.241,76.47,22.20,0.00,2,Cruise,188.6665
2259.0,419,41.900,21.241,76.47,22.20,0.00,2,Cruise,188.7860
2260.0,419,41.900,21.286,76.63,22.20,0.00,2,Cruise,188.7860
2261.0,419,41.900,21.330,76.79,22.20,0.00,2,Cruise,188.7860
2262.0,419,41.900,21.374,76.95,22.20,0.00,2,Cruise,188.7860
2263.0,419,41.900,21.418,77.10,22.20,0.00,2,Cruise,188.7860
2264.0,420,42.000,21.462,77.26,22.20,0.00,2,Cruise,188.7860
2265.0,420,42.000,21.462,77.26,22.20,0.00,2,Cruise,188.8760
2266.0,420,42.000,21.462,77.26,22.20,0.00,2,Cruise,188.9660
2267.0,420,42.000,21.462,77.26,22.20,0.00,2,Cruise,189.0560
2268.0,420,42.000,21.462,77.26,22.20,0.00,2,Cruise,189.1460
2269.0,421,42.100,21.462,77.26,22.20,0.00,2,Cruise,189.2360
2270.0,421,42.100,21.528,77.50,22.20,0.00,2,Cruise,189.2360
2271.0,421,42.100,21.593,77.74,22.20,0.00,2,Cruise,189.2360
2272.0,421,42.100,21.659,77.97,22.20,0.00,2,Cruise,189.2360
2273.0,422,42.200,21.725,78.21,22.20,0.00,2,Cruise,189.2360
2274.0,422,42.200,21.725,78.21,22.20,0.00,2,Cruise,189.2651
2275.0,422,42.200,21.725,78.21,22.20,0.00,2,Cruise,189.2943
2276.0,422,42.200,21.725,78.21,22.20,0.00,2,Cruise,189.3234
2277.0,422,42.200,21.725,78.21,22.20,0.00,2,Cruise,189.3526
2278.0,423,42.300,21.725,78.21,22.20,0.00,2,Cruise,189.3817
2279.0,423,42.300,21.725,78.21,22.20,0.00,2,Cruise,189.4616
2280.0,423,42.300,21.725,78.21,22.20,0.00,2,Cruise,189.5415
2281.0,423,42.300,21.725,78.21,22.20,0.00,2,Cruise,189.6213
2282.0,423,42.300,21.725,78.21,22.20,0.00,2,Cruise,189.7012
2283.0,424,42.400,21.725,78.21,22.20,0.00,2,Cruise,189.7811
2284.0,424,42.400,21.801,78.48,22.20,0.00,2,Cruise,189.7811
2285.0,424,42.400,21.877,78.76,22.20,0.00,2,Cruise,189.7811
2286.0,424,42.400,21.952,79.03,22.20,0.00,2,Cruise,189.7811
2287.0,425,42.500,22.028,79.30,22.20,0.00,2,Cruise,189.7811
2288.0,425,42.500,22.130,79.67,22.20,0.00,2,Cruise,189.7811
2289.0,425,42.500,22.232,80.03,22.20,0.03,2,Cruise,189.7811
2290.0,425,42.500,22.333,80.40,22.20,0.13,0,Brake,189.7811
2291.0,425,42.500,21.635,77.88,22.20,0.00,2,Cruise,189.7811
2292.0,426,42.600,21.737,78.25,22.20,0.00,2,Cruise,189.7811
2293.0,426,42.600,21.737,78.25,22.20,0.00,2,Cruise,189.8720
2294.0,426,42.600,21.737,78.25,22.20,0.00,2,Cruise,189.9629
2295.0,426,42.600,21.737,78.25,22.20,0.00,2,Cruise,190.0538
2296.0,427,42.700,21.737,78.25,22.20,0.00,2,Cruise,190.1446
2297.0,427,42.700,21.754,78.31,22.20,0.00,2,Cruise,190.1446
2298.0,427,42.700,21.770,78.37,22.20,0.00,2,Cruise,190.1446
2299.0,427,42.700,21.786,78.43,22.20,0.00,2,Cruise,190.1446
2300.0,427,42.700,21.803,78.49,22.20,0.00,2,Cruise,190.1446
2301.0,428,42.800,21.819,78.55,22.20,0.00,2,Cruise,190.1446
2302.0,428,42.800,21.851,78.66,22.20,0.00,2,Cruise,190.1446
2303.0,428,42.800,21.883,78.78,22.20,0.00,2,Cruise,190.1446
2304.0,428,42.800,21.915,78.89,22.20,0.00,2,Cruise,190.1446
2305.0,429,42.900,21.946,79.01,22.20,0.00,2,Cruise,190.1446
2306.0,429,42.900,22.002,79.21,22.20,0.00,2,Cruise,190.1446
2307.0,429,42.900,22.057,79.41,22.20,0.00,2,Cruise,190.1446
2308.0,429,42.900,22.112,79.60,22.20,0.00,2,Cruise,190.1446
2309.0,429,42.900,22.168,79.80,22.20,0.00,2,Cruise,190.1446
2310.0,430,43.000,22.223,80.00,22.20,0.02,2,Cruise,190.1446
2311.0,430,43.000,22.229,80.02,22.20,0.03,2,Cruise,190.1446
2312.0,430,43.000,22.236,80.05,22.20,0.04,2,Cruise,190.1446
2313.0,430,43.000,22.242,80.07,22.20,0.04,2,Cruise,190.1446
2314.0,431,43.100,22.248,80.09,22.20,0.05,2,Cruise,190.1446
2315.0,431,43.100,22.248,80.09,22.20,0.05,2,Cruise,190.3644
2316.0,431,43.100,22.248,80.09,22.20,0.05,2,Cruise,190.5842
2317.0,431,43.100,22.248,80.09,22.20,0.05,2,Cruise,190.8040
2318.0,431,43.100,22.248,80.09,22.20,0.05,2,Cruise,191.0238
2319.0,432,43.200,22.248,80.09,22.20,0.05,2,Cruise,191.2436
2320.0,432,43.200,22.248,80.09,22.20,0.05,2,Cruise,191.3019
2321.0,432,43.200,22.248,80.09,22.20,0.05,2,Cruise,191.3602
2322.0,432,43.200,22.248,80.09,22.20,0.05,2,Cruise,191.4184
2323.0,433,43.300,22.248,80.09,22.20,0.05,2,Cruise,191.4767
2324.0,433,43.300,22.293,80.25,22.20,0.09,2,Cruise,191.4767
2325.0,433,43.300,22.337,80.41,22.20,0.14,2,Cruise,191.4767
2326.0,433,43.300,22.382,80.57,22.20,0.18,2,Cruise,191.4767
2327.0,433,43.300,22.426,80.73,22.20,0.23,0,Brake,191.4767
2328.0,434,43.400,21.671,78.01,22.20,0.00,2,Cruise,191.4767
2329.0,434,43.400,21.671,78.01,22.20,0.00,2,Cruise,191.4932
2330.0,434,43.400,21.671,78.01,22.20,0.00,2,Cruise,191.5097
2331.0,434,43.400,21.671,78.01,22.20,0.00,2,Cruise,191.5262
2332.0,434,43.400,21.671,78.01,22.20,0.00,2,Cruise,191.5427
2333.0,435,43.500,21.671,78.01,22.20,0.00,2,Cruise,191.5592
2334.0,435,43.500,21.700,78.12,22.20,0.00,2,Cruise,191.5592
2335.0,435,43.500,21.729,78.23,22.20,0.00,2,Cruise,191.5592
2336.0,435,43.500,21.758,78.33,22.20,0.00,2,Cruise,191.5592
2337.0,436,43.600,21.788,78.44,22.20,0.00,2,Cruise,191.5592
2338.0,436,43.600,21.788,78.44,22.20,0.00,2,Cruise,191.5781
2339.0,436,43.600,21.788,78.44,22.20,0.00,2,Cruise,191.5969
2340.0,436,43.600,21.788,78.44,22.20,0.00,2,Cruise,191.6157
2341.0,436,43.600,21.788,78.44,22.20,0.00,2,Cruise,191.6345
2342.0,437,43.700,21.788,78.44,22.20,0.00,2,Cruise,191.6534
2343.0,437,43.700,21.792,78.45,22.20,0.00,2,Cruise,191.6534
2344.0,437,43.700,21.796,78.46,22.20,0.00,2,Cruise,191.6534
2345.0,437,43.700,21.799,78.48,22.20,0.00,2,Cruise,191.6534
2346.0,438,43.800,21.803,78.49,22.20,0.00,2,Cruise,191.6534
2347.0,438,43.800,21.803,78.49,22.20,0.00,2,Cruise,191.7583
2348.0,438,43.800,21.803,78.49,22.20,0.00,2,Cruise,191.8633
2349.0,438,43.800,21.803,78.49,22.20,0.00,2,Cruise,191.9682
2350.0,438,43.800,21.803,78.49,22.20,0.00,2,Cruise,192.0732
2351.0,439,43.900,21.803,78.49,22.20,0.00,2,Cruise,192.1782
2352.0,439,43.900,21.857,78.69,22.20,0.00,2,Cruise,192.1782
2353.0,439,43.900,21.911,78.88,22.20,0.00,2,Cruise,192.1782
2354.0,439,43.900,21.964,79.07,22.20,0.00,2,Cruise,192.1782
2355.0,440,44.000,22.018,79.26,22.20,0.00,2,Cruise,192.1782
2356.0,440,44.000,22.041,79.35,22.20,0.00,2,Cruise,192.1782
2357.0,440,44.000,22.065,79.43,22.20,0.00,2,Cruise,192.1782
2358.0,440,44.000,22.088,79.52,22.20,0.00,2,Cruise,192.1782
2359.0,440,44.000,22.111,79.60,22.20,0.00,2,Cruise,192.1782
2360.0,441,44.100,22.134,79.68,22.20,0.00,2,Cruise,192.1782
2361.0,441,44.100,22.167,79.80,22.20,0.00,2,Cruise,192.1782
2362.0,441,44.100,22.199,79.92,22.20,0.00,2,Cruise,192.1782
2363.0,441,44.100,22.231,80.03,22.20,0.03,2,Cruise,192.1782
2364.0,442,44.200,22.263,80.15,22.20,0.06,0,Brake,192.1782
2365.0,442,44.200,21.522,77.48,22.20,0.00,2,Cruise,192.1782
2366.0,442,44.200,21.582,77.69,22.20,0.00,2,Cruise,192.1782
2367.0,442,44.200,21.641,77.91,22.20,0.00,2,Cruise,192.1782
2368.0,442,44.200,21.701,78.12,22.20,0.00,2,Cruise,192.1782
2369.0,443,44.300,21.760,78.34,22.20,0.00,2,Cruise,192.1782
2370.0,443,44.300,21.760,78.34,22.20,0.00,2,Cruise,192.4930
2371.0,443,44.300,21.760,78.34,22.20,0.00,2,Cruise,192.8079
2372.0,443,44.300,21.760,78.34,22.20,0.00,2,Cruise,193.1228
2373.0,443,44.300,21.760,78.34,22.20,0.00,2,Cruise,193.4377
2374.0,444,44.400,21.760,78.34,22.20,0.00,2,Cruise,193.7526
2375.0,444,44.400,21.800,78.48,22.20,0.00,2,Cruise,193.7526
2376.0,444,44.400,21.839,78.62,22.20,0.00,2,Cruise,193.7526
2377.0,444,44.400,21.879,78.76,22.20,0.00,2,Cruise,193.7526
2378.0,445,44.500,21.918,78.91,22.20,0.00,2,Cruise,193.7526
2379.0,445,44.500,21.918,78.91,22.20,0.00,2,Cruise,194.1185
2380.0,445,44.500,21.918,78.91,22.20,0.00,2,Cruise,194.4844
2381.0,445,44.500,21.918,78.91,22.20,0.00,2,Cruise,194.8502
2382.0,445,44.500,21.918,78.91,22.20,0.00,2,Cruise,195.2161
2383.0,446,44.600,21.918,78.91,22.20,0.00,2,Cruise,195.5820
2384.0,446,44.600,21.918,78.91,22.20,0.00,2,Cruise,195.6817
2385.0,446,44.600,21.918,78.91,22.20,0.00,2,Cruise,195.7813
2386.0,446,44.600,21.918,78.91,22.20,0.00,2,Cruise,195.8810
2387.0,447,44.700,21.918,78.91,22.20,0.00,2,Cruise,195.9807
2388.0,447,44.700,21.922,78.92,22.20,0.00,2,Cruise,195.9807
2389.0,447,44.700,21.925,78.93,22.20,0.00,2,Cruise,195.9807
2390.0,447,44.700,21.929,78.94,22.20,0.00,2,Cruise,195.9807
2391.0,447,44.700,21.932,78.96,22.20,0.00,2,Cruise,195.9807
2392.0,448,44.800,21.936,78.97,22.20,0.00,2,Cruise,195.9807
2393.0,448,44.800,21.936,78.97,22.20,0.00,2,Cruise,196.0139
2394.0,448,44.800,21.936,78.97,22.20,0.00,2,Cruise,196.0471
2395.0,448,44.800,21.936,78.97,22.20,0.00,2,Cruise,196.0803
2396.0,448,44.800,21.936,78.97,22.20,0.00,2,Cruise,196.1135
2397.0,449,44.900,21.936,78.97,22.20,0.00,2,Cruise,196.1467
2398.0,449,44.900,21.943,78.99,22.20,0.00,2,Cruise,196.1467
2399.0,449,44.900,21.949,79.02,22.20,0.00,2,Cruise,196.1467
2400.0,449,44.900,21.956,79.04,22.20,0.00,2,Cruise,196.1467
2401.0,450,45.000,21.963,79.07,22.20,0.00,2,Cruise,196.1467
2402.0,450,45.000,21.963,79.07,22.20,0.00,2,Cruise,196.2584
2403.0,450,45.000,21.963,79.07,22.20,0.00,2,Cruise,196.3701
2404.0,450,45.000,21.963,79.07,22.20,0.00,2,Cruise,196.4819
2405.0,450,45.000,21.963,79.07,22.20,0.00,2,Cruise,196.5936
2406.0,451,45.100,21.963,79.07,22.20,0.00,2,Cruise,196.7053
2407.0,451,45.100,21.963,79.07,22.20,0.00,2,Cruise,196.8701
2408.0,451,45.100,21.963,79.07,22.20,0.00,2,Cruise,197.0348
2409.0,451,45.100,21.963,79.07,22.20,0.00,2,Cruise,197.1996
2410.0,452,45.200,21.963,79.07,22.20,0.00,2,Cruise,197.3644
2411.0,452,45.200,21.963,79.07,22.20,0.00,2,Cruise,197.5568
2412.0,452,45.200,21.963,79.07,22.20,0.00,2,Cruise,197.7492
2413.0,452,45.200,21.963,79.07,22.20,0.00,2,Cruise,197.9416
2414.0,452,45.200,21.963,79.07,22.20,0.00,2,Cruise,198.1340
2415.0,453,45.300,21.963,79.07,22.20,0.00,2,Cruise,198.3264
2416.0,453,45.300,21.963,79.07,22.20,0.00,2,Cruise,198.3426
2417.0,453,45.300,21.963,79.07,22.20,0.00,2,Cruise,198.3589
2418.0,453,45.300,21.963,79.07,22.20,0.00,2,Cruise,198.3751
2419.0,454,45.400,21.963,79.07,22.20,0.00,2,Cruise,198.3914
2420.0,454,45.400,21.965,79.07,22.20,0.00,2,Cruise,198.3914
2421.0,454,45.400,21.967,79.08,22.20,0.00,2,Cruise,198.3914
2422.0,454,45.400,21.969,79.09,22.20,0.00,2,Cruise,198.3914
2423.0,454,45.400,21.971,79.10,22.20,0.00,2,Cruise,198.3914
2424.0,455,45.500,21.973,79.10,22.20,0.00,2,Cruise,198.3914
2425.0,455,45.500,21.973,79.10,22.20,0.00,2,Cruise,198.4124
2426.0,455,45.500,21.973,79.10,22.20,0.00,2,Cruise,198.4335
2427.0,455,45.500,21.973,79.10,22.20,0.00,2,Cruise,198.4546
2428.0,456,45.600,21.973,79.10,22.20,0.00,2,Cruise,198.4757
2429.0,456,45.600,21.987,79.15,22.20,0.00,2,Cruise,198.4757
2430.0,456,45.600,22.000,79.20,22.20,0.00,2,Cruise,198.4757
2431.0,456,45.600,22.013,79.25,22.20,0.00,2,Cruise,198.4757
2432.0,456,45.600,22.027,79.30,22.20,0.00,2,Cruise,198.4757
2433.0,457,45.700,22.040,79.34,22.20,0.00,2,Cruise,198.4757
2434.0,457,45.700,22.040,79.34,22.20,0.00,2,Cruise,198.8452
2435.0,457,45.700,22.040,79.34,22.20,0.00,2,Cruise,199.2147
2436.0,457,45.700,22.040,79.34,22.20,0.00,2,Cruise,199.5842
2437.0,458,45.800,22.040,79.34,22.20,0.00,2,Cruise,199.9537
2438.0,458,45.800,22.096,79.55,22.20,0.00,2,Cruise,199.9537
2439.0,458,45.800,22.151,79.74,22.20,0.00,2,Cruise,199.9537
2440.0,458,45.800,22.207,79.94,22.20,0.01,2,Cruise,199.9537
2441.0,458,45.800,22.262,80.14,22.20,0.06,2,Cruise,199.9537
2442.0,459,45.900,22.317,80.34,22.20,0.12,2,Cruise,199.9537
2443.0,459,45.900,22.317,80.34,22.20,0.12,2,Cruise,199.9827
2444.0,459,45.900,22.317,80.34,22.20,0.12,2,Cruise,200.0117
2445.0,459,45.900,22.317,80.34,22.20,0.12,2,Cruise,200.0407
2446.0,460,46.000,22.317,80.34,22.20,0.12,0,Brake,200.0697
2447.0,460,46.000,21.595,77.74,22.20,0.00,2,Cruise,200.0697
2448.0,460,46.000,21.674,78.02,22.20,0.00,2,Cruise,200.0697
2449.0,460,46.000,21.752,78.31,22.20,0.00,2,Cruise,200.0697
2450.0,460,46.000,21.831,78.59,22.20,0.00,2,Cruise,200.0697
2451.0,461,46.100,21.909,78.87,22.20,0.00,2,Cruise,200.0697
2452.0,461,46.100,22.014,79.25,22.20,0.00,2,Cruise,200.0697
2453.0,461,46.100,22.119,79.63,22.20,0.00,2,Cruise,200.0697
2454.0,461,46.100,22.224,80.01,22.20,0.02,0,Brake,200.0697
2455.0,461,46.100,21.528,77.50,22.20,0.00,2,Cruise,200.0697
2456.0,462,46.200,21.634,77.88,22.20,0.00,2,Cruise,200.0697
2457.0,462,46.200,21.634,77.88,22.20,0.00,2,Cruise,200.1006
2458.0,462,46.200,21.634,77.88,22.20,0.00,2,Cruise,200.1316
2459.0,462,46.200,21.634,77.88,22.20,0.00,2,Cruise,200.1625
2460.0,463,46.300,21.634,77.88,22.20,0.00,2,Cruise,200.1934
2461.0,463,46.300,21.634,77.88,22.20,0.00,2,Cruise,200.3664
2462.0,463,46.300,21.634,77.88,22.20,0.00,2,Cruise,200.5394
2463.0,463,46.300,21.634,77.88,22.20,0.00,2,Cruise,200.7124
2464.0,463,46.300,21.634,77.88,22.20,0.00,2,Cruise,200.8853
2465.0,464,46.400,21.634,77.88,22.20,0.00,2,Cruise,201.0583
2466.0,464,46.400,21.634,77.88,22.20,0.00,2,Cruise,201.1837
2467.0,464,46.400,21.634,77.88,22.20,0.00,2,Cruise,201.3092
2468.0,464,46.400,21.634,77.88,22.20,0.00,2,Cruise,201.4346
2469.0,465,46.500,21.634,77.88,22.20,0.00,2,Cruise,201.5600
2470.0,465,46.500,21.634,77.88,22.20,0.00,2,Cruise,201.7492
2471.0,465,46.500,21.634,77.88,22.20,0.00,2,Cruise,201.9384
2472.0,465,46.500,21.634,77.88,22.20,0.00,2,Cruise,202.1276
2473.0,465,46.500,21.634,77.88,22.20,0.00,2,Cruise,202.3168
2474.0,466,46.600,21.634,77.88,22.20,0.00,2,Cruise,202.5060
2475.0,466,46.600,21.634,77.88,22.20,0.00,2,Cruise,202.6652
2476.0,466,46.600,21.634,77.88,22.20,0.00,2,Cruise,202.8243
2477.0,466,46.600,21.634,77.88,22.20,0.00,2,Cruise,202.9835
2478.0,466,46.600,21.634,77.88,22.20,0.00,2,Cruise,203.1426
2479.0,467,46.700,21.634,77.88,22.20,0.00,2,Cruise,203.3018
2480.0,467,46.700,21.634,77.88,22.20,0.00,2,Cruise,203.5357
2481.0,467,46.700,21.634,77.88,22.20,0.00,2,Cruise,203.7696
2482.0,467,46.700,21.634,77.88,22.20,0.00,2,Cruise,204.0035
2483.0,468,46.800,21.634,77.88,22.20,0.00,2,Cruise,204.2374
2484.0,468,46.800,21.634,77.88,22.20,0.00,2,Cruise,204.2713
2485.0,468,46.800,21.634,77.88,22.20,0.00,2,Cruise,204.3052
2486.0,468,46.800,21.634,77.88,22.20,0.00,2,Cruise,204.3391
2487.0,468,46.800,21.634,77.88,22.20,0.00,2,Cruise,204.3729
2488.0,469,46.900,21.634,77.88,22.20,0.00,2,Cruise,204.4068
2489.0,469,46.900,21.634,77.88,22.20,0.00,2,Cruise,204.4390
2490.0,469,46.900,21.634,77.88,22.20,0.00,2,Cruise,204.4712
2491.0,469,46.900,21.634,77.88,22.20,0.00,2,Cruise,204.5033
2492.0,469,46.900,21.634,77.88,22.20,0.00,2,Cruise,204.5355
2493.0,470,47.000,21.634,77.88,22.20,0.00,2,Cruise,204.5677
2494.0,470,47.000,21.634,77.88,22.20,0.00,2,Cruise,204.6315
2495.0,470,47.000,21.634,77.88,22.20,0.00,2,Cruise,204.6953
2496.0,470,47.000,21.634,77.88,22.20,0.00,2,Cruise,204.7591
2497.0,471,47.100,21.634,77.88,22.20,0.00,2,Cruise,204.8229
2498.0,471,47.100,21.653,77.95,22.20,0.00,2,Cruise,204.8229
2499.0,471,47.100,21.672,78.02,22.20,0.00,2,Cruise,204.8229
2500.0,471,47.100,21.692,78.09,22.20,0.00,2,Cruise,204.8229
2501.0,471,47.100,21.711,78.16,22.20,0.00,2,Cruise,204.8229
2502.0,472,47.200,21.730,78.23,22.20,0.00,2,Cruise,204.8229
2503.0,472,47.200,21.730,78.23,22.20,0.00,2,Cruise,204.9053
2504.0,472,47.200,21.730,78.23,22.20,0.00,2,Cruise,204.9876
2505.0,472,47.200,21.730,78.23,22.20,0.00,2,Cruise,205.0699
2506.0,473,47.300,21.730,78.23,22.20,0.00,2,Cruise,205.1523
2507.0,473,47.300,21.740,78.26,22.20,0.00,2,Cruise,205.1523
2508.0,473,47.300,21.750,78.30,22.20,0.00,2,Cruise,205.1523
2509.0,473,47.300,21.759,78.33,22.20,0.00,2,Cruise,205.1523
2510.0,473,47.300,21.769,78.37,22.20,0.00,2,Cruise,205.1523
2511.0,474,47.400,21.779,78.40,22.20,0.00,2,Cruise,205.1523
2512.0,474,47.400,21.779,78.40,22.20,0.00,2,Cruise,205.1986
2513.0,474,47.400,21.779,78.40,22.20,0.00,2,Cruise,205.2449
2514.0,474,47.400,21.779,78.40,22.20,0.00,2,Cruise,205.2912
2515.0,474,47.400,21.779,78.40,22.20,0.00,2,Cruise,205.3375
2516.0,475,47.500,21.779,78.40,22.20,0.00,2,Cruise,205.3838
2517.0,475,47.500,21.779,78.40,22.20,0.00,2,Cruise,205.4151
2518.0,475,47.500,21.779,78.40,22.20,0.00,2,Cruise,205.4463
2519.0,475,47.500,21.779,78.40,22.20,0.00,2,Cruise,205.4775
2520.0,476,47.600,21.779,78.40,22.20,0.00,2,Cruise,205.5088
2521.0,476,47.600,21.779,78.40,22.20,0.00,2,Cruise,205.5137
2522.0,476,47.600,21.779,78.40,22.20,0.00,2,Cruise,205.5186
2523.0,476,47.600,21.779,78.40,22.20,0.00,2,Cruise,205.5235
2524.0,476,47.600,21.779,78.40,22.20,0.00,2,Cruise,205.5284
2525.0,477,47.700,21.779,78.40,22.20,0.00,2,Cruise,205.5333
2526.0,477,47.700,21.784,78.42,22.20,0.00,2,Cruise,205.5333
2527.0,477,47.700,21.789,78.44,22.20,0.00,2,Cruise,205.5333
2528.0,477,47.700,21.794,78.46,22.20,0.00,2,Cruise,205.5333
2529.0,478,47.800,21.800,78.48,22.20,0.00,2,Cruise,205.5333
2530.0,478,47.800,21.828,78.58,22.20,0.00,2,Cruise,205.5333
2531.0,478,47.800,21.857,78.69,22.20,0.00,2,Cruise,205.5333
2532.0,478,47.800,21.886,78.79,22.20,0.00,2,Cruise,205.5333
2533.0,478,47.800,21.915,78.89,22.20,0.00,2,Cruise,205.5333
2534.0,479,47.900,21.943,79.00,22.20,0.00,2,Cruise,205.5333
2535.0,479,47.900,21.943,79.00,22.20,0.00,2,Cruise,205.5828
2536.0,479,47.900,21.943,79.00,22.20,0.00,2,Cruise,205.6322
2537.0,479,47.900,21.943,79.00,22.20,0.00,2,Cruise,205.6817
2538.0,479,47.900,21.943,79.00,22.20,0.00,2,Cruise,205.7311
2539.0,480,48.000,21.943,79.00,22.20,0.00,2,Cruise,205.7806
2540.0,480,48.000,21.943,79.00,22.20,0.00,2,Cruise,205.9828
2541.0,480,48.000,21.943,79.00,22.20,0.00,2,Cruise,206.1850
2542.0,480,48.000,21.943,79.00,22.20,0.00,2,Cruise,206.3872
2543.0,481,48.100,21.943,79.00,22.20,0.00,2,Cruise,206.5894
2544.0,481,48.100,21.943,79.00,22.20,0.00,2,Cruise,206.7709
2545.0,481,48.100,21.943,79.00,22.20,0.00,2,Cruise,206.9525
2546.0,481,48.100,21.943,79.00,22.20,0.00,2,Cruise,207.1340
2547.0,481,48.100,21.943,79.00,22.20,0.00,2,Cruise,207.3155
2548.0,482,48.200,21.943,79.00,22.20,0.00,2,Cruise,207.4970
2549.0,482,48.200,21.964,79.07,22.20,0.00,2,Cruise,207.4970
2550.0,482,48.200,21.985,79.15,22.20,0.00,2,Cruise,207.4970
2551.0,482,48.200,22.006,79.22,22.20,0.00,2,Cruise,207.4970
2552.0,483,48.300,22.027,79.30,22.20,0.00,2,Cruise,207.4970
2553.0,483,48.300,22.039,79.34,22.20,0.00,2,Cruise,207.4970
2554.0,483,48.300,22.050,79.38,22.20,0.00,2,Cruise,207.4970
2555.0,483,48.300,22.062,79.42,22.20,0.00,2,Cruise,207.4970
2556.0,483,48.300,22.074,79.46,22.20,0.00,2,Cruise,207.4970
2557.0,484,48.400,22.085,79.51,22.20,0.00,2,Cruise,207.4970
2558.0,484,48.400,22.085,79.51,22.20,0.00,2,Cruise,207.5513
2559.0,484,48.400,22.085,79.51,22.20,0.00,2,Cruise,207.6055
2560.0,484,48.400,22.085,79.51,22.20,0.00,2,Cruise,207.6597
2561.0,485,48.500,22.085,79.51,22.20,0.00,2,Cruise,207.7140
2562.0,485,48.500,22.085,79.51,22.20,0.00,2,Cruise,207.8486
2563.0,485,48.500,22.085,79.51,22.20,0.00,2,Cruise,207.9833
2564.0,485,48.500,22.085,79.51,22.20,0.00,2,Cruise,208.1180
2565.0,485,48.500,22.085,79.51,22.20,0.00,2,Cruise,208.2526
2566.0,486,48.600,22.085,79.51,22.20,0.00,2,Cruise,208.3873
2567.0,486,48.600,22.096,79.55,22.20,0.00,2,Cruise,208.3873
2568.0,486,48.600,22.107,79.59,22.20,0.00,2,Cruise,208.3873
2569.0,486,48.600,22.119,79.63,22.20,0.00,2,Cruise,208.3873
2570.0,487,48.700,22.130,79.67,22.20,0.00,2,Cruise,208.3873
2571.0,487,48.700,22.156,79.76,22.20,0.00,2,Cruise,208.3873
2572.0,487,48.700,22.182,79.85,22.20,0.00,2,Cruise,208.3873
2573.0,487,48.700,22.207,79.95,22.20,0.01,2,Cruise,208.3873
2574.0,487,48.700,22.233,80.04,22.20,0.03,2,Cruise,208.3873
2575.0,488,48.800,22.259,80.13,22.20,0.06,2,Cruise,208.3873
2576.0,488,48.800,22.311,80.32,22.20,0.11,2,Cruise,208.3873
2577.0,488,48.800,22.363,80.51,22.20,0.16,2,Cruise,208.3873
2578.0,488,48.800,22.415,80.69,22.20,0.21,0,Brake,208.3873
2579.0,489,48.900,21.667,78.00,22.20,0.00,2,Cruise,208.3873
2580.0,489,48.900,21.667,78.00,22.20,0.00,2,Cruise,208.4634
2581.0,489,48.900,21.667,78.00,22.20,0.00,2,Cruise,208.5395
2582.0,489,48.900,21.667,78.00,22.20,0.00,2,Cruise,208.6156
2583.0,489,48.900,21.667,78.00,22.20,0.00,2,Cruise,208.6918
2584.0,490,49.000,21.667,78.00,22.20,0.00,2,Cruise,208.7679
2585.0,490,49.000,21.687,78.07,22.20,0.00,2,Cruise,208.7679
2586.0,490,49.000,21.708,78.15,22.20,0.00,2,Cruise,208.7679
2587.0,490,49.000,21.728,78.22,22.20,0.00,2,Cruise,208.7679
2588.0,490,49.000,21.749,78.30,22.20,0.00,2,Cruise,208.7679
2589.0,491,49.100,21.769,78.37,22.20,0.00,2,Cruise,208.7679
2590.0,491,49.100,21.769,78.37,22.20,0.00,2,Cruise,208.9052
2591.0,491,49.100,21.769,78.37,22.20,0.00,2,Cruise,209.0425
2592.0,491,49.100,21.769,78.37,22.20,0.00,2,Cruise,209.1798
2593.0,492,49.200,21.769,78.37,22.20,0.00,2,Cruise,209.3171
2594.0,492,49.200,21.787,78.43,22.20,0.00,2,Cruise,209.3171
2595.0,492,49.200,21.804,78.49,22.20,0.00,2,Cruise,209.3171
2596.0,492,49.200,21.821,78.56,22.20,0.00,2,Cruise,209.3171
2597.0,492,49.200,21.839,78.62,22.20,0.00,2,Cruise,209.3171
2598.0,493,49.300,21.856,78.68,22.20,0.00,2,Cruise,209.3171
2599.0,493,49.300,21.856,78.68,22.20,0.00,2,Cruise,209.3386
2600.0,493,49.300,21.856,78.68,22.20,0.00,2,Cruise,209.3600
2601.0,493,49.300,21.856,78.68,22.20,0.00,2,Cruise,209.3815
2602.0,494,49.400,21.856,78.68,22.20,0.00,0,Brake,209.4030
2603.0,494,49.400,21.124,76.05,22.20,0.00,2,Cruise,209.4030
2604.0,494,49.400,21.193,76.29,22.20,0.00,2,Cruise,209.4030
2605.0,494,49.400,21.261,76.54,22.20,0.00,2,Cruise,209.4030
2606.0,494,49.400,21.330,76.79,22.20,0.00,2,Cruise,209.4030
2607.0,495,49.500,21.398,77.03,22.20,0.00,2,Cruise,209.4030
2608.0,495,49.500,21.415,77.10,22.20,0.00,2,Cruise,209.4030
2609.0,495,49.500,21.432,77.16,22.20,0.00,2,Cruise,209.4030
2610.0,495,49.500,21.449,77.22,22.20,0.00,2,Cruise,209.4030
2611.0,495,49.500,21.466,77.28,22.20,0.00,2,Cruise,209.4030
2612.0,496,49.600,21.483,77.34,22.20,0.00,2,Cruise,209.4030
2613.0,496,49.600,21.491,77.37,22.20,0.00,2,Cruise,209.4030
2614.0,496,49.600,21.500,77.40,22.20,0.00,2,Cruise,209.4030
2615.0,496,49.600,21.508,77.43,22.20,0.00,2,Cruise,209.4030
2616.0,497,49.700,21.517,77.46,22.20,0.00,2,Cruise,209.4030
2617.0,497,49.700,21.517,77.46,22.20,0.00,2,Cruise,209.4613
2618.0,497,49.700,21.517,77.46,22.20,0.00,2,Cruise,209.5195
2619.0,497,49.700,21.517,77.46,22.20,0.00,2,Cruise,209.5778
2620.0,497,49.700,21.517,77.46,22.20,0.00,2,Cruise,209.6360
2621.0,498,49.800,21.517,77.46,22.20,0.00,2,Cruise,209.6942
2622.0,498,49.800,21.556,77.60,22.20,0.00,2,Cruise,209.6942
2623.0,498,49.800,21.595,77.74,22.20,0.00,2,Cruise,209.6942
2624.0,498,49.800,21.635,77.88,22.20,0.00,2,Cruise,209.6942
2625.0,498,49.800,21.674,78.03,22.20,0.00,2,Cruise,209.6942
2626.0,499,49.900,21.713,78.17,22.20,0.00,0,Brake,209.6942
2627.0,499,49.900,21.000,75.60,22.20,0.00,3,Power,209.6942
2628.0,499,49.900,21.497,77.39,22.20,0.00,2,Cruise,210.7173
2629.0,499,49.900,21.584,77.70,22.20,0.00,0,Brake,210.7173
2630.0,500,50.000,20.871,75.14,22.20,0.00,3,Power,210.7173
2631.0,500,50.000,21.345,76.84,22.20,0.00,2,Cruise,211.7399
2632.0,500,50.000,21.405,77.06,22.20,0.00,2,Cruise,211.7399
2633.0,500,50.000,21.466,77.28,22.20,0.00,2,Cruise,211.7399
2634.0,500,50.000,21.526,77.49,22.20,0.00,2,Cruise,211.7399
2635.0,501,50.100,21.586,77.71,22.20,0.00,2,Cruise,211.7399
2636.0,501,50.100,21.586,77.71,22.20,0.00,2,Cruise,211.7608
2637.0,501,50.100,21.586,77.71,22.20,0.00,2,Cruise,211.7818
2638.0,501,50.100,21.586,77.71,22.20,0.00,2,Cruise,211.8027
2639.0,501,50.100,21.586,77.71,22.20,0.00,2,Cruise,211.8236
2640.0,502,50.200,21.586,77.71,22.20,0.00,2,Cruise,211.8446
2641.0,502,50.200,21.628,77.86,22.20,0.00,2,Cruise,211.8446
2642.0,502,50.200,21.669,78.01,22.20,0.00,0,Brake,211.8446
2643.0,502,50.200,20.910,75.28,22.20,0.00,2,Cruise,211.8446
2644.0,503,50.300,20.952,75.43,22.20,0.00,2,Cruise,211.8446
2645.0,503,50.300,20.971,75.49,22.20,0.00,2,Cruise,211.8446
2646.0,503,50.300,20.989,75.56,22.20,0.00,2,Cruise,211.8446
2647.0,503,50.300,21.008,75.63,22.20,0.00,2,Cruise,211.8446
2648.0,503,50.300,21.026,75.69,22.20,0.00,2,Cruise,211.8446
2649.0,504,50.400,21.045,75.76,22.20,0.00,2,Cruise,211.8446
2650.0,504,50.400,21.059,75.81,22.20,0.00,2,Cruise,211.8446
2651.0,504,50.400,21.073,75.86,22.20,0.00,2,Cruise,211.8446
2652.0,504,50.400,21.087,75.91,22.20,0.00,2,Cruise,211.8446
2653.0,504,50.400,21.101,75.96,22.20,0.00,2,Cruise,211.8446
2654.0,505,50.500,21.115,76.01,22.20,0.00,2,Cruise,211.8446
2655.0,505,50.500,21.170,76.21,22.20,0.00,2,Cruise,211.8446
2656.0,505,50.500,21.225,76.41,22.20,0.00,2,Cruise,211.8446
2657.0,505,50.500,21.281,76.61,22.20,0.00,2,Cruise,211.8446
2658.0,506,50.600,21.336,76.81,22.20,0.00,2,Cruise,211.8446
2659.0,506,50.600,21.391,77.01,22.20,0.00,2,Cruise,211.8446
2660.0,506,50.600,21.447,77.21,22.20,0.00,2,Cruise,211.8446
2661.0,506,50.600,21.503,77.41,22.20,0.00,2,Cruise,211.8446
2662.0,506,50.600,21.558,77.61,22.20,0.00,0,Brake,211.8446
2663.0,507,50.700,20.814,74.93,22.20,0.00,3,Power,211.8446
2664.0,507,50.700,21.262,76.54,22.20,0.00,2,Cruise,212.8665
2665.0,507,50.700,21.296,76.66,22.20,0.00,2,Cruise,212.8665
2666.0,507,50.700,21.330,76.79,22.20,0.00,2,Cruise,212.8665
2667.0,507,50.700,21.363,76.91,22.20,0.00,2,Cruise,212.8665
2668.0,508,50.800,21.397,77.03,1.00,0.00,0,Brake,212.8665
2669.0,508,50.800,20.648,74.33,1.00,0.00,0,Brake,212.8665
2670.0,508,50.800,19.899,71.64,1.00,0.00,0,Brake,212.8665
2671.0,508,50.800,19.152,68.95,1.00,0.00,0,Brake,212.8665
2672.0,508,50.800,18.406,66.26,1.00,0.00,0,Brake,212.8665
2673.0,509,50.900,17.661,63.58,16.60,1.06,0,Brake,212.8665
2674.0,509,50.900,16.889,60.80,16.60,0.29,0,Brake,212.8665
2675.0,509,50.900,16.119,58.03,16.60,0.00,2,Cruise,212.8665
2676.0,509,50.900,16.150,58.14,16.60,0.00,2,Cruise,212.8665
2677.0,509,50.900,16.180,58.25,16.60,0.00,2,Cruise,212.8665
2678.0,509,50.900,16.211,58.36,16.60,0.00,2,Cruise,212.8665
2679.0,510,51.000,16.242,58.47,16.60,0.00,2,Cruise,212.8665
2680.0,510,51.000,16.300,58.68,16.60,0.00,2,Cruise,212.8665
2681.0,510,51.000,16.359,58.89,16.60,0.00,2,Cruise,212.8665
2682.0,510,51.000,16.417,59.10,16.60,0.00,2,Cruise,212.8665
2683.0,510,51.000,16.476,59.31,16.60,0.00,2,Cruise,212.8665
2684.0,510,51.000,16.534,59.52,16.60,0.00,2,Cruise,212.8665
2685.0,511,51.100,16.592,59.73,16.60,0.00,2,Cruise,212.8665
2686.0,511,51.100,16.592,59.73,16.60,0.00,2,Cruise,212.8772
2687.0,511,51.100,16.592,59.73,16.60,0.00,2,Cruise,212.8879
2688.0,511,51.100,16.592,59.73,16.60,0.00,2,Cruise,212.8986
2689.0,511,51.100,16.592,59.73,16.60,0.00,2,Cruise,212.9093
2690.0,511,51.100,16.592,59.73,16.60,0.00,2,Cruise,212.9200
2691.0,512,51.200,16.592,59.73,16.60,0.00,2,Cruise,212.9307
2692.0,512,51.200,16.592,59.73,16.60,0.00,2,Cruise,212.9646
2693.0,512,51.200,16.592,59.73,16.60,0.00,2,Cruise,212.9986
2694.0,512,51.200,16.592,59.73,16.60,0.00,2,Cruise,213.0325
2695.0,512,51.200,16.592,59.73,16.60,0.00,2,Cruise,213.0665
2696.0,512,51.200,16.592,59.73,16.60,0.00,2,Cruise,213.1004
2697.0,513,51.300,16.592,59.73,16.60,0.00,2,Cruise,213.1343
2698.0,513,51.300,16.614,59.81,16.60,0.01,0,Brake,213.1343
2699.0,513,51.300,15.835,57.01,16.60,0.00,2,Cruise,213.1343
2700.0,513,51.300,15.858,57.09,16.60,0.00,2,Cruise,213.1343
2701.0,513,51.300,15.880,57.17,16.60,0.00,2,Cruise,213.1343
2702.0,513,51.300,15.902,57.25,16.60,0.00,2,Cruise,213.1343
2703.0,514,51.400,15.925,57.33,16.60,0.00,2,Cruise,213.1343
2704.0,514,51.400,16.025,57.69,16.60,0.00,2,Cruise,213.1343
2705.0,514,51.400,16.124,58.05,16.60,0.00,2,Cruise,213.1343
2706.0,514,51.400,16.224,58.41,16.60,0.00,2,Cruise,213.1343
2707.0,514,51.400,16.323,58.76,16.60,0.00,2,Cruise,213.1343
2708.0,514,51.400,16.423,59.12,16.60,0.00,2,Cruise,213.1343
2709.0,515,51.500,16.522,59.48,16.60,0.00,2,Cruise,213.1343
2710.0,515,51.500,16.568,59.65,16.60,0.00,2,Cruise,213.1343
2711.0,515,51.500,16.614,59.81,16.60,0.01,0,Brake,213.1343
2712.0,515,51.500,15.860,57.10,16.60,0.00,2,Cruise,213.1343
2713.0,515,51.500,15.907,57.27,16.60,0.00,2,Cruise,213.1343
2714.0,515,51.500,15.954,57.43,16.60,0.00,2,Cruise,213.1343
2715.0,515,51.500,16.001,57.60,16.60,0.00,2,Cruise,213.1343
2716.0,516,51.600,16.048,57.77,16.60,0.00,2,Cruise,213.1343
2717.0,516,51.600,16.098,57.95,16.60,0.00,2,Cruise,213.1343
2718.0,516,51.600,16.148,58.13,16.60,0.00,2,Cruise,213.1343
2719.0,516,51.600,16.198,58.31,16.60,0.00,2,Cruise,213.1343
2720.0,516,51.600,16.249,58.50,16.60,0.00,2,Cruise,213.1343
2721.0,516,51.600,16.299,58.68,16.60,0.00,2,Cruise,213.1343
2722.0,517,51.700,16.349,58.86,16.60,0.00,2,Cruise,213.1343
2723.0,517,51.700,16.349,58.86,16.60,0.00,2,Cruise,213.1495
2724.0,517,51.700,16.349,58.86,16.60,0.00,2,Cruise,213.1646
2725.0,517,51.700,16.349,58.86,16.60,0.00,2,Cruise,213.1798
2726.0,517,51.700,16.349,58.86,16.60,0.00,2,Cruise,213.1949
2727.0,517,51.700,16.349,58.86,16.60,0.00,2,Cruise,213.2101
2728.0,518,51.800,16.349,58.86,16.60,0.00,2,Cruise,213.2252
2729.0,518,51.800,16.405,59.06,16.60,0.00,2,Cruise,213.2252
2730.0,518,51.800,16.462,59.26,16.60,0.00,2,Cruise,213.2252
2731.0,518,51.800,16.518,59.47,16.60,0.00,2,Cruise,213.2252
2732.0,518,51.800,16.575,59.67,16.60,0.00,0,Brake,213.2252
2733.0,518,51.800,15.831,56.99,16.60,0.00,2,Cruise,213.2252
2734.0,519,51.900,15.888,57.20,16.60,0.00,2,Cruise,213.2252
2735.0,519,51.900,15.921,57.31,16.60,0.00,2,Cruise,213.2252
2736.0,519,51.900,15.954,57.43,16.60,0.00,2,Cruise,213.2252
2737.0,519,51.900,15.986,57.55,16.60,0.00,2,Cruise,213.2252
2738.0,519,51.900,16.019,57.67,16.60,0.00,2,Cruise,213.2252
2739.0,519,51.900,16.051,57.79,16.60,0.00,2,Cruise,213.2252
2740.0,520,52.000,16.084,57.90,16.60,0.00,2,Cruise,213.2252
2741.0,520,52.000,16.115,58.01,16.60,0.00,2,Cruise,213.2252
2742.0,520,52.000,16.146,58.12,16.60,0.00,2,Cruise,213.2252
2743.0,520,52.000,16.176,58.23,16.60,0.00,2,Cruise,213.2252
2744.0,520,52.000,16.207,58.34,16.60,0.00,2,Cruise,213.2252
2745.0,520,52.000,16.237,58.45,16.60,0.00,2,Cruise,213.2252
2746.0,521,52.100,16.268,58.56,16.60,0.00,2,Cruise,213.2252
2747.0,521,52.100,16.268,58.56,16.60,0.00,2,Cruise,213.3446
2748.0,521,52.100,16.268,58.56,16.60,0.00,2,Cruise,213.4641
2749.0,521,52.100,16.268,58.56,16.60,0.00,2,Cruise,213.5835
2750.0,521,52.100,16.268,58.56,16.60,0.00,2,Cruise,213.7029
2751.0,521,52.100,16.268,58.56,16.60,0.00,2,Cruise,213.8223
2752.0,521,52.100,16.268,58.56,16.60,0.00,2,Cruise,213.9418
2753.0,522,52.200,16.268,58.56,16.60,0.00,2,Cruise,214.0612
2754.0,522,52.200,16.285,58.62,16.60,0.00,2,Cruise,214.0612
2755.0,522,52.200,16.301,58.68,16.60,0.00,2,Cruise,214.0612
2756.0,522,52.200,16.318,58.74,16.60,0.00,2,Cruise,214.0612
2757.0,522,52.200,16.334,58.80,16.60,0.00,2,Cruise,214.0612
2758.0,522,52.200,16.351,58.86,16.60,0.00,2,Cruise,214.0612
2759.0,523,52.300,16.367,58.92,16.60,0.00,2,Cruise,214.0612
2760.0,523,52.300,16.425,59.13,16.60,0.00,2,Cruise,214.0612
2761.0,523,52.300,16.482,59.34,16.60,0.00,2,Cruise,214.0612
2762.0,523,52.300,16.540,59.54,16.60,0.00,2,Cruise,214.0612
2763.0,523,52.300,16.597,59.75,16.60,0.00,0,Brake,214.0612
2764.0,523,52.300,15.855,57.08,16.60,0.00,2,Cruise,214.0612
2765.0,524,52.400,15.913,57.29,16.60,0.00,2,Cruise,214.0612
2766.0,524,52.400,15.913,57.29,16.60,0.00,2,Cruise,214.0806
2767.0,524,52.400,15.913,57.29,16.60,0.00,2,Cruise,214.1000
2768.0,524,52.400,15.913,57.29,16.60,0.00,2,Cruise,214.1195
2769.0,524,52.400,15.913,57.29,16.60,0.00,2,Cruise,214.1389
2770.0,524,52.400,15.913,57.29,16.60,0.00,2,Cruise,214.1583
2771.0,525,52.500,15.913,57.29,16.60,0.00,2,Cruise,214.1778
2772.0,525,52.500,15.947,57.41,16.60,0.00,2,Cruise,214.1778
2773.0,525,52.500,15.981,57.53,16.60,0.00,2,Cruise,214.1778
2774.0,525,52.500,16.015,57.65,16.60,0.00,2,Cruise,214.1778
2775.0,525,52.500,16.049,57.78,16.60,0.00,2,Cruise,214.1778
2776.0,525,52.500,16.083,57.90,16.60,0.00,2,Cruise,214.1778
2777.0,526,52.600,16.117,58.02,16.60,0.00,2,Cruise,214.1778
2778.0,526,52.600,16.117,58.02,16.60,0.00,2,Cruise,214.2860
2779.0,526,52.600,16.117,58.02,16.60,0.00,2,Cruise,214.3942
2780.0,526,52.600,16.117,58.02,16.60,0.00,2,Cruise,214.5024
2781.0,526,52.600,16.117,58.02,16.60,0.00,2,Cruise,214.6106
2782.0,526,52.600,16.117,58.02,16.60,0.00,2,Cruise,214.7188
2783.0,526,52.600,16.117,58.02,16.60,0.00,2,Cruise,214.8270
2784.0,527,52.700,16.117,58.02,16.60,0.00,2,Cruise,214.9352
2785.0,527,52.700,16.164,58.19,16.60,0.00,2,Cruise,214.9352
2786.0,527,52.700,16.212,58.36,16.60,0.00,2,Cruise,214.9352
2787.0,527,52.700,16.259,58.53,16.60,0.00,2,Cruise,214.9352
2788.0,527,52.700,16.306,58.70,16.60,0.00,2,Cruise,214.9352
2789.0,527,52.700,16.354,58.87,16.60,0.00,2,Cruise,214.9352
2790.0,528,52.800,16.401,59.04,16.60,0.00,2,Cruise,214.9352
2791.0,528,52.800,16.401,59.04,16.60,0.00,2,Cruise,214.9774
2792.0,528,52.800,16.401,59.04,16.60,0.00,2,Cruise,215.0195
2793.0,528,52.800,16.401,59.04,16.60,0.00,2,Cruise,215.0617
2794.0,528,52.800,16.401,59.04,16.60,0.00,2,Cruise,215.1039
2795.0,528,52.800,16.401,59.04,16.60,0.00,2,Cruise,215.1461
2796.0,529,52.900,16.401,59.04,16.60,0.00,2,Cruise,215.1883
2797.0,529,52.900,16.406,59.06,16.60,0.00,2,Cruise,215.1883
2798.0,529,52.900,16.411,59.08,16.60,0.00,2,Cruise,215.1883
2799.0,529,52.900,16.416,59.10,16.60,0.00,2,Cruise,215.1883
2800.0,529,52.900,16.422,59.12,16.60,0.00,2,Cruise,215.1883
2801.0,529,52.900,16.427,59.14,16.60,0.00,2,Cruise,215.1883
2802.0,530,53.000,16.432,59.16,16.60,0.00,2,Cruise,215.1883
2803.0,530,53.000,16.463,59.27,16.60,0.00,2,Cruise,215.1883
2804.0,530,53.000,16.494,59.38,16.60,0.00,0,Brake,215.1883
2805.0,530,53.000,15.725,56.61,16.60,0.00,2,Cruise,215.1883
2806.0,530,53.000,15.757,56.73,16.60,0.00,2,Cruise,215.1883
2807.0,530,53.000,15.789,56.84,16.60,0.00,2,Cruise,215.1883
2808.0,531,53.100,15.821,56.96,16.60,0.00,2,Cruise,215.1883
2809.0,531,53.100,15.821,56.96,16.60,0.00,2,Cruise,215.2850
2810.0,531,53.100,15.821,56.96,16.60,0.00,2,Cruise,215.3817
2811.0,531,53.100,15.821,56.96,16.60,0.00,2,Cruise,215.4784
2812.0,531,53.100,15.821,56.96,16.60,0.00,2,Cruise,215.5751
2813.0,531,53.100,15.821,56.96,16.60,0.00,2,Cruise,215.6718
2814.0,532,53.200,15.821,56.96,16.60,0.00,2,Cruise,215.7685
2815.0,532,53.200,15.821,56.96,16.60,0.00,2,Cruise,215.8477
2816.0,532,53.200,15.821,56.96,16.60,0.00,2,Cruise,215.9270
2817.0,532,53.200,15.821,56.96,16.60,0.00,2,Cruise,216.0062
2818.0,532,53.200,15.821,56.96,16.60,0.00,2,Cruise,216.0854
2819.0,532,53.200,15.821,56.96,16.60,0.00,2,Cruise,216.1647
2820.0,532,53.200,15.821,56.96,16.60,0.00,2,Cruise,216.2439
2821.0,533,53.300,15.821,56.96,16.60,0.00,2,Cruise,216.3231
2822.0,533,53.300,15.979,57.53,16.60,0.00,2,Cruise,216.3231
2823.0,533,53.300,16.137,58.09,16.60,0.00,0,Brake,216.3231
2824.0,533,53.300,15.495,55.78,16.60,0.00,2,Cruise,216.3231
2825.0,533,53.300,15.654,56.35,16.60,0.00,2,Cruise,216.3231
2826.0,533,53.300,15.812,56.92,16.60,0.00,2,Cruise,216.3231
2827.0,534,53.400,15.971,57.49,16.60,0.00,2,Cruise,216.3231
2828.0,534,53.400,16.087,57.91,16.60,0.00,2,Cruise,216.3231
2829.0,534,53.400,16.203,58.33,16.60,0.00,0,Brake,216.3231
2830.0,534,53.400,15.519,55.87,16.60,0.00,2,Cruise,216.3231
2831.0,534,53.400,15.635,56.29,16.60,0.00,2,Cruise,216.3231
2832.0,534,53.400,15.752,56.71,16.60,0.00,2,Cruise,216.3231
2833.0,535,53.500,15.869,57.13,16.60,0.00,2,Cruise,216.3231
2834.0,535,53.500,15.869,57.13,16.60,0.00,2,Cruise,216.3550
2835.0,535,53.500,15.869,57.13,16.60,0.00,2,Cruise,216.3868
2836.0,535,53.500,15.869,57.13,16.60,0.00,2,Cruise,216.4186
2837.0,535,53.500,15.869,57.13,16.60,0.00,2,Cruise,216.4504
2838.0,535,53.500,15.869,57.13,16.60,0.00,2,Cruise,216.4823
2839.0,535,53.500,15.869,57.13,16.60,0.00,2,Cruise,216.5141
2840.0,536,53.600,15.869,57.13,16.60,0.00,2,Cruise,216.5459
2841.0,536,53.600,15.954,57.44,16.60,0.00,2,Cruise,216.5459
2842.0,536,53.600,16.040,57.74,16.60,0.00,2,Cruise,216.5459
2843.0,536,53.600,16.125,58.05,16.60,0.00,2,Cruise,216.5459
2844.0,536,53.600,16.211,58.36,16.60,0.00,0,Brake,216.5459
2845.0,536,53.600,15.496,55.79,16.60,0.00,2,Cruise,216.5459
2846.0,537,53.700,15.582,56.10,16.60,0.00,2,Cruise,216.5459
2847.0,537,53.700,15.625,56.25,16.60,0.00,2,Cruise,216.5459
2848.0,537,53.700,15.668,56.41,16.60,0.00,2,Cruise,216.5459
2849.0,537,53.700,15.711,56.56,16.60,0.00,2,Cruise,216.5459
2850.0,537,53.700,15.754,56.71,16.60,0.00,2,Cruise,216.5459
2851.0,537,53.700,15.797,56.87,16.60,0.00,2,Cruise,216.5459
2852.0,538,53.800,15.840,57.02,16.60,0.00,2,Cruise,216.5459
2853.0,538,53.800,15.980,57.53,16.60,0.00,2,Cruise,216.5459
2854.0,538,53.800,16.121,58.04,16.60,0.00,0,Brake,216.5459
2855.0,538,53.800,15.461,55.66,16.60,0.00,2,Cruise,216.5459
2856.0,538,53.800,15.603,56.17,16.60,0.00,2,Cruise,216.5459
2857.0,538,53.800,15.744,56.68,16.60,0.00,2,Cruise,216.5459
2858.0,538,53.800,15.885,57.18,16.60,0.00,2,Cruise,216.5459
2859.0,539,53.900,16.025,57.69,16.60,0.00,2,Cruise,216.5459
2860.0,539,53.900,16.108,57.99,16.60,0.00,2,Cruise,216.5459
2861.0,539,53.900,16.190,58.28,16.60,0.00,2,Cruise,216.5459
2862.0,539,53.900,16.272,58.58,16.60,0.00,0,Brake,216.5459
2863.0,539,53.900,15.554,55.99,16.60,0.00,2,Cruise,216.5459
2864.0,539,53.900,15.637,56.29,16.60,0.00,2,Cruise,216.5459
2865.0,540,54.000,15.720,56.59,16.60,0.00,2,Cruise,216.5459
2866.0,540,54.000,15.857,57.08,16.60,0.00,2,Cruise,216.5459
2867.0,540,54.000,15.994,57.58,16.60,0.00,2,Cruise,216.5459
2868.0,540,54.000,16.131,58.07,16.60,0.00,0,Brake,216.5459
2869.0,540,54.000,15.467,55.68,16.60,0.00,2,Cruise,216.5459
2870.0,540,54.000,15.605,56.18,16.60,0.00,2,Cruise,216.5459
2871.0,541,54.100,15.742,56.67,16.60,0.00,2,Cruise,216.5459
2872.0,541,54.100,15.742,56.67,16.60,0.00,2,Cruise,216.5511
2873.0,541,54.100,15.742,56.67,16.60,0.00,2,Cruise,216.5562
2874.0,541,54.100,15.742,56.67,16.60,0.00,2,Cruise,216.5614
2875.0,541,54.100,15.742,56.67,16.60,0.00,2,Cruise,216.5666
2876.0,541,54.100,15.742,56.67,16.60,0.00,2,Cruise,216.5717
2877.0,541,54.100,15.742,56.67,16.60,0.00,2,Cruise,216.5769
2878.0,542,54.200,15.742,56.67,16.60,0.00,2,Cruise,216.5820
2879.0,542,54.200,15.833,57.00,16.60,0.00,2,Cruise,216.5820
2880.0,542,54.200,15.924,57.33,16.60,0.00,2,Cruise,216.5820
2881.0,542,54.200,16.015,57.66,16.60,0.00,2,Cruise,216.5820
2882.0,542,54.200,16.106,57.98,16.60,0.00,0,Brake,216.5820
2883.0,542,54.200,15.397,55.43,16.60,0.00,2,Cruise,216.5820
2884.0,543,54.300,15.489,55.76,16.60,0.00,2,Cruise,216.5820
2885.0,543,54.300,15.489,55.76,16.60,0.00,2,Cruise,216.7833
2886.0,543,54.300,15.489,55.76,16.60,0.00,2,Cruise,216.9845
2887.0,543,54.300,15.489,55.76,16.60,0.00,2,Cruise,217.1857
2888.0,543,54.300,15.489,55.76,16.60,0.00,2,Cruise,217.3869
2889.0,543,54.300,15.489,55.76,16.60,0.00,2,Cruise,217.5881
2890.0,544,54.400,15.489,55.76,16.60,0.00,2,Cruise,217.7893
2891.0,544,54.400,15.489,55.76,16.60,0.00,2,Cruise,217.7988
2892.0,544,54.400,15.489,55.76,16.60,0.00,2,Cruise,217.8083
2893.0,544,54.400,15.489,55.76,16.60,0.00,2,Cruise,217.8178
2894.0,544,54.400,15.489,55.76,16.60,0.00,2,Cruise,217.8274
2895.0,544,54.400,15.489,55.76,16.60,0.00,2,Cruise,217.8369
2896.0,544,54.400,15.489,55.76,16.60,0.00,2,Cruise,217.8464
2897.0,545,54.500,15.489,55.76,1.00,0.00,0,Brake,217.8559
2898.0,545,54.500,14.689,52.88,1.00,0.00,0,Brake,217.8559
2899.0,545,54.500,13.889,50.00,1.00,0.00,0,Brake,217.8559
2900.0,545,54.500,13.089,47.12,1.00,0.00,0,Brake,217.8559
2901.0,545,54.500,12.289,44.24,1.00,0.00,0,Brake,217.8559
2902.0,545,54.500,11.489,41.36,1.00,0.00,0,Brake,217.8559
2903.0,545,54.500,10.689,38.48,1.00,0.00,0,Brake,217.8559
2904.0,545,54.500,9.889,35.60,1.00,0.00,0,Brake,217.8559
2905.0,546,54.600,9.089,32.72,11.10,0.00,3,Power,217.8559
2906.0,546,54.600,9.689,34.88,11.10,0.00,3,Power,218.9004
2907.0,546,54.600,10.289,37.04,11.10,0.00,1,Coast,219.9428
2908.0,546,54.600,10.203,36.73,11.10,0.00,1,Coast,219.9428
2909.0,546,54.600,10.118,36.43,11.10,0.00,1,Coast,219.9428
2910.0,546,54.600,10.033,36.12,11.10,0.00,1,Coast,219.9428
2911.0,546,54.600,9.948,35.81,11.10,0.00,1,Coast,219.9428
2912.0,546,54.600,9.863,35.51,11.10,0.00,3,Power,219.9428
2913.0,546,54.600,10.463,37.67,11.10,0.00,1,Coast,220.9847
2914.0,546,54.600,10.377,37.36,11.10,0.00,1,Coast,220.9847
2915.0,547,54.700,10.292,37.05,11.10,0.00,1,Coast,220.9847
2916.0,547,54.700,10.183,36.66,11.10,0.00,1,Coast,220.9847
2917.0,547,54.700,10.075,36.27,11.10,0.00,1,Coast,220.9847
2918.0,547,54.700,9.967,35.88,11.10,0.00,1,Coast,220.9847
2919.0,547,54.700,9.859,35.49,11.10,0.00,1,Coast,220.9847
2920.0,547,54.700,9.751,35.11,11.10,0.00,3,Power,220.9847
2921.0,547,54.700,10.351,37.27,11.10,0.00,1,Coast,222.0269
2922.0,547,54.700,10.243,36.88,11.10,0.00,1,Coast,222.0269
2923.0,547,54.700,10.135,36.49,11.10,0.00,1,Coast,222.0269
2924.0,548,54.800,10.027,36.10,11.10,0.00,1,Coast,222.0269
2925.0,548,54.800,9.919,35.71,11.10,0.00,1,Coast,222.0269
2926.0,548,54.800,9.812,35.32,11.10,0.00,1,Coast,222.0269
2927.0,548,54.800,9.704,34.94,11.10,0.00,3,Power,222.0269
2928.0,548,54.800,10.304,37.10,11.10,0.00,1,Coast,223.0693
2929.0,548,54.800,10.197,36.71,11.10,0.00,1,Coast,223.0693
2930.0,548,54.800,10.089,36.32,11.10,0.00,1,Coast,223.0693
2931.0,548,54.800,9.981,35.93,11.10,0.00,1,Coast,223.0693
2932.0,548,54.800,9.874,35.55,11.10,0.00,1,Coast,223.0693
2933.0,548,54.800,9.766,35.16,11.10,0.00,1,Coast,223.0693
2934.0,549,54.900,9.659,34.77,11.10,0.00,1,Coast,223.0693
2935.0,549,54.900,9.515,34.25,11.10,0.00,3,Power,223.0693
2936.0,549,54.900,10.115,36.41,11.10,0.00,1,Coast,224.1123
2937.0,549,54.900,9.970,35.89,11.10,0.00,1,Coast,224.1123
2938.0,549,54.900,9.825,35.37,11.10,0.00,1,Coast,224.1123
2939.0,549,54.900,9.681,34.85,11.10,0.00,1,Coast,224.1123
2940.0,549,54.900,9.536,34.33,11.10,0.00,3,Power,224.1123
2941.0,549,54.900,10.136,36.49,11.10,0.00,1,Coast,225.1552
2942.0,549,54.900,9.992,35.97,11.10,0.00,1,Coast,225.1552
2943.0,549,54.900,9.847,35.45,11.10,0.00,1,Coast,225.1552
2944.0,549,54.900,9.703,34.93,11.10,0.00,1,Coast,225.1552
2945.0,550,55.000,9.558,34.41,11.10,0.00,3,Power,225.1552
2946.0,550,55.000,10.158,36.57,11.10,0.00,1,Coast,226.1980
2947.0,550,55.000,9.991,35.97,11.10,0.00,1,Coast,226.1980
2948.0,550,55.000,9.824,35.37,11.10,0.00,1,Coast,226.1980
2949.0,550,55.000,9.657,34.76,11.10,0.00,3,Power,226.1980
2950.0,550,55.000,10.257,36.92,11.10,0.00,1,Coast,227.2406
2951.0,550,55.000,10.090,36.32,11.10,0.00,1,Coast,227.2406
2952.0,550,55.000,9.922,35.72,11.10,0.00,1,Coast,227.2406
2953.0,550,55.000,9.755,35.12,11.10,0.00,1,Coast,227.2406
2954.0,550,55.000,9.588,34.52,11.10,0.00,3,Power,227.2406
2955.0,551,55.100,10.188,36.68,11.10,0.00,1,Coast,228.2833
2956.0,551,55.100,10.150,36.54,11.10,0.00,1,Coast,228.2833
2957.0,551,55.100,10.112,36.40,11.10,0.00,1,Coast,228.2833
2958.0,551,55.100,10.073,36.26,11.10,0.00,1,Coast,228.2833
2959.0,551,55.100,10.035,36.13,11.10,0.00,1,Coast,228.2833
2960.0,551,55.100,9.997,35.99,11.10,0.00,1,Coast,228.2833
2961.0,551,55.100,9.959,35.85,11.10,0.00,1,Coast,228.2833
2962.0,551,55.100,9.921,35.71,11.10,0.00,3,Power,228.2833
2963.0,551,55.100,10.521,37.87,11.10,0.00,1,Coast,229.3250
2964.0,551,55.100,10.482,37.73,11.10,0.00,1,Coast,229.3250
2965.0,552,55.200,10.443,37.60,11.10,0.00,1,Coast,229.3250
2966.0,552,55.200,10.401,37.45,11.10,0.00,1,Coast,229.3250
2967.0,552,55.200,10.360,37.30,11.10,0.00,1,Coast,229.3250
2968.0,552,55.200,10.318,37.15,11.10,0.00,1,Coast,229.3250
2969.0,552,55.200,10.276,37.00,11.10,0.00,1,Coast,229.3250
2970.0,552,55.200,10.235,36.85,11.10,0.00,1,Coast,229.3250
2971.0,552,55.200,10.193,36.70,11.10,0.00,1,Coast,229.3250
2972.0,552,55.200,10.152,36.55,11.10,0.00,1,Coast,229.3250
2973.0,552,55.200,10.110,36.40,11.10,0.00,1,Coast,229.3250
2974.0,553,55.300,10.069,36.25,11.10,0.00,1,Coast,229.3250
2975.0,553,55.300,10.004,36.02,11.10,0.00,1,Coast,229.3250
2976.0,553,55.300,9.940,35.78,11.10,0.00,1,Coast,229.3250
2977.0,553,55.300,9.875,35.55,11.10,0.00,3,Power,229.3250
2978.0,553,55.300,10.475,37.71,11.10,0.00,1,Coast,230.3668
2979.0,553,55.300,10.410,37.48,11.10,0.00,1,Coast,230.3668
2980.0,553,55.300,10.345,37.24,11.10,0.00,1,Coast,230.3668
2981.0,553,55.300,10.281,37.01,11.10,0.00,1,Coast,230.3668
2982.0,553,55.300,10.216,36.78,11.10,0.00,1,Coast,230.3668
2983.0,553,55.300,10.151,36.54,11.10,0.00,1,Coast,230.3668
2984.0,554,55.400,10.086,36.31,11.10,0.00,1,Coast,230.3668
2985.0,554,55.400,10.000,36.00,11.10,0.00,3,Power,230.3668
2986.0,554,55.400,10.600,38.16,11.10,0.00,1,Coast,231.4083
2987.0,554,55.400,10.513,37.85,11.10,0.00,1,Coast,231.4083
2988.0,554,55.400,10.426,37.53,11.10,0.00,1,Coast,231.4083
2989.0,554,55.400,10.339,37.22,11.10,0.00,1,Coast,231.4083
2990.0,554,55.400,10.252,36.91,11.10,0.00,1,Coast,231.4083
2991.0,554,55.400,10.165,36.60,11.10,0.00,1,Coast,231.4083
2992.0,554,55.400,10.079,36.28,11.10,0.00,1,Coast,231.4083
2993.0,554,55.400,9.992,35.97,11.10,0.00,3,Power,231.4083
2994.0,555,55.500,10.592,38.13,11.10,0.00,1,Coast,232.4497
2995.0,555,55.500,10.599,38.16,11.10,0.00,1,Coast,232.4497
2996.0,555,55.500,10.606,38.18,11.10,0.00,1,Coast,232.4497
2997.0,555,55.500,10.613,38.21,11.10,0.00,1,Coast,232.4497
2998.0,555,55.500,10.620,38.23,11.10,0.00,1,Coast,232.4497
2999.0,555,55.500,10.627,38.26,11.10,0.00,1,Coast,232.4497
3000.0,555,55.500,10.634,38.28,11.10,0.00,1,Coast,232.4497
3001.0,555,55.500,10.641,38.31,11.10,0.00,1,Coast,232.4497
3002.0,555,55.500,10.647,38.33,11.10,0.00,1,Coast,232.4497
3003.0,556,55.600,10.654,38.36,11.10,0.00,1,Coast,232.4497
3004.0,556,55.600,10.698,38.51,11.10,0.00,1,Coast,232.4497
3005.0,556,55.600,10.742,38.67,11.10,0.00,1,Coast,232.4497
3006.0,556,55.600,10.786,38.83,11.10,0.00,1,Coast,232.4497
3007.0,556,55.600,10.829,38.99,11.10,0.00,1,Coast,232.4497
3008.0,556,55.600,10.873,39.14,11.10,0.00,1,Coast,232.4497
3009.0,556,55.600,10.917,39.30,11.10,0.00,1,Coast,232.4497
3010.0,556,55.600,10.960,39.46,11.10,0.00,1,Coast,232.4497
3011.0,556,55.600,11.004,39.61,11.10,0.00,1,Coast,232.4497
3012.0,556,55.600,11.047,39.77,11.10,0.00,1,Coast,232.4497
3013.0,557,55.700,11.091,39.93,11.10,0.00,0,Brake,232.4497
3014.0,557,55.700,10.334,37.20,11.10,0.00,1,Coast,232.4497
3015.0,557,55.700,10.379,37.36,11.10,0.00,1,Coast,232.4497
3016.0,557,55.700,10.423,37.52,11.10,0.00,1,Coast,232.4497
3017.0,557,55.700,10.468,37.68,11.10,0.00,1,Coast,232.4497
3018.0,557,55.700,10.512,37.84,11.10,0.00,1,Coast,232.4497
3019.0,557,55.700,10.556,38.00,11.10,0.00,1,Coast,232.4497
3020.0,557,55.700,10.601,38.16,11.10,0.00,1,Coast,232.4497
3021.0,557,55.700,10.645,38.32,11.10,0.00,1,Coast,232.4497
3022.0,558,55.800,10.689,38.48,11.10,0.00,1,Coast,232.4497
3023.0,558,55.800,10.763,38.75,11.10,0.00,1,Coast,232.4497
3024.0,558,55.800,10.836,39.01,11.10,0.00,1,Coast,232.4497
3025.0,558,55.800,10.909,39.27,11.10,0.00,1,Coast,232.4497
3026.0,558,55.800,10.983,39.54,11.10,0.00,1,Coast,232.4497
3027.0,558,55.800,11.056,39.80,11.10,0.00,1,Coast,232.4497
3028.0,558,55.800,11.129,40.06,11.10,0.03,0,Brake,232.4497
3029.0,558,55.800,10.402,37.45,11.10,0.00,1,Coast,232.4497
3030.0,558,55.800,10.476,37.71,11.10,0.00,1,Coast,232.4497
3031.0,559,55.900,10.550,37.98,11.10,0.00,1,Coast,232.4497
3032.0,559,55.900,10.680,38.45,11.10,0.00,1,Coast,232.4497
3033.0,559,55.900,10.810,38.91,11.10,0.00,1,Coast,232.4497
3034.0,559,55.900,10.939,39.38,11.10,0.00,0,Brake,232.4497
3035.0,559,55.900,10.269,36.97,11.10,0.00,1,Coast,232.4497
3036.0,559,55.900,10.399,37.44,11.10,0.00,1,Coast,232.4497
3037.0,559,55.900,10.529,37.90,11.10,0.00,1,Coast,232.4497
3038.0,559,55.900,10.659,38.37,11.10,0.00,1,Coast,232.4497
3039.0,559,55.900,10.789,38.84,11.10,0.00,1,Coast,232.4497
3040.0,559,55.900,10.919,39.31,11.10,0.00,0,Brake,232.4497
3041.0,560,56.000,10.248,36.89,11.10,0.00,1,Coast,232.4497
3042.0,560,56.000,10.402,37.45,11.10,0.00,1,Coast,232.4497
3043.0,560,56.000,10.556,38.00,11.10,0.00,1,Coast,232.4497
3044.0,560,56.000,10.710,38.56,11.10,0.00,0,Brake,232.4497
3045.0,560,56.000,10.064,36.23,11.10,0.00,1,Coast,232.4497
3046.0,560,56.000,10.218,36.78,11.10,0.00,1,Coast,232.4497
3047.0,560,56.000,10.372,37.34,11.10,0.00,1,Coast,232.4497
3048.0,560,56.000,10.526,37.89,11.10,0.00,1,Coast,232.4497
3049.0,560,56.000,10.680,38.45,11.10,0.00,0,Brake,232.4497
3050.0,561,56.100,10.034,36.12,11.10,0.00,3,Power,232.4497
3051.0,561,56.100,10.615,38.21,11.10,0.00,1,Coast,233.1785
3052.0,561,56.100,10.596,38.15,11.10,0.00,1,Coast,233.1785
3053.0,561,56.100,10.578,38.08,11.10,0.00,1,Coast,233.1785
3054.0,561,56.100,10.559,38.01,11.10,0.00,1,Coast,233.1785
3055.0,561,56.100,10.540,37.94,11.10,0.00,1,Coast,233.1785
3056.0,561,56.100,10.521,37.88,11.10,0.00,1,Coast,233.1785
3057.0,561,56.100,10.503,37.81,11.10,0.00,1,Coast,233.1785
3058.0,561,56.100,10.484,37.74,11.10,0.00,1,Coast,233.1785
3059.0,561,56.100,10.465,37.67,11.10,0.00,1,Coast,233.1785
3060.0,562,56.200,10.447,37.61,11.10,0.00,1,Coast,233.1785
3061.0,562,56.200,10.603,38.17,11.10,0.00,0,Brake,233.1785
3062.0,562,56.200,9.959,35.85,11.10,0.00,3,Power,233.1785
3063.0,562,56.200,10.559,38.01,11.10,0.00,1,Coast,234.2201
3064.0,562,56.200,10.715,38.58,11.10,0.00,0,Brake,234.2201
3065.0,562,56.200,10.072,36.26,11.10,0.00,1,Coast,234.2201
3066.0,562,56.200,10.228,36.82,11.10,0.00,1,Coast,234.2201
3067.0,562,56.200,10.385,37.39,11.10,0.00,1,Coast,234.2201
3068.0,562,56.200,10.541,37.95,11.10,0.00,1,Coast,234.2201
3069.0,563,56.300,10.698,38.51,11.10,0.00,1,Coast,234.2201
3070.0,563,56.300,10.712,38.56,11.10,0.00,1,Coast,234.2201
3071.0,563,56.300,10.726,38.61,11.10,0.00,1,Coast,234.2201
3072.0,563,56.300,10.740,38.67,11.10,0.00,1,Coast,234.2201
3073.0,563,56.300,10.754,38.72,11.10,0.00,1,Coast,234.2201
3074.0,563,56.300,10.769,38.77,11.10,0.00,1,Coast,234.2201
3075.0,563,56.300,10.783,38.82,11.10,0.00,1,Coast,234.2201
3076.0,563,56.300,10.797,38.87,11.10,0.00,1,Coast,234.2201
3077.0,563,56.300,10.811,38.92,11.10,0.00,1,Coast,234.2201
3078.0,563,56.300,10.825,38.97,11.10,0.00,1,Coast,234.2201
3079.0,564,56.400,10.839,39.02,11.10,0.00,1,Coast,234.2201
3080.0,564,56.400,10.848,39.05,11.10,0.00,1,Coast,234.2201
3081.0,564,56.400,10.858,39.09,11.10,0.00,1,Coast,234.2201
3082.0,564,56.400,10.867,39.12,11.10,0.00,1,Coast,234.2201
3083.0,564,56.400,10.876,39.15,11.10,0.00,1,Coast,234.2201
3084.0,564,56.400,10.885,39.19,11.10,0.00,1,Coast,234.2201
3085.0,564,56.400,10.895,39.22,11.10,0.00,1,Coast,234.2201
3086.0,564,56.400,10.904,39.25,11.10,0.00,1,Coast,234.2201
3087.0,564,56.400,10.913,39.29,11.10,0.00,1,Coast,234.2201
3088.0,565,56.500,10.922,39.32,11.10,0.00,1,Coast,234.2201
3089.0,565,56.500,11.000,39.60,11.10,0.00,0,Brake,234.2201
3090.0,565,56.500,10.277,37.00,11.10,0.00,1,Coast,234.2201
3091.0,565,56.500,10.355,37.28,11.10,0.00,1,Coast,234.2201
3092.0,565,56.500,10.433,37.56,11.10,0.00,1,Coast,234.2201
3093.0,565,56.500,10.511,37.84,11.10,0.00,1,Coast,234.2201
3094.0,565,56.500,10.589,38.12,11.10,0.00,1,Coast,234.2201
3095.0,565,56.500,10.667,38.40,11.10,0.00,1,Coast,234.2201
3096.0,565,56.500,10.744,38.68,11.10,0.00,1,Coast,234.2201
3097.0,566,56.600,10.822,38.96,11.10,0.00,1,Coast,234.2201
3098.0,566,56.600,10.799,38.88,11.10,0.00,1,Coast,234.2201
3099.0,566,56.600,10.776,38.79,11.10,0.00,1,Coast,234.2201
3100.0,566,56.600,10.753,38.71,11.10,0.00,1,Coast,234.2201
3101.0,566,56.600,10.730,38.63,11.10,0.00,1,Coast,234.2201
3102.0,566,56.600,10.707,38.55,11.10,0.00,1,Coast,234.2201
3103.0,566,56.600,10.684,38.46,11.10,0.00,1,Coast,234.2201
3104.0,566,56.600,10.661,38.38,11.10,0.00,1,Coast,234.2201
3105.0,566,56.600,10.639,38.30,11.10,0.00,1,Coast,234.2201
3106.0,566,56.600,10.616,38.22,11.10,0.00,1,Coast,234.2201
3107.0,567,56.700,10.593,38.13,11.10,0.00,1,Coast,234.2201
3108.0,567,56.700,10.612,38.20,11.10,0.00,1,Coast,234.2201
3109.0,567,56.700,10.632,38.27,11.10,0.00,1,Coast,234.2201
3110.0,567,56.700,10.651,38.34,11.10,0.00,1,Coast,234.2201
3111.0,567,56.700,10.671,38.41,11.10,0.00,1,Coast,234.2201
3112.0,567,56.700,10.690,38.48,11.10,0.00,1,Coast,234.2201
3113.0,567,56.700,10.710,38.55,11.10,0.00,1,Coast,234.2201
3114.0,567,56.700,10.729,38.62,11.10,0.00,1,Coast,234.2201
3115.0,567,56.700,10.748,38.69,11.10,0.00,1,Coast,234.2201
3116.0,568,56.800,10.768,38.76,11.10,0.00,0,Brake,234.2201
3117.0,568,56.800,10.173,36.62,11.10,0.00,1,Coast,234.2201
3118.0,568,56.800,10.378,37.36,11.10,0.00,1,Coast,234.2201
3119.0,568,56.800,10.584,38.10,11.10,0.00,1,Coast,234.2201
3120.0,568,56.800,10.789,38.84,11.10,0.00,0,Brake,234.2201
3121.0,568,56.800,10.194,36.70,11.10,0.00,1,Coast,234.2201
3122.0,568,56.800,10.400,37.44,11.10,0.00,1,Coast,234.2201
3123.0,568,56.800,10.605,38.18,11.10,0.00,1,Coast,234.2201
3124.0,568,56.800,10.810,38.92,11.10,0.00,0,Brake,234.2201
3125.0,568,56.800,10.215,36.78,11.10,0.00,1,Coast,234.2201
3126.0,569,56.900,10.421,37.52,11.10,0.00,1,Coast,234.2201
3127.0,569,56.900,10.493,37.77,11.10,0.00,1,Coast,234.2201
3128.0,569,56.900,10.565,38.03,11.10,0.00,1,Coast,234.2201
3129.0,569,56.900,10.636,38.29,11.10,0.00,1,Coast,234.2201
3130.0,569,56.900,10.708,38.55,11.10,0.00,1,Coast,234.2201
3131.0,569,56.900,10.780,38.81,11.10,0.00,1,Coast,234.2201
3132.0,569,56.900,10.851,39.06,11.10,0.00,1,Coast,234.2201
3133.0,569,56.900,10.923,39.32,11.10,0.00,0,Brake,234.2201
3134.0,569,56.900,10.194,36.70,11.10,0.00,1,Coast,234.2201
3135.0,570,57.000,10.266,36.96,11.10,0.00,1,Coast,234.2201
3136.0,570,57.000,10.248,36.89,11.10,0.00,1,Coast,234.2201
3137.0,570,57.000,10.230,36.83,11.10,0.00,1,Coast,234.2201
3138.0,570,57.000,10.212,36.76,11.10,0.00,1,Coast,234.2201
3139.0,570,57.000,10.194,36.70,11.10,0.00,1,Coast,234.2201
3140.0,570,57.000,10.176,36.63,11.10,0.00,1,Coast,234.2201
3141.0,570,57.000,10.158,36.57,11.10,0.00,1,Coast,234.2201
3142.0,570,57.000,10.140,36.50,11.10,0.00,1,Coast,234.2201
3143.0,570,57.000,10.122,36.44,11.10,0.00,1,Coast,234.2201
3144.0,570,57.000,10.104,36.37,11.10,0.00,1,Coast,234.2201
3145.0,571,57.100,10.086,36.31,11.10,0.00,1,Coast,234.2201
3146.0,571,57.100,10.138,36.50,11.10,0.00,1,Coast,234.2201
3147.0,571,57.100,10.190,36.68,11.10,0.00,1,Coast,234.2201
3148.0,571,57.100,10.241,36.87,11.10,0.00,1,Coast,234.2201
3149.0,571,57.100,10.293,37.06,11.10,0.00,1,Coast,234.2201
3150.0,571,57.100,10.345,37.24,11.10,0.00,1,Coast,234.2201
3151.0,571,57.100,10.397,37.43,11.10,0.00,1,Coast,234.2201
3152.0,571,57.100,10.448,37.61,11.10,0.00,1,Coast,234.2201
3153.0,571,57.100,10.500,37.80,11.10,0.00,1,Coast,234.2201
3154.0,571,57.100,10.552,37.99,11.10,0.00,1,Coast,234.2201
3155.0,572,57.200,10.603,38.17,11.10,0.00,1,Coast,234.2201
3156.0,572,57.200,10.700,38.52,11.10,0.00,1,Coast,234.2201
3157.0,572,57.200,10.796,38.87,11.10,0.00,1,Coast,234.2201
3158.0,572,57.200,10.893,39.21,11.10,0.00,1,Coast,234.2201
3159.0,572,57.200,10.989,39.56,11.10,0.00,0,Brake,234.2201
3160.0,572,57.200,10.285,37.03,11.10,0.00,1,Coast,234.2201
3161.0,572,57.200,10.382,37.38,11.10,0.00,1,Coast,234.2201
3162.0,572,57.200,10.479,37.72,11.10,0.00,1,Coast,234.2201
3163.0,572,57.200,10.576,38.07,11.10,0.00,1,Coast,234.2201
3164.0,573,57.300,10.672,38.42,11.10,0.00,1,Coast,234.2201
3165.0,573,57.300,10.731,38.63,11.10,0.00,1,Coast,234.2201
3166.0,573,57.300,10.790,38.85,11.10,0.00,1,Coast,234.2201
3167.0,573,57.300,10.849,39.06,11.10,0.00,1,Coast,234.2201
3168.0,573,57.300,10.908,39.27,11.10,0.00,1,Coast,234.2201
3169.0,573,57.300,10.967,39.48,11.10,0.00,1,Coast,234.2201
3170.0,573,57.300,11.026,39.69,11.10,0.00,1,Coast,234.2201
3171.0,573,57.300,11.085,39.91,11.10,0.00,0,Brake,234.2201
3172.0,573,57.300,10.344,37.24,11.10,0.00,1,Coast,234.2201
3173.0,574,57.400,10.403,37.45,11.10,0.00,1,Coast,234.2201
3174.0,574,57.400,10.504,37.81,11.10,0.00,1,Coast,234.2201
3175.0,574,57.400,10.604,38.18,11.10,0.00,1,Coast,234.2201
3176.0,574,57.400,10.705,38.54,11.10,0.00,1,Coast,234.2201
3177.0,574,57.400,10.805,38.90,11.10,0.00,1,Coast,234.2201
3178.0,574,57.400,10.905,39.26,11.10,0.00,0,Brake,234.2201
3179.0,574,57.400,10.205,36.74,11.10,0.00,1,Coast,234.2201
3180.0,574,57.400,10.306,37.10,11.10,0.00,1,Coast,234.2201
3181.0,574,57.400,10.407,37.46,11.10,0.00,1,Coast,234.2201
3182.0,574,57.400,10.507,37.83,11.10,0.00,1,Coast,234.2201
3183.0,575,57.500,10.608,38.19,11.10,0.00,1,Coast,234.2201
3184.0,575,57.500,10.724,38.61,11.10,0.00,0,Brake,234.2201
3185.0,575,57.500,10.040,36.14,11.10,0.00,3,Power,234.2201
3186.0,575,57.500,10.640,38.30,11.10,0.00,1,Coast,234.9500
3187.0,575,57.500,10.756,38.72,11.10,0.00,0,Brake,234.9500
3188.0,575,57.500,10.073,36.26,11.10,0.00,1,Coast,234.9500
3189.0,575,57.500,10.189,36.68,11.10,0.00,1,Coast,234.9500
3190.0,575,57.500,10.306,37.10,11.10,0.00,1,Coast,234.9500
3191.0,575,57.500,10.423,37.52,11.10,0.00,1,Coast,234.9500
3192.0,576,57.600,10.539,37.94,11.10,0.00,1,Coast,234.9500
3193.0,576,57.600,10.599,38.16,11.10,0.00,1,Coast,234.9500
3194.0,576,57.600,10.659,38.37,11.10,0.00,1,Coast,234.9500
3195.0,576,57.600,10.718,38.59,11.10,0.00,1,Coast,234.9500
3196.0,576,57.600,10.778,38.80,11.10,0.00,1,Coast,234.9500
3197.0,576,57.600,10.838,39.02,11.10,0.00,1,Coast,234.9500
3198.0,576,57.600,10.897,39.23,11.10,0.00,0,Brake,234.9500
3199.0,576,57.600,10.157,36.56,11.10,0.00,1,Coast,234.9500
3200.0,576,57.600,10.217,36.78,11.10,0.00,1,Coast,234.9500
3201.0,576,57.600,10.277,37.00,11.10,0.00,1,Coast,234.9500
3202.0,577,57.700,10.337,37.21,11.10,0.00,1,Coast,234.9500
3203.0,577,57.700,10.421,37.51,11.10,0.00,1,Coast,234.9500
3204.0,577,57.700,10.504,37.81,11.10,0.00,1,Coast,234.9500
3205.0,577,57.700,10.587,38.11,11.10,0.00,1,Coast,234.9500
3206.0,577,57.700,10.670,38.41,11.10,0.00,1,Coast,234.9500
3207.0,577,57.700,10.753,38.71,11.10,0.00,1,Coast,234.9500
3208.0,577,57.700,10.836,39.01,11.10,0.00,1,Coast,234.9500
3209.0,577,57.700,10.919,39.31,11.10,0.00,0,Brake,234.9500
3210.0,577,57.700,10.201,36.73,11.10,0.00,1,Coast,234.9500
3211.0,578,57.800,10.285,37.03,11.10,0.00,1,Coast,234.9500
3212.0,578,57.800,10.255,36.92,11.10,0.00,1,Coast,234.9500
3213.0,578,57.800,10.226,36.81,11.10,0.00,1,Coast,234.9500
3214.0,578,57.800,10.197,36.71,11.10,0.00,1,Coast,234.9500
3215.0,578,57.800,10.167,36.60,11.10,0.00,1,Coast,234.9500
3216.0,578,57.800,10.138,36.50,11.10,0.00,1,Coast,234.9500
3217.0,578,57.800,10.109,36.39,11.10,0.00,1,Coast,234.9500
3218.0,578,57.800,10.080,36.29,11.10,0.00,1,Coast,234.9500
3219.0,578,57.800,10.050,36.18,11.10,0.00,1,Coast,234.9500
3220.0,578,57.800,10.021,36.08,11.10,0.00,1,Coast,234.9500
3221.0,579,57.900,9.992,35.97,11.10,0.00,1,Coast,234.9500
3222.0,579,57.900,9.988,35.96,11.10,0.00,1,Coast,234.9500
3223.0,579,57.900,9.985,35.95,11.10,0.00,1,Coast,234.9500
3224.0,579,57.900,9.981,35.93,11.10,0.00,1,Coast,234.9500
3225.0,579,57.900,9.978,35.92,11.10,0.00,1,Coast,234.9500
3226.0,579,57.900,9.974,35.91,11.10,0.00,1,Coast,234.9500
3227.0,579,57.900,9.971,35.89,11.10,0.00,1,Coast,234.9500
3228.0,579,57.900,9.967,35.88,11.10,0.00,1,Coast,234.9500
3229.0,579,57.900,9.963,35.87,11.10,0.00,1,Coast,234.9500
3230.0,579,57.900,9.960,35.86,11.10,0.00,1,Coast,234.9500
3231.0,580,58.000,9.956,35.84,11.10,0.00,3,Power,234.9500
3232.0,580,58.000,10.556,38.00,11.10,0.00,1,Coast,235.9916
3233.0,580,58.000,10.648,38.33,11.10,0.00,1,Coast,235.9916
3234.0,580,58.000,10.739,38.66,11.10,0.00,1,Coast,235.9916
3235.0,580,58.000,10.831,38.99,11.10,0.00,1,Coast,235.9916
3236.0,580,58.000,10.922,39.32,11.10,0.00,1,Coast,235.9916
3237.0,580,58.000,11.013,39.65,11.10,0.00,1,Coast,235.9916
3238.0,580,58.000,11.105,39.98,11.10,0.00,0,Brake,235.9916
3239.0,580,58.000,10.396,37.42,11.10,0.00,1,Coast,235.9916
3240.0,581,58.100,10.487,37.75,11.10,0.00,1,Coast,235.9916
3241.0,581,58.100,10.684,38.46,11.10,0.00,0,Brake,235.9916
3242.0,581,58.100,10.080,36.29,11.10,0.00,3,Power,235.9916
3243.0,581,58.100,10.680,38.45,11.10,0.00,1,Coast,236.7243
3244.0,581,58.100,10.876,39.15,11.10,0.00,0,Brake,236.7243
3245.0,581,58.100,10.272,36.98,11.10,0.00,1,Coast,236.7243
3246.0,581,58.100,10.468,37.69,11.10,0.00,1,Coast,236.7243
3247.0,581,58.100,10.665,38.39,11.10,0.00,1,Coast,236.7243
3248.0,581,58.100,10.861,39.10,11.10,0.00,0,Brake,236.7243
3249.0,581,58.100,10.257,36.92,11.10,0.00,1,Coast,236.7243
3250.0,582,58.200,10.453,37.63,11.10,0.00,1,Coast,236.7243
3251.0,582,58.200,10.544,37.96,11.10,0.00,1,Coast,236.7243
3252.0,582,58.200,10.635,38.29,11.10,0.00,1,Coast,236.7243
3253.0,582,58.200,10.726,38.61,11.10,0.00,1,Coast,236.7243
3254.0,582,58.200,10.817,38.94,11.10,0.00,0,Brake,236.7243
3255.0,582,58.200,10.107,36.39,11.10,0.00,1,Coast,236.7243
3256.0,582,58.200,10.199,36.71,11.10,0.00,1,Coast,236.7243
3257.0,582,58.200,10.290,37.04,11.10,0.00,1,Coast,236.7243
3258.0,582,58.200,10.381,37.37,11.10,0.00,1,Coast,236.7243
3259.0,583,58.300,10.472,37.70,11.10,0.00,2,Cruise,236.7243
3260.0,583,58.300,10.552,37.99,11.10,0.00,2,Cruise,236.7243
3261.0,583,58.300,10.631,38.27,11.10,0.00,2,Cruise,236.7243
3262.0,583,58.300,10.711,38.56,11.10,0.00,2,Cruise,236.7243
3263.0,583,58.300,10.791,38.85,11.10,0.00,2,Cruise,236.7243
3264.0,583,58.300,10.870,39.13,11.10,0.00,0,Brake,236.7243
3265.0,583,58.300,10.149,36.54,11.10,0.00,3,Power,236.7243
3266.0,583,58.300,10.749,38.70,11.10,0.00,2,Cruise,237.4619
3267.0,583,58.300,10.829,38.98,11.10,0.00,0,Brake,237.4619
3268.0,583,58.300,10.108,36.39,11.10,0.00,3,Power,237.4619
3269.0,584,58.400,10.708,38.55,11.10,0.00,2,Cruise,238.1966
3270.0,584,58.400,10.793,38.85,11.10,0.00,0,Brake,238.1966
3271.0,584,58.400,10.077,36.28,11.10,0.00,3,Power,238.1966
3272.0,584,58.400,10.677,38.44,11.10,0.00,2,Cruise,238.9291
3273.0,584,58.400,10.761,38.74,11.10,0.00,0,Brake,238.9291
3274.0,584,58.400,10.045,36.16,11.10,0.00,3,Power,238.9291
3275.0,584,58.400,10.645,38.32,11.10,0.00,2,Cruise,239.6593
3276.0,584,58.400,10.730,38.63,11.10,0.00,2,Cruise,239.6593
3277.0,584,58.400,10.814,38.93,11.10,0.00,0,Brake,239.6593
3278.0,585,58.500,10.098,36.35,11.10,0.00,2,Cruise,239.6593
3279.0,585,58.500,10.104,36.37,11.10,0.00,2,Cruise,239.6593
3280.0,585,58.500,10.110,36.39,11.10,0.00,2,Cruise,239.6593
3281.0,585,58.500,10.115,36.42,11.10,0.00,2,Cruise,239.6593
3282.0,585,58.500,10.121,36.44,11.10,0.00,2,Cruise,239.6593
3283.0,585,58.500,10.127,36.46,11.10,0.00,2,Cruise,239.6593
3284.0,585,58.500,10.133,36.48,11.10,0.00,2,Cruise,239.6593
3285.0,585,58.500,10.138,36.50,11.10,0.00,2,Cruise,239.6593
3286.0,585,58.500,10.144,36.52,11.10,0.00,2,Cruise,239.6593
3287.0,585,58.500,10.150,36.54,11.10,0.00,2,Cruise,239.6593
3288.0,586,58.600,10.155,36.56,11.10,0.00,2,Cruise,239.6593
3289.0,586,58.600,10.155,36.56,11.10,0.00,2,Cruise,239.7102
3290.0,586,58.600,10.155,36.56,11.10,0.00,2,Cruise,239.7611
3291.0,586,58.600,10.155,36.56,11.10,0.00,2,Cruise,239.8120
3292.0,586,58.600,10.155,36.56,11.10,0.00,2,Cruise,239.8629
3293.0,586,58.600,10.155,36.56,11.10,0.00,2,Cruise,239.9139
3294.0,586,58.600,10.155,36.56,11.10,0.00,2,Cruise,239.9648
3295.0,586,58.600,10.155,36.56,11.10,0.00,2,Cruise,240.0157
3296.0,586,58.600,10.155,36.56,11.10,0.00,2,Cruise,240.0666
3297.0,586,58.600,10.155,36.56,11.10,0.00,2,Cruise,240.1175
3298.0,587,58.700,10.155,36.56,11.10,0.00,2,Cruise,240.1684
3299.0,587,58.700,10.183,36.66,11.10,0.00,2,Cruise,240.1684
3300.0,587,58.700,10.210,36.76,11.10,0.00,2,Cruise,240.1684
3301.0,587,58.700,10.238,36.86,11.10,0.00,2,Cruise,240.1684
3302.0,587,58.700,10.265,36.95,11.10,0.00,2,Cruise,240.1684
3303.0,587,58.700,10.293,37.05,11.10,0.00,2,Cruise,240.1684
3304.0,587,58.700,10.320,37.15,11.10,0.00,2,Cruise,240.1684
3305.0,587,58.700,10.348,37.25,11.10,0.00,2,Cruise,240.1684
3306.0,587,58.700,10.375,37.35,11.10,0.00,2,Cruise,240.1684
3307.0,587,58.700,10.402,37.45,11.10,0.00,2,Cruise,240.1684
3308.0,588,58.800,10.430,37.55,11.10,0.00,1,Coast,240.1684
3309.0,588,58.800,10.369,37.33,11.10,0.00,1,Coast,240.1684
3310.0,588,58.800,10.307,37.11,11.10,0.00,1,Coast,240.1684
3311.0,588,58.800,10.247,36.89,11.10,0.00,1,Coast,240.1684
3312.0,588,58.800,10.186,36.67,11.10,0.00,1,Coast,240.1684
3313.0,588,58.800,10.125,36.45,11.10,0.00,1,Coast,240.1684
3314.0,588,58.800,10.064,36.23,11.10,0.00,1,Coast,240.1684
3315.0,588,58.800,10.003,36.01,11.10,0.00,1,Coast,240.1684
3316.0,588,58.800,9.942,35.79,11.10,0.00,3,Power,240.1684
3317.0,588,58.800,10.542,37.95,11.10,0.00,1,Coast,241.2100
3318.0,589,58.900,10.481,37.73,11.10,0.00,1,Coast,241.2100
3319.0,589,58.900,10.390,37.40,11.10,0.00,1,Coast,241.2100
3320.0,589,58.900,10.299,37.07,11.10,0.00,1,Coast,241.2100
3321.0,589,58.900,10.207,36.75,11.10,0.00,1,Coast,241.2100
3322.0,589,58.900,10.116,36.42,11.10,0.00,1,Coast,241.2100
3323.0,589,58.900,10.025,36.09,11.10,0.00,1,Coast,241.2100
3324.0,589,58.900,9.934,35.76,11.10,0.00,3,Power,241.2100
3325.0,589,58.900,10.534,37.92,11.10,0.00,1,Coast,242.2516
3326.0,589,58.900,10.443,37.59,11.10,0.00,1,Coast,242.2516
3327.0,590,59.000,10.351,37.27,11.10,0.00,2,Cruise,242.2516
3328.0,590,59.000,10.530,37.91,11.10,0.00,2,Cruise,242.2516
3329.0,590,59.000,10.709,38.55,11.10,0.00,2,Cruise,242.2516
3330.0,590,59.000,10.888,39.20,11.10,0.00,0,Brake,242.2516
3331.0,590,59.000,10.266,36.96,11.10,0.00,2,Cruise,242.2516
3332.0,590,59.000,10.445,37.60,11.10,0.00,2,Cruise,242.2516
3333.0,590,59.000,10.624,38.25,11.10,0.00,2,Cruise,242.2516
3334.0,590,59.000,10.803,38.89,11.10,0.00,2,Cruise,242.2516
3335.0,590,59.000,10.982,39.53,11.10,0.00,0,Brake,242.2516
3336.0,590,59.000,10.360,37.30,11.10,0.00,2,Cruise,242.2516
3337.0,591,59.100,10.539,37.94,11.10,0.00,2,Cruise,242.2516
3338.0,591,59.100,10.706,38.54,11.10,0.00,2,Cruise,242.2516
3339.0,591,59.100,10.874,39.14,11.10,0.00,0,Brake,242.2516
3340.0,591,59.100,10.241,36.87,11.10,0.00,2,Cruise,242.2516
3341.0,591,59.100,10.408,37.47,11.10,0.00,2,Cruise,242.2516
3342.0,591,59.100,10.576,38.07,11.10,0.00,2,Cruise,242.2516
3343.0,591,59.100,10.743,38.68,11.10,0.00,2,Cruise,242.2516
3344.0,591,59.100,10.911,39.28,11.10,0.00,0,Brake,242.2516
3345.0,591,59.100,10.278,37.00,11.10,0.00,2,Cruise,242.2516
3346.0,592,59.200,10.446,37.60,11.10,0.00,2,Cruise,242.2516
3347.0,592,59.200,10.556,38.00,11.10,0.00,2,Cruise,242.2516
3348.0,592,59.200,10.667,38.40,11.10,0.00,2,Cruise,242.2516
3349.0,592,59.200,10.777,38.80,11.10,0.00,2,Cruise,242.2516
3350.0,592,59.200,10.887,39.19,11.10,0.00,0,Brake,242.2516
3351.0,592,59.200,10.198,36.71,11.10,0.00,2,Cruise,242.2516
3352.0,592,59.200,10.308,37.11,11.10,0.00,2,Cruise,242.2516
3353.0,592,59.200,10.419,37.51,11.10,0.00,2,Cruise,242.2516
3354.0,592,59.200,10.530,37.91,11.10,0.00,2,Cruise,242.2516
3355.0,592,59.200,10.640,38.31,11.10,0.00,2,Cruise,242.2516
3356.0,593,59.300,10.751,38.70,11.10,0.00,2,Cruise,242.2516
3357.0,593,59.300,10.834,39.00,11.10,0.00,2,Cruise,242.2516
3358.0,593,59.300,10.917,39.30,11.10,0.00,0,Brake,242.2516
3359.0,593,59.300,10.201,36.72,11.10,0.00,2,Cruise,242.2516
3360.0,593,59.300,10.285,37.02,11.10,0.00,2,Cruise,242.2516
3361.0,593,59.300,10.368,37.33,11.10,0.00,2,Cruise,242.2516
3362.0,593,59.300,10.452,37.63,11.10,0.00,2,Cruise,242.2516
3363.0,593,59.300,10.536,37.93,11.10,0.00,2,Cruise,242.2516
3364.0,593,59.300,10.619,38.23,11.10,0.00,2,Cruise,242.2516
3365.0,594,59.400,10.703,38.53,11.10,0.00,2,Cruise,242.2516
3366.0,594,59.400,10.824,38.97,11.10,0.00,2,Cruise,242.2516
3367.0,594,59.400,10.945,39.40,11.10,0.00,0,Brake,242.2516
3368.0,594,59.400,10.266,36.96,11.10,0.00,2,Cruise,242.2516
3369.0,594,59.400,10.388,37.40,11.10,0.00,2,Cruise,242.2516
3370.0,594,59.400,10.510,37.83,11.10,0.00,2,Cruise,242.2516
3371.0,594,59.400,10.631,38.27,11.10,0.00,2,Cruise,242.2516
3372.0,594,59.400,10.753,38.71,11.10,0.00,2,Cruise,242.2516
3373.0,594,59.400,10.874,39.15,11.10,0.00,0,Brake,242.2516
3374.0,594,59.400,10.195,36.70,11.10,0.00,2,Cruise,242.2516
3375.0,595,59.500,10.317,37.14,11.10,0.00,2,Cruise,242.2516
3376.0,595,59.500,10.369,37.33,11.10,0.00,2,Cruise,242.2516
3377.0,595,59.500,10.422,37.52,11.10,0.00,2,Cruise,242.2516
3378.0,595,59.500,10.474,37.71,11.10,0.00,2,Cruise,242.2516
3379.0,595,59.500,10.527,37.90,11.10,0.00,2,Cruise,242.2516
3380.0,595,59.500,10.579,38.08,11.10,0.00,2,Cruise,242.2516
3381.0,595,59.500,10.631,38.27,11.10,0.00,2,Cruise,242.2516
3382.0,595,59.500,10.684,38.46,11.10,0.00,2,Cruise,242.2516
3383.0,595,59.500,10.736,38.65,11.10,0.00,2,Cruise,242.2516
3384.0,596,59.600,10.788,38.84,11.10,0.00,2,Cruise,242.2516
3385.0,596,59.600,10.788,38.84,11.10,0.00,2,Cruise,242.3158
3386.0,596,59.600,10.788,38.84,11.10,0.00,2,Cruise,242.3799
3387.0,596,59.600,10.788,38.84,11.10,0.00,2,Cruise,242.4441
3388.0,596,59.600,10.788,38.84,11.10,0.00,2,Cruise,242.5082
3389.0,596,59.600,10.788,38.84,11.10,0.00,2,Cruise,242.5724
3390.0,596,59.600,10.788,38.84,11.10,0.00,2,Cruise,242.6365
3391.0,596,59.600,10.788,38.84,11.10,0.00,2,Cruise,242.7007
3392.0,596,59.600,10.788,38.84,11.10,0.00,2,Cruise,242.7648
3393.0,597,59.700,10.788,38.84,11.10,0.00,2,Cruise,242.8290
3394.0,597,59.700,10.836,39.01,11.10,0.00,2,Cruise,242.8290
3395.0,597,59.700,10.885,39.19,11.10,0.00,2,Cruise,242.8290
3396.0,597,59.700,10.933,39.36,11.10,0.00,2,Cruise,242.8290
3397.0,597,59.700,10.981,39.53,11.10,0.00,2,Cruise,242.8290
3398.0,597,59.700,11.030,39.71,11.10,0.00,2,Cruise,242.8290
3399.0,597,59.700,11.078,39.88,11.10,0.00,0,Brake,242.8290
3400.0,597,59.700,10.326,37.17,11.10,0.00,2,Cruise,242.8290
3401.0,597,59.700,10.375,37.35,11.10,0.00,2,Cruise,242.8290
3402.0,597,59.700,10.424,37.53,11.10,0.00,2,Cruise,242.8290
3403.0,598,59.800,10.473,37.70,11.10,0.00,2,Cruise,242.8290
3404.0,598,59.800,10.586,38.11,11.10,0.00,2,Cruise,242.8290
3405.0,598,59.800,10.700,38.52,11.10,0.00,2,Cruise,242.8290
3406.0,598,59.800,10.814,38.93,11.10,0.00,2,Cruise,242.8290
3407.0,598,59.800,10.927,39.34,11.10,0.00,2,Cruise,242.8290
3408.0,598,59.800,11.041,39.75,11.10,0.00,0,Brake,242.8290
3409.0,598,59.800,10.354,37.27,11.10,0.00,2,Cruise,242.8290
3410.0,598,59.800,10.468,37.69,11.10,0.00,2,Cruise,242.8290
3411.0,598,59.800,10.582,38.10,11.10,0.00,2,Cruise,242.8290
3412.0,599,59.900,10.696,38.50,11.10,0.00,1,Coast,242.8290
3413.0,599,59.900,10.689,38.48,11.10,0.00,1,Coast,242.8290
3414.0,599,59.900,10.683,38.46,11.10,0.00,1,Coast,242.8290
3415.0,599,59.900,10.676,38.43,11.10,0.00,1,Coast,242.8290
3416.0,599,59.900,10.670,38.41,11.10,0.00,1,Coast,242.8290
3417.0,599,59.900,10.663,38.39,11.10,0.00,1,Coast,242.8290
3418.0,599,59.900,10.657,38.36,11.10,0.00,1,Coast,242.8290
3419.0,599,59.900,10.650,38.34,11.10,0.00,1,Coast,242.8290
3420.0,599,59.900,10.644,38.32,11.10,0.00,1,Coast,242.8290
3421.0,600,60.000,10.637,38.29,11.10,0.00,1,Coast,242.8290
3422.0,600,60.000,10.651,38.34,11.10,0.00,1,Coast,242.8290
3423.0,600,60.000,10.664,38.39,11.10,0.00,1,Coast,242.8290
3424.0,600,60.000,10.677,38.44,11.10,0.00,1,Coast,242.8290
3425.0,600,60.000,10.690,38.48,11.10,0.00,1,Coast,242.8290
3426.0,600,60.000,10.703,38.53,11.10,0.00,1,Coast,242.8290
3427.0,600,60.000,10.716,38.58,11.10,0.00,1,Coast,242.8290
3428.0,600,60.000,10.730,38.63,11.10,0.00,1,Coast,242.8290
3429.0,600,60.000,10.743,38.67,11.10,0.00,1,Coast,242.8290
3430.0,600,60.000,10.756,38.72,11.10,0.00,1,Coast,242.8290
3431.0,601,60.100,10.769,38.77,11.10,0.00,0,Brake,242.8290
3432.0,601,60.100,10.130,36.47,11.10,0.00,2,Cruise,242.8290
3433.0,601,60.100,10.292,37.05,11.10,0.00,2,Cruise,242.8290
3434.0,601,60.100,10.453,37.63,11.10,0.00,2,Cruise,242.8290
3435.0,601,60.100,10.614,38.21,11.10,0.00,2,Cruise,242.8290
3436.0,601,60.100,10.776,38.79,11.10,0.00,0,Brake,242.8290
3437.0,601,60.100,10.137,36.49,11.10,0.00,2,Cruise,242.8290
3438.0,601,60.100,10.298,37.07,11.10,0.00,2,Cruise,242.8290
3439.0,601,60.100,10.460,37.65,11.10,0.00,2,Cruise,242.8290
3440.0,602,60.200,10.621,38.24,11.10,0.00,2,Cruise,242.8290
3441.0,602,60.200,10.782,38.82,11.10,0.00,0,Brake,242.8290
3442.0,602,60.200,10.143,36.52,11.10,0.00,2,Cruise,242.8290
3443.0,602,60.200,10.305,37.10,11.10,0.00,2,Cruise,242.8290
3444.0,602,60.200,10.467,37.68,11.10,0.00,2,Cruise,242.8290
3445.0,602,60.200,10.628,38.26,11.10,0.00,2,Cruise,242.8290
3446.0,602,60.200,10.789,38.84,11.10,0.00,0,Brake,242.8290
3447.0,602,60.200,10.150,36.54,11.10,0.00,2,Cruise,242.8290
3448.0,602,60.200,10.312,37.12,11.10,0.00,2,Cruise,242.8290
3449.0,602,60.200,10.474,37.71,11.10,0.00,2,Cruise,242.8290
3450.0,603,60.300,10.635,38.29,11.10,0.00,2,Cruise,242.8290
3451.0,603,60.300,10.818,38.94,11.10,0.00,0,Brake,242.8290
3452.0,603,60.300,10.200,36.72,11.10,0.00,2,Cruise,242.8290
3453.0,603,60.300,10.384,37.38,11.10,0.00,2,Cruise,242.8290
3454.0,603,60.300,10.566,38.04,11.10,0.00,2,Cruise,242.8290
3455.0,603,60.300,10.749,38.70,11.10,0.00,0,Brake,242.8290
3456.0,603,60.300,10.132,36.47,11.10,0.00,2,Cruise,242.8290
3457.0,603,60.300,10.315,37.13,11.10,0.00,2,Cruise,242.8290
3458.0,603,60.300,10.498,37.79,11.10,0.00,2,Cruise,242.8290
3459.0,604,60.400,10.681,38.45,11.10,0.00,1,Coast,242.8290
3460.0,604,60.400,10.514,37.85,11.10,0.00,1,Coast,242.8290
3461.0,604,60.400,10.347,37.25,11.10,0.00,1,Coast,242.8290
3462.0,604,60.400,10.181,36.65,11.10,0.00,3,Power,242.8290
3463.0,604,60.400,10.614,38.21,11.10,0.00,1,Coast,243.5629
3464.0,604,60.400,10.448,37.61,11.10,0.00,1,Coast,243.5629
3465.0,604,60.400,10.281,37.01,11.10,0.00,1,Coast,243.5629
3466.0,604,60.400,10.114,36.41,11.10,0.00,3,Power,243.5629
3467.0,604,60.400,10.548,37.97,11.10,0.00,1,Coast,244.2922
3468.0,604,60.400,10.381,37.37,11.10,0.00,1,Coast,244.2922
3469.0,605,60.500,10.215,36.77,11.10,0.00,3,Power,244.2922
3470.0,605,60.500,10.792,38.85,11.10,0.00,1,Coast,245.0336
3471.0,605,60.500,10.769,38.77,11.10,0.00,1,Coast,245.0336
3472.0,605,60.500,10.746,38.68,11.10,0.00,1,Coast,245.0336
3473.0,605,60.500,10.722,38.60,11.10,0.00,1,Coast,245.0336
3474.0,605,60.500,10.699,38.52,11.10,0.00,1,Coast,245.0336
3475.0,605,60.500,10.676,38.43,11.10,0.00,1,Coast,245.0336
3476.0,605,60.500,10.653,38.35,11.10,0.00,1,Coast,245.0336
3477.0,605,60.500,10.630,38.27,11.10,0.00,1,Coast,245.0336
3478.0,606,60.600,10.607,38.18,11.10,0.00,1,Coast,245.0336
3479.0,606,60.600,10.703,38.53,11.10,0.00,1,Coast,245.0336
3480.0,606,60.600,10.798,38.87,11.10,0.00,1,Coast,245.0336
3481.0,606,60.600,10.894,39.22,11.10,0.00,1,Coast,245.0336
3482.0,606,60.600,10.989,39.56,11.10,0.00,0,Brake,245.0336
3483.0,606,60.600,10.284,37.02,11.10,0.00,1,Coast,245.0336
3484.0,606,60.600,10.380,37.37,11.10,0.00,1,Coast,245.0336
3485.0,606,60.600,10.476,37.71,11.10,0.00,1,Coast,245.0336
3486.0,606,60.600,10.572,38.06,11.10,0.00,1,Coast,245.0336
3487.0,606,60.600,10.668,38.40,11.10,0.00,1,Coast,245.0336
3488.0,607,60.700,10.763,38.75,11.10,0.00,1,Coast,245.0336
3489.0,607,60.700,10.856,39.08,11.10,0.00,1,Coast,245.0336
3490.0,607,60.700,10.948,39.41,11.10,0.00,0,Brake,245.0336
3491.0,607,60.700,10.240,36.87,11.10,0.00,1,Coast,245.0336
3492.0,607,60.700,10.333,37.20,11.10,0.00,1,Coast,245.0336
3493.0,607,60.700,10.426,37.53,11.10,0.00,1,Coast,245.0336
3494.0,607,60.700,10.519,37.87,11.10,0.00,1,Coast,245.0336
3495.0,607,60.700,10.612,38.20,11.10,0.00,1,Coast,245.0336
3496.0,607,60.700,10.704,38.54,11.10,0.00,1,Coast,245.0336
3497.0,608,60.800,10.797,38.87,11.10,0.00,1,Coast,245.0336
3498.0,608,60.800,10.813,38.93,11.10,0.00,1,Coast,245.0336
3499.0,608,60.800,10.830,38.99,11.10,0.00,1,Coast,245.0336
3500.0,608,60.800,10.846,39.05,11.10,0.00,1,Coast,245.0336
3501.0,608,60.800,10.863,39.11,11.10,0.00,1,Coast,245.0336
3502.0,608,60.800,10.879,39.17,11.10,0.00,1,Coast,245.0336
3503.0,608,60.800,10.896,39.22,11.10,0.00,1,Coast,245.0336
3504.0,608,60.800,10.912,39.28,11.10,0.00,1,Coast,245.0336
3505.0,608,60.800,10.928,39.34,11.10,0.00,1,Coast,245.0336
3506.0,609,60.900,10.945,39.40,11.10,0.00,1,Coast,245.0336
3507.0,609,60.900,11.018,39.66,11.10,0.00,1,Coast,245.0336
3508.0,609,60.900,11.091,39.93,11.10,0.00,0,Brake,245.0336
3509.0,609,60.900,10.363,37.31,11.10,0.00,1,Coast,245.0336
3510.0,609,60.900,10.437,37.57,11.10,0.00,1,Coast,245.0336
3511.0,609,60.900,10.510,37.84,11.10,0.00,1,Coast,245.0336
3512.0,609,60.900,10.584,38.10,11.10,0.00,1,Coast,245.0336
3513.0,609,60.900,10.657,38.37,11.10,0.00,1,Coast,245.0336
3514.0,609,60.900,10.730,38.63,11.10,0.00,1,Coast,245.0336
3515.0,609,60.900,10.804,38.89,11.10,0.00,1,Coast,245.0336
3516.0,610,61.000,10.877,39.16,11.10,0.00,1,Coast,245.0336
3517.0,610,61.000,10.979,39.52,11.10,0.00,1,Coast,245.0336
3518.0,610,61.000,11.081,39.89,11.10,0.00,0,Brake,245.0336
3519.0,610,61.000,10.384,37.38,11.10,0.00,1,Coast,245.0336
3520.0,610,61.000,10.486,37.75,11.10,0.00,1,Coast,245.0336
3521.0,610,61.000,10.589,38.12,11.10,0.00,1,Coast,245.0336
3522.0,610,61.000,10.692,38.49,11.10,0.00,1,Coast,245.0336
3523.0,610,61.000,10.794,38.86,11.10,0.00,1,Coast,245.0336
3524.0,610,61.000,10.897,39.23,11.10,0.00,1,Coast,245.0336
3525.0,611,61.100,10.999,39.60,11.10,0.00,1,Coast,245.0336
3526.0,611,61.100,11.039,39.74,11.10,0.00,1,Coast,245.0336
3527.0,611,61.100,11.079,39.89,11.10,0.00,1,Coast,245.0336
3528.0,611,61.100,11.120,40.03,11.10,0.02,0,Brake,245.0336
3529.0,611,61.100,10.360,37.29,11.10,0.00,1,Coast,245.0336
3530.0,611,61.100,10.400,37.44,11.10,0.00,1,Coast,245.0336
3531.0,611,61.100,10.441,37.59,11.10,0.00,1,Coast,245.0336
3532.0,611,61.100,10.482,37.73,11.10,0.00,1,Coast,245.0336
3533.0,611,61.100,10.522,37.88,11.10,0.00,1,Coast,245.0336
3534.0,612,61.200,10.563,38.03,11.10,0.00,1,Coast,245.0336
3535.0,612,61.200,10.669,38.41,11.10,0.00,1,Coast,245.0336
3536.0,612,61.200,10.774,38.79,11.10,0.00,1,Coast,245.0336
3537.0,612,61.200,10.880,39.17,11.10,0.00,1,Coast,245.0336
3538.0,612,61.200,10.986,39.55,11.10,0.00,0,Brake,245.0336
3539.0,612,61.200,10.291,37.05,11.10,0.00,1,Coast,245.0336
3540.0,612,61.200,10.397,37.43,11.10,0.00,1,Coast,245.0336
3541.0,612,61.200,10.503,37.81,11.10,0.00,1,Coast,245.0336
3542.0,612,61.200,10.609,38.19,11.10,0.00,1,Coast,245.0336
3543.0,612,61.200,10.715,38.57,11.10,0.00,1,Coast,245.0336
3544.0,613,61.300,10.821,38.95,11.10,0.00,0,Brake,245.0336
3545.0,613,61.300,10.196,36.71,11.10,0.00,3,Power,245.0336
3546.0,613,61.300,10.796,38.87,11.10,0.00,0,Brake,245.7745
3547.0,613,61.300,10.171,36.62,11.10,0.00,3,Power,245.7745
3548.0,613,61.300,10.771,38.78,11.10,0.00,0,Brake,246.5136
3549.0,613,61.300,10.147,36.53,11.10,0.00,3,Power,246.5136
3550.0,613,61.300,10.747,38.69,11.10,0.00,2,Cruise,247.2510
3551.0,613,61.300,10.922,39.32,11.10,0.00,0,Brake,247.2510
3552.0,613,61.300,10.298,37.07,11.10,0.00,2,Cruise,247.2510
3553.0,614,61.400,10.473,37.70,11.10,0.00,1,Coast,247.2510
3554.0,614,61.400,10.516,37.86,11.10,0.00,1,Coast,247.2510
3555.0,614,61.400,10.559,38.01,11.10,0.00,1,Coast,247.2510
3556.0,614,61.400,10.602,38.17,11.10,0.00,1,Coast,247.2510
3557.0,614,61.400,10.644,38.32,11.10,0.00,1,Coast,247.2510
3558.0,614,61.400,10.687,38.47,11.10,0.00,1,Coast,247.2510
3559.0,614,61.400,10.730,38.63,11.10,0.00,1,Coast,247.2510
3560.0,614,61.400,10.772,38.78,11.10,0.00,1,Coast,247.2510
3561.0,614,61.400,10.815,38.93,11.10,0.00,1,Coast,247.2510
3562.0,614,61.400,10.857,39.09,11.10,0.00,1,Coast,247.2510
3563.0,615,61.500,10.900,39.24,11.10,0.00,1,Coast,247.2510
3564.0,615,61.500,10.923,39.32,11.10,0.00,1,Coast,247.2510
3565.0,615,61.500,10.946,39.40,11.10,0.00,1,Coast,247.2510
3566.0,615,61.500,10.969,39.49,11.10,0.00,1,Coast,247.2510
3567.0,615,61.500,10.991,39.57,11.10,0.00,1,Coast,247.2510
3568.0,615,61.500,11.014,39.65,11.10,0.00,1,Coast,247.2510
3569.0,615,61.500,11.037,39.73,11.10,0.00,1,Coast,247.2510
3570.0,615,61.500,11.060,39.82,11.10,0.00,1,Coast,247.2510
3571.0,615,61.500,11.083,39.90,11.10,0.00,1,Coast,247.2510
3572.0,616,61.600,11.106,39.98,11.10,0.01,1,Coast,247.2510
3573.0,616,61.600,11.122,40.04,11.10,0.02,1,Coast,247.2510
3574.0,616,61.600,11.138,40.10,11.10,0.04,1,Coast,247.2510
3575.0,616,61.600,11.154,40.16,11.10,0.05,1,Coast,247.2510
3576.0,616,61.600,11.171,40.21,11.10,0.07,0,Brake,247.2510
3577.0,616,61.600,10.387,37.39,11.10,0.00,1,Coast,247.2510
3578.0,616,61.600,10.404,37.45,11.10,0.00,1,Coast,247.2510
3579.0,616,61.600,10.421,37.51,11.10,0.00,1,Coast,247.2510
3580.0,616,61.600,10.438,37.58,11.10,0.00,1,Coast,247.2510
3581.0,617,61.700,10.455,37.64,11.10,0.00,2,Cruise,247.2510
3582.0,617,61.700,10.588,38.12,11.10,0.00,2,Cruise,247.2510
3583.0,617,61.700,10.720,38.59,11.10,0.00,2,Cruise,247.2510
3584.0,617,61.700,10.853,39.07,11.10,0.00,2,Cruise,247.2510
3585.0,617,61.700,10.986,39.55,11.10,0.00,0,Brake,247.2510
3586.0,617,61.700,10.318,37.14,11.10,0.00,2,Cruise,247.2510
3587.0,617,61.700,10.451,37.62,11.10,0.00,2,Cruise,247.2510
3588.0,617,61.700,10.584,38.10,11.10,0.00,2,Cruise,247.2510
3589.0,617,61.700,10.717,38.58,11.10,0.00,2,Cruise,247.2510
3590.0,618,61.800,10.850,39.06,11.10,0.00,2,Cruise,247.2510
3591.0,618,61.800,10.967,39.48,11.10,0.00,0,Brake,247.2510
3592.0,618,61.800,10.285,37.02,11.10,0.00,2,Cruise,247.2510
3593.0,618,61.800,10.403,37.45,11.10,0.00,2,Cruise,247.2510
3594.0,618,61.800,10.521,37.87,11.10,0.00,2,Cruise,247.2510
3595.0,618,61.800,10.639,38.30,11.10,0.00,2,Cruise,247.2510
3596.0,618,61.800,10.756,38.72,11.10,0.00,2,Cruise,247.2510
3597.0,618,61.800,10.874,39.15,11.10,0.00,0,Brake,247.2510
3598.0,618,61.800,10.192,36.69,11.10,0.00,3,Power,247.2510
3599.0,618,61.800,10.792,38.85,11.10,0.00,2,Cruise,247.9916
3600.0,619,61.900,10.909,39.27,11.10,0.00,2,Cruise,247.9916
3601.0,619,61.900,10.971,39.50,11.10,0.00,0,Brake,247.9916
3602.0,619,61.900,10.233,36.84,11.10,0.00,3,Power,247.9916
3603.0,619,61.900,10.833,39.00,11.10,0.00,2,Cruise,248.7351
3604.0,619,61.900,10.895,39.22,11.10,0.00,2,Cruise,248.7351
3605.0,619,61.900,10.957,39.45,11.10,0.00,0,Brake,248.7351
3606.0,619,61.900,10.219,36.79,11.10,0.00,3,Power,248.7351
3607.0,619,61.900,10.819,38.95,11.10,0.00,2,Cruise,249.4777
3608.0,619,61.900,10.881,39.17,11.10,0.00,2,Cruise,249.4777
3609.0,620,62.000,10.943,39.40,11.10,0.00,2,Cruise,249.4777
3610.0,620,62.000,10.973,39.50,11.10,0.00,2,Cruise,249.4777
3611.0,620,62.000,11.003,39.61,11.10,0.00,0,Brake,249.4777
3612.0,620,62.000,10.233,36.84,11.10,0.00,3,Power,249.4777
3613.0,620,62.000,10.833,39.00,11.10,0.00,2,Cruise,250.2212
3614.0,620,62.000,10.863,39.11,11.10,0.00,2,Cruise,250.2212
3615.0,620,62.000,10.893,39.22,11.10,0.00,2,Cruise,250.2212
3616.0,620,62.000,10.923,39.32,11.10,0.00,2,Cruise,250.2212
3617.0,620,62.000,10.953,39.43,11.10,0.00,2,Cruise,250.2212
3618.0,621,62.100,10.983,39.54,11.10,0.00,0,Brake,250.2212
3619.0,621,62.100,10.276,36.99,11.10,0.00,3,Power,250.2212
3620.0,621,62.100,10.876,39.15,11.10,0.00,0,Brake,250.9677
3621.0,621,62.100,10.168,36.61,11.10,0.00,3,Power,250.9677
3622.0,621,62.100,10.768,38.77,11.10,0.00,2,Cruise,251.7066
3623.0,621,62.100,10.861,39.10,11.10,0.00,0,Brake,251.7066
3624.0,621,62.100,10.154,36.55,11.10,0.00,3,Power,251.7066
3625.0,621,62.100,10.754,38.71,11.10,0.00,2,Cruise,252.4445
3626.0,621,62.100,10.847,39.05,11.10,0.00,2,Cruise,252.4445
3627.0,621,62.100,10.939,39.38,11.10,0.00,0,Brake,252.4445
3628.0,622,62.200,10.232,36.84,11.10,0.00,3,Power,252.4445
3629.0,622,62.200,10.832,39.00,11.10,0.00,2,Cruise,253.1880
3630.0,622,62.200,10.842,39.03,11.10,0.00,2,Cruise,253.1880
3631.0,622,62.200,10.851,39.06,11.10,0.00,2,Cruise,253.1880
3632.0,622,62.200,10.861,39.10,11.10,0.00,2,Cruise,253.1880
3633.0,622,62.200,10.870,39.13,11.10,0.00,2,Cruise,253.1880
3634.0,622,62.200,10.880,39.17,11.10,0.00,2,Cruise,253.1880
3635.0,622,62.200,10.889,39.20,11.10,0.00,2,Cruise,253.1880
3636.0,622,62.200,10.899,39.24,11.10,0.00,2,Cruise,253.1880
3637.0,623,62.300,10.908,39.27,11.10,0.00,2,Cruise,253.1880
3638.0,623,62.300,10.913,39.29,11.10,0.00,2,Cruise,253.1880
3639.0,623,62.300,10.918,39.31,11.10,0.00,2,Cruise,253.1880
3640.0,623,62.300,10.923,39.32,11.10,0.00,2,Cruise,253.1880
3641.0,623,62.300,10.928,39.34,11.10,0.00,2,Cruise,253.1880
3642.0,623,62.300,10.933,39.36,11.10,0.00,2,Cruise,253.1880
3643.0,623,62.300,10.937,39.37,11.10,0.00,2,Cruise,253.1880
3644.0,623,62.300,10.942,39.39,11.10,0.00,2,Cruise,253.1880
3645.0,623,62.300,10.947,39.41,11.10,0.00,2,Cruise,253.1880
3646.0,624,62.400,10.952,39.43,11.10,0.00,2,Cruise,253.1880
3647.0,624,62.400,10.952,39.43,11.10,0.00,2,Cruise,253.2202
3648.0,624,62.400,10.952,39.43,11.10,0.00,2,Cruise,253.2523
3649.0,624,62.400,10.952,39.43,11.10,0.00,2,Cruise,253.2845
3650.0,624,62.400,10.952,39.43,11.10,0.00,2,Cruise,253.3167
3651.0,624,62.400,10.952,39.43,11.10,0.00,2,Cruise,253.3489
3652.0,624,62.400,10.952,39.43,11.10,0.00,2,Cruise,253.3811
3653.0,624,62.400,10.952,39.43,11.10,0.00,2,Cruise,253.4132
3654.0,624,62.400,10.952,39.43,11.10,0.00,2,Cruise,253.4454
3655.0,625,62.500,10.952,39.43,11.10,0.00,2,Cruise,253.4776
3656.0,625,62.500,10.952,39.43,11.10,0.00,2,Cruise,253.5197
3657.0,625,62.500,10.952,39.43,11.10,0.00,2,Cruise,253.5619
3658.0,625,62.500,10.952,39.43,11.10,0.00,2,Cruise,253.6040
3659.0,625,62.500,10.952,39.43,11.10,0.00,2,Cruise,253.6462
3660.0,625,62.500,10.952,39.43,11.10,0.00,2,Cruise,253.6883
3661.0,625,62.500,10.952,39.43,11.10,0.00,2,Cruise,253.7304
3662.0,625,62.500,10.952,39.43,11.10,0.00,2,Cruise,253.7726
3663.0,625,62.500,10.952,39.43,11.10,0.00,2,Cruise,253.8147
3664.0,626,62.600,10.952,39.43,11.10,0.00,2,Cruise,253.8568
3665.0,626,62.600,10.952,39.43,11.10,0.00,2,Cruise,253.9464
3666.0,626,62.600,10.952,39.43,11.10,0.00,2,Cruise,254.0360
3667.0,626,62.600,10.952,39.43,11.10,0.00,2,Cruise,254.1256
3668.0,626,62.600,10.952,39.43,11.10,0.00,2,Cruise,254.2152
3669.0,626,62.600,10.952,39.43,11.10,0.00,2,Cruise,254.3048
3670.0,626,62.600,10.952,39.43,11.10,0.00,2,Cruise,254.3943
3671.0,626,62.600,10.952,39.43,11.10,0.00,2,Cruise,254.4839
3672.0,626,62.600,10.952,39.43,11.10,0.00,2,Cruise,254.5735
3673.0,626,62.600,10.952,39.43,11.10,0.00,2,Cruise,254.6631
3674.0,627,62.700,10.952,39.43,11.10,0.00,2,Cruise,254.7527
3675.0,627,62.700,10.952,39.43,11.10,0.00,2,Cruise,254.7574
3676.0,627,62.700,10.952,39.43,11.10,0.00,2,Cruise,254.7621
3677.0,627,62.700,10.952,39.43,11.10,0.00,2,Cruise,254.7667
3678.0,627,62.700,10.952,39.43,11.10,0.00,2,Cruise,254.7714
3679.0,627,62.700,10.952,39.43,11.10,0.00,2,Cruise,254.7761
3680.0,627,62.700,10.952,39.43,11.10,0.00,2,Cruise,254.7808
3681.0,627,62.700,10.952,39.43,11.10,0.00,2,Cruise,254.7855
3682.0,627,62.700,10.952,39.43,11.10,0.00,2,Cruise,254.7902
3683.0,628,62.800,10.952,39.43,11.10,0.00,0,Brake,254.7949
3684.0,628,62.800,10.154,36.55,11.10,0.00,2,Cruise,254.7949
3685.0,628,62.800,10.156,36.56,11.10,0.00,2,Cruise,254.7949
3686.0,628,62.800,10.159,36.57,11.10,0.00,2,Cruise,254.7949
3687.0,628,62.800,10.161,36.58,11.10,0.00,2,Cruise,254.7949
3688.0,628,62.800,10.164,36.59,11.10,0.00,2,Cruise,254.7949
3689.0,628,62.800,10.166,36.60,11.10,0.00,2,Cruise,254.7949
3690.0,628,62.800,10.169,36.61,11.10,0.00,2,Cruise,254.7949
3691.0,628,62.800,10.171,36.62,11.10,0.00,2,Cruise,254.7949
3692.0,629,62.900,10.174,36.63,11.10,0.00,2,Cruise,254.7949
3693.0,629,62.900,10.203,36.73,11.10,0.00,2,Cruise,254.7949
3694.0,629,62.900,10.233,36.84,11.10,0.00,2,Cruise,254.7949
3695.0,629,62.900,10.262,36.94,11.10,0.00,2,Cruise,254.7949
3696.0,629,62.900,10.292,37.05,11.10,0.00,2,Cruise,254.7949
3697.0,629,62.900,10.322,37.16,11.10,0.00,2,Cruise,254.7949
3698.0,629,62.900,10.351,37.26,11.10,0.00,2,Cruise,254.7949
3699.0,629,62.900,10.380,37.37,11.10,0.00,2,Cruise,254.7949
3700.0,629,62.900,10.410,37.48,11.10,0.00,2,Cruise,254.7949
3701.0,629,62.900,10.439,37.58,11.10,0.00,2,Cruise,254.7949
3702.0,630,63.000,10.469,37.69,11.10,0.00,2,Cruise,254.7949
3703.0,630,63.000,10.503,37.81,11.10,0.00,2,Cruise,254.7949
3704.0,630,63.000,10.536,37.93,11.10,0.00,2,Cruise,254.7949
3705.0,630,63.000,10.570,38.05,11.10,0.00,2,Cruise,254.7949
3706.0,630,63.000,10.604,38.17,11.10,0.00,2,Cruise,254.7949
3707.0,630,63.000,10.638,38.30,11.10,0.00,2,Cruise,254.7949
3708.0,630,63.000,10.672,38.42,11.10,0.00,2,Cruise,254.7949
3709.0,630,63.000,10.705,38.54,11.10,0.00,2,Cruise,254.7949
3710.0,630,63.000,10.739,38.66,11.10,0.00,2,Cruise,254.7949
3711.0,630,63.000,10.773,38.78,11.10,0.00,2,Cruise,254.7949
3712.0,631,63.100,10.806,38.90,11.10,0.00,2,Cruise,254.7949
3713.0,631,63.100,10.806,38.90,11.10,0.00,2,Cruise,254.8180
3714.0,631,63.100,10.806,38.90,11.10,0.00,2,Cruise,254.8410
3715.0,631,63.100,10.806,38.90,11.10,0.00,2,Cruise,254.8641
3716.0,631,63.100,10.806,38.90,11.10,0.00,2,Cruise,254.8872
3717.0,631,63.100,10.806,38.90,11.10,0.00,2,Cruise,254.9103
3718.0,631,63.100,10.806,38.90,11.10,0.00,2,Cruise,254.9334
3719.0,631,63.100,10.806,38.90,11.10,0.00,2,Cruise,254.9565
3720.0,631,63.100,10.806,38.90,11.10,0.00,2,Cruise,254.9796
3721.0,632,63.200,10.806,38.90,11.10,0.00,2,Cruise,255.0026
3722.0,632,63.200,10.806,38.90,11.10,0.00,2,Cruise,255.0465
3723.0,632,63.200,10.806,38.90,11.10,0.00,2,Cruise,255.0904
3724.0,632,63.200,10.806,38.90,11.10,0.00,2,Cruise,255.1343
3725.0,632,63.200,10.806,38.90,11.10,0.00,2,Cruise,255.1781
3726.0,632,63.200,10.806,38.90,11.10,0.00,2,Cruise,255.2220
3727.0,632,63.200,10.806,38.90,11.10,0.00,2,Cruise,255.2659
3728.0,632,63.200,10.806,38.90,11.10,0.00,2,Cruise,255.3097
3729.0,632,63.200,10.806,38.90,11.10,0.00,2,Cruise,255.3536
3730.0,633,63.300,10.806,38.90,11.10,0.00,2,Cruise,255.3975
3731.0,633,63.300,10.876,39.15,11.10,0.00,2,Cruise,255.3975
3732.0,633,63.300,10.945,39.40,11.10,0.00,2,Cruise,255.3975
3733.0,633,63.300,11.015,39.65,11.10,0.00,0,Brake,255.3975
3734.0,633,63.300,10.284,37.02,11.10,0.00,2,Cruise,255.3975
3735.0,633,63.300,10.354,37.27,11.10,0.00,2,Cruise,255.3975
3736.0,633,63.300,10.424,37.53,11.10,0.00,2,Cruise,255.3975
3737.0,633,63.300,10.494,37.78,11.10,0.00,2,Cruise,255.3975
3738.0,633,63.300,10.564,38.03,11.10,0.00,2,Cruise,255.3975
3739.0,634,63.400,10.634,38.28,11.10,0.00,2,Cruise,255.3975
3740.0,634,63.400,10.711,38.56,11.10,0.00,2,Cruise,255.3975
3741.0,634,63.400,10.788,38.84,11.10,0.00,2,Cruise,255.3975
3742.0,634,63.400,10.866,39.12,11.10,0.00,2,Cruise,255.3975
3743.0,634,63.400,10.943,39.39,11.10,0.00,0,Brake,255.3975
3744.0,634,63.400,10.220,36.79,11.10,0.00,2,Cruise,255.3975
3745.0,634,63.400,10.298,37.07,11.10,0.00,2,Cruise,255.3975
3746.0,634,63.400,10.376,37.35,11.10,0.00,2,Cruise,255.3975
3747.0,634,63.400,10.453,37.63,11.10,0.00,2,Cruise,255.3975
3748.0,634,63.400,10.531,37.91,11.10,0.00,2,Cruise,255.3975
3749.0,635,63.500,10.609,38.19,11.10,0.00,2,Cruise,255.3975
3750.0,635,63.500,10.655,38.36,11.10,0.00,2,Cruise,255.3975
3751.0,635,63.500,10.700,38.52,11.10,0.00,2,Cruise,255.3975
3752.0,635,63.500,10.746,38.69,11.10,0.00,2,Cruise,255.3975
3753.0,635,63.500,10.792,38.85,11.10,0.00,2,Cruise,255.3975
3754.0,635,63.500,10.838,39.02,11.10,0.00,2,Cruise,255.3975
3755.0,635,63.500,10.883,39.18,11.10,0.00,2,Cruise,255.3975
3756.0,635,63.500,10.929,39.34,11.10,0.00,2,Cruise,255.3975
3757.0,635,63.500,10.975,39.51,11.10,0.00,0,Brake,255.3975
3758.0,636,63.600,10.220,36.79,11.10,0.00,2,Cruise,255.3975
3759.0,636,63.600,10.255,36.92,11.10,0.00,2,Cruise,255.3975
3760.0,636,63.600,10.290,37.04,11.10,0.00,2,Cruise,255.3975
3761.0,636,63.600,10.325,37.17,11.10,0.00,2,Cruise,255.3975
3762.0,636,63.600,10.360,37.30,11.10,0.00,2,Cruise,255.3975
3763.0,636,63.600,10.395,37.42,11.10,0.00,2,Cruise,255.3975
3764.0,636,63.600,10.429,37.55,11.10,0.00,2,Cruise,255.3975
3765.0,636,63.600,10.464,37.67,11.10,0.00,2,Cruise,255.3975
3766.0,636,63.600,10.499,37.80,11.10,0.00,2,Cruise,255.3975
3767.0,636,63.600,10.533,37.92,11.10,0.00,2,Cruise,255.3975
3768.0,637,63.700,10.568,38.05,11.10,0.00,2,Cruise,255.3975
3769.0,637,63.700,10.568,38.05,11.10,0.00,2,Cruise,255.4280
3770.0,637,63.700,10.568,38.05,11.10,0.00,2,Cruise,255.4584
3771.0,637,63.700,10.568,38.05,11.10,0.00,2,Cruise,255.4889
3772.0,637,63.700,10.568,38.05,11.10,0.00,2,Cruise,255.5194
3773.0,637,63.700,10.568,38.05,11.10,0.00,2,Cruise,255.5498
3774.0,637,63.700,10.568,38.05,11.10,0.00,2,Cruise,255.5803
3775.0,637,63.700,10.568,38.05,11.10,0.00,2,Cruise,255.6108
3776.0,637,63.700,10.568,38.05,11.10,0.00,2,Cruise,255.6412
3777.0,638,63.800,10.568,38.05,11.10,0.00,2,Cruise,255.6717
3778.0,638,63.800,10.568,38.05,11.10,0.00,2,Cruise,255.6942
3779.0,638,63.800,10.568,38.05,11.10,0.00,2,Cruise,255.7167
3780.0,638,63.800,10.568,38.05,11.10,0.00,2,Cruise,255.7392
3781.0,638,63.800,10.568,38.05,11.10,0.00,2,Cruise,255.7618
3782.0,638,63.800,10.568,38.05,11.10,0.00,2,Cruise,255.7843
3783.0,638,63.800,10.568,38.05,11.10,0.00,2,Cruise,255.8068
3784.0,638,63.800,10.568,38.05,11.10,0.00,2,Cruise,255.8293
3785.0,638,63.800,10.568,38.05,11.10,0.00,2,Cruise,255.8518
3786.0,638,63.800,10.568,38.05,11.10,0.00,2,Cruise,255.8743
3787.0,639,63.900,10.568,38.05,11.10,0.00,2,Cruise,255.8969
3788.0,639,63.900,10.568,38.05,11.10,0.00,2,Cruise,255.9138
3789.0,639,63.900,10.568,38.05,11.10,0.00,2,Cruise,255.9307
3790.0,639,63.900,10.568,38.05,11.10,0.00,2,Cruise,255.9477
3791.0,639,63.900,10.568,38.05,11.10,0.00,2,Cruise,255.9646
3792.0,639,63.900,10.568,38.05,11.10,0.00,2,Cruise,255.9815
3793.0,639,63.900,10.568,38.05,11.10,0.00,2,Cruise,255.9985
3794.0,639,63.900,10.568,38.05,11.10,0.00,2,Cruise,256.0154
3795.0,639,63.900,10.568,38.05,11.10,0.00,2,Cruise,256.0324
3796.0,640,64.000,10.568,38.05,11.10,0.00,2,Cruise,256.0493
3797.0,640,64.000,10.568,38.05,11.10,0.00,2,Cruise,256.0917
3798.0,640,64.000,10.568,38.05,11.10,0.00,2,Cruise,256.1341
3799.0,640,64.000,10.568,38.05,11.10,0.00,2,Cruise,256.1765
3800.0,640,64.000,10.568,38.05,11.10,0.00,2,Cruise,256.2189
3801.0,640,64.000,10.568,38.05,11.10,0.00,2,Cruise,256.2613
3802.0,640,64.000,10.568,38.05,11.10,0.00,2,Cruise,256.3037
3803.0,640,64.000,10.568,38.05,11.10,0.00,2,Cruise,256.3461
3804.0,640,64.000,10.568,38.05,11.10,0.00,2,Cruise,256.3885
3805.0,640,64.000,10.568,38.05,11.10,0.00,2,Cruise,256.4309
3806.0,641,64.100,10.568,38.05,11.10,0.00,2,Cruise,256.4733
3807.0,641,64.100,10.568,38.05,11.10,0.00,2,Cruise,256.4763
3808.0,641,64.100,10.568,38.05,11.10,0.00,2,Cruise,256.4793
3809.0,641,64.100,10.568,38.05,11.10,0.00,2,Cruise,256.4822
3810.0,641,64.100,10.568,38.05,11.10,0.00,2,Cruise,256.4852
3811.0,641,64.100,10.568,38.05,11.10,0.00,2,Cruise,256.4882
3812.0,641,64.100,10.568,38.05,11.10,0.00,2,Cruise,256.4911
3813.0,641,64.100,10.568,38.05,11.10,0.00,2,Cruise,256.4941
3814.0,641,64.100,10.568,38.05,11.10,0.00,2,Cruise,256.4971
3815.0,642,64.200,10.568,38.05,11.10,0.00,2,Cruise,256.5000
3816.0,642,64.200,10.576,38.07,11.10,0.00,2,Cruise,256.5000
3817.0,642,64.200,10.584,38.10,11.10,0.00,2,Cruise,256.5000
3818.0,642,64.200,10.592,38.13,11.10,0.00,2,Cruise,256.5000
3819.0,642,64.200,10.600,38.16,11.10,0.00,2,Cruise,256.5000
3820.0,642,64.200,10.608,38.19,11.10,0.00,2,Cruise,256.5000
3821.0,642,64.200,10.617,38.22,11.10,0.00,2,Cruise,256.5000
3822.0,642,64.200,10.625,38.25,11.10,0.00,2,Cruise,256.5000
3823.0,642,64.200,10.633,38.28,11.10,0.00,2,Cruise,256.5000
3824.0,642,64.200,10.641,38.31,11.10,0.00,2,Cruise,256.5000
3825.0,643,64.300,10.649,38.34,11.10,0.00,0,Brake,256.5000
3826.0,643,64.300,10.092,36.33,11.10,0.00,2,Cruise,256.5000
3827.0,643,64.300,10.336,37.21,11.10,0.00,2,Cruise,256.5000
3828.0,643,64.300,10.579,38.08,11.10,0.00,0,Brake,256.5000
3829.0,643,64.300,10.022,36.08,11.10,0.00,2,Cruise,256.5000
3830.0,643,64.300,10.266,36.96,11.10,0.00,2,Cruise,256.5000
3831.0,643,64.300,10.510,37.84,11.10,0.00,0,Brake,256.5000
3832.0,643,64.300,9.953,35.83,11.10,0.00,2,Cruise,256.5000
3833.0,643,64.300,10.197,36.71,11.10,0.00,2,Cruise,256.5000
3834.0,644,64.400,10.441,37.59,11.10,0.00,1,Coast,256.5000
3835.0,644,64.400,10.139,36.50,11.10,0.00,1,Coast,256.5000
3836.0,644,64.400,9.838,35.42,11.10,0.00,1,Coast,256.5000
3837.0,644,64.400,9.537,34.33,11.10,0.00,1,Coast,256.5000
3838.0,644,64.400,9.237,33.25,11.10,0.00,3,Power,256.5000
3839.0,644,64.400,9.837,35.41,11.10,0.00,1,Coast,257.5440
3840.0,644,64.400,9.536,34.33,11.10,0.00,1,Coast,257.5440
3841.0,644,64.400,9.235,33.25,11.10,0.00,3,Power,257.5440
3842.0,644,64.400,9.835,35.41,11.10,0.00,1,Coast,258.5880
3843.0,644,64.400,9.535,34.32,11.10,0.00,1,Coast,258.5880
3844.0,644,64.400,9.234,33.24,11.10,0.00,3,Power,258.5880
3845.0,645,64.500,9.834,35.40,11.10,0.00,2,Cruise,259.6319
3846.0,645,64.500,9.834,35.40,11.10,0.00,2,Cruise,259.6325
3847.0,645,64.500,9.834,35.40,11.10,0.00,2,Cruise,259.6331
3848.0,645,64.500,9.834,35.40,11.10,0.00,2,Cruise,259.6336
3849.0,645,64.500,9.834,35.40,11.10,0.00,2,Cruise,259.6342
3850.0,645,64.500,9.834,35.40,11.10,0.00,2,Cruise,259.6348
3851.0,645,64.500,9.834,35.40,11.10,0.00,2,Cruise,259.6353
3852.0,645,64.500,9.834,35.40,11.10,0.00,2,Cruise,259.6359
3853.0,645,64.500,9.834,35.40,11.10,0.00,2,Cruise,259.6365
3854.0,645,64.500,9.834,35.40,11.10,0.00,2,Cruise,259.6371
3855.0,646,64.600,9.834,35.40,1.00,0.00,0,Brake,259.6376
3856.0,646,64.600,9.044,32.56,1.00,0.00,0,Brake,259.6376
3857.0,646,64.600,8.255,29.72,1.00,0.00,0,Brake,259.6376
3858.0,646,64.600,7.466,26.88,1.00,0.00,0,Brake,259.6376
3859.0,646,64.600,6.678,24.04,1.00,0.00,0,Brake,259.6376
3860.0,646,64.600,5.890,21.20,1.00,0.00,0,Brake,259.6376
3861.0,646,64.600,5.103,18.37,1.00,0.00,0,Brake,259.6376
3862.0,646,64.600,4.317,15.54,1.00,0.00,0,Brake,259.6376
3863.0,646,64.600,3.531,12.71,1.00,0.00,0,Brake,259.6376
3864.0,646,64.600,2.746,9.88,1.00,0.00,0,Brake,259.6376
3865.0,646,64.600,1.961,7.06,1.00,0.00,0,Brake,259.6376
3866.0,646,64.600,1.176,4.23,1.00,0.00,2,Cruise,259.6376
3867.0,646,64.600,1.192,4.29,1.00,0.00,2,Cruise,259.6376
3868.0,646,64.600,1.207,4.35,1.00,0.00,2,Cruise,259.6376
3869.0,646,64.600,1.223,4.40,1.00,0.00,2,Cruise,259.6376
3870.0,646,64.600,1.239,4.46,1.00,0.00,2,Cruise,259.6376
3871.0,646,64.600,1.254,4.52,1.00,0.00,2,Cruise,259.6376
3872.0,646,64.600,1.270,4.57,1.00,0.00,2,Cruise,259.6376
3873.0,646,64.600,1.286,4.63,1.00,0.00,2,Cruise,259.6376
3874.0,646,64.600,1.301,4.68,1.00,0.00,0,Brake,259.6376
3875.0,646,64.600,0.517,1.86,1.00,0.00,2,Cruise,259.6376
3876.0,646,64.600,0.533,1.92,1.00,0.00,2,Cruise,259.6376
3877.0,646,64.600,0.549,1.98,1.00,0.00,2,Cruise,259.6376
3878.0,646,64.600,0.565,2.03,1.00,0.00,2,Cruise,259.6376
3879.0,646,64.600,0.581,2.09,1.00,0.00,2,Cruise,259.6376
3880.0,646,64.600,0.597,2.15,1.00,0.00,2,Cruise,259.6376
3881.0,646,64.600,0.613,2.21,1.00,0.00,2,Cruise,259.6376
3882.0,646,64.600,0.629,2.26,1.00,0.00,2,Cruise,259.6376
3883.0,646,64.600,0.645,2.32,1.00,0.00,2,Cruise,259.6376
3884.0,646,64.600,0.660,2.38,1.00,0.00,2,Cruise,259.6376
3885.0,646,64.600,0.676,2.44,1.00,0.00,2,Cruise,259.6376
3886.0,646,64.600,0.692,2.49,1.00,0.00,2,Cruise,259.6376
3887.0,646,64.600,0.708,2.55,1.00,0.00,2,Cruise,259.6376
3888.0,646,64.600,0.724,2.61,1.00,0.00,2,Cruise,259.6376
3889.0,646,64.600,0.740,2.66,1.00,0.00,2,Cruise,259.6376
3890.0,646,64.600,0.756,2.72,1.00,0.00,2,Cruise,259.6376
3891.0,646,64.600,0.772,2.78,1.00,0.00,2,Cruise,259.6376
3892.0,646,64.600,0.788,2.84,1.00,0.00,2,Cruise,259.6376
3893.0,646,64.600,0.803,2.89,1.00,0.00,2,Cruise,259.6376
3894.0,646,64.600,0.819,2.95,1.00,0.00,2,Cruise,259.6376
3895.0,646,64.600,0.835,3.01,1.00,0.00,2,Cruise,259.6376
3896.0,646,64.600,0.851,3.06,1.00,0.00,2,Cruise,259.6376
3897.0,646,64.600,0.867,3.12,1.00,0.00,2,Cruise,259.6376
3898.0,646,64.600,0.883,3.18,1.00,0.00,2,Cruise,259.6376
3899.0,646,64.600,0.899,3.23,1.00,0.00,2,Cruise,259.6376
3900.0,646,64.600,0.914,3.29,1.00,0.00,2,Cruise,259.6376
3901.0,646,64.600,0.930,3.35,1.00,0.00,2,Cruise,259.6376
3902.0,646,64.600,0.946,3.41,1.00,0.00,2,Cruise,259.6376
3903.0,646,64.600,0.962,3.46,1.00,0.00,2,Cruise,259.6376
3904.0,646,64.600,0.978,3.52,1.00,0.00,2,Cruise,259.6376
3905.0,647,64.700,0.993,3.58,11.10,0.00,3,Power,259.6376
3906.0,647,64.700,1.593,5.74,11.10,0.00,3,Power,260.0854
3907.0,647,64.700,2.193,7.90,11.10,0.00,3,Power,260.7410
3908.0,647,64.700,2.793,10.06,11.10,0.00,3,Power,261.6043
3909.0,647,64.700,3.393,12.22,11.10,0.00,3,Power,262.6753
3910.0,647,64.700,3.993,14.38,11.10,0.00,3,Power,263.7758
3911.0,647,64.700,4.593,16.54,11.10,0.00,3,Power,264.8629
3912.0,647,64.700,5.193,18.70,11.10,0.00,3,Power,265.9400
3913.0,647,64.700,5.793,20.86,11.10,0.00,3,Power,267.0096
3914.0,647,64.700,6.393,23.02,11.10,0.00,3,Power,268.0730
3915.0,647,64.700,6.993,25.18,11.10,0.00,3,Power,269.1316
3916.0,647,64.700,7.593,27.34,11.10,0.00,3,Power,270.1861
3917.0,647,64.700,8.193,29.50,11.10,0.00,3,Power,271.2371
3918.0,647,64.700,8.793,31.66,11.10,0.00,3,Power,272.2853
3919.0,647,64.700,9.393,33.82,11.10,0.00,2,Cruise,273.3309
3920.0,647,64.700,9.576,34.47,11.10,0.00,2,Cruise,273.3309
3921.0,647,64.700,9.758,35.13,11.10,0.00,2,Cruise,273.3309
3922.0,648,64.800,9.939,35.78,11.10,0.00,2,Cruise,273.3309
3923.0,648,64.800,10.019,36.07,11.10,0.00,2,Cruise,273.3309
3924.0,648,64.800,10.099,36.36,11.10,0.00,2,Cruise,273.3309
3925.0,648,64.800,10.178,36.64,11.10,0.00,2,Cruise,273.3309
3926.0,648,64.800,10.258,36.93,11.10,0.00,2,Cruise,273.3309
3927.0,648,64.800,10.337,37.21,11.10,0.00,2,Cruise,273.3309
3928.0,648,64.800,10.417,37.50,11.10,0.00,2,Cruise,273.3309
3929.0,648,64.800,10.496,37.79,11.10,0.00,2,Cruise,273.3309
3930.0,648,64.800,10.575,38.07,11.10,0.00,2,Cruise,273.3309
3931.0,648,64.800,10.655,38.36,11.10,0.00,2,Cruise,273.3309
3932.0,649,64.900,10.734,38.64,11.10,0.00,2,Cruise,273.3309
3933.0,649,64.900,10.734,38.64,11.10,0.00,2,Cruise,273.6568
3934.0,649,64.900,10.734,38.64,11.10,0.00,2,Cruise,273.9827
3935.0,649,64.900,10.734,38.64,11.10,0.00,2,Cruise,274.3086
3936.0,649,64.900,10.734,38.64,11.10,0.00,2,Cruise,274.6345
3937.0,649,64.900,10.734,38.64,11.10,0.00,2,Cruise,274.9605
3938.0,649,64.900,10.734,38.64,11.10,0.00,2,Cruise,275.2864
3939.0,649,64.900,10.734,38.64,11.10,0.00,2,Cruise,275.6123
3940.0,649,64.900,10.734,38.64,11.10,0.00,2,Cruise,275.9382
3941.0,650,65.000,10.734,38.64,11.10,0.00,2,Cruise,276.2641
3942.0,650,65.000,10.759,38.73,11.10,0.00,2,Cruise,276.2641
3943.0,650,65.000,10.785,38.82,11.10,0.00,2,Cruise,276.2641
3944.0,650,65.000,10.810,38.92,11.10,0.00,2,Cruise,276.2641
3945.0,650,65.000,10.836,39.01,11.10,0.00,2,Cruise,276.2641
3946.0,650,65.000,10.861,39.10,11.10,0.00,2,Cruise,276.2641
3947.0,650,65.000,10.887,39.19,11.10,0.00,2,Cruise,276.2641
3948.0,650,65.000,10.912,39.28,11.10,0.00,2,Cruise,276.2641
3949.0,650,65.000,10.937,39.37,11.10,0.00,2,Cruise,276.2641
3950.0,651,65.100,10.963,39.47,11.10,0.00,2,Cruise,276.2641
3951.0,651,65.100,11.030,39.71,11.10,0.00,2,Cruise,276.2641
3952.0,651,65.100,11.097,39.95,11.10,0.00,0,Brake,276.2641
3953.0,651,65.100,10.365,37.31,11.10,0.00,2,Cruise,276.2641
3954.0,651,65.100,10.432,37.56,11.10,0.00,2,Cruise,276.2641
3955.0,651,65.100,10.500,37.80,11.10,0.00,2,Cruise,276.2641
3956.0,651,65.100,10.568,38.04,11.10,0.00,2,Cruise,276.2641
3957.0,651,65.100,10.636,38.29,11.10,0.00,2,Cruise,276.2641
3958.0,651,65.100,10.703,38.53,11.10,0.00,2,Cruise,276.2641
3959.0,651,65.100,10.771,38.78,11.10,0.00,2,Cruise,276.2641
3960.0,652,65.200,10.838,39.02,11.10,0.00,2,Cruise,276.2641
3961.0,652,65.200,10.845,39.04,11.10,0.00,2,Cruise,276.2641
3962.0,652,65.200,10.851,39.06,11.10,0.00,2,Cruise,276.2641
3963.0,652,65.200,10.857,39.09,11.10,0.00,2,Cruise,276.2641
3964.0,652,65.200,10.864,39.11,11.10,0.00,2,Cruise,276.2641
3965.0,652,65.200,10.870,39.13,11.10,0.00,2,Cruise,276.2641
3966.0,652,65.200,10.876,39.15,11.10,0.00,2,Cruise,276.2641
3967.0,652,65.200,10.882,39.18,11.10,0.00,2,Cruise,276.2641
3968.0,652,65.200,10.889,39.20,11.10,0.00,2,Cruise,276.2641
3969.0,653,65.300,10.895,39.22,11.10,0.00,2,Cruise,276.2641
3970.0,653,65.300,10.983,39.54,11.10,0.00,2,Cruise,276.2641
3971.0,653,65.300,11.071,39.85,11.10,0.00,0,Brake,276.2641
3972.0,653,65.300,10.358,37.29,11.10,0.00,2,Cruise,276.2641
3973.0,653,65.300,10.447,37.61,11.10,0.00,2,Cruise,276.2641
3974.0,653,65.300,10.535,37.93,11.10,0.00,2,Cruise,276.2641
3975.0,653,65.300,10.623,38.24,11.10,0.00,2,Cruise,276.2641
3976.0,653,65.300,10.712,38.56,11.10,0.00,2,Cruise,276.2641
3977.0,653,65.300,10.800,38.88,11.10,0.00,2,Cruise,276.2641
3978.0,654,65.400,10.888,39.20,11.10,0.00,2,Cruise,276.2641
3979.0,654,65.400,11.000,39.60,11.10,0.00,0,Brake,276.2641
3980.0,654,65.400,10.312,37.12,11.10,0.00,2,Cruise,276.2641
3981.0,654,65.400,10.425,37.53,11.10,0.00,2,Cruise,276.2641
3982.0,654,65.400,10.538,37.94,11.10,0.00,2,Cruise,276.2641
3983.0,654,65.400,10.651,38.34,11.10,0.00,2,Cruise,276.2641
3984.0,654,65.400,10.764,38.75,11.10,0.00,2,Cruise,276.2641
3985.0,654,65.400,10.876,39.15,11.10,0.00,2,Cruise,276.2641
3986.0,654,65.400,10.989,39.56,11.10,0.00,0,Brake,276.2641
3987.0,654,65.400,10.301,37.08,11.10,0.00,2,Cruise,276.2641
3988.0,655,65.500,10.414,37.49,11.10,0.00,2,Cruise,276.2641
3989.0,655,65.500,10.414,37.49,11.10,0.00,2,Cruise,276.2922
3990.0,655,65.500,10.414,37.49,11.10,0.00,2,Cruise,276.3202
3991.0,655,65.500,10.414,37.49,11.10,0.00,2,Cruise,276.3483
3992.0,655,65.500,10.414,37.49,11.10,0.00,2,Cruise,276.3763
3993.0,655,65.500,10.414,37.49,11.10,0.00,2,Cruise,276.4044
3994.0,655,65.500,10.414,37.49,11.10,0.00,2,Cruise,276.4324
3995.0,655,65.500,10.414,37.49,11.10,0.00,2,Cruise,276.4604
3996.0,655,65.500,10.414,37.49,11.10,0.00,2,Cruise,276.4885
3997.0,656,65.600,10.414,37.49,11.10,0.00,2,Cruise,276.5165
3998.0,656,65.600,10.480,37.73,11.10,0.00,2,Cruise,276.5165
3999.0,656,65.600,10.545,37.96,11.10,0.00,2,Cruise,276.5165
4000.0,656,65.600,10.610,38.20,11.10,0.00,2,Cruise,276.5165
4001.0,656,65.600,10.675,38.43,11.10,0.00,2,Cruise,276.5165
4002.0,656,65.600,10.740,38.67,11.10,0.00,2,Cruise,276.5165
4003.0,656,65.600,10.805,38.90,11.10,0.00,2,Cruise,276.5165
4004.0,656,65.600,10.870,39.13,11.10,0.00,2,Cruise,276.5165
4005.0,656,65.600,10.935,39.37,11.10,0.00,2,Cruise,276.5165
4006.0,656,65.600,11.000,39.60,11.10,0.00,2,Cruise,276.5165
4007.0,657,65.700,11.065,39.83,11.10,0.00,2,Cruise,276.5165
4008.0,657,65.700,11.095,39.94,11.10,0.00,2,Cruise,276.5165
4009.0,657,65.700,11.126,40.05,11.10,0.03,2,Cruise,276.5165
4010.0,657,65.700,11.156,40.16,11.10,0.06,2,Cruise,276.5165
4011.0,657,65.700,11.186,40.27,11.10,0.09,0,Brake,276.5165
4012.0,657,65.700,10.417,37.50,11.10,0.00,2,Cruise,276.5165
4013.0,657,65.700,10.448,37.61,11.10,0.00,2,Cruise,276.5165
4014.0,657,65.700,10.479,37.72,11.10,0.00,2,Cruise,276.5165
4015.0,657,65.700,10.510,37.83,11.10,0.00,2,Cruise,276.5165
4016.0,658,65.800,10.541,37.95,11.10,0.00,2,Cruise,276.5165
4017.0,658,65.800,10.563,38.03,11.10,0.00,2,Cruise,276.5165
4018.0,658,65.800,10.586,38.11,11.10,0.00,2,Cruise,276.5165
4019.0,658,65.800,10.609,38.19,11.10,0.00,2,Cruise,276.5165
4020.0,658,65.800,10.632,38.27,11.10,0.00,2,Cruise,276.5165
4021.0,658,65.800,10.654,38.36,11.10,0.00,2,Cruise,276.5165
4022.0,658,65.800,10.677,38.44,11.10,0.00,2,Cruise,276.5165
4023.0,658,65.800,10.700,38.52,11.10,0.00,2,Cruise,276.5165
4024.0,658,65.800,10.722,38.60,11.10,0.00,2,Cruise,276.5165
4025.0,659,65.900,10.745,38.68,11.10,0.00,2,Cruise,276.5165
4026.0,659,65.900,10.767,38.76,11.10,0.00,2,Cruise,276.5165
4027.0,659,65.900,10.790,38.84,11.10,0.00,2,Cruise,276.5165
4028.0,659,65.900,10.812,38.92,11.10,0.00,2,Cruise,276.5165
4029.0,659,65.900,10.835,39.00,11.10,0.00,2,Cruise,276.5165
4030.0,659,65.900,10.857,39.08,11.10,0.00,2,Cruise,276.5165
4031.0,659,65.900,10.879,39.17,11.10,0.00,2,Cruise,276.5165
4032.0,659,65.900,10.902,39.25,11.10,0.00,2,Cruise,276.5165
4033.0,659,65.900,10.924,39.33,11.10,0.00,2,Cruise,276.5165
4034.0,659,65.900,10.946,39.41,11.10,0.00,2,Cruise,276.5165
4035.0,660,66.000,10.968,39.49,11.10,0.00,2,Cruise,276.5165
4036.0,660,66.000,11.008,39.63,11.10,0.00,2,Cruise,276.5165
4037.0,660,66.000,11.048,39.77,11.10,0.00,2,Cruise,276.5165
4038.0,660,66.000,11.088,39.92,11.10,0.00,2,Cruise,276.5165
4039.0,660,66.000,11.127,40.06,11.10,0.03,2,Cruise,276.5165
4040.0,660,66.000,11.167,40.20,11.10,0.07,2,Cruise,276.5165
4041.0,660,66.000,11.207,40.34,11.10,0.11,0,Brake,276.5165
4042.0,660,66.000,10.446,37.61,11.10,0.00,2,Cruise,276.5165
4043.0,660,66.000,10.487,37.75,11.10,0.00,2,Cruise,276.5165
4044.0,661,66.100,10.527,37.90,11.10,0.00,2,Cruise,276.5165
4045.0,661,66.100,10.546,37.97,11.10,0.00,2,Cruise,276.5165
4046.0,661,66.100,10.566,38.04,11.10,0.00,2,Cruise,276.5165
4047.0,661,66.100,10.586,38.11,11.10,0.00,2,Cruise,276.5165
4048.0,661,66.100,10.605,38.18,11.10,0.00,2,Cruise,276.5165
4049.0,661,66.100,10.625,38.25,11.10,0.00,2,Cruise,276.5165
4050.0,661,66.100,10.644,38.32,11.10,0.00,2,Cruise,276.5165
4051.0,661,66.100,10.664,38.39,11.10,0.00,2,Cruise,276.5165
4052.0,661,66.100,10.683,38.46,11.10,0.00,2,Cruise,276.5165
4053.0,662,66.200,10.703,38.53,11.10,0.00,2,Cruise,276.5165
4054.0,662,66.200,10.834,39.00,11.10,0.00,2,Cruise,276.5165
4055.0,662,66.200,10.965,39.47,11.10,0.00,2,Cruise,276.5165
4056.0,662,66.200,11.095,39.94,11.10,0.00,0,Brake,276.5165
4057.0,662,66.200,10.426,37.53,11.10,0.00,2,Cruise,276.5165
4058.0,662,66.200,10.557,38.00,11.10,0.00,2,Cruise,276.5165
4059.0,662,66.200,10.688,38.48,11.10,0.00,2,Cruise,276.5165
4060.0,662,66.200,10.819,38.95,11.10,0.00,2,Cruise,276.5165
4061.0,662,66.200,10.950,39.42,11.10,0.00,2,Cruise,276.5165
4062.0,663,66.300,11.080,39.89,11.10,0.00,0,Brake,276.5165
4063.0,663,66.300,10.708,38.55,11.10,0.00,0,Brake,276.5165
4064.0,663,66.300,10.337,37.21,11.10,0.00,2,Cruise,276.5165
4065.0,663,66.300,10.766,38.76,11.10,0.00,0,Brake,276.5165
4066.0,663,66.300,10.394,37.42,11.10,0.00,2,Cruise,276.5165
4067.0,663,66.300,10.823,38.96,11.10,0.00,0,Brake,276.5165
4068.0,663,66.300,10.451,37.62,11.10,0.00,2,Cruise,276.5165
4069.0,663,66.300,10.880,39.17,11.10,0.00,0,Brake,276.5165
4070.0,663,66.300,10.508,37.83,11.10,0.00,2,Cruise,276.5165
4071.0,663,66.300,10.937,39.37,11.10,0.00,0,Brake,276.5165
4072.0,664,66.400,10.565,38.03,11.10,0.00,1,Coast,276.5165
4073.0,664,66.400,10.256,36.92,11.10,0.00,1,Coast,276.5165
4074.0,664,66.400,9.946,35.81,11.10,0.00,3,Power,276.5165
4075.0,664,66.400,10.501,37.80,11.10,0.00,1,Coast,277.5559
4076.0,664,66.400,10.192,36.69,11.10,0.00,1,Coast,277.5559
4077.0,664,66.400,9.883,35.58,11.10,0.00,3,Power,277.5559
4078.0,664,66.400,10.443,37.60,11.10,0.00,1,Coast,278.5957
4079.0,664,66.400,10.134,36.48,11.10,0.00,1,Coast,278.5957
4080.0,664,66.400,9.825,35.37,11.10,0.00,3,Power,278.5957
4081.0,664,66.400,10.391,37.41,11.10,0.00,1,Coast,279.6359
4082.0,665,66.500,10.081,36.29,11.10,0.00,3,Power,279.6359
4083.0,665,66.500,10.681,38.45,11.10,0.00,2,Cruise,280.3687
4084.0,665,66.500,10.765,38.75,11.10,0.00,2,Cruise,280.3687
4085.0,665,66.500,10.848,39.05,11.10,0.00,2,Cruise,280.3687
4086.0,665,66.500,10.931,39.35,11.10,0.00,0,Brake,280.3687
4087.0,665,66.500,10.214,36.77,11.10,0.00,2,Cruise,280.3687
4088.0,665,66.500,10.298,37.07,11.10,0.00,2,Cruise,280.3687
4089.0,665,66.500,10.382,37.37,11.10,0.00,2,Cruise,280.3687
4090.0,665,66.500,10.465,37.68,11.10,0.00,2,Cruise,280.3687
4091.0,666,66.600,10.549,37.98,11.10,0.00,2,Cruise,280.3687
4092.0,666,66.600,10.616,38.22,11.10,0.00,2,Cruise,280.3687
4093.0,666,66.600,10.682,38.46,11.10,0.00,2,Cruise,280.3687
4094.0,666,66.600,10.749,38.69,11.10,0.00,2,Cruise,280.3687
4095.0,666,66.600,10.815,38.93,11.10,0.00,2,Cruise,280.3687
4096.0,666,66.600,10.881,39.17,11.10,0.00,2,Cruise,280.3687
4097.0,666,66.600,10.947,39.41,11.10,0.00,2,Cruise,280.3687
4098.0,666,66.600,11.014,39.65,11.10,0.00,0,Brake,280.3687
4099.0,666,66.600,10.280,37.01,11.10,0.00,2,Cruise,280.3687
4100.0,667,66.700,10.346,37.25,11.10,0.00,2,Cruise,280.3687
4101.0,667,66.700,10.384,37.38,11.10,0.00,2,Cruise,280.3687
4102.0,667,66.700,10.422,37.52,11.10,0.00,2,Cruise,280.3687
4103.0,667,66.700,10.460,37.66,11.10,0.00,2,Cruise,280.3687
4104.0,667,66.700,10.498,37.79,11.10,0.00,2,Cruise,280.3687
4105.0,667,66.700,10.535,37.93,11.10,0.00,2,Cruise,280.3687
4106.0,667,66.700,10.573,38.06,11.10,0.00,2,Cruise,280.3687
4107.0,667,66.700,10.610,38.20,11.10,0.00,2,Cruise,280.3687
4108.0,667,66.700,10.648,38.33,11.10,0.00,2,Cruise,280.3687
4109.0,667,66.700,10.686,38.47,11.10,0.00,2,Cruise,280.3687
4110.0,668,66.800,10.723,38.60,11.10,0.00,2,Cruise,280.3687
4111.0,668,66.800,10.747,38.69,11.10,0.00,2,Cruise,280.3687
4112.0,668,66.800,10.771,38.78,11.10,0.00,2,Cruise,280.3687
4113.0,668,66.800,10.796,38.86,11.10,0.00,2,Cruise,280.3687
4114.0,668,66.800,10.820,38.95,11.10,0.00,2,Cruise,280.3687
4115.0,668,66.800,10.844,39.04,11.10,0.00,2,Cruise,280.3687
4116.0,668,66.800,10.868,39.12,11.10,0.00,2,Cruise,280.3687
4117.0,668,66.800,10.892,39.21,11.10,0.00,2,Cruise,280.3687
4118.0,668,66.800,10.916,39.30,11.10,0.00,2,Cruise,280.3687
4119.0,669,66.900,10.940,39.38,11.10,0.00,2,Cruise,280.3687
4120.0,669,66.900,10.941,39.39,11.10,0.00,2,Cruise,280.3687
4121.0,669,66.900,10.941,39.39,11.10,0.00,2,Cruise,280.3687
4122.0,669,66.900,10.942,39.39,11.10,0.00,2,Cruise,280.3687
4123.0,669,66.900,10.943,39.39,11.10,0.00,2,Cruise,280.3687
4124.0,669,66.900,10.944,39.40,11.10,0.00,2,Cruise,280.3687
4125.0,669,66.900,10.944,39.40,11.10,0.00,2,Cruise,280.3687
4126.0,669,66.900,10.945,39.40,11.10,0.00,2,Cruise,280.3687
4127.0,669,66.900,10.946,39.40,11.10,0.00,2,Cruise,280.3687
4128.0,670,67.000,10.947,39.41,11.10,0.00,0,Brake,280.3687
4129.0,670,67.000,10.229,36.83,11.10,0.00,2,Cruise,280.3687
4130.0,670,67.000,10.313,37.13,11.10,0.00,2,Cruise,280.3687
4131.0,670,67.000,10.396,37.43,11.10,0.00,2,Cruise,280.3687
4132.0,670,67.000,10.480,37.73,11.10,0.00,2,Cruise,280.3687
4133.0,670,67.000,10.563,38.03,11.10,0.00,2,Cruise,280.3687
4134.0,670,67.000,10.646,38.33,11.10,0.00,2,Cruise,280.3687
4135.0,670,67.000,10.729,38.63,11.10,0.00,2,Cruise,280.3687
4136.0,670,67.000,10.813,38.93,11.10,0.00,2,Cruise,280.3687
4137.0,670,67.000,10.895,39.22,11.10,0.00,0,Brake,280.3687
4138.0,671,67.100,10.178,36.64,11.10,0.00,1,Coast,280.3687
4139.0,671,67.100,10.172,36.62,11.10,0.00,1,Coast,280.3687
4140.0,671,67.100,10.166,36.60,11.10,0.00,1,Coast,280.3687
4141.0,671,67.100,10.159,36.57,11.10,0.00,1,Coast,280.3687
4142.0,671,67.100,10.153,36.55,11.10,0.00,1,Coast,280.3687
4143.0,671,67.100,10.147,36.53,11.10,0.00,1,Coast,280.3687
4144.0,671,67.100,10.140,36.51,11.10,0.00,1,Coast,280.3687
4145.0,671,67.100,10.134,36.48,11.10,0.00,1,Coast,280.3687
4146.0,671,67.100,10.128,36.46,11.10,0.00,1,Coast,280.3687
4147.0,671,67.100,10.121,36.44,11.10,0.00,1,Coast,280.3687
4148.0,672,67.200,10.115,36.41,11.10,0.00,3,Power,280.3687
4149.0,672,67.200,10.715,38.57,11.10,0.00,1,Coast,281.1039
4150.0,672,67.200,10.726,38.62,11.10,0.00,1,Coast,281.1039
4151.0,672,67.200,10.738,38.66,11.10,0.00,1,Coast,281.1039
4152.0,672,67.200,10.749,38.70,11.10,0.00,1,Coast,281.1039
4153.0,672,67.200,10.760,38.74,11.10,0.00,1,Coast,281.1039
4154.0,672,67.200,10.772,38.78,11.10,0.00,1,Coast,281.1039
4155.0,672,67.200,10.783,38.82,11.10,0.00,1,Coast,281.1039
4156.0,672,67.200,10.794,38.86,11.10,0.00,1,Coast,281.1039
4157.0,673,67.300,10.806,38.90,11.10,0.00,2,Cruise,281.1039
4158.0,673,67.300,10.881,39.17,11.10,0.00,0,Brake,281.1039
4159.0,673,67.300,10.156,36.56,11.10,0.00,2,Cruise,281.1039
4160.0,673,67.300,10.232,36.83,11.10,0.00,2,Cruise,281.1039
4161.0,673,67.300,10.307,37.11,11.10,0.00,2,Cruise,281.1039
4162.0,673,67.300,10.383,37.38,11.10,0.00,2,Cruise,281.1039
4163.0,673,67.300,10.458,37.65,11.10,0.00,2,Cruise,281.1039
4164.0,673,67.300,10.534,37.92,11.10,0.00,2,Cruise,281.1039
4165.0,673,67.300,10.609,38.19,11.10,0.00,2,Cruise,281.1039
4166.0,674,67.400,10.684,38.46,11.10,0.00,2,Cruise,281.1039
4167.0,674,67.400,10.708,38.55,11.10,0.00,2,Cruise,281.1039
4168.0,674,67.400,10.732,38.64,11.10,0.00,2,Cruise,281.1039
4169.0,674,67.400,10.756,38.72,11.10,0.00,2,Cruise,281.1039
4170.0,674,67.400,10.781,38.81,11.10,0.00,2,Cruise,281.1039
4171.0,674,67.400,10.805,38.90,11.10,0.00,2,Cruise,281.1039
4172.0,674,67.400,10.828,38.98,11.10,0.00,2,Cruise,281.1039
4173.0,674,67.400,10.852,39.07,11.10,0.00,2,Cruise,281.1039
4174.0,674,67.400,10.876,39.15,11.10,0.00,2,Cruise,281.1039
4175.0,674,67.400,10.900,39.24,11.10,0.00,2,Cruise,281.1039
4176.0,675,67.500,10.924,39.33,11.10,0.00,0,Brake,281.1039
4177.0,675,67.500,10.215,36.78,11.10,0.00,2,Cruise,281.1039
4178.0,675,67.500,10.307,37.11,11.10,0.00,2,Cruise,281.1039
4179.0,675,67.500,10.399,37.44,11.10,0.00,2,Cruise,281.1039
4180.0,675,67.500,10.491,37.77,11.10,0.00,2,Cruise,281.1039
4181.0,675,67.500,10.582,38.10,11.10,0.00,2,Cruise,281.1039
4182.0,675,67.500,10.674,38.43,11.10,0.00,2,Cruise,281.1039
4183.0,675,67.500,10.765,38.76,11.10,0.00,2,Cruise,281.1039
4184.0,675,67.500,10.857,39.08,11.10,0.00,0,Brake,281.1039
4185.0,676,67.600,10.148,36.53,11.10,0.00,2,Cruise,281.1039
4186.0,676,67.600,10.284,37.02,11.10,0.00,2,Cruise,281.1039
4187.0,676,67.600,10.420,37.51,11.10,0.00,2,Cruise,281.1039
4188.0,676,67.600,10.556,38.00,11.10,0.00,2,Cruise,281.1039
4189.0,676,67.600,10.692,38.49,11.10,0.00,2,Cruise,281.1039
4190.0,676,67.600,10.828,38.98,11.10,0.00,0,Brake,281.1039
4191.0,676,67.600,10.164,36.59,11.10,0.00,2,Cruise,281.1039
4192.0,676,67.600,10.300,37.08,11.10,0.00,2,Cruise,281.1039
4193.0,676,67.600,10.436,37.57,11.10,0.00,2,Cruise,281.1039
4194.0,676,67.600,10.572,38.06,11.10,0.00,2,Cruise,281.1039
4195.0,677,67.700,10.708,38.55,11.10,0.00,1,Coast,281.1039
4196.0,677,67.700,10.543,37.96,11.10,0.00,1,Coast,281.1039
4197.0,677,67.700,10.379,37.36,11.10,0.00,1,Coast,281.1039
4198.0,677,67.700,10.215,36.77,11.10,0.00,1,Coast,281.1039
4199.0,677,67.700,10.051,36.18,11.10,0.00,1,Coast,281.1039
4200.0,677,67.700,9.887,35.59,11.10,0.00,1,Coast,281.1039
4201.0,677,67.700,9.723,35.00,11.10,0.00,1,Coast,281.1039
4202.0,677,67.700,9.560,34.41,11.10,0.00,3,Power,281.1039
4203.0,677,67.700,10.160,36.57,11.10,0.00,1,Coast,282.1467
4204.0,677,67.700,9.996,35.98,11.10,0.00,1,Coast,282.1467
4205.0,678,67.800,9.832,35.39,11.10,0.00,2,Cruise,282.1467
4206.0,678,67.800,10.090,36.32,11.10,0.00,2,Cruise,282.1467
4207.0,678,67.800,10.348,37.25,11.10,0.00,0,Brake,282.1467
4208.0,678,67.800,9.806,35.30,11.10,0.00,2,Cruise,282.1467
4209.0,678,67.800,10.065,36.23,11.10,0.00,2,Cruise,282.1467
4210.0,678,67.800,10.323,37.16,11.10,0.00,2,Cruise,282.1467
4211.0,678,67.800,10.581,38.09,11.10,0.00,0,Brake,282.1467
4212.0,678,67.800,10.039,36.14,11.10,0.00,2,Cruise,282.1467
4213.0,678,67.800,10.297,37.07,11.10,0.00,2,Cruise,282.1467
4214.0,679,67.900,10.555,38.00,19.40,0.00,3,Power,282.1467
4215.0,679,67.900,11.155,40.16,19.40,0.00,3,Power,282.9129
4216.0,679,67.900,11.755,42.32,19.40,0.00,3,Power,283.7215
4217.0,679,67.900,12.355,44.48,19.40,0.00,3,Power,284.5724
4218.0,679,67.900,12.955,46.64,19.40,0.00,3,Power,285.4657
4219.0,679,67.900,13.555,48.80,19.40,0.00,3,Power,286.4013
4220.0,679,67.900,14.155,50.96,19.40,0.00,3,Power,287.3793
4221.0,679,67.900,14.755,53.12,19.40,0.00,3,Power,288.3996
4222.0,680,68.000,15.355,55.28,19.40,0.00,3,Power,289.4313
4223.0,680,68.000,15.882,57.17,19.40,0.00,3,Power,290.4598
4224.0,680,68.000,16.389,59.00,19.40,0.00,3,Power,291.4870
4225.0,680,68.000,16.880,60.77,19.40,0.00,3,Power,292.5133
4226.0,680,68.000,17.354,62.47,19.40,0.00,2,Cruise,293.5386
4227.0,680,68.000,17.354,62.47,19.40,0.00,2,Cruise,293.6108
4228.0,681,68.100,17.354,62.47,19.40,0.00,2,Cruise,293.6830
4229.0,681,68.100,17.354,62.47,19.40,0.00,2,Cruise,293.7749
4230.0,681,68.100,17.354,62.47,19.40,0.00,2,Cruise,293.8668
4231.0,681,68.100,17.354,62.47,19.40,0.00,2,Cruise,293.9587
4232.0,681,68.100,17.354,62.47,19.40,0.00,2,Cruise,294.0506
4233.0,681,68.100,17.354,62.47,19.40,0.00,2,Cruise,294.1425
4234.0,682,68.200,17.354,62.47,1.00,0.00,0,Brake,294.2343
4235.0,682,68.200,16.554,59.59,1.00,0.00,0,Brake,294.2343
4236.0,682,68.200,15.754,56.71,1.00,0.00,0,Brake,294.2343
4237.0,682,68.200,14.954,53.83,1.00,0.00,0,Brake,294.2343
4238.0,682,68.200,14.154,50.95,1.00,0.00,0,Brake,294.2343
4239.0,682,68.200,13.354,48.07,1.00,0.00,0,Brake,294.2343
4240.0,682,68.200,12.554,45.19,1.00,0.00,0,Brake,294.2343
4241.0,683,68.300,11.754,42.31,3.00,8.75,0,Brake,294.2343
4242.0,683,68.300,10.954,39.43,3.00,7.95,0,Brake,294.2343
4243.0,683,68.300,10.154,36.55,3.00,7.15,0,Brake,294.2343
4244.0,683,68.300,9.354,33.67,3.00,6.35,0,Brake,294.2343
4245.0,683,68.300,8.554,30.79,3.00,5.55,0,Brake,294.2343
4246.0,683,68.300,7.754,27.91,3.00,4.75,0,Brake,294.2343
4247.0,683,68.300,6.954,25.03,3.00,3.95,0,Brake,294.2343
4248.0,683,68.300,6.154,22.15,3.00,3.15,0,Brake,294.2343
4249.0,683,68.300,5.354,19.27,3.00,2.35,0,Brake,294.2343
4250.0,683,68.300,4.554,16.39,3.00,1.55,0,Brake,294.2343
4251.0,683,68.300,3.754,13.51,3.00,0.75,0,Brake,294.2343
4252.0,683,68.300,2.954,10.63,3.00,0.00,1,Coast,294.2343
4253.0,683,68.300,2.942,10.59,3.00,0.00,1,Coast,294.2343
4254.0,683,68.300,2.930,10.55,3.00,0.00,1,Coast,294.2343
4255.0,684,68.400,2.918,10.51,19.40,0.00,3,Power,294.2343
4256.0,684,68.400,3.518,12.67,19.40,0.00,3,Power,295.3486
4257.0,684,68.400,4.118,14.83,19.40,0.00,3,Power,296.4459
4258.0,684,68.400,4.718,16.99,19.40,0.00,3,Power,297.5307
4259.0,684,68.400,5.318,19.15,19.40,0.00,3,Power,298.6061
4260.0,684,68.400,5.918,21.31,19.40,0.00,3,Power,299.6742
4261.0,684,68.400,6.518,23.47,19.40,0.00,3,Power,300.7366
4262.0,684,68.400,7.118,25.63,19.40,0.00,3,Power,301.7942
4263.0,684,68.400,7.718,27.79,19.40,0.00,3,Power,302.8480
4264.0,684,68.400,8.318,29.95,19.40,0.00,3,Power,303.8984
4265.0,684,68.400,8.918,32.11,19.40,0.00,3,Power,304.9460
4266.0,684,68.400,9.518,34.27,19.40,0.00,3,Power,305.9911
4267.0,684,68.400,10.118,36.43,19.40,0.00,3,Power,307.0341
4268.0,684,68.400,10.640,38.30,19.40,0.00,3,Power,307.7667
4269.0,684,68.400,11.160,40.18,19.40,0.00,3,Power,308.5361
4270.0,685,68.500,11.681,42.05,19.40,0.00,3,Power,309.3423
4271.0,685,68.500,12.146,43.72,19.40,0.00,3,Power,310.1832
4272.0,685,68.500,12.610,45.40,19.40,0.00,3,Power,311.0569
4273.0,685,68.500,13.074,47.07,19.40,0.00,3,Power,311.9634
4274.0,685,68.500,13.538,48.74,19.40,0.00,3,Power,312.9027
4275.0,685,68.500,14.000,50.40,19.40,0.00,3,Power,313.8746
4276.0,685,68.500,14.463,52.07,19.40,0.00,3,Power,314.8792
4277.0,686,68.600,14.919,53.71,19.40,0.00,3,Power,315.9063
4278.0,686,68.600,15.519,55.87,19.40,0.00,3,Power,316.9377
4279.0,686,68.600,16.119,58.03,19.40,0.00,3,Power,317.9684
4280.0,686,68.600,16.719,60.19,19.40,0.00,3,Power,318.9983
4281.0,686,68.600,17.313,62.33,19.40,0.00,2,Cruise,320.0274
4282.0,686,68.600,17.392,62.61,19.40,0.00,2,Cruise,320.0274
4283.0,687,68.700,17.471,62.89,19.40,0.00,2,Cruise,320.0274
4284.0,687,68.700,17.519,63.07,19.40,0.00,2,Cruise,320.0274
4285.0,687,68.700,17.567,63.24,19.40,0.00,2,Cruise,320.0274
4286.0,687,68.700,17.616,63.42,19.40,0.00,2,Cruise,320.0274
4287.0,687,68.700,17.664,63.59,19.40,0.00,2,Cruise,320.0274
4288.0,687,68.700,17.712,63.76,19.40,0.00,2,Cruise,320.0274
4289.0,688,68.800,17.761,63.94,19.40,0.00,2,Cruise,320.0274
4290.0,688,68.800,17.776,63.99,19.40,0.00,2,Cruise,320.0274
4291.0,688,68.800,17.791,64.05,19.40,0.00,2,Cruise,320.0274
4292.0,688,68.800,17.807,64.10,19.40,0.00,2,Cruise,320.0274
4293.0,688,68.800,17.822,64.16,19.40,0.00,2,Cruise,320.0274
4294.0,688,68.800,17.837,64.21,19.40,0.00,2,Cruise,320.0274
4295.0,689,68.900,17.853,64.27,19.40,0.00,2,Cruise,320.0274
4296.0,689,68.900,17.853,64.27,19.40,0.00,2,Cruise,320.0414
4297.0,689,68.900,17.853,64.27,19.40,0.00,2,Cruise,320.0555
4298.0,689,68.900,17.853,64.27,19.40,0.00,2,Cruise,320.0696
4299.0,689,68.900,17.853,64.27,19.40,0.00,2,Cruise,320.0837
4300.0,690,69.000,17.853,64.27,19.40,0.00,2,Cruise,320.0977
4301.0,690,69.000,17.861,64.30,19.40,0.00,2,Cruise,320.0977
4302.0,690,69.000,17.869,64.33,19.40,0.00,2,Cruise,320.0977
4303.0,690,69.000,17.877,64.36,19.40,0.00,2,Cruise,320.0977
4304.0,690,69.000,17.885,64.39,19.40,0.00,2,Cruise,320.0977
4305.0,690,69.000,17.893,64.42,19.40,0.00,2,Cruise,320.0977
4306.0,691,69.100,17.901,64.44,19.40,0.00,2,Cruise,320.0977
4307.0,691,69.100,18.199,65.52,19.40,0.00,2,Cruise,320.0977
4308.0,691,69.100,18.496,66.59,19.40,0.00,2,Cruise,320.0977
4309.0,691,69.100,18.793,67.65,19.40,0.00,0,Brake,320.0977
4310.0,691,69.100,18.289,65.84,19.40,0.00,2,Cruise,320.0977
4311.0,692,69.200,18.586,66.91,19.40,0.00,2,Cruise,320.0977
4312.0,692,69.200,18.586,66.91,19.40,0.00,2,Cruise,320.5284
4313.0,692,69.200,18.586,66.91,19.40,0.00,2,Cruise,320.9590
4314.0,692,69.200,18.586,66.91,19.40,0.00,2,Cruise,321.3897
4315.0,692,69.200,18.586,66.91,19.40,0.00,2,Cruise,321.8204
4316.0,692,69.200,18.586,66.91,19.40,0.00,2,Cruise,322.2510
4317.0,693,69.300,18.586,66.91,19.40,0.00,2,Cruise,322.6817
4318.0,693,69.300,18.586,66.91,19.40,0.00,2,Cruise,322.7746
4319.0,693,69.300,18.586,66.91,19.40,0.00,2,Cruise,322.8675
4320.0,693,69.300,18.586,66.91,19.40,0.00,2,Cruise,322.9604
4321.0,693,69.300,18.586,66.91,19.40,0.00,2,Cruise,323.0533
4322.0,694,69.400,18.586,66.91,19.40,0.00,2,Cruise,323.1462
4323.0,694,69.400,18.618,67.03,19.40,0.00,2,Cruise,323.1462
4324.0,694,69.400,18.650,67.14,19.40,0.00,2,Cruise,323.1462
4325.0,694,69.400,18.682,67.26,19.40,0.00,2,Cruise,323.1462
4326.0,694,69.400,18.714,67.37,19.40,0.00,2,Cruise,323.1462
4327.0,695,69.500,18.746,67.49,19.40,0.00,2,Cruise,323.1462
4328.0,695,69.500,18.785,67.63,19.40,0.00,2,Cruise,323.1462
4329.0,695,69.500,18.823,67.76,19.40,0.00,2,Cruise,323.1462
4330.0,695,69.500,18.862,67.90,19.40,0.00,2,Cruise,323.1462
4331.0,695,69.500,18.900,68.04,19.40,0.00,2,Cruise,323.1462
4332.0,695,69.500,18.939,68.18,19.40,0.00,2,Cruise,323.1462
4333.0,696,69.600,18.977,68.32,19.40,0.00,2,Cruise,323.1462
4334.0,696,69.600,18.977,68.32,19.40,0.00,2,Cruise,323.1944
4335.0,696,69.600,18.977,68.32,19.40,0.00,2,Cruise,323.2426
4336.0,696,69.600,18.977,68.32,19.40,0.00,2,Cruise,323.2908
4337.0,696,69.600,18.977,68.32,19.40,0.00,2,Cruise,323.3390
4338.0,697,69.700,18.977,68.32,19.40,0.00,2,Cruise,323.3872
4339.0,697,69.700,19.040,68.54,19.40,0.00,2,Cruise,323.3872
4340.0,697,69.700,19.103,68.77,19.40,0.00,2,Cruise,323.3872
4341.0,697,69.700,19.165,69.00,19.40,0.00,2,Cruise,323.3872
4342.0,697,69.700,19.228,69.22,19.40,0.00,2,Cruise,323.3872
4343.0,698,69.800,19.290,69.45,19.40,0.00,2,Cruise,323.3872
4344.0,698,69.800,19.345,69.64,19.40,0.00,2,Cruise,323.3872
4345.0,698,69.800,19.400,69.84,19.40,0.00,2,Cruise,323.3872
4346.0,698,69.800,19.454,70.04,19.40,0.05,0,Brake,323.3872
4347.0,698,69.800,18.709,67.35,19.40,0.00,2,Cruise,323.3872
4348.0,699,69.900,18.764,67.55,19.40,0.00,2,Cruise,323.3872
4349.0,699,69.900,18.804,67.69,19.40,0.00,2,Cruise,323.3872
4350.0,699,69.900,18.843,67.84,19.40,0.00,2,Cruise,323.3872
4351.0,699,69.900,18.883,67.98,19.40,0.00,2,Cruise,323.3872
4352.0,699,69.900,18.922,68.12,19.40,0.00,2,Cruise,323.3872
4353.0,699,69.900,18.961,68.26,19.40,0.00,2,Cruise,323.3872
4354.0,700,70.000,19.000,68.40,19.40,0.00,2,Cruise,323.3872
4355.0,700,70.000,19.000,68.40,19.40,0.00,2,Cruise,323.4130
4356.0,700,70.000,19.000,68.40,19.40,0.00,2,Cruise,323.4387
4357.0,700,70.000,19.000,68.40,19.40,0.00,2,Cruise,323.4645
4358.0,700,70.000,19.000,68.40,19.40,0.00,2,Cruise,323.4903
4359.0,701,70.100,19.000,68.40,19.40,0.00,2,Cruise,323.5161
4360.0,701,70.100,19.015,68.45,19.40,0.00,2,Cruise,323.5161
4361.0,701,70.100,19.030,68.51,19.40,0.00,2,Cruise,323.5161
4362.0,701,70.100,19.045,68.56,19.40,0.00,2,Cruise,323.5161
4363.0,701,70.100,19.060,68.62,19.40,0.00,2,Cruise,323.5161
4364.0,702,70.200,19.075,68.67,19.40,0.00,2,Cruise,323.5161
4365.0,702,70.200,19.083,68.70,19.40,0.00,2,Cruise,323.5161
4366.0,702,70.200,19.090,68.72,19.40,0.00,2,Cruise,323.5161
4367.0,702,70.200,19.098,68.75,19.40,0.00,2,Cruise,323.5161
4368.0,702,70.200,19.106,68.78,19.40,0.00,2,Cruise,323.5161
4369.0,703,70.300,19.113,68.81,19.40,0.00,0,Brake,323.5161
4370.0,703,70.300,18.406,66.26,19.40,0.00,2,Cruise,323.5161
4371.0,703,70.300,18.499,66.60,19.40,0.00,2,Cruise,323.5161
4372.0,703,70.300,18.593,66.93,19.40,0.00,2,Cruise,323.5161
4373.0,703,70.300,18.686,67.27,19.40,0.00,2,Cruise,323.5161
4374.0,703,70.300,18.780,67.61,19.40,0.00,2,Cruise,323.5161
4375.0,704,70.400,18.873,67.94,19.40,0.00,2,Cruise,323.5161
4376.0,704,70.400,18.873,67.94,19.40,0.00,2,Cruise,323.5583
4377.0,704,70.400,18.873,67.94,19.40,0.00,2,Cruise,323.6005
4378.0,704,70.400,18.873,67.94,19.40,0.00,2,Cruise,323.6427
4379.0,704,70.400,18.873,67.94,19.40,0.00,2,Cruise,323.6849
4380.0,705,70.500,18.873,67.94,19.40,0.00,2,Cruise,323.7271
4381.0,705,70.500,18.900,68.04,19.40,0.00,2,Cruise,323.7271
4382.0,705,70.500,18.927,68.14,19.40,0.00,2,Cruise,323.7271
4383.0,705,70.500,18.954,68.23,19.40,0.00,2,Cruise,323.7271
4384.0,705,70.500,18.981,68.33,19.40,0.00,2,Cruise,323.7271
4385.0,706,70.600,19.008,68.43,19.40,0.00,2,Cruise,323.7271
4386.0,706,70.600,19.010,68.44,19.40,0.00,2,Cruise,323.7271
4387.0,706,70.600,19.012,68.44,19.40,0.00,2,Cruise,323.7271
4388.0,706,70.600,19.014,68.45,19.40,0.00,2,Cruise,323.7271
4389.0,706,70.600,19.016,68.46,19.40,0.00,2,Cruise,323.7271
4390.0,706,70.600,19.018,68.47,19.40,0.00,2,Cruise,323.7271
4391.0,707,70.700,19.020,68.47,19.40,0.00,2,Cruise,323.7271
4392.0,707,70.700,19.051,68.58,19.40,0.00,0,Brake,323.7271
4393.0,707,70.700,18.282,65.81,19.40,0.00,2,Cruise,323.7271
4394.0,707,70.700,18.314,65.93,19.40,0.00,2,Cruise,323.7271
4395.0,707,70.700,18.346,66.04,19.40,0.00,2,Cruise,323.7271
4396.0,708,70.800,18.378,66.16,19.40,0.00,2,Cruise,323.7271
4397.0,708,70.800,18.398,66.23,19.40,0.00,2,Cruise,323.7271
4398.0,708,70.800,18.419,66.31,19.40,0.00,2,Cruise,323.7271
4399.0,708,70.800,18.440,66.38,19.40,0.00,2,Cruise,323.7271
4400.0,708,70.800,18.460,66.46,19.40,0.00,2,Cruise,323.7271
4401.0,709,70.900,18.481,66.53,19.40,0.00,2,Cruise,323.7271
4402.0,709,70.900,18.483,66.54,19.40,0.00,2,Cruise,323.7271
4403.0,709,70.900,18.484,66.54,19.40,0.00,2,Cruise,323.7271
4404.0,709,70.900,18.486,66.55,19.40,0.00,2,Cruise,323.7271
4405.0,709,70.900,18.488,66.56,19.40,0.00,2,Cruise,323.7271
4406.0,709,70.900,18.489,66.56,19.40,0.00,2,Cruise,323.7271
4407.0,710,71.000,18.491,66.57,19.40,0.00,2,Cruise,323.7271
4408.0,710,71.000,18.526,66.69,19.40,0.00,2,Cruise,323.7271
4409.0,710,71.000,18.561,66.82,19.40,0.00,2,Cruise,323.7271
4410.0,710,71.000,18.595,66.94,19.40,0.00,2,Cruise,323.7271
4411.0,710,71.000,18.630,67.07,19.40,0.00,2,Cruise,323.7271
4412.0,711,71.100,18.665,67.19,19.40,0.00,2,Cruise,323.7271
4413.0,711,71.100,18.677,67.24,19.40,0.00,2,Cruise,323.7271
4414.0,711,71.100,18.690,67.28,19.40,0.00,2,Cruise,323.7271
4415.0,711,71.100,18.703,67.33,19.40,0.00,2,Cruise,323.7271
4416.0,711,71.100,18.715,67.37,19.40,0.00,2,Cruise,323.7271
4417.0,711,71.100,18.728,67.42,19.40,0.00,2,Cruise,323.7271
4418.0,712,71.200,18.740,67.46,19.40,0.00,2,Cruise,323.7271
4419.0,712,71.200,18.781,67.61,19.40,0.00,2,Cruise,323.7271
4420.0,712,71.200,18.823,67.76,19.40,0.00,2,Cruise,323.7271
4421.0,712,71.200,18.864,67.91,19.40,0.00,2,Cruise,323.7271
4422.0,712,71.200,18.905,68.06,19.40,0.00,2,Cruise,323.7271
4423.0,713,71.300,18.946,68.20,19.40,0.00,2,Cruise,323.7271
4424.0,713,71.300,18.973,68.30,19.40,0.00,2,Cruise,323.7271
4425.0,713,71.300,19.000,68.40,19.40,0.00,0,Brake,323.7271
4426.0,713,71.300,18.227,65.62,19.40,0.00,2,Cruise,323.7271
4427.0,713,71.300,18.255,65.72,19.40,0.00,2,Cruise,323.7271
4428.0,714,71.400,18.283,65.82,19.40,0.00,2,Cruise,323.7271
4429.0,714,71.400,18.283,65.82,19.40,0.00,2,Cruise,323.7637
4430.0,714,71.400,18.283,65.82,19.40,0.00,2,Cruise,323.8003
4431.0,714,71.400,18.283,65.82,19.40,0.00,2,Cruise,323.8368
4432.0,714,71.400,18.283,65.82,19.40,0.00,2,Cruise,323.8734
4433.0,714,71.400,18.283,65.82,19.40,0.00,2,Cruise,323.9100
4434.0,715,71.500,18.283,65.82,19.40,0.00,2,Cruise,323.9465
4435.0,715,71.500,18.289,65.84,19.40,0.00,2,Cruise,323.9465
4436.0,715,71.500,18.294,65.86,19.40,0.00,2,Cruise,323.9465
4437.0,715,71.500,18.300,65.88,19.40,0.00,2,Cruise,323.9465
4438.0,715,71.500,18.305,65.90,19.40,0.00,2,Cruise,323.9465
4439.0,716,71.600,18.310,65.92,19.40,0.00,2,Cruise,323.9465
4440.0,716,71.600,18.332,66.00,19.40,0.00,2,Cruise,323.9465
4441.0,716,71.600,18.354,66.07,19.40,0.00,2,Cruise,323.9465
4442.0,716,71.600,18.376,66.15,19.40,0.00,2,Cruise,323.9465
4443.0,716,71.600,18.397,66.23,19.40,0.00,2,Cruise,323.9465
4444.0,716,71.600,18.419,66.31,19.40,0.00,2,Cruise,323.9465
4445.0,717,71.700,18.441,66.39,19.40,0.00,2,Cruise,323.9465
4446.0,717,71.700,18.501,66.61,19.40,0.00,2,Cruise,323.9465
4447.0,717,71.700,18.562,66.82,19.40,0.00,2,Cruise,323.9465
4448.0,717,71.700,18.623,67.04,19.40,0.00,2,Cruise,323.9465
4449.0,717,71.700,18.684,67.26,19.40,0.00,2,Cruise,323.9465
4450.0,718,71.800,18.744,67.48,3.00,15.74,0,Brake,323.9465
4451.0,718,71.800,17.944,64.60,3.00,14.94,0,Brake,323.9465
4452.0,718,71.800,17.144,61.72,3.00,14.14,0,Brake,323.9465
4453.0,718,71.800,16.344,58.84,3.00,13.34,0,Brake,323.9465
4454.0,718,71.800,15.544,55.96,3.00,12.54,0,Brake,323.9465
4455.0,718,71.800,14.744,53.08,3.00,11.74,0,Brake,323.9465
4456.0,719,71.900,13.944,50.20,1.00,0.00,0,Brake,323.9465
4457.0,719,71.900,13.216,47.58,1.00,0.00,0,Brake,323.9465
4458.0,719,71.900,12.488,44.96,1.00,0.00,0,Brake,323.9465
4459.0,719,71.900,11.761,42.34,1.00,0.00,0,Brake,323.9465
4460.0,719,71.900,11.035,39.73,1.00,0.00,0,Brake,323.9465
4461.0,719,71.900,10.310,37.11,1.00,0.00,0,Brake,323.9465
4462.0,719,71.900,9.585,34.51,1.00,0.00,0,Brake,323.9465
4463.0,719,71.900,8.861,31.90,1.00,0.00,0,Brake,323.9465
4464.0,719,71.900,8.138,29.30,1.00,0.00,0,Brake,323.9465
4465.0,720,72.000,7.415,26.69,3.00,4.41,0,Brake,323.9465
4466.0,720,72.000,6.667,24.00,3.00,3.67,0,Brake,323.9465
4467.0,720,72.000,5.919,21.31,3.00,2.92,0,Brake,323.9465
4468.0,720,72.000,5.173,18.62,3.00,2.17,0,Brake,323.9465
4469.0,720,72.000,4.426,15.93,3.00,1.43,0,Brake,323.9465
4470.0,720,72.000,3.680,13.25,3.00,0.68,0,Brake,323.9465
4471.0,720,72.000,2.935,10.56,3.00,0.00,1,Coast,323.9465
4472.0,720,72.000,2.990,10.76,3.00,0.00,1,Coast,323.9465
4473.0,720,72.000,3.044,10.96,3.00,0.04,1,Coast,323.9465
4474.0,720,72.000,3.099,11.16,3.00,0.10,1,Coast,323.9465
4475.0,720,72.000,3.154,11.35,3.00,0.15,0,Brake,323.9465
4476.0,720,72.000,2.409,8.67,3.00,0.00,3,Power,323.9465
4477.0,720,72.000,3.009,10.83,3.00,0.01,1,Coast,324.8844
4478.0,720,72.000,3.064,11.03,3.00,0.06,1,Coast,324.8844
4479.0,720,72.000,3.119,11.23,3.00,0.12,1,Coast,324.8844
4480.0,720,72.000,3.173,11.42,3.00,0.17,0,Brake,324.8844
4481.0,720,72.000,2.428,8.74,3.00,0.00,3,Power,324.8844
4482.0,720,72.000,3.028,10.90,3.00,0.03,1,Coast,325.8290
4483.0,720,72.000,3.083,11.10,3.00,0.08,1,Coast,325.8290
4484.0,720,72.000,3.138,11.30,3.00,0.14,1,Coast,325.8290
4485.0,720,72.000,3.193,11.49,3.00,0.19,0,Brake,325.8290
4486.0,720,72.000,2.447,8.81,3.00,0.00,3,Power,325.8290
4487.0,720,72.000,3.047,10.97,3.00,0.05,1,Coast,326.7802
4488.0,720,72.000,3.102,11.17,3.00,0.10,1,Coast,326.7802
4489.0,720,72.000,3.157,11.37,3.00,0.16,0,Brake,326.7802
4490.0,720,72.000,2.412,8.68,3.00,0.00,3,Power,326.7802
4491.0,720,72.000,3.012,10.84,3.00,0.01,1,Coast,327.7191
4492.0,720,72.000,3.067,11.04,3.00,0.07,1,Coast,327.7191
4493.0,720,72.000,3.121,11.24,3.00,0.12,1,Coast,327.7191
4494.0,721,72.100,3.176,11.43,11.10,0.00,3,Power,327.7191
4495.0,721,72.100,3.776,13.59,11.10,0.00,3,Power,328.8258
4496.0,721,72.100,4.376,15.75,11.10,0.00,3,Power,329.9172
4497.0,721,72.100,4.976,17.91,11.10,0.00,3,Power,330.9976
4498.0,721,72.100,5.576,20.07,11.10,0.00,3,Power,332.0697
4499.0,721,72.100,6.176,22.23,11.10,0.00,3,Power,333.1352
4500.0,721,72.100,6.776,24.39,11.10,0.00,3,Power,334.1954
4501.0,721,72.100,7.376,26.55,11.10,0.00,3,Power,335.2513
4502.0,721,72.100,7.976,28.71,11.10,0.00,3,Power,336.3035
4503.0,721,72.100,8.576,30.87,11.10,0.00,3,Power,337.3527
4504.0,721,72.100,9.176,33.03,11.10,0.00,3,Power,338.3991
4505.0,721,72.100,9.776,35.19,11.10,0.00,3,Power,339.4433
4506.0,721,72.100,10.376,37.35,11.10,0.00,2,Cruise,340.4855
4507.0,721,72.100,10.376,37.35,11.10,0.00,2,Cruise,340.4876
4508.0,722,72.200,10.376,37.35,11.10,0.00,2,Cruise,340.4897
4509.0,722,72.200,10.387,37.39,11.10,0.00,2,Cruise,340.4897
4510.0,722,72.200,10.399,37.44,11.10,0.00,2,Cruise,340.4897
4511.0,722,72.200,10.410,37.48,11.10,0.00,2,Cruise,340.4897
4512.0,722,72.200,10.421,37.52,11.10,0.00,2,Cruise,340.4897
4513.0,722,72.200,10.432,37.56,11.10,0.00,2,Cruise,340.4897
4514.0,722,72.200,10.443,37.60,11.10,0.00,2,Cruise,340.4897
4515.0,722,72.200,10.454,37.64,11.10,0.00,2,Cruise,340.4897
4516.0,722,72.200,10.466,37.68,11.10,0.00,2,Cruise,340.4897
4517.0,722,72.200,10.477,37.72,11.10,0.00,2,Cruise,340.4897
4518.0,723,72.300,10.488,37.76,11.10,0.00,2,Cruise,340.4897
4519.0,723,72.300,10.579,38.08,11.10,0.00,2,Cruise,340.4897
4520.0,723,72.300,10.670,38.41,11.10,0.00,2,Cruise,340.4897
4521.0,723,72.300,10.761,38.74,11.10,0.00,2,Cruise,340.4897
4522.0,723,72.300,10.852,39.07,11.10,0.00,2,Cruise,340.4897
4523.0,723,72.300,10.942,39.39,11.10,0.00,2,Cruise,340.4897
4524.0,723,72.300,11.033,39.72,11.10,0.00,0,Brake,340.4897
4525.0,723,72.300,10.324,37.16,11.10,0.00,2,Cruise,340.4897
4526.0,723,72.300,10.415,37.49,11.10,0.00,2,Cruise,340.4897
4527.0,724,72.400,10.506,37.82,11.10,0.00,2,Cruise,340.4897
4528.0,724,72.400,10.512,37.84,11.10,0.00,2,Cruise,340.4897
4529.0,724,72.400,10.518,37.87,11.10,0.00,2,Cruise,340.4897
4530.0,724,72.400,10.525,37.89,11.10,0.00,2,Cruise,340.4897
4531.0,724,72.400,10.531,37.91,11.10,0.00,2,Cruise,340.4897
4532.0,724,72.400,10.537,37.93,11.10,0.00,2,Cruise,340.4897
4533.0,724,72.400,10.543,37.96,11.10,0.00,2,Cruise,340.4897
4534.0,724,72.400,10.549,37.98,11.10,0.00,2,Cruise,340.4897
4535.0,724,72.400,10.555,38.00,11.10,0.00,2,Cruise,340.4897
4536.0,724,72.400,10.562,38.02,11.10,0.00,2,Cruise,340.4897
4537.0,725,72.500,10.568,38.04,11.10,0.00,2,Cruise,340.4897
4538.0,725,72.500,10.568,38.04,11.10,0.00,2,Cruise,340.5578
4539.0,725,72.500,10.568,38.04,11.10,0.00,2,Cruise,340.6258
4540.0,725,72.500,10.568,38.04,11.10,0.00,2,Cruise,340.6939
4541.0,725,72.500,10.568,38.04,11.10,0.00,2,Cruise,340.7620
4542.0,725,72.500,10.568,38.04,11.10,0.00,2,Cruise,340.8301
4543.0,725,72.500,10.568,38.04,11.10,0.00,2,Cruise,340.8982
4544.0,725,72.500,10.568,38.04,11.10,0.00,2,Cruise,340.9662
4545.0,725,72.500,10.568,38.04,11.10,0.00,2,Cruise,341.0343
4546.0,726,72.600,10.568,38.04,11.10,0.00,1,Coast,341.1024
4547.0,726,72.600,10.401,37.44,11.10,0.00,1,Coast,341.1024
4548.0,726,72.600,10.235,36.85,11.10,0.00,1,Coast,341.1024
4549.0,726,72.600,10.069,36.25,11.10,0.00,3,Power,341.1024
4550.0,726,72.600,10.503,37.81,11.10,0.00,1,Coast,341.8285
4551.0,726,72.600,10.336,37.21,11.10,0.00,1,Coast,341.8285
4552.0,726,72.600,10.170,36.61,11.10,0.00,3,Power,341.8285
4553.0,726,72.600,10.604,38.17,11.10,0.00,1,Coast,342.5616
4554.0,726,72.600,10.437,37.57,11.10,0.00,1,Coast,342.5616
4555.0,726,72.600,10.271,36.97,11.10,0.00,1,Coast,342.5616
4556.0,727,72.700,10.104,36.38,11.10,0.00,3,Power,342.5616
4557.0,727,72.700,10.704,38.54,11.10,0.00,2,Cruise,343.2961
4558.0,727,72.700,10.793,38.85,11.10,0.00,2,Cruise,343.2961
4559.0,727,72.700,10.881,39.17,11.10,0.00,2,Cruise,343.2961
4560.0,727,72.700,10.970,39.49,11.10,0.00,0,Brake,343.2961
4561.0,727,72.700,10.258,36.93,11.10,0.00,2,Cruise,343.2961
4562.0,727,72.700,10.347,37.25,11.10,0.00,2,Cruise,343.2961
4563.0,727,72.700,10.436,37.57,11.10,0.00,2,Cruise,343.2961
4564.0,727,72.700,10.525,37.89,11.10,0.00,2,Cruise,343.2961
4565.0,728,72.800,10.613,38.21,11.10,0.00,2,Cruise,343.2961
4566.0,728,72.800,10.623,38.24,11.10,0.00,2,Cruise,343.2961
4567.0,728,72.800,10.633,38.28,11.10,0.00,2,Cruise,343.2961
4568.0,728,72.800,10.643,38.31,11.10,0.00,2,Cruise,343.2961
4569.0,728,72.800,10.653,38.35,11.10,0.00,2,Cruise,343.2961
4570.0,728,72.800,10.663,38.39,11.10,0.00,2,Cruise,343.2961
4571.0,728,72.800,10.672,38.42,11.10,0.00,2,Cruise,343.2961
4572.0,728,72.800,10.682,38.46,11.10,0.00,2,Cruise,343.2961
4573.0,728,72.800,10.692,38.49,11.10,0.00,2,Cruise,343.2961
4574.0,728,72.800,10.702,38.53,11.10,0.00,2,Cruise,343.2961
4575.0,729,72.900,10.712,38.56,11.10,0.00,1,Coast,343.2961
4576.0,729,72.900,10.669,38.41,11.10,0.00,1,Coast,343.2961
4577.0,729,72.900,10.626,38.25,11.10,0.00,1,Coast,343.2961
4578.0,729,72.900,10.583,38.10,11.10,0.00,1,Coast,343.2961
4579.0,729,72.900,10.540,37.94,11.10,0.00,1,Coast,343.2961
4580.0,729,72.900,10.497,37.79,11.10,0.00,1,Coast,343.2961
4581.0,729,72.900,10.455,37.64,11.10,0.00,1,Coast,343.2961
4582.0,729,72.900,10.412,37.48,11.10,0.00,1,Coast,343.2961
4583.0,729,72.900,10.370,37.33,11.10,0.00,1,Coast,343.2961
4584.0,730,73.000,10.327,37.18,11.10,0.00,3,Power,343.2961
4585.0,730,73.000,10.927,39.34,11.10,0.00,0,Brake,344.0462
4586.0,730,73.000,10.211,36.76,11.10,0.00,3,Power,344.0462
4587.0,730,73.000,10.811,38.92,11.10,0.00,2,Cruise,344.7882
4588.0,730,73.000,10.896,39.22,11.10,0.00,0,Brake,344.7882
4589.0,730,73.000,10.180,36.65,11.10,0.00,3,Power,344.7882
4590.0,730,73.000,10.780,38.81,11.10,0.00,2,Cruise,345.5280
4591.0,730,73.000,10.865,39.11,11.10,0.00,2,Cruise,345.5280
4592.0,730,73.000,10.949,39.42,11.10,0.00,0,Brake,345.5280
4593.0,731,73.100,10.233,36.84,11.10,0.00,3,Power,345.5280
4594.0,731,73.100,10.833,39.00,11.10,0.00,2,Cruise,346.2715
4595.0,731,73.100,10.872,39.14,11.10,0.00,2,Cruise,346.2715
4596.0,731,73.100,10.911,39.28,11.10,0.00,2,Cruise,346.2715
4597.0,731,73.100,10.950,39.42,11.10,0.00,2,Cruise,346.2715
4598.0,731,73.100,10.988,39.56,11.10,0.00,2,Cruise,346.2715
4599.0,731,73.100,11.027,39.70,11.10,0.00,0,Brake,346.2715
4600.0,731,73.100,10.265,36.96,11.10,0.00,3,Power,346.2715
4601.0,731,73.100,10.865,39.12,11.10,0.00,2,Cruise,347.0173
4602.0,731,73.100,10.904,39.25,11.10,0.00,2,Cruise,347.0173
4603.0,732,73.200,10.943,39.39,11.10,0.00,2,Cruise,347.0173
4604.0,732,73.200,10.962,39.46,11.10,0.00,2,Cruise,347.0173
4605.0,732,73.200,10.982,39.53,11.10,0.00,2,Cruise,347.0173
4606.0,732,73.200,11.001,39.60,11.10,0.00,2,Cruise,347.0173
4607.0,732,73.200,11.021,39.67,11.10,0.00,0,Brake,347.0173
4608.0,732,73.200,10.240,36.86,11.10,0.00,1,Coast,347.0173
4609.0,732,73.200,10.260,36.94,11.10,0.00,1,Coast,347.0173
4610.0,732,73.200,10.280,37.01,11.10,0.00,1,Coast,347.0173
4611.0,732,73.200,10.301,37.08,11.10,0.00,1,Coast,347.0173
4612.0,733,73.300,10.321,37.15,11.10,0.00,1,Coast,347.0173
4613.0,733,73.300,10.354,37.27,11.10,0.00,1,Coast,347.0173
4614.0,733,73.300,10.387,37.39,11.10,0.00,1,Coast,347.0173
4615.0,733,73.300,10.420,37.51,11.10,0.00,1,Coast,347.0173
4616.0,733,73.300,10.453,37.63,11.10,0.00,1,Coast,347.0173
4617.0,733,73.300,10.486,37.75,11.10,0.00,1,Coast,347.0173
4618.0,733,73.300,10.520,37.87,11.10,0.00,1,Coast,347.0173
4619.0,733,73.300,10.553,37.99,11.10,0.00,1,Coast,347.0173
4620.0,733,73.300,10.585,38.11,11.10,0.00,2,Cruise,347.0173
4621.0,733,73.300,10.618,38.23,11.10,0.00,2,Cruise,347.0173
4622.0,734,73.400,10.651,38.34,11.10,0.00,1,Coast,347.0173
4623.0,734,73.400,10.644,38.32,11.10,0.00,1,Coast,347.0173
4624.0,734,73.400,10.637,38.29,11.10,0.00,1,Coast,347.0173
4625.0,734,73.400,10.629,38.26,11.10,0.00,1,Coast,347.0173
4626.0,734,73.400,10.622,38.24,11.10,0.00,1,Coast,347.0173
4627.0,734,73.400,10.614,38.21,11.10,0.00,1,Coast,347.0173
4628.0,734,73.400,10.607,38.19,11.10,0.00,1,Coast,347.0173
4629.0,734,73.400,10.600,38.16,11.10,0.00,1,Coast,347.0173
4630.0,734,73.400,10.592,38.13,11.10,0.00,1,Coast,347.0173
4631.0,735,73.500,10.585,38.11,11.10,0.00,1,Coast,347.0173
4632.0,735,73.500,10.620,38.23,11.10,0.00,1,Coast,347.0173
4633.0,735,73.500,10.655,38.36,11.10,0.00,1,Coast,347.0173
4634.0,735,73.500,10.691,38.49,11.10,0.00,1,Coast,347.0173
4635.0,735,73.500,10.726,38.61,11.10,0.00,1,Coast,347.0173
4636.0,735,73.500,10.761,38.74,11.10,0.00,1,Coast,347.0173
4637.0,735,73.500,10.796,38.86,11.10,0.00,1,Coast,347.0173
4638.0,735,73.500,10.831,38.99,11.10,0.00,1,Coast,347.0173
4639.0,735,73.500,10.866,39.12,11.10,0.00,1,Coast,347.0173
4640.0,736,73.600,10.901,39.24,11.10,0.00,1,Coast,347.0173
4641.0,736,73.600,10.897,39.23,11.10,0.00,1,Coast,347.0173
4642.0,736,73.600,10.893,39.22,11.10,0.00,1,Coast,347.0173
4643.0,736,73.600,10.890,39.20,11.10,0.00,1,Coast,347.0173
4644.0,736,73.600,10.886,39.19,11.10,0.00,1,Coast,347.0173
4645.0,736,73.600,10.883,39.18,11.10,0.00,1,Coast,347.0173
4646.0,736,73.600,10.879,39.16,11.10,0.00,1,Coast,347.0173
4647.0,736,73.600,10.875,39.15,11.10,0.00,1,Coast,347.0173
4648.0,736,73.600,10.872,39.14,11.10,0.00,1,Coast,347.0173
4649.0,736,73.600,10.868,39.12,11.10,0.00,1,Coast,347.0173
4650.0,737,73.700,10.864,39.11,11.10,0.00,1,Coast,347.0173
4651.0,737,73.700,10.915,39.29,11.10,0.00,1,Coast,347.0173
4652.0,737,73.700,10.965,39.48,11.10,0.00,0,Brake,347.0173
4653.0,737,73.700,10.216,36.78,11.10,0.00,3,Power,347.0173
4654.0,737,73.700,10.816,38.94,11.10,0.00,1,Coast,347.7596
4655.0,737,73.700,10.867,39.12,11.10,0.00,1,Coast,347.7596
4656.0,737,73.700,10.917,39.30,11.10,0.00,1,Coast,347.7596
4657.0,737,73.700,10.968,39.48,11.10,0.00,0,Brake,347.7596
4658.0,737,73.700,10.218,36.79,11.10,0.00,3,Power,347.7596
4659.0,738,73.800,10.818,38.95,11.10,0.00,1,Coast,348.5020
4660.0,738,73.800,10.866,39.12,11.10,0.00,1,Coast,348.5020
4661.0,738,73.800,10.913,39.29,11.10,0.00,0,Brake,348.5020
4662.0,738,73.800,10.161,36.58,11.10,0.00,3,Power,348.5020
4663.0,738,73.800,10.761,38.74,11.10,0.00,1,Coast,349.2404
4664.0,738,73.800,10.808,38.91,11.10,0.00,1,Coast,349.2404
4665.0,738,73.800,10.856,39.08,11.10,0.00,1,Coast,349.2404
4666.0,738,73.800,10.903,39.25,11.10,0.00,0,Brake,349.2404
4667.0,738,73.800,10.151,36.54,11.10,0.00,3,Power,349.2404
4668.0,739,73.900,10.751,38.70,11.10,0.00,1,Coast,349.9781
4669.0,739,73.900,10.767,38.76,11.10,0.00,1,Coast,349.9781
4670.0,739,73.900,10.782,38.82,11.10,0.00,1,Coast,349.9781
4671.0,739,73.900,10.798,38.87,11.10,0.00,1,Coast,349.9781
4672.0,739,73.900,10.814,38.93,11.10,0.00,1,Coast,349.9781
4673.0,739,73.900,10.830,38.99,11.10,0.00,1,Coast,349.9781
4674.0,739,73.900,10.846,39.04,11.10,0.00,1,Coast,349.9781
4675.0,739,73.900,10.861,39.10,11.10,0.00,1,Coast,349.9781
4676.0,739,73.900,10.877,39.16,11.10,0.00,1,Coast,349.9781
4677.0,740,74.000,10.893,39.21,11.10,0.00,0,Brake,349.9781
4678.0,740,74.000,10.142,36.51,11.10,0.00,1,Coast,349.9781
4679.0,740,74.000,10.191,36.69,11.10,0.00,1,Coast,349.9781
4680.0,740,74.000,10.241,36.87,11.10,0.00,1,Coast,349.9781
4681.0,740,74.000,10.290,37.04,11.10,0.00,1,Coast,349.9781
4682.0,740,74.000,10.339,37.22,11.10,0.00,2,Cruise,349.9781
4683.0,740,74.000,10.389,37.40,11.10,0.00,2,Cruise,349.9781
4684.0,740,74.000,10.438,37.58,11.10,0.00,2,Cruise,349.9781
4685.0,740,74.000,10.487,37.75,11.10,0.00,2,Cruise,349.9781
4686.0,740,74.000,10.536,37.93,11.10,0.00,2,Cruise,349.9781
4687.0,741,74.100,10.585,38.11,11.10,0.00,2,Cruise,349.9781
4688.0,741,74.100,10.675,38.43,11.10,0.00,0,Brake,349.9781
4689.0,741,74.100,9.964,35.87,11.10,0.00,3,Power,349.9781
4690.0,741,74.100,10.564,38.03,11.10,0.00,2,Cruise,351.0197
4691.0,741,74.100,10.654,38.35,11.10,0.00,0,Brake,351.0197
4692.0,741,74.100,9.943,35.79,11.10,0.00,3,Power,351.0197
4693.0,741,74.100,10.543,37.95,11.10,0.00,2,Cruise,352.0613
4694.0,741,74.100,10.633,38.28,11.10,0.00,2,Cruise,352.0613
4695.0,741,74.100,10.722,38.60,11.10,0.00,0,Brake,352.0613
4696.0,741,74.100,10.011,36.04,11.10,0.00,3,Power,352.0613
4697.0,742,74.200,10.611,38.20,11.10,0.00,1,Coast,352.7891
4698.0,742,74.200,10.628,38.26,11.10,0.00,1,Coast,352.7891
4699.0,742,74.200,10.644,38.32,11.10,0.00,2,Cruise,352.7891
4700.0,742,74.200,10.660,38.38,11.10,0.00,2,Cruise,352.7891
4701.0,742,74.200,10.676,38.43,11.10,0.00,2,Cruise,352.7891
4702.0,742,74.200,10.692,38.49,11.10,0.00,2,Cruise,352.7891
4703.0,742,74.200,10.708,38.55,11.10,0.00,2,Cruise,352.7891
4704.0,742,74.200,10.724,38.61,11.10,0.00,2,Cruise,352.7891
4705.0,742,74.200,10.740,38.67,11.10,0.00,2,Cruise,352.7891
4706.0,743,74.300,10.757,38.72,11.10,0.00,1,Coast,352.7891
4707.0,743,74.300,10.671,38.42,11.10,0.00,1,Coast,352.7891
4708.0,743,74.300,10.586,38.11,11.10,0.00,1,Coast,352.7891
4709.0,743,74.300,10.501,37.81,11.10,0.00,1,Coast,352.7891
4710.0,743,74.300,10.417,37.50,11.10,0.00,1,Coast,352.7891
4711.0,743,74.300,10.332,37.19,11.10,0.00,1,Coast,352.7891
4712.0,743,74.300,10.247,36.89,11.10,0.00,1,Coast,352.7891
4713.0,743,74.300,10.162,36.58,11.10,0.00,1,Coast,352.7891
4714.0,743,74.300,10.078,36.28,11.10,0.00,1,Coast,352.7891
4715.0,743,74.300,9.993,35.98,11.10,0.00,1,Coast,352.7891
4716.0,744,74.400,9.909,35.67,11.10,0.00,3,Power,352.7891
4717.0,744,74.400,10.509,37.83,11.10,0.00,1,Coast,353.8309
4718.0,744,74.400,10.479,37.72,11.10,0.00,1,Coast,353.8309
4719.0,744,74.400,10.449,37.62,11.10,0.00,1,Coast,353.8309
4720.0,744,74.400,10.419,37.51,11.10,0.00,1,Coast,353.8309
4721.0,744,74.400,10.389,37.40,11.10,0.00,1,Coast,353.8309
4722.0,744,74.400,10.359,37.29,11.10,0.00,1,Coast,353.8309
4723.0,744,74.400,10.329,37.19,11.10,0.00,1,Coast,353.8309
4724.0,744,74.400,10.300,37.08,11.10,0.00,1,Coast,353.8309
4725.0,745,74.500,10.270,36.97,11.10,0.00,1,Coast,353.8309
4726.0,745,74.500,10.289,37.04,11.10,0.00,1,Coast,353.8309
4727.0,745,74.500,10.309,37.11,11.10,0.00,1,Coast,353.8309
4728.0,745,74.500,10.329,37.18,11.10,0.00,1,Coast,353.8309
4729.0,745,74.500,10.348,37.25,11.10,0.00,1,Coast,353.8309
4730.0,745,74.500,10.368,37.32,11.10,0.00,1,Coast,353.8309
4731.0,745,74.500,10.387,37.39,11.10,0.00,1,Coast,353.8309
4732.0,745,74.500,10.407,37.46,11.10,0.00,1,Coast,353.8309
4733.0,745,74.500,10.426,37.54,11.10,0.00,1,Coast,353.8309
4734.0,745,74.500,10.446,37.61,11.10,0.00,1,Coast,353.8309
4735.0,746,74.600,10.465,37.68,11.10,0.00,1,Coast,353.8309
4736.0,746,74.600,10.503,37.81,11.10,0.00,1,Coast,353.8309
4737.0,746,74.600,10.541,37.95,11.10,0.00,1,Coast,353.8309
4738.0,746,74.600,10.578,38.08,11.10,0.00,1,Coast,353.8309
4739.0,746,74.600,10.616,38.22,11.10,0.00,1,Coast,353.8309
4740.0,746,74.600,10.653,38.35,11.10,0.00,1,Coast,353.8309
4741.0,746,74.600,10.690,38.49,11.10,0.00,0,Brake,353.8309
4742.0,746,74.600,9.928,35.74,11.10,0.00,3,Power,353.8309
4743.0,746,74.600,10.528,37.90,11.10,0.00,1,Coast,354.8725
4744.0,747,74.700,10.565,38.03,11.10,0.00,1,Coast,354.8725
4745.0,747,74.700,10.540,37.94,11.10,0.00,1,Coast,354.8725
4746.0,747,74.700,10.514,37.85,11.10,0.00,1,Coast,354.8725
4747.0,747,74.700,10.488,37.76,11.10,0.00,1,Coast,354.8725
4748.0,747,74.700,10.463,37.67,11.10,0.00,1,Coast,354.8725
4749.0,747,74.700,10.437,37.57,11.10,0.00,1,Coast,354.8725
4750.0,747,74.700,10.412,37.48,11.10,0.00,1,Coast,354.8725
4751.0,747,74.700,10.386,37.39,11.10,0.00,1,Coast,354.8725
4752.0,747,74.700,10.361,37.30,11.10,0.00,1,Coast,354.8725
4753.0,747,74.700,10.335,37.21,11.10,0.00,1,Coast,354.8725
4754.0,748,74.800,10.310,37.11,1.00,0.00,0,Brake,354.8725
4755.0,748,74.800,9.510,34.23,1.00,0.00,0,Brake,354.8725
4756.0,748,74.800,8.710,31.35,1.00,0.00,0,Brake,354.8725
4757.0,748,74.800,7.910,28.47,1.00,0.00,0,Brake,354.8725
4758.0,748,74.800,7.110,25.59,1.00,0.00,0,Brake,354.8725
4759.0,748,74.800,6.310,22.71,1.00,0.00,0,Brake,354.8725
4760.0,748,74.800,5.510,19.83,1.00,0.00,0,Brake,354.8725
4761.0,748,74.800,4.710,16.95,1.00,0.00,0,Brake,354.8725
4762.0,748,74.800,3.910,14.07,1.00,0.00,0,Brake,354.8725
4763.0,748,74.800,3.110,11.19,1.00,0.00,0,Brake,354.8725
4764.0,748,74.800,2.310,8.31,1.00,0.00,0,Brake,354.8725
4765.0,748,74.800,1.510,5.43,1.00,0.00,1,Coast,354.8725
4766.0,748,74.800,1.484,5.34,1.00,0.00,1,Coast,354.8725
4767.0,748,74.800,1.458,5.25,1.00,0.00,1,Coast,354.8725
4768.0,748,74.800,1.432,5.16,1.00,0.00,1,Coast,354.8725
4769.0,748,74.800,1.406,5.06,1.00,0.00,1,Coast,354.8725
4770.0,748,74.800,1.380,4.97,1.00,0.00,1,Coast,354.8725
4771.0,748,74.800,1.355,4.88,1.00,0.00,1,Coast,354.8725
4772.0,748,74.800,1.329,4.78,1.00,0.00,3,Power,354.8725
4773.0,748,74.800,1.929,6.94,1.00,0.00,0,Brake,355.4365
4774.0,748,74.800,1.129,4.06,1.00,0.00,3,Power,355.4365
4775.0,748,74.800,1.729,6.22,1.00,0.00,0,Brake,355.9312
4776.0,748,74.800,0.929,3.34,1.00,0.00,3,Power,355.9312
4777.0,748,74.800,1.529,5.50,1.00,0.00,1,Coast,356.3567
4778.0,748,74.800,1.503,5.41,1.00,0.00,1,Coast,356.3567
4779.0,748,74.800,1.477,5.32,1.00,0.00,1,Coast,356.3567
4780.0,748,74.800,1.451,5.22,1.00,0.00,1,Coast,356.3567
4781.0,748,74.800,1.425,5.13,1.00,0.00,1,Coast,356.3567
4782.0,748,74.800,1.400,5.04,1.00,0.00,1,Coast,356.3567
4783.0,748,74.800,1.374,4.95,1.00,0.00,1,Coast,356.3567
4784.0,748,74.800,1.348,4.85,1.00,0.00,1,Coast,356.3567
4785.0,748,74.800,1.322,4.76,1.00,0.00,3,Power,356.3567
4786.0,748,74.800,1.922,6.92,1.00,0.00,0,Brake,356.9183
