actor_loss/max,actor_loss/mean,actor_loss/min,actor_loss/std,ent_loss/max,ent_loss/mean,ent_loss/min,ent_loss/std,gradient_steps,loss/max,loss/mean,loss/min,loss/std,smoothed_loss/actor_loss,smoothed_loss/ent_loss,smoothed_loss/gradient_steps,smoothed_loss/loss,smoothed_loss/vf_loss,step,train_time,vf_loss/max,vf_loss/mean,vf_loss/min,vf_loss/std
0.01383039727807045,-0.02225998305948451,-0.057492852210998535,0.013249962537313748,1.3825197219848633,1.3687108427286148,1.3456026315689087,0.004873415540006262,80.0,29742.65234375,23759.115185546874,17215.294921875,2957.318656727278,-0.02225998305948451,1.3687108427286148,80.0,23759.115185546874,47518.30219726563,1,0.3824472427368164,59485.375,47518.30219726563,34430.63671875,5914.6396189326715
0.010560572147369385,-0.016065256902948022,-0.04392425715923309,0.01179217501015826,1.3752663135528564,1.3668447062373161,1.3570630550384521,0.0033109190223126585,80.0,3662.4453125,2088.080255126953,1387.5850830078125,430.4967336187158,-0.019162619981216267,1.3677777744829656,80.0,12923.597720336913,25847.261088562012,2,0.20042061805725098,7324.919921875,4176.219979858399,2775.26220703125,860.9947373125309
0.002426460385322571,-0.026847119693411515,-0.05219854786992073,0.01285411805985603,1.3669729232788086,1.3519319355487824,1.3410907983779907,0.005706016281739363,80.0,3282.742919921875,2731.7013458251954,2286.26171875,211.18909369255434,-0.02172411988528135,1.3624958281715713,80.0,9526.298928833008,19052.668498738607,3,0.1925952434539795,6565.556640625,5463.483319091797,4572.599609375,422.3741571455268
0.01446562446653843,-0.01869703276315704,-0.047216471284627914,0.013386379058100336,1.337490439414978,1.3033084988594055,1.2832344770431519,0.010050328763496227,80.0,1205.075927734375,916.5465507507324,652.49755859375,114.25448882284904,-0.02096734810475027,1.34769899584353,80.0,7373.860834312439,14747.790512847901,4,0.19574356079101562,2410.208740234375,1833.1565551757812,1305.057861328125,228.5070088621501
0.02552708424627781,-0.015909336577169596,-0.043568745255470276,0.013592084184254638,1.3259632587432861,1.2681769281625748,1.2079213857650757,0.022722801887839043,80.0,606.005126953125,457.0453498840332,324.073974609375,56.83276251621587,-0.019955745799234138,1.331794582307339,80.0,5990.497737426757,11981.06198654175,5,0.1849362850189209,1211.985107421875,914.1478813171386,648.2604370117188,113.66093185738997
0.03667593002319336,-0.013116261700633913,-0.047915033996105194,0.014036192250913184,1.344377040863037,1.3060777842998506,1.2510552406311035,0.017604938450648668,80.0,204.5998077392578,48.210103118419646,11.593328475952148,46.37383775066701,-0.018815831782800767,1.327508449306091,80.0,5000.116465042035,10000.297082078458,6,0.19107460975646973,409.23675537109375,96.47255976200104,23.279964447021484,92.7447607187355
0.03870772570371628,-0.006415087357163429,-0.031080327928066254,0.01676740489556832,1.3144519329071045,1.2800044372677803,1.2094076871871948,0.025807610585973376,80.0,268.8990173339844,75.12045938968659,27.18472671508789,63.08807261672099,-0.017044296864852575,1.3207221618720466,80.0,4296.5456070917,8593.151691610472,7,0.19317960739135742,537.816162109375,150.27934880256652,54.43013000488281,126.15591997607007
0.00956851989030838,-0.006708669324871153,-0.03134531527757645,0.008799236788133265,1.2541587352752686,1.2277800425887109,1.2015876770019531,0.012805701896942872,80.0,5811.07470703125,4126.192428588867,1677.969482421875,765.5578246404464,-0.015752343422354896,1.3091043969616294,80.0,4275.251459778845,8550.560579738021,8,0.19054913520812988,11622.1708984375,8252.422796630859,3355.9921875,1531.1158398143211
0.002491941675543785,-0.006181224255124107,-0.03172384947538376,0.006812048115535808,1.2483201026916504,1.2280168056488037,1.209667444229126,0.01110853300909656,80.0,572.2793579101562,390.585721206665,230.4520263671875,84.57999493777542,-0.01468888573710703,1.3000946645935376,80.0,3843.6219332708247,7687.29922214879,9,0.18988275527954102,1144.5831298828125,781.2083614349365,460.9312438964844,169.1546629755573
0.0011034905910491943,-0.007870153349358588,-0.024933351203799248,0.006217736428874828,1.292858600616455,1.2690027236938477,1.247607707977295,0.01158420096233877,80.0,351.4420471191406,174.23254165649413,97.65752410888672,64.83399274960944,-0.014007012498332186,1.2969854705035686,80.0,3476.6829941093915,6953.419920375348,10,0.19110870361328125,702.909912109375,348.5062044143677,195.35499572753906,129.66114788434095
0.0023587532341480255,-0.003779017541091889,-0.016286998987197876,0.0038579418051699057,1.2532645463943481,1.2443853065371513,1.235870361328125,0.0039084667348337175,80.0,395.51422119140625,294.3428436279297,200.92239379882812,52.36129254614213,-0.013077194774946704,1.2922036374157124,80.0,3187.3793440656223,6374.81066692309,11,0.19528484344482422,791.0534057617188,588.7181324005127,401.89520263671875,104.71740153005132
0.00260249525308609,-0.005654415808385238,-0.02337767370045185,0.005708435496141123,1.280028223991394,1.2690536096692084,1.2563153505325317,0.00509505775744216,80.0,11100.05859375,8792.006298828124,6871.32421875,852.2047334043383,-0.012458629861066583,1.2902744684368372,80.0,3654.431590295831,7308.913880592586,12,0.1962127685546875,22200.14453125,17584.049230957033,13742.70703125,1704.408333398934
0.013744194060564041,-0.010061840986600146,-0.035002849996089935,0.009540104385450618,1.309924602508545,1.2951484069228172,1.262559413909912,0.01392867083533582,80.0,3571.14892578125,2787.796029663086,2140.92626953125,343.76216657909396,-0.012274261486107626,1.2906493867819127,80.0,3587.7673164010043,7175.58497143342,13,0.19197511672973633,7142.35546875,5575.6380615234375,4281.884765625,687.5235107969378
0.0010641738772392273,-0.006179180898470804,-0.024033214896917343,0.005807179549371425,1.322718858718872,1.3019935190677643,1.2783660888671875,0.012682265560822923,80.0,425.4457702636719,248.37006816864013,107.4002685546875,94.59527027870824,-0.01183889858699071,1.2914596819451878,80.0,3349.2389415272637,6698.527368782248,14,0.19158339500427246,850.9177856445312,496.7785343170166,214.82533264160156,189.18247788286138
0.015785083174705505,-0.005327066645259037,-0.029716484248638153,0.006650756748983139,1.2768768072128296,1.2689298778772353,1.260558843612671,0.003904215354092186,80.0,414.3249206542969,319.54337844848635,240.5718231201172,49.04095005877953,-0.011404776457541932,1.2899576950073242,80.0,3147.259237322012,6294.567063260079,15,0.19524669647216797,828.6763305664062,639.122785949707,481.18670654296875,98.07586265689979
0.001766100525856018,-0.0056132940226234496,-0.021362103521823883,0.004996595351107522,1.2996294498443604,1.2927116453647614,1.2862026691436768,0.0032023633562150307,80.0,9403.59375,6993.723748779297,4486.5283203125,1010.4098409688542,-0.011042808805359529,1.290129816904664,80.0,3387.663269288093,6775.374399058521,16,0.19717073440551758,18807.21875,13987.484436035156,8973.08984375,2020.816555425773
0.0016667777672410011,-0.0029799382900819182,-0.01597003825008869,0.003564796293063258,1.2964112758636475,1.2886967912316323,1.282014012336731,0.003408427319142422,80.0,24640.947265625,18452.25760498047,14237.1474609375,2558.972349392552,-0.010568522304460846,1.2900455212768387,80.0,4273.815877269998,8547.678719794048,17,0.2013719081878662,49281.921875,36904.5478515625,28474.337890625,5117.941916535601
-5.029141902923584e-08,-0.017843430768698453,-0.03796452656388283,0.009651262609927052,1.3062574863433838,1.2989932328462601,1.2905625104904175,0.0031286524548711655,80.0,18753.8828125,15889.785815429688,13662.501953125,1061.877736144981,-0.01097268388580738,1.2905426163640288,80.0,4919.1475405010915,9838.342863182226,18,0.1953744888305664,37507.8203125,31779.63330078125,27325.08203125,2123.752985306034
1.4901161193847656e-08,-0.02191749521298334,-0.04549677297472954,0.010459772653279801,1.2993783950805664,1.2890369683504104,1.275285243988037,0.005413180446097864,80.0,5210.5859375,3915.3746795654297,2770.068603515625,572.0519349851647,-0.011548726587237693,1.290463371731733,80.0,4866.317389925531,9732.68370768271,19,0.2784430980682373,10421.2060546875,7830.818908691406,5540.208984375,1144.1056542128042
0.00777290016412735,-0.013955934206023812,-0.037826865911483765,0.009924464429169222,1.3452439308166504,1.3252202868461609,1.2961444854736328,0.011353485764669838,80.0,485.97088623046875,315.4349630355835,165.56858825683594,71.74363257085977,-0.011669086968176999,1.2922012174874544,80.0,4638.773268581033,9277.59573956847,20,0.3073434829711914,971.9786987304688,630.9243453979492,331.20684814453125,143.47962518440994
0.027752744033932686,-0.007114468142390251,-0.03172258660197258,0.013915761495101575,1.3286209106445312,1.3091872081160545,1.293131947517395,0.010742198391246346,80.0,808.5999755859375,475.4092430114746,180.49603271484375,129.6876933193028,-0.011452200357425248,1.2930100741840544,80.0,4440.517838792007,8881.084461260976,21,0.30963563919067383,1617.19140625,950.8588951110839,361.04986572265625,259.3619295630607
0.013544944114983082,-0.005423127283575013,-0.026594560593366623,0.007885404628778488,1.2969379425048828,1.2846148043870926,1.271681547164917,0.004240719811985103,80.0,1530.9005126953125,876.3137676239014,471.4988708496094,234.816927579341,-0.011178151581341148,1.2926284710114653,80.0,4278.508562829819,8557.065353128042,22,0.3083319664001465,3061.86962890625,1752.6640823364257,943.02197265625,469.6350629896983
0.004456963390111923,-0.00861241240054369,-0.032346174120903015,0.008753344983536925,1.2830274105072021,1.2639928698539733,1.240904450416565,0.009159529504710003,80.0,8867.2451171875,4379.799606323242,1641.1053466796875,1674.6758452124984,-0.011066597703915172,1.291383444874183,80.0,4282.912521242577,8565.873022074284,23,0.3039371967315674,17734.517578125,8759.641738891602,3282.23583984375,3349.3498890469136
0.010882217437028885,-0.003209468373097479,-0.021061010658740997,0.007088898222254795,1.2618107795715332,1.241899198293686,1.2222404479980469,0.009175844622077607,80.0,10979.1474609375,4881.82255859375,958.631103515625,2096.98860324561,-0.010739217315131102,1.2893216012666622,80.0,4307.867106132209,8615.781493388613,24,0.3024768829345703,21958.328125,9763.676333618165,1917.285400390625,4193.976652706456
0.008109087124466896,-0.0026140000089071693,-0.01626499369740486,0.004469927302686578,1.296743392944336,1.2851463660597802,1.265047550201416,0.00637929607768087,80.0,25781.73046875,9859.526730346679,2779.5634765625,3377.281594017286,-0.010414208622882145,1.289154591858387,80.0,4529.933491100788,9059.91360084057,25,0.38640928268432617,51563.4921875,19719.0841796875,5559.1630859375,6754.563983981618
0.00835508108139038,-0.008048925455659628,-0.03357015922665596,0.008030893823852792,1.320054292678833,1.3028595492243766,1.2851126194000244,0.007816956728394853,80.0,537.2823486328125,211.70035820007325,77.64324188232422,133.72628812514586,-0.010323236193373584,1.2896817056032328,80.0,4363.847601373838,8727.74164973314,26,0.32082366943359375,1074.591064453125,423.4428720474243,155.3307342529297,267.4451490358299
0.02604016661643982,-0.0027211168431676923,-0.02911202795803547,0.010197182892499452,1.3068948984146118,1.2796721011400223,1.2424323558807373,0.016888851755127072,80.0,557.7779541015625,185.72382202148438,71.81063842773438,127.912858581699,-0.010041676217440032,1.2893109795120028,80.0,4209.1022762126395,8418.250428626272,27,0.3278522491455078,1115.56689453125,371.4786798477173,143.6699981689453,255.81600047377498
0.010163325816392899,-0.005930725752841681,-0.024362612515687943,0.00778694669185562,1.2649364471435547,1.2358683794736862,1.2116281986236572,0.01021432462372626,80.0,388.57080078125,154.88746013641358,61.394920349121094,83.83020977057636,-0.009894856557990092,1.28740231522492,80.0,4064.3088899242025,8128.663324062313,28,0.3250911235809326,777.1630249023438,309.8115008354187,122.82196807861328,167.65196854086793
0.005180060863494873,-0.008857587055535987,-0.02708348259329796,0.007989346158527512,1.2982053756713867,1.2852776318788528,1.26181960105896,0.0063981828202762615,80.0,216.48361206054688,93.55519428253174,36.456077575683594,43.58881365635619,-0.009859088644112364,1.2873290502819523,80.0,3927.386348695179,7854.818168415694,29,0.3367273807525635,432.99188232421875,187.15381031036378,72.96788024902344,87.16841281576258
0.012324084527790546,-0.007286073523573577,-0.023635517805814743,0.008445850397244574,1.2915561199188232,1.2777162179350854,1.260679841041565,0.007037856929610198,80.0,228.99610900878906,88.19496440887451,35.72860336303711,34.24138683978745,-0.009773321473427738,1.287008622537057,80.0,3799.4133025523024,7598.871897915999,30,0.33510899543762207,458.01800537109375,176.4300534248352,71.5198974609375,68.47695721961333
0.019669461995363235,-0.004951756249647587,-0.024729527533054352,0.00796093273687617,1.2911193370819092,1.2676108658313752,1.2516043186187744,0.009021141117851647,80.0,159.13565063476562,84.96239728927613,38.61445236206055,27.20622441694423,-0.009617787111370313,1.2863828884497768,80.0,3679.5923056083334,7359.229580275474,31,0.34343767166137695,318.3000183105469,169.9600510597229,77.27587890625,54.4068328311251
0.020582148805260658,-0.006008681899402291,-0.029518235474824905,0.010074065323031985,1.3073395490646362,1.2864197909832,1.2721282243728638,0.007130980057252843,80.0,153.3711395263672,77.77160513401031,28.852386474609375,31.205569735879156,-0.009505002573496313,1.286384041653946,80.0,3567.035408718511,7134.11556075886,32,0.30683088302612305,306.7637634277344,155.58095574378967,57.710166931152344,62.40803680780064
0.012333035469055176,-0.006960017501842231,-0.027338143438100815,0.008237213286755507,1.2829303741455078,1.2592658549547195,1.2408443689346313,0.010219687791838654,80.0,103.73438262939453,52.436471819877625,20.044313430786133,21.233751912489197,-0.00942788181374922,1.2855622784206362,80.0,3460.5324106306734,6921.109393736089,33,0.31052446365356445,207.494384765625,104.91204900741577,40.155208587646484,42.46418588349602
0.01423126645386219,-0.007501848106039688,-0.024943295866250992,0.008202253243908771,1.2477970123291016,1.2219798952341079,1.1931157112121582,0.01183834464597967,80.0,115.8687973022461,36.095226037502286,12.60317611694336,25.2950944639078,-0.009371233763522469,1.2836922083269147,80.0,3359.8136699073452,6719.6717614496465,34,0.3055686950683594,231.7624053955078,72.22989599704742,25.26146125793457,50.58409386570545
0.0068092942237854,-0.012309384997934103,-0.033517986536026,0.00956621682607192,1.259589672088623,1.2306561440229415,1.2033933401107788,0.013587163921537802,80.0,64.4773941040039,31.131568706035615,11.970059394836426,10.278019848582842,-0.009455180941648517,1.282176892203944,80.0,3264.7084670158793,6529.461493093628,35,0.36974596977233887,128.9787139892578,62.312368988990784,24.008291244506836,20.54894917096847
0.013548532500863075,-0.006942929446813651,-0.027923837304115295,0.009341768982421407,1.2890135049819946,1.2746994569897652,1.2537200450897217,0.0074077538727552895,80.0,72.82328796386719,37.979999327659606,16.71746826171875,11.364327991600552,-0.009385396177903103,1.281969185670217,80.0,3175.0771206912063,6350.198656575548,36,0.3266735076904297,145.67202758789062,75.99937844276428,33.48720932006836,22.719195230020198
0.007077936083078384,-0.008248551248107106,-0.029729049652814865,0.008454808177090281,1.2946690320968628,1.276849402487278,1.260238766670227,0.007840847000827707,80.0,89.96875,39.34422217607498,12.467121124267578,16.51466776098584,-0.009354670639259967,1.281830813151759,80.0,3090.3275828935,6180.699516630818,37,0.3292384147644043,179.96302795410156,78.73047862052917,24.989219665527344,33.023249330128706
0.010040873661637306,-0.00951941463863477,-0.03517172858119011,0.009067080825255576,1.2673377990722656,1.2481985569000245,1.224466323852539,0.009489071617608378,80.0,67.64292907714844,33.43676480054855,12.316629409790039,13.694769143652703,-0.009359006007664566,1.2809457537767135,80.0,3009.8830876805278,6019.810517036916,38,0.3376739025115967,135.3109588623047,66.91753206253051,24.701189041137695,27.383844307856535
0.03711248189210892,-0.002895612810971215,-0.027839042246341705,0.01058609219152284,1.230597972869873,1.210657599568367,1.1789484024047852,0.010385216989040998,80.0,431.1978759765625,102.02922360897064,27.114364624023438,91.7405713235058,-0.009193277976980122,1.2791434934123969,80.0,2935.3227321915133,5870.689438397458,39,0.339191198348999,862.41796875,204.08845009803773,54.260345458984375,183.47709671031075
0.008280100300908089,-0.007874610315775498,-0.03181813284754753,0.008490089623009778,1.2000457048416138,1.1812415823340416,1.1681092977523804,0.007931281945018681,80.0,4847.7802734375,2080.4583068847655,765.8975830078125,997.1677541121505,-0.009160311285450006,1.2766959456354379,80.0,2913.951121558845,5827.946101592183,40,0.47310328483581543,9695.583984375,4160.955966186523,1531.8438720703125,1994.3283967842328
0.0003360956907272339,-0.018259682471398263,-0.03857595473527908,0.011710009495153767,1.1798019409179688,1.161849893629551,1.1383283138275146,0.008477352630814523,80.0,3899.404052734375,1320.8753707885742,692.3265991210938,688.8109140415437,-0.00938224716803411,1.273894822415782,80.0,2875.095615442497,5750.235477301551,41,0.3202476501464844,7798.8310546875,2641.8105056762697,1384.726318359375,1377.6038766346337
0.002771257422864437,-0.021718677913304417,-0.04379407316446304,0.012662498035622109,1.19584059715271,1.1802485659718513,1.1636055707931519,0.008674163593126734,80.0,1039.084716796875,681.9759670257569,448.9849548339844,121.16538577249682,-0.009675971709588164,1.2716651496433076,80.0,2822.878480956384,5645.801751166866,42,0.3219900131225586,2078.193115234375,1364.0189796447753,898.0269165039062,242.31740196182767
0.0028687268495559692,-0.01945175260771066,-0.04752852022647858,0.011159763210374625,1.2419273853302002,1.2219506606459618,1.1974611282348633,0.008941209993673118,80.0,479.35552978515625,296.48229827880857,198.14208984375,55.09599297803103,-0.009903315451404967,1.2705089987363924,80.0,2764.125081359231,5528.295383402913,43,0.3213953971862793,958.7357177734375,593.0279373168945,396.3670654296875,110.18318408745691
0.010074691846966743,-0.009745064575690776,-0.02448526956140995,0.0075583600501001715,1.270289421081543,1.2397787123918533,1.2106165885925293,0.011368150740293926,80.0,220.05850219726562,115.72625660896301,55.506614685058594,36.700059249148495,-0.00989971884059328,1.269810583137653,80.0,2703.934198978543,5407.91359739141,44,0.3194239139556885,440.1420593261719,231.49679889678956,111.07791137695312,73.39602247843851
0.015344982966780663,-0.004237837705295533,-0.023773085325956345,0.007878481328474992,1.262641191482544,1.2338271304965018,1.196807622909546,0.012543783243791374,80.0,730.2593383789062,369.2262861251831,177.3339385986328,123.08318394710331,-0.009773899259808887,1.2690109508567384,80.0,2652.051800915135,5304.14853354401,45,0.32274413108825684,1460.536376953125,738.4857242584228,354.6779479980469,246.16292820663057
0.006180921569466591,-0.006868775049224496,-0.02434762567281723,0.007534417432546238,1.2549686431884766,1.234274658560753,1.210414171218872,0.009651182986143822,80.0,6340.544921875,3249.063600921631,603.3423461914062,1354.3051736634545,-0.009710744385665748,1.2682558140676952,80.0,2665.0303183065807,5330.105426206277,46,0.32949376106262207,12681.15625,6498.165596008301,1206.742431640625,2708.6085730685704
0.002556845545768738,-0.0010476853349246085,-0.009720118716359138,0.002090319534071415,1.2435545921325684,1.2238658517599106,1.2056734561920166,0.007821157331740979,80.0,20525.0546875,12146.111267089844,6351.0107421875,3200.235186628356,-0.00952642398033083,1.267311346784551,80.0,2866.755444876437,5733.555297249429,47,0.32445287704467773,41050.1328125,24292.249365234376,12702.0546875,6400.469067148132
0.008067209273576736,-0.005632498668273911,-0.02188563160598278,0.006645176461562994,1.2632319927215576,1.2407059133052827,1.2252388000488281,0.0077552942534452095,80.0,21460.630859375,14032.340661621094,9984.330078125,2146.9950155890506,-0.009445300536329644,1.2667570669203998,80.0,3099.3718035586176,6198.7878488366805,48,0.3240478038787842,42921.2890625,28064.7177734375,19968.70703125,4293.986192561928
0.015964671969413757,-0.010877618700033054,-0.03799654543399811,0.009961184904757758,1.2441526651382446,1.2301472276449203,1.2061911821365356,0.006995423708156893,80.0,3772.164306640625,2991.657765197754,2013.5557861328125,340.364814458251,-0.009474531519262367,1.2660099273433492,80.0,3097.1735578777834,6194.391400004893,49,0.32758283615112305,7544.4140625,5983.361856079102,4027.144287109375,680.7320979737763
0.012907097116112709,-0.005341266718460247,-0.020916836336255074,0.0064334565348282404,1.2095756530761719,1.189033828675747,1.1680082082748413,0.009431898857432132,80.0,941.1817626953125,358.4439593315125,55.65026092529297,184.42532397246046,-0.009391866223246325,1.264470405369997,80.0,3042.3989659068584,6084.842019714832,50,0.3260612487792969,1882.3885498046875,716.9223855018615,111.34857940673828,368.84954750406484
0.004069581627845764,-0.004923113621771336,-0.018922846764326096,0.0051569812852128175,1.208654761314392,1.1762783363461495,1.1351475715637207,0.01486919116961249,80.0,569.2225952148438,121.59621772766113,14.876727104187012,109.19956640506037,-0.009304243623217403,1.2627411491146274,80.0,2985.1283237856974,5970.300525327756,51,0.3291769027709961,1138.4669189453125,243.22580597400665,29.78360939025879,218.39489788720266
0.023754535242915154,-0.0021523906325455755,-0.018502358347177505,0.0068337426888020435,1.2140395641326904,1.176635466516018,1.1277897357940674,0.014776088162977265,80.0,171.3459014892578,39.32932939529419,8.255976676940918,32.11999795821624,-0.009166707988781407,1.2610852706031157,80.0,2928.4783431243436,5857.00025553749,52,0.41612768173217773,342.71331787109375,78.68649623394012,16.51479721069336,64.23770974001786
0.03565488010644913,-5.1181064918637276e-05,-0.019397273659706116,0.010033766457524981,1.2597097158432007,1.22745191603899,1.1926031112670898,0.01251966843418709,80.0,45.04106521606445,19.17015609741211,8.160324096679688,8.504839864341935,-0.00899471691474626,1.260450679007566,80.0,2873.5857358219487,5747.214683993806,53,0.3466367721557617,90.10432434082031,38.36496372222901,16.36772346496582,17.01205447740233
0.017052706331014633,-0.005777099955594167,-0.033906690776348114,0.011180843594483392,1.2154582738876343,1.1967303901910782,1.1668198108673096,0.009835789852972808,80.0,68.81078338623047,36.19717401266098,15.864836692810059,11.797086563181022,-0.008935131415502702,1.2592706736591126,80.0,2821.041503195851,5642.126075705333,54,0.2476499080657959,137.64572143554688,72.42983641624451,31.787765502929688,23.586298284380515
0.014125855639576912,-0.007116586761549115,-0.03167962282896042,0.00921698429941847,1.2282238006591797,1.2058032900094986,1.1832503080368042,0.008840221829281214,80.0,55.97373962402344,28.386768543720244,10.404723167419434,8.879317989416238,-0.008902066967249002,1.2582985394109378,80.0,2770.265962565812,5540.574908625863,55,0.3012959957122803,111.97099304199219,56.81188633441925,20.859302520751953,17.75415903947738
0.009313724935054779,-0.008265469141770154,-0.028923917561769485,0.008099551697072398,1.1808815002441406,1.1574770912528038,1.1343514919281006,0.009328660558399293,80.0,66.81208801269531,33.09917901754379,13.499896049499512,10.922392729386251,-0.008890699148936879,1.256498156408114,80.0,2721.3879842881643,5442.818893090743,56,0.2533893585205078,133.6414794921875,66.23803865909576,27.055461883544922,21.839146273586465
0.0064291320741176605,-0.010034338425612077,-0.02821981906890869,0.007547952260902555,1.1657958030700684,1.114001040160656,1.0780208110809326,0.018172418370268686,80.0,63.74720764160156,36.081505036354066,18.017744064331055,9.434867376830045,-0.008910762995896092,1.2539982070002638,80.0,2674.27734430129,5348.597603013642,57,0.19173789024353027,127.531982421875,72.20535869598389,36.09220886230469,18.867648152800086
0.09204347431659698,-0.000706112981424667,-0.031140005216002464,0.015033340105494094,1.1611518859863281,1.1292352259159089,1.091970682144165,0.015819188700970523,80.0,68.62342834472656,36.28238816261292,17.182687759399414,11.825192659264887,-0.008769303512887964,1.251847121119499,80.0,2628.794672643727,5257.631933527569,58,0.19159674644470215,137.2835693359375,72.58877282142639,34.440948486328125,23.646376672668822
0.017376698553562164,-0.006111074925865978,-0.02738165110349655,0.008853781497755673,1.1542448997497559,1.1302893906831741,1.1047072410583496,0.0103721934153292,80.0,40.83310317993164,18.989938002824783,6.043781757354736,8.12859090889318,-0.008724248791074031,1.2497868206036291,80.0,2584.560694090492,5169.163844887079,59,0.31382155418395996,81.68704223632812,38.01470373868942,12.12093448638916,16.249824436875812
0.008886120282113552,-0.007926753701758571,-0.027755502611398697,0.008747495697752338,1.1217663288116455,1.0856826305389404,1.0559406280517578,0.01359637975434586,80.0,47.787384033203125,20.511980283260346,10.090505599975586,8.608258725816158,-0.008710957206252107,1.2470517507692176,80.0,2541.826548860371,5083.695472934048,60,0.32039570808410645,95.61028289794922,41.06152770519257,20.201684951782227,17.20826944511476
0.013922608457505703,-0.0040999594959430395,-0.03931422159075737,0.008378293965104693,1.0694769620895386,1.0289053477346897,0.9640839695930481,0.01758786225958597,80.0,480.4190979003906,130.32710332870482,50.252281188964844,81.20430621449184,-0.008635367079853597,1.243475580227668,80.0,2502.29377106477,5004.629694442085,61,0.33765625953674316,960.8603515625,260.68298492431643,100.532958984375,162.404089874021
0.00033769384026527405,-0.012575655395630747,-0.036335673183202744,0.007891637869340034,1.1310667991638184,1.0990872845053672,1.0609030723571777,0.014974344480089073,80.0,474.9476623535156,201.04269409179688,92.55458068847656,89.39473712952369,-0.008698920117204842,1.2411467367482762,80.0,2465.1768182103674,4930.3958690956715,62,0.37322449684143066,949.9176025390625,402.1325229644775,185.15887451171875,178.77953321243726
0.0009541362524032593,-0.014460541028529405,-0.034549348056316376,0.008932781974368191,1.2461888790130615,1.2187850669026374,1.193235158920288,0.010586510340275274,80.0,76.43663787841797,44.159612321853636,23.73091697692871,10.24806596003766,-0.008790374417384597,1.2407917896078693,80.0,2426.7479736724545,4853.53835564549,63,0.32706236839294434,152.8974151611328,88.37252173423767,47.51573944091797,20.49200935673638
0.008580463007092476,-0.006409225583774969,-0.02131745032966137,0.006766625354974308,1.2231135368347168,1.1945166006684302,1.1594188213348389,0.015032582313493543,80.0,14.21374797821045,4.127465365827083,1.8248951435089111,2.8438451940685905,-0.008753168966859447,1.2400687397806904,80.0,2388.8945282301634,4777.831375706103,64,0.3205077648162842,28.450307846069336,8.291639524698258,3.656777858734131,5.683497073075306
0.008495278656482697,-0.006071946589509025,-0.025899618864059448,0.008107419588025782,1.2026541233062744,1.163501462340355,1.1246562004089355,0.01412688800475343,80.0,35.162105560302734,13.929999935626984,4.817753314971924,5.378857322480348,-0.008711919391823288,1.2388907816662236,80.0,2352.356612410247,4704.75543782922,65,0.32931995391845703,70.34803009033203,27.895413708686828,9.66583251953125,10.753673946883998
0.011242377571761608,-0.004590968880802393,-0.023678438737988472,0.007205569162872088,1.170859694480896,1.121948054432869,1.0738193988800049,0.018969032240483387,80.0,34.15500259399414,12.62966690659523,5.094133377075195,7.04223453109818,-0.008649480747716909,1.237118922162688,80.0,2316.9062041450406,4633.854460814054,66,0.4570755958557129,68.33299255371094,25.29095482826233,10.231081008911133,14.080968008806911
0.017376862466335297,-0.006383155944058671,-0.02270308881998062,0.007150111976128645,1.1672568321228027,1.1445770889520646,1.1108934879302979,0.011993540056200304,80.0,168.14602661132812,78.31560859680175,22.658037185668945,33.45589128649226,-0.008615655004378726,1.2357377007714845,80.0,2283.494404211485,4567.030765505247,67,0.3390631675720215,336.30816650390625,156.66687512397766,45.345436096191406,66.9081466012781
0.0061263637617230415,-0.0010438915342092514,-0.008394904434680939,0.002559422294809852,1.1353200674057007,1.1042598739266396,1.0696744918823242,0.014105401506650348,80.0,588.1090698242188,256.6954668045044,115.48524475097656,83.82388599019575,-0.008504305541582116,1.2338042033178838,80.0,2253.6885374849116,4507.418770551945,68,0.3389861583709717,1176.240234375,513.4151086807251,230.99365234375,167.64668083929578
0.015112299472093582,-0.001224922708934173,-0.011444853618741035,0.004461820308877367,1.1428396701812744,1.0987594991922378,1.0620722770690918,0.01664257527698078,80.0,4261.533203125,1592.0539400100708,135.34689331054688,1055.087975823433,-0.008398807239659682,1.2318470336928744,80.0,2244.0996302751314,4488.240705791678,69,0.33716797828674316,8523.087890625,3184.132302093506,270.7333679199219,2110.174887534641
0.005232628434896469,-0.0011138627189211548,-0.017265331000089645,0.003990927912287068,1.0354382991790771,0.9709282606840134,0.9091945886611938,0.023547521713352216,80.0,8276.0712890625,4981.172630310059,1335.8634033203125,1335.3194924707611,-0.008294736603649131,1.228119622649891,80.0,2283.2006731327733,4566.442510013836,70,0.33307886123657227,16552.166015625,9962.367001342773,2671.745361328125,2670.6393797011483
0.0011129528284072876,-0.0034138392453314736,-0.014935662969946861,0.004133867620451416,0.8699710369110107,0.8214555531740189,0.7728443145751953,0.023620225903132928,80.0,9568.62109375,5426.769445800781,2345.085693359375,1656.2258003155848,-0.00822599157043339,1.2223919596995265,80.0,2327.476289649224,4654.993491060213,71,0.33656740188598633,19137.255859375,10853.56216430664,4690.201171875,3312.4497517660166
0.0027525583282113075,-0.003967848554020747,-0.015329713933169842,0.0038855413228631565,0.8380983471870422,0.7925837457180023,0.7313005328178406,0.01933710359621827,80.0,5394.2177734375,2512.1323478698732,873.3203735351562,999.2979782893566,-0.008166850695205438,1.2164224011720055,80.0,2330.0409571245104,4660.122588102272,72,0.3407280445098877,10788.4755859375,5024.288478088379,1746.6590576171875,1998.594947454102
0.0032975301146507263,-0.003982880362309515,-0.014800459146499634,0.004055406413026316,0.9770183563232422,0.932209138572216,0.8813571929931641,0.020098368255586103,80.0,579.6547241210938,225.86623840332032,113.05651092529297,86.3254585902106,-0.008109536033110975,1.212529068807625,80.0,2301.2166459091513,4602.473773028998,73,0.3341813087463379,1159.327880859375,451.7590877532959,226.1549072265625,172.64791612192445
0.003497239202260971,-0.005957708292407915,-0.028057826682925224,0.005579285077573081,1.0116949081420898,0.9613813124597073,0.9180710315704346,0.021496104271340116,80.0,246.54942321777344,60.579187262058255,10.644140243530273,48.74213717018737,-0.00808045727985823,1.2091351802083288,80.0,2270.9377613328393,4541.915877694939,74,0.43988919258117676,493.1175537109375,121.18951830863952,21.32353973388672,97.47970857606118
0.01374366320669651,-0.0014952573110349476,-0.01380431093275547,0.005510458500871705,1.064699649810791,1.019683288782835,0.9660806655883789,0.019252554870818568,80.0,38.2382698059082,13.89998218715191,3.573098659515381,7.9818250616353215,-0.007992654613607254,1.206609154989322,80.0,2240.8439242775635,4481.7279773107375,75,0.3308753967285156,76.49659729003906,27.823348879814148,7.181601524353027,15.963069083048344
0.0179726704955101,-0.002290699927834794,-0.02685471437871456,0.007264893138961051,1.0160903930664062,0.9816568404436111,0.9430516362190247,0.017437739804559923,80.0,30.57132911682129,10.695468708872795,1.7017548084259033,6.025193828596001,-0.007917628894057616,1.2036492561137204,80.0,2211.4998656516595,4423.039650661263,76,0.3324089050292969,61.16778564453125,21.41515195071697,3.4123919010162354,12.04918218218705
0.022537827491760254,-0.005749703227775171,-0.023013819009065628,0.009558670369135751,1.1207696199417114,1.0729031458497047,1.0217818021774292,0.020294221001418058,80.0,27.274187088012695,9.643928524851798,3.267221450805664,4.524850189282209,-0.007889474015274726,1.2019512546817204,80.0,2182.904334000662,4365.848496944448,77,0.33530306816101074,54.5729866027832,19.320814466476442,6.555359840393066,9.041797972656935
0.00748070701956749,-0.007498947239946574,-0.02503051608800888,0.007315326697544733,1.1256694793701172,1.0954944908618927,1.054935336112976,0.013959314781968742,80.0,28.67695426940918,10.754798537492752,3.740562915802002,4.381719516935616,-0.007884467261744878,1.200586424376338,80.0,2155.0562630331856,4310.152317560063,78,0.3470954895019531,57.375831604003906,21.546504962444306,7.517675399780273,8.756716409362085
0.01168116182088852,-0.004138206515926867,-0.02304341271519661,0.006512415236559332,1.10409414768219,1.046647085249424,0.9935072660446167,0.022742617642829897,80.0,43.92216873168945,16.316230112314223,4.1225762367248535,8.06598468647488,-0.007837046239645916,1.1986378251468832,80.0,2127.9836043886176,4256.006866319006,79,0.33519554138183594,87.86376953125,32.661669516563414,8.271768569946289,16.130708740855503
0.015034583397209644,-0.006223896966548637,-0.028582600876688957,0.008382628009334642,0.9463019371032715,0.9078590877354145,0.8616251945495605,0.019890108387426907,80.0,37.60708236694336,10.485429614782333,3.696321725845337,6.794615599239092,-0.007816881873732199,1.19500309092924,80.0,2101.514877203945,4203.069298791103,80,0.3359944820404053,75.23222351074219,21.001464086771012,7.445157051086426,13.583958481667933
0.014730550348758698,-0.006179539707954973,-0.024177882820367813,0.00714338636159717,0.9334264993667603,0.8753206834197045,0.8121991157531738,0.028858518074097842,80.0,24.456472396850586,6.002641099691391,2.0887246131896973,4.380023350954544,-0.007796667772920134,1.1910563945402333,80.0,2075.6443557705593,4151.328136431545,81,0.3282811641693115,48.930572509765625,12.035147666931152,4.219687461853027,8.755344513519017
0.007779124192893505,-0.011567962227854878,-0.04178618639707565,0.011682898217105357,0.9963474273681641,0.9402266010642052,0.8748135566711426,0.027302320670134092,80.0,20.458864212036133,6.832269656658172,2.7155580520629883,3.849670174897872,-0.007842659168712022,1.187997494619794,80.0,2050.414940086243,4100.869335741132,82,0.23445367813110352,40.93180465698242,13.70647981762886,5.482349395751953,7.68658998222003
0.01639299839735031,0.0053088195563759655,-0.007811933755874634,0.005047503683825584,0.9622772336006165,0.9235336579382419,0.8823583126068115,0.018171906934342074,80.0,2510.3056640625,946.2671600341797,378.048828125,494.8824439474315,-0.007684207617807346,1.184811183334474,80.0,2037.111954784411,4074.2629841990138,83,0.2670302391052246,5020.63037109375,1892.5421577453612,756.1300048828125,989.7650216162555
0.005557724740356207,-0.0033370731340255587,-0.018491163849830627,0.0044785914880845976,1.0290181636810303,0.9999035522341728,0.9672521948814392,0.013387528849510251,80.0,4120.458984375,1388.394930267334,441.76947021484375,904.9148968190849,-0.007632456016809944,1.1826099020118515,80.0,2029.3891330639697,4058.8171931120964,84,0.22860193252563477,8240.9375,2776.8165328979494,883.5487060546875,1809.8265669368823
0.01165788248181343,-0.00825610178289935,-0.029513757675886154,0.008392389195116675,1.1284894943237305,1.1102470830082893,1.0770726203918457,0.01001405024777322,80.0,1267.259033203125,846.868058013916,504.291259765625,138.0490601934611,-0.007639793025822761,1.1817585747294566,80.0,2015.4771204163217,4030.9931652732803,85,0.19315886497497559,2534.53955078125,1693.774826812744,1008.6508178710938,276.09289817743706
0.007871221750974655,-0.01225968821090646,-0.04117570444941521,0.008992912052766217,1.20880925655365,1.1865691870450974,1.1647791862487793,0.009432391780750608,80.0,47.6934928894043,14.988361394405365,4.440309047698975,8.59530375734457,-0.007693512737277223,1.1818145120819639,80.0,1992.2156232183925,3984.4702793221486,86,0.19895029067993164,95.41070556640625,30.024973475933074,8.943541526794434,17.182192954299413
0.009008225053548813,-0.00697417450719513,-0.02403692901134491,0.0077833579000885006,1.1679409742355347,1.1402551338076592,1.1136385202407837,0.010479131216162788,80.0,28.63180160522461,9.780584448575974,2.6419899463653564,5.354884379865523,-0.007685244481759039,1.181336818078811,80.0,1969.4290135773601,3938.8970338398353,87,0.19530487060546875,57.27246856689453,19.597922360897066,5.332010269165039,10.702879316895629
0.009298494085669518,-0.004087218770291656,-0.022570710629224777,0.0064367786662835194,1.1081575155258179,1.0888552486896514,1.0678160190582275,0.009047378143837742,80.0,70.07815551757812,14.825435960292817,4.867936611175537,12.52200521331711,-0.00764435782594691,1.1802858911539342,80.0,1947.2176092862574,3894.47412235808,88,0.20389842987060547,140.1781463623047,29.68082344532013,9.802787780761719,25.040088740336387
0.019701145589351654,-0.0033768686931580304,-0.021145079284906387,0.006693095930780098,1.173112392425537,1.141717965900898,1.1199779510498047,0.01229262424157363,80.0,33.859806060791016,10.511293888092041,3.956663131713867,5.51175461248168,-0.007596408509848158,1.179852543679181,80.0,1925.456864169424,3850.9525274534244,89,0.201324462890625,67.7413558959961,21.052175843715666,7.966343879699707,11.02003721383577
0.014323710463941097,-0.001059954083757475,-0.016664203256368637,0.006032609026537396,1.2265117168426514,1.199269527196884,1.1728723049163818,0.010279518436917589,80.0,39.47148513793945,19.662081199884415,6.375036716461182,6.525368748887376,-0.00752378123844715,1.180068287940489,80.0,1904.2813665808735,3808.6013912350936,90,0.2002561092376709,78.98643493652344,39.35026780366898,12.80004596710205,13.048649233245339
0.01816006749868393,-0.0011901266931090503,-0.018531035631895065,0.008681022572149855,1.1763086318969727,1.1365981176495552,1.1134777069091797,0.010685158300847243,80.0,353.4434509277344,118.89232256412507,30.965181350708008,65.04631361270789,-0.007454180639047831,1.1795905937614677,80.0,1884.6617067565135,3769.3619227342883,91,0.19175934791564941,706.9151000976562,237.80975766181945,61.96677017211914,130.08759734658898
0.0075194984674453735,-0.00285114100552164,-0.018384870141744614,0.00509665064979286,1.1238454580307007,1.0774509370326997,1.0446884632110596,0.018313163934049314,80.0,991.0209350585938,469.20137176513674,201.5057830810547,182.94598163635308,-0.007404147599552981,1.1784803801013723,80.0,1869.2762683326944,3738.5909234447654,92,0.19950604438781738,1982.063232421875,938.4299880981446,403.05450439453125,365.88660690894426
0.002255205065011978,-0.005841377918841317,-0.0258012767881155,0.006002168794086523,1.172516107559204,1.133780500292778,1.088639259338379,0.016603141782984332,80.0,685.2108154296875,321.48475675582887,66.34503936767578,136.5450906017511,-0.0073873436244915654,1.1779997362324626,80.0,1852.633348853373,3705.3050411456697,93,0.17616701126098633,1370.4443359375,643.0038696289063,132.764404296875,273.083466737177
0.009223248809576035,-0.0018443213426508009,-0.011519316583871841,0.00384262015324984,1.06119704246521,1.026811833679676,0.9698218703269958,0.01780846369176388,80.0,13376.572265625,7499.950347900391,2316.876953125,2244.3365267889644,-0.007328375302344323,1.1763913542904116,80.0,1912.711189268767,3825.4605723631194,94,0.18781399726867676,26753.162109375,14999.924975585938,4633.771484375,4488.672588912906
0.0005273129791021347,-0.0019022076623514295,-0.006397489458322525,0.0018366884458082692,0.78534996509552,0.7351280555129052,0.6986005306243896,0.01836570213035403,80.0,9214.951171875,4441.736027526856,931.1714477539062,1681.784243014447,-0.007271257748239134,1.1717464774611748,80.0,1939.332503355694,3878.70299334341,95,0.20599031448364258,18429.91796875,8883.490565490723,1862.361328125,3363.567631125088
0.010193735361099243,-0.012693261716049165,-0.03391074389219284,0.009551908269025055,0.8767386078834534,0.8177318051457405,0.7425323128700256,0.025596195234359544,80.0,170.643798828125,88.46549491882324,54.23824691772461,23.734265332581213,-0.007327736956237156,1.1680588246245558,80.0,1920.052638684477,3840.1433031058873,96,0.2111036777496338,341.30322265625,176.97273054122925,108.51191711425781,47.45974595917744
0.004529372788965702,-0.014577856205869466,-0.03687107935547829,0.008681355216416439,0.9418615102767944,0.9047058768570423,0.8483710885047913,0.018882888898814426,80.0,92.64505767822266,45.730148911476135,22.03497314453125,17.57695401525549,-0.007402480453656045,1.1653438457815917,80.0,1900.729726418776,3801.4975736791635,97,0.20094823837280273,185.3138427734375,91.50754871368409,44.09764099121094,35.14803690729135
0.017303738743066788,-0.006596404640004039,-0.02564001828432083,0.006725895430714601,1.0068185329437256,0.9635134726762772,0.9161050915718079,0.018862950622575807,80.0,25.78131103515625,9.723668152093888,3.0094470977783203,5.342072987753055,-0.007394255190251433,1.1632843521784764,80.0,1881.4337462323813,3762.9055555738664,98,0.19676494598388672,51.58842086791992,19.47979936003685,6.064729690551758,10.680323168225463
0.02203182876110077,-0.008285588904982433,-0.034078825265169144,0.009535679000484592,0.9312095642089844,0.8767408303916454,0.8068569898605347,0.02437086547091478,80.0,13.616615295410156,4.109046359360218,1.3106117248535156,2.380365408577935,-0.0074032585611073015,1.1603899731705285,80.0,1862.4708704760883,3724.9797640898014,99,0.19510674476623535,27.250080108642578,8.252198651432991,2.674776554107666,4.753369532618915
0.03499282896518707,-0.0037579436087980867,-0.022169727832078934,0.011487712303615265,1.0105466842651367,0.951046409457922,0.8728049993515015,0.029353776645793504,80.0,15.9244966506958,4.655688542872667,0.9171271920204163,2.888267856804228,-0.00736680541158421,1.1582965375334024,80.0,1843.892718656756,3687.823345588029,100,0.19670724868774414,31.86746597290039,9.337913912534713,1.866175889968872,5.767222299099553
0.014211427420377731,-0.007706792704993859,-0.02847544103860855,0.00856942322893015,1.1254003047943115,1.0885052025318145,1.0581248998641968,0.014118839180608618,80.0,25.735193252563477,8.724652022123337,3.160416841506958,4.5701953622125675,-0.007221273508039302,1.1554944811314345,80.0,1606.3888133215087,3212.8151884915833,101,0.19311165809631348,51.49197006225586,17.486487621068953,6.31776237487793,9.137468855691408
0.00680115818977356,-0.008150607475545257,-0.023867907002568245,0.0077306310403666735,1.0815536975860596,1.041016837209463,0.9968104958534241,0.018351927865958517,80.0,13.54185676574707,6.9647394746541975,2.271721124649048,2.3686670456594627,-0.007142127013765277,1.1522362024411559,80.0,1585.5776581649855,3171.192654698015,102,0.26357269287109375,27.103071212768555,13.966600501537323,4.597591876983643,4.731571175523411
0.02213864028453827,-0.0025602179986890404,-0.018248911947011948,0.006914583154387754,1.0871301889419556,1.0236982531845569,0.988052487373352,0.017915807651496342,80.0,36.71466827392578,8.770259061455727,2.3793840408325195,6.535646701736561,-0.00689925799681805,1.1489538656175138,80.0,1558.3483472973478,3116.733482632459,103,0.3376133441925049,73.45065307617188,17.56611253619194,4.790225028991699,13.06541963726145
0.016886111348867416,-0.004902222543023527,-0.0238595362752676,0.008372889853963589,1.088866114616394,1.0446176633238793,0.9768214225769043,0.024678469283313333,80.0,20.0933895111084,2.970419183000922,0.4528751075267792,4.228263188368996,-0.006761309894616716,1.1463669572621584,80.0,1549.2125859816704,3098.461632432029,104,0.3323242664337158,40.2080078125,5.971535132825375,0.9377952814102173,8.452887860687277
0.02018965780735016,-0.0024667326186317952,-0.02379189059138298,0.010188031941374083,1.1277685165405273,1.0930284053087234,1.0516650676727295,0.014881282132341423,80.0,14.938048362731934,3.3187274023890496,1.0780768394470215,2.4964375860940557,-0.006626883855031338,1.1446154720336201,80.0,1544.6753197568542,3089.386796107635,105,0.32896876335144043,29.898117065429688,6.6642488777637485,2.161806106567383,4.9845568744331334
0.006629209034144878,-0.007812473335070536,-0.023141494020819664,0.007058502238525817,1.077070951461792,1.0454148739576339,1.0023714303970337,0.015272594949572605,80.0,14.392704963684082,4.0274928823113445,1.5077742338180542,2.871443331292835,-0.006573845971375704,1.1420088429301978,80.0,1544.233493654493,3088.502985701338,106,0.3324108123779297,28.80946922302246,8.091519132256508,3.046804904937744,5.737579966304207
0.012541106902062893,-0.006428603376843966,-0.02301713265478611,0.006086710434764485,1.143906831741333,1.109334060549736,1.051416039466858,0.016355603606632244,80.0,12.084610939025879,2.6717800691723825,1.2253891229629517,1.9549310850576158,-0.006573981131572509,1.1403021391630175,80.0,1543.5090068612883,3087.0539782537976,107,0.33679890632629395,24.191003799438477,5.378604048490525,2.4908814430236816,3.9046833221790505
0.056551314890384674,0.0006105741776991636,-0.02028089202940464,0.012237135372211118,1.2207717895507812,1.1883377775549888,1.1368119716644287,0.014454008967174758,80.0,11.728682518005371,1.9152083545923233,0.6037647128105164,2.3007986169306793,-0.006500788696546805,1.1399077165126803,80.0,1502.2662346589455,3004.568279910386,108,0.31525683403015137,23.481565475463867,3.852962289750576,1.2378668785095215,4.6019245095619805
0.020459920167922974,-0.008922521525528282,-0.03380506858229637,0.01079514504120115,1.1455323696136475,1.105686928331852,1.0769929885864258,0.013899859187148277,80.0,19.477428436279297,3.673495253920555,1.4685324430465698,3.94923491179675,-0.006528201669250847,1.1386844177395108,80.0,1498.397112399418,2996.830065788448,109,0.30921196937561035,38.97706985473633,7.386949241161346,2.9515578746795654,7.890010662152473
0.01517367921769619,-0.0010091911652125418,-0.025401264429092407,0.00747816947792355,1.095001220703125,1.0486476689577102,1.0032954216003418,0.023707110046219143,80.0,25.436033248901367,8.987949681282043,3.9707345962524414,4.5435739374702715,-0.006459592047409387,1.1364808671921494,80.0,1496.7446664796662,2993.52499265343,110,0.30649542808532715,50.88496780395508,17.998890912532808,7.957880973815918,9.084150326645409
0.022941019386053085,-0.0028154224622994662,-0.01174098625779152,0.005325322528524401,1.058901071548462,1.0255705639719963,0.987513542175293,0.01530095958179738,80.0,137.6229705810547,42.70149657726288,15.716669082641602,23.9456792502588,-0.006449956096621463,1.1342927197664978,80.0,1494.2282530091593,2988.492102680981,111,0.3085165023803711,275.27239990234375,85.4291351556778,31.46629524230957,47.88959640345129
0.004012346267700195,-0.0012070261291228235,-0.01356404647231102,0.0031376251058106803,1.043256163597107,0.9953972019255162,0.9401230812072754,0.02062883517166099,80.0,335.3330383300781,109.61179947853088,32.80759811401367,69.36606520366988,-0.006405482199828841,1.1315561556890608,80.0,1407.4043080156634,2814.84406958276,112,0.3024404048919678,670.6867065429688,219.24592113494873,65.6423568725586,138.73050358385132
0.006158383563160896,-0.0013898560951929539,-0.012499302625656128,0.0028588855738504717,1.0826630592346191,1.0502179875969886,1.0030850172042847,0.018365190800011498,80.0,517.1007080078125,177.8110723018646,44.76243209838867,87.80063455117683,-0.006318762350914767,1.1291068514958025,80.0,1381.3044584420513,2762.6441482475393,113,0.3013138771057129,1034.2222900390625,355.64592800140383,89.54550170898438,175.59983512041745
0.004169963300228119,-0.00010004988871514797,-0.004266887903213501,0.0016691677923134454,1.0157835483551025,0.9444533415138722,0.87928706407547,0.026551098265255115,80.0,10545.76953125,5794.582592773438,2038.818603515625,1947.4170620364223,-0.006257971040817211,1.1255314497202635,80.0,1436.766583688099,2873.56820689851,114,0.3078601360321045,21091.5546875,11589.184399414062,4077.65625,3894.8340281965484
0.012105504982173443,-0.001037912641186267,-0.012724081054329872,0.003622462194203211,0.44430142641067505,0.40090366415679457,0.36275041103363037,0.018169629996478143,80.0,12711.060546875,5599.881341552735,1098.737548828125,2199.530458959015,-0.006215079500776481,1.1168511875830593,80.0,1489.5699633191416,2979.174706883251,115,0.3065667152404785,25422.13671875,11199.772784423829,2197.48046875,4399.063060061316
0.0025516562163829803,-0.006311252852901817,-0.029977280646562576,0.006002800826363612,0.49996790289878845,0.4499939542263746,0.4073115587234497,0.02294237511179414,80.0,367.8183898925781,122.66418590545655,60.81407928466797,68.71300738573002,-0.006222059089079266,1.1084240106716754,80.0,1420.859367690403,2841.7533624656794,116,0.3077709674835205,735.6453857421875,245.3499942779541,121.65281677246094,137.420242008567
0.018371503800153732,-0.0074140928336419165,-0.023287544026970863,0.008449885358256486,0.9233427047729492,0.8645081587135792,0.7839615345001221,0.02434877755114884,80.0,18.16716766357422,8.396077340841293,4.582606792449951,2.9157832665356858,-0.006266400634514866,1.1041821243464947,80.0,1236.4207524140068,2472.8761266799575,117,0.30788326263427734,36.351226806640625,16.824272990226746,9.181661605834961,5.826330907551109
0.00392120610922575,-0.00542656485340558,-0.02162759192287922,0.0051729256903575846,1.067878246307373,1.0352012008428573,0.9867157936096191,0.01654136046466675,80.0,59.83961868286133,17.308486653864385,1.9581973552703857,12.479377330611337,-0.006142231975361937,1.1015442040264607,80.0,1077.6959791262486,2155.4262789775435,118,0.30473780632019043,119.70036315917969,34.648530539870265,3.9413845539093018,24.955504520563192
0.017612628638744354,-0.0018165246699936688,-0.018007071688771248,0.007371921338182919,1.028538703918457,1.007619108259678,0.9707381129264832,0.01336003295186405,80.0,10.830015182495117,2.62196791023016,0.3901534378528595,2.3065264534140915,-0.0059412222699320415,1.0987300254255532,80.0,1038.5684520096966,2077.1707671034264,119,0.28705620765686035,21.679445266723633,5.267721279710531,0.8077797889709473,4.61229192321924
0.04078053683042526,-0.0031241689692251386,-0.029439054429531097,0.013563329107669614,1.1049171686172485,1.0675219595432281,1.0153942108154297,0.01758060471251233,80.0,7.364285945892334,2.1391829535365106,0.6913071870803833,1.3653637776906313,-0.0058329046175640544,1.096153042152524,80.0,1035.4354942088764,2070.9045832964707,120,0.2805619239807129,14.746365547180176,4.305964702367783,1.4486808776855469,2.7199690103740393
0.02035701274871826,-0.0034076985204592345,-0.026527874171733856,0.008168912194204726,1.1138241291046143,1.0877572402358056,1.0493497848510742,0.013651165968458178,80.0,16.865280151367188,3.692470321059227,1.0720082521438599,3.172173492439117,-0.005795836921344745,1.0939387424737215,80.0,1030.7183264819719,2061.4701294572283,121,0.32457876205444336,33.751895904541016,7.41351118683815,2.218939781188965,6.338863612945443
0.006735209375619888,-0.007149993849452585,-0.02425958588719368,0.0059266813909248164,1.1283979415893555,1.0822285488247871,1.0304882526397705,0.018868376095231565,80.0,13.987528800964355,4.632481010258198,1.1984882354736328,2.798135789340746,-0.005813105587003519,1.0919148799180984,80.0,1022.0015136158356,2044.036497699998,122,0.330031156539917,28.005517959594727,9.300906613469124,2.4489693641662598,5.591602332411444
0.0066650621592998505,-0.0013730225735343992,-0.01355893537402153,0.0036639429068045493,1.0952742099761963,1.0507537804543972,0.9963808655738831,0.02019281538005919,80.0,43.099525451660156,10.261156471073628,1.6962846517562866,9.354845976175957,-0.005740711688733428,1.0897824890241028,80.0,978.3061291173135,1956.645541050099,123,0.2650868892669678,86.218017578125,20.54607390165329,3.43422794342041,18.707763614807842
0.010656509548425674,-0.0034252551151439546,-0.018455177545547485,0.006880132791618422,1.1214544773101807,1.0788843601942062,1.0455952882766724,0.01910597067251963,80.0,20.60601043701172,3.371115763485432,0.838251531124115,4.242117307089185,-0.0057428695561538914,1.088152340643108,80.0,929.5216146890109,1859.0764843122734,124,0.32986927032470703,41.232688903808594,6.770659835636616,1.6858453750610352,8.483023135276538
0.02917206846177578,-0.0018167944625020027,-0.018608249723911285,0.007530087815353149,1.165954351425171,1.1299384847283362,1.0941135883331299,0.014037713208165553,80.0,14.174545288085938,2.104052696377039,0.6317517161369324,2.6330911705261077,-0.005734897500689842,1.0866002618297936,80.0,830.947387912508,1661.9279858925265,125,0.2743546962738037,28.37349510192871,4.2343377128243445,1.2970225811004639,5.2662469033849835
0.0339302197098732,0.0012072134704794735,-0.02800711616873741,0.011890851775556543,1.1326727867126465,1.0913225889205933,1.0499300956726074,0.01779867781548972,80.0,14.996048927307129,4.45411527454853,1.7081162929534912,3.0681121901895656,-0.00564233611142845,1.0844848922267558,80.0,828.8749254832529,1657.7828335975332,126,0.3317224979400635,30.013916015625,8.92764254808426,3.4644572734832764,6.127545185605264
0.0060585904866456985,-0.0036203337775077673,-0.020284060388803482,0.005660725247717879,1.1145392656326294,1.0908577144145966,1.0556422472000122,0.011158063088635383,80.0,11.5510835647583,2.5711271703243255,0.8911266326904297,2.454990571185597,-0.00565132828077185,1.0825967483595016,80.0,827.0433985347412,1654.11975992053,127,0.3282628059387207,23.12869644165039,5.171312147378922,1.804412603378296,4.907419129883416
0.025422492995858192,-0.007263458747183904,-0.023971322923898697,0.007345211136774358,1.169480323791504,1.1414284825325012,1.101218342781067,0.014954231802932014,80.0,9.805692672729492,2.522929014265537,1.2248477935791016,1.8092740774761369,-0.005664655610715274,1.0816523493900896,80.0,825.5197532235198,1651.0724770471675,128,0.2170257568359375,19.635299682617188,5.083213499188423,2.4706854820251465,3.614826228423933
0.019087499007582664,-0.0047815856582019475,-0.028093557804822922,0.011782327250489659,1.1582125425338745,1.1345244333148004,1.1053895950317383,0.012536061570794964,80.0,37.08919906616211,9.99982100725174,4.537921905517578,7.055789875547152,-0.005623895596741932,1.080144817404449,80.0,824.6841994907669,1649.401257902108,129,0.2332298755645752,74.20529174804688,20.031895804405213,9.117443084716797,14.102666297119539
0.009754827246069908,-0.007214524538721889,-0.02677810564637184,0.008957099597349093,1.0674879550933838,1.0260148011147976,0.987647294998169,0.0163900661285567,80.0,27.17247200012207,11.62006316781044,5.741176605224609,4.44305442537498,-0.005623180106893415,1.0776278032362463,80.0,823.9184504783562,1647.8697081247196,130,0.21284246444702148,54.36553192138672,23.275075685977935,11.549115180969238,8.877398238732653
0.002002513036131859,-0.002692996658151969,-0.015335533767938614,0.003113259917162333,1.070057988166809,1.0334431186318398,0.9997605085372925,0.014716075141359199,80.0,106.16541290283203,24.835877990722658,6.15936279296875,18.970061340446627,-0.005600592510978458,1.0752861257642508,80.0,823.3171852853708,1646.6670857200254,131,0.20228958129882812,212.35208129882812,49.69781059026718,12.344121932983398,37.937897206756425
0.006244265474379063,-0.00400689042871818,-0.021078867837786674,0.005569815372062656,1.021296501159668,0.9692135401070118,0.9177541732788086,0.02073210379356611,80.0,337.2304382324219,134.5472990989685,44.573150634765625,71.17316823223888,-0.005580574596271617,1.0721140632554889,80.0,823.8849422250205,1647.802496120892,132,0.20032167434692383,674.4813232421875,269.12199583053587,89.16708374023438,142.34579984168045
0.01216773223131895,-0.0044962068321183326,-0.02317860722541809,0.007241313728073358,1.137103796005249,1.0770404145121575,1.0283242464065552,0.01956748234000147,80.0,3765.415771484375,1593.2396763801576,85.39189910888672,968.5906854627692,-0.005555936489574378,1.0702918088510631,80.0,839.2929742706233,1678.6184745115863,133,0.20591521263122559,7530.85205078125,3186.5098880767823,170.79879760742188,1937.1848072349037
0.013810334727168083,-0.0005580080323852599,-0.011194329708814621,0.004851414371894601,1.0342540740966797,0.9981385342776775,0.9364427328109741,0.02085022524883002,80.0,10554.8125,6693.75541381836,2776.405029296875,2024.9361303815647,-0.005486498088837833,1.0680533952414988,80.0,905.8695761484319,1811.7714935447796,134,0.19714665412902832,21109.65625,13387.531799316406,5552.84814453125,4049.872102942342
0.008146042004227638,-0.0021993826783727856,-0.01637311838567257,0.00512829820870996,0.9042493104934692,0.8691295221447944,0.8340135216712952,0.01617770363696075,80.0,7317.5693359375,2576.575901031494,542.657958984375,1278.0715348774588,-0.005385398065642222,1.0644381290227174,80.0,931.3240194716864,1862.680105893098,135,0.2042086124420166,14635.1748046875,5153.173603820801,1085.33056640625,2556.1445388858688
0.009157612919807434,-0.008735124056693166,-0.027607381343841553,0.008246937871967395,1.0143284797668457,0.9827845700085163,0.9474628567695618,0.014340508896580277,80.0,28.92056655883789,11.772854471206665,4.554073333740234,5.306593387746056,-0.005403320011741017,1.061518980152905,80.0,931.0619480231218,1862.155940456353,136,0.21263360977172852,57.861141204833984,23.58283476829529,9.174337387084961,10.605740666420859
0.022107990458607674,-0.007260470121400431,-0.0402253158390522,0.011538548970963916,1.1476421356201172,1.1122671201825143,1.0827853679656982,0.015851605309793553,80.0,7.540161609649658,2.6771817833185194,1.1566802263259888,1.4424513149743308,-0.00539343920047395,1.0598731573298572,80.0,930.6952776191943,1861.4225469687506,137,0.20800137519836426,15.107336044311523,5.391129860281945,2.3660058975219727,2.8801272745010302
0.04794926196336746,-0.0048580121772829445,-0.028995268046855927,0.014132350068929812,1.1568251848220825,1.1212315008044242,1.0485987663269043,0.021037808393247117,80.0,2.068167209625244,0.6722921874374151,0.21541833877563477,0.409745375031808,-0.0053468251758604325,1.0586034867689014,80.0,930.3676328930632,1860.7671388983426,138,0.2151477336883545,4.159051895141602,1.3767250217497349,0.4718470573425293,0.8181885207863178
0.029902895912528038,-0.008619964006356895,-0.03791508078575134,0.0123132719429156,1.20082426071167,1.1690164178609848,1.1477309465408325,0.012515130873413077,80.0,1.3426834344863892,0.6097460594028234,0.23870983719825745,0.24460381296851452,-0.005404068687814289,1.0581870749518276,80.0,929.3534381175674,1858.7388555211799,139,0.19692301750183105,2.708939552307129,1.2601123817265034,0.542744517326355,0.4829833875595259
0.015226302668452263,-0.010181539552286267,-0.029805704951286316,0.009477705225316383,1.1863441467285156,1.1575116142630577,1.1235020160675049,0.013855313477008356,80.0,11.35649585723877,3.7779929861426353,1.3058719635009766,1.8794996455052186,-0.005427137980179395,1.0579497752711178,80.0,908.5866349785812,1817.2052908518092,140,0.2067553997039795,22.734834671020508,7.599499249458313,2.6405258178710938,3.7556547834257423
0.008517097681760788,-0.0062898067175410684,-0.021179717034101486,0.0066712707499588676,1.1515729427337646,1.115222418308258,1.0684019327163696,0.017503511796106163,80.0,9.94559097290039,3.261356534063816,1.094017744064331,2.0503898453370204,-0.005307439222640824,1.0574835005179049,80.0,895.4104948360359,1790.8527617665902,141,0.24850988388061523,19.913681030273438,6.557597154378891,2.241305112838745,4.09484927574147
0.004237014800310135,-0.002802726288791746,-0.01593450829386711,0.004466956424332369,1.1766997575759888,1.1358669981360436,1.087432622909546,0.020914016825007615,80.0,12.5400972366333,3.3082156870514154,0.46154549717903137,2.7957336025621577,-0.005118279706395698,1.057039684839547,80.0,888.6238173226491,1777.2790195119085,142,0.32489871978759766,25.103084564208984,6.644754176586867,0.9400642514228821,5.587867073321914
0.04183151200413704,0.0016106157563626766,-0.01796765811741352,0.00987140602889541,1.1734564304351807,1.1299694702029228,1.0888185501098633,0.017114508046201442,80.0,45.650569915771484,6.8136476397514345,1.02518630027771,9.175725032353611,-0.0049076560227549635,1.0561198729351162,80.0,885.7271308162584,1771.4852068742516,143,0.33836889266967773,91.32550048828125,13.64667355120182,2.064413547515869,18.345369186505927
0.010999349877238274,-0.0029294187552295625,-0.01814570277929306,0.006642920747221593,1.20127534866333,1.1738427713513375,1.1408226490020752,0.014676832783796575,80.0,12.586824417114258,2.36584961861372,0.5092881917953491,2.6461503227742247,-0.0048394995645503515,1.055460513524711,80.0,884.5935267463549,1769.217849234596,144,0.3343381881713867,25.196788787841797,4.761034931242466,1.0494736433029175,5.288051520292763
0.026135239750146866,-0.0036399141943547876,-0.022379178553819656,0.007494724814843667,1.1814312934875488,1.146094062924385,1.1106274127960205,0.014774034344734767,80.0,20.722854614257812,3.548680221289396,0.761077344417572,4.124152444047179,-0.004833520329440943,1.0545831828489898,80.0,880.9367506873159,1761.904267613888,145,0.3361625671386719,41.46855926513672,7.127562187612057,1.5507957935333252,8.244996669963394
0.013694686815142632,-0.0029381036409176888,-0.018838752061128616,0.006435661359263621,1.1116445064544678,1.0754321783781051,1.0411596298217773,0.014476786718450534,80.0,23.126386642456055,5.672949668765068,2.013673782348633,4.583822367659426,-0.004794213615357876,1.0529947580471635,80.0,848.5028441747874,1697.0363444966677,146,0.33451175689697266,46.27460479736328,11.373284286260605,4.051150321960449,9.163041885644118
0.0060758404433727264,-0.0007270232948940247,-0.008017268031835556,0.003423219190084904,1.0712883472442627,1.0529798880219459,1.0245336294174194,0.010782336959069981,80.0,14.087416648864746,2.61279511526227,0.8017284274101257,2.6745359991645414,-0.00479100699495757,1.051285898409784,80.0,727.0678594550415,1454.166331882998,147,0.32692742347717285,28.195919036865234,5.248103867471218,1.617382287979126,5.3481745596525
0.004167109727859497,-0.00834352090023458,-0.028346704319119453,0.008254123365938146,1.1349666118621826,1.1144022256135941,1.084214687347412,0.011367351561912077,80.0,23.302812576293945,4.259870604425669,0.8890150189399719,4.191996156051391,-0.0048181172172771765,1.050022861532867,80.0,586.7870515448749,1173.6047413111032,148,0.333845853805542,46.629005432128906,8.558716247975827,1.823403000831604,8.377412258091569
0.007806695997714996,-0.006488607125356793,-0.023741712793707848,0.0074044146076016224,1.1190177202224731,1.0880565464496612,1.0587503910064697,0.013375407115757045,80.0,30.444744110107422,5.637741158902645,1.3486016988754272,6.819613636252207,-0.004774227101530414,1.0486019547209144,80.0,556.9268513044864,1113.8842249565125,149,0.32788681983947754,60.91158676147461,11.310220620036125,2.713219165802002,13.63364387926086
0.011927643790841103,-0.005216373165603727,-0.021421153098344803,0.0067793809130680645,1.0710076093673706,1.0342968687415124,1.0023202896118164,0.015336008886222241,80.0,17.988985061645508,5.459582510590553,2.3103995323181152,2.716098543669376,-0.00477297816600185,1.047054585121572,80.0,553.3970075362772,1106.8245039386156,150,0.3235301971435547,35.99833679199219,10.950283712148666,4.665287017822266,5.42853997251736
0.005428645759820938,-0.003366536577232182,-0.016794897615909576,0.003978918265435318,1.0799241065979004,1.0216236993670464,0.9661380052566528,0.02139641299750975,80.0,81.68505096435547,26.90055161714554,10.243659973144531,14.043260585684015,-0.004757412395556458,1.0455080387517808,80.0,552.450050875172,1104.9305285667779,151,0.3330070972442627,163.3892364501953,53.828268790245055,20.527067184448242,28.083618303405178
0.002993479371070862,-0.0005682200309820474,-0.006295068189501762,0.001428533167683799,1.0290906429290771,0.9780343778431415,0.9277011156082153,0.025515660252898826,80.0,554.5895385742188,152.4143214225769,37.000064849853516,112.44455876641679,-0.004741570689540823,1.043522027865052,80.0,553.5809007954449,1107.1921569916608,152,0.3199427127838135,1109.198974609375,304.849338722229,74.02152252197266,224.88846617232954
0.011299279518425465,-0.001738708483753726,-0.023374363780021667,0.004922513064520236,1.1248106956481934,1.0699944749474526,0.9875414371490479,0.021743140276021436,80.0,283.6330871582031,94.37305932044983,17.492502212524414,60.96713549506219,-0.004758445963729175,1.0419474534541366,80.0,554.3329298276753,1108.6962173101306,153,0.33545541763305664,567.286376953125,188.77099556922911,35.00801467895508,121.93168108853801
0.010549783706665039,-0.0011442343820817769,-0.013272285461425781,0.0032676016266349212,1.093696117401123,1.0540479212999343,1.0124722719192505,0.017772340657245804,80.0,13885.0126953125,7905.091967773437,3855.7392578125,1955.2611905050687,-0.00471211730799405,1.0405206287652253,80.0,633.021877765283,1266.0739929205772,154,0.33577609062194824,27770.046875,15810.207397460938,7711.5,3910.5215144753133
0.004261082038283348,-0.003825029538711533,-0.015348218381404877,0.004053458590447923,1.0959563255310059,1.0599321886897086,1.0345771312713623,0.012702895167282287,80.0,5465.33251953125,2644.8713653564455,360.88714599609375,1130.8301539642746,-0.004679201735765675,1.0390619177520275,80.0,659.1867237334103,1318.4035898165107,155,0.3345201015472412,10930.6943359375,5289.771575927734,721.7998046875,2261.660486333149
0.0017845528200268745,-0.01886850210139528,-0.04165664315223694,0.011499071281618364,1.10064697265625,1.0740469247102737,1.0389732122421265,0.012870828060473932,80.0,189.60987854003906,71.39918756484985,36.048683166503906,34.43107958013711,-0.0047852320653619254,1.0382276160866022,80.0,659.5697238188834,1319.169785370052,156,0.3340165615081787,379.2415466308594,142.8575940132141,72.1532211303711,68.84970363052948
-7.450580596923828e-09,-0.0216278224659618,-0.048890747129917145,0.00994674897400187,1.107858419418335,1.0879110530018807,1.0596072673797607,0.010636026913979931,80.0,35.598838806152344,19.369435679912566,11.008201599121094,6.059370908841363,-0.004901166905765422,1.0379667162150144,80.0,659.4026031253188,1318.835770633161,157,0.33877015113830566,71.23649597167969,38.8038850069046,22.086151123046875,12.108179466810563
0.014510445296764374,-0.00769653869792819,-0.029646966606378555,0.008465278913230612,1.1266586780548096,1.0857829868793487,1.0422563552856445,0.01616765193062763,80.0,6.946874141693115,2.886360138654709,1.2793856859207153,1.318863593861736,-0.004971071162930457,1.037532193824649,80.0,659.0686428450794,1318.1679811954202,158,0.3319225311279297,13.915264129638672,5.809829047322273,2.5732638835906982,2.6332225799428945
0.01911599561572075,0.0008696094679180533,-0.01430877298116684,0.007955864788206342,1.1756254434585571,1.146161276102066,1.1066635847091675,0.015119937971652396,80.0,3.1624114513397217,0.9044082898646593,0.30829161405563354,0.5689011067758428,-0.004901264318992617,1.0376909126788376,80.0,658.8877875479498,1317.8061341638345,159,0.3337409496307373,6.343140125274658,1.8300005801022052,0.6384749412536621,1.1342881406643348
0.018225230276584625,-0.007468316081212833,-0.027308106422424316,0.008794072683841858,1.1200332641601562,1.0721418485045433,1.0261139869689941,0.016808567200276958,80.0,5.857701301574707,1.950810370594263,0.5306879878044128,1.1361931444040883,-0.00489667994278716,1.0375555048584937,80.0,658.702175848823,1317.4348988889083,160,0.17309951782226562,11.737436294555664,3.9380002126097677,1.1378095149993896,2.268259101746842
0.023704398423433304,-0.0055927418929059055,-0.02454545348882675,0.00739381288083277,1.0655889511108398,1.0133455850183963,0.9726147651672363,0.018975409793624828,80.0,12.481515884399414,2.449611784517765,1.0505419969558716,1.8652415182558566,-0.004911607766756788,1.037399907231331,80.0,657.423400933381,1314.8773757993208,161,0.17285728454589844,24.983531951904297,4.930675965547562,2.145861864089966,3.7257857116058446
0.02923223003745079,-0.0004203063028398901,-0.019439145922660828,0.008843540548531668,1.1371569633483887,1.0989512249827385,1.0467652082443237,0.018288900561059415,80.0,6.240316390991211,1.4972439378499984,0.45184722542762756,1.2127353541262762,-0.00479005427582888,1.0373985466361046,80.0,655.4279464318415,1310.8862236450163,162,0.17640161514282227,12.502999305725098,3.0173075340688227,0.9459912776947021,2.42529749655892
0.05763526260852814,0.008288505036034621,-0.01304248720407486,0.014855653398248432,1.1130889654159546,1.0777272418141366,1.027700424194336,0.017376313952979054,80.0,100.88378143310547,10.523259361088275,0.8822145462036133,16.60494213629528,-0.004562563815183239,1.0359879683852196,80.0,655.0915829022341,1310.213013390735,163,0.1814713478088379,201.78936767578125,21.051496306061743,1.7779889106750488,33.20483647212901
0.008853085339069366,-0.004325381456874311,-0.02267388626933098,0.006632614056794275,1.173435926437378,1.1431144282221795,1.1122547388076782,0.014023965177500593,80.0,15.292610168457031,2.0808171197772025,0.304704874753952,2.6048502093754355,-0.004541725373914233,1.035473946660757,80.0,655.0711164197735,1310.1720284685193,164,0.17592477798461914,30.608108520507812,4.193147303164006,0.6524263024330139,5.205912288152607
0.012818273156881332,-0.0026383319054730237,-0.013296041637659073,0.005497850816744786,1.1155414581298828,1.0820538625121117,1.0433305501937866,0.015234805348298078,80.0,19.625411987304688,4.70098737925291,1.2837262153625488,4.275364934730633,-0.004507389227073873,1.0346594706624745,80.0,654.9788262942097,1309.9873632560968,165,0.17946219444274902,39.2725830078125,9.428892466425896,2.6044719219207764,8.546328861790734
0.00978245958685875,-0.0014995673962403088,-0.009671693667769432,0.003147532212631987,1.018267035484314,0.9772134371101856,0.9344413876533508,0.01660588494339929,80.0,47.479881286621094,10.546472108364105,4.025558948516846,9.386589210526097,-0.004476475212228252,1.0332121244892476,80.0,654.9579943462275,1309.9456085839272,166,0.16817307472229004,94.97959899902344,21.115487611293794,8.071012496948242,18.771756061250283
0.010914653539657593,-0.0032347929605748504,-0.01805247738957405,0.005132806570018327,1.0110570192337036,0.9861699230968952,0.9544386267662048,0.012497186673115394,80.0,19.206817626953125,3.517214021086693,1.0177726745605469,3.9816185813042075,-0.004444991582393414,1.031628052830696,80.0,654.2100104004703,1308.4495460424125,167,0.18635964393615723,38.43355178833008,7.060620972514153,2.0640573501586914,7.9608148138603765
0.009658170863986015,-0.0030620378034655004,-0.021607542410492897,0.005657851968231662,1.0898048877716064,1.0682672619819642,1.0370800495147705,0.010440054807445755,80.0,20.60357093811035,3.9033690243959427,0.927435040473938,4.376703530816024,-0.004465173045085976,1.0312681267112493,80.0,651.6820894226693,1303.3937372299433,168,0.18354582786560059,41.22838592529297,7.834227433800697,1.88936448097229,8.750367302016514
0.02491348795592785,-0.0034206938988063486,-0.017105575650930405,0.0075376316143684445,1.1486560106277466,1.118081970512867,1.0860097408294678,0.013414341089640744,80.0,49.73707962036133,8.287708689272403,1.9894667863845825,10.384960433695698,-0.004487130756984698,1.0314613514244555,80.0,635.8444271094612,1271.7184604148865,169,0.22928714752197266,99.495849609375,16.604620587825774,4.004584789276123,20.765849243982153
0.01641261950135231,-0.002026463800575584,-0.016687722876667976,0.005294803722422683,1.0936102867126465,1.0511900648474692,1.0102574825286865,0.015819289814294406,80.0,25.42060661315918,7.107134279608727,2.9335808753967285,4.123093915615521,-0.0044962567678012415,1.0322639694660902,80.0,586.1037721491568,1172.237183854401,170,0.32451963424682617,50.86265563964844,14.239345294237136,5.901459217071533,8.244435246660034
0.005944248288869858,-0.0022046986792702227,-0.015692701563239098,0.0032192844370827665,1.0363476276397705,0.9879400603473186,0.9467759132385254,0.020083256438004144,80.0,214.61737060546875,57.827852356433866,11.626263618469238,49.51649764423242,-0.004484165362140629,1.0339288145378231,80.0,532.4143562147133,1064.8583609457612,171,0.32039976119995117,429.25421142578125,115.67987344264984,23.28568458557129,99.03045065908005
0.004821011796593666,-0.0013503571972250938,-0.015762118622660637,0.00331114928709131,1.0031473636627197,0.9494692519307136,0.8842694759368896,0.023419977192670336,80.0,652.5026245117188,175.16829385757447,39.6518440246582,118.15720519230727,-0.004457990448572672,1.03549766959995,80.0,509.04471567459035,1018.119058964789,172,0.3166522979736328,1305.0238037109375,350.3582799911499,79.34805297851562,236.31275639960265
0.013736357912421227,-0.0022364784788805993,-0.013509109616279602,0.005285360236706535,1.0708591938018799,1.036454540491104,0.9697366952896118,0.020137776564126172,80.0,3928.934814453125,1334.5999079704284,79.17047119140625,821.5418012225529,-0.004440526429738383,1.036540123619139,80.0,520.1320523702614,1040.2937181730867,173,0.31050825119018555,7857.90478515625,2669.2250085830688,158.35250854492188,1643.0850100436455
0.004702776670455933,0.00014113764045760037,-0.003888772800564766,0.001516051090052252,0.9748396277427673,0.9215535022318363,0.8758829832077026,0.019532856537562985,80.0,12443.0986328125,8312.765383911134,3437.54345703125,2126.565033683454,-0.0043795379704097285,1.0361418455168603,80.0,602.6539143367522,1205.3373131023052,174,0.30886125564575195,24886.21484375,16625.54901123047,6875.1064453125,4253.13009158211
-5.960464477539063e-08,-0.015092668181750923,-0.03486023470759392,0.0081162648104232,0.8729305267333984,0.8352500401437283,0.7966820597648621,0.017139924611540933,80.0,46.486846923828125,12.131658536195754,6.751729488372803,8.111806531011272,-0.0045155120791168886,1.0342975130304692,80.0,602.6362311002426,1205.302181687534,175,0.3043701648712158,92.99072265625,24.310207402706148,13.541460037231445,16.21475027815873
0.006677696481347084,-0.005543408897938207,-0.021778585389256477,0.006237690033795603,0.9778923988342285,0.9444967314600945,0.9147958755493164,0.014696244896136764,80.0,15.329288482666016,8.277039289474487,5.366219520568848,2.3993198309365638,-0.0045480391688179226,1.033925911940634,80.0,602.6120468060486,1205.253870722264,176,0.3087782859802246,30.677547454833984,16.584055423736572,10.758047103881836,4.794145526840002
0.03147878497838974,-0.0015906494169030338,-0.02461160346865654,0.01030986805432331,1.0795947313308716,1.047632496058941,1.0180368423461914,0.013787293029035431,80.0,6.736036777496338,2.30410001128912,1.1957805156707764,1.1766812032907015,-0.004506448630709201,1.0336732054427265,80.0,602.538648520913,1205.1069859174788,177,0.3088212013244629,13.493738174438477,4.632333987951279,2.398606300354004,2.3533476306076677
0.015720708295702934,-0.009465459838975222,-0.03208659216761589,0.011314966543215657,1.1149497032165527,1.0801710486412048,1.0198209285736084,0.01768400268395539,80.0,2.558206558227539,1.1084788158535956,0.6647708415985107,0.3238804031180953,-0.004526113756699488,1.0335199710205196,80.0,602.4421853236965,1204.9140957876295,178,0.3039085865020752,5.1380462646484375,2.2574919775128364,1.3899130821228027,0.637415568318954
0.035532087087631226,-0.00015181787312030793,-0.01838565617799759,0.010247179563644784,1.1639224290847778,1.1227168887853622,1.0647046566009521,0.018911315993134854,80.0,1.808544635772705,0.8899966478347778,0.5444620847702026,0.221870085380634,-0.004486249870271422,1.0342806690558788,80.0,602.2879229890518,1204.6055066052227,179,0.3178713321685791,3.641761541366577,1.802751275897026,1.1023142337799072,0.4484826693661413
0.008812539279460907,-0.0041179363353876395,-0.020755993202328682,0.005974125947794545,1.0336785316467285,0.9846571028232575,0.9178478121757507,0.020257703477274357,80.0,5.485898494720459,1.392264613509178,0.4113697409629822,1.0753320779136395,-0.004465190263959812,1.0350486492067577,80.0,602.1969913390391,1204.4236165468692,180,0.34018397331237793,10.991764068603516,2.8124582514166834,0.8449760675430298,2.1461556596980604
0.006172355264425278,-0.004959943820722401,-0.022981498390436172,0.006075950880435693,1.0610785484313965,1.0056638821959496,0.9601076245307922,0.019675137021839487,80.0,22.19158172607422,5.947712044417858,1.3799318075180054,5.506274996631528,-0.004452994305087487,1.03635208119452,80.0,602.1964420484863,1204.4225196434854,181,0.3391304016113281,44.40389633178711,11.925457328557968,2.802673816680908,11.006494481890494
0.005463313311338425,-0.004386657563736662,-0.015938669443130493,0.005318241351175278,1.0972354412078857,1.054085050523281,1.0132052898406982,0.019380329062428488,80.0,23.422863006591797,7.016813717782497,1.4978104829788208,3.953182237031812,-0.004381181258446305,1.0374906656891107,80.0,602.1982874890975,1204.4260896699132,182,0.3335428237915039,46.86566925048828,14.0634824603796,3.0376508235931396,7.902384704591496
0.013928418979048729,-0.0031877770728897304,-0.019752558320760727,0.005876183235171105,1.117501974105835,1.0781421571969987,1.0408445596694946,0.017554194840585204,80.0,24.156187057495117,4.156187878549099,0.5713887810707092,4.543456984723137,-0.004466147224738962,1.0390367506816984,80.0,592.7771777675414,1185.5840712340325,183,0.33372020721435547,48.33393096923828,8.340314157307148,1.1821808815002441,9.08405877142641
0.02254704385995865,-0.0027676496771164238,-0.028748687356710434,0.00883997940165781,1.1477988958358765,1.1268159329891205,1.1014517545700073,0.010225793045733367,80.0,4.538237571716309,1.3122230641543866,0.24093657732009888,0.9825376908684578,-0.00446045299016987,1.0403058744892477,80.0,578.9063506955096,1157.8424310826508,184,0.3353147506713867,9.106016159057617,2.652517759799957,0.5250455141067505,1.9603687513524481
0.03732742369174957,0.003359996573999524,-0.019038066267967224,0.012078985295467876,1.1075465679168701,1.0561553612351418,1.0111167430877686,0.01912661403885458,80.0,28.141000747680664,6.812689378857613,2.704547166824341,5.188453011903886,-0.004344292006600881,1.0397649572715162,80.0,570.5057970091589,1141.0410806324332,185,0.33361077308654785,56.30064392089844,13.639781790971757,5.44571590423584,10.370129483592303
0.004351343959569931,-0.006093358650105074,-0.024398865178227425,0.005876947954691639,0.9773927927017212,0.936863125115633,0.8891071081161499,0.018841618680689582,80.0,20.52556037902832,5.215289449691772,2.2997097969055176,3.4649048929266595,-0.004282628710992867,1.0372678966522215,80.0,570.4080662897118,1140.8454459265915,186,0.3343212604522705,41.069984436035156,10.461502891778945,4.629065990447998,6.924737894411188
0.010994236916303635,-0.004557432315777987,-0.026620257645845413,0.0074443352499615825,1.0006821155548096,0.9546096138656139,0.9208487272262573,0.021993835404822602,80.0,18.510671615600586,3.219251126050949,1.1055940389633179,3.291792115448818,-0.004258461289078696,1.0354114414528013,80.0,570.3424529564866,1140.714133795574,187,0.3387608528137207,37.04087448120117,6.466709259152412,2.2589364051818848,6.580258898936034
0.011559275910258293,-0.0009394916938617826,-0.01350768655538559,0.004885193519614364,1.0699043273925781,1.0461329892277718,1.0186350345611572,0.0106995819105416,80.0,20.607112884521484,4.237787438929081,1.0487079620361328,4.251922337560046,-0.0042269840183143965,1.0349842188581824,80.0,570.2365764712729,1140.5023093267828,188,0.33176565170288086,41.235595703125,8.498376566171647,2.1305220127105713,8.502653348291132
0.02542419359087944,-0.0004346817033365369,-0.015936963260173798,0.006627484490954836,1.0869688987731934,1.0588685661554336,1.0345523357391357,0.011461494132276623,80.0,45.59613037109375,8.901076048612595,2.4542808532714844,8.825703038948916,-0.004197562148416182,1.0341557248607278,80.0,570.2204742928781,1140.4700295568855,189,0.33962178230285645,91.21195983886719,17.824198853969573,4.947140693664551,17.64827067593491
0.010691380128264427,-0.005893035576445982,-0.02352306619286537,0.006479662855174616,1.0686235427856445,1.0393538251519203,1.011315107345581,0.01314298596357021,80.0,21.14798355102539,7.263776782155037,3.3686251640319824,3.657194665025504,-0.004245892963343067,1.0325565678402782,80.0,570.0964912487009,1140.22212814565,190,0.3349752426147461,42.316680908203125,14.560126680135728,6.779010772705078,7.3118098446657775
0.010868135839700699,-0.0025326258328277618,-0.013352356851100922,0.003839605078743122,0.9960627555847168,0.9409016475081444,0.9014200568199158,0.022588829061759602,80.0,129.7242889404297,37.71801204681397,8.637969970703125,28.62789488906238,-0.004259317954740254,1.030599603138864,80.0,569.2847481435277,1138.5986296422034,191,0.3341970443725586,259.46734619140625,75.45990731716157,17.303417205810547,57.252571373691225
0.005051435902714729,-0.0003180555009748787,-0.004747085273265839,0.0013989295148425368,0.9753307700157166,0.9272440038621426,0.8836601972579956,0.018189038808816612,80.0,372.23040771484375,139.118008518219,42.12971878051758,73.83817264947689,-0.004233987099694787,1.0290975338071586,80.0,565.9839145110585,1131.9968817393333,192,0.32929110527038574,744.4799194335938,278.2551978111267,84.27896118164062,147.6759465946111
0.009447157382965088,-0.0046379057923331855,-0.02377362921833992,0.00656698314321403,1.039792776107788,1.0000935703516007,0.9225085973739624,0.02068976549651073,80.0,8286.892578125,4821.617834472656,1266.3194580078125,1588.6580542613056,-0.004221952378429705,1.0277606645077466,80.0,610.9852452882269,1221.9994924876241,193,0.3301975727081299,16573.8046875,9643.264944458007,2532.661376953125,3177.3145822706183
0.009062156081199646,-0.0022070912120398132,-0.0136446263641119,0.0036578488130608504,0.882097065448761,0.8337887912988663,0.7941439747810364,0.016480126020913723,80.0,8026.01025390625,3982.891523742676,1509.2882080078125,1293.492273685837,-0.004225580077123595,1.0258304340839386,80.0,575.8146570466496,1151.6582845103294,194,0.32526278495788574,16052.0390625,7965.804177856446,3018.5888671875,2586.9844678631184
0.007269013673067093,-0.016309661173727362,-0.04374994337558746,0.009388045965691545,0.8741748332977295,0.8486584685742855,0.8224332332611084,0.011546987967112808,80.0,62.53206253051758,23.68646847009659,13.469980239868164,11.153556984301568,-0.004369654612237355,1.0269657382145525,80.0,531.6341614560821,1063.297604150966,195,0.32509827613830566,125.080810546875,47.42252955436707,26.99365997314453,22.297638555725914
0.006997766904532909,-0.0174849589006044,-0.04366949200630188,0.009485323948058653,1.024080514907837,0.9885395251214504,0.9533296227455139,0.014382381102396374,80.0,15.608004570007324,6.749818611145019,4.365318775177002,2.3691970297235603,-0.004417571584082907,1.0286738154143096,80.0,530.8170046930053,1061.6634206254037,196,0.32363009452819824,31.238285064697266,13.55437798500061,8.785569190979004,4.729276244120179
0.025961752980947495,-0.007931939227273688,-0.02766871452331543,0.009508043627697511,1.010321021080017,0.9633401401340962,0.9191018342971802,0.019977021639527023,80.0,6.512377738952637,2.581390506029129,0.8518058061599731,0.9655103699808917,-0.00435111241429695,1.0292601580470802,80.0,530.3855171089509,1060.8003242552134,197,0.3342618942260742,13.055902481079102,5.197911694645882,1.7646381855010986,1.927881272428402
0.023999009281396866,-0.010894431482302024,-0.03519013151526451,0.011122285939053254,1.1097722053527832,1.076934538781643,1.0332353115081787,0.017394215061896773,80.0,1.5970549583435059,0.7970062732696533,0.5092448592185974,0.2435466322438778,-0.00439409268271993,1.0303943687081338,80.0,530.2962504901626,1060.6218996626437,198,0.36819911003112793,3.2155933380126953,1.6373401030898094,1.0643839836120605,0.4780248239291545
0.07261612266302109,-0.013285941141657532,-0.040997330099344254,0.016606313493222252,1.0676288604736328,1.0162255108356475,0.9719963669776917,0.019927352349527562,80.0,1.1719228029251099,0.5508109968155622,0.34705403447151184,0.1621636784549052,-0.004444096205086681,1.0317892155125739,80.0,530.2606681365371,1060.5508628600685,199,0.30877113342285156,2.3641788959503174,1.148518393933773,0.7691258192062378,0.31030118383733973
0.008216703310608864,-0.004652901471126824,-0.019587408751249313,0.006530142703818107,1.0303106307983398,0.9942158505320549,0.9535645842552185,0.016271758508841005,80.0,24.478578567504883,4.983257126808167,1.484429955482483,4.8587115026950976,-0.004453045783709968,1.032220909923315,80.0,530.2639438223764,1060.5574407637268,200,0.23548460006713867,48.974143981933594,9.995704278349876,2.9855616092681885,9.712047536826475
0.01354503259062767,-0.00024139984743669628,-0.013750528916716576,0.005632722839650213,1.0125484466552734,0.9610913015902043,0.8965107202529907,0.020105182461536093,80.0,21.784870147705078,3.3338067434728145,0.6447992324829102,3.999485750317335,-0.004378391855134396,1.030946770913899,80.0,530.21003536959,1060.4494490677564,201,0.22306394577026367,43.588714599609375,6.687318024039269,1.3277885913848877,7.995820071765596
0.006872348487377167,-0.0005176074744667857,-0.009503478184342384,0.0035311396644285334,1.0079469680786133,0.9644652649760246,0.9028561115264893,0.01848215283013655,80.0,30.033409118652344,4.441465774178505,0.4992296099662781,6.674952978614434,-0.004302061855123612,1.0301812551915648,80.0,530.1848026325852,1060.39881562382,202,0.2913796901702881,60.0860481262207,8.903256107866763,1.0236934423446655,13.348015931221477
0.012571614235639572,-0.005288334563374519,-0.02634061872959137,0.007286825186927073,1.1276180744171143,1.0916695535182952,1.05210280418396,0.014132140583437165,80.0,12.099608421325684,1.9005650892853736,0.5060122609138489,2.0931862856066887,-0.004329343020770466,1.0308609681949021,80.0,530.1161056928635,1060.2614899007378,203,0.3300786018371582,24.219310760498047,3.833540228009224,1.0387141704559326,4.183321843528936
0.02002875506877899,-0.00308848429704085,-0.029813691973686218,0.008135403750819972,1.0258578062057495,0.99057207852602,0.9655148386955261,0.013054974768408185,80.0,18.03687286376953,5.732598942518234,2.2046921253204346,3.7358110192887275,-0.004311205638310639,1.0303205123469235,80.0,530.1437274904587,1060.3166864120813,204,0.3339347839355469,36.094261169433594,11.491186267137527,4.42848014831543,7.466088743181096
0.017507370561361313,-0.002790536906104535,-0.018984049558639526,0.0075771609503710825,0.9642881155014038,0.9260067075490952,0.887118399143219,0.01509946059106774,80.0,26.666980743408203,6.040590915083885,2.2574589252471924,5.046847829077953,-0.004314443681185366,1.028650295369327,80.0,530.1709461255856,1060.3710967544168,205,0.2774689197540283,53.352176666259766,12.105283111333847,4.53631591796875,10.089356293486292
0.010701114311814308,-0.004149129014695063,-0.018140435218811035,0.005796687641708297,0.9181169271469116,0.8837005473673344,0.8469510674476624,0.014390268891539635,80.0,16.91082191467285,3.1663988649845125,1.2995187044143677,3.400007580297125,-0.004277810237981612,1.0270331521034242,80.0,530.1623351854122,1060.353769263342,206,0.3317387104034424,33.83926773071289,6.358770024776459,2.6445791721343994,6.79679605185021
0.005076993256807327,-0.005191432649735361,-0.020554251968860626,0.005584648706744265,1.0448682308197021,1.0180885143578053,0.9879670143127441,0.012859301906613179,80.0,18.699350357055664,4.253937409818173,1.4643311500549316,3.5392495733519596,-0.004265438530710525,1.0261206966415046,80.0,530.1781567588188,1060.3853694176528,207,0.24919891357421875,37.41958236694336,8.53861947953701,2.989741325378418,7.07475159106721
0.011849578469991684,-0.0038706794031895695,-0.03333793208003044,0.006722448019959025,1.1021000146865845,1.0653752103447913,1.030487298965454,0.015701864852839562,80.0,29.07516098022461,7.5543599218130115,2.5755512714385986,5.521715141761499,-0.004310251066519413,1.0248910709694028,80.0,530.234548274491,1060.4982174819709,208,0.3392651081085205,58.17070007324219,15.137768721580505,5.186199188232422,11.039898709538733
0.011834908276796341,-0.0020765836583450437,-0.011453371495008469,0.004069468080496207,1.0818603038787842,1.0351660408079624,0.9864566922187805,0.017078513899506657,80.0,12.593204498291016,6.243590438365937,3.3528923988342285,1.789157114731573,-0.004241791687847581,1.024185862094164,80.0,530.2602492263354,1060.5494683632853,209,0.3303031921386719,25.207759857177734,12.512037372589111,6.729908466339111,3.577660634764626
0.009157229214906693,-0.0011165425268700347,-0.008585810661315918,0.002901671544418403,0.9423348903656006,0.8955198004841805,0.849245548248291,0.02099404169888975,80.0,255.3336639404297,41.384493094682696,7.237254619598389,48.192289971957656,-0.004242865201464156,1.0226545834094287,80.0,530.5842146604693,1061.197370755315,210,0.3294942378997803,510.6850280761719,82.78913011550904,14.498001098632812,96.3841791984125
0.005546204745769501,-0.0016610852268058806,-0.011246822774410248,0.0031332105866003945,0.942388653755188,0.8817207090556621,0.7835443019866943,0.022554113299392473,80.0,609.06640625,124.3557208776474,26.740497589111328,104.99331432909972,-0.00423132182910922,1.0212160848602654,80.0,531.4007569034733,1062.8304033869506,211,0.26854968070983887,1218.150634765625,248.7323983192444,53.51593017578125,209.9849136497552
0.008511537685990334,-0.0034771531180012973,-0.021278444677591324,0.0054229732007670195,1.0384430885314941,0.9770776614546776,0.9376513957977295,0.019688855067017737,80.0,9425.23828125,5757.979081726075,1948.0213623046875,1746.8318324131287,-0.004254023098998004,1.021032889455557,80.0,587.8844297259486,1175.7977909163235,212,0.21163320541381836,18850.5,11515.984674072266,3896.06982421875,3493.663828587521
0.009958252310752869,-0.001963348442222923,-0.012888194993138313,0.0035615215520307195,0.8368935585021973,0.7905681632459164,0.752156138420105,0.017887671290314277,80.0,7238.60009765625,3341.189461517334,330.89312744140625,1539.549394452604,-0.004259758022468304,1.018436391212046,80.0,619.5182136181033,1239.065318475604,213,0.3290572166442871,14477.220703125,6682.398683929443,661.8019409179688,3079.0984982810496
6.332993507385254e-08,-0.01471274581272155,-0.02905750274658203,0.0072744452554771785,0.8534151315689087,0.8049266114830971,0.763414740562439,0.01704644869289668,80.0,25.851736068725586,11.789875626564026,6.421780586242676,4.075698479902366,-0.004405884981708367,1.0170411239117383,80.0,561.6902864466347,1123.4097272359134,214,0.3098728656768799,51.719482421875,23.625275444984435,12.894248962402344,8.142710864098499
0.03493029624223709,-0.005245449050562456,-0.0264497809112072,0.012082824119673027,1.0421258211135864,1.0128154642879963,0.980042576789856,0.013430314190618955,80.0,15.217704772949219,6.429692041873932,3.519109010696411,2.665094155679296,-0.004447960345802129,1.0231602419130505,80.0,505.7557699515261,1011.5409007039071,215,0.30338311195373535,30.455516815185547,12.890131223201752,7.053405284881592,5.3307333109938595
0.00948864221572876,-0.012746284279273823,-0.04143938422203064,0.010470265358488441,1.0486122369766235,1.0178181409835816,0.9725170731544495,0.017143127664584007,80.0,6.339498043060303,2.8328417122364042,1.4589729309082031,0.9197332201887701,-0.0045123106600658495,1.0288384837806226,80.0,504.5574565095939,1009.144516085118,216,0.3063545227050781,12.710236549377441,5.711532399058342,2.9189295768737793,1.8337293926570934
0.12846533954143524,-0.0022987493372056632,-0.03481517732143402,0.020641891895424133,1.091794729232788,1.051006769388914,0.9939848780632019,0.02027291737197596,80.0,2.443190336227417,1.1667475000023841,0.6759933829307556,0.3294074893675416,-0.004461157225101487,1.0307034698873758,80.0,504.4851632111854,1008.9998644816578,217,0.2989218235015869,4.907789707183838,2.3591126441955566,1.3354177474975586,0.6603491551024435
0.02539139986038208,-0.0010462052188813687,-0.02055029571056366,0.008190288406401099,1.0800081491470337,1.0426164269447327,1.0073461532592773,0.0153103549443337,80.0,1.0874853134155273,0.5832951985299587,0.2741668224334717,0.19417982775916676,-0.004417353628756246,1.0307776221483946,80.0,504.3179112966321,1008.6652745276093,218,0.21223163604736328,2.1799464225769043,1.1895351350307464,0.5331034660339355,0.38966852621356296
0.036699116230010986,0.000551334151532501,-0.0291366558521986,0.014726121300745474,1.0118615627288818,0.9676289729773998,0.9176084995269775,0.020348453770015713,80.0,13.421443939208984,2.9529890075325964,0.8653911352157593,3.1244776703031154,-0.004393675040540983,1.0303777207955718,80.0,504.3212215076052,1008.6718395941034,219,0.33289408683776855,26.865203857421875,5.924227929115295,1.7696316242218018,6.234158322992281
0.01621256396174431,-0.002094260323792696,-0.014147731475532055,0.0051947290637236005,1.000211477279663,0.9490167930722236,0.9011317491531372,0.022502991874598654,80.0,19.044469833374023,3.6425115391612053,0.5801424384117126,4.2032471643022635,-0.004383375954086659,1.0291926691308617,80.0,504.33625479346136,1008.7018618657662,220,0.33217549324035645,38.10472869873047,7.308191868662834,1.2076785564422607,8.403073954272275
0.012473642826080322,-0.001101668964838609,-0.009966481477022171,0.003876502063498317,1.0275092124938965,0.9906659319996833,0.9579193592071533,0.014432645494726249,80.0,22.140213012695312,2.8749319035559893,0.3808406591415405,4.407671039775482,-0.004360315658530452,1.0282217560485005,80.0,504.3280794092864,1008.6854455583617,221,0.3367464542388916,44.29509735107422,5.771880446374416,0.7808408141136169,8.81359629107082
0.025498520582914352,-0.002258833614178002,-0.024883544072508812,0.010120762492646464,1.123984694480896,1.0877036884427072,1.0579251050949097,0.012680843744689613,80.0,3.052494525909424,0.6068900670856238,0.17907406389713287,0.6018746210476935,-0.004311404056177707,1.0282765074446796,80.0,504.28782349985465,1008.6048370110173,222,0.336651086807251,6.132654190063477,1.240051878988743,0.37553203105926514,1.2011787612978837
0.020469367504119873,-0.0010502886609174312,-0.019176773726940155,0.00840364986801528,1.0819978713989258,1.057850843667984,1.0258628129959106,0.012649196289438933,80.0,28.369779586791992,6.333830013871193,2.2250375747680664,4.44793781541826,-0.0043081767170515374,1.0283474780768154,80.0,504.24855023528266,1008.5262854470388,223,0.2958991527557373,56.756404876708984,12.69091750383377,4.497394561767578,8.889658612250534
0.008331552147865295,-0.004329360410338268,-0.020889315754175186,0.0048112306682581854,0.948038637638092,0.8986694864928723,0.8598045706748962,0.01619819076524344,80.0,26.72631072998047,4.861080592870712,1.8211849927902222,4.668467135844218,-0.004317217770003481,1.0265453293398021,80.0,504.26344988357647,1008.5560667820203,224,0.29371070861816406,53.471229553222656,9.748793333768845,3.678654670715332,9.334559505285142
0.010470662266016006,-0.0027950815216172486,-0.02009330876171589,0.00585522281581223,0.9027107954025269,0.8766314260661602,0.8562302589416504,0.009685738649591876,80.0,19.053064346313477,3.9624459773302076,1.3761926889419556,4.125583554552789,-0.004327000640594633,1.0240122587531804,80.0,504.28203381638605,1008.5932035522834,225,0.19126009941101074,38.12272262573242,7.948014739155769,2.795305013656616,8.249116495966673
0.009028974920511246,-0.005005810532020405,-0.020389027893543243,0.005747230973589333,1.032836675643921,1.0033890545368194,0.9749740362167358,0.011547200540958969,80.0,22.97742462158203,5.79751119017601,1.8755561113357544,4.2932342428973636,-0.0043891308806196325,1.0231329234093427,80.0,504.29546777554225,1008.6201781444922,226,0.19119715690612793,45.974456787109375,11.62510176897049,3.79128360748291,8.582979695042905
0.012974204495549202,-0.0027732707792893054,-0.013736624270677567,0.005360689306800803,1.0857722759246826,1.0429250702261925,1.0035232305526733,0.01754573330294692,80.0,33.98649597167969,8.206043589115144,2.8614156246185303,6.977493988190663,-0.004380660250637447,1.0226535969674588,80.0,504.35181693973027,1008.7328499467746,227,0.20063376426696777,67.99388885498047,16.43849237561226,5.761092185974121,13.951882054960894
0.012496255338191986,-0.006332798150833696,-0.02106345072388649,0.0066078590556862046,1.040094256401062,1.001004309952259,0.9414857029914856,0.018923380376990956,80.0,7.3494343757629395,3.804620924592018,2.197906732559204,1.1157235383878614,-0.004371353644673945,1.0212493552416562,80.0,504.36463385883354,1008.758437087305,228,0.215346097946167,14.719316482543945,7.641927552223206,4.426144599914551,2.2275000490278574
0.00378512404859066,-0.001151774771278724,-0.00823280680924654,0.002441357265396438,0.951018214225769,0.889672939479351,0.8140802383422852,0.02641037573639747,80.0,204.18524169921875,39.01967977285385,12.09473991394043,32.6752529904527,-0.004335055535804713,1.0188008403033018,80.0,504.6548324464896,1009.3387126941755,229,0.19585156440734863,408.3873596191406,78.05945649147034,24.211681365966797,65.34905433577245
0.0051230210810899734,-0.002562150062294677,-0.015219342894852161,0.004131759972388953,0.9202368259429932,0.8768829442560673,0.8181342482566833,0.024534182447720675,80.0,474.7803955078125,104.30729260444642,28.465742111206055,83.59309812840347,-0.0042885317910404406,1.0173095217347146,80.0,505.581704740856,1011.1923344038801,230,0.2100517749786377,949.5772705078125,208.63724665641786,56.94904708862305,167.18368442245583
0.008221931755542755,-0.0020427555602509527,-0.014744265004992485,0.004927539082288093,0.937471330165863,0.8936332948505878,0.8454878330230713,0.020744229089104886,80.0,10217.1728515625,5646.938558959961,2207.61669921875,1843.9471105031994,-0.004282029380061431,1.015911423496902,80.0,561.8027315505483,1123.6343465933874,231,0.2058393955230713,20434.36328125,11293.899029541015,4415.27197265625,3687.894374631287
0.005502617917954922,-0.0015801316418219357,-0.00913417711853981,0.0027770253083965538,0.8011883497238159,0.768972484767437,0.7323108911514282,0.013915613144816541,80.0,7210.89892578125,3182.330567932129,716.8174438476562,1464.4813308327377,-0.0042577617921924675,1.0139090129435062,80.0,592.2805642388798,1184.5899237237054,232,0.20531105995178223,14421.81640625,6364.679708862304,1433.65576171875,2928.961498622528
0.0012726671993732452,-0.015954877657350153,-0.04085961729288101,0.00858161921441102,0.86858731508255,0.8258950255811215,0.7821316123008728,0.018185375863902262,80.0,36.4373779296875,16.11958101987839,10.67502212524414,5.607708514077917,-0.004372348500444786,1.0113975590541957,80.0,576.5093632852771,1153.0477007391528,233,0.2025163173675537,72.89091491699219,32.28758962154389,21.401657104492188,11.20718581563628
0.01102466695010662,-0.013676784391282126,-0.04195909947156906,0.009496018446715635,1.0008916854858398,0.9678963482379913,0.9346411824226379,0.014265471645766232,80.0,14.466887474060059,6.5379862844944,4.152233600616455,2.1592545879278364,-0.004503536264033755,1.0110951371937988,80.0,509.6371890099383,1019.3036095870808,234,0.18146872520446777,28.95317840576172,13.122684109210969,8.342403411865234,4.315134250212789
0.039983246475458145,-0.002381996012991294,-0.018862135708332062,0.009066517080981405,0.9816235303878784,0.9470993772149086,0.884850263595581,0.017515774120036475,80.0,4.6316375732421875,1.7094115279614925,0.9261273741722107,0.7121294123901563,-0.00450536239737994,1.0118748357445,80.0,483.888524114903,967.8062988392488,235,0.17138147354125977,9.299394607543945,3.4425290375947952,1.881272792816162,1.4254522885791516
0.035823166370391846,0.0021015667589381337,-0.016410689800977707,0.01023044386147454,1.0904223918914795,1.0548531860113144,1.0061471462249756,0.017469012325239553,80.0,2.162885904312134,0.7054380264133215,0.34646448493003845,0.2999578522114148,-0.004396995489223628,1.0125955219045282,80.0,483.7778499504551,967.5847481913644,236,0.3125331401824951,4.3544230461120605,1.4277699798345567,0.7056652903556824,0.6032744493712862
0.0532793328166008,-0.002360923564992845,-0.032090842723846436,0.013582536133527008,1.0519869327545166,1.0162479996681213,0.9739624857902527,0.017108401907136576,80.0,2.7890822887420654,0.7332853134721518,0.3602747619152069,0.3955560764648879,-0.004348000023659551,1.0116353306993842,80.0,483.7584109857567,967.5457530671135,237,0.3239014148712158,5.598463535308838,1.4916174352169036,0.7159233093261719,0.7779631917257414
0.05432860925793648,-0.004704153031343594,-0.02436627820134163,0.011151211331064613,1.0089995861053467,0.9683376088738441,0.9159315228462219,0.018398619460588187,80.0,19.621200561523438,5.171757994592189,1.2178735733032227,4.853135760794998,-0.004346461432200158,1.0101063917800785,80.0,483.8034056438282,967.6357087275387,238,0.32267189025878906,39.27452850341797,10.37229106426239,2.495861053466797,9.69669990552724
0.015953153371810913,-0.003968984133098275,-0.026432272046804428,0.00818287436057636,0.9866825342178345,0.9460183136165142,0.8912503123283386,0.019684809870977326,80.0,11.772686958312988,2.231106197834015,0.3936944007873535,2.346758145305773,-0.004299951633467572,1.0078764107376337,80.0,483.81961924521255,967.6679983111845,239,0.33713245391845703,23.56437110900879,4.4890707463026045,0.8414674997329712,4.68767255901963
0.010445697233080864,-0.0017740398179739714,-0.015310995280742645,0.004468915967534332,1.0293601751327515,0.9917164392769336,0.9536266326904297,0.01531828780055368,80.0,15.54012680053711,1.9052251476794482,0.22431936860084534,3.098712516141961,-0.004215876636124449,1.0062184589877723,80.0,483.80089156682794,967.6303416456508,240,0.3337557315826416,31.10312271118164,3.833832696080208,0.48604917526245117,6.194222454699417
0.01932615041732788,-0.0027247556543443354,-0.020583568140864372,0.007354835311226029,1.0669562816619873,1.0342977151274682,1.002212405204773,0.013691953514106937,80.0,3.254641056060791,0.8519787471741438,0.3208082914352417,0.6767462614262962,-0.004180226125492481,1.0054092119559646,80.0,483.776797788959,967.5820666037353,241,0.34827375411987305,6.528554916381836,1.7300929628312587,0.686224102973938,1.3510854417296787
0.017651941627264023,-0.0008670156472362578,-0.016309428960084915,0.0064485065159348215,1.019378900527954,0.9851795211434364,0.9491884708404541,0.015108540091603947,80.0,33.40043640136719,5.768464544415474,1.4648635387420654,6.751819867182645,-0.004160869019076926,1.0039023371860385,80.0,483.80140027753265,967.6312027298435,242,0.33258914947509766,66.82068634033203,11.558366787433624,2.9753048419952393,13.500382749774579
0.012510966509580612,-0.0029976270539918914,-0.014193129725754261,0.005481541127809013,0.9523213505744934,0.9164591059088707,0.8506680727005005,0.019056805595439926,80.0,26.6386775970459,5.633689504861832,2.086043119430542,5.389223947969343,-0.004206951447180472,1.0017672335430978,80.0,483.78960069618387,967.6076530288384,243,0.33493614196777344,53.296165466308594,11.29170345067978,4.200932025909424,10.77560622239923
0.016814064234495163,-0.003982428240124136,-0.0197292473167181,0.005875273981576215,0.95168137550354,0.9122255600988864,0.8730133771896362,0.01630647098196068,80.0,23.427045822143555,4.910962845385074,1.9678136110305786,4.706209116711916,-0.004217481542029417,0.9991510614305734,80.0,483.8150518284515,967.6585240301266,244,0.33375120162963867,46.873077392578125,9.848135060071945,3.9372987747192383,9.409810311078688
0.009125865064561367,-0.0035496038151904942,-0.02423880435526371,0.00607493669422453,1.0495994091033936,1.0222093708813191,0.9871675968170166,0.011601138083145843,80.0,26.53396224975586,6.087660136818886,1.9656848907470703,4.915285456910744,-0.0042165784382377745,0.9979122145101428,80.0,483.8404416276069,967.7092770447359,245,0.34049081802368164,53.089134216308594,12.202863648533821,3.9494783878326416,9.827879598785193
0.011238083243370056,-0.0033362469694111496,-0.013339536264538765,0.004368742409750536,1.0306364297866821,0.9881143070757389,0.9439563751220703,0.018804080979712673,80.0,20.468645095825195,7.130052012205124,2.675060749053955,3.7584842451552407,-0.004220559871522709,0.997039035797119,80.0,483.8550126510411,967.7384095898494,246,0.3373575210571289,40.955726623535156,14.28653879761696,5.37153434753418,7.5152788420722
0.01007043570280075,-0.002218248409917578,-0.011970150284469128,0.003964792879052861,1.0004794597625732,0.9637530572712422,0.9231855273246765,0.017055511764865743,80.0,30.614484786987305,8.27962297797203,2.3565573692321777,6.014220264770442,-0.004235472122672945,0.9961467674896121,80.0,483.9116809296683,967.8517581269517,247,0.3446228504180908,61.2476692199707,16.582957577705383,4.752313613891602,12.026252979687124
0.003883223980665207,-0.0012943497335072608,-0.007036098279058933,0.0020511215542793827,0.8974754214286804,0.8439245961606503,0.7667008638381958,0.025575471491083253,80.0,181.77471923828125,65.56276173591614,28.687484741210938,31.3529762269487,-0.004164980411005672,0.9934419911950825,80.0,484.52470984098306,969.0776208779738,248,0.35391712188720703,363.5660705566406,131.14499135017394,57.40270233154297,62.7050353728667
0.0033987462520599365,-0.0020549971086438745,-0.0114986477419734,0.0031760302208834116,0.9678582549095154,0.9169100746512413,0.8625442981719971,0.025551315803658953,80.0,237.34918212890625,66.87870767116547,16.147220611572266,40.80251442149498,-0.004120644310838543,0.9917305264770984,80.0,485.1371195061058,970.3023173129783,249,0.34171390533447266,474.71636962890625,133.7798641204834,32.311378479003906,81.60256568518754
0.0068238284438848495,-0.00043163454392924905,-0.009722905233502388,0.002546391761452283,0.9242657423019409,0.8640327289700508,0.8271987438201904,0.01845586305945238,80.0,11377.8681640625,6535.410696411132,3807.30224609375,1693.698119487909,-0.004072796924621798,0.9900278850793838,80.0,550.4366306451112,1100.9012104719507,250,0.34206128120422363,22755.75,13070.839599609375,7614.6220703125,3387.397478765209
0.011186327785253525,-0.0031378379091620444,-0.021953919902443886,0.0060738635717679955,0.8561286330223083,0.8255350403487682,0.7861409187316895,0.012761674222119358,80.0,4485.51611328125,2119.1588212966917,251.5304412841797,1044.547380243873,-0.004070509937941097,0.9880669984892009,80.0,571.3592133419068,1142.7463321801051,251,0.34659385681152344,8971.0888671875,4238.340439605713,503.1007080078125,2089.096249034219
-3.3527612686157227e-08,-0.01758290466386825,-0.03733052685856819,0.008333633255594348,0.9602247476577759,0.9075047485530376,0.873730480670929,0.014567755048483165,80.0,57.302738189697266,24.737163603305817,13.320262908935547,11.18058721270792,-0.004240656784269959,0.9873617021962999,80.0,570.082441763714,1140.1931152282582,252,0.3298649787902832,114.62899780273438,49.527643537521364,26.706233978271484,22.353643754674792
0.005769711919128895,-0.015431368630379439,-0.03806758671998978,0.01021833118037944,0.9393684267997742,0.8953781001269817,0.8664635419845581,0.016704984612978084,80.0,12.675287246704102,5.6032134860754015,2.9383039474487305,2.175644378253169,-0.0043775833857362155,0.9856155384480951,80.0,569.1947433053703,1138.417957245849,253,0.37069058418273926,25.368335723876953,11.255197328329086,5.9375386238098145,4.344368659445928
0.04490827023983002,-0.0008679634891450405,-0.025188546627759933,0.01638027616348114,1.0490925312042236,0.9839593760669232,0.9464454054832458,0.018753696312338964,80.0,5.208016395568848,2.1979693576693533,1.3855509757995605,0.7512839165430432,-0.004374820676806848,0.9849146529957651,80.0,490.1658033212126,980.3600568094479,254,0.35373950004577637,10.43691635131836,4.417353820800781,2.818873882293701,1.505418571030647
0.024807505309581757,-0.004993574065156281,-0.028049468994140625,0.010229827531605092,1.05543053150177,1.000156542658806,0.9360395669937134,0.023377792316476676,80.0,3.0187480449676514,1.1652685776352882,0.663510262966156,0.5328134272494602,-0.004386506122071295,0.9843168965354561,80.0,463.7287423534245,927.4859463244452,255,0.35554981231689453,6.067873001098633,2.360527427494526,1.3591511249542236,1.0639977453087865
0.015781929716467857,-0.0052901224873494355,-0.024923264980316162,0.010297955790160362,0.8678350448608398,0.8132147639989853,0.7748227715492249,0.02222677858799055,80.0,8.075896263122559,2.393032407015562,0.9198805689811707,1.556643236997768,-0.004250722325930837,0.9817085749283432,80.0,463.0386808018461,926.1054994782879,256,0.3442203998565674,16.168472290039062,4.812909397482872,1.8990814685821533,3.1036898031013522
0.00999731756746769,-0.0062357253045775,-0.02406635507941246,0.007708010513267332,0.9054449796676636,0.855392548441887,0.8079037666320801,0.019555367749314517,80.0,16.838104248046875,4.043618702888489,0.9762099981307983,4.172884488177294,-0.004096801354316994,0.9793833898827432,80.0,462.8854226320759,925.7986287948265,257,0.3946692943572998,33.69404220581055,8.116816660761833,1.9932167530059814,8.337791859013404
0.009800154715776443,-0.003341409389395267,-0.021404730156064034,0.006704435838210895,0.8167527914047241,0.7681220769882202,0.720026433467865,0.021135681721126426,80.0,18.273813247680664,4.584042671322822,1.087570309638977,3.693870330662666,-0.004053250061231665,0.9762067807838319,80.0,462.90239945740257,925.8324318105355,258,0.3479740619659424,36.565677642822266,9.190130618214607,2.2332849502563477,7.384252206046949
0.013821488246321678,-0.003999811364337802,-0.021984480321407318,0.0066901859898642665,0.9362913370132446,0.86062396094203,0.8058915138244629,0.02975563399202556,80.0,13.035593032836914,2.036669435352087,0.555790364742279,2.273416914735906,-0.004101944269554224,0.9733514076322318,80.0,462.91372206885745,925.8551173144132,259,0.33486223220825195,26.08769989013672,4.098550967872143,1.1486387252807617,4.543175026216922
0.05216601490974426,-0.0017305238667177036,-0.025343693792819977,0.013755070683404138,0.9816505908966064,0.9427105881273746,0.9078659415245056,0.01746508006967787,80.0,6.941124439239502,2.08300863429904,0.7384521961212158,1.2914537763389629,-0.004044566347409273,0.97205709502846,80.0,462.9150440514944,925.8576206374615,260,0.4268229007720947,13.9066162109375,4.188332517445088,1.4593079090118408,2.5718603341764905
0.012322183698415756,-0.0023731353867333382,-0.023568715900182724,0.007064277514117243,0.9593232870101929,0.9198589392006398,0.878637433052063,0.017785353151768647,80.0,66.00804138183594,11.737543964385987,4.557153224945068,11.575348002018199,-0.004012370282347547,0.9711222285702824,80.0,463.00792337329307,926.0432961909621,261,0.324019193649292,132.03445434570312,23.49823131561279,9.112210273742676,23.149323079381585
0.007167398929595947,-0.007036690670065582,-0.02122657001018524,0.006623879570030735,0.8548535108566284,0.803290969133377,0.764146089553833,0.015493292941705662,80.0,29.23341941833496,5.005959466099739,2.0609323978424072,4.688912488772862,-0.004078534126019803,0.9681656260117887,80.0,463.0430105285756,926.1135436974986,262,0.2170712947845459,58.48393630981445,10.04205818772316,4.16184139251709,9.372119421916908
0.010167313739657402,-0.002643403958063573,-0.02313840761780739,0.005043565259338309,0.7968008518218994,0.7629547655582428,0.7335215210914612,0.01425123658401479,80.0,12.592401504516602,3.6109050169587134,1.7571592330932617,2.4306707943207293,-0.004187853215960785,0.9650179012492298,80.0,462.97388698513436,925.9754522939546,263,0.3414602279663086,25.19966697692871,7.242355951666832,3.539597511291504,4.8596876255020085
0.009230826050043106,-0.010504508437588812,-0.05274532735347748,0.01081164311205445,0.8909724950790405,0.8554312966763973,0.8287553787231445,0.014909958406191068,80.0,50.81637954711914,9.212589353322983,2.5966334342956543,10.126852091466553,-0.0042496444857679306,0.9621410699337721,80.0,463.0452047074698,926.1181537821961,264,0.3362002372741699,101.65000915527344,18.463296127319335,5.254157066345215,20.24566533954486
0.006799498572945595,-0.004841623731772415,-0.01983320713043213,0.005500582960172432,0.8848395347595215,0.8493921913206577,0.8102834224700928,0.015157768858355134,80.0,26.416593551635742,8.444519418478013,2.2808244228363037,4.829399648580647,-0.004271677404030925,0.9598144532218575,80.0,463.08264002786206,926.1930219570174,265,0.33942508697509766,52.850425720214844,16.915709948539735,4.584836006164551,9.655779152497981
0.0024242624640464783,-0.0023779366281814875,-0.009558932855725288,0.002777897421958076,0.8062509298324585,0.762612646073103,0.7039792537689209,0.018163282969805315,80.0,101.5385971069336,25.5263910651207,7.563997268676758,21.86348801701081,-0.004280461096350337,0.9576684453114868,80.0,463.23243921742966,926.4925949855818,266,0.33371543884277344,203.09466552734375,51.072790467739104,15.147953987121582,43.725454204459886
0.0032183937728405,-0.0010695355827920138,-0.008973157033324242,0.0020201077448103425,0.8238356113433838,0.7704392306506633,0.7229127883911133,0.020667396856850147,80.0,252.59304809570312,84.40711419582367,22.61119270324707,51.451935164462014,-0.004258808522572508,0.9555111383870245,80.0,464.0413382191771,928.1103065286948,267,0.3447880744934082,505.2018127441406,168.83177528381347,45.235191345214844,102.90283412576755
0.008337222039699554,-0.0018965100520290435,-0.013844058848917484,0.004212804590529629,0.9305299520492554,0.8795191653072834,0.8272095918655396,0.019694862017726165,80.0,7908.3134765625,4322.798713684082,1464.629638671875,1451.8748665562425,-0.004247153245058143,0.9536236574202778,80.0,507.2302916657739,1014.4881519679801,268,0.18940091133117676,15816.6435546875,8645.618771362304,2929.266357421875,2903.7497125206287
0.008662216365337372,-0.0006275924446526915,-0.007767615839838982,0.002731745324825441,0.8484333753585815,0.8055540911853314,0.7624158263206482,0.016192048988816644,80.0,7981.9833984375,3792.355702209473,1300.0125732421875,1314.9504163398076,-0.0042192222305166074,0.9504983786270023,80.0,545.0709716009759,1090.169393268205,269,0.1939094066619873,15963.990234375,7584.728750610351,2600.037109375,2629.9017029606466
0.00302058644592762,-0.013671659887768329,-0.0291694775223732,0.007699417267178236,0.7501019239425659,0.7131464727222919,0.6678580045700073,0.017370182529370944,80.0,23.117338180541992,10.737261033058166,7.040628910064697,2.984687785328871,-0.004335674191388535,0.9471179427057502,80.0,545.1072728685104,1090.2421610973254,270,0.20650720596313477,46.255184173583984,21.51612820625305,14.107439041137695,5.964525546285132
0.008467890322208405,-0.013998565496876836,-0.03609275072813034,0.00943070535542129,0.9449561834335327,0.9049798153340817,0.8717783689498901,0.01392580923538924,80.0,15.302841186523438,4.634299254417419,2.270625114440918,2.3345597082832983,-0.004453612859564601,0.9462883402556181,80.0,544.5753373374902,1089.1785093153492,271,0.20322322845458984,30.62454605102539,9.314695245027542,4.587869644165039,4.66118351521834
0.033012837171554565,-0.0008268013014458119,-0.018874719738960266,0.009735330489206764,0.9508724212646484,0.90699582695961,0.866808295249939,0.016840134236331798,80.0,5.851688861846924,1.5200052663683892,0.8283821940422058,0.9789243552838126,-0.0044483773006068076,0.9458636060059071,80.0,542.8388544515782,1085.7055245561376,272,0.2841639518737793,11.722599029541016,3.05980406999588,1.663582682609558,1.9579185502679917
0.03730739653110504,-0.007097597175743431,-0.03876427188515663,0.01371961275838665,0.958382248878479,0.9170915082097053,0.8655308485031128,0.021351830155213216,80.0,1.295851707458496,0.495882086828351,0.27202552556991577,0.1922186308564178,-0.004496988487575435,0.9446699756830931,80.0,529.4978141927421,1059.0235174823326,273,0.20467567443847656,2.604682445526123,1.0243012025952338,0.5955290794372559,0.37725261425574785
0.0326516218483448,-0.003984791040420532,-0.02715371921658516,0.011695637324577438,0.9433575868606567,0.8985041454434395,0.858159065246582,0.019179757223662306,80.0,1.7215129137039185,0.5187804110348224,0.244698166847229,0.2951487356860932,-0.004538247774384218,0.9444394821152092,80.0,446.3753481577411,892.7786623749063,274,0.2001781463623047,3.460618257522583,1.0635004878044128,0.5441060066223145,0.5828631475068007
0.037786729633808136,0.0009713280713185668,-0.016950950026512146,0.012268872051360524,0.8933600187301636,0.8471336394548417,0.803297758102417,0.01881932311975195,80.0,13.84199047088623,2.6510781168937685,0.6149004697799683,3.251863569990377,-0.004377607811853523,0.9445583181083202,80.0,446.28054235354807,892.5887318637147,275,0.19722795486450195,27.700088500976562,5.317156283557415,1.271402359008789,6.492498547052235
0.014405082911252975,-0.004758127161767334,-0.025100499391555786,0.00809687672355806,0.928000807762146,0.8707098923623562,0.8090108036994934,0.023737936515997454,80.0,14.874216079711914,3.55964065939188,0.9124364852905273,3.8052781715887685,-0.004369754994491814,0.9438204497173427,80.0,446.2333683672472,892.4943534264339,276,0.20276737213134766,29.761066436767578,7.146211695671082,1.8643608093261719,7.603009890219095
0.033143483102321625,-0.0020523449347820133,-0.01729583740234375,0.009800953648345932,0.9792394042015076,0.9210000053048134,0.8659420013427734,0.020816541738349126,80.0,10.46172046661377,1.783082190528512,0.388310045003891,2.1362384354081754,-0.004374371949670604,0.9425541248098015,80.0,446.2281581890397,892.4839169768243,277,0.20017552375793457,20.94204330444336,3.588689026981592,0.8056092858314514,4.265054663633959
0.01110798493027687,-0.003350027184933424,-0.019718382507562637,0.006944170917500798,0.9019587635993958,0.8677632801234723,0.8229894042015076,0.01917152575277734,80.0,2.5625600814819336,0.48581531681120393,0.17419038712978363,0.459840193053664,-0.004313217623130186,0.9404300471246242,80.0,446.2219315540492,892.4712989165522,278,0.1990048885345459,5.141495704650879,0.995685950294137,0.37092745304107666,0.915727444928343
0.02606474980711937,-0.001140147092519328,-0.01619531959295273,0.006261512656499762,0.9887553453445435,0.9484457887709141,0.9135612845420837,0.01431294774504078,80.0,20.50002670288086,5.685722690820694,1.6039016246795654,3.95332704029804,-0.004323100915324175,0.9386873361244796,80.0,446.26988881447903,892.5671983502542,279,0.20834755897521973,41.0191764831543,11.392694646120072,3.2322254180908203,7.90269771764044
0.0046607255935668945,-0.0021889331459533424,-0.011286268010735512,0.003674386947172279,0.8751275539398193,0.8350561454892158,0.7913461923599243,0.017310396724514322,80.0,30.63237762451172,5.8170447021722795,1.893256425857544,6.069516711098057,-0.004303810883429833,0.9371913265511393,80.0,446.31413661536567,892.6556254520602,280,0.20084524154663086,61.28091049194336,11.6551684319973,3.8098127841949463,12.136647100398577
0.003241661936044693,-0.0037941386457532645,-0.015910129994153976,0.004470623575759282,0.7119671106338501,0.6728726215660572,0.6325420141220093,0.01595433362016231,80.0,21.081680297851562,4.13761413693428,1.5636992454528809,3.9381608213935775,-0.004292152831680142,0.9338634139448403,80.0,446.2960356362908,892.6193336180337,281,0.18612051010131836,42.1724967956543,8.29627392590046,3.1561994552612305,7.8730062722570215
0.014465129002928734,-0.00311179113923572,-0.021714825183153152,0.006892975584865422,0.7329861521720886,0.6828210115432739,0.648542046546936,0.01795700047621227,80.0,48.88221740722656,10.156937035918236,2.289550542831421,10.045210261151846,-0.004279404167435132,0.9301507735550402,80.0,446.3274368694722,892.6820363338179,282,0.19205737113952637,97.7784194946289,20.33375403881073,4.590444564819336,20.087521467084827
0.013898910954594612,-0.0033753803523723035,-0.015365378931164742,0.004967287970311434,0.7384961843490601,0.705680001527071,0.6639542579650879,0.014895293886493811,80.0,30.295421600341797,7.3330727621912954,1.8095630407333374,5.765898437393913,-0.004281280200229959,0.926426151998341,80.0,446.35920571830866,892.7455032909252,283,0.19451189041137695,60.604915618896484,14.687009868025779,3.653764009475708,11.527806061901483
0.010686392895877361,-0.0035158547572791575,-0.022929072380065918,0.006162652483578532,0.8642981052398682,0.825763987004757,0.7877646684646606,0.015355227416966362,80.0,24.476232528686523,11.014586353302002,4.494871616363525,4.046837422457694,-0.004288762251031585,0.9234156325384975,80.0,446.45622935120014,892.9395053093767,284,0.19804167747497559,48.969242095947266,22.052719604969024,9.02947998046875,8.091052497898556
0.005420427769422531,-0.002078693505609408,-0.012765269726514816,0.003489852671903375,0.835435688495636,0.7762881338596344,0.7208386659622192,0.023081227037586277,80.0,105.76522064208984,36.704990196228025,16.184856414794922,22.38748475932505,-0.004343149151827675,0.9206169602647424,80.0,446.755152359374,893.5374041247106,285,0.19530797004699707,211.54530334472656,73.42966332435608,32.38839340209961,44.77296636909199
0.0037167863920331,-0.0011267503490671516,-0.01030179113149643,0.002338190414232301,0.8956708908081055,0.8422868959605694,0.7898397445678711,0.020658658971432323,80.0,148.6774139404297,56.57587342262268,19.355642318725586,28.041983336644577,-0.0042934830688172955,0.9196711979731917,80.0,447.2687581991033,894.5644975523089,286,0.19531512260437012,297.371337890625,113.17084565162659,38.73551940917969,56.08326523612534
0.007508063223212957,-0.0003971601603552699,-0.007214471697807312,0.0024357311371974925,0.8595713973045349,0.8092645086348057,0.7597129344940186,0.024088859813882625,80.0,9120.025390625,4973.296630859375,1961.0234375,1653.6132368488772,-0.0042518803472630685,0.9182177469208836,80.0,496.9695319964365,993.9659322663581,287,0.19397473335266113,18240.06640625,9946.610180664062,3922.064453125,3307.2266170841053
0.015793608501553535,-0.0031235937611199917,-0.021271362900733948,0.0065519581087795375,0.7532497644424438,0.7128299862146378,0.6654661297798157,0.0172151121896188,80.0,5619.9267578125,2634.0210105895994,753.2005004882812,1044.3574219283325,-0.004273721367935651,0.9148847168907523,80.0,523.2673642279432,1046.5615742941534,288,0.19719433784484863,11239.876953125,5268.062579345703,1506.444580078125,2088.7148181940615
0.009197412990033627,-0.00860727010294795,-0.028817404061555862,0.007029501090995301,0.6974436640739441,0.6667663559317589,0.6273724436759949,0.014975001871193931,80.0,8.605097770690918,3.102700911462307,1.9572068452835083,1.128900875520853,-0.004355447251931765,0.9109636947885157,80.0,523.2093804765717,1046.445691822294,289,0.20310544967651367,17.223743438720703,6.235951668024063,3.958415985107422,2.253416000892922
0.02113511599600315,-0.00717554084258154,-0.022793222218751907,0.007449193948708183,0.8825937509536743,0.8399981319904327,0.7903503179550171,0.017220635045347366,80.0,4.5206298828125,2.306967094540596,1.1732406616210938,0.7381708598567537,-0.00436827230459312,0.9089701378569006,80.0,523.1598123796955,1046.3465414075292,290,0.20276880264282227,9.052495956420898,4.645085203647613,2.3520069122314453,1.4726905994216868
0.04049863666296005,-0.0016286368656437844,-0.019515419378876686,0.010050613617915484,0.8978458642959595,0.8603432767093182,0.8102543950080872,0.018941116243866716,80.0,2.3245620727539062,0.6216077338904142,0.3622562885284424,0.3806593510149349,-0.00435923241492128,0.9081645541489124,80.0,522.7888483365663,1045.6045791303254,291,0.20408964157104492,4.666187286376953,1.2636795967817307,0.7521511316299438,0.7596183955218914
0.01926950365304947,-0.0028177945758216085,-0.02571173757314682,0.009628748809590337,1.0070793628692627,0.9647078149020671,0.9182696342468262,0.017091983496006238,80.0,1.4085843563079834,0.46512809209525585,0.20565827190876007,0.22399250626159575,-0.004384229805669747,0.9085391922593117,80.0,521.4023195323051,1042.8315790114814,292,0.20062613487243652,2.8369946479797363,0.9551859267055989,0.44993484020233154,0.4417287509373692
0.05683330073952675,0.004844290862092748,-0.046814028173685074,0.02119925057101915,0.9257354736328125,0.8703510545194149,0.7958937287330627,0.03266301166832301,80.0,3.3870091438293457,0.7232366621494293,0.2671882212162018,0.5220982697829183,-0.004289407839125488,0.9072417671009897,80.0,473.1933735541999,946.4134714844563,293,0.19565510749816895,6.790210723876953,1.454191755503416,0.5410224795341492,1.030104764071721
0.019333358854055405,-0.007700482895597815,-0.02847951091825962,0.010551738137198254,0.8396948575973511,0.7966453410685063,0.7376126050949097,0.022392246933241884,80.0,17.549949645996094,3.876902638375759,1.003605842590332,3.6803878755828214,-0.004344341755961068,0.9068703325986863,80.0,433.40322734315697,866.8332810976542,294,0.19324541091918945,35.12004852294922,7.785139176249504,2.0272936820983887,7.3501358978576095
0.01914864033460617,-0.002937956911046058,-0.018866360187530518,0.0071041832963288885,0.9311946034431458,0.8738613858819008,0.8239268064498901,0.023484855785308706,80.0,10.914786338806152,2.1852104775607586,0.5527454018592834,2.470377649989209,-0.004210624713334255,0.9071223617717624,80.0,433.1882147632316,866.4029935432113,295,0.1987903118133545,21.849143981933594,4.3937741100788115,1.1520752906799316,4.938451677215646
0.014505693688988686,-0.0008540203503798694,-0.013400709256529808,0.005618796337244072,0.9358748197555542,0.890779921412468,0.8429761528968811,0.018329183821660665,80.0,7.085214614868164,1.4335894636809825,0.27617910504341125,1.6052823831956378,-0.0040443153278320095,0.9061447657346726,80.0,433.1350524717569,866.2963167891317,296,0.1993708610534668,14.18759536743164,2.8867025770246983,0.5889479517936707,3.208594512839689
0.013341911137104034,-0.005358651984715834,-0.02244291827082634,0.00683126773988694,0.9642647504806519,0.9263994589447975,0.8890352249145508,0.01717317707789451,80.0,4.8272271156311035,0.7505660140886903,0.19780217111110687,0.7529028439205971,-0.004018582455406431,0.9057753589227796,80.0,433.1167442268376,866.2596414453276,297,0.19558310508728027,9.671724319458008,1.5303773142397403,0.43590837717056274,1.5013800163580568
0.013617384247481823,-0.002989611972589046,-0.01935836672782898,0.007268845002843183,0.9556230902671814,0.906619380414486,0.8663079142570496,0.017550832861576913,80.0,14.5599946975708,2.62749493047595,0.9812672734260559,2.5236459300113654,-0.003939534260309302,0.9040722073391081,80.0,433.1350491134097,866.2960590589084,298,0.19824433326721191,29.13808822631836,5.279101461172104,2.0140750408172607,5.0438499402387915
0.010323133319616318,-0.002501724986359477,-0.012083541601896286,0.004356131321934625,0.7104942798614502,0.6752139247953892,0.6172522306442261,0.017187072631819133,80.0,17.877798080444336,2.7829514883458613,0.8772580623626709,3.1998269041291136,-0.0038316920987563207,0.9006620914787054,80.0,433.15737051832497,866.3404179824181,299,0.19944405555725098,35.76884078979492,5.584410744905472,1.7841863632202148,6.397767386463755
0.008499342948198318,-0.0013917719013988971,-0.017197905108332634,0.005043969011657766,0.5974363088607788,0.5548203594982624,0.5211346745491028,0.014814931667753975,80.0,21.077350616455078,3.456626456230879,0.8306806087493896,4.44549013580816,-0.0037990808030590423,0.8962681365683676,80.0,433.14210421161914,866.3097322685458,300,0.2167065143585205,42.165122985839844,6.927132891118527,1.6707515716552734,8.888805235542009
0.04812190681695938,-0.003949072305113077,-0.024744197726249695,0.010985200730001832,0.6385904550552368,0.5968338437378407,0.5512655973434448,0.0168157267954087,80.0,26.79183578491211,6.174525514245033,2.075551748275757,4.4530008540884705,-0.0038361575276358055,0.8926255619898437,80.0,433.1705113993269,866.3665479455032,301,0.19138121604919434,53.59658432006836,12.368885719776154,4.1666765213012695,8.90057200635918
0.00889110378921032,-0.0024703001836314797,-0.01839827373623848,0.004529756528205796,0.7306762337684631,0.6964543402194977,0.6554213166236877,0.014880867569588617,80.0,26.245515823364258,8.719663798809052,3.4935355186462402,3.7190938509095295,-0.0038556844547274526,0.8899454527422788,80.0,433.21329337957314,866.4520973565466,302,0.19589972496032715,52.504791259765625,17.45819721221924,7.0157928466796875,7.436107030589162
0.0066850446164608,-0.007301334838848561,-0.02765974961221218,0.007329168424081771,0.8627465963363647,0.8247111186385154,0.7891571521759033,0.01610935673579879,80.0,23.888351440429688,7.656342613697052,3.6396968364715576,3.326522819007256,-0.0038758144574821923,0.8872758683934809,80.0,433.27085115481736,866.5671997754758,303,0.19541406631469727,47.793033599853516,15.34378212094307,7.324128150939941,6.646691394877905
0.006690686568617821,-0.002077862643636763,-0.01130049116909504,0.0033099337932198797,0.7909523844718933,0.7474980354309082,0.6745525598526001,0.023312713388326498,80.0,104.43731689453125,31.625255751609803,8.850988388061523,23.666438145560953,-0.0038657082409481514,0.8848451279625299,80.0,433.5297777229083,867.0849840864726,304,0.18549060821533203,208.8902587890625,63.26961736679077,17.739078521728516,47.33024981764702
0.008094437420368195,-0.00203604307025671,-0.01317109726369381,0.0035941708840126064,0.848279595375061,0.7957027927041054,0.7273211479187012,0.02339177832694755,80.0,144.6387481689453,56.87152491807937,15.64437198638916,25.733088899687534,-0.0038581633025896733,0.8835420888140798,80.0,434.0380870629383,868.1015616107175,305,0.25737810134887695,289.29412841796875,113.76303553581238,31.323406219482422,51.464514481530074
0.008878868073225021,-0.0010047269286587834,-0.017594503238797188,0.0037015178321373435,0.8249709010124207,0.7841827012598515,0.7308266162872314,0.019712953968646873,80.0,10895.498046875,5759.017855834961,1641.484375,1572.944667791165,-0.0038267192817293106,0.8825469103530049,80.0,491.59660163263806,983.2185075103231,306,0.3390364646911621,21791.01171875,11518.053359985352,3282.974365234375,3145.8896289639433
0.011023703962564468,-0.0029513610643334687,-0.016879118978977203,0.0060703124886273795,0.6501412391662598,0.5990489222109318,0.5410548448562622,0.01938013405980756,80.0,3979.469482421875,1836.4408824920654,259.0058288574219,953.1843403411729,-0.0038043185658752916,0.8783565144315362,80.0,509.9184710834605,1019.8621175923831,307,0.3354220390319824,7958.95947265625,3672.899627685547,518.015625,1906.3697436935763
0.006811956875026226,-0.0029566066805273294,-0.015828751027584076,0.005074083164365228,0.5980722904205322,0.562869057804346,0.5189754962921143,0.017475199132988464,80.0,5.600493431091309,2.137715083360672,1.1073808670043945,0.8275781760461327,-0.0037951778386486694,0.8733314529061318,80.0,509.8643046350759,1019.7536659125275,308,0.3304722309112549,11.212809562683105,4.2926007360219955,2.242806911468506,1.652998283192181
0.012625543400645256,-0.006730005651479587,-0.021382063627243042,0.006394727396256953,0.8066333532333374,0.7658466055989266,0.7213649153709412,0.01916682114459293,80.0,6.077939033508301,1.8927599057555198,0.9576436281204224,1.0306874426224322,-0.0038417120585800147,0.8706382585540413,80.0,509.8207963297498,1019.666688506145,309,0.3277595043182373,12.17193603515625,3.8142967343330385,1.9366426467895508,2.0578173353623628
0.009798839688301086,-0.006644002971006558,-0.030171029269695282,0.009125537294220516,0.8804802894592285,0.8424148596823215,0.7863651514053345,0.021195626419375262,80.0,4.0266618728637695,1.021069587767124,0.4328014850616455,0.8519933261031951,-0.0038969866630213794,0.8701072091460227,80.0,509.4171620946807,1018.8595199598557,310,0.3270149230957031,8.077987670898438,2.0722754865884783,0.8859707713127136,1.697705527327539
0.05521286651492119,0.0012970109004527331,-0.020062901079654694,0.011692066674132438,0.9672868251800537,0.9231018297374248,0.8510065078735352,0.02034458180497985,80.0,1.962424874305725,0.6320847004652024,0.28774163126945496,0.3289040117970747,-0.0038674057017487936,0.8705210203528404,80.0,508.1799257329089,1016.3849963507912,311,0.3300590515136719,3.943575859069824,1.2800374127924443,0.5817453861236572,0.6568793985423048
0.1372528076171875,0.0111683776776772,-0.024891000241041183,0.02450414104807196,0.8974933624267578,0.8442150101065635,0.7753516435623169,0.026812316151085754,80.0,2.6158504486083984,0.8282576043158769,0.27987581491470337,0.5004780795896263,-0.0037209503937920083,0.8691923938393592,80.0,450.6084174916912,901.2416602376362,312,0.1915576457977295,5.246359825134277,1.6510627567768097,0.6267620325088501,0.9807646565164939
0.020057834684848785,-0.0035548943502362817,-0.024004139006137848,0.008279407854179468,0.8687657713890076,0.7991252601146698,0.7169235944747925,0.025593545074365363,80.0,12.290106773376465,2.370708478242159,0.5748032927513123,2.488338376705086,-0.003736865852872142,0.8692779648080468,80.0,417.22022996130033,834.4653184908592,313,0.2817518711090088,24.596914291381836,4.764509251713752,1.1837477684020996,4.968474808172111
0.01599493995308876,-0.0058003545680549,-0.0240055900067091,0.00807966250446974,0.9100964069366455,0.8669844806194306,0.8084526062011719,0.020747511613592444,80.0,11.967034339904785,2.2132614605128764,0.34518495202064514,2.6351807413046084,-0.0036477419404254757,0.8698985434994101,80.0,417.1244638196398,834.2736203693339,314,0.2130107879638672,23.951839447021484,4.455463292449712,0.7163611054420471,5.266625314215859
0.028814317658543587,-0.00276083568460308,-0.0279023926705122,0.009853131026327568,0.9185476303100586,0.877489772439003,0.8362375497817993,0.01722019006014537,80.0,2.9833128452301025,0.6819429196417331,0.24953407049179077,0.5750675048135439,-0.0036228958067658816,0.8685452865809202,80.0,417.0669863284174,834.158588630084,315,0.27222132682800293,5.984600067138672,1.386957298219204,0.5364048480987549,1.1425244000316133
0.028677530586719513,-0.0021183530276175588,-0.019027967005968094,0.007124682369292741,0.8590602874755859,0.8261452116072178,0.7784678936004639,0.015337668398820349,80.0,4.807684898376465,0.7747039763256908,0.2415016144514084,0.855277771363699,-0.0035166164942493187,0.8666285572871566,80.0,417.0464049510584,834.1171749818064,316,0.19976282119750977,9.631437301635742,1.5701675713062286,0.5167109370231628,1.7086805144754467
0.011685630306601524,-0.0006457083160057664,-0.01860181987285614,0.005062678314760139,0.846258282661438,0.7932667508721352,0.7513757348060608,0.020562933977497373,80.0,13.127439498901367,2.8149906888604166,0.7438157796859741,2.5060030927283465,-0.00350008608403732,0.8640511571019889,80.0,417.0628873829469,834.1500552360156,317,0.19666194915771484,26.26500129699707,5.647138065099716,1.5070583820343018,5.0099263334008945
0.005053423345088959,-0.0037948680284898726,-0.019718468189239502,0.004973200950212711,0.6484673023223877,0.5897920861840248,0.5525665283203125,0.0178575984088609,80.0,9.962991714477539,1.9528164364397527,0.563241720199585,1.9615742674348757,-0.003527572712133405,0.8595229136943816,80.0,417.076582595326,834.1774100690373,318,0.2152540683746338,19.937843322753906,3.925018437206745,1.1493571996688843,3.9202400017994985
0.0040577128529548645,-0.003919218154624105,-0.01419864036142826,0.004037519511439251,0.547238826751709,0.4983338687568903,0.4478904604911804,0.016378325022953028,80.0,8.128365516662598,1.392984263598919,0.5008225440979004,1.5092263075752288,-0.003572278235194971,0.8548299626521765,80.0,417.0609825478866,834.1462055260874,319,0.1867213249206543,16.266786575317383,2.803773634135723,1.0207293033599854,3.015291068737783
0.0121122095733881,-0.0028578715748153625,-0.018327057361602783,0.005498063542808826,0.6018691062927246,0.5707281403243541,0.5418376922607422,0.012963729147978206,80.0,29.81686019897461,4.34050989896059,1.1373354196548462,4.717334886613392,-0.003579914347705198,0.8510470761246977,80.0,417.06796253148457,834.1601051084735,320,0.2757704257965088,59.64558410644531,8.698150107264519,2.293837070465088,9.43257046432982
0.008915765210986137,-0.006849751999834552,-0.027818730100989342,0.006812187544431487,0.5820050239562988,0.5471454694867134,0.5077158212661743,0.01529421850538616,80.0,21.568939208984375,6.598030105233192,2.1285204887390137,4.260911170478524,-0.0036373951780551577,0.8466118714995681,80.0,417.1051935135014,834.2345933299549,321,0.33608174324035645,43.14901351928711,13.220702594518661,4.296973705291748,8.517204504143438
0.006173431873321533,-0.0013838867482263595,-0.011725928634405136,0.0035346394077314133,0.7190970182418823,0.6888474144041539,0.6603494882583618,0.014135386204954586,80.0,19.249361038208008,11.958993983268737,4.88360071182251,3.0189553919999583,-0.0036286457093956414,0.8426233087591826,80.0,417.21871455266324,834.4615381384231,322,0.39360666275024414,38.51271057128906,23.934532725811003,9.780757904052734,6.037860060482867
0.005198584869503975,-0.0015211315010674297,-0.009826447814702988,0.002439253038858935,0.7439943552017212,0.704429566860199,0.6629006862640381,0.018583632070540847,80.0,106.95449829101562,24.96474508047104,10.51405143737793,18.741419291168373,-0.0036333541377971414,0.8390890959911047,80.0,417.4050237033292,834.8340951737499,323,0.19593358039855957,213.9210968017578,49.94662103652954,21.051332473754883,37.48159459705284
0.004983467981219292,-0.0033004389377310874,-0.018888460472226143,0.004904962486863371,0.7268983125686646,0.6806227669119835,0.6293455958366394,0.022230731622229518,80.0,218.94786071777344,62.82763183116913,19.64389419555664,37.08330246302111,-0.0036230649230710697,0.8369086287952959,80.0,417.9846892157122,835.9933620102145,324,0.21067118644714355,437.90838623046875,125.67547698020935,39.311553955078125,74.16433879367641
0.0068646580912172794,-0.0005691975529771298,-0.009662814438343048,0.0023803771165217175,0.8421574831008911,0.8067711815237999,0.7622742652893066,0.018438387037158353,80.0,5462.7158203125,2839.0166404724123,675.017333984375,1130.1627611404879,-0.0036008060833846683,0.8362100263498724,80.0,446.335231160663,892.6943875543512,325,0.3287992477416992,10925.447265625,5678.050569152832,1350.053466796875,2260.325599400345
0.00573195144534111,-0.00023210823419503868,-0.006548745557665825,0.0021362167669006712,0.6567513942718506,0.6092289991676807,0.5692447423934937,0.01468873789687689,80.0,6830.431640625,3435.43624420166,1136.254638671875,1233.9868798596508,-0.0035530690604064145,0.832268425796181,80.0,480.63161849077784,961.2869877024331,326,0.3269660472869873,13660.873046875,6870.885116577148,2272.522705078125,2467.9743434462175
0.025232156738638878,0.00020972118945792318,-0.013000264763832092,0.006613035242408162,0.570459246635437,0.5107129704207182,0.47973379492759705,0.015528149699244301,80.0,2526.2109375,795.4801893472671,3.944538116455078,506.49454312807615,-0.0035232391407189426,0.8269463047981261,80.0,488.5043599483594,977.0323044848478,327,0.31810617446899414,5052.43798828125,1590.9701706171036,7.904026031494141,1012.9901632517095
0.0044049546122550964,-0.011355678446125238,-0.026504211127758026,0.007632963660921464,0.7255673408508301,0.6780115760862827,0.6256141066551208,0.018983333813621852,80.0,11.971990585327148,5.280033364892006,2.7165801525115967,1.6152585193162474,-0.003573467943671858,0.8237163774594665,80.0,488.51911407276236,977.0618485922256,328,0.32768821716308594,23.957582473754883,10.59633828997612,5.438227653503418,3.223905735375084
0.04627350717782974,0.0007857498480007052,-0.025052983313798904,0.01169079670285934,0.8512163758277893,0.7833650670945644,0.7193092703819275,0.022907504505399672,80.0,14.632932662963867,2.645819876343012,0.9003754258155823,2.50200351140595,-0.0035540926974790637,0.8226532987356184,80.0,488.1553754737972,976.3343113825508,329,0.2762610912322998,29.281429290771484,5.305735523998737,1.8173223733901978,5.006468700616011
0.05026766657829285,-0.00023370019625872372,-0.025255169719457626,0.014426193103655689,0.9729043245315552,0.9261264696717262,0.8691534399986267,0.01748066433212223,80.0,4.939992904663086,0.9429357368499041,0.3538932800292969,0.9987975037439468,-0.0035308081988187036,0.8231457339897752,80.0,487.12173190512135,974.2669875297956,330,0.2324373722076416,9.91043758392334,1.9048613809049129,0.744698703289032,1.9944926189497076
0.03968934714794159,0.001527796289883554,-0.022489111870527267,0.011545993436101156,0.958522617816925,0.9136417336761952,0.8788578510284424,0.017770107873997167,80.0,2.7736735343933105,0.6480906084179878,0.26891428232192993,0.5719510968587083,-0.0034951026803173592,0.8233458183780313,80.0,430.6588272216059,861.3411112189256,331,0.19289040565490723,5.569500923156738,1.3113984540104866,0.5701507329940796,1.1350462463980244
0.011545934714376926,-0.004332017304841429,-0.018676651641726494,0.006693532992559529,0.818329930305481,0.770952332019806,0.726158857345581,0.0181441638608404,80.0,14.392542839050293,2.7194818034768105,0.7483183145523071,3.2100941008468835,-0.003522621536947554,0.823365616850555,80.0,398.8627163603193,797.7489445969576,332,0.20125079154968262,28.800270080566406,5.463046665489673,1.5026631355285645,6.417241140623305
0.00968349352478981,-0.003383275744272396,-0.019085392355918884,0.0052411970435167965,0.9019461274147034,0.8492213472723961,0.7847174406051636,0.024101204357706057,80.0,23.300098419189453,4.8859046459197994,1.0472815036773682,5.4886383454278445,-0.0033969055178167773,0.8235988800674676,80.0,398.7503795965798,797.5240243036262,333,0.18630695343017578,46.617530822753906,9.795560288429261,2.1378116607666016,10.973553466022842
0.02050440013408661,-0.0012015387183055282,-0.01668822020292282,0.0063061421499648,0.9269052743911743,0.8926165156066418,0.8301881551742554,0.01733568682123232,80.0,20.97833251953125,3.138261391967535,0.4692452549934387,4.093955430007467,-0.0032721530610870103,0.8228460817411544,80.0,398.71638234765453,797.4557652442716,334,0.18793964385986328,41.97488784790039,6.296778173744679,0.9880895614624023,8.1859897081795
0.016070539131760597,-0.003554119705222547,-0.022487252950668335,0.008157408495145565,0.8295375108718872,0.8044484958052636,0.750991940498352,0.0166541382485706,80.0,5.589936256408691,1.3703226998448372,0.52132248878479,1.1509374218884962,-0.0032838742980093234,0.8214195729270577,80.0,398.7129914593734,797.4489783798568,335,0.19211220741271973,11.191980361938477,2.763842596113682,1.0646483898162842,2.2960057508788916
0.021100422367453575,-0.0014112995064351707,-0.016701694577932358,0.008014547121545978,0.8382058143615723,0.8080099999904633,0.7663987874984741,0.015468349946802051,80.0,27.578338623046875,4.942476910352707,1.417766809463501,5.437834024081369,-0.003319002960663056,0.8189511410668493,80.0,398.7553618482128,797.5337400464828,336,0.19388866424560547,55.173683166503906,9.903936642408372,2.885551929473877,10.87054881803044
0.005303422920405865,-0.0038183299882803114,-0.01345352828502655,0.004468145139645628,0.7185153365135193,0.6788243986666203,0.6323490142822266,0.016694198466817876,80.0,11.195436477661133,2.709935736656189,1.1714612245559692,2.4490030234097233,-0.0033335770248959307,0.8155769050568341,80.0,398.7751283524446,797.5732347189895,337,0.19005584716796875,22.40477180480957,5.441084685921669,2.3778345584869385,4.894525255932554
0.015234915539622307,-0.007051377667812631,-0.02277742326259613,0.006290170178289073,0.5578887462615967,0.521206533536315,0.4865250885486603,0.013776889678037463,80.0,6.941854000091553,2.0398090586066244,1.0867542028427124,1.2279206858558875,-0.0033570492712606207,0.8111055943034589,80.0,398.7438088630847,797.5105532581917,338,0.19153857231140137,13.897327423095703,4.104144984483719,2.2073211669921875,2.452735880618316
0.010296382009983063,-0.008278979652095586,-0.027641426771879196,0.00875662759013459,0.5880195498466492,0.5516587264835835,0.5205488204956055,0.01487195995239981,80.0,10.76312255859375,2.940599925816059,1.3487753868103027,2.001751639950719,-0.0034001492264505934,0.8071619984321297,80.0,398.75090380036454,797.5247504613509,339,0.1997382640838623,21.527545928955078,5.908791062235832,2.7186279296875,3.9929947515864974
0.010256943292915821,-0.004234540113247931,-0.017819207161664963,0.0049136770322300094,0.5513916015625,0.5132703371345997,0.46378010511398315,0.01758472849089469,80.0,22.345733642578125,7.927215746045112,3.308544397354126,4.024087905337976,-0.003424754229403333,0.8023775374107062,80.0,398.8111237063482,797.6451437936239,340,0.18662095069885254,44.70207977294922,15.87316592335701,6.644996166229248,8.045341339867168
0.007280740886926651,-0.004110967717133462,-0.02771162986755371,0.006029627429771655,0.7388241291046143,0.6945955879986286,0.6597119569778442,0.015105283447336566,80.0,14.93886947631836,6.368133941292763,2.0158212184906006,2.33325768708488,-0.0034386163500312243,0.7989805161394179,80.0,398.86628525828945,797.7554266807622,341,0.19014787673950195,29.892333984375,12.758381676673888,4.041186332702637,4.665072395226621
0.014695506542921066,0.0004000050364993513,-0.01195520255714655,0.005194186227256124,0.7005577087402344,0.6462145395576954,0.6047500967979431,0.02021394276919218,80.0,114.84770202636719,23.950124061107637,8.525568008422852,20.503578408878255,-0.0034259461431938687,0.7955908663235605,80.0,399.04810185345633,798.1189667313882,342,0.20584869384765625,229.70481872558594,47.912371850013734,17.06795883178711,41.00428092451082
0.005628116428852081,-0.001827785576460883,-0.008463721722364426,0.002551257699255486,0.724394679069519,0.6818023644387722,0.6379374861717224,0.019042352582337635,80.0,131.96932983398438,46.49200612306595,13.321627616882324,24.065242553035713,-0.003414247728418559,0.7932442989088594,80.0,399.4566850196383,798.9360627364704,343,0.19788742065429688,263.951416015625,93.00130395889282,26.645843505859375,48.12936568228407
0.006792880594730377,-0.0005998075299430639,-0.008094970136880875,0.002851053477017491,0.7525235414505005,0.708161036670208,0.6635449528694153,0.019257157290062374,80.0,8054.34814453125,5258.370783996582,2031.4307861328125,1397.9913722520976,-0.0033804215213167482,0.7912036536745727,80.0,451.9912832311503,904.0051499893854,344,0.19543671607971191,16108.7099609375,10516.756860351563,4062.87548828125,2795.983028120693
0.011572428047657013,-0.004611941345501691,-0.015323132276535034,0.006008964202589584,0.5646623969078064,0.5186360150575637,0.4835125207901001,0.016385373663473805,80.0,3664.1162109375,1602.0605264663695,87.11228942871094,802.5050680836724,-0.0033910448966198597,0.7861679201163351,80.0,467.95101189444586,935.9245277669319,345,0.19625115394592285,7328.25048828125,3204.140641403198,174.23806762695312,1605.012031976069
0.013566913083195686,-0.004918329144129529,-0.02485528588294983,0.006901803373384971,0.5327683687210083,0.4922713290899992,0.43479472398757935,0.017617322253375225,80.0,15.471883773803711,5.976749637722969,2.2975070476531982,3.350821907812372,-0.0034068657183670436,0.7812094903364778,80.0,467.939478870701,935.9013941920887,346,0.19811558723449707,30.95368766784668,11.97318131327629,4.604123592376709,6.697683982285569
0.010712017305195332,-0.004609237442491576,-0.014993240125477314,0.005266071624130884,0.7242085337638855,0.6738152779638767,0.6281857490539551,0.01850285571743442,80.0,15.082054138183594,3.6856098368763925,1.452399492263794,3.2199232922736885,-0.0034307756086927837,0.7783101125434042,80.0,467.89353873929,935.8095037605354,347,0.19686031341552734,30.177120208740234,7.393914422392845,2.9200100898742676,6.43677230411612
0.009648703038692474,-0.004243755136849358,-0.018356671556830406,0.00575587144470017,0.7896748781204224,0.7428985178470612,0.6942201256752014,0.019938066676770384,80.0,11.588033676147461,1.718417425081134,0.3585093319416046,2.3639034352207013,-0.0034602696627262053,0.7772998517602684,80.0,467.2550952961817,934.5326556501577,348,0.19152593612670898,23.19538688659668,3.460180312395096,0.753727912902832,4.724440727025654
0.05292243883013725,0.003500011024880223,-0.023439746350049973,0.013733924726578403,0.9053850173950195,0.8587943196296692,0.7851008176803589,0.02266558270680817,80.0,3.91033935546875,0.817085164040327,0.3643830716609955,0.6577764010511594,-0.003404719581390964,0.7767186942100527,80.0,466.59447907111047,933.2113004708776,349,0.189483642578125,7.837912082672119,1.6443461924791336,0.7133564352989197,1.3192372209521563
0.01709854230284691,-0.0018152021046262234,-0.02200414054095745,0.008882323872725969,0.7878519892692566,0.7434101931750774,0.7017531991004944,0.018751664951874667,80.0,3.4108541011810303,0.6585145836696029,0.24282284080982208,0.6891619023327413,-0.003418555256997933,0.7755124688521029,80.0,401.24695725283584,802.5162597524859,350,0.19077610969543457,6.836869239807129,1.3355277702212334,0.5145706534385681,1.3712608158019124
0.012966088950634003,-0.004460378969088197,-0.01909780688583851,0.006751534557551339,0.7526918053627014,0.7125023387372493,0.6543741226196289,0.0207348446470625,80.0,15.419260025024414,2.520241189748049,0.7228869199752808,3.1458941051559717,-0.003431780667597195,0.7743821418359876,80.0,380.08057145176645,760.1834918883777,351,0.19095849990844727,30.85416603088379,5.063653194904328,1.49603271484375,6.287962263576125
0.010533500462770462,-0.004981845908332616,-0.022106848657131195,0.007057077120745109,0.8223158121109009,0.7707929380238057,0.725780725479126,0.018628755466845903,80.0,28.54262351989746,4.3834607910364864,0.3152149021625519,7.019083664515598,-0.003305770080041838,0.7730150237306952,80.0,379.8770344236437,759.7761384638361,352,0.2397143840789795,57.10253143310547,8.792301083356142,0.6795290112495422,14.033098889808947
0.035660386085510254,-0.0029381229425780473,-0.019957030192017555,0.009246113286461917,0.7988778352737427,0.7486961767077446,0.7101844549179077,0.017618864382690533,80.0,7.365373611450195,1.586114566400647,0.3500748574733734,1.7325309248114815,-0.0031808376231638245,0.7715482044965029,80.0,379.8368634344471,759.695517283555,353,0.3265810012817383,14.745948791503906,3.193079300224781,0.7189962267875671,3.4636119499431004
0.012101855129003525,-0.004610858869273216,-0.020732363685965538,0.006874786446561172,0.7488898634910583,0.6997086249291897,0.650307834148407,0.023385867585029453,80.0,2.649247169494629,0.8535766266286373,0.33415383100509644,0.5609241249474926,-0.0032182665769651063,0.7687056969851256,80.0,379.82341950713663,759.6686474368163,354,0.33678674697875977,5.311891555786133,1.73036914691329,0.6875102519989014,1.117211677002685
0.008435826748609543,-0.0019120026961900293,-0.0144930649548769,0.004871449973627842,0.7649259567260742,0.7196883633732796,0.6759913563728333,0.01789378049717265,80.0,13.80206298828125,3.4057679742574694,1.2312631607055664,2.9277143707565627,-0.003187450863275444,0.76590101519227,80.0,379.8458245011028,759.7133396993318,355,0.31668567657470703,27.618324279785156,6.829753679037094,2.4922585487365723,5.852689331603176
0.004534345120191574,-0.0027183590282220393,-0.013674875721335411,0.004254043029770114,0.5771290063858032,0.5351923514157534,0.49315062165260315,0.016119497884126935,80.0,13.227450370788574,3.1576008766889574,1.29923415184021,2.787383232905242,-0.00316173322868417,0.7631207910664379,80.0,379.85347018579944,759.7285240283942,356,0.34505295753479004,26.467199325561523,6.3313423037528995,2.618119955062866,5.571653102743098
0.0183244701474905,-0.003060403763083741,-0.014622438699007034,0.005219262062590782,0.5694220066070557,0.5279638879001141,0.47681283950805664,0.018120691784450756,80.0,12.133997917175293,2.0792476296424867,0.5987284183502197,2.52083355566449,-0.003129980013269232,0.7598465044610202,80.0,379.833826475067,759.68910761464,357,0.3289940357208252,24.278148651123047,4.175175285339355,1.2157657146453857,5.039216778017773
0.012799742631614208,-0.007820178900146857,-0.036391958594322205,0.009761547076400642,0.6476631760597229,0.5850108914077282,0.5469217300415039,0.020993624040363958,80.0,43.68318176269531,7.377888751029968,2.360776901245117,6.014588392645259,-0.0031747677083767485,0.7580153926052156,80.0,379.8617649358641,759.7450374900437,358,0.3274710178375244,87.37931823730469,14.783118158578873,4.770138740539551,12.024656504581477
0.013050448149442673,-0.0024238103884272276,-0.02061730995774269,0.007478941868169035,0.590978741645813,0.5465430043637752,0.5057750940322876,0.021681036822727998,80.0,26.65259552001953,5.737299519777298,2.1216399669647217,5.103482022214459,-0.0031590076986176426,0.7548745830394327,80.0,379.89877123670834,759.8189557549246,359,0.33097386360168457,53.31683349609375,11.490377455949783,4.2688703536987305,10.204951640615283
0.011724062263965607,-0.003573775861877948,-0.017420433461666107,0.00612367513486814,0.7363088130950928,0.6906566545367241,0.6500215530395508,0.016685320731672226,80.0,38.05929946899414,23.21802334189415,7.815474033355713,6.264219298814884,-0.0031774402185692453,0.7523540437035262,80.0,380.11012138378436,760.2416425032355,360,0.3316833972930908,76.13157653808594,46.457007348537445,15.636460304260254,12.52617802161786
0.008844349533319473,-0.0030647744133602828,-0.02058342844247818,0.00443248737719034,0.7099560499191284,0.6666892528533935,0.6108977794647217,0.019131219911854572,80.0,95.19632720947266,27.626380884647368,12.83779239654541,12.744080932634693,-0.0031843566088355147,0.7498223468400538,80.0,380.26900975298696,760.5593824419714,361,0.25010228157043457,190.40611267089844,55.27222518920898,25.682708740234375,25.48618322205748
0.0026449747383594513,-0.001293390733189881,-0.007506581023335457,0.00207312308448275,0.5566654205322266,0.522903510928154,0.4707961976528168,0.01844648116248898,80.0,97.59415435791016,36.55922079086304,16.437747955322266,17.364056320760675,-0.003126923609466757,0.7470184722580016,80.0,380.5845423662346,761.1902767252064,362,0.3329634666442871,195.1997528076172,73.13148651123046,32.89228439331055,34.727295841125105
0.008080057799816132,-0.0029391100455541165,-0.015568690374493599,0.0041759303180167965,0.7841007709503174,0.7289176471531391,0.6718226671218872,0.02232696585268592,80.0,212.34141540527344,56.88278522491455,21.54216766357422,37.26164159039039,-0.003129880670341664,0.7466781010739504,80.0,381.11726116831414,762.2557134352364,363,0.2531306743621826,424.697021484375,113.78602695465088,43.117881774902344,74.52015633006076
0.01330713089555502,-0.0012413597374688833,-0.011981923133134842,0.004824389260456497,0.7097060084342957,0.6630841620266438,0.6223358511924744,0.021745541330372143,80.0,9114.3955078125,4961.622659301758,1897.3896484375,1579.3202107855939,-0.0030372491833404636,0.7447546297274531,80.0,430.6413618677985,861.3036904593147,364,0.3348813056945801,18228.8046875,9923.260998535156,3794.771484375,3158.640723619739
0.013819973915815353,-0.003080466075334698,-0.02437615394592285,0.006775715036958588,0.4818381667137146,0.42651730589568615,0.39275914430618286,0.018079048785416333,80.0,2077.279296875,754.3434478759766,8.161235809326172,477.40148572156255,-0.0030196376067760868,0.7405258808732035,80.0,438.1003511523735,876.2215492001213,365,0.38205504417419434,4154.576171875,1508.7015840291976,16.379831314086914,954.8020097072454
0.006818754598498344,-0.012872343859635293,-0.031132081523537636,0.007682091275343588,0.5738604068756104,0.5248548351228237,0.4715447425842285,0.01881188522926704,80.0,6.731161117553711,2.9789200842380525,1.6902037858963013,1.0484090724338968,-0.003124581679090625,0.7381483027637006,80.0,437.8748764425646,875.7707621148564,366,0.1747434139251709,13.473921775817871,5.994081941246987,3.431440830230713,2.0902444857322253
0.03283528983592987,-0.005115891620516777,-0.04230441153049469,0.01203745766002555,0.7608988285064697,0.7011252515017986,0.6513538956642151,0.023093573488078018,80.0,8.902241706848145,1.4528541341423988,0.4568217992782593,1.6890226569999742,-0.0031650452394678726,0.7374551629722117,80.0,437.0453338419478,874.1117439878398,367,0.26191258430480957,17.818702697753906,2.929962582141161,0.943104088306427,3.373664616016112
0.047249361872673035,-0.0028815349040087314,-0.02600867673754692,0.012797591582474297,0.7737272381782532,0.7264622554183007,0.630306601524353,0.025489735367776684,80.0,2.986586809158325,0.6950955405831337,0.2982581853866577,0.5379542558529568,-0.0031748954879876694,0.735924593873322,80.0,393.8242976605128,787.6696611082145,368,0.33087682723999023,5.985604763031006,1.4104833997786046,0.6294416189193726,1.0738205373195355
0.0318259559571743,0.0012181092868559062,-0.02565227821469307,0.011244521164638737,0.889999508857727,0.8315323300659656,0.784666121006012,0.023145814714917393,80.0,2.2528603076934814,0.5418652817606926,0.26970407366752625,0.4008349789714592,-0.0031564384706725835,0.7361843762621283,80.0,355.90615929123567,711.8333528520726,369,0.3252592086791992,4.544585227966309,1.0979249961674213,0.5435853004455566,0.8001053828721475
0.02463245391845703,-0.004274316143710166,-0.019779421389102936,0.00733677786766621,0.7333468198776245,0.6903117500245571,0.6442852020263672,0.01788141559940679,80.0,6.856480121612549,1.997624046355486,0.9453414082527161,1.2782635873816561,-0.0030624650332320012,0.735956029035151,80.0,355.8187629213688,711.6583675995879,370,0.2781331539154053,13.730095863342285,4.0176029577851295,1.9330819845199585,2.5523978158702896
0.010454628616571426,-0.0029173460410675035,-0.016455180943012238,0.005539315702262843,0.8685861229896545,0.8177228897809983,0.7758497595787048,0.019946148434128508,80.0,29.843042373657227,4.077404239028692,0.5772227644920349,6.37800545873331,-0.0029516528386739085,0.7350834597796201,80.0,355.81319397121484,711.6469906223081,371,0.29700446128845215,59.70391082763672,8.176997517049312,1.158689260482788,12.753090731771758
0.008950188755989075,-0.003926294791745022,-0.020873386412858963,0.006354404181811277,0.9109717607498169,0.8532873004674911,0.790160059928894,0.024068859783255597,80.0,13.344279289245605,2.6743605650961397,0.5157361030578613,2.9124311733737334,-0.0029826477735769006,0.734546374514699,80.0,355.8247375242021,711.6701289769372,372,0.32904815673828125,26.705930709838867,5.373639532923699,1.0715360641479492,5.821689142569196
0.019601257517933846,-0.00294668551068753,-0.02424347773194313,0.00877074525558468,0.7820449471473694,0.7258041746914387,0.6686384677886963,0.025018055380809825,80.0,4.397944450378418,0.6029877195134759,0.20380225777626038,0.7068587312711342,-0.0029411386569263413,0.7326335011795162,80.0,355.8258085805289,711.6721498138418,373,0.3292355537414551,8.810297966003418,1.2263848930597305,0.44002091884613037,1.4104378818423688
0.016631361097097397,-0.0033536822884343565,-0.026534829288721085,0.008731174304338753,0.8164595365524292,0.7762666039168835,0.7282979488372803,0.01705482141791939,80.0,5.28754186630249,1.2382592044770717,0.39149558544158936,1.0298229449818705,-0.0029348275694064795,0.7314111257642506,80.0,355.83300336846327,711.686502320174,374,0.3307640552520752,10.591984748840332,2.4987511210143567,0.851577639579773,2.05690847032939
0.0673958957195282,0.009594271355308593,-0.01937541365623474,0.019779039190860416,0.8328242301940918,0.7777564242482186,0.7114096879959106,0.02195537426838555,80.0,7.268143177032471,1.738659168034792,0.5980958938598633,1.5045894045439037,-0.002848598136566579,0.7307173536121845,80.0,355.8238791789747,711.6680676066168,375,0.296184778213501,14.552061080932617,3.4736849278211595,1.2289530038833618,2.9942213917748983
0.005791500210762024,-0.011218414246104657,-0.030897952616214752,0.007569009882351311,0.5325836539268494,0.4902108982205391,0.44427040219306946,0.017826376112266097,80.0,7.352864742279053,2.23505250364542,1.3320478200912476,1.1756456265670132,-0.0029132010074099522,0.7269123636707663,80.0,355.8106332974172,711.6416289502272,376,0.33054399490356445,14.726469039916992,4.502346056699753,2.715251922607422,2.3451606266829956
0.016000498086214066,-0.0026709110650699587,-0.020132655277848244,0.007633463459498811,0.580947756767273,0.5396340489387512,0.5092583894729614,0.016879187323584854,80.0,4.407378196716309,1.3628128878772259,0.6767780184745789,0.7966312880246476,-0.0029193866687128316,0.7230987041071057,80.0,355.8064306043907,711.6331596628241,377,0.21775007247924805,8.825562477111816,2.7417602866888044,1.372254729270935,1.5881787880780824
0.017579931765794754,-0.004475149535574019,-0.023590458557009697,0.007454940697541622,0.5864484906196594,0.5564332760870456,0.5267657041549683,0.011943509394056378,80.0,23.016685485839844,5.193061500787735,1.9648849964141846,3.4808489156759106,-0.0029306378922192376,0.7199854040667417,80.0,355.85350306623053,711.7272648232654,378,0.25217533111572266,46.04448318481445,10.406201994419098,3.947655200958252,6.958568643036818
0.010415472090244293,-0.005648488289443776,-0.02312518283724785,0.007386095855429651,0.5366142988204956,0.4970719788223505,0.4488734304904938,0.016940262717806853,80.0,25.72549057006836,14.967166131734848,5.875368595123291,4.242053578660439,-0.0029757213041884823,0.7154716659672559,80.0,355.9463175006397,711.9128935828284,379,0.3449282646179199,51.461082458496094,29.95557060241699,11.745498657226562,8.485611454497581
0.0029401471838355064,-0.0031306739314459265,-0.014352165162563324,0.0035923715299582206,0.654481828212738,0.6139477349817752,0.5592393279075623,0.0193710349431499,80.0,65.38925170898438,25.545987582206727,12.78803825378418,9.246433369387354,-0.0029851387120434086,0.7132605818621814,80.0,356.14360692944,712.3074470496848,380,0.31241631507873535,130.79080200195312,51.110515117645264,25.603012084960938,18.49040784735007
0.004622586537152529,-0.002151182567467913,-0.014925181865692139,0.003254555471955833,0.7148011326789856,0.661583136767149,0.6088782548904419,0.022488982301406515,80.0,95.66696166992188,39.704468834400174,14.348631858825684,17.880158307683644,-0.0029687091512605552,0.7131476870141924,80.0,356.49927547641477,713.0187490318193,381,0.1785259246826172,191.34661865234375,79.42647213935852,28.72186279296875,35.75790749043597
0.0059488252736628056,-0.0020154371508397163,-0.016109753400087357,0.004209685714225761,0.8181208968162537,0.7717710919678211,0.7206786870956421,0.022133481150098347,80.0,4635.619140625,2300.0583522796633,271.4208679199219,900.8119347569652,-0.0029577456113765955,0.714037187818438,80.0,379.39828962885224,758.8167734451665,382,0.1627969741821289,9271.25390625,4600.136195373535,542.8486328125,1801.6246659357096
0.006310226395726204,-0.0002510037156753242,-0.010525919497013092,0.002817267052093492,0.6682344675064087,0.6319992184638977,0.5825911164283752,0.019805297784484616,80.0,6368.9384765625,3558.9420028686523,1101.9462890625,1305.8688896281374,-0.002926501845009626,0.7133003799878063,80.0,414.91437892991684,829.8488746599629,383,0.17667055130004883,12737.8876953125,7117.897131347656,2203.90576171875,2611.737656246561
0.00024837441742420197,-0.014310372178442776,-0.02993255853652954,0.007125403496281194,0.4574666917324066,0.4245079878717661,0.3665562868118286,0.020130632693963146,80.0,10.274008750915527,4.360661423206329,2.643564224243164,1.3200264601171525,-0.0030344470192212613,0.7092878199964763,80.0,414.8478396806159,829.7159318006111,384,0.1771395206451416,20.555652618408203,8.758433669805527,5.317937850952148,2.633341275621713
0.0066212620586156845,-0.004254647169727832,-0.015486642718315125,0.004421448277405767,0.5613460540771484,0.5189468756318092,0.4625189006328583,0.01986678473736751,80.0,7.134235858917236,2.8280768260359763,1.644738793373108,1.1089197800698747,-0.0030562065558624456,0.706714407414198,80.0,414.50907054691396,829.0383855859711,385,0.17905116081237793,14.278688430786133,5.675041860342025,3.3101589679718018,2.214381561575304
0.02179756760597229,-0.0025166595296468586,-0.022189171984791756,0.00914236814324098,0.7464411854743958,0.6851429484784604,0.6402996778488159,0.021201022231200295,80.0,4.399484634399414,1.1519244290888309,0.5067161917686462,0.8777114352312189,-0.0030701056476682424,0.7051429679393767,80.0,413.9548310569786,827.9299029798582,386,0.42331433296203613,8.812328338623047,2.3225850403308868,1.0217483043670654,1.7534683813297116
0.027672071009874344,-0.0058032525354065004,-0.04069114848971367,0.013562915928410251,0.8703566789627075,0.8001733310520649,0.7468323111534119,0.024242664306832754,80.0,2.631749391555786,0.5245416294783354,0.21554215252399445,0.44762880726146664,-0.0031241665714187546,0.7050520561635494,80.0,364.22711016467963,728.4745681054966,387,0.33086109161376953,5.278102874755859,1.0766932278871537,0.5040476322174072,0.8864025525735826
0.016397688537836075,-0.0048197517520748075,-0.025346536189317703,0.009469826203818912,0.9565061330795288,0.9143431127071381,0.8769824504852295,0.02026466322837237,80.0,1.101024866104126,0.33309093602001666,0.15132348239421844,0.18568544899928138,-0.0031411281513283027,0.7070671874284744,80.0,337.8902309681439,675.8008833944573,388,0.34243059158325195,2.2210264205932617,0.6941082417964936,0.35175639390945435,0.36930399917186063
0.022288858890533447,-0.011521671374794096,-0.034671854227781296,0.01261468075552307,0.7877215147018433,0.7280734717845917,0.6895869970321655,0.020333248726229495,80.0,9.649116516113281,2.1259559109807014,0.915469765663147,1.9378383488919446,-0.0031702721640467645,0.7076802585870028,80.0,337.880463518139,675.7814190444573,389,0.2727930545806885,19.31293487548828,4.289516668021679,1.883302092552185,3.8642244662131287
0.012559551745653152,-0.004719302500598132,-0.025901908054947853,0.00758893553346237,0.8525280952453613,0.7941405825316906,0.7492363452911377,0.022275208239142665,80.0,31.490299224853516,4.7871117636561396,1.1871973276138306,6.408162242969836,-0.0031457097806269307,0.7072216830924154,80.0,337.9052649648301,675.8309636415765,390,0.20659971237182617,63.00169372558594,9.599544915556908,2.407613754272461,12.811770525261593
0.013369215652346611,-0.004258341703098268,-0.023664573207497597,0.006666897046584701,0.9405217170715332,0.8870615668594837,0.850868821144104,0.018458052120577766,80.0,12.573872566223145,2.408764033019543,0.4306764602661133,2.7565231556176397,-0.0031720068290014753,0.7074888659939172,80.0,337.9231365278214,675.8667647053898,391,0.2844235897064209,25.165630340576172,4.843785978108644,0.8840038180351257,5.508914731845746
0.018998824059963226,-0.005982543679419905,-0.023065002635121346,0.0083813509732044,0.8445497155189514,0.7747588440775871,0.7017082571983337,0.033449263859042,80.0,2.4541635513305664,0.47482528891414405,0.21436674892902374,0.4040988136291251,-0.0032036543200374586,0.7055893762856722,80.0,337.92323349978955,675.8669839545526,392,0.3143436908721924,4.923068046569824,0.977110842987895,0.46616852283477783,0.8028037288370081
0.010039222426712513,-0.004231239930959418,-0.022322356700897217,0.0057000226265884945,0.8782600164413452,0.8285348646342754,0.7933707237243652,0.01519354060452005,80.0,9.875041007995605,1.9930080637335776,0.7677679657936096,1.760531361466772,-0.00329440962796798,0.705171214386821,80.0,337.9359312138055,675.8925525300467,393,0.3224055767059326,19.766767501831055,4.011049304902554,1.55619215965271,3.5172434478569854
0.009661801159381866,-0.005444920051377267,-0.026059232652187347,0.00643663969355886,0.8277915716171265,0.7857111357152462,0.7327355146408081,0.019150978622298694,80.0,10.631196975708008,2.5542716324329375,1.210508108139038,1.8585380158574,-0.0032718539995257746,0.7050618723332883,80.0,337.92270490374597,675.8660526114664,394,0.4564523696899414,21.277889251708984,5.13514731824398,2.4889731407165527,3.713415922552844
0.003286663442850113,-0.009792559122433885,-0.02773040160536766,0.00741651807322476,0.5934642553329468,0.5524507068097592,0.5105443000793457,0.017909328117159,80.0,4.32369327545166,1.0780967459082604,0.5310620665550232,0.794287735200797,-0.003340400021639652,0.7018477655425669,80.0,337.91163376642953,675.8439831466935,395,0.3378782272338867,8.656230926513672,2.1868276327848433,1.0975667238235474,1.5819348012963594
0.013366244733333588,-0.008124336268519983,-0.029185015708208084,0.007505574430008531,0.6572579741477966,0.6208149515092373,0.5622935891151428,0.020495877906189564,80.0,4.758141040802002,1.4296931251883507,0.8184856176376343,0.741929764674023,-0.0034131031808210537,0.6991481158435344,80.0,337.9115948030446,675.8439966330864,396,0.3352036476135254,9.528287887573242,2.8880512163043024,1.6476655006408691,1.4808261839790997
0.013447511941194534,-0.004236364702228457,-0.02044815942645073,0.007173405104901407,0.67795729637146,0.625229348987341,0.5805354118347168,0.02064799882749414,80.0,38.119651794433594,8.114502102136612,2.9409074783325195,5.941777298438973,-0.0034018803079961797,0.69613641474396,80.0,337.98523416392504,675.9911926761233,397,0.33647966384887695,76.25316619873047,16.249981617927553,5.923330307006836,11.880970745327318
0.014746103435754776,-0.002462296065641567,-0.01785944029688835,0.0061589101015343765,0.6589223146438599,0.6104878306388855,0.5637292861938477,0.02075204794779019,80.0,25.230384826660156,7.779850214719772,3.3738534450531006,4.719204036202309,-0.0033966071489267054,0.6931750992462041,80.0,338.03675771676745,676.0941700093708,398,0.3428614139556885,50.473655700683594,15.576834785938264,6.767828464508057,9.436040235580906
0.017320280894637108,-0.005478186561958864,-0.018096361309289932,0.005790419733999147,0.7516858577728271,0.6925072975456714,0.6410406827926636,0.01855234440174473,80.0,52.191890716552734,15.088788145780564,7.068958282470703,9.340440279423909,-0.003426371764682699,0.6933480329737068,80.0,338.15981608334187,676.340349727925,399,0.3414590358734131,104.39796447753906,30.202382600307466,14.17706298828125,18.67598499672905
0.002102992497384548,-0.0011300133191980422,-0.007476747035980225,0.0018412644615689083,0.7287444472312927,0.6806437380611896,0.6331254243850708,0.018887072549276913,80.0,120.61078643798828,47.35157468318939,17.698705673217773,21.09897847141211,-0.00342375417886069,0.6946062667593362,80.0,338.5987655656114,677.2182686241383,400,0.3392672538757324,241.23483276367188,94.71902251243591,35.41228485107422,42.19716834646508
0.004431338980793953,-0.0012529043073300273,-0.011692311614751816,0.003357658205357194,0.798332691192627,0.7654116451740265,0.727429986000061,0.016338431860215007,80.0,5309.62890625,2883.0996849060057,846.5189819335938,1025.3167732711802,-0.00339679249888286,0.696292044773698,80.0,367.36801715952896,734.7567519165985,401,0.33422112464904785,10619.271484375,5766.21721496582,1693.07275390625,2050.6327620751144
0.013376647606492043,-0.003829731314908713,-0.02162197418510914,0.0065591123493858195,0.6688253283500671,0.6304189287126064,0.5896929502487183,0.017052044288359613,80.0,5426.65185546875,2642.4053131103515,1115.3140869140625,965.9333799459873,-0.0034103868101956324,0.695631690658629,80.0,393.7048736526444,787.4304790570252,402,0.3333144187927246,10853.31640625,5284.830911254883,2230.683837890625,1931.8656041529546
0.010097192600369453,-0.00463117565959692,-0.01787678897380829,0.00527018797274827,0.5993393659591675,0.5462556883692742,0.5085344910621643,0.016705012118173233,80.0,9.294886589050293,4.665968990325927,2.81050443649292,1.5245753574967194,-0.0033836852184031163,0.6928471363559364,80.0,393.6749699164107,787.3705624904148,403,0.337552547454834,18.60051727294922,9.35212545990944,5.61162805557251,3.0475681304617446
0.009685270488262177,-0.004897099279332906,-0.023782283067703247,0.006513614752034121,0.7094366550445557,0.660672876238823,0.608135461807251,0.02536492733425139,80.0,13.098811149597168,3.2730622425675393,1.585024356842041,2.325465396905842,-0.0034118775847600774,0.6919788847640156,80.0,393.39144798132025,786.8035576379709,404,0.38457179069519043,26.2105712890625,6.569132122397423,3.1864094734191895,4.645983472493724
0.028642015531659126,-0.0027394301607273517,-0.01889653317630291,0.008504568567433802,0.8224884271621704,0.78086291924119,0.717521071434021,0.020839113768509922,80.0,5.549502372741699,1.261612642556429,0.5220735669136047,0.9391855455296483,-0.0034189114556647843,0.6918304860293865,80.0,392.83534885856506,785.6913704969846,405,0.21460795402526855,11.114156723022461,2.5443214371800424,1.0873758792877197,1.8768841268397651
0.025247834622859955,0.0007061486365273594,-0.019148340448737144,0.009635727262523987,0.9505112171173096,0.8935537301003933,0.8493092060089111,0.020737419948287504,80.0,3.2270543575286865,0.9074473816901445,0.29721975326538086,0.6174092591110693,-0.0034018027000129224,0.692924196317792,80.0,335.25424477403226,670.529150432486,406,0.2026069164276123,6.461275577545166,1.831353535503149,0.6093086004257202,1.230365360138809
0.05026567727327347,-0.0008356744656339288,-0.027456453070044518,0.015984828410555683,0.8963497877120972,0.8429033420979977,0.792529821395874,0.02269461616658556,80.0,2.714052677154541,0.7198049403727055,0.25894153118133545,0.49673421011694985,-0.003380645834025927,0.6953627405166626,80.0,316.89703399851544,633.8147355485745,407,0.3553144931793213,5.445182800292969,1.45813929438591,0.5553686618804932,0.9778186787675328
0.023209385573863983,-0.005433881166391074,-0.02478702738881111,0.011171277463825008,0.8023402690887451,0.7565049424767494,0.7162007093429565,0.01979911367782218,80.0,15.969491958618164,2.861341780424118,0.6114184856414795,3.57615987471878,-0.0034054185788845647,0.6972990993633865,80.0,316.9042702654861,633.829296355892,408,0.2778785228729248,31.939926147460938,5.74868146777153,1.2648001909255981,7.140992877964737
0.006297998130321503,-0.0041669461410492655,-0.016179729253053665,0.005101287705681591,0.9197851419448853,0.8771086186170578,0.8266662359237671,0.01743823760989955,80.0,20.40877914428711,3.5241086535155772,0.7906258702278137,4.631529852502397,-0.003379787983780262,0.6984117194935681,80.0,316.9205837529637,633.8618943230697,409,0.19991040229797363,40.83538818359375,7.074093452095985,1.610973596572876,9.25953579289339
0.016172707080841064,-0.002616696507902816,-0.02064165472984314,0.007112231487019254,0.9034711122512817,0.8544524356722831,0.8149383068084717,0.01803335820420058,80.0,5.7393693923950195,1.0253278620541095,0.30301210284233093,1.1713113626406781,-0.003339514919149224,0.6985320952534677,80.0,316.9206263357066,633.8619013497942,410,0.32039403915405273,11.494216918945312,2.0729781590402125,0.6374415755271912,2.339122507047125
0.03227684274315834,-0.00011204725597053766,-0.022750243544578552,0.011584324906752803,0.866952657699585,0.8185882285237313,0.7688303589820862,0.02329266384995659,80.0,2.7200751304626465,0.5346339296549558,0.21637052297592163,0.442104289861769,-0.0033536055007134568,0.6974869592413308,80.0,316.91965182799845,633.8599596128128,411,0.3313443660736084,5.455625534057617,1.0858637146651744,0.46169036626815796,0.8732982622679002
0.006181083619594574,-0.004691081563942134,-0.021833503618836403,0.006833247712954158,0.9621677398681641,0.9170416347682476,0.8853039145469666,0.016397850891778577,80.0,16.153928756713867,4.21490613669157,1.67061185836792,3.201081028907813,-0.00351220009312965,0.6982152254879476,80.0,316.9535183133222,633.9280243383907,412,0.2566947937011719,32.3260498046875,8.457535314559937,3.3940491676330566,6.3966835147448124
0.01256810687482357,-0.00169547971454449,-0.012025793083012104,0.004552437476727307,0.7882997393608093,0.7295268088579178,0.6929395794868469,0.01950935959445353,80.0,14.286243438720703,2.9465748608112334,1.0416767597198486,2.513250253292287,-0.0034936059467727317,0.6975192409753801,80.0,316.9592769771479,633.9394905580245,413,0.1991434097290039,28.586740493774414,5.91113121509552,2.1220922470092773,5.024762733608429
0.016970280557870865,-0.005605799180921167,-0.02629983425140381,0.0069110464968210735,0.6504573822021484,0.6129166178405285,0.5631399154663086,0.01916245653754041,80.0,8.943769454956055,1.4962620791047812,0.4954572021961212,1.6009533504844542,-0.0034916603929013943,0.6949785623475911,80.0,316.9521069833338,633.9250958662666,414,0.19527482986450195,17.899337768554688,3.015994116663933,1.0309354066848755,3.197597764676333
0.016178198158740997,-0.004842260095756501,-0.02442307211458683,0.008349707960926702,0.7189417481422424,0.6767597265541554,0.6231459379196167,0.02162968051561755,80.0,30.858238220214844,4.959828355908394,1.144078254699707,5.911379401232403,-0.0035124746370129288,0.6929712618887425,80.0,316.99488583769653,634.0106550566144,415,0.30714917182922363,61.73828887939453,9.942876332998276,2.317317485809326,11.817743257284052
0.01967708021402359,-0.0038244896044488997,-0.01938706263899803,0.0075483945264701495,0.678295910358429,0.6324860557913781,0.5868133306503296,0.020058961770739177,80.0,28.749317169189453,8.008368873596192,2.8779497146606445,5.3506316561649925,-0.003529536002781242,0.691034670330584,80.0,317.0672224866692,634.1553237458057,416,0.4121880531311035,57.51103591918945,16.037036490440368,5.7824201583862305,10.697717392829475
0.009378260932862759,-0.0014426462003029883,-0.014134926721453667,0.004879803478573749,0.6955076456069946,0.6524742513895034,0.6028737425804138,0.019330914476635763,80.0,20.639158248901367,10.847998642921448,4.904979705810547,3.0123904707548577,-0.0035375053816242147,0.6896267453357576,80.0,317.14755256620987,634.315971687097,417,0.31391119956970215,41.318843841552734,21.71193219423294,9.825665473937988,6.026496780761867
0.0016873925924301147,-0.005479668325278908,-0.020134497433900833,0.005514760073813615,0.769981861114502,0.7119254969060421,0.6313978433609009,0.020814215364821802,80.0,70.24809265136719,22.31406879425049,11.982355117797852,10.905502574156714,-0.003554353384592105,0.6908480794429779,80.0,317.35116508978797,634.7232548574842,418,0.3104877471923828,140.51077270507812,44.65333547592163,23.987102508544922,21.80649037594059
0.008426329120993614,-0.003667327860603109,-0.018834365531802177,0.004371477554912281,0.7658588886260986,0.7245278358459473,0.6649602651596069,0.021211678639147434,80.0,78.07424926757812,29.726328694820403,11.358139038085938,14.560216693117932,-0.003551834481651895,0.6931100191138685,80.0,317.63449853410015,635.2899619510359,419,0.3081533908843994,156.16299438476562,59.47448298931122,22.7408390045166,29.118403710483733
0.00525403767824173,-0.0025583176873624327,-0.014840804040431976,0.004450321217138474,0.8642641305923462,0.8248915985226631,0.7774388790130615,0.016492476810081827,80.0,5242.04736328125,2620.96618347168,907.5922241210938,879.636323271924,-0.003548838942777365,0.6956516536958517,80.0,343.80075526982733,687.6225201685913,420,0.3112814426422119,10484.115234375,5241.953971862793,1815.1953125,1759.2726616299096
0.015397097915410995,-0.0010175959265325218,-0.016488242894411087,0.0053452092970308505,0.8162654042243958,0.779017373174429,0.7401178479194641,0.016925966891977867,80.0,4173.6142578125,2436.264492034912,703.3732299804688,695.4262064956098,-0.0034905173820443443,0.6979703727327289,80.0,368.0974198891241,736.2157794664986,421,0.303311824798584,8347.25,4872.546632385254,1406.7501220703125,1390.8550384978591
0.009201385080814362,-0.0048081070417538285,-0.021929379552602768,0.006647148492844604,0.7412103414535522,0.7040789671242237,0.658458411693573,0.018887078913697786,80.0,9.346296310424805,3.5375812709331513,2.162297010421753,1.5133474079101643,-0.003524759584979619,0.6981226882599294,80.0,368.0132057620008,736.0474227418788,422,0.30177998542785645,18.70701026916504,7.098860263824463,4.364078998565674,3.0219083886986406
0.0015073269605636597,-0.01377520696260035,-0.03773118555545807,0.009448311466596639,0.7394024729728699,0.6819890558719635,0.6341284513473511,0.02315544315980288,80.0,17.363929748535156,6.731573611497879,4.165096759796143,2.2102608584665675,-0.0036473003395949494,0.6978982831500471,80.0,367.830874047311,735.6829999059327,423,0.20567917823791504,34.74059295654297,13.504337441921233,8.392443656921387,4.409734060756065
0.01946398615837097,-0.00516914609761443,-0.025358714163303375,0.0070766757245871986,0.7981923818588257,0.7281832180917263,0.6836445927619934,0.023324290932340914,80.0,10.944482803344727,3.198878753185272,1.2007744312286377,2.2959308772476836,-0.0036659874111937825,0.6983738876618445,80.0,367.2345865165312,734.4904717302807,424,0.21497225761413574,21.905010223388672,6.422659415006637,2.428553819656372,4.5891622630242495
0.01989515870809555,-0.0034496908192522824,-0.02629450336098671,0.00950875885345672,0.8759748339653015,0.8294093467295169,0.7854726314544678,0.018719944520304628,80.0,4.665485382080078,1.0722780454903842,0.36297866702079773,1.0018189842685352,-0.0036947923438565345,0.6986002693139018,80.0,338.85514289226194,677.7316464754381,425,0.20758652687072754,9.347153663635254,2.168043668568134,0.75722336769104,1.9962150048661487
0.030205681920051575,-0.00412563182762824,-0.02674068883061409,0.010644088349736671,0.912680983543396,0.8638819269835949,0.8255208730697632,0.016583040468248822,80.0,2.3019638061523438,0.5916754595935345,0.20923179388046265,0.38793385208952574,-0.0037337275797908664,0.701146798592061,80.0,304.50669720484126,609.0348841077722,426,0.21198821067810059,4.630021095275879,1.2088798105716705,0.4514043927192688,0.7704962478993916
0.01630791649222374,-0.003388614603318274,-0.021316681057214737,0.008288495604708674,0.7986162304878235,0.7542244359850884,0.711480975151062,0.01743575058098612,80.0,10.340492248535156,2.1129495948553085,0.6725360155105591,2.086694383568193,-0.0037697109377186288,0.7035819132477047,80.0,296.57302480731715,593.1676600108929,427,0.2039027214050293,20.693235397338867,4.247760929167271,1.3804758787155151,4.166496396571076
0.009731970727443695,-0.0032770942081697283,-0.016698192805051804,0.005718997281200043,0.854986310005188,0.8046066410839557,0.7596535086631775,0.021464664083368785,80.0,17.15423011779785,3.562228038907051,1.0693697929382324,3.37202312225823,-0.0036889250953390735,0.7048478638976813,80.0,296.5558467540573,593.1331676524467,428,0.21152257919311523,34.324012756347656,7.147102445363998,2.14963698387146,6.7407658322499575
0.019714409485459328,-0.003579275606898591,-0.020410485565662384,0.008595727036542123,0.801479697227478,0.7631484970450402,0.7259348630905151,0.01872961443973536,80.0,5.222850322723389,1.0120260532945395,0.30950692296028137,1.0685578144986847,-0.0037325753498880666,0.7046456981971859,80.0,296.5395088158268,593.1005750336684,429,0.2131969928741455,10.45994758605957,2.0464736461639403,0.6557105183601379,2.134546045813473
0.018650799989700317,-0.0006496995803900063,-0.01692984253168106,0.0072072249227324095,0.6868940591812134,0.6382441915571689,0.5876450538635254,0.02368112444924829,80.0,2.341197967529297,0.5746166296303272,0.20462331175804138,0.3916073035254854,-0.0037367353437293793,0.7017668754160404,80.0,296.53582562475464,593.0931593952961,430,0.2215282917022705,4.695138454437256,1.1632975436747075,0.4340054988861084,0.7807245040659178
0.0059962198138237,-0.0069515033042989675,-0.0324384830892086,0.007635452422957641,0.9174321293830872,0.8685588486492634,0.8152255415916443,0.0208252500941494,80.0,9.908860206604004,1.790775117278099,0.6036699414253235,1.8372307276498805,-0.0038215283396712037,0.701316046565771,80.0,296.5472524698433,593.1161736549027,431,0.22750115394592285,19.83440399169922,3.6128244146704676,1.246824026107788,3.6693567028680634
0.012341484427452087,-0.001324973622104153,-0.02087995782494545,0.005969522855802079,0.8952468633651733,0.8546135306358338,0.8172832131385803,0.017792610188041482,80.0,11.767389297485352,2.0890158101916314,0.8605003356933594,2.014583115032603,-0.003791457902843831,0.7021526585519311,80.0,296.5409478099104,593.1035209264196,432,0.284696102142334,23.552162170410156,4.197773817181587,1.7277817726135254,4.025708527083049
0.012894734740257263,-0.0013958812516648323,-0.020488953217864037,0.006480004414287106,0.7946427464485168,0.7452843278646469,0.6952285766601562,0.020598260263589668,80.0,12.5177640914917,1.9856610000133514,0.5723052620887756,2.3665415793328393,-0.0037715839579177558,0.7011132883578539,80.0,296.51194537345134,593.0454555178917,433,0.20464491844177246,25.059621810913086,3.98901943564415,1.1743531227111816,4.731425272699558
0.04152752459049225,-0.0013869096175767482,-0.021008148789405823,0.009686441220853704,0.8011850118637085,0.7559817291796207,0.7157993316650391,0.016879831920472817,80.0,25.839237213134766,3.799775904417038,0.8185799717903137,5.318004722887786,-0.003773437666910468,0.6997469404935837,80.0,296.5185605185758,593.0586621888317,434,0.21171283721923828,51.69301223754883,7.617445267736912,1.6716464757919312,10.635493367179171
0.016791896894574165,-0.002658563735894859,-0.024351079016923904,0.006198985407728208,0.696192741394043,0.6411240004003048,0.5895289182662964,0.021943192722870784,80.0,27.003108978271484,6.8804113328456875,2.8443639278411865,3.814969513975223,-0.0037644821072171913,0.6981136955395343,80.0,296.5736614049058,593.1688133857139,435,0.20477628707885742,54.018856048583984,13.778962284326553,5.7090044021606445,7.627911946074314
0.012198595330119133,-0.0024075494875432923,-0.019866272807121277,0.006612867994414595,0.669545590877533,0.6194413311779499,0.5676413178443909,0.021596460713029727,80.0,13.080937385559082,7.251850491762161,3.439032554626465,2.0930902774519087,-0.0037744446070282723,0.6962280088514092,80.0,296.5967551407199,593.2149830680378,436,0.2025141716003418,26.17436408996582,14.520904874801635,6.903851509094238,4.183223464508528
0.007403047755360603,-0.002256346947979182,-0.014278257265686989,0.0036442984236772177,0.7657468914985657,0.7105259142816067,0.6530361175537109,0.025798616782042514,80.0,94.70043182373047,20.226458394527434,7.866267204284668,15.852496886556676,-0.00375882477662526,0.696545024007559,80.0,296.7719203672986,593.5652886176294,437,0.166456937789917,189.41461181640625,40.47163964509964,15.751660346984863,31.703002518142842
0.014978807419538498,-0.004437049682019278,-0.01834716461598873,0.005238352342108755,0.8265963792800903,0.7862401381134987,0.7279276251792908,0.019118762649445478,80.0,79.59027862548828,29.17188552618027,14.568083763122559,11.702021725387542,-0.003732681496767327,0.6991953600533307,80.0,297.04324113197436,594.1079308657236,438,0.17682313919067383,159.1964111328125,58.36836979389191,29.166486740112305,23.40127498873833
0.012773973867297173,-0.005728162778541446,-0.020746689289808273,0.0061854827870140155,0.8989990949630737,0.8442058265209198,0.8058943748474121,0.01996413021334349,80.0,5666.7958984375,2387.7814498901366,735.47412109375,870.2814657829612,-0.003707173328031786,0.7021208310537042,80.0,320.8916496316176,641.8047554764636,439,0.17528176307678223,11333.609375,4775.591252136231,1470.96875,1740.5632067354463
0.013429783284664154,-0.0003366905788425356,-0.01880493387579918,0.00482865664366371,0.8669408559799194,0.8264418855309487,0.7829663753509521,0.01664435500036025,80.0,3776.215576171875,2221.5190399169924,713.9631958007812,737.2338511950536,-0.003668194832687732,0.7052525465376676,80.0,343.0275678733271,686.0765764905699,440,0.17208552360534668,7552.4482421875,4443.055267333984,1427.9248046875,1474.465559921278
0.003317561000585556,-0.013926500687375665,-0.03614185005426407,0.0087505506157308,0.8075608015060425,0.7536490067839623,0.7013562917709351,0.021296228606957936,80.0,10.3689546585083,4.449045652151108,2.7598564624786377,1.4847262257958698,-0.0037663501623901546,0.7058430807255209,80.0,343.00837699043564,686.0384028471,441,0.1713700294494629,20.758602142333984,8.94101732969284,5.538618087768555,2.963698987506219
0.018182342872023582,-0.005558335332898423,-0.024599900469183922,0.008422944705494605,0.7504767179489136,0.6945383429527283,0.6472119092941284,0.023201024328254733,80.0,9.975875854492188,2.8969470396637917,1.4126771688461304,1.514602444698143,-0.0038259335660841315,0.7063263187594712,80.0,342.79784522022123,685.6174681439585,442,0.175797700881958,19.965625762939453,5.818901535868645,2.8245654106140137,3.0258982334017563
0.015798132866621017,-0.004637287918012589,-0.022986702620983124,0.008488419220076239,0.742382287979126,0.6981163546442986,0.6286234259605408,0.021210416343356273,80.0,10.836348533630371,2.092438251525164,0.7969875335693359,1.9101291549831205,-0.003854028589499649,0.7064894586615265,80.0,342.3538495415058,684.7295362382865,443,0.18738222122192383,21.68695068359375,4.208113391697407,1.6030898094177246,3.8170758264303735
0.02261357381939888,-0.00353996783378534,-0.022433288395404816,0.00997072879501141,0.8822493553161621,0.7909309849143028,0.7281694412231445,0.026879635804683714,80.0,4.196065425872803,1.0291837885975839,0.38552147150039673,0.8643959739608748,-0.0038834301925380716,0.7073171581439672,80.0,289.780433539426,579.5827802961057,444,0.20876598358154297,8.406073570251465,2.0812661334872247,0.7875990867614746,1.725052011772234
0.033915452659130096,-0.006511877558659762,-0.034370314329862595,0.01473363550251061,0.8357867002487183,0.7580613613128662,0.6980799436569214,0.027151375058260062,80.0,4.94190788269043,1.2410059984773398,0.43936195969581604,0.9229205607879999,-0.0039024295546696524,0.7097114116065204,80.0,273.77223833474704,547.5664758518969,445,0.20780587196350098,9.886268615722656,2.5101969823241235,0.8978030681610107,1.8335095877898404
0.010423744097352028,-0.0042818781570531424,-0.019569585099816322,0.006050000102853481,0.7960450649261475,0.7336246401071549,0.6813926696777344,0.025440012500141933,80.0,14.293825149536133,2.5752250395715235,0.729569673538208,2.6974196952361327,-0.0038960650447988888,0.7121249447166919,80.0,273.7382230887655,547.4984809020644,446,0.2009258270263672,28.603065490722656,5.173686330020428,1.4812533855438232,5.391811098798864
0.03136546537280083,-0.0006583249662071467,-0.013593947514891624,0.006994230218349524,0.9058663845062256,0.8429214805364609,0.8003238439559937,0.019321355628790643,80.0,13.788077354431152,2.614202727377415,0.554641842842102,2.7701263134113683,-0.003856555920036045,0.7138160067424176,80.0,273.7275090176705,547.477007563073,447,0.2137737274169922,27.593124389648438,5.246580523252487,1.115535020828247,5.540997088484435
0.03369257599115372,-0.0012300448317546398,-0.029306404292583466,0.012009027144393091,0.7623939514160156,0.6848117962479592,0.6294944286346436,0.023669172042104124,80.0,4.288609981536865,0.7332904543727636,0.21688038110733032,0.8352996693883898,-0.0038264188169850975,0.7132351395264267,80.0,273.7176577479635,547.4572331324703,448,0.2637784481048584,8.578855514526367,1.4827372521162032,0.45160800218582153,1.6626756699967549
0.04683997482061386,-0.0010027133917901664,-0.018509939312934875,0.010740280014842318,0.7224684953689575,0.6469191394746303,0.60344398021698,0.021978854294584935,80.0,5.521822929382324,0.728859793767333,0.26286035776138306,0.7667867638116003,-0.003871446061151801,0.7111163877248764,80.0,273.71677549426073,547.4555163046158,449,0.3300290107727051,11.05636978149414,1.4726634070277214,0.5451301336288452,1.5286908221207556
0.01875419355928898,-0.007003065053140745,-0.026229942217469215,0.007966818230595724,0.9281145334243774,0.8834139242768287,0.8398566246032715,0.020501803185406873,80.0,7.147375106811523,1.2170401632785797,0.3119773268699646,1.1837103629118706,-0.003923324690636946,0.7125164250358939,80.0,273.72236075005685,547.466818574164,450,0.3431694507598877,14.31299877166748,2.4657547250390053,0.6823793649673462,2.362731744439793
0.008262205868959427,-0.004368276265449822,-0.024218134582042694,0.006386862084553626,0.9096190929412842,0.8757689811289311,0.8318448066711426,0.017135778057023723,80.0,4.841497421264648,1.149154467880726,0.5595583319664001,0.7933255388346554,-0.003922403663600562,0.7141490914598108,80.0,273.70864988283813,547.4394276508726,451,0.3416621685028076,9.70106315612793,2.3245608657598495,1.1610009670257568,1.5833997937729671
0.015436120331287384,-0.005469770613126456,-0.027139337733387947,0.0075827596382604424,0.8815640211105347,0.8475400805473328,0.7961362600326538,0.01721170401750391,80.0,6.279995441436768,1.3313235584646463,0.47395196557044983,1.2518801019723276,-0.003927282910648502,0.714916562885046,80.0,273.6781285105124,547.3784100149385,452,0.42637038230895996,12.578603744506836,2.690537489950657,0.9878585338592529,2.4996274006201022
0.04811364412307739,-0.0007675187371205539,-0.017111200839281082,0.010311760624608446,0.8379026651382446,0.7947093605995178,0.7447172403335571,0.018073737684731427,80.0,23.20610809326172,3.8384568549692633,0.800250232219696,3.9967518840496172,-0.0039055768685939255,0.7153766947239636,80.0,273.7006519333981,547.4234226510786,453,0.3072929382324219,46.42741394042969,7.694342914223671,1.613677740097046,7.99258473990317
0.010365292429924011,-0.0038401853817049414,-0.020115837454795837,0.0053364257407930915,0.659904420375824,0.6066880933940411,0.5617272853851318,0.018824660565430293,80.0,24.46328353881836,9.478384828567505,3.0151920318603516,4.244070548497453,-0.003897870133718243,0.7144464894086123,80.0,273.7869000154175,547.5958847966232,454,0.31053805351257324,48.93879318237305,18.976583701372146,6.021777629852295,8.487382669787651
0.007481072098016739,-0.003546806308440864,-0.0171794593334198,0.005818278817323666,0.6142933964729309,0.5685469232499599,0.5116459131240845,0.02238560541968538,80.0,28.907756805419922,13.660892409086227,6.771866798400879,3.8396685452727124,-0.0039142181698407505,0.7129350750073788,80.0,273.8894512597658,547.8009897523559,455,0.3086206912994385,57.82725524902344,27.340249252319335,13.553973197937012,7.67797896160964
0.0052266595885157585,-0.0024797903170110658,-0.009638193994760513,0.0031550063916903214,0.7637571096420288,0.7055977582931519,0.6603417992591858,0.022662672793852586,80.0,67.96562194824219,22.306322145462037,8.439680099487305,11.585696175232394,-0.003911832482728641,0.7146391290761529,80.0,274.0809384724535,548.1839934882559,456,0.34032249450683594,135.94464111328125,44.63171589374542,16.896331787109375,23.169306498962857
0.002003546804189682,-0.004240524157648906,-0.013677490875124931,0.004032485106250681,0.8350028395652771,0.7889995671808719,0.7141129970550537,0.02336101376004162,80.0,70.58992767333984,27.570554494857788,12.699121475219727,11.064805058935965,-0.003923633686674293,0.7172494858689606,80.0,274.3358515411057,548.6938954364693,457,0.33483004570007324,141.1949005126953,55.16537010669708,25.432992935180664,22.126008358582112
0.008621163666248322,-0.0006743682897649705,-0.014796916395425797,0.004054701427966449,0.9210548400878906,0.8802618570625782,0.8298949003219604,0.02133787262192189,80.0,4606.49365234375,2175.8385513305666,454.78717041015625,901.5585520234825,-0.0038521755805704743,0.720201995525509,80.0,296.02045816690105,592.0630245362557,458,0.33330297470092773,9213.015625,4351.696028137207,909.587646484375,1803.1192382206218
0.0038412511348724365,-0.0019660009595099835,-0.011477243155241013,0.0036163413508198982,1.0033583641052246,0.9624858379364014,0.9174275398254395,0.01819468175687604,80.0,4450.400390625,1985.177155303955,693.7555541992188,741.5643148403968,-0.0038475974862813025,0.7243614238612354,80.0,315.8148567247428,631.6518957555928,459,0.3370218276977539,8900.8134765625,3970.3774993896486,1387.533203125,1483.1279791538939
0.02228303998708725,-0.0025910864991601557,-0.015428677201271057,0.006075856195396489,0.8572489023208618,0.808056327700615,0.7513446807861328,0.023694681645791024,80.0,14.49955940246582,4.883031490445137,2.7753100395202637,2.2564901107005935,-0.003837770592654124,0.7255354205928742,80.0,315.63150680622834,631.2851997443476,460,0.4376518726348877,29.015422821044922,9.787406224012376,5.577304840087891,4.5102932067025625
0.0169929601252079,-0.002898439619457349,-0.01793781854212284,0.007985115059296099,0.7352699041366577,0.660829147696495,0.5929506421089172,0.023183956811393406,80.0,5.547737121582031,1.7616992540657521,0.9434689879417419,0.9912091045301463,-0.003836107244715095,0.7254768195413053,80.0,315.37285998992246,630.7679016120173,461,0.3059048652648926,11.108297348022461,3.5424119561910627,1.900160551071167,1.9806124419338293
0.01907205395400524,-0.010079928621416911,-0.03452441841363907,0.013552692827840865,0.7616033554077148,0.7022223979234695,0.6449552178382874,0.02583679688241323,80.0,9.319265365600586,2.374512657523155,0.678901195526123,1.6077550936986156,-0.003923972623597365,0.7272700084112583,80.0,315.03101290858905,630.0844190432467,462,0.3439602851867676,18.652912139892578,4.783229634165764,1.3931512832641602,3.204382734588878
0.0250428207218647,-0.005419529892969876,-0.03256511688232422,0.010958164289392948,0.8364313244819641,0.7462930865585804,0.6748086214065552,0.030245005015898052,80.0,7.903262138366699,1.297926789522171,0.33044523000717163,1.4894883965990788,-0.003948776822071523,0.7274437628053129,80.0,314.4751643242351,628.9727749588378,463,0.3144214153289795,15.817779541015625,2.621618513762951,0.7239243984222412,2.9725665979317557
0.023500122129917145,-0.0015868662681896239,-0.019079085439443588,0.009921051097733218,0.7777648568153381,0.7241675578057766,0.6690795421600342,0.02320361739948854,80.0,6.159539222717285,1.1296021547168493,0.3801383972167969,1.0450783387549634,-0.00395223188737873,0.728054596763104,80.0,264.8702337527647,529.7629335872866,464,0.3824951648712158,12.343347549438477,2.2768613800406454,0.7934218645095825,2.0830060570794933
0.008433692157268524,-0.004876112670172006,-0.025180986151099205,0.006839319322407372,0.8300777673721313,0.7815648399293422,0.7170466184616089,0.023294493221045407,80.0,10.966344833374023,2.095894815772772,0.5733030438423157,2.398540482289791,-0.003970188353327103,0.7316050721034408,80.0,257.34775822216267,514.7180894787796,465,0.3326103687286377,21.949615478515625,4.217173178493977,1.1877307891845703,4.792216405942395
0.007953453809022903,-0.010637081984896213,-0.03276745602488518,0.010043496145413848,0.8780527114868164,0.8104176014661789,0.7642046213150024,0.02254703493149928,80.0,9.584123611450195,1.7402397103607654,0.5030258893966675,1.9206604465323993,-0.003947835734579712,0.7344606997668744,80.0,257.3353714184239,514.6933282789773,466,0.33525609970092773,19.184223175048828,3.5179619610309603,1.0679426193237305,3.8314706124756435
0.013923494145274162,-0.0048152337607461956,-0.023399624973535538,0.007949108226187078,0.6837634444236755,0.6130848936736584,0.5532948970794678,0.02464128385405049,80.0,2.5060014724731445,1.1287896659225225,0.49014464020729065,0.4381937564550965,-0.003944829155982006,0.7335802961885931,80.0,257.3321307737417,514.686823368173,467,0.33290791511535645,5.013522148132324,2.2794715017080307,1.0167254209518433,0.8687191514101666
0.00925271213054657,-0.002773562935180962,-0.015072188340127468,0.004965268165263778,0.5655842423439026,0.49738301783800126,0.4385763704776764,0.03016540368396189,80.0,2.189173460006714,0.5133690804243087,0.17948655784130096,0.47382084563323423,-0.0039437494362937284,0.7312895038127901,80.0,257.3303135091401,514.6831408637686,468,0.3284947872161865,4.3881072998046875,1.042232959344983,0.3759496510028839,0.9454846275660281
0.008763205260038376,-0.004232482478255406,-0.023050259798765182,0.0065938315530067486,0.8885340690612793,0.8550794206559658,0.8252648711204529,0.014930091514685408,80.0,5.650955677032471,1.4038131102919578,0.5802062749862671,0.9302809877747351,-0.003998255353944841,0.7315249747186899,80.0,257.3389329874255,514.7004935415536,469,0.2670900821685791,11.319656372070312,2.8331927746534347,1.2105036973953247,1.8560474944900973
0.007719255983829498,-0.005002423841506243,-0.01875363662838936,0.006398693339528537,0.9678479433059692,0.9401216574013234,0.8978784084320068,0.014072603994439407,80.0,5.992431163787842,1.0411936849355699,0.32606831192970276,0.9418479249054585,-0.004005536430922802,0.7340230737924576,80.0,257.32936868381125,514.6814294585065,470,0.3171651363372803,12.003667831420898,2.1111946530640124,0.6778584122657776,1.880274244963569
0.011749982833862305,-0.0028911259723827243,-0.01531677320599556,0.004999543438489548,0.9440872669219971,0.9044349327683449,0.8738537430763245,0.014747926997128518,80.0,10.810513496398926,1.8989057868719101,0.6538572311401367,2.033207064534487,-0.004005274230235955,0.7348901942223312,80.0,257.3075836992897,514.6378763084336,471,0.33699727058410645,21.639347076416016,3.8216825097799303,1.3182966709136963,4.0643816406012805
0.025597838684916496,-2.8803112218156458e-05,-0.015632309019565582,0.006420386593481757,0.8604772090911865,0.8058637700974941,0.7600387334823608,0.019536232780929648,80.0,33.99771499633789,4.62090487703681,0.8875001072883606,6.881534447712977,-0.003966299313440686,0.734415958918631,80.0,257.32704914240907,514.6767197598442,472,0.34512877464294434,68.0108642578125,9.257984673976898,1.7773423194885254,13.76027761838867
0.01699218899011612,-0.00046518990420736374,-0.015004031360149384,0.0054553478489675795,0.7696524262428284,0.7251624010503293,0.6727424263954163,0.021005373691726684,80.0,27.143077850341797,10.096053621172905,2.347949266433716,4.487097240764395,-0.0039414843573758835,0.7344095411822198,80.0,257.42197980142566,514.8665313199089,473,0.30927085876464844,54.300567626953125,20.207540899515152,4.726598739624023,8.975435164409623
0.01050737127661705,-0.002944826747989282,-0.016342468559741974,0.005403954934582025,0.7325440645217896,0.685668983310461,0.6372982263565063,0.021480842100803112,80.0,38.0592155456543,15.44967976808548,7.678226470947266,5.727557095705006,-0.0039373958019714335,0.7335035649761557,80.0,257.5640940070617,515.1507334361075,474,0.3116576671600342,76.13188171386719,30.91896274089813,15.39956283569336,11.452799968627808
0.007402010262012482,-0.0016432968608569355,-0.01333894208073616,0.0038412058049554507,0.7385444045066833,0.6945485733449459,0.6406809687614441,0.023267419680607693,80.0,63.63550567626953,23.231202208995818,11.648563385009766,11.519549301719762,-0.004049771484133089,0.7326714864671229,80.0,257.7790194374714,515.5807924051583,475,0.30597901344299316,127.28297424316406,46.47958183288574,23.314556121826172,23.03685978954465
0.007336204871535301,-0.0026520642335526646,-0.019409261643886566,0.004791263204360828,0.807369589805603,0.7609565325081349,0.6929939985275269,0.021387633870069374,80.0,122.68595886230469,36.65080604553223,11.661993026733398,22.311541589210076,-0.00396410798400757,0.735378942809999,80.0,258.12317697289023,516.2689903009832,476,0.3111398220062256,245.3870849609375,73.32213563919068,23.349287033081055,44.62112888896151
0.014349864795804024,-0.0004792367049958557,-0.009806914255023003,0.00443055430943409,0.8974262475967407,0.849317679554224,0.7915301322937012,0.02115129275311378,80.0,4606.64892578125,2436.567046356201,721.1593017578125,819.4041569758639,-0.0039421912404068275,0.7384757791161536,80.0,282.4752193075735,564.973092900753,477,0.3032081127166748,9213.333984375,4873.152020263672,1442.35400390625,1638.8093411517793
0.012904979288578033,-0.0012260633171536028,-0.00984879769384861,0.003710101499181662,0.9319429993629456,0.8799811720848083,0.8316847085952759,0.019974133785538917,80.0,3077.960205078125,1239.4060163497925,208.42491149902344,513.2133119537709,-0.003909700378222624,0.7417112580761313,80.0,294.8173488560636,589.6573516319991,478,0.305530309677124,6155.9384765625,2478.8320751190186,416.8681335449219,1026.4261957413748
0.009096633642911911,-0.004418422025628388,-0.019324831664562225,0.006404534861625444,0.7840970754623413,0.7389438040554523,0.6937612891197205,0.02382070780968225,80.0,12.049419403076172,3.7916689813137054,2.028301239013672,2.00883591863299,-0.00389739971558447,0.7441299763284622,80.0,294.70559388455933,589.4338654624821,479,0.46085095405578613,24.11361312866211,7.606953650712967,4.099803447723389,4.013380186255858
0.023899663239717484,-0.008054696692852303,-0.03041093982756138,0.012280975711271838,0.6895850300788879,0.6102690525352955,0.540228009223938,0.027417121569759294,80.0,4.400012016296387,1.2176145777106284,0.5437739491462708,0.6964282247615489,-0.003946639943198533,0.7440931895039976,80.0,294.4623101545144,588.9473957504183,480,0.30402445793151855,8.812421798706055,2.463543911278248,1.1515415906906128,1.385792775174322
0.022796709090471268,-0.00672744074545335,-0.02659025974571705,0.011389734863239102,0.7257378101348877,0.6646086730062961,0.607295036315918,0.025943612539849222,80.0,7.599531650543213,1.238356013223529,0.3939971625804901,1.3116549826838078,-0.003992402524978387,0.7441234448663891,80.0,294.0776490263026,588.1781656197459,481,0.3071608543395996,15.211137771606445,2.503459072113037,0.8407104015350342,2.6171924385313203
0.04388844221830368,-0.0040340563515201214,-0.018633071333169937,0.010344675595742044,0.7131950855255127,0.6562824472784996,0.5671272277832031,0.028366099275885424,80.0,5.0418267250061035,1.0306645564734935,0.4225431978702545,0.8317645054009809,-0.004012588716985192,0.7429685584194958,80.0,271.08737214907075,542.1976288946718,482,0.3346374034881592,10.096385955810547,2.0825228661298754,0.8813822865486145,1.6564810649613226
0.03248992934823036,-0.004315899673383683,-0.027889369055628777,0.009946559660247056,0.7336256504058838,0.6606794573366642,0.582003116607666,0.027058415349851712,80.0,5.040275573730469,1.1657133970409632,0.46656695008277893,0.9442324124974563,-0.004053237676562276,0.7432553608082236,80.0,235.5096092543546,471.04219030314687,483,0.32993030548095703,10.094451904296875,2.3532721951603888,0.9398815631866455,1.8855522068979134
0.023300565779209137,-0.0013658383104484528,-0.014098244719207287,0.009252725057041437,0.8664348125457764,0.7880703173577785,0.7218589782714844,0.02701042075010483,80.0,12.868098258972168,2.284824702888727,0.6771644353866577,2.685068265516419,-0.003923792337882332,0.7468909841030836,80.0,235.48885088715141,471.00048739129306,484,0.3196563720703125,25.752063751220703,4.588142484426498,1.3505507707595825,5.364023553897859
0.013869648799300194,-0.004821739153703675,-0.0264234971255064,0.008803325380285398,0.8132503628730774,0.7245251052081585,0.6498045325279236,0.030412471111914464,80.0,11.530902862548828,2.4859294556081295,0.7328336834907532,2.1025112956386938,-0.00392946325772209,0.748946766398847,80.0,235.48542941344712,470.99369690151514,485,0.3052256107330322,23.079301834106445,4.995992882549762,1.5266828536987305,4.197784849315345
0.03009619191288948,-0.010923143150284887,-0.03358808159828186,0.010217603368282247,0.5677504539489746,0.5095425821840763,0.42936980724334717,0.030258970169466323,80.0,2.721047878265381,0.8788807198405266,0.493816077709198,0.38830246496207305,-0.004013528093928471,0.7471907627359033,80.0,235.48269897635467,470.9883690369279,486,0.3102545738220215,5.4507293701171875,1.7897985816001891,1.0315532684326172,0.7691533536917907
0.020415987819433212,-0.0026602118741720915,-0.029338965192437172,0.009035571592116204,0.4851074516773224,0.42872485853731634,0.3912009000778198,0.02139443282197416,80.0,5.903474807739258,1.0002972025424242,0.1918863207101822,1.2056406449501897,-0.003982097687316127,0.7434762780107559,80.0,235.4874565320853,470.99774699782955,487,0.3050553798675537,11.817832946777344,2.014489318057895,0.40585365891456604,2.407566094539759
0.0064295269548892975,-0.006179046625038609,-0.02309970185160637,0.006784250383026572,0.8407431840896606,0.8035250045359135,0.7496667504310608,0.018688103975666063,80.0,10.215459823608398,1.5346503805369138,0.49411043524742126,1.7174280499334054,-0.003995690636045764,0.7423680969290436,80.0,235.4994721265305,471.02178320905193,488,0.28490614891052246,20.44782829284668,3.0977293640375136,1.0166903734207153,3.431026750685148
0.010519720613956451,-0.006307965546147898,-0.01701071485877037,0.005999306468480952,0.8598588705062866,0.8290751501917839,0.7780077457427979,0.01360607303454481,80.0,6.2183380126953125,1.3552911877632141,0.6922635436058044,0.8969349569455459,-0.003943553577759302,0.7433781137131155,80.0,235.4917654792983,471.00628584044796,489,0.19175362586975098,12.453557968139648,2.739779807627201,1.427602767944336,1.7889269695993577
0.004734298214316368,-0.0030671045708004383,-0.01437300443649292,0.004383888298168203,0.8446733355522156,0.8110959134995938,0.7783924341201782,0.015500069292661874,80.0,11.206940650939941,2.1392363578081133,0.968334436416626,1.8520661717298326,-0.003927031598461326,0.7435476670227946,80.0,235.46528672523985,470.9532986797206,490,0.23743653297424316,22.430273056030273,4.300828842818737,1.9710510969161987,3.7008743010220178
0.026994921267032623,-0.005020463519031182,-0.022626154124736786,0.009443626356364183,0.7963290810585022,0.7568942129611969,0.7184547185897827,0.016421740195343527,80.0,35.47441482543945,5.067877948284149,1.4688763618469238,6.632285095805413,-0.003934652816620655,0.7422459934838117,80.0,235.49187786439248,471.0064701661206,491,0.3375697135925293,70.96360778808594,10.160934618115425,2.9333765506744385,13.261125208230002
0.014450358226895332,-0.003464888478629291,-0.018393900245428085,0.005573292621781748,0.7308332920074463,0.6588096246123314,0.5766767263412476,0.023911440879699236,80.0,29.79462242126465,12.288274735212326,4.269890785217285,5.276467668695044,-0.003909476264612749,0.7410865012891591,80.0,235.61001235885544,471.2426656120941,492,0.2825338840484619,59.603111267089844,24.596655440330505,8.566202163696289,10.551233541984452
0.013734628446400166,-0.005957378156017512,-0.02763286605477333,0.007855165546156572,0.7255560755729675,0.6646079994738102,0.6167624592781067,0.022831256260477713,80.0,51.39321517944336,19.011732280254364,7.551577568054199,6.637556830674861,-0.00392673764686333,0.7394472326375545,80.0,235.78019960102068,471.5830418343618,493,0.3333725929260254,102.80065155029297,38.04867153167724,15.13174819946289,13.270958295067857
0.0031815245747566223,-0.002091358124744147,-0.013124726712703705,0.0029735795720971622,0.6823055744171143,0.6323013089597225,0.5686916708946228,0.025936370564742402,80.0,75.39945983886719,28.057020580768587,11.549947738647461,10.843883951843662,-0.0038932020275969986,0.7379131343699993,80.0,236.03522709050398,472.09299906436354,494,0.33504247665405273,150.811279296875,56.13087031841278,23.117219924926758,21.686394041125418
0.0054448749870061874,-0.002175959339365363,-0.01884041354060173,0.003985900231977229,0.784988284111023,0.6963958717882633,0.6396957039833069,0.025160619337354355,80.0,106.03897094726562,34.20885887145996,18.09763526916504,18.739357053370693,-0.0038170360297663138,0.7393525860197845,80.0,236.36653471175953,472.7554907628968,495,0.3293178081512451,212.0927734375,68.4359974861145,36.20858383178711,37.476379652166166
0.009600834921002388,-0.0019205753807909787,-0.019442014396190643,0.004847180482032962,0.9320518970489502,0.8862998142838479,0.8421936631202698,0.01969254048505495,80.0,4272.89697265625,2617.8687942504885,1005.1474609375,704.2238391889399,-0.0037549984208890236,0.7420074346475303,80.0,262.5309257230125,525.0842018034682,496,0.3389163017272949,8545.8505859375,5235.7591552734375,2010.302734375,1408.4506695753946
0.02230568416416645,-0.001752258324995637,-0.013688938692212105,0.007258885775959672,0.9452285766601562,0.896846005320549,0.839393675327301,0.023876130806061126,80.0,1904.92333984375,793.0799423217774,33.090675354003906,393.9152058210716,-0.0037301573571166956,0.7447236012108626,80.0,270.3805801252089,540.7835152597651,497,0.3278183937072754,3809.88037109375,1586.1813272476197,66.21063995361328,787.8339339967599
0.004946283996105194,-0.006133493292145431,-0.019401151686906815,0.006285694390809113,0.7714202404022217,0.7180232957005501,0.6597827076911926,0.02297068467494639,80.0,6.637856483459473,2.8035542875528336,1.740757703781128,0.816088404412798,-0.003766869329381734,0.745798955861479,80.0,270.3308171659372,540.6840842720792,498,0.33106017112731934,13.28962516784668,5.633736017346382,3.509298086166382,1.6285642901047428
0.0300670824944973,-0.010526488273171708,-0.027559708803892136,0.009760219378588677,0.6594966650009155,0.5905083507299423,0.5240552425384521,0.027505705060337005,80.0,6.142633438110352,1.4642418436706066,0.6652228832244873,1.0639713565806612,-0.0038173523464938627,0.7447789663933219,80.0,270.1945717029161,540.4116739142463,499,0.3425099849700928,12.297813415527344,2.9613468170166017,1.3780186176300049,2.12203132959174
0.018471412360668182,-0.005366513694752939,-0.026644151657819748,0.009458908828774676,0.700415849685669,0.6123625583946705,0.5300291776657104,0.03112167644292182,80.0,6.297962665557861,1.508280511945486,0.6760947108268738,1.1217627068101974,-0.0038597173502494114,0.7440961545966566,80.0,269.7361387612037,539.494879102163,500,0.4128856658935547,12.609160423278809,3.0395413041114807,1.4013348817825317,2.2365525739589183
0.020047377794981003,-0.011518382129725068,-0.03432009741663933,0.010145338918426687,0.6457165479660034,0.5717970602214336,0.5150662660598755,0.029697696762805634,80.0,2.6873419284820557,1.119546964764595,0.7034918665885925,0.3768174892585386,-0.003962372128473361,0.7421600087471306,80.0,240.91633738179132,481.855442618899,501,0.3055760860443115,5.385565757751465,2.2735666394233705,1.4519236087799072,0.7428637800349707
0.008300820365548134,-0.012170389806851745,-0.03189801424741745,0.009609332376620884,0.6262136697769165,0.5652354829013347,0.48319917917251587,0.02735625622188235,80.0,4.2304277420043945,1.1535391449928283,0.5273314714431763,0.809753622895156,-0.004045778713392792,0.7415081742890177,80.0,214.50381964213776,429.03056074426314,502,0.3049964904785156,8.472253799438477,2.3427237913012506,1.1284804344177246,1.6104354057015964
0.025364086031913757,-0.0006378859165124595,-0.032671164721250534,0.010447673729502208,0.8139232397079468,0.7501135058701038,0.6703968644142151,0.028579827536910296,80.0,14.013604164123535,2.821296762675047,0.8122921586036682,3.012826047723415,-0.004005845815961947,0.743546752464026,80.0,214.48537291986125,428.99362820560486,503,0.3094019889831543,28.04186248779297,5.658871594071388,1.6351337432861328,6.018202827173343
0.02805866114795208,-0.0030111201340332627,-0.035408664494752884,0.011680197575812382,0.7802875638008118,0.6980284199118614,0.6330944895744324,0.03074609327532405,80.0,9.60716438293457,2.163550592958927,0.7219730615615845,2.064318028559382,-0.003986986024508951,0.7439203079007565,80.0,214.4742778033652,428.97140772441776,504,0.30367159843444824,19.223352432250977,4.347084003686905,1.4559788703918457,4.117261524646957
0.036081112921237946,-0.006121332262409851,-0.02835407666862011,0.009889456729170791,0.5375267267227173,0.4846104983240366,0.40983524918556213,0.0295233127893903,80.0,4.000499248504639,0.8920335959643125,0.3640967011451721,0.6362831759766265,-0.004020805045525776,0.7409577836915849,80.0,214.4705820128992,428.9640245307312,505,0.30960941314697266,8.013896942138672,1.8060020685195923,0.7767523527145386,1.2699300180405177
0.09798258543014526,0.0020415953127667307,-0.02404927834868431,0.01717417630069688,0.4918256402015686,0.4142543949186802,0.3604319095611572,0.02537735079677902,80.0,5.6384148597717285,0.8030351877212525,0.29160454869270325,0.9059408151784529,-0.004007450578763383,0.736164790339768,80.0,214.46953789095951,428.96181371811775,506,0.4203760623931885,11.277302742004395,1.6102722741663456,0.6094709038734436,1.8047793600857942
0.017298080027103424,-0.008881959295831621,-0.029876405373215675,0.008249492107433502,0.9388253688812256,0.8844572558999062,0.8280571699142456,0.02353062005112112,80.0,7.158906936645508,1.455524706840515,0.5960214734077454,1.1791513740590394,-0.004087913427065359,0.7365803294777871,80.0,214.4768950886242,428.9766973499134,507,0.32840466499328613,14.334375381469727,2.9465024739503862,1.236144781112671,2.351113991768046
0.01807796210050583,-0.005110851814970374,-0.025722641497850418,0.007743579768328724,0.9809209108352661,0.9320135556161404,0.8856574296951294,0.018613402360310834,80.0,9.378150939941406,1.690249001979828,0.6884204149246216,1.5636455266946754,-0.004084683133551152,0.7383354156091809,80.0,214.46518416083975,428.95330413495753,508,0.332566499710083,18.775081634521484,3.409359972178936,1.4124871492385864,3.1226853507814853
0.008115991950035095,-0.0037306645361240955,-0.016296636313199997,0.0050999814776038245,0.9550483226776123,0.9281690560281277,0.8999595046043396,0.01208769683508077,80.0,10.806337356567383,2.219549131393433,0.8577432632446289,1.8781588288203648,-0.004080320317501901,0.7388460199832916,80.0,214.45213856561855,428.92721443011607,509,0.34003615379333496,21.63177490234375,4.46512296795845,1.7511446475982666,3.753526193210468
0.012102493084967136,-0.002718914288561791,-0.024268891662359238,0.0059460215278660635,0.8776668310165405,0.8349207527935505,0.7764602303504944,0.018025273221656132,80.0,22.61579704284668,3.3350648529827596,0.9922764897346497,3.905280597979595,-0.00408134249530849,0.7386507031545041,80.0,214.47523593552782,428.9734073082208,510,0.33980369567871094,45.248291015625,6.692265969514847,2.049593448638916,7.808629652653096
0.011396441608667374,-0.0015666143386624753,-0.014549452811479568,0.005871527896159336,0.7168395519256592,0.6521774731576443,0.5967198610305786,0.024632284950569055,80.0,27.97234344482422,9.741567146778106,3.8482108116149902,4.096263871155801,-0.00409588816613541,0.7369865956008433,80.0,214.56730526769906,429.1575417817905,511,0.34511423110961914,55.95771026611328,19.499311071634292,7.714243412017822,8.190603885771974
0.021014953032135963,-0.00046921491157263516,-0.013231724500656128,0.0060330551457963375,0.7278444170951843,0.6688424117863179,0.6161131262779236,0.02334853918145962,80.0,44.008544921875,20.033584427833556,9.945799827575684,6.313880230082558,-0.004053669499611714,0.7345046033710241,80.0,214.72549205061048,429.4737812722996,512,0.3461122512817383,88.03044891357422,40.081484365463254,19.897024154663086,12.627093686963866
0.005712214857339859,-0.00423070365213789,-0.01802227273583412,0.004865357151386716,0.6732540726661682,0.6262033827602863,0.5503630638122559,0.024014286956641078,80.0,51.19326400756836,22.709493386745454,13.788670539855957,7.674880354084623,-0.004079021738987648,0.733471369110048,80.0,214.92312123586981,429.86906967962534,513,0.3280923366546631,102.39881896972656,45.43997194766998,27.59278106689453,15.346556309284493
0.010457937605679035,-0.004496331745758653,-0.015492623671889305,0.004867309683464956,0.7764968872070312,0.6915920697152614,0.6327898502349854,0.023700228530465238,80.0,135.86712646484375,37.939521765708925,19.25911521911621,18.43114693149364,-0.004067927064636023,0.7342581236287952,80.0,215.28755383273582,430.5979284209386,514,0.34581518173217773,271.7481689453125,75.90186824798585,38.541419982910156,36.85914887395138
0.007505089044570923,-0.0022919365612324325,-0.018171561881899834,0.005591329129680771,0.924304723739624,0.8505453743040562,0.7928741574287415,0.02372354547845232,80.0,3925.2958984375,1966.6808097839355,610.5812377929688,633.5753845315809,-0.0040424238292907835,0.7359959801062941,80.0,234.90476364701613,469.83233193299924,515,0.4682319164276123,7850.6298828125,3933.3832275390623,1221.183837890625,1267.1509418698743
0.021067572757601738,-0.002226119348779321,-0.023693878203630447,0.008058087165540153,0.9043486714363098,0.8530714936554432,0.791047215461731,0.019843803725026768,80.0,2008.1971435546875,842.6159804344177,76.29438018798828,461.46924093258946,-0.004026440126734087,0.7382018344849348,80.0,243.2508397626243,486.5244961769357,516,0.2028512954711914,4016.43310546875,1685.2534608840942,152.5634765625,922.9441004505779
0.012153822928667068,-0.0029664230591151864,-0.01674293912947178,0.005450512996718401,0.7537897825241089,0.7032532669603825,0.6289481520652771,0.025381828498868886,80.0,6.223049163818359,3.3928433775901796,1.8439451456069946,0.9682919457448916,-0.004041677895322209,0.7387096246406437,80.0,243.17628820997098,486.37543370164184,517,0.2625603675842285,12.455890655517578,6.805684664845467,3.6937155723571777,1.9358779491948204
0.022878527641296387,-0.006046769715612754,-0.022025367245078087,0.00877677392256977,0.6474888324737549,0.5902335740625858,0.5335198640823364,0.024732137613502545,80.0,4.271686553955078,1.3480355322360993,0.612438976764679,0.7229901137369497,-0.004047348909225547,0.7374927054122092,80.0,242.96662787735085,485.9561000397727,518,0.34986066818237305,8.552743911743164,2.7199692890048026,1.2620770931243896,1.4414838241054566
0.026206187903881073,-0.0026806873094756154,-0.03112037479877472,0.011874772086332969,0.7042360305786133,0.641913641244173,0.5834134817123413,0.02889662563847208,80.0,5.299612522125244,0.957088141143322,0.3660922944545746,0.7507662864637972,-0.004037482503714273,0.7366665634661913,80.0,242.67893547181407,485.3806789692342,519,0.3268122673034668,10.612844467163086,1.9323759354650973,0.779303789138794,1.4993401274139224
0.023573335260152817,-0.0043430838326457884,-0.02555081620812416,0.00930878025794208,0.6829160451889038,0.6241838999092579,0.5537866353988647,0.026069337324383168,80.0,3.50864839553833,1.0339218009263278,0.46435344219207764,0.5634427111914524,-0.004055330165167107,0.7346594864800572,80.0,216.47961285510652,432.98202938516437,520,0.2839024066925049,7.027406692504883,2.089013455808163,0.9740586280822754,1.1249875594271608
0.00486772321164608,-0.005745436571305618,-0.026244932785630226,0.006159151789985387,0.6579651832580566,0.603847173601389,0.5426209568977356,0.026416956563747856,80.0,3.649183988571167,0.9532186314463615,0.4457547664642334,0.6477749485908355,-0.004102608571614837,0.7329077844843268,80.0,192.12650012107187,384.27586311199514,521,0.34561944007873535,7.311600685119629,1.930005068331957,0.9159701466560364,1.2910016210960296
0.019085511565208435,-0.0057895249512512235,-0.021303098648786545,0.007968614285511127,0.7987209558486938,0.7449169151484967,0.6804225444793701,0.025504505063160442,80.0,14.476675987243652,2.3319650523364546,0.654603898525238,3.100816841364268,-0.004112422750709811,0.7333161639645697,80.0,192.11444395888594,384.25177858451747,522,0.28567957878112793,28.969799041748047,4.69040751606226,1.3552650213241577,6.198273861371601
0.010195262730121613,-0.0057273267477285115,-0.025146281346678734,0.008386551055751305,0.7599868774414062,0.6911841407418251,0.6234191656112671,0.02551253815166459,80.0,9.573816299438477,1.8805088751018046,0.6088864207267761,2.0241605232996798,-0.004031943948561093,0.7334081148132683,80.0,192.06593331152197,384.15459817125645,523,0.21210408210754395,19.16223907470703,3.7862961158156394,1.2647161483764648,4.041385410014992
0.024910949170589447,-0.0010601459536701441,-0.02645319513976574,0.01027205893256221,0.5260403156280518,0.47642990946769714,0.4068969488143921,0.026089119923238025,80.0,3.3666977882385254,0.6143822815269232,0.25498560070991516,0.5675163313325141,-0.00399085394712165,0.7308905817270279,80.0,192.04008834680545,384.10277571160344,524,0.35724925994873047,6.746334075927734,1.240413449704647,0.5234204530715942,1.133210093153984
0.03478652238845825,0.0010202583740465342,-0.021877119317650795,0.01054244840765857,0.4482441246509552,0.4078386012464762,0.34893491864204407,0.021502210968764753,80.0,5.951625823974609,1.043213890492916,0.3055335283279419,1.0681769391436866,-0.003946154455188662,0.7266748742721976,80.0,192.03979770525547,384.1020207152591,525,0.30443620681762695,11.912111282348633,2.0925440341234207,0.6454918384552002,2.134240097747782
0.015194453299045563,-0.004090993222780526,-0.026008866727352142,0.00669147060608559,0.8914362788200378,0.8398979716002941,0.7786211967468262,0.023770143188399376,80.0,8.164669036865234,1.3804839126765729,0.5214444398880005,1.3839671416434098,-0.003945808069140185,0.7264350347183646,80.0,192.04768578978627,384.11779139489676,526,0.2579631805419922,16.346481323242188,2.7859477743506433,1.0871543884277344,2.764095810159387
0.011380430310964584,-0.00591850247583352,-0.02537398785352707,0.008238226575618627,0.9980705380439758,0.9577183239161968,0.9180987477302551,0.017122390601352,80.0,8.357089042663574,1.5740922786295415,0.7365599870681763,1.23396539371163,-0.003971106947865337,0.7284699735976755,80.0,192.04229721662398,384.10710554491726,527,0.20463347434997559,16.7332820892334,3.179175931215286,1.5248265266418457,2.4622423720401927
0.021315019577741623,-0.005348583179875277,-0.024547141045331955,0.006990808915497695,0.98686683177948,0.9443660601973534,0.9077048897743225,0.015753358891592077,80.0,8.519049644470215,1.5552054226398468,0.6280349493026733,1.2539587373469798,-0.003991821837582393,0.7298675677888096,80.0,192.02222699046132,384.06703447379914,528,0.20043015480041504,17.05683135986328,3.1399953335523607,1.283552885055542,2.5045267943642315
0.017942048609256744,-0.006930693483445794,-0.025689557194709778,0.009617418580343585,0.9389376640319824,0.9022111371159554,0.8743372559547424,0.01249389255577945,80.0,33.53520202636719,5.188881167769432,1.3240985870361328,5.45053567085924,-0.004025336016347864,0.7312581941895188,80.0,192.06399554160606,384.15066641779987,529,0.20201611518859863,67.08853912353516,10.409668046236039,2.676393508911133,10.897577858790164
0.013444049283862114,-0.0020331219071522354,-0.016462992876768112,0.005931298655108527,0.7899864912033081,0.7384164474904538,0.6998626589775085,0.018556162231721622,80.0,23.627704620361328,11.376785352826118,3.467057943344116,3.6793012840390897,-0.004039170239615486,0.7322599167488515,80.0,192.17201722883806,384.36675749503075,530,0.19127583503723145,47.26535415649414,22.77240526676178,6.949518203735352,7.358057775590568
0.007216297090053558,-0.0021273287944495677,-0.008865777403116226,0.003653009106008791,0.726772129535675,0.657075647264719,0.6108731627464294,0.021241863345457038,80.0,39.46969985961914,14.662163156270982,7.1045613288879395,7.256896576235123,-0.003990928494516993,0.7301450847350062,80.0,192.30073110922797,384.6240464748144,531,0.19416499137878418,78.962158203125,29.341722393035887,14.224088668823242,14.51244152976198
0.0042542703449726105,-0.004478844476398081,-0.014689572155475616,0.0048267430791014195,0.6873874664306641,0.6167143315076828,0.5620984435081482,0.02475972535504775,80.0,54.96792221069336,18.39146422147751,9.885017395019531,8.02407755315108,-0.004022467203059931,0.7277660927437245,80.0,192.46375559334084,384.95011093983055,532,0.19527697563171387,109.94760131835938,36.80422031879425,19.795185089111328,16.04401549270637
0.025592979043722153,-0.0013659136311616749,-0.015690919011831284,0.005922517855677626,0.8261950016021729,0.7698594734072686,0.718375563621521,0.02217779956347237,80.0,2232.115234375,1074.2234935760498,260.2439270019531,460.8770661424467,-0.0040221675268549,0.7280118441991509,80.0,203.1861339191012,406.3948718685209,533,0.2022867202758789,4464.2490234375,2148.4651123046874,520.5040283203125,921.7547818192586
0.013325817883014679,-0.0013453043182380497,-0.014639321714639664,0.00569558409176719,0.9336916208267212,0.8755976818501949,0.827358603477478,0.019102922451654188,80.0,3673.980224609375,1611.0327045440674,511.3849792480469,571.2896508097626,-0.004021751473861513,0.7292080037258566,80.0,219.25846320549772,438.5395536017567,534,0.19034957885742188,7347.9814453125,3222.0856185913085,1022.7747802734375,1142.578108419843
0.041764941066503525,-0.0007365212950389832,-0.01601545512676239,0.008769052802708786,0.9059862494468689,0.8566611163318157,0.7998989224433899,0.020024677115175672,80.0,12.323487281799316,2.852469888329506,1.4633080959320068,2.031809024439666,-0.004002531049452955,0.7313633748851717,80.0,219.21818379105255,438.45899943967163,535,0.19547176361083984,24.66316795349121,5.723546075820923,2.909330129623413,4.064181498878508
0.03716757893562317,-0.0039109803678002205,-0.023908115923404694,0.009482779307599262,0.7393888235092163,0.6907272942364215,0.6306962966918945,0.023368027476861272,80.0,10.86451244354248,3.5668924123048784,1.9007041454315186,1.9850221020754588,-0.004017565358255524,0.7320762345157564,80.0,219.181334210258,438.38534460411967,536,0.1936812400817871,21.74384307861328,7.15542131960392,3.8433873653411865,3.9665966854103196
0.027169013395905495,0.0002610178955364972,-0.015284553170204163,0.007803189956315311,0.7003154754638672,0.6401057079434395,0.5658824443817139,0.029440925773796416,80.0,7.840548038482666,1.0892539884895087,0.292675644159317,1.520279795139983,-0.003992391709820368,0.7313720324523747,80.0,218.9899621661976,438.0025360884369,537,0.19387531280517578,15.694162368774414,2.1907880768179893,0.6198296546936035,3.041441041925752
0.016906214877963066,-0.00820526024326682,-0.03320443630218506,0.012709734996280498,0.6721356511116028,0.5879748478531838,0.5308718681335449,0.03385178993693753,80.0,3.359642744064331,0.7562450911849737,0.249070405960083,0.61890557346706,-0.004030073815432842,0.7293893795497717,80.0,218.70580576184767,437.4342589924485,538,0.19753384590148926,6.731789588928223,1.5406601950526237,0.5123158097267151,1.226443855173526
0.022877568379044533,-0.0027136203716509044,-0.03534366935491562,0.009816085753760593,0.5636273622512817,0.48358875550329683,0.41517406702041626,0.03429058535178211,80.0,2.2883989810943604,0.6099604964256287,0.26104316115379333,0.3832744571039829,-0.003999928391363938,0.7257832088395954,80.0,194.83409086791053,389.69069667115815,539,0.2014310359954834,4.578325271606445,1.2350200071930886,0.5400661826133728,0.7671336228701334
0.03245224058628082,-0.007090015488211065,-0.03283277526497841,0.014436198342915369,0.5554021596908569,0.48940487429499624,0.42164146900177,0.0295038797335304,80.0,7.050771236419678,1.4161684315651655,0.49850746989250183,1.3576084065347356,-0.004067461640457622,0.7224128387272357,80.0,172.63306215305627,345.28870704756685,540,0.19853711128234863,14.11085033416748,2.8563049748539924,1.0187876224517822,2.7020377594752163
0.017078522592782974,-0.0017785176984034478,-0.016659537330269814,0.006786090237952651,0.7771357893943787,0.7034786067903042,0.6416770219802856,0.025477596676015648,80.0,16.86847686767578,2.5250635161995887,0.5996378660202026,3.2971504568410905,-0.0039459818105679004,0.7219111347272991,80.0,172.61382233169678,345.24997441039983,541,0.19383502006530762,33.751434326171875,5.067753612995148,1.2368639707565308,6.589065648914686
0.012397333979606628,-0.007629527559038252,-0.024622386321425438,0.008254772316775755,0.7255556583404541,0.6533075965940952,0.5891122221946716,0.028481964540396643,80.0,7.6587982177734375,1.4763834327459335,0.5071101784706116,1.5125090947994317,-0.003966693732829298,0.7214988272637126,80.0,172.5996166956276,345.22159631566706,542,0.19519639015197754,15.334260940551758,2.9810920625925066,1.071467399597168,3.0181079297111717
0.006719626486301422,-0.004553441918687895,-0.025915954262018204,0.006468753395998507,0.4514341950416565,0.392976401746273,0.329466849565506,0.024040302218268386,80.0,1.9347732067108154,0.5989075504243374,0.26152801513671875,0.3200993650576035,-0.003965855272836051,0.7184474277347322,80.0,172.5846813886166,345.1916629968658,543,0.19291472434997559,3.877387762069702,1.2147815115749836,0.5824087858200073,0.636296701363626
0.02908042073249817,-0.0012317013228312136,-0.02111136168241501,0.009475074993767763,0.5047840476036072,0.4450133848935366,0.3846474289894104,0.026173305095217238,80.0,12.921627044677734,1.7820414323359728,0.4956939220428467,2.051107811452927,-0.00394277260772651,0.7149882517345247,80.0,172.59220996505394,345.206604800783,544,0.2023015022277832,25.857336044311523,3.5754465252161025,0.9947730302810669,4.099789064863926
0.011507353745400906,-0.004794680944178254,-0.025547295808792114,0.00626453037326891,0.8566019535064697,0.8235183700919151,0.7653340101242065,0.01656785944361555,80.0,9.675079345703125,1.416028756275773,0.3719654679298401,1.7807034418687409,-0.003925600641581695,0.7156428218223154,80.0,172.59396019263195,345.21008400317277,545,0.20109176635742188,19.36618995666504,2.8581172212958337,0.8116490840911865,3.5576394841060814
0.010740229859948158,-0.004766066442243755,-0.0226173996925354,0.006520066333702422,0.9618864059448242,0.9300153709948062,0.8950380086898804,0.014219960748587867,80.0,3.7194771766662598,1.269869938492775,0.6975402235984802,0.6394627632878637,-0.003930442524433602,0.7176067291311921,80.0,172.58090664162114,345.18402586292467,546,0.2995002269744873,7.456247329711914,2.5678723052144052,1.441939353942871,1.2738578865791277
0.01336827501654625,-0.005732409504707903,-0.025376059114933014,0.006863363704170115,0.9558818340301514,0.9335337705910206,0.9063057899475098,0.011037006579033405,80.0,4.274309158325195,0.9469622798264027,0.44981926679611206,0.7382006832998054,-0.003981183369818609,0.7185128520317378,80.0,172.56423423714566,345.15080065823344,547,0.1937241554260254,8.56686019897461,1.9240600541234016,0.9504510164260864,1.4720395446717212
0.022807424888014793,-0.0004498509631957859,-0.01958674192428589,0.00978548346348426,0.9029461145401001,0.8496192991733551,0.808436393737793,0.01678408501380785,80.0,24.896411895751953,2.850341211259365,0.8157150149345398,3.9581753806761473,-0.00397338143113302,0.7201609270609916,80.0,172.5854047447145,345.1931590308621,548,0.18613100051879883,49.811256408691406,5.718574514985084,1.6552715301513672,7.913989701204014
0.009797612205147743,-0.005161243973998353,-0.016707347705960274,0.005273284316379573,0.6218299865722656,0.5653390049934387,0.5124245882034302,0.020910333745968266,80.0,23.775453567504883,9.329223644733428,4.015447616577148,3.218761003635705,-0.004014966736955102,0.7193451257161796,80.0,172.6714083832242,345.3652331629022,549,0.19226932525634766,47.56306457519531,18.680076611042022,8.055595397949219,6.435165860747168
0.004496244713664055,-0.0041297103569377215,-0.023836709558963776,0.005004942846459058,0.6130703687667847,0.560912973433733,0.4993976354598999,0.024035569585250726,80.0,68.28820037841797,18.628057807683945,6.912319660186768,13.640986832493425,-0.003986233189993072,0.7161201162077486,80.0,172.8455185596682,345.7133315452411,550,0.19493961334228516,136.58619689941406,37.275592958927156,13.839844703674316,27.27756877967175
0.0062119923532009125,-0.0035611481871455908,-0.013285394757986069,0.004190606270957785,0.6258058547973633,0.5773438848555088,0.508409857749939,0.02175538141140941,80.0,55.99528503417969,21.565065705776213,12.08045768737793,10.141961500530448,-0.00397816190921003,0.7131358652450143,80.0,173.04967767204718,346.12157394269843,551,0.19845032691955566,112.00228881835938,43.14880061149597,24.17422866821289,20.280691385522736
0.015025172382593155,-0.0022744139248970898,-0.017079971730709076,0.00553122329910228,0.9006739854812622,0.8440330617129803,0.7775532007217407,0.020463579127778436,80.0,2000.5206298828125,960.497124862671,200.57220458984375,402.35679555571113,-0.003946208342327737,0.7131007950566709,80.0,182.64133568508925,365.304825271748,552,0.19021177291870117,4001.060791015625,1921.0156703948974,401.1775207519531,804.7151107448245
0.012896748259663582,-0.0014727838104590773,-0.012645945884287357,0.004819911740875252,0.9131628274917603,0.8762423262000084,0.8411813974380493,0.0172461601713775,80.0,2842.86279296875,1418.9322875976563,264.1505126953125,490.8699713952558,-0.003953260993061121,0.7139161247126757,80.0,196.79227399251613,393.6067322683259,553,0.19915175437927246,5685.7431640625,2837.8850425720216,528.3228149414062,981.7377442795254
0.014476358890533447,-0.002848443400580436,-0.013294052332639694,0.005509372851035622,0.8634846806526184,0.8340940766036511,0.7920138835906982,0.016530963503936496,80.0,8.316581726074219,2.5009741827845575,1.506925344467163,1.0989625250323438,-0.003943343573249877,0.7161901845447719,80.0,196.72249988605827,393.4672097024545,554,0.1976761817932129,16.64992904663086,5.024327114224434,3.0424413681030273,2.196448438020643
0.010316520929336548,-0.002958261559251696,-0.015485547482967377,0.005459585255849308,0.6920963525772095,0.624347274005413,0.556747317314148,0.024188064016949628,80.0,6.5901360511779785,2.058945433795452,1.1483395099639893,0.9530947093031156,-0.003937458125757985,0.7167481880523264,80.0,196.60648041630543,393.2351701532825,555,0.17697381973266602,13.192198753356934,4.136294335126877,2.324397325515747,1.9039103889234363
0.010991960763931274,-0.008157901739468797,-0.030657019466161728,0.008137512785800919,0.674411952495575,0.5984045445919037,0.5203209519386292,0.03218429761437111,80.0,6.106173038482666,1.5378569789230823,0.6520873308181763,1.0883688294190947,-0.003994239239982562,0.7156762559153141,80.0,196.39879576464003,392.8198929726705,556,0.18790340423583984,12.223451614379883,3.1039978325366975,1.339992880821228,2.1703680500833693
0.010397892445325851,-0.008188283070921898,-0.027976984158158302,0.008204663738543467,0.6384919881820679,0.5717936247587204,0.507234513759613,0.02614967201008346,80.0,2.577967882156372,0.7857505220919847,0.33275100588798523,0.4239116583365821,-0.004033716829115293,0.7135041964910924,80.0,196.13094772491232,392.28423240631076,557,0.19928789138793945,5.155398368835449,1.5993134707212449,0.6936336755752563,0.8411557228078754
0.0320567823946476,-0.0009367327438667417,-0.024622272700071335,0.010618849427016304,0.6503310203552246,0.5788995333015918,0.513322114944458,0.023827268744007122,80.0,1.5854204893112183,0.42778207659721373,0.2135690301656723,0.25692876303336754,-0.004036340473656311,0.7104905732534827,80.0,174.37684003237263,348.77596228104454,558,0.19877338409423828,3.182356119155884,0.8690156105905771,0.43711012601852417,0.5117130045651044
0.01603122428059578,-0.003676361998077482,-0.022237032651901245,0.009087044361088202,0.6608923077583313,0.6008396945893765,0.5351070165634155,0.02615320524708366,80.0,9.790131568908691,1.6039040140807628,0.5361385941505432,1.6158694709437778,-0.004053444084041985,0.7068741118200126,80.0,154.54110751947385,309.10445906272156,559,0.20051121711730957,19.586069107055664,3.227177557349205,1.1100929975509644,3.224933114119557
0.0165953878313303,-0.007112603343557566,-0.027144962921738625,0.007712099685363061,0.8031300902366638,0.7443574897944927,0.6544217467308044,0.030000970558691307,80.0,15.741743087768555,2.972044290602207,0.8347010016441345,3.066643168496675,-0.0040986592524859585,0.7062371234409514,80.0,154.52199764747544,309.066317009341,560,0.20441603660583496,31.498668670654297,5.973200885951519,1.709460973739624,6.127510991038277
0.023490361869335175,-0.006413327093468979,-0.02656024508178234,0.008958781252760074,0.6614573001861572,0.586323943734169,0.5320529341697693,0.026274194719349747,80.0,6.14198637008667,1.3057394664734603,0.46840348839759827,1.1103213855346858,-0.004133808127226075,0.705492071401328,80.0,154.5174380495995,309.0572532104515,561,0.19696664810180664,12.295270919799805,2.6360320672392845,0.9713178873062134,2.2156420552814766
0.011820260435342789,-0.002403442916693166,-0.017203636467456818,0.005424708037052866,0.45043236017227173,0.3710072863847017,0.30423352122306824,0.02671765379621506,80.0,1.8761167526245117,0.4669939098879695,0.20638184249401093,0.2725796684272127,-0.004057043270178837,0.7021799202859402,80.0,154.49836286212314,309.01888306258996,562,0.2028346061706543,3.7580997943878174,0.9462148480117321,0.4242832660675049,0.5427696634399691
0.01404122356325388,-0.003354225866496563,-0.023381125181913376,0.007132026885286534,0.6325184106826782,0.5744136288762093,0.511473536491394,0.02490263991667483,80.0,5.938353061676025,0.970613856241107,0.3066616356372833,0.9585023842078984,-0.004036390229914105,0.7004611257091165,80.0,154.49508973279035,309.0122611217537,563,0.20217537879943848,11.88801097869873,1.9594244301319121,0.6313751935958862,1.91352434860704
0.010925489477813244,-0.0071888604375999424,-0.024074619635939598,0.007289684480885604,0.8611779808998108,0.8249072432518005,0.786827802658081,0.017360402444663577,80.0,4.287029266357422,0.9721953794360161,0.4832797348499298,0.6200144860114114,-0.004092410171608207,0.7014685225635766,80.0,154.49351566503753,309.00924517402433,564,0.20154595375061035,8.590773582458496,1.9752666071057319,1.0051238536834717,1.2349866598904633
0.0062953755259513855,-0.005787732102908194,-0.029603350907564163,0.006632392603786831,0.98830246925354,0.9481426775455475,0.8940042853355408,0.015105547855243057,80.0,4.565402507781982,1.1372408967465162,0.4923991858959198,0.7027966975407317,-0.0041015263659355695,0.7031343009397386,80.0,154.48392912584728,308.99012364320834,565,0.30034565925598145,9.14946174621582,2.3050200968980787,1.0254789590835571,1.400515421700047
0.00837230309844017,-0.004853322624694556,-0.022024448961019516,0.006880939009331362,1.0016053915023804,0.970858620852232,0.9340330362319946,0.012601935636069058,80.0,7.578019142150879,1.5662592358887195,0.5959853529930115,1.203814777537468,-0.004043688772333553,0.7047387111335992,80.0,154.48218932110257,308.98656044645986,566,0.3524744510650635,15.175019264221191,3.1616422861814497,1.2083412408828735,2.4038331225009415
0.008396686986088753,-0.0045298220124095675,-0.03010742925107479,0.006638567065075916,0.9148056507110596,0.8593660898506641,0.805099606513977,0.022134228175914733,80.0,23.272241592407227,4.497971166670323,1.5127904415130615,3.979375975981976,-0.004040834654850186,0.7072015230953691,80.0,154.51588113611007,309.05398762511095,567,0.3370940685272217,46.56200408935547,9.022189366817475,3.057889461517334,7.954956383460681
0.011873606592416763,-0.006515036639757455,-0.028852779418230057,0.009202653848362602,0.6926866173744202,0.6436712697148324,0.5943479537963867,0.021322583194139027,80.0,15.339948654174805,8.99404034614563,4.237370491027832,2.341048925331913,-0.004078249391895951,0.7086644056141376,80.0,154.60068784876728,309.2237051383853,568,0.3307158946990967,30.70741844177246,18.013984286785124,8.488992691040039,4.679843557541934
0.004497461020946503,-0.005118172324728221,-0.024476997554302216,0.0058582780222617105,0.6831879615783691,0.6264182239770889,0.5736832618713379,0.02064574590031119,80.0,53.25106430053711,11.226818805932998,4.219595909118652,8.986353966249558,-0.00408710629036068,0.7063777936473489,80.0,154.69891790572368,309.42013723418114,569,0.33313798904418945,106.51374816894531,22.476402354240417,8.448124885559082,17.96875292905557
0.0054692551493644714,-0.003400980232981965,-0.019543521106243134,0.004155952312803842,0.6975672245025635,0.6516177348792553,0.598275899887085,0.022442008139026474,80.0,50.36194610595703,21.025714552402498,11.471232414245605,6.952225276790562,-0.0040710918542754375,0.7034927544221281,80.0,154.89876311439832,309.81973792197556,570,0.3270864486694336,100.73713684082031,42.07126343250275,22.955135345458984,13.90261018732437
0.012614835053682327,-0.0038068317924626173,-0.019655197858810425,0.006615332366783759,0.9340156316757202,0.8879926569759846,0.8260828256607056,0.02047866264683988,80.0,2697.75927734375,1097.7138301849366,244.16497802734375,459.54609547122476,-0.004080248912476235,0.7033283316642046,80.0,165.85691235837896,331.7360514351651,571,0.3241755962371826,5395.576171875,2195.4530338287354,488.3586730957031,919.0953160896865
0.03322824835777283,-0.0011370216612704097,-0.024242661893367767,0.006997933100558456,0.8932319283485413,0.8550887778401375,0.8232372999191284,0.015947303464202697,80.0,1935.90771484375,972.3630405426026,196.21218872070312,388.71379425906173,-0.004091331097966759,0.7038205817416309,80.0,175.53433371503462,351.09092607908696,572,0.33164358139038086,3871.835205078125,1944.745449066162,392.44903564453125,777.425571614598
0.012729138135910034,-0.0028719645109958948,-0.02302020788192749,0.006206209322896616,0.8687758445739746,0.8100232295691967,0.7581993341445923,0.01878041533271358,80.0,7.48898458480835,2.912449397146702,1.8864665031433105,0.8919583671256405,-0.0041153988440346435,0.7046691900268197,80.0,175.46249767279434,350.94731910174335,573,0.3341860771179199,14.99493408203125,5.846843165159226,3.8124194145202637,1.782260406124696
0.005899026989936829,-0.007328663405496627,-0.0290362611413002,0.007483498750086457,0.6881750226020813,0.6323348551988601,0.5771728754043579,0.027070367868189532,80.0,6.370409965515137,1.8805224917829038,0.9897637963294983,0.8846768395900746,-0.004159237210609718,0.7041358487457038,80.0,175.32680610003132,350.6760129643306,574,0.3394477367401123,12.752880096435547,3.788348999619484,2.0166866779327393,1.7633454272747375
0.018278393894433975,-0.0065175308613106605,-0.029100686311721802,0.010225440728225434,0.7243204116821289,0.6607534468173981,0.6017851233482361,0.025235724138537887,80.0,4.113991737365723,0.6398614291101694,0.2384606897830963,0.7081926922389682,-0.004207979550614254,0.7037978974804282,80.0,175.10089269223243,350.2242768759131,575,0.3301875591278076,8.242122650146484,1.3059729911386966,0.5456993579864502,1.4105197487523562
0.029694803059101105,-0.004904239514144137,-0.02717682346701622,0.011505308853125116,0.7575286030769348,0.7106432050466538,0.6582683324813843,0.02243594622304413,80.0,2.6104485988616943,0.5893576469272375,0.22732537984848022,0.44857300415779156,-0.00423050130342017,0.7032947642058134,80.0,174.74027820824642,349.50308288592845,576,0.3293437957763672,5.23616886138916,1.2027366407215596,0.5049217343330383,0.8926143366153931
0.012502014636993408,-0.005751307553146035,-0.023787815123796463,0.007914554337902602,0.7360997200012207,0.675088071078062,0.6242208480834961,0.02493540089071014,80.0,2.631993055343628,0.7108456864953041,0.3170108497142792,0.38583317110122156,-0.004283222011901672,0.7015524681210519,80.0,150.3817162015494,300.78602964075657,577,0.3307337760925293,5.278003692626953,1.4466957464814185,0.6652265787124634,0.7677261044451943
0.009756827726960182,-0.006158489407971502,-0.023565862327814102,0.0068641339244103336,0.7669926285743713,0.6845870427787304,0.6274797320365906,0.02732923004999693,80.0,7.010544300079346,0.8873581349849701,0.2495536506175995,1.2662739527363716,-0.00433254627280985,0.699598526827991,80.0,137.99652961940131,276.01571613939853,578,0.33721184730529785,14.034692764282227,1.800724983215332,0.5270233154296875,2.527859884569352
0.020087476819753647,-0.0010884169023483992,-0.019104916602373123,0.006128852939344144,0.8578746318817139,0.7967315800487995,0.7437244057655334,0.02362306165922245,80.0,13.233480453491211,2.0831221558153628,0.5812618732452393,2.7815335009077273,-0.00429924622157705,0.7001764045879244,80.0,137.97944415114634,275.9814901604131,579,0.34058451652526855,26.47630500793457,4.184355752170086,1.1680009365081787,5.5601253443233105
0.009039649739861488,-0.007954763626912609,-0.031453557312488556,0.008426516935303234,0.691857635974884,0.6332304954528809,0.5780210494995117,0.02321171150400784,80.0,5.9939446449279785,1.0963642846792936,0.26681289076805115,1.124689670939434,-0.004298246890917653,0.7004060190171003,80.0,137.978231648216,275.97906774836787,580,0.33672451972961426,12.00047492980957,2.221302706748247,0.583135724067688,2.2436451245864153
0.011604834347963333,-0.0054927080345805734,-0.018653322011232376,0.007021117259984641,0.48889172077178955,0.4371808055788279,0.38202688097953796,0.022269423501299693,80.0,1.9526176452636719,0.616864537447691,0.2568490505218506,0.33169027519614996,-0.004285899563808925,0.6981317403428257,80.0,137.97201673345825,275.9665677386448,581,0.33614563941955566,3.9141433238983154,1.2534580998122693,0.529720664024353,0.659435488204376
0.013376298360526562,-0.003434938285499811,-0.01848576031625271,0.005906013280908821,0.756061315536499,0.6833780169486999,0.6299444437026978,0.026982121452655793,80.0,4.858225345611572,0.9989791933447123,0.3456529676914215,0.8560482236179779,-0.004279908383148723,0.6984026960395276,80.0,137.97169987982696,275.96592746821045,582,0.33185863494873047,9.730195999145508,2.018495822697878,0.7253298163414001,1.709798450728775
0.008751392364501953,-0.0045641482691280546,-0.02457684651017189,0.006582744857989748,0.8924988508224487,0.8618185214698315,0.8042239546775818,0.01816090260015821,80.0,2.7490949630737305,0.8219771433621645,0.3682650029659271,0.36975234494441755,-0.004282390869106166,0.7004140866808592,80.0,137.96826251729019,275.95909793574356,583,0.33357858657836914,5.515246391296387,1.6703189484775067,0.7687885761260986,0.7362185198617874
0.012040587142109871,-0.003297444072086364,-0.023111023008823395,0.006409892053856331,0.9294260740280151,0.8981554418802261,0.8631610870361328,0.014181570119077396,80.0,4.281693458557129,1.1657268509268761,0.5793344974517822,0.7092903530591824,-0.004301706926722545,0.7015149379260838,80.0,137.95707153877055,275.9367766278907,584,0.3094303607940674,8.58148193359375,2.3560116991400717,1.1735925674438477,1.4176201872268157
0.010459678247570992,-0.004509407724253833,-0.01936810277402401,0.006139387419097472,0.9445076584815979,0.9194828949868679,0.8966350555419922,0.01167981337185221,80.0,9.174345016479492,1.6675591833889485,0.625465989112854,1.5222626983779834,-0.0042985836124280466,0.7034645158238707,80.0,137.94888783604836,275.92044196745,585,0.31076478958129883,18.3668155670166,3.3625268384814264,1.2860792875289917,3.0405639798838675
0.010108906775712967,-0.004329593823058531,-0.018313109874725342,0.005654950277197022,0.8956114053726196,0.8609672851860524,0.8187905550003052,0.018490026671898304,80.0,18.048669815063477,4.383255071938038,1.3001606464385986,3.3581169362976557,-0.004232648119155784,0.7069787628538906,80.0,137.98393157956932,275.99046786799283,586,0.3053629398345947,36.11431121826172,8.792388635873795,2.6378087997436523,6.713191117531972
0.018354542553424835,-0.0014253781992010772,-0.01658022776246071,0.00717510583670938,0.7258342504501343,0.6665870726108551,0.6204862594604492,0.023304722128189185,80.0,18.136259078979492,11.14328665137291,5.6790266036987305,2.4842491448428228,-0.004220299782406073,0.7093573849946259,80.0,138.08536147405766,276.19335053158926,587,0.3074924945831299,36.28594207763672,22.30275567770004,11.387250900268555,4.969460216561523
0.003659825772047043,-0.002305623036227189,-0.016216548159718513,0.003586797212212901,0.6866450905799866,0.6190648533403873,0.5634889006614685,0.024243698089611482,80.0,40.77556228637695,10.846355974674225,4.765402317047119,6.818981187525151,-0.004181565546517958,0.7075127834826708,80.0,138.17847852999904,276.37947028396655,588,0.45746278762817383,81.56396484375,21.709704601764678,9.552743911743164,13.635550778983601
0.004486130550503731,-0.004929824249120429,-0.015468738973140717,0.004862002201244092,0.7234855890274048,0.6819881573319435,0.6344307661056519,0.023359324933898428,80.0,51.6041259765625,20.27035810947418,10.973530769348145,7.316605018445985,-0.004167784133547683,0.7060419135540724,80.0,138.36762919921614,276.7577146420144,589,0.3323187828063965,103.22184753417969,40.5642156124115,21.97728729248047,14.629554978123279
0.01176467165350914,-0.0012119807652197778,-0.011658892035484314,0.003917433089115664,0.9117263555526733,0.8565721422433853,0.7881883978843689,0.02387612031377589,80.0,1814.5556640625,946.6544174194336,236.12014770507812,349.9436019090087,-0.004149232895491877,0.7064966758415102,80.0,147.8127810098324,295.6479902204685,590,0.32595372200012207,3629.14501953125,1893.3283866882325,472.26739501953125,699.8883547978611
0.02777744084596634,-0.00019397487631067634,-0.008145935833454132,0.0057102295752065125,0.941969633102417,0.8885483525693416,0.8477507829666138,0.01897506930633582,80.0,1530.650634765625,829.2724064826965,70.29181671142578,325.03175601763473,-0.004100968009064673,0.7078132172375916,80.0,156.05482629517653,312.132010560643,591,0.32087206840515137,3061.33251953125,1658.5629686355592,140.6016387939453,650.0646822529659
0.011330924928188324,-0.002896955783944577,-0.015367766842246056,0.004813951616650858,0.9050095677375793,0.8629592195153236,0.827584981918335,0.015599657615756272,80.0,13.055560111999512,3.7149993017315865,1.8843632936477661,1.8479240898087856,-0.004095288682117826,0.7098547131866215,80.0,155.96909354084173,311.9605745231323,592,0.32947850227355957,26.127986907958984,7.453051689267158,3.78425669670105,3.6933550766387326
0.03330904617905617,-0.0031842371507082136,-0.02056867629289627,0.00808042495198621,0.6806148290634155,0.6208370350301265,0.5557053089141846,0.025518181806025185,80.0,6.844659805297852,2.323823483288288,1.0594432353973389,1.24764773762438,-0.004067557272064732,0.7094170035421847,80.0,155.80221445287208,311.62675212980434,593,0.33274221420288086,13.699928283691406,4.666432198882103,2.1498985290527344,2.491762095729265
0.02559874951839447,-0.003942570765502751,-0.024581216275691986,0.008675145033746287,0.6805787086486816,0.6166768558323383,0.5632883906364441,0.02208343170451438,80.0,5.236193656921387,1.1981106519699096,0.5104371309280396,0.7747656869249826,-0.004086069398472318,0.7092607590109108,80.0,155.53362535358409,311.0896078264676,594,0.3275783061981201,10.484516143798828,2.416439984738827,1.0092843770980835,1.5474451188944223
0.02016253024339676,-0.004891957470681519,-0.029378674924373627,0.01110543133284723,0.6884889602661133,0.6308263346552849,0.5586723685264587,0.027760706741142123,80.0,2.668670177459717,0.756905198469758,0.3592703938484192,0.4384892955010066,-0.0041132293797854795,0.708605063639581,80.0,155.1991058168542,310.4206099600978,595,0.32893991470336914,5.34715461730957,1.5362108491361142,0.7180637717247009,0.8706328743813898
0.029168149456381798,0.0020474056887906044,-0.02238420769572258,0.009479656731121286,0.6778520345687866,0.6160837717354297,0.5330024361610413,0.03083529150999683,80.0,2.8715391159057617,0.7339468169957399,0.365992933511734,0.46720096831986757,-0.004073549569089664,0.705902903214097,80.0,129.02775734251927,258.07777961227674,596,0.259519100189209,5.756511688232422,1.4761204913258552,0.7277114391326904,0.9350820842227247
0.019414624199271202,-0.007010066485963762,-0.02742115780711174,0.00960770501177309,0.7119642496109009,0.6521356202661991,0.5897557139396667,0.025368211816067004,80.0,8.057050704956055,1.1748741518706083,0.3882615268230438,1.4457918078036787,-0.004126127650699345,0.7034557993635534,80.0,121.10870666082019,242.23973445125296,597,0.23290395736694336,16.126724243164062,2.376811145246029,0.8404280543327332,2.882853540536246
0.013005100190639496,-0.009033115179045125,-0.026508085429668427,0.008728736973710101,0.8234325647354126,0.766219262778759,0.7138901948928833,0.026297465286826454,80.0,14.242148399353027,2.083978243544698,0.49661484360694885,2.8322136387934793,-0.004155123869568343,0.7039377590343355,80.0,121.1015109003801,242.2254105621166,598,0.33119654655456543,28.499977111816406,4.201347103714943,1.0243449211120605,5.653897851743298
0.011510632932186127,-0.0028045649931300433,-0.022890083491802216,0.007760860674970256,0.5852603316307068,0.5285036992281675,0.4547327756881714,0.027603497646186845,80.0,4.363536834716797,1.3922980587929488,0.419106125831604,0.780974084030297,-0.004077904636767926,0.7033177125193179,80.0,121.10079146253132,242.22380484710257,599,0.3317074775695801,8.738459587097168,2.8007753156125546,0.8341981768608093,1.5580826031503903
0.015922417864203453,-0.0010133782750926911,-0.015836849808692932,0.005810666516466725,0.3994135558605194,0.33244673125445845,0.2701435089111328,0.025204635781205572,80.0,3.414926290512085,0.9989437870681286,0.3642449378967285,0.5947858075196318,-0.004034373282571324,0.7005185542479159,80.0,121.09569809528256,242.21347506662826,600,0.3349776268005371,6.835250377655029,2.0065632566809652,0.7443050146102905,1.1885271723077893
0.00899377092719078,-0.006627063418272882,-0.030410397797822952,0.007439260035451014,0.6982343196868896,0.6418971531093121,0.5687295794487,0.027138589578951128,80.0,7.401487827301025,1.3246524546295404,0.4459027349948883,1.2202173928620894,-0.003985460095456802,0.7012195551767947,80.0,121.09774915018119,242.21749336969478,601,0.3299703598022461,14.816268920898438,2.6753969460725786,0.957120418548584,2.435600114214411
0.01114367600530386,-0.0027992227231152357,-0.0213310569524765,0.006977452753598753,0.8790831565856934,0.8348053872585297,0.7902296781539917,0.01664744158505857,80.0,4.929585933685303,1.3248493514955044,0.5769683122634888,0.8257358881464059,-0.003891748424619436,0.7039152542203665,80.0,121.09946225224621,242.22078606447198,602,0.3272676467895508,9.874862670898438,2.6719932690262795,1.158008337020874,1.6471363593557724
0.011828014627099037,-0.0027943413180764763,-0.014925334602594376,0.005604353132716976,0.914157509803772,0.8753340065479278,0.8405619859695435,0.015090667654646535,80.0,5.60414981842041,1.0212069660425187,0.547407329082489,0.776427898368404,-0.003913312978635077,0.7051674592271447,80.0,121.08146135427991,242.18485244147104,603,0.3353714942932129,11.22599983215332,2.065509293973446,1.1103545427322388,1.5512058662107524
0.015530603006482124,-0.0028651279862970114,-0.022095007821917534,0.00748760752790872,0.9477782845497131,0.8969774149358273,0.859560489654541,0.018382466619518128,80.0,13.050856590270996,1.9194503515958785,0.6369001865386963,2.0532705171880212,-0.003911853057157713,0.7071569491773845,80.0,121.07902035186626,242.18000730631874,604,0.3267824649810791,26.116287231445312,3.8625704884529113,1.3126252889633179,4.101977680542629
0.02548360638320446,-0.0004471505701076239,-0.01973690465092659,0.009153102949836438,0.8789216876029968,0.8347757935523987,0.7977069616317749,0.0184424161484871,80.0,19.516094207763672,7.058209878206253,2.445863962173462,3.6628193484954537,-0.0038551112402346916,0.7106586021296679,80.0,121.14068211468867,242.30328738121315,605,0.21460890769958496,39.0485725402832,14.134009557962418,4.92308235168457,7.320881869549453
0.01879391446709633,-0.0029729988076724113,-0.02120412141084671,0.007671944155804897,0.7241995334625244,0.6800205022096634,0.6226545572280884,0.021805149865520786,80.0,16.204206466674805,9.103953465819359,3.5505359172821045,2.2168678075473904,-0.0039052571814390835,0.7133162632025778,80.0,121.22369129746967,242.46945919102802,606,0.19662141799926758,32.422584533691406,18.22745325565338,7.102460861206055,4.4324369630531795
0.0036231428384780884,-0.005018264858517796,-0.019064877182245255,0.0057137248910686745,0.7256649732589722,0.675272922962904,0.6235761046409607,0.02357940699254095,80.0,60.83988571166992,18.766577994823457,8.67260456085205,11.739896838514534,-0.0038666202370659453,0.7112244198732077,80.0,121.3968018303495,242.81556114593525,607,0.21837925910949707,121.69345092773438,37.556697964668274,17.369163513183594,23.47499497267581
0.0033885259181261063,-0.004149788920767605,-0.018233276903629303,0.005055840683957593,0.7696477770805359,0.6985620766878128,0.6318590641021729,0.025272320446354697,80.0,62.97137451171875,31.079884886741638,19.763160705566406,7.777987804475152,-0.0038570096081239173,0.7088899050839244,80.0,121.69069818919712,243.40328794883564,608,0.17397594451904297,125.95791625976562,62.18204026222229,39.5588493347168,15.552914864699906
0.009477468207478523,-0.0014501573285087943,-0.013003811240196228,0.0038744277597254025,0.9561804533004761,0.8888576626777649,0.8230809569358826,0.022375764360966575,80.0,1951.9102783203125,1003.1542877197265,297.9033203125,344.67621410733733,-0.0038342045360477642,0.7084967911504207,80.0,131.70004557508045,263.4219292072542,609,0.1971275806427002,3903.83740234375,2006.3292488098145,595.831298828125,689.3536638148105
0.027691394090652466,-0.001733452593907714,-0.021590491756796837,0.008215104293971499,0.976283073425293,0.9289177268743515,0.8806772232055664,0.018900778818522486,80.0,1349.117431640625,524.6106905937195,69.84364318847656,250.5316106431866,-0.003824349919101224,0.7094367608912288,80.0,136.91280183248782,273.8474407859929,610,0.21474862098693848,2698.256591796875,1049.2434238433839,139.69943237304688,501.06287470745326
0.01448387373238802,4.660357953980565e-05,-0.013283111155033112,0.004442035446805899,0.8189375400543213,0.7757987156510353,0.7294655442237854,0.0186217546619354,80.0,19.178951263427734,4.218526872992515,1.812812328338623,2.637979226385649,-0.0038082177399192006,0.7106729733161626,80.0,136.85757142974995,273.73697244088726,611,0.20236849784851074,38.37369155883789,8.452476561069489,3.649034023284912,5.276358268296434
0.026425965130329132,-0.0022631182218901813,-0.033679425716400146,0.009915103896284616,0.5926556587219238,0.5358047500252724,0.4513542652130127,0.026167959711920874,80.0,4.68098258972168,1.2361452892422675,0.44160741567611694,0.8011627164541633,-0.003826156773022376,0.7093425966985524,80.0,136.66959703836403,273.36103292645885,612,0.19485139846801758,9.373658180236816,2.4875329226255416,0.8931907415390015,1.5992658401455628
0.015640605241060257,-0.008478976099286228,-0.03163865953683853,0.008812858481461008,0.6843498945236206,0.6368024826049805,0.5838947892189026,0.02459368298786213,80.0,2.6543350219726562,0.6606378573924303,0.292885959148407,0.47658905508533245,-0.00386863949749386,0.7094485876969994,80.0,136.44910848307052,272.9201429041885,613,0.20109295845031738,5.320470809936523,1.3509697206318378,0.5728752613067627,0.9466697485018576
0.04053913801908493,9.227567352354527e-05,-0.01992000639438629,0.013114742455385173,0.6219198107719421,0.5608170837163925,0.49624544382095337,0.028238511832754425,80.0,2.475590467453003,0.786149000748992,0.3160291910171509,0.4329510238303775,-0.0038227534233010374,0.7081408378370107,80.0,136.0775747554209,272.176957519602,614,0.19099116325378418,4.951962947845459,1.583329789340496,0.6204267740249634,0.8627802906969596
0.0398218147456646,0.005676782102091238,-0.025154948234558105,0.013289550574086569,0.6328524351119995,0.5616397939622402,0.48795709013938904,0.03254476762828958,80.0,3.5171124935150146,0.9073092594742775,0.34605106711387634,0.6826357028947808,-0.003743066236667801,0.7052517820335923,80.0,116.4198397501763,232.8612702216469,615,0.19786643981933594,7.045162200927734,1.8144977435469627,0.7183428406715393,1.3618708933552897
0.01073015108704567,-0.011696633545216172,-0.039248161017894745,0.010371212191434998,0.7788796424865723,0.7213638924062252,0.6685041189193726,0.023270000907848518,80.0,17.146360397338867,3.5433773368597032,1.5074576139450073,3.364359695458703,-0.0038377713786321693,0.7039347060211003,80.0,108.02911371920072,216.0799813648127,616,0.19607162475585938,34.30649185180664,7.124575200676918,3.0498013496398926,6.71922071752848
0.0032172445207834244,-0.007917788927443326,-0.02343650534749031,0.005705657671467936,0.7614171504974365,0.6962083548307418,0.6117939949035645,0.02947146238572093,80.0,16.298891067504883,3.7675546914339066,1.702361822128296,2.953238823466919,-0.0038872850373154505,0.703864256899804,80.0,108.03286083233915,216.08757320943099,617,0.307645320892334,32.61513137817383,7.564869126677513,3.420006036758423,5.90171433623085
0.010815896093845367,-0.006739293108694255,-0.02076885476708412,0.0063601413779684045,0.6016741394996643,0.533951447531581,0.46969717741012573,0.025451707791056707,80.0,3.895907402038574,1.2320378713309765,0.6994040012359619,0.6936588721977951,-0.0038942102712462654,0.703301435634494,80.0,108.03170085573011,216.08525585020703,618,0.3086254596710205,7.80169677734375,2.4882333666086196,1.4137779474258423,1.3829067149935468
0.02196051925420761,-0.006924650829751045,-0.02285980060696602,0.00986505232679723,0.4149320423603058,0.3395848203450441,0.29284390807151794,0.023207121604669135,80.0,5.045920372009277,1.0261690147221088,0.32885023951530457,0.9989695517761304,-0.0039366499064490195,0.7002781474255024,80.0,108.03239166446589,216.0866618813239,619,0.31041550636291504,10.097918510437012,2.0729790471494196,0.697664201259613,1.9916087000462814
0.006451746448874474,-0.004289431526558474,-0.018084663897752762,0.005502939306523699,0.8163720369338989,0.7700454406440258,0.687779426574707,0.024957007287496343,80.0,7.786046504974365,1.1261014245450496,0.38288211822509766,1.3624373116579054,-0.0039361133833881465,0.70173676283285,80.0,108.03331346070206,216.08853357290099,620,0.3167226314544678,15.589120864868164,2.276182613521814,0.7812855243682861,2.7216243800271886
0.01012730598449707,-0.006913837313186377,-0.02829478308558464,0.007969199988723785,0.9635210037231445,0.9246679328382015,0.8689848184585571,0.017906515305125402,80.0,5.708224773406982,1.287699530273676,0.6077195405960083,0.8435773462926274,-0.003947797390806954,0.7049449704252183,80.0,108.03665826969035,216.09531072301786,621,0.3062140941619873,11.435626983642578,2.6077200800180433,1.2624855041503906,1.6809471838505572
0.011726625263690948,-0.005358481284929439,-0.027794942259788513,0.007198347708354576,1.0132131576538086,0.9599699832499027,0.9199022054672241,0.018476430971203633,80.0,6.222538471221924,1.1562576308846473,0.5398886799812317,0.9668960272354639,-0.003943486954143737,0.7070955011062324,80.0,108.02490119547583,216.07183096409958,622,0.33909106254577637,12.464461326599121,2.342431624233723,1.0943920612335205,1.9303062968678897
0.014295518398284912,-0.007922943646553904,-0.03882775083184242,0.00942864900325585,0.9820488095283508,0.9493217922747135,0.9120284914970398,0.017476406486084048,80.0,21.84076690673828,3.469584323465824,1.1093831062316895,3.431807934528444,-0.003965443123131991,0.7096768776215615,80.0,108.04079194995947,216.10370801287513,623,0.3194544315338135,43.70082473754883,6.97400099337101,2.288466215133667,6.8585714286161235
0.023639194667339325,-0.00027230092673562466,-0.016236070543527603,0.00858330200726428,0.9076690077781677,0.8552082270383835,0.8095113039016724,0.023358766872586544,80.0,23.446592330932617,5.048466598987579,1.4353067874908447,3.6884898146390475,-0.003957564672862646,0.7134646607972682,80.0,108.08513279313406,216.1924496984593,624,0.30504775047302246,46.91008758544922,10.114582008123397,2.920386791229248,7.373396877164159
0.025407982990145683,-0.0015809480799362063,-0.019079644232988358,0.007318048704034333,0.7168296575546265,0.664188876748085,0.6195171475410461,0.022384582162230455,80.0,52.074790954589844,11.046206772327423,4.176087379455566,7.646908969713202,-0.003983576737402472,0.7160281635522844,80.0,108.18516272195242,216.39261284897847,625,0.30506038665771484,104.17233276367188,22.10885908603668,8.361532211303711,15.290646623049804
0.01080697774887085,-0.0030611265916377305,-0.01542646437883377,0.005222068951052061,0.7007725238800049,0.637209776043892,0.5703780055046082,0.026957638457135218,80.0,101.42579650878906,34.45141909122467,15.721426010131836,15.101041245624568,-0.003973278071091045,0.7140012815967203,80.0,108.51587207373792,217.0539704174958,626,0.3054850101470947,202.85858154296875,68.92170462608337,31.472881317138672,30.198745023131575
0.006680142600089312,-0.0026897223840933295,-0.011744445189833641,0.0038412003261422676,0.8212756514549255,0.7772534735500812,0.7110615968704224,0.024230029681064528,80.0,584.536865234375,215.66592707633973,30.894062042236328,136.42681276633255,-0.003940990270173642,0.7121966330930591,80.0,110.65679042171502,221.33570647590975,627,0.3126821517944336,1169.089111328125,431.3527817726135,61.80652618408203,272.8545981743846
0.007892131805419922,-0.0019122244091704487,-0.014549199491739273,0.004070521490741208,0.89596027135849,0.8518601588904857,0.7932072877883911,0.020302000359116563,80.0,1589.811279296875,987.1258476257324,300.0771179199219,268.60719415772803,-0.003906626682466594,0.7112715740799902,80.0,120.51249684374592,241.04703197881204,628,0.308854341506958,3179.651123046875,1974.2725456237793,600.176025390625,537.2139679589069
0.06132978945970535,0.0021249906276352704,-0.01496489904820919,0.010233359047650032,1.0111439228057861,0.9668250538408756,0.9093796610832214,0.019026313548998693,80.0,467.7060546875,124.00983306616544,1.3455920219421387,111.77334622885367,-0.0038160698413557837,0.7119177132472394,80.0,121.70070636272989,243.4232828172408,629,0.30263733863830566,935.4260864257812,248.0347518891096,2.719601631164551,223.5468953056781
0.004037034697830677,-0.007252576597966254,-0.022342093288898468,0.005462693398618761,0.714257001876831,0.655495835840702,0.5820506811141968,0.027840327357116838,80.0,5.575899600982666,2.7191787004470824,1.6817371845245361,0.7562006647846963,-0.0038682643882639238,0.7110885071307419,80.0,121.61413029620607,243.25021848928554,630,0.21347713470458984,11.165143966674805,5.465972471237182,3.3931336402893066,1.5089476986741315
0.05130467563867569,0.0013763102702796458,-0.014914870262145996,0.012397018110116832,0.6957429051399231,0.6393761016428471,0.5783370137214661,0.029180894625545822,80.0,3.5026893615722656,0.785865243896842,0.3590889871120453,0.574879484214321,-0.0038332279976166323,0.7109115116745234,80.0,121.47536731708236,242.97261891933158,631,0.32842302322387695,7.017607688903809,1.5817653976380825,0.7343611121177673,1.153433322854381
0.010699658654630184,-0.0084469064604491,-0.0307206641882658,0.008703107689047111,0.6304172277450562,0.5528514884412289,0.4997316002845764,0.02793060747957906,80.0,2.175173044204712,0.7592028200626373,0.35986489057540894,0.3290816748012555,-0.003872908617457142,0.7102728832438587,80.0,121.29904470306823,242.6200402810238,632,0.299152135848999,4.361649513244629,1.546356488019228,0.753780722618103,0.6513231947706946
0.01649518311023712,-0.00298888468532823,-0.02057875692844391,0.007981779615119502,0.6361503601074219,0.5625018570572138,0.4903605282306671,0.027519036652311268,80.0,2.9283981323242188,0.8172253247350454,0.38083428144454956,0.5014593072559118,-0.0038891383279988077,0.7081993070803583,80.0,110.56498202055508,221.1519059425853,633,0.1997373104095459,5.868904113769531,1.6516784608364106,0.7801574468612671,0.9992831109568838
0.01145421713590622,-0.0030639559379778804,-0.027136342599987984,0.008163093018099189,0.6525462865829468,0.5895935207605362,0.5292788743972778,0.025932066580119848,80.0,4.3915019035339355,0.7428717335686088,0.19672971963882446,0.882508249736575,-0.003906324844196206,0.7053392654694616,80.0,94.4620836924501,188.94608638907968,634,0.21070528030395508,8.798070907592773,1.5036632407456636,0.3949771523475647,1.7592738493187448
0.012956414371728897,-0.0039748482347931715,-0.025182349607348442,0.006499918035375636,0.8407105803489685,0.7823515795171261,0.7204101085662842,0.02454900709408204,80.0,14.31740665435791,2.201288164407015,0.6109766960144043,2.9402538675554837,-0.003938708113593747,0.7045961701013148,80.0,94.45557187521088,188.9331126591116,635,0.20326876640319824,28.650577545166016,4.426173079013824,1.2386460304260254,5.875657761571158
0.017571639269590378,-0.003962976706679911,-0.021323848515748978,0.006443180172270203,0.6826068162918091,0.6180339872837066,0.5589951276779175,0.026545918192117532,80.0,8.125141143798828,1.8558692518621682,0.3865085244178772,1.526192877496257,-0.003939228076982544,0.7038692370317876,80.0,94.43846164360644,188.89887869706007,636,0.4440031051635742,16.262208938598633,3.7320251144468783,0.8104443550109863,3.049522963542526
0.011423181742429733,-0.009106055006850512,-0.024834303185343742,0.007805089863833575,0.47105222940444946,0.4214538190513849,0.35511794686317444,0.025273470259077294,80.0,2.3578639030456543,0.906435277312994,0.5028131008148193,0.34849987538283766,-0.004032898806006414,0.7016827181428671,80.0,94.43663345649466,188.89536593372372,637,0.30388331413269043,4.723084449768066,1.8395117431879044,1.0172160863876343,0.6902451191736231
0.048762451857328415,-0.004986552387708798,-0.028814144432544708,0.011131563756882745,0.4225960373878479,0.37145139798522,0.308672696352005,0.023905232247053522,80.0,3.9470601081848145,0.7672050513327122,0.27452123165130615,0.7545455682616657,-0.0040007117274508345,0.6995174836441875,80.0,94.43674305609615,188.89547745400668,638,0.19369769096374512,7.901851654052734,1.5518122233450413,0.570950984954834,1.504488514964652
0.013669855892658234,-0.004157852914067917,-0.023203516378998756,0.007417759870686265,0.8553899526596069,0.8081316187977791,0.7602277994155884,0.021369612431189663,80.0,3.899465560913086,1.3705983698368072,0.6204957962036133,0.6949069389454182,-0.004015154052875005,0.7027629122771323,80.0,94.44434943483022,188.91078400471807,639,0.23891091346740723,7.814527988433838,2.765675078332424,1.2488136291503906,1.384537921648098
0.0040433816611766815,-0.003212717786664143,-0.01600801572203636,0.004367589714626762,0.8281247615814209,0.7842448197305203,0.7310003638267517,0.021154181466314512,80.0,4.80525016784668,1.3298050336539746,0.6568708419799805,0.7779558592311641,-0.003976381075859536,0.7057113117314874,80.0,94.44348580085112,188.90903815889357,640,0.2616293430328369,9.627973556518555,2.6817203924059867,1.3220083713531494,1.5531731519256844
0.011500032618641853,-0.005098925594938919,-0.02441517449915409,0.007674340575496205,0.8553504943847656,0.8296646110713481,0.7884573936462402,0.014685217740075144,80.0,5.520336151123047,1.1036744222044945,0.47081005573272705,0.9308476186150786,-0.00400958515482489,0.706973171774298,80.0,94.42927190991117,188.88070202251527,641,0.3305478096008301,11.057672500610352,2.2341399751603603,0.9348809123039246,1.8576868895046024
0.023771610110998154,-0.0041474093741271645,-0.019686313346028328,0.007420494887207733,0.8982517123222351,0.8538574822247028,0.8198645114898682,0.020097866789049346,80.0,25.494802474975586,4.114078506827354,1.4304898977279663,4.258291969115367,-0.003974763972975779,0.708978670630604,80.0,94.455648860652,188.9334263915345,642,0.2013225555419922,51.00599670410156,8.2535289645195,2.871065378189087,8.51400620908939
0.013219229876995087,-0.002702287852298468,-0.018115786835551262,0.006809318242278409,0.7424660325050354,0.6893703393638134,0.6376060247421265,0.02076210534953235,80.0,15.843955039978027,4.805708830058575,1.8628932237625122,2.5043627016282706,-0.0039562524323118855,0.7119426100067793,80.0,94.49771687344834,189.0175846728236,643,0.21149754524230957,31.70184326171875,9.630609640479088,3.7571523189544678,5.005089073329963
0.0069863926619291306,-0.002271764352917671,-0.01217434648424387,0.004023617357213775,0.6847656965255737,0.6295246466994285,0.5823743343353271,0.023343407091840768,80.0,55.88041687011719,13.61362265944481,5.80161714553833,9.330128591649672,-0.00396665306261275,0.7137877226248383,80.0,94.61603268571942,189.25427400206033,644,0.2193915843963623,111.7713851928711,27.244379448890687,11.613405227661133,18.65773282416831
0.003686695359647274,-0.005135398259153589,-0.016134090721607208,0.004695681519033351,0.6811525225639343,0.619875455647707,0.5587316751480103,0.02617826029919361,80.0,65.81396484375,21.328359055519105,10.470521926879883,10.971007410659904,-0.003970060235762503,0.711751293480396,80.0,94.81515598871185,189.65248669171334,645,0.26673460006713867,131.6403350830078,42.67938618659973,20.969966888427734,21.938464437531017
0.01199763547629118,-0.0009891527122817933,-0.01202476117759943,0.0038972883098644553,0.8131793737411499,0.7594136945903301,0.7114841938018799,0.022217676276072407,80.0,679.2947998046875,366.6988075256348,73.87562561035156,149.76312757682615,-0.003932291098462884,0.7100452767163514,80.0,98.46944536458328,196.96095579962432,646,0.21288442611694336,1358.5804443359375,733.4147830963135,147.76307678222656,299.52543612252714
0.013307714834809303,0.00018418719409964978,-0.009696458466351032,0.003920591388476073,0.8734868764877319,0.8215373106300831,0.7833352088928223,0.02046543470778195,80.0,1546.8424072265625,818.598387336731,248.6651153564453,269.34345241145326,-0.0038731251314748083,0.7089253121167419,80.0,106.64595961515232,213.3138435102403,647,0.3116776943206787,3093.69580078125,1637.2128311157226,497.34674072265625,538.6841976070577
0.016099292784929276,-0.0020021988078951836,-0.014940954744815826,0.005966106332257299,0.8469440340995789,0.8143176026642323,0.7754830718040466,0.015312433169445142,80.0,9.681361198425293,2.48738230317831,1.659218668937683,1.053159463200534,-0.003888648609921802,0.7085722951516508,80.0,106.6423300260715,213.30660831913352,648,0.3081655502319336,19.378978729248047,4.995055404305458,3.36450457572937,2.1047428448458967
0.004396321251988411,-0.0034273468423634767,-0.018873631954193115,0.004907395637809812,0.6052557229995728,0.5302393469959498,0.4794090986251831,0.023411638327941884,80.0,10.07513427734375,2.5091282725334167,1.1634502410888672,1.3508133558109539,-0.003871309638605453,0.7082212985716759,80.0,106.57412907234949,213.1701647133529,649,0.3078584671020508,20.16143035888672,5.035716032981872,2.3340301513671875,2.698011553843253
0.01728835515677929,-0.0060688137309625745,-0.030234089121222496,0.00810869650322181,0.6805395483970642,0.6260576330125331,0.5579169988632202,0.02708814705767709,80.0,6.7839860916137695,1.22269129678607,0.563132643699646,1.1160861093680032,-0.0038907006723457017,0.708872745167464,80.0,106.40007540724054,212.82210919745268,650,0.30907702445983887,13.579713821411133,2.4700413689017298,1.1460306644439697,2.22734294823635
0.010896660387516022,-0.009431598393712192,-0.029793310910463333,0.007543462831925541,0.5413141846656799,0.47599921114742755,0.3952914774417877,0.027176757334211876,80.0,2.744032621383667,1.0134553357958793,0.5257964134216309,0.3754315569900029,-0.003949405174411368,0.7078592984303833,80.0,106.19455930354074,212.41117412984372,651,0.30591368675231934,5.498051166534424,2.0552938506007195,1.0970948934555054,0.7433637074472557
0.04330579936504364,-0.004477599944220856,-0.03454528748989105,0.012916050239939404,0.6159052848815918,0.5519880548119545,0.4825499653816223,0.028894875234762207,80.0,3.974226713180542,0.9220307517796755,0.3309372365474701,0.6068215006601169,-0.003971437034604605,0.704938848361373,80.0,96.59880836243181,193.2196579905599,652,0.30675649642944336,7.959071159362793,1.8640564665198327,0.70539391040802,1.2086251094068081
0.011522196233272552,-0.005707701423671096,-0.027125336229801178,0.008252909598535241,0.6783110499382019,0.6068889364600182,0.5366226434707642,0.02867205969407345,80.0,4.475738525390625,0.9012015551328659,0.3136999309062958,0.9118139094990133,-0.004013786210736726,0.7022453144639731,80.0,82.41849750200657,164.85906712781642,653,0.42119407653808594,8.962862014770508,1.8259562976658343,0.6472122669219971,1.8179956463537217
0.007192086428403854,-0.005929649865720421,-0.03115927428007126,0.007235310067743937,0.8407086730003357,0.777845585346222,0.724646806716919,0.02274928309442166,80.0,14.917888641357422,2.570739009231329,0.6557062864303589,3.152012425168688,-0.004044598275388126,0.7016828295513988,80.0,82.41919515027107,164.86051279886811,654,0.3421299457550049,29.848878860473633,5.168894219398498,1.3892379999160767,6.29770613083777
0.023594507947564125,-0.00681607355363667,-0.02887672930955887,0.009092535274079494,0.6782255172729492,0.5853874646127224,0.503032922744751,0.03493390495951616,80.0,7.651395320892334,1.6166275370866061,0.37603142857551575,1.3373082355168744,-0.0040831763953319755,0.7012932314574719,80.0,82.41477197130396,164.8517358051315,655,0.3308451175689697,15.311535835266113,3.258594961464405,0.7987684607505798,2.669473968863457
0.016979172825813293,-0.008103734953328967,-0.029206717386841774,0.009026304393083447,0.4575381278991699,0.3816236574202776,0.32594937086105347,0.029693820096474626,80.0,1.7847005128860474,0.7760504618287086,0.3673859238624573,0.3306856340842639,-0.004082634727470577,0.6991254225857557,80.0,82.40715390613305,164.8364552355111,656,0.3347017765045166,3.5770461559295654,1.5759408704936504,0.7584108114242554,0.6571781815480281
0.009102117270231247,-0.005896948528243229,-0.023233551532030106,0.006382459104921729,0.5256704688072205,0.44568966180086134,0.38415250182151794,0.03021628565394439,80.0,5.610035419464111,1.1992144457995892,0.4094620645046234,0.8738030037503279,-0.00405972138204379,0.697864382956177,80.0,82.41128854537011,164.8446534665302,657,0.32921385765075684,11.229036331176758,2.4191365726292133,0.8514267802238464,1.7446094279086626
0.008356843143701553,-0.004690170875983312,-0.019808370620012283,0.005543273460404959,0.7848069667816162,0.744408642500639,0.6780545115470886,0.020186224552231923,80.0,7.871809959411621,1.8259431689977645,0.756295919418335,1.3311340684095843,-0.004097255763364956,0.6995194740481674,80.0,82.42527015629412,164.87272485886893,658,0.3301582336425781,15.75832748413086,3.6761548444628716,1.5524678230285645,2.6580497877350022
0.017700448632240295,-0.0022905470570549367,-0.01531922910362482,0.006801387119292939,0.8334948420524597,0.7899811990559101,0.7293620109558105,0.02148803361253194,80.0,4.362883567810059,1.2284923128783702,0.6381701827049255,0.6159030354525703,-0.00408339761395473,0.701410889092833,80.0,82.42151603928211,164.8652267365642,659,0.43824243545532227,8.741839408874512,2.477365326881409,1.3136541843414307,1.2304859928210943
0.06746913492679596,0.002710150775965303,-0.019866548478603363,0.013247601083116815,0.8885665535926819,0.8501036234200001,0.8073902130126953,0.019836799655629456,80.0,6.247950077056885,1.325047964602709,0.565273106098175,0.98243630291296,-0.003985170072759502,0.7024683504290878,80.0,82.40504607602212,164.83211150464788,660,0.2801089286804199,12.512337684631348,2.661677694320679,1.1577584743499756,1.9642284437607203
0.01099932286888361,-0.00443641243618913,-0.022132543846964836,0.006373299498945673,0.9235472679138184,0.8808852672576905,0.8420983552932739,0.01789130124091289,80.0,18.113065719604492,2.4543389312922956,0.7506852149963379,3.2624473468172472,-0.003965400926186704,0.7054139636643232,80.0,82.41653207067031,164.85510286781565,661,0.3084721565246582,36.2433967590332,4.93516838401556,1.5519027709960938,6.521690850814956
0.011337350122630596,-0.0009778054372873157,-0.012101845815777779,0.005292333146487713,0.7304154634475708,0.6829862296581268,0.6351757049560547,0.021621042023183018,80.0,14.768804550170898,7.3021100729703905,3.058379888534546,2.1698398234084033,-0.003951144551392644,0.7085337530970576,80.0,82.48488323230113,164.99183907489106,662,0.2548105716705322,29.551559448242188,14.619835555553436,6.1343231201171875,4.339287769086542
0.006632305681705475,-0.0036095695861149578,-0.015457376837730408,0.005337442841139786,0.676362931728363,0.6231458157300949,0.536810040473938,0.027032837537855382,80.0,50.82521057128906,11.217457604408263,5.705535888671875,7.941032509107096,-0.003953697988588829,0.7090210749655962,80.0,82.5873516697828,165.19679080508274,663,0.3846595287322998,101.66288757324219,22.454597449302675,11.436493873596191,15.878602643384479
0.009014405310153961,-0.0034191806335002184,-0.02173079550266266,0.005233088459198614,0.7229522466659546,0.6674061335623265,0.5961952209472656,0.025178068207154274,80.0,55.94190216064453,22.28414475917816,13.298959732055664,6.904162817827044,-0.0039160011905478315,0.7074460638687015,80.0,82.80047116358023,165.6229228967689,664,0.21509051322937012,111.8970947265625,44.58847577571869,26.617490768432617,13.805344924312864
0.007294699549674988,-0.003892040014034137,-0.015581849031150341,0.0050424015354266685,0.833750307559967,0.7802168793976307,0.7278921604156494,0.022973354459309946,80.0,1033.1253662109375,449.77325983047484,99.39409637451172,196.664911217908,-0.003897044269659091,0.7057668058872223,80.0,87.2868313529175,174.59557178675757,665,0.19515562057495117,2066.275146484375,899.5699090957642,198.81605529785156,393.32970545364
0.014464594423770905,-0.0015343803388532251,-0.013579927384853363,0.004659049174272562,0.8343307971954346,0.8018322922289371,0.757075846195221,0.017929230525646253,80.0,1289.8262939453125,652.8722444534302,130.96292114257812,239.25668611593767,-0.0038638548468006777,0.7040765426009894,80.0,93.79989120509292,187.6215913464092,666,0.1991252899169922,2579.6748046875,1305.7635982513427,261.9441223144531,478.51101937259364
0.035714492201805115,-0.0018879976938478648,-0.021142562851309776,0.010104544081721237,0.8608470559120178,0.797665336728096,0.7512232661247253,0.02019407496236068,80.0,6.587275981903076,2.6098838061094285,1.638512134552002,0.6396322056651499,-0.0038374366036150603,0.7034595350697636,80.0,93.78101033148731,187.5837644224428,667,0.19567394256591797,13.193197250366211,5.239496970176697,3.327880859375,1.2789627497533496
0.006008803844451904,-0.005690925341332332,-0.017886877059936523,0.0053458966397317564,0.644174337387085,0.6012416303157806,0.5426615476608276,0.022660654347089464,80.0,5.7697906494140625,2.329097993671894,1.4821170568466187,0.787614728799097,-0.003829195490630809,0.7030352386757732,80.0,93.71436090796254,187.45044060632216,668,0.19505882263183594,11.551469802856445,4.681602674722671,2.980973243713379,1.5704850990794887
0.019140467047691345,-0.008644384850049392,-0.036603718996047974,0.010244561833259115,0.7453764081001282,0.6743817746639251,0.6133522391319275,0.029757798189806024,80.0,3.4231011867523193,1.2922631204128265,0.5764253735542297,0.5942529710534888,-0.0038644576158840204,0.7035148741826416,80.0,93.61501535110735,187.25182960915194,669,0.1978898048400879,6.8621625900268555,2.615302637219429,1.2195883989334106,1.1809319648349303
0.03375539928674698,-0.003320621815510094,-0.024334639310836792,0.00929338313079308,0.6276249289512634,0.5496146064251661,0.44981229305267334,0.034666798280552094,80.0,3.5753183364868164,0.7556333798915148,0.38805076479911804,0.48761210482228573,-0.0038636540317093016,0.7024948428981008,80.0,93.41231453938224,186.84640597766264,670,0.20153141021728516,7.1613383293151855,1.528900283575058,0.8016895651817322,0.9741813485216134
0.041660867631435394,0.0005880126729607583,-0.018746817484498024,0.00960307283229475,0.6781107187271118,0.5832217033952475,0.4780522882938385,0.03657413328633684,80.0,2.6525189876556396,0.7559095945209264,0.29240578413009644,0.47552172532100445,-0.0038197055870550674,0.6994471333622934,80.0,82.44273533347808,164.90709871526434,671,0.19629526138305664,5.293736457824707,1.522307588905096,0.5609639883041382,0.9435406067419349
0.046507976949214935,-0.016956515377387404,-0.044011734426021576,0.01573317030143245,0.595172643661499,0.5444183208048343,0.46881309151649475,0.024385850207708563,80.0,11.057242393493652,2.3470404624938963,1.0849815607070923,1.7340454434221608,-0.003977900524216238,0.6963404287919402,80.0,72.74257533267698,145.50703304772452,672,0.19541525840759277,22.12735366821289,4.738882312178612,2.2546114921569824,3.459092708472726
0.009191704913973808,-0.00533485421910882,-0.02222030982375145,0.006797257468786175,0.7925845980644226,0.7300174489617348,0.6591997146606445,0.02643897653175547,80.0,8.48909854888916,1.2805916365236043,0.4400274157524109,1.3781808359304732,-0.004002529421297368,0.6955403709858656,80.0,72.72625675507075,145.4744291494526,673,0.1876678466796875,16.992752075195312,2.586453337967396,0.884508490562439,2.7528131949440406
0.012326480820775032,-0.00443807509727776,-0.02019914612174034,0.00686978207798523,0.6113790273666382,0.5519264463335276,0.47638940811157227,0.026887769425160538,80.0,9.009696960449219,1.5672308854758739,0.5808970332145691,1.3389289252538852,-0.003973623538215179,0.6947362868972122,80.0,72.72312383900767,145.4680894239135,674,0.19705748558044434,18.030467987060547,3.154376445710659,1.1935654878616333,2.6748042979409585
0.01843506284058094,-0.004103474080329761,-0.02164926379919052,0.007735175777029516,0.4052063226699829,0.3664155337959528,0.3144404888153076,0.02405075845120366,80.0,2.2256031036376953,0.5509153209626675,0.26983726024627686,0.37760632001930455,-0.0039494829704053705,0.6917929077669979,80.0,72.72223437792621,145.46620335303618,675,0.19243383407592773,4.457711219787598,1.1173659034073353,0.5749518871307373,0.7512339539546928
0.016547897830605507,-0.007824221905320883,-0.030174285173416138,0.010169671586470887,0.5572556853294373,0.4919456660747528,0.43837493658065796,0.02804436696550963,80.0,4.341635704040527,0.9181070923805237,0.4724300503730774,0.5821739259570723,-0.003978682794317138,0.6896059323772787,80.0,72.72552187238074,145.47279300202058,676,0.19378352165222168,8.692038536071777,1.8617015391588212,1.0004074573516846,1.1599073604821664
0.005007641389966011,-0.005273940949700772,-0.01491466537117958,0.0047524592580734494,0.8209089040756226,0.7681355893611908,0.7217561602592468,0.02028764813047389,80.0,4.517873287200928,1.606128915399313,0.7093205451965332,0.6917119445488449,-0.003973909128282685,0.6905364075601103,80.0,72.73447470466978,145.49070772875473,677,0.1996443271636963,9.051177978515625,3.238168419897556,1.4510703086853027,1.3798919160399292
0.019210029393434525,-0.004310985852498561,-0.016117189079523087,0.006123671102855961,0.8972898721694946,0.8512929730117321,0.8073785305023193,0.01976477351490025,80.0,4.2598395347595215,0.9010060954838991,0.38531389832496643,0.6938809151037031,-0.003955434092727955,0.6922034668624403,80.0,72.73461118427477,145.49097707916425,678,0.19818830490112305,8.53747272491455,1.8276600241661072,0.7919324636459351,1.3846086054934372
0.024284260347485542,-0.001738771825330332,-0.02270624414086342,0.008511342859155764,0.8974020481109619,0.8463578708469868,0.7819518446922302,0.02138652726516379,80.0,6.6894917488098145,1.3825165301561355,0.6098023056983948,1.1733026305784504,-0.003961937641957775,0.6926997297704222,80.0,72.72760512801818,145.4769878992848,679,0.20161962509155273,13.406641006469727,2.78543776422739,1.2646781206130981,2.342439426279164
0.006158439442515373,-0.005777330667478963,-0.01630648598074913,0.0052990149677432765,0.818769633769989,0.7649054318666458,0.7227265238761902,0.01802325278986301,80.0,16.915735244750977,3.2882412388920783,0.9817290306091309,2.7254370314936165,-0.003940163312363439,0.6940164791345598,80.0,72.74952389756031,145.52080822375788,680,0.19959330558776855,33.847373962402344,6.603335154056549,1.9963912963867188,5.447155526998942
0.004397734999656677,-0.0023431101464666424,-0.014337459579110146,0.0041306913562480325,0.5749697685241699,0.5277125172317028,0.4791039824485779,0.02227648220926151,80.0,12.346537590026855,4.596785777807236,2.2294442653656006,1.6466262105863694,-0.003908667333482299,0.6949217962510886,80.0,72.7893231099639,145.60036176238583,681,0.19731354713439941,24.70340347290039,9.208811962604523,4.48580265045166,3.290787102908184
0.009863559156656265,-0.004377568484051153,-0.01805819384753704,0.0049887934263395705,0.6767847537994385,0.6013393573462963,0.5349258184432983,0.028562821765715722,80.0,68.20069885253906,22.74286618232727,10.543496131896973,10.345578406557127,-0.003918093635467812,0.6941014096550644,80.0,73.00676197985372,146.0352419470288,682,0.1951751708984375,136.4141082763672,45.506514286994936,21.102224349975586,20.688218113420117
0.003928903490304947,-0.005400616693077609,-0.014127209782600403,0.004292962693967642,0.6500860452651978,0.6055141784250736,0.5506108999252319,0.019644092348467347,80.0,48.46891403198242,25.979546976089477,15.023199081420898,7.111032670606789,-0.003926458319707307,0.6915383662246167,80.0,73.258337678181,146.53835881159827,683,0.18643569946289062,96.94978332519531,51.98200540542602,30.073959350585938,14.218891317188016
0.011486509814858437,-0.005817210825625807,-0.026372160762548447,0.007365163402114424,0.8389941453933716,0.791360904276371,0.7498073577880859,0.019661779808334702,80.0,911.6192016601562,468.04778003692627,152.2336883544922,193.48593885595807,-0.003951655987242703,0.6904704208485782,80.0,77.92715821004099,155.87602885436638,684,0.1978456974029541,1823.254150390625,936.1230159759522,304.50244140625,386.97371755999353
0.014975767582654953,0.00011358810588717461,-0.013629074208438396,0.005933483138244475,0.8337377905845642,0.805815514922142,0.7673292756080627,0.014123481084705554,80.0,863.8718872070312,379.7725688934326,87.4639663696289,166.37345665776704,-0.0039054260289412917,0.6893337470479309,80.0,81.70820830714143,163.43801376588272,685,0.19650983810424805,1727.7596435546875,759.5610179901123,174.93783569335938,332.74583194954863
0.012237435206770897,-0.004554978554369882,-0.019221723079681396,0.0070914624333651664,0.7942500114440918,0.7252225235104561,0.674756646156311,0.020966567409650097,80.0,6.687321662902832,3.061807060241699,2.120938539505005,0.8476815099207294,-0.003907679876254406,0.6879762994311749,80.0,81.69499382702446,163.41156216491387,686,0.27611851692199707,13.38960075378418,6.147228538990021,4.260019302368164,1.692464847296127
0.018324296921491623,-0.0032419182476587593,-0.017672352492809296,0.006631055283592289,0.6208913326263428,0.5684786193072796,0.500622570514679,0.02824605786691754,80.0,5.538026332855225,1.404207529872656,0.778836190700531,0.8059219815854384,-0.003925845276738981,0.6869952148981393,80.0,81.59760303580947,163.21679729272054,687,0.26115894317626953,11.086981773376465,2.826268458366394,1.5881528854370117,1.6083111744363985
0.02640189230442047,-0.004207790858345106,-0.036819323897361755,0.01158323800487543,0.7630199790000916,0.6651035420596599,0.6028310060501099,0.027841294195069297,80.0,4.541694641113281,0.8288443278521299,0.33056139945983887,0.8319376042364551,-0.003944866954960161,0.6874556017853319,80.0,81.49742791934125,163.0164943097569,688,0.3283731937408447,9.095809936523438,1.6794063054025172,0.7234122157096863,1.6588346201093338
0.04334373027086258,-0.008585305395536124,-0.03399932384490967,0.013700998848814764,0.6191371083259583,0.5406579524278641,0.4244818687438965,0.0345440983924154,80.0,2.794137477874756,0.9025641616433859,0.39922741055488586,0.4191030880797404,-0.003981421766424319,0.6860422997362912,80.0,81.30374997986294,162.62918327454852,689,0.3202967643737793,5.601848602294922,1.8331120915710926,0.8464357852935791,0.8346625226580681
0.011564424261450768,-0.010001933376770467,-0.027838129550218582,0.007269817392641506,0.5595110058784485,0.5079038288444281,0.45337432622909546,0.021629758496147154,80.0,2.8551623821258545,0.917355690151453,0.4659886956214905,0.43332623998423375,-0.004069321292539826,0.6825556166023017,80.0,71.84637936257012,143.71454814080522,690,0.22553420066833496,5.720181465148926,1.8648733139038085,0.9748185873031616,0.8603587220441433
0.02229255437850952,-0.008135881286580115,-0.028380829840898514,0.009671835109044515,0.6971781253814697,0.6537358880043029,0.5960421562194824,0.020760854876990396,80.0,5.637087821960449,1.027203907817602,0.43211984634399414,0.9456433843257447,-0.00414874035664252,0.6802074919566513,80.0,63.56392733682134,127.14975599734113,691,0.19650983810424805,11.287033081054688,2.083754289150238,0.8992974758148193,1.8854423557006073
0.009949170984327793,-0.004149330803193152,-0.019916195422410965,0.007021791799204836,0.7277156710624695,0.6613912083208561,0.594306230545044,0.026841282506867216,80.0,13.476090431213379,2.4024275176227095,0.6990641355514526,2.317905148198739,-0.004161264106835006,0.6781918118447066,80.0,63.55080161898024,127.12348929600044,692,0.19555139541625977,26.96605682373047,4.826381555199623,1.3923842906951904,4.632335261555396
0.015845388174057007,-0.008315744833089412,-0.03252223879098892,0.009842224400590452,0.6295187473297119,0.5520825251936913,0.47960227727890015,0.03345526148375814,80.0,2.7769861221313477,0.8306213349103928,0.3487958610057831,0.4836975119848008,-0.0042125791836588175,0.6775042667463422,80.0,63.53586959749646,127.09371413214876,693,0.2086787223815918,5.565874099731445,1.688915813714266,0.7454954981803894,0.9603496091579423
0.007475176826119423,-0.0088662488036789,-0.03031255677342415,0.007674433338693056,0.5107240676879883,0.44392191618680954,0.37165796756744385,0.030173993025939167,80.0,3.512049674987793,1.2511863216757775,0.7397939562797546,0.5176388404858537,-0.004261815964040579,0.675776717349887,80.0,63.53640035419352,127.09483956815674,694,0.2125988006591797,7.032427787780762,2.52898358553648,1.5096405744552612,1.0299597959883389
0.010968398302793503,-0.004175508022308349,-0.02031349204480648,0.006629107614297117,0.6932217478752136,0.6298753589391708,0.5615730285644531,0.028223176028166406,80.0,4.798666477203369,0.9880220662802458,0.41596177220344543,0.7642315496426524,-0.004254651469556847,0.6757672075927259,80.0,63.53871152287163,127.09944738617912,695,0.33412933349609375,9.609931945800781,1.996992651373148,0.8458591103553772,1.5253541735352236
0.009755801409482956,-0.007697091973386705,-0.02662968635559082,0.0067962092061396905,0.8477718830108643,0.8052171789109707,0.7610940933227539,0.018617898069357434,80.0,5.36696720123291,1.1772110998630523,0.6456944346427917,0.8271552480135922,-0.004352096446178621,0.6776585416644814,80.0,63.543144165700305,127.10854538843407,696,0.3407173156738281,10.749497413635254,2.3859207168221475,1.3177909851074219,1.6483165840164473
0.0820702612400055,0.003364211699226871,-0.0165160670876503,0.01475499941165208,0.9086897969245911,0.8637055434286595,0.7914585471153259,0.020549024748629158,80.0,7.075366497039795,1.607577071338892,0.8376847505569458,1.0742961618370572,-0.004248353664326715,0.6797742408961058,80.0,63.54747119489498,127.11703427522257,697,0.3887460231781006,14.168612480163574,3.2256998240947725,1.697329044342041,2.1517153583786857
0.10618745535612106,0.011446083389455453,-0.016254253685474396,0.027966102264634536,0.8774316310882568,0.833820678293705,0.7581124305725098,0.02618309123736164,80.0,25.94560432434082,3.9929924592375756,1.3691456317901611,4.060725628576959,-0.004043561678641709,0.6804502550512552,80.0,63.56656133705191,127.15481849526242,698,0.328174352645874,51.9083137512207,7.979769107699394,2.773054599761963,8.108106115695778
0.013006316497921944,-0.004224820423405618,-0.026290521025657654,0.006978166908215042,0.8595337271690369,0.7824796676635742,0.7308698892593384,0.020614296486617455,80.0,24.43915557861328,5.5229514554142956,1.8459254503250122,4.127319696952528,-0.004057764232944464,0.6829900147356094,80.0,63.60786787101812,127.2375107630752,699,0.328474760055542,48.893985748291016,11.070002096891404,3.720154047012329,8.250305475557276
0.007437762804329395,-0.0033853260392788798,-0.013942636549472809,0.004704036804374851,0.609635055065155,0.5589418306946754,0.5136297941207886,0.021086999050185306,80.0,46.62197494506836,12.139218336343765,5.270717620849609,8.414453843063859,-0.004081483710586326,0.6852549657300117,80.0,63.71927061651088,127.46040899197384,700,0.3262970447540283,93.25239562988281,24.29638614654541,10.570741653442383,16.826028798668602
0.005947738885879517,-0.0037335777713451536,-0.01907295733690262,0.005270219363307747,0.6700601577758789,0.5866774789988994,0.5266968011856079,0.02764151885764461,80.0,56.52036666870117,19.095160567760466,9.844293594360352,9.183600363057792,-0.004052548854117049,0.6847027689889074,80.0,63.89697569764219,127.81575023831051,701,0.3210573196411133,113.05201721191406,38.20952157974243,19.71893882751465,18.363880216466725
0.006529012694954872,-0.0032964086800348013,-0.021355856209993362,0.005612052736645855,0.7341225147247314,0.6697289846837521,0.6192203760147095,0.023528151374905548,80.0,130.2486114501953,44.25311195850372,24.978506088256836,21.598624568727814,-0.004057520713686245,0.6830520049631597,80.0,64.32625832371227,128.6742924139462,702,0.3040587902069092,260.5101318359375,88.52621083259582,49.996368408203125,43.193941071474
0.014673260971903801,-0.0011369887564796955,-0.014825593680143356,0.004480802659366146,0.7465777397155762,0.6991708151996135,0.629204273223877,0.02126906591589924,80.0,1157.87353515625,582.943603515625,164.1529083251953,211.1770414430145,-0.004040947188070277,0.6812903730496764,80.0,70.1454822892081,140.3126720118634,703,0.33605074882507324,2315.76025390625,1165.9034690856934,328.3246154785156,422.3530475215375
0.045110855251550674,0.0016405680682510138,-0.013662232086062431,0.009504023777128202,0.6933239102363586,0.64536067917943,0.5853419303894043,0.022920015004183177,80.0,271.0865783691406,66.19846033006907,1.2415128946304321,66.43808697292874,-0.003995890227524796,0.6787742056921124,80.0,70.78827238899282,141.59811177350207,704,0.34679174423217773,542.1570434570312,132.40654665231705,2.4842944145202637,132.87555077899842
0.033695392310619354,-0.0016806231578812003,-0.01791865937411785,0.008987077713988155,0.6419333219528198,0.6004918307065964,0.540593147277832,0.02163394940917762,80.0,3.9242746829986572,1.8675828143954276,1.1000676155090332,0.497324401092773,-0.004008224953402532,0.6764313660636545,80.0,70.73636611835472,141.49427704517169,705,0.3379340171813965,7.8605546951293945,3.750536724925041,2.2128891944885254,0.9895575712732889
0.03910581022500992,-0.00211960714077577,-0.04344650357961655,0.012206788659908088,0.6883417367935181,0.6371075935661793,0.5732365846633911,0.02542936680241284,80.0,3.1882622241973877,0.618623086810112,0.3000221252441406,0.44003770680449844,-0.0039996910367335655,0.6760022369772197,80.0,70.65151281456463,141.32454478802904,706,0.3358461856842041,6.389215469360352,1.2542275413870811,0.6272122859954834,0.8789250270189377
0.041529811918735504,-0.005703312356490642,-0.03201012313365936,0.015047323965105552,0.60650235414505,0.5247625466436148,0.454386442899704,0.028613395586486973,80.0,3.63284969329834,1.127613876760006,0.4148043394088745,0.46074449511941107,-0.004006541511713294,0.6744971332140268,80.0,70.47512317338398,140.97174910464508,707,0.31748032569885254,7.276148319244385,2.277129626274109,0.8698611259460449,0.9124793095817664
0.024005461484193802,-0.008442124380962923,-0.03486071899533272,0.010938169592124139,0.5403112769126892,0.4615570269525051,0.36861884593963623,0.03244703496090622,80.0,1.6966140270233154,0.5081179168075323,0.2667786478996277,0.23036059481265128,-0.004049464866315247,0.6721270827166737,80.0,70.16940550368464,140.3603522142954,708,0.3041501045227051,3.402190685272217,1.0423512272536755,0.58260178565979,0.4533268608974333
0.021069834008812904,-0.004067594843218103,-0.024554824456572533,0.009000273996231139,0.6065208911895752,0.5319914605468512,0.47156527638435364,0.029606683711102623,80.0,4.952303409576416,1.253053469210863,0.5401937961578369,0.7775341346880543,-0.00407563924146234,0.6685584206953645,80.0,60.15039316117948,120.3223085457869,709,0.30535364151000977,9.915491104125977,2.524881958961487,1.129981517791748,1.5497874070398763
0.011400284245610237,-0.00527365660527721,-0.02585454285144806,0.007369481179831432,0.768582820892334,0.7203814193606377,0.6627002358436584,0.026901160992040762,80.0,18.38912582397461,2.718449245393276,0.7364826202392578,3.4875703420784054,-0.004111041281576035,0.6664730576202273,80.0,54.931470747696224,109.88449284112825,710,0.29686808586120605,36.79783248901367,5.461853377521038,1.4976098537445068,6.9701400159357405
0.008057110011577606,-0.006072391773341223,-0.020284561440348625,0.005618010079501423,0.7369762659072876,0.6672438614070415,0.5974293351173401,0.02802075816330492,80.0,6.646117687225342,1.7635020598769189,0.7197179198265076,1.2092136090094374,-0.004172231235104846,0.6653875090777874,80.0,54.906920499565075,109.83549301316216,711,0.17902612686157227,13.305662155151367,3.552493764460087,1.4713455438613892,2.413919935728375
0.013531196862459183,-0.00807858532643877,-0.033068038523197174,0.01057370777382411,0.6016035079956055,0.5450583845376968,0.4855308532714844,0.02617473551170559,80.0,1.2800216674804688,0.43796390406787394,0.22195769846439362,0.2069342531333721,-0.004230385906150332,0.6654800454229117,80.0,54.89893868571334,109.81964754538984,712,0.20442676544189453,2.570070266723633,0.9029861453920602,0.4521523416042328,0.4083285789579494
0.010915634222328663,-0.005167132048518397,-0.02336668223142624,0.005975740446168197,0.4303220510482788,0.37416347973048686,0.31739601492881775,0.025266793857027018,80.0,6.125696659088135,0.9726523362100125,0.35951825976371765,0.9971713306473361,-0.004197267465642654,0.6628536553941667,80.0,54.90205883050152,109.82576907031984,713,0.3046116828918457,12.258764266967773,1.9631222136318685,0.7311290502548218,1.9904666455200555
0.006923774257302284,-0.005704686732497066,-0.019505145028233528,0.005952688114348056,0.8057902455329895,0.7579939581453801,0.7044779658317566,0.02341018201794493,80.0,6.2211713790893555,1.425700990855694,0.6759796738624573,0.9435760860247386,-0.00425523708970286,0.6648254241384567,80.0,54.90845435040258,109.83871548487993,714,0.2706174850463867,12.45732593536377,2.8779712453484536,1.3868504762649536,1.8830272624672206
0.0126219242811203,-0.00802387868752703,-0.029550326988101006,0.008346911957924245,0.8086748719215393,0.7495121248066425,0.6980170011520386,0.02428344150406862,80.0,3.3688697814941406,0.8905458662658929,0.48825809359550476,0.46739503709598146,-0.004392243697599042,0.6667041474469007,80.0,54.90828671647049,109.83869180485607,715,0.20715904235839844,6.753194332122803,1.8121297411620616,0.984981119632721,0.9298886369947152
0.11649123579263687,0.006831349682761357,-0.019155897200107574,0.02278844075174784,0.8503900766372681,0.8084114857017994,0.7440629005432129,0.023395188027216754,80.0,4.836104869842529,1.0580493792891503,0.5845772624015808,0.6684408650576702,-0.004206963865319267,0.6675746233798564,80.0,54.883433436894784,109.78863209566474,716,0.19842267036437988,9.689107894897461,2.1186042815446853,1.1129913330078125,1.3449820478015044
0.013285048305988312,-0.005331848014611751,-0.03401976823806763,0.00805721307952839,0.9209733009338379,0.8838660769164562,0.8497936725616455,0.01403373323670451,80.0,12.031615257263184,2.5361049592494966,0.9548428058624268,2.027594131002578,-0.004181104456190951,0.6694512006007136,80.0,54.87111893957295,109.76398891367016,717,0.20418524742126465,24.081151962280273,5.100550927221775,1.9491907358169556,4.048692034849908
0.02005700021982193,-0.0030936793016735466,-0.024019207805395126,0.008009621202557134,0.7114177942276001,0.6443676948547363,0.589499831199646,0.02604373989533567,80.0,14.291648864746094,3.9936292827129365,1.374645471572876,2.1565851775641782,-0.004144648318120744,0.6705553630739451,80.0,54.89873485368676,109.81916991291939,718,0.20401763916015625,28.596942901611328,8.00633329153061,2.7867002487182617,4.30934024339593
0.005764903500676155,-0.004063684039283544,-0.01871735230088234,0.004457926876881013,0.5953677892684937,0.5276236277073622,0.4675930440425873,0.02459461498713676,80.0,56.90959930419922,14.315008324384689,7.215662002563477,9.545190402737935,-0.004116038650216068,0.6724357511475683,80.0,55.03162324678339,110.0849270897731,719,0.2070298194885254,113.83091735839844,28.648696732521056,14.453091621398926,19.087367144962563
0.0072529129683971405,-0.003055575065081939,-0.01141783595085144,0.003696146018515939,0.6871229410171509,0.6102571129798889,0.5587919354438782,0.02565681646011086,80.0,58.82213592529297,19.373763954639436,11.612658500671387,8.320499436708875,-0.004103700085601303,0.6708378678709269,80.0,55.21409987208433,110.44982370565833,720,0.20728635787963867,117.65652465820312,38.76584420204163,23.243453979492188,16.639059903502677
0.009250907227396965,-0.0009740698558744043,-0.011181171983480453,0.0032594747952086923,0.7873698472976685,0.7353693261742592,0.6991323232650757,0.01871394694859438,80.0,719.992919921875,342.47891850471495,49.33577346801758,147.85520538312682,-0.004044302411028183,0.6689448818042876,80.0,58.62601206182875,117.27349139983953,721,0.20628762245178223,1440.000244140625,684.9744894981384,98.70094299316406,295.7088508230578
0.004258491098880768,-0.005222451890585944,-0.02064429596066475,0.00587391805731869,0.5863649249076843,0.5448117025196553,0.4815332293510437,0.019994458593303815,80.0,665.2885131835938,289.6442908287048,46.69485855102539,133.45303690400806,-0.004042942117084749,0.664793298996985,80.0,61.51089239380694,123.04316624760628,722,0.1859135627746582,1330.58447265625,579.3099164009094,93.42771911621094,266.90329964038153
0.002330958843231201,-0.014639073819853365,-0.0352964773774147,0.007669533967524367,0.5272825360298157,0.48828861452639105,0.4257407784461975,0.021283035699071324,80.0,6.167361259460449,3.994776037335396,2.7377161979675293,0.6518972456170183,-0.004110103418817744,0.660182967219502,80.0,61.516144310945634,123.05371219727397,723,0.19137859344482422,12.344764709472656,8.028595960140228,5.5149664878845215,1.300041678074461
0.014995075762271881,-0.004049450141610578,-0.017490670084953308,0.0077785966078115065,0.6235373616218567,0.5740999534726143,0.5188978910446167,0.021765665736438903,80.0,3.8100321292877197,1.4703097358345985,0.9281074404716492,0.44061453844093523,-0.004147874910966493,0.6573718844838442,80.0,61.4803627423141,122.98216838102041,724,0.19598054885864258,7.631745338439941,2.960200382769108,1.858866810798645,0.8766288610227839
0.013952333480119705,-0.005464098160155117,-0.023447919636964798,0.008285643176705881,0.6202800869941711,0.5419162414968014,0.48418837785720825,0.02564922356648872,80.0,1.7797008752822876,0.5538087908178568,0.2810312509536743,0.2847327129663702,-0.0041867064117686835,0.6561491581313313,80.0,61.37543876249901,122.77237363117189,725,0.20409178733825684,3.5705268383026123,1.1293841011822223,0.5999763011932373,0.564758688131089
0.020410608500242233,-0.005438108951784671,-0.022150224074721336,0.00834401850643592,0.6149948239326477,0.5565867781639099,0.4770877957344055,0.027054278497965586,80.0,2.2699029445648193,0.9115990396589041,0.4222215712070465,0.350879290474078,-0.004210476235370152,0.6553429281525314,80.0,61.04004056198335,122.10160864530503,726,0.1995224952697754,4.540490627288818,1.8452060393989087,0.8792291879653931,0.6961156148986873
0.018964214250445366,-0.0036405848513823003,-0.03367964178323746,0.009300804530268558,0.5924600958824158,0.515088114887476,0.4409716725349426,0.028548343569677167,80.0,2.368983745574951,0.8574577517807483,0.5378846526145935,0.30785353453913905,-0.0042199848600430415,0.6527212745659053,80.0,58.89195586873777,117.80540581201019,727,0.18994617462158203,4.746784210205078,1.7324984431266786,1.0790752172470093,0.6141695741962413
0.013657502830028534,-0.00442624309216626,-0.017484676092863083,0.0066863153478907925,0.6195365190505981,0.5672645352780818,0.5021793842315674,0.02575513271095989,80.0,6.638363361358643,1.0176431402564048,0.4919128715991974,0.9784053296531056,-0.004245125046873,0.6498753183297814,80.0,49.030873823883006,98.08323519623282,728,0.20601415634155273,13.288814544677734,2.0554840460419657,1.0024218559265137,1.9526441272476192
0.011179514229297638,-0.004490043548867106,-0.020596789196133614,0.006863723103815459,0.7663122415542603,0.7058699861168861,0.6392916440963745,0.02360894098005661,80.0,8.681988716125488,1.555101205408573,0.6017486453056335,1.6072965400099812,-0.004311275388638024,0.6472657676525414,80.0,47.806326505275436,95.63422067628802,729,0.2647228240966797,17.37816047668457,3.133299894630909,1.237093210220337,3.2103801299894674
0.017226848751306534,-0.006992080106283538,-0.028263729065656662,0.01032679070282648,0.600432276725769,0.5439858987927437,0.4871942698955536,0.02681930867600068,80.0,3.892003059387207,1.3673535995185375,0.5387950539588928,0.6919636790353294,-0.004308670423721197,0.6461506682820618,80.0,47.792808254266156,95.60715666215123,730,0.3059260845184326,7.796592712402344,2.75957105755806,1.1278623342514038,1.3802767306814452
0.07569229602813721,-0.0003795931930653751,-0.029836084693670273,0.016952966029123287,0.5083639025688171,0.39366116002202034,0.28932952880859375,0.042634693861620984,80.0,1.7185877561569214,0.6371777594089508,0.37774837017059326,0.2395701414467324,-0.004326229458354647,0.6436935188658535,80.0,47.79132137942127,95.6041688875556,731,0.3048703670501709,3.447342872619629,1.2829879380762577,0.7684316635131836,0.4827034941591979
0.017299190163612366,-0.005487497849389911,-0.019264638423919678,0.007156973702737892,0.6531118154525757,0.5987568259239197,0.5385602712631226,0.025793923313988235,80.0,6.779297351837158,1.2016103863716125,0.4516753554344177,0.9827139291443093,-0.004296635372244055,0.6441525722406805,80.0,47.79574545508436,95.6129670316279,732,0.30286312103271484,13.570737838745117,2.4261708952486516,0.9317196011543274,1.9607350220046147
0.008070558309555054,-0.006643560080556199,-0.019896620884537697,0.00628070587707171,0.7341183423995972,0.6858348436653614,0.6398800015449524,0.018714852665442445,80.0,4.587570667266846,1.8205961249768734,0.8774786591529846,0.5304435620088145,-0.004333182126196334,0.645385902106762,80.0,47.80577916308678,95.63313220764698,733,0.30762505531311035,9.189138412475586,3.6681960627436636,1.755377173423767,1.0587501803652302
0.02286124974489212,-0.0034509307180996983,-0.019473407417535782,0.008294983863858183,0.7359932661056519,0.6991769976913929,0.650671660900116,0.01630984170969022,80.0,3.3535256385803223,0.929722611606121,0.4358726441860199,0.44767000965909953,-0.004337051873997553,0.6464817368760706,80.0,47.80764767186715,95.63689888154342,734,0.30499792098999023,6.721279144287109,1.8803306303918361,0.9232538342475891,0.8948648613774186
0.013357570394873619,-0.0011631380417384206,-0.015179736539721489,0.005788460130554614,0.8574323654174805,0.8352347329258919,0.8007333278656006,0.012831082384324234,80.0,14.3201322555542,2.041213984042406,0.7732521891593933,2.4018394379590347,-0.004308934772067005,0.6470105684101582,80.0,47.80604693006352,95.63365174001828,735,0.28229737281799316,28.657798767089844,4.10145892649889,1.5601495504379272,4.802623447145929
0.009004123508930206,-0.004756506986450404,-0.01757388934493065,0.006711763616661907,0.8694323301315308,0.822414718568325,0.7578638195991516,0.022327462092592863,80.0,15.068835258483887,4.106510457396507,1.2789243459701538,2.2624308899999406,-0.00431687007486471,0.6490543757230044,80.0,47.828553342118866,95.6787213104926,736,0.31517577171325684,30.153839111328125,8.23898216187954,2.560596466064453,4.522675499450071
0.015003368258476257,-0.003970397595549002,-0.022336015477776527,0.006502130959228302,0.6423248648643494,0.5900273665785789,0.5356353521347046,0.024840507502493742,80.0,25.970252990722656,7.131094992160797,2.9065535068511963,3.3546258822465123,-0.004265513500751695,0.6507401111982763,80.0,47.89079993926734,95.80314550640807,737,0.3546721935272217,51.951927185058594,14.281931334733963,5.80120325088501,6.707826032212196
0.006983136758208275,-0.002992618328426033,-0.016160044819116592,0.0045720864408627096,0.661802351474762,0.6022125653922558,0.5541831254959106,0.02497187575792632,80.0,60.86328887939453,17.621453094482423,9.934710502624512,8.12851443222197,-0.004245574160158867,0.6530477228723466,80.0,48.059342419698844,96.14023674081638,738,0.3046581745147705,121.7376937866211,35.26093566417694,19.896467208862305,16.255305337973017
0.006230536848306656,-0.002351847622776404,-0.010355696082115173,0.003108278718263054,0.6604357957839966,0.606663903594017,0.5448400974273682,0.025505038959517914,80.0,51.81736373901367,24.95856568813324,15.379016876220703,6.383728110598045,-0.0042275141072459525,0.651033045720309,80.0,48.2952220928818,96.61191967451943,739,0.3116004467010498,103.64772033691406,49.933968448638915,30.77643585205078,12.766496626956185
0.017060665413737297,-0.0021065779583295807,-0.016521645709872246,0.00553057392777984,0.7508883476257324,0.7061589099466801,0.6537829041481018,0.02181885867772246,80.0,637.2553100585938,292.53125190734863,96.96174621582031,105.61019637143521,-0.004216452708962606,0.6502521866224708,80.0,51.20723656161875,102.43591087361052,740,0.3047630786895752,1274.524658203125,585.0808403015137,193.94198608398438,211.21884131212042
0.01636514440178871,-0.0009650735883042216,-0.021218890324234962,0.006923662992433503,0.45644134283065796,0.4095890671014786,0.3639276921749115,0.018858283320581554,80.0,531.80517578125,239.861817073822,52.304134368896484,102.239329192573,-0.0041751141888962595,0.646051431182772,80.0,53.59481798813492,107.21090707265958,741,0.3073406219482422,1063.62109375,479.7337598800659,104.64080810546875,204.47733056354488
0.016017459332942963,-0.005407095357077197,-0.020324863493442535,0.007090406508670607,0.4739852845668793,0.4252917967736721,0.3913439214229584,0.02041582704836096,80.0,4.288075923919678,2.64765405356884,1.7271437644958496,0.5691279130675049,-0.00418771104872576,0.6417657743282617,80.0,53.58015374360233,107.18151806425676,742,0.305605411529541,8.58498477935791,5.3146281242370605,3.5038187503814697,1.1361541967087079
0.0496358722448349,0.0014123501896392554,-0.025542128831148148,0.012304605297467961,0.5073385238647461,0.45756473802030084,0.4002014100551605,0.02404143647439962,80.0,1.8621463775634766,0.7987311374396086,0.3896685838699341,0.2595777926760958,-0.004146564668306383,0.6394477183148265,80.0,53.540083966676136,107.1012498565279,743,0.2190554141998291,3.730513334274292,1.6037888675928116,0.8118208646774292,0.5162211143799939
0.02980940043926239,-0.002631737862247974,-0.021868057548999786,0.009866283013308363,0.6507884860038757,0.5831265360116958,0.5084741115570068,0.027341281535144178,80.0,1.9482100009918213,0.4853076500818133,0.20196987688541412,0.3486243951674409,-0.004150164403399686,0.6389837372079492,80.0,53.40880081658251,106.83868147510289,744,0.17824459075927734,3.906116485595703,0.9875413063913584,0.42128506302833557,0.6947105842487706
0.010523177683353424,-0.00443163673626259,-0.01832681894302368,0.006037749649153935,0.5395063757896423,0.47069368958473207,0.40853261947631836,0.025860912845132807,80.0,2.458648920059204,0.7895920407027006,0.3711070716381073,0.37394565539677715,-0.004143126788170775,0.6374919195473194,80.0,53.20341314643435,106.42786222555488,745,0.2328329086303711,4.92702579498291,1.5974612317979335,0.7765223979949951,0.7441118265406941
0.0063524190336465836,-0.009079872345319017,-0.03287923336029053,0.008275658247372962,0.49707475304603577,0.4385747477412224,0.38043639063835144,0.024296926933855885,80.0,3.5702579021453857,1.172063723951578,0.5394393801689148,0.654418558406716,-0.0042240339845011484,0.6342835300788284,80.0,49.54814570841752,99.11742498145253,746,0.31492161750793457,7.149453163146973,2.371058686077595,1.1140804290771484,1.3011484489489928
0.015440985560417175,-0.004373137495713308,-0.02340002916753292,0.008014889176518566,0.6713013052940369,0.6188554897904396,0.5713784694671631,0.022959598170634504,80.0,4.848813533782959,0.8146011609584093,0.2848530113697052,0.9032529576431457,-0.004269607231399278,0.632256711870432,80.0,41.37030784665979,82.76179992738368,747,0.21892118453979492,9.70910358428955,1.650325708836317,0.6070985198020935,1.8024787731500895
0.016173871234059334,-0.0061244316981174055,-0.023161886259913445,0.006708645148247653,0.6438154578208923,0.5828794725239277,0.5229131579399109,0.025914450599416154,80.0,7.1628923416137695,1.6223291546106338,0.7708039283752441,1.319505165599568,-0.004310829560301499,0.6299423305690289,80.0,41.361657315174114,82.74453502126038,748,0.3317399024963379,14.337467193603516,3.2685647919774055,1.559679627418518,2.634429840867348
0.009063027799129486,-0.0037524717219639568,-0.021442094817757607,0.00652410950582885,0.5166746377944946,0.4473231516778469,0.3493688702583313,0.031453537184284064,80.0,3.0676376819610596,0.7617444287985563,0.3405953347682953,0.4915210641498172,-0.004314080809097505,0.6291131686158479,80.0,41.344183476736774,82.70957726360113,749,0.27045321464538574,6.144989967346191,1.5399402670562268,0.7097872495651245,0.9799700562805965
0.011096116155385971,-0.004313902358990163,-0.021066823974251747,0.007235544773596199,0.42056208848953247,0.36001086570322516,0.3095822334289551,0.026026630657360997,80.0,5.923794269561768,1.3707044698297977,0.5726166367530823,1.0158718315131683,-0.004296531695377781,0.6264527009427547,80.0,41.345663608467206,82.71244921956212,750,0.18959283828735352,11.853988647460938,2.7572369650006294,1.1728392839431763,2.0257205487315533
