collect_speed,collect_time,lens_stat/max,lens_stat/mean,lens_stat/min,lens_stat/std,n_collected_episodes,n_collected_steps,pred_dist_std_array_stat/0/max,pred_dist_std_array_stat/0/mean,pred_dist_std_array_stat/0/min,pred_dist_std_array_stat/0/std,returns_stat/max,returns_stat/mean,returns_stat/min,returns_stat/std,step
5857.70283013078,0.3496251106262207,135.0,25.533333333333335,8.0,31.165935820307972,15.0,2048.0,1.1912908554077148,1.0802868604660034,1.0163971185684204,0.02363445982336998,-91.97036175091978,-257.23931814459627,-1212.7069181267773,273.3728441407082,2048
6837.824195733611,0.29951047897338867,,,,,0.0,2048.0,1.163877010345459,1.0706787109375,1.0204519033432007,0.022586695849895477,,,,,4096
6009.41827268835,0.34079837799072266,,,,,0.0,2048.0,1.1729906797409058,1.081223964691162,0.9329735040664673,0.06408417224884033,,,,,6144
6048.734292359594,0.33858323097229004,,,,,0.0,2048.0,1.1946117877960205,0.9912219643592834,0.7927426099777222,0.08484447747468948,,,,,8192
6218.80409242415,0.32932376861572266,,,,,0.0,2048.0,1.1769291162490845,0.8755996227264404,0.7207837700843811,0.09378805011510849,,,,,10240
6251.448863996111,0.3276040554046631,224.0,123.55555555555556,21.0,75.53234937739681,9.0,2048.0,1.3544708490371704,0.9130465388298035,0.6642357707023621,0.1990041881799698,-235.35936308721676,-1333.984881157467,-2814.8086841535865,953.3965482643761,12288
6148.187911239245,0.33310627937316895,8.0,8.0,8.0,0.0,1.0,2048.0,1.3310281038284302,1.1856434345245361,0.6966187953948975,0.12138016521930695,426.4528990483256,426.4528990483256,426.4528990483256,0.0,14336
6056.214359189124,0.3381650447845459,141.0,141.0,141.0,0.0,1.0,2048.0,1.3050544261932373,1.1220448017120361,0.7058199048042297,0.1113249808549881,-239.137698115668,-239.137698115668,-239.137698115668,0.0,16384
6245.944171449928,0.3278927803039551,,,,,0.0,2048.0,1.2513792514801025,0.9522706270217896,0.613735556602478,0.1397029608488083,,,,,18432
6249.093068546307,0.3277275562286377,,,,,0.0,2048.0,1.2708048820495605,0.8536484241485596,0.6348506212234497,0.13412068784236908,,,,,20480
6034.774752951723,0.33936643600463867,,,,,0.0,2048.0,1.2040857076644897,0.8415489196777344,0.6527637839317322,0.10438012331724167,,,,,22528
6087.092567029391,0.33644962310791016,,,,,0.0,2048.0,1.0939178466796875,0.7498742938041687,0.6358792781829834,0.07184594124555588,,,,,24576
6178.493351056178,0.33147239685058594,,,,,0.0,2048.0,1.1004184484481812,0.7290403842926025,0.5807446837425232,0.11156395822763443,,,,,26624
6175.503977443063,0.3316328525543213,,,,,0.0,2048.0,1.0977593660354614,0.7147179841995239,0.5878004431724548,0.08211615681648254,,,,,28672
6180.631661048413,0.3313577175140381,,,,,0.0,2048.0,1.1421209573745728,0.7387415170669556,0.5836120843887329,0.0819833055138588,,,,,30720
6025.690113022885,0.3398780822753906,,,,,0.0,2048.0,1.1511105298995972,0.6511003971099854,0.5737335085868835,0.09549305588006973,,,,,32768
6084.690894640544,0.3365824222564697,,,,,0.0,2048.0,1.1297460794448853,0.6620035171508789,0.5489962697029114,0.12204847484827042,,,,,34816
6229.908278225906,0.3287367820739746,,,,,0.0,2048.0,1.2055771350860596,0.5969873666763306,0.5145220160484314,0.11029727756977081,,,,,36864
6264.359890580708,0.32692885398864746,,,,,0.0,2048.0,1.1299296617507935,0.5829017162322998,0.5006392002105713,0.059877343475818634,,,,,38912
6220.393772027712,0.3292396068572998,,,,,0.0,2048.0,1.1512311697006226,0.6328589916229248,0.5303444862365723,0.11394237726926804,,,,,40960
6160.008398901947,0.33246707916259766,150.0,110.66666666666667,62.0,36.52700675147393,3.0,2048.0,1.4354854822158813,0.8394602537155151,0.480840802192688,0.27860763669013977,4984.461303867172,4670.502278611232,4357.813754357643,255.82936820749907,43008
6232.860115123762,0.3285810947418213,,,,,0.0,2048.0,1.4387620687484741,0.966312050819397,0.5641431212425232,0.29973775148391724,,,,,45056
6266.750072225027,0.32680416107177734,,,,,0.0,2048.0,1.4161171913146973,0.974471926689148,0.6014552116394043,0.26904088258743286,,,,,47104
6246.879875730505,0.32784366607666016,,,,,0.0,2048.0,1.4142694473266602,0.9405268430709839,0.6143612265586853,0.24108940362930298,,,,,49152
6262.565026187782,0.3270225524902344,,,,,0.0,2048.0,1.4128190279006958,0.9255264401435852,0.5950254201889038,0.19863316416740417,,,,,51200
6187.207000024489,0.3310055732727051,,,,,0.0,2048.0,1.3975865840911865,0.8443204164505005,0.5965940952301025,0.17924794554710388,,,,,53248
6180.120288072061,0.33138513565063477,,,,,0.0,2048.0,1.2674145698547363,0.7634730339050293,0.5259771943092346,0.155734121799469,,,,,55296
6180.320380463132,0.3313744068145752,247.0,175.5,104.0,71.5,2.0,2048.0,1.432021141052246,0.746719479560852,0.4834549129009247,0.22219209372997284,5017.235281995942,4316.190101360347,3615.144920724752,701.0451806355952,57344
6158.913063304644,0.33252620697021484,136.0,136.0,136.0,0.0,1.0,2048.0,1.4493955373764038,0.8367977738380432,0.4810820519924164,0.28954020142555237,5676.6537307783265,5676.6537307783265,5676.6537307783265,0.0,59392
6181.401103305743,0.3313164710998535,245.0,126.0,7.0,119.0,2.0,2048.0,1.44978928565979,1.0105295181274414,0.47843024134635925,0.28762078285217285,6625.496616178058,5433.359571435985,4241.222526693913,1192.1370447420722,61440
6087.92087201803,0.33640384674072266,,,,,0.0,2048.0,1.4200917482376099,0.9559245109558105,0.5063424706459045,0.24833594262599945,,,,,63488
6065.506979975908,0.3376469612121582,,,,,0.0,2048.0,1.4202771186828613,0.803006649017334,0.49022048711776733,0.2762637734413147,,,,,65536
6073.86168460084,0.33718252182006836,,,,,0.0,2048.0,1.3683277368545532,0.7399402856826782,0.45197421312332153,0.2137591689825058,,,,,67584
6089.871730302411,0.33629608154296875,,,,,0.0,2048.0,1.4189674854278564,0.6577455997467041,0.4653238356113434,0.1784067153930664,,,,,69632
6130.456677538378,0.33406972885131836,,,,,0.0,2048.0,1.326025128364563,0.6338955760002136,0.4454325735569,0.13215918838977814,,,,,71680
6148.377139601434,0.3330960273742676,,,,,0.0,2048.0,1.3582372665405273,0.6956018209457397,0.3001621663570404,0.1575525850057602,,,,,73728
6205.573349496362,0.33002591133117676,,,,,0.0,2048.0,1.2453057765960693,0.7084943652153015,0.31406301259994507,0.1674005389213562,,,,,75776
6265.5753191346585,0.32686543464660645,,,,,0.0,2048.0,1.1235382556915283,0.6577807068824768,0.26653096079826355,0.1565498262643814,,,,,77824
6183.171992824875,0.3312215805053711,,,,,0.0,2048.0,1.005523920059204,0.590989351272583,0.19472473859786987,0.1250569075345993,,,,,79872
6155.83672504126,0.33269238471984863,,,,,0.0,2048.0,1.281735897064209,0.6560849547386169,0.15106606483459473,0.25059351325035095,,,,,81920
6036.182652483286,0.33928728103637695,,,,,0.0,2048.0,1.2998541593551636,0.6469269394874573,0.1482723504304886,0.21941626071929932,,,,,83968
6018.508696075608,0.3402836322784424,,,,,0.0,2048.0,1.0209373235702515,0.6569275259971619,0.206645205616951,0.13325533270835876,,,,,86016
6202.602507632364,0.3301839828491211,217.0,161.66666666666666,117.0,41.51572660517404,3.0,2048.0,1.47542405128479,0.6922937035560608,0.1192760244011879,0.206208273768425,6333.982827357941,6095.46625090155,5626.218969420621,331.8231590585766,88064
6030.305211585294,0.3396179676055908,,,,,0.0,2048.0,1.4103357791900635,0.8542406558990479,0.3685839772224426,0.24120472371578217,,,,,90112
5981.740297181249,0.3423752784729004,,,,,0.0,2048.0,1.4425026178359985,0.8268737196922302,0.3593631684780121,0.24535509943962097,,,,,92160
5922.532541082281,0.3457980155944824,,,,,0.0,2048.0,1.4380419254302979,0.7780115008354187,0.2933286428451538,0.20175109803676605,,,,,94208
5880.153879117081,0.34829020500183105,,,,,0.0,2048.0,1.284387469291687,0.729190468788147,0.05929992347955704,0.15673895180225372,,,,,96256
6110.940083163485,0.33513665199279785,254.0,254.0,254.0,0.0,1.0,2048.0,1.2028433084487915,0.63079833984375,0.062944695353508,0.13287800550460815,7097.765742123034,7097.765742123034,7097.765742123034,0.0,98304
6322.446173786894,0.323925256729126,151.0,101.5,52.0,49.5,2.0,2048.0,1.4482421875,0.6841516494750977,0.08987373113632202,0.25440236926078796,7120.101709411127,6900.728940820201,6681.356172229275,219.37276859092572,100352
6228.684064091399,0.32880139350891113,146.0,75.5,5.0,70.5,2.0,2048.0,1.4505856037139893,0.8270140886306763,0.0888456180691719,0.2713826894760132,7167.542022274597,6819.147744378997,6470.753466483398,348.3942778955993,102400
6007.287540063458,0.34091925621032715,,,,,0.0,2048.0,1.373650312423706,0.8275880217552185,0.083088718354702,0.20559771358966827,,,,,104448
6038.189620280036,0.3391745090484619,,,,,0.0,2048.0,1.3803459405899048,0.7256777882575989,0.1902574598789215,0.19510702788829803,,,,,106496
6075.476947668456,0.33709287643432617,,,,,0.0,2048.0,1.3025860786437988,0.6282796859741211,0.12836810946464539,0.16126804053783417,,,,,108544
6005.985469459786,0.34099316596984863,,,,,0.0,2048.0,1.1188321113586426,0.584807276725769,0.1827976405620575,0.09236791729927063,,,,,110592
6071.182929880484,0.33733129501342773,,,,,0.0,2048.0,0.8331378102302551,0.5415928363800049,0.10037784278392792,0.08007346093654633,,,,,112640
6111.935792166986,0.3350820541381836,,,,,0.0,2048.0,1.0602322816848755,0.5562611222267151,0.09060490876436234,0.11398904770612717,,,,,114688
5975.091256128167,0.3427562713623047,,,,,0.0,2048.0,1.4022578001022339,0.6664543151855469,0.09095599502325058,0.19756510853767395,,,,,116736
6151.133272227315,0.33294677734375,,,,,0.0,2048.0,1.0359456539154053,0.5907322764396667,0.10143154859542847,0.1050180122256279,,,,,118784
6127.382469275472,0.33423733711242676,,,,,0.0,2048.0,1.0606034994125366,0.5692809224128723,0.13042552769184113,0.15478858351707458,,,,,120832
6116.431388995894,0.3348357677459717,,,,,0.0,2048.0,1.1030423641204834,0.6121209859848022,0.11038435995578766,0.23229476809501648,,,,,122880
6169.600367736838,0.33195018768310547,,,,,0.0,2048.0,1.2468892335891724,0.6529776453971863,0.12888875603675842,0.3061796724796295,,,,,124928
6136.745879633136,0.3337273597717285,,,,,0.0,2048.0,1.3362507820129395,0.9443833827972412,0.14973287284374237,0.36011186242103577,,,,,126976
6074.647729273731,0.3371388912200928,,,,,0.0,2048.0,1.443595051765442,0.9375332593917847,0.19856274127960205,0.16400404274463654,,,,,129024
6117.354827085489,0.33478522300720215,,,,,0.0,2048.0,1.4293265342712402,0.8053892850875854,0.10380621999502182,0.19172389805316925,,,,,131072
6132.750128867267,0.33394479751586914,216.0,166.0,116.0,50.0,2.0,2048.0,1.4756462574005127,0.7337706685066223,0.0739240050315857,0.28385961055755615,3411.076857053039,2976.4694622170446,2541.8620673810497,434.6073948359947,133120
6029.412097661778,0.33966827392578125,5.0,5.0,5.0,0.0,1.0,2048.0,1.4740506410598755,1.0491516590118408,0.06658284366130829,0.2759101986885071,2947.4972559758676,2947.4972559758676,2947.4972559758676,0.0,135168
6224.779733875958,0.329007625579834,,,,,0.0,2048.0,1.4418072700500488,0.9465335607528687,0.20867662131786346,0.2748505473136902,,,,,137216
6195.565406988276,0.33055901527404785,,,,,0.0,2048.0,1.413873314857483,0.6699703931808472,0.1285368949174881,0.25210514664649963,,,,,139264
6172.779196066638,0.33177924156188965,194.0,139.25,72.0,43.996448720322874,4.0,2048.0,1.459648847579956,0.559898853302002,0.07253105193376541,0.34932583570480347,6482.359419519868,6275.418314578144,6067.409505192702,158.03735642791253,141312
6040.389057460078,0.3390510082244873,52.0,52.0,52.0,0.0,1.0,2048.0,1.453200340270996,0.8623592853546143,0.07642334699630737,0.4114372134208679,6524.250398040286,6524.250398040286,6524.250398040286,0.0,143360
6424.71551681583,0.3187689781188965,,,,,0.0,2048.0,1.3908288478851318,0.7188077569007874,0.09564714878797531,0.37630489468574524,,,,,145408
6116.122186669173,0.3348526954650879,,,,,0.0,2048.0,1.4093977212905884,0.5365898609161377,0.09156928211450577,0.1560993790626526,,,,,147456
6209.251632742016,0.3298304080963135,,,,,0.0,2048.0,0.9567989110946655,0.507705569267273,0.0694308653473854,0.12671801447868347,,,,,149504
6201.962110704783,0.3302180767059326,,,,,0.0,2048.0,0.8080243468284607,0.4957725405693054,0.0666576400399208,0.08678385615348816,,,,,151552
6209.907003946466,0.32979559898376465,,,,,0.0,2048.0,0.8163872361183167,0.5321995615959167,0.08078353106975555,0.07493960112333298,,,,,153600
6156.344087069572,0.33266496658325195,,,,,0.0,2048.0,1.016710877418518,0.5551168918609619,0.10105209052562714,0.12063336372375488,,,,,155648
6212.183922543095,0.32967472076416016,,,,,0.0,2048.0,1.4083577394485474,0.62959885597229,0.0716262236237526,0.20380935072898865,,,,,157696
6125.826862418871,0.3343222141265869,,,,,0.0,2048.0,1.0865074396133423,0.614585280418396,0.06938715279102325,0.1410188227891922,,,,,159744
6165.875953690258,0.3321506977081299,,,,,0.0,2048.0,1.04588782787323,0.5905880928039551,0.0842217281460762,0.1279444545507431,,,,,161792
6156.891249406884,0.33263540267944336,,,,,0.0,2048.0,1.0676167011260986,0.5911247730255127,0.10571707785129547,0.1727183610200882,,,,,163840
6154.601758409622,0.33275914192199707,,,,,0.0,2048.0,1.4594392776489258,0.7639225721359253,0.1022762730717659,0.2570428252220154,,,,,165888
6203.377430366739,0.3301427364349365,,,,,0.0,2048.0,1.4299715757369995,0.7677260041236877,0.10106169432401657,0.18755656480789185,,,,,167936
6057.072720682911,0.3381171226501465,207.0,207.0,207.0,0.0,1.0,2048.0,1.4263356924057007,0.6724662780761719,0.06451200693845749,0.19871947169303894,5903.495215303104,5903.495215303104,5903.495215303104,0.0,169984
6291.697161243729,0.32550835609436035,61.0,60.5,60.0,0.5,2.0,2048.0,1.463672399520874,0.8412676453590393,0.06397608667612076,0.29071104526519775,6025.850821115104,5847.479902953446,5669.108984791789,178.3709181616573,172032
6136.96509547733,0.33371543884277344,,,,,0.0,2048.0,1.4276528358459473,0.8864051103591919,0.20262660086154938,0.270300954580307,,,,,174080
6128.973850701626,0.3341505527496338,,,,,0.0,2048.0,1.422736406326294,0.660723865032196,0.10294366627931595,0.16373929381370544,,,,,176128
6170.513336024723,0.33190107345581055,244.0,244.0,244.0,0.0,1.0,2048.0,1.3815829753875732,0.6395491361618042,0.03665941581130028,0.18633784353733063,6204.583583875213,6204.583583875213,6204.583583875213,0.0,178176
6143.693862910903,0.33334994316101074,182.0,138.66666666666666,109.0,31.329787033357817,3.0,2048.0,1.4570369720458984,0.7385560274124146,0.037229761481285095,0.33317652344703674,6865.33050997931,6777.981595829443,6687.330707480803,72.70561508615368,180224
6013.760058247805,0.34055233001708984,91.0,91.0,91.0,0.0,1.0,2048.0,1.4521268606185913,0.9131245613098145,0.04136998578906059,0.34684690833091736,7063.580475562908,7063.580475562908,7063.580475562908,0.0,182272
6165.9379166436365,0.33214735984802246,,,,,0.0,2048.0,1.438132882118225,0.7354257106781006,0.03887522220611572,0.30407214164733887,,,,,184320
6261.013046913494,0.3271036148071289,,,,,0.0,2048.0,1.4498165845870972,0.6375681161880493,0.04826761409640312,0.17390604317188263,,,,,186368
5930.669730294009,0.3453235626220703,,,,,0.0,2048.0,1.4876723289489746,0.6985375881195068,0.036920517683029175,0.2034020721912384,,,,,188416
6092.031216401377,0.33617687225341797,,,,,0.0,2048.0,1.4897968769073486,0.5602396726608276,0.037547461688518524,0.14027097821235657,,,,,190464
6257.309665613819,0.3272972106933594,,,,,0.0,2048.0,0.8723574876785278,0.547347903251648,0.03952090069651604,0.11354005336761475,,,,,192512
5909.583775007568,0.3465557098388672,,,,,0.0,2048.0,0.9128685593605042,0.5359599590301514,0.03705933317542076,0.1084287092089653,,,,,194560
6115.247008738676,0.3349006175994873,,,,,0.0,2048.0,1.435388445854187,0.5760412216186523,0.05404309928417206,0.13041220605373383,,,,,196608
6129.0044622917085,0.3341488838195801,,,,,0.0,2048.0,1.471514105796814,0.6412621140480042,0.05804479122161865,0.21394222974777222,,,,,198656
6048.619293200427,0.3385896682739258,,,,,0.0,2048.0,0.971954345703125,0.5807845592498779,0.05576994642615318,0.13007353246212006,,,,,200704
6058.388493064891,0.3380436897277832,,,,,0.0,2048.0,0.9364864826202393,0.5642173886299133,0.07546687126159668,0.11636871099472046,,,,,202752
6068.425081224969,0.33748459815979004,,,,,0.0,2048.0,0.9267401099205017,0.5331240892410278,0.0675247386097908,0.10009746998548508,,,,,204800
6180.120288072061,0.33138513565063477,,,,,0.0,2048.0,1.2004317045211792,0.6668254137039185,0.0592658631503582,0.2284359335899353,,,,,206848
6189.743820477327,0.3308699131011963,,,,,0.0,2048.0,1.2747292518615723,0.6380294561386108,0.06782687455415726,0.12312811613082886,,,,,208896
6228.241477793866,0.3288247585296631,249.0,249.0,249.0,0.0,1.0,2048.0,1.164630651473999,0.626824140548706,0.02834201790392399,0.15986484289169312,6963.490014123031,6963.490014123031,6963.490014123031,0.0,210944
6209.794773033526,0.3298015594482422,110.0,68.0,26.0,42.0,2.0,2048.0,1.3391088247299194,0.7546588182449341,0.026088392361998558,0.26941218972206116,7231.988523450589,7031.100094967302,6830.211666484013,200.88842848328795,212992
6193.171159934275,0.3306868076324463,,,,,0.0,2048.0,1.2173224687576294,0.7846225500106812,0.09711763262748718,0.23596493899822235,,,,,215040
6047.46528453928,0.3386542797088623,,,,,0.0,2048.0,1.0994335412979126,0.6312727928161621,0.04467029869556427,0.17579442262649536,,,,,217088
6030.550758458105,0.33960413932800293,235.0,199.0,163.0,36.0,2.0,2048.0,1.055716633796692,0.5866004228591919,0.029205387458205223,0.18162383139133453,7534.905261181072,7529.586065774679,7524.266870368286,5.319195406393192,219136
6100.5068586837715,0.335709810256958,210.0,118.66666666666667,39.0,70.29619872763787,3.0,2048.0,1.0733215808868408,0.6906945705413818,0.020724322646856308,0.22875168919563293,7696.099091690623,7593.133272002404,7470.221377913957,93.28654711238879,221184
6379.667045686637,0.32101988792419434,,,,,0.0,2048.0,1.0705512762069702,0.668580174446106,0.3024575412273407,0.19062256813049316,,,,,223232
6042.330818372765,0.3389420509338379,,,,,0.0,2048.0,0.9798244833946228,0.539906919002533,0.021611863747239113,0.14306525886058807,,,,,225280
6228.056332799703,0.32883453369140625,,,,,0.0,2048.0,0.9473660588264465,0.5349674224853516,0.024453332647681236,0.12803396582603455,,,,,227328
6123.935854313379,0.3344254493713379,,,,,0.0,2048.0,0.9418636560440063,0.5038559436798096,0.019394613802433014,0.13844864070415497,,,,,229376
6063.156544270909,0.33777785301208496,,,,,0.0,2048.0,1.0367995500564575,0.49928581714630127,0.019269507378339767,0.1527850180864334,,,,,231424
6167.974535190394,0.33203768730163574,,,,,0.0,2048.0,0.9797930717468262,0.48838239908218384,0.01909361034631729,0.13364851474761963,,,,,233472
6196.253648712302,0.3305222988128662,,,,,0.0,2048.0,0.9859411716461182,0.4979427456855774,0.020121734589338303,0.13393406569957733,,,,,235520
6192.014901316264,0.3307485580444336,,,,,0.0,2048.0,1.2280950546264648,0.5034511089324951,0.013733522966504097,0.18184010684490204,,,,,237568
6208.982342213667,0.32984471321105957,,,,,0.0,2048.0,1.2986663579940796,0.5312129259109497,0.01474128570407629,0.19324272871017456,,,,,239616
6150.987919195883,0.33295464515686035,,,,,0.0,2048.0,0.9439144730567932,0.48524150252342224,0.01822531782090664,0.14404542744159698,,,,,241664
6784.835809672453,0.3018496036529541,,,,,0.0,2048.0,0.9298633337020874,0.4848743975162506,0.022661397233605385,0.15158845484256744,,,,,243712
6267.632569464357,0.32675814628601074,,,,,0.0,2048.0,0.9634493589401245,0.5432673096656799,0.02128002792596817,0.17268501222133636,,,,,245760
6144.023437589407,0.3333320617675781,,,,,0.0,2048.0,0.9557817578315735,0.5764096975326538,0.045925889164209366,0.14363037049770355,,,,,247808
6165.796288865808,0.3321549892425537,,,,,0.0,2048.0,0.9713309407234192,0.5585317611694336,0.03748448193073273,0.16629192233085632,,,,,249856
6136.30311139368,0.3337514400482178,131.0,70.66666666666667,23.0,44.991357194712656,3.0,2048.0,1.1748197078704834,0.6107059717178345,0.010037807747721672,0.25479575991630554,7842.006956677367,7814.471559829927,7798.599626541592,19.546122616774415,251904
6160.304383028985,0.33245110511779785,,,,,0.0,2048.0,1.118362545967102,0.6523762941360474,0.034075357019901276,0.21447961032390594,,,,,253952
6102.422440035606,0.3356044292449951,,,,,0.0,2048.0,1.0215221643447876,0.5894637703895569,0.019603867083787918,0.19334377348423004,,,,,256000
6075.210541949684,0.33710765838623047,230.0,199.0,168.0,31.0,2.0,2048.0,0.9916535019874573,0.5543307065963745,0.011120149865746498,0.18080461025238037,7994.51459390148,7808.762936758933,7623.011279616387,185.75165714254672,258048
6077.626235168427,0.3369736671447754,168.0,130.66666666666666,93.0,30.619528989773105,3.0,2048.0,1.0974916219711304,0.6333173513412476,0.007956615649163723,0.24982596933841705,7852.678524841902,7554.350361906237,7327.027689784616,220.39137141823105,260096
5932.459635831224,0.34521937370300293,,,,,0.0,2048.0,1.0232131481170654,0.6452719569206238,0.00967992190271616,0.21611858904361725,,,,,262144
5894.716805766573,0.3474297523498535,,,,,0.0,2048.0,0.9727488160133362,0.5309298634529114,0.01072313729673624,0.1459348350763321,,,,,264192
6169.458571662506,0.3319578170776367,,,,,0.0,2048.0,0.9691929221153259,0.5281023979187012,0.007963626645505428,0.11844192445278168,,,,,266240
6198.695011058873,0.33039212226867676,,,,,0.0,2048.0,0.9950574040412903,0.48426514863967896,0.007781532127410173,0.1413915902376175,,,,,268288
6202.253183823476,0.330202579498291,,,,,0.0,2048.0,0.8278311491012573,0.4580000638961792,0.010472633875906467,0.10714365541934967,,,,,270336
6219.060727889044,0.32931017875671387,,,,,0.0,2048.0,0.9833318591117859,0.45829400420188904,0.010983157902956009,0.12146459519863129,,,,,272384
6223.746921250527,0.32906222343444824,,,,,0.0,2048.0,0.9810072779655457,0.5615867972373962,0.008530938997864723,0.14644068479537964,,,,,274432
6163.137550223855,0.33229827880859375,,,,,0.0,2048.0,0.9657039642333984,0.543605625629425,0.00918346643447876,0.14485140144824982,,,,,276480
6173.369213410471,0.33174753189086914,,,,,0.0,2048.0,0.9244160652160645,0.5151750445365906,0.008505502715706825,0.14501306414604187,,,,,278528
6174.846969737268,0.3316681385040283,,,,,0.0,2048.0,0.970743715763092,0.5029605627059937,0.007428168319165707,0.17787916958332062,,,,,280576
6184.106790762501,0.33117151260375977,,,,,0.0,2048.0,0.9643769860267639,0.5348944664001465,0.00546614732593298,0.1394999772310257,,,,,282624
6171.954248154687,0.33182358741760254,,,,,0.0,2048.0,0.9634593725204468,0.6277323961257935,0.00998695194721222,0.1620873063802719,,,,,284672
6181.939381988469,0.3312876224517822,,,,,0.0,2048.0,0.9877437949180603,0.619745671749115,0.008161812089383602,0.1472182273864746,,,,,286720
6070.003138900961,0.33739686012268066,239.0,225.0,211.0,14.0,2.0,2048.0,0.98491370677948,0.5883559584617615,0.0037453328259289265,0.1731742024421692,7891.320646144612,7877.087302462082,7862.853958779553,14.233343682529267,288768
6130.780457863589,0.33405208587646484,96.0,96.0,96.0,0.0,1.0,2048.0,1.0924190282821655,0.5923148393630981,0.0036370675079524517,0.20522600412368774,7887.6316836239175,7887.6316836239175,7887.6316836239175,0.0,290816
5896.9465337154825,0.34729838371276855,,,,,0.0,2048.0,0.9857175350189209,0.5778852701187134,0.00931974034756422,0.18543903529644012,,,,,292864
5895.080892929692,0.3474082946777344,,,,,0.0,2048.0,0.9849146604537964,0.5354610681533813,0.009851675480604172,0.17525072395801544,,,,,294912
5937.880991239658,0.34490418434143066,242.0,147.0,51.0,77.75281345391947,4.0,2048.0,0.9956942200660706,0.5486736297607422,0.0023710038512945175,0.22805872559547424,8074.999934286591,8006.786429530174,7888.812555824893,70.83017903987702,296960
6025.8338316317295,0.33986997604370117,32.0,32.0,32.0,0.0,1.0,2048.0,0.9941225051879883,0.629826545715332,0.0022903396748006344,0.22898441553115845,7933.8411125177245,7933.8411125177245,7933.8411125177245,0.0,299008
6096.8437357825,0.33591151237487793,,,,,0.0,2048.0,0.9849534630775452,0.5255963802337646,0.0027884934097528458,0.1713426262140274,,,,,301056
6148.429949595375,0.33309316635131836,,,,,0.0,2048.0,0.9884464144706726,0.49972665309906006,0.0030346191488206387,0.13320621848106384,,,,,303104
5941.043233003404,0.34472060203552246,,,,,0.0,2048.0,0.9956623315811157,0.476835697889328,0.0015549786621704698,0.1538376361131668,,,,,305152
6169.826368702725,0.3319380283355713,,,,,0.0,2048.0,0.832076907157898,0.4678451120853424,0.0018792982446029782,0.13076595962047577,,,,,307200
6196.423498113287,0.33051323890686035,,,,,0.0,2048.0,0.9693728685379028,0.5038520097732544,0.0023634093813598156,0.14591684937477112,,,,,309248
6227.464845729514,0.32886576652526855,,,,,0.0,2048.0,0.9234844446182251,0.47629237174987793,0.0033892677165567875,0.14652720093727112,,,,,311296
6206.115846451288,0.32999706268310547,,,,,0.0,2048.0,0.97995924949646,0.5177503228187561,0.0023481252137571573,0.1780891865491867,,,,,313344
6219.438966131675,0.32929015159606934,,,,,0.0,2048.0,1.1011666059494019,0.5163695812225342,0.0016959025524556637,0.15637892484664917,,,,,315392
6214.583903309309,0.3295474052429199,,,,,0.0,2048.0,0.9305225610733032,0.5270840525627136,0.002873228630051017,0.10904659330844879,,,,,317440
6211.290021728834,0.32972216606140137,,,,,0.0,2048.0,1.0904797315597534,0.5122822523117065,0.0031871970277279615,0.17202304303646088,,,,,319488
6206.6180769308585,0.3299703598022461,,,,,0.0,2048.0,1.125922441482544,0.627321183681488,0.0038501101080328226,0.2288195788860321,,,,,321536
6205.143006158236,0.3300487995147705,,,,,0.0,2048.0,0.9910191893577576,0.603107213973999,0.0030229054391384125,0.15701861679553986,,,,,323584
6230.857262231868,0.3286867141723633,210.0,210.0,210.0,0.0,1.0,2048.0,0.979892909526825,0.573031485080719,0.0023653318639844656,0.17344816029071808,6671.815328499177,6671.815328499177,6671.815328499177,0.0,325632
6157.420853959775,0.33260679244995117,143.0,91.5,40.0,51.5,2.0,2048.0,1.1157207489013672,0.523374617099762,0.002350783674046397,0.23372933268547058,6648.342999111813,6611.0307228822785,6573.718446652743,37.312276229534746,327680
6202.98322582136,0.33016371726989746,,,,,0.0,2048.0,1.1095826625823975,0.5581075549125671,0.005616848822683096,0.20010489225387573,,,,,329728
6214.098364355834,0.3295731544494629,,,,,0.0,2048.0,0.980749785900116,0.5318992137908936,0.0029338181484490633,0.17116640508174896,,,,,331776
6201.935243794227,0.3302195072174072,173.0,121.33333333333333,89.0,36.91732505056249,3.0,2048.0,1.0681633949279785,0.5201531648635864,0.0014851862797513604,0.2107880711555481,7534.115184368891,7208.086731532715,6980.340360165176,236.51802557637487,333824
6095.757768779547,0.3359713554382324,55.0,35.5,16.0,19.5,2.0,2048.0,1.1186474561691284,0.6318727731704712,0.0014851390151306987,0.2185823917388916,7373.265405760427,7344.725446758101,7316.1854877557735,28.53995900232667,335872
6279.692308817003,0.32613062858581543,,,,,0.0,2048.0,0.9681870937347412,0.5382025241851807,0.0017584169982001185,0.1493513286113739,,,,,337920
6092.528114855314,0.3361494541168213,,,,,0.0,2048.0,0.9630709290504456,0.5030237436294556,0.0016937404870986938,0.11874248832464218,,,,,339968
6105.467307781154,0.3354370594024658,,,,,0.0,2048.0,0.9766099452972412,0.5112624168395996,0.0015508760698139668,0.13626790046691895,,,,,342016
6027.11914982592,0.3397974967956543,,,,,0.0,2048.0,0.9233592748641968,0.4783381223678589,0.0017536606173962355,0.12332083284854889,,,,,344064
6297.019699778686,0.32523322105407715,,,,,0.0,2048.0,0.8595700263977051,0.4725589156150818,0.0018601485062390566,0.14503248035907745,,,,,346112
6550.73625192844,0.3126366138458252,,,,,0.0,2048.0,0.9694898724555969,0.4447019696235657,0.001915289438329637,0.1514757126569748,,,,,348160
5990.960201308954,0.34184837341308594,,,,,0.0,2048.0,0.936393678188324,0.47592592239379883,0.0016937098698690534,0.1672203689813614,,,,,350208
6041.595606692648,0.33898329734802246,,,,,0.0,2048.0,0.9805713891983032,0.5249665975570679,0.0016513068694621325,0.17230716347694397,,,,,352256
5989.85732455651,0.34191131591796875,,,,,0.0,2048.0,0.9771912097930908,0.5088459253311157,0.0016638119705021381,0.146914541721344,,,,,354304
6006.791846644527,0.34094738960266113,,,,,0.0,2048.0,0.9440382719039917,0.5360633730888367,0.002578715793788433,0.16114658117294312,,,,,356352
6181.485620200587,0.3313119411468506,,,,,0.0,2048.0,0.991745114326477,0.5088084936141968,0.003905388293787837,0.19051572680473328,,,,,358400
5992.774146738274,0.34174489974975586,,,,,0.0,2048.0,0.9927965998649597,0.6055539846420288,0.0032039242796599865,0.1489523947238922,,,,,360448
6198.274566171594,0.3304145336151123,170.0,170.0,170.0,0.0,1.0,2048.0,0.9925075769424438,0.6042724847793579,0.002398008480668068,0.17124485969543457,6996.3019135407285,6996.3019135407285,6996.3019135407285,0.0,362496
6058.418403626333,0.3380420207977295,106.0,64.5,23.0,41.5,2.0,2048.0,0.9930232167243958,0.5637931227684021,0.0023379542399197817,0.17388920485973358,6564.688910702477,6473.145498731301,6381.6020867601255,91.54341197117583,364544
6083.346441073595,0.3366568088531494,,,,,0.0,2048.0,0.9933954477310181,0.5384392142295837,0.0030790395103394985,0.192855566740036,,,,,366592
6209.2965167677585,0.32982802391052246,244.0,244.0,244.0,0.0,1.0,2048.0,0.9940111041069031,0.5799846053123474,0.0023881676606833935,0.19365346431732178,7155.581806009093,7155.581806009093,7155.581806009093,0.0,368640
6031.592438193261,0.33954548835754395,201.0,201.0,201.0,0.0,1.0,2048.0,0.996642529964447,0.5475006103515625,0.001634223503060639,0.2126496583223343,7812.020169392096,7812.020169392096,7812.020169392096,0.0,370688
6122.739837885151,0.3344907760620117,162.0,109.66666666666667,33.0,55.40356988097026,3.0,2048.0,0.9869396686553955,0.5127016305923462,0.0016233788337558508,0.1798640489578247,7756.856315312393,7607.48464477788,7450.59870965797,125.14199504160472,372736
6238.500331536331,0.32828402519226074,,,,,0.0,2048.0,0.9962218999862671,0.5193750858306885,0.0019538039341568947,0.14916382730007172,,,,,374784
6117.729508833029,0.3347647190093994,,,,,0.0,2048.0,0.9952936768531799,0.507267951965332,0.0012823361903429031,0.17033007740974426,,,,,376832
5942.02544506732,0.3446636199951172,,,,,0.0,2048.0,0.9820773601531982,0.5062655806541443,0.0012219601776450872,0.14918743073940277,,,,,378880
6011.213967956277,0.3406965732574463,,,,,0.0,2048.0,0.9803762435913086,0.45833462476730347,0.0010614740895107388,0.1517491340637207,,,,,380928
6086.497362025352,0.33648252487182617,,,,,0.0,2048.0,0.9929904341697693,0.44872868061065674,0.0010358970612287521,0.1430431455373764,,,,,382976
6005.657940568004,0.34101176261901855,,,,,0.0,2048.0,0.9824963808059692,0.49032044410705566,0.0008448095177300274,0.15489532053470612,,,,,385024
6244.827144194811,0.32795143127441406,,,,,0.0,2048.0,0.992199182510376,0.48994961380958557,0.0007398079033009708,0.1966090053319931,,,,,387072
6069.239736795063,0.33743929862976074,,,,,0.0,2048.0,0.947805643081665,0.4828217625617981,0.0008249657112173736,0.15173032879829407,,,,,389120
6221.371400594186,0.32918787002563477,,,,,0.0,2048.0,0.9978712201118469,0.501754879951477,0.0006152794812805951,0.19006946682929993,,,,,391168
6238.418779018128,0.32828831672668457,,,,,0.0,2048.0,1.0032247304916382,0.5182094573974609,0.0005832705064676702,0.1803249716758728,,,,,393216
6241.972821414998,0.32810139656066895,,,,,0.0,2048.0,1.0066001415252686,0.5126402378082275,0.0005481459083966911,0.19873449206352234,,,,,395264
6230.129681970854,0.32872509956359863,,,,,0.0,2048.0,0.997596800327301,0.583701491355896,0.0005378333735279739,0.19109845161437988,,,,,397312
6214.642352929261,0.3295443058013916,243.0,207.0,171.0,36.0,2.0,2048.0,0.995794415473938,0.5531587600708008,0.00046852711238898337,0.20706582069396973,7607.029906683683,7514.012805004075,7420.995703324466,93.01710167960846,399360
6221.538123688596,0.329179048538208,89.0,89.0,89.0,0.0,1.0,2048.0,0.9956004619598389,0.5560145378112793,0.0004903219523839653,0.18006956577301025,7715.972353188687,7715.972353188687,7715.972353188687,0.0,401408
6208.4169081270165,0.32987475395202637,,,,,0.0,2048.0,0.9950414299964905,0.5368494987487793,0.00070256955223158,0.18564137816429138,,,,,403456
6216.913747083312,0.3294239044189453,,,,,0.0,2048.0,0.9965580105781555,0.5473331212997437,0.0005315643502399325,0.19516581296920776,,,,,405504
6210.809487933296,0.32974767684936523,196.0,105.5,15.0,90.5,2.0,2048.0,0.9966493248939514,0.5462785959243774,0.0003267618012614548,0.2271888554096222,7778.298168693041,7651.43807263376,7524.577976574479,126.86009605928075,407552
6149.182590593755,0.333052396774292,187.0,115.0,25.0,67.34983296193094,3.0,2048.0,0.9949348568916321,0.4962225556373596,0.00031920691253617406,0.20482070744037628,7902.037808311038,7742.095750298664,7629.763340281286,116.14173932994318,409600
6152.058407041618,0.33289670944213867,,,,,0.0,2048.0,0.9880942106246948,0.48982125520706177,0.00041128494194708765,0.17180967330932617,,,,,411648
6302.887677870825,0.32493042945861816,,,,,0.0,2048.0,0.9975020885467529,0.491652250289917,0.0002592845994513482,0.19256718456745148,,,,,413696
6047.967713886001,0.3386261463165283,,,,,0.0,2048.0,0.9933249354362488,0.4646931290626526,0.00022855197312310338,0.18756665289402008,,,,,415744
6062.223725282488,0.3378298282623291,,,,,0.0,2048.0,0.9737616181373596,0.4206225872039795,0.0001977900683414191,0.18522049486637115,,,,,417792
6020.153716229239,0.3401906490325928,,,,,0.0,2048.0,0.9208685755729675,0.3995615839958191,0.00018930083024315536,0.17868036031723022,,,,,419840
6604.141798692846,0.3101084232330322,,,,,0.0,2048.0,0.9726106524467468,0.4124964475631714,0.0001695444661891088,0.19845688343048096,,,,,421888
5943.184790866107,0.34459638595581055,,,,,0.0,2048.0,0.9778872728347778,0.41912293434143066,0.0001569048035889864,0.207382932305336,,,,,423936
6005.918281133652,0.34099698066711426,,,,,0.0,2048.0,0.9786036014556885,0.4623259902000427,0.00014966946037020534,0.18145252764225006,,,,,425984
6222.331307257293,0.32913708686828613,,,,,0.0,2048.0,0.9765228629112244,0.43485769629478455,0.00010607349395286292,0.1837073266506195,,,,,428032
6036.568667369885,0.3392655849456787,,,,,0.0,2048.0,0.9100489020347595,0.4132668077945709,0.00015347368025686592,0.2035742700099945,,,,,430080
6497.361772681374,0.3152048587799072,,,,,0.0,2048.0,0.9250541925430298,0.4137769937515259,0.00015959602023940533,0.22493673861026764,,,,,432128
6334.96091100234,0.3232853412628174,,,,,0.0,2048.0,0.9743662476539612,0.5272624492645264,0.00027329224394634366,0.17686928808689117,,,,,434176
6095.191142818015,0.3360025882720947,,,,,0.0,2048.0,0.9843332171440125,0.5148893594741821,0.00019558696658350527,0.20325890183448792,,,,,436224
6178.893338109604,0.3314509391784668,155.0,93.0,31.0,62.0,2.0,2048.0,0.974586546421051,0.4619017243385315,0.0001644220610614866,0.20188137888908386,7052.100188674247,6977.1109755365305,6902.121762398814,74.98921313771643,438272
6180.591637502303,0.33135986328125,167.0,167.0,167.0,0.0,1.0,2048.0,0.9311133027076721,0.3839358687400818,0.0001699321437627077,0.21261101961135864,5248.986863149874,5248.986863149874,5248.986863149874,0.0,440320
6125.813756728462,0.3343229293823242,,,,,0.0,2048.0,0.9912252426147461,0.45984339714050293,0.00022307521430775523,0.1981627494096756,,,,,442368
6277.746419501357,0.3262317180633545,65.0,65.0,65.0,0.0,1.0,2048.0,0.9894493222236633,0.46172046661376953,0.00016778154531493783,0.19597406685352325,7644.79125586391,7644.79125586391,7644.79125586391,0.0,444416
6154.451831912688,0.3327672481536865,129.0,129.0,129.0,0.0,1.0,2048.0,0.9920244812965393,0.46159103512763977,9.620066703064367e-05,0.19860336184501648,6568.89058414692,6568.89058414692,6568.89058414692,0.0,446464
6141.5678576918535,0.3334653377532959,107.0,68.0,4.0,45.614325235244536,3.0,2048.0,0.9876828789710999,0.44824156165122986,9.626558312447742e-05,0.205198273062706,6971.577704091789,6693.189992745248,6438.98078940069,218.1029093058611,448512
6128.274240576904,0.33418869972229004,,,,,0.0,2048.0,0.9852824211120605,0.4593009650707245,0.00011390831059543416,0.17024841904640198,,,,,450560
6032.032931358594,0.3395206928253174,,,,,0.0,2048.0,0.9881497621536255,0.43570220470428467,8.869001612765715e-05,0.19005638360977173,,,,,452608
6122.635099573765,0.33449649810791016,,,,,0.0,2048.0,0.9919384717941284,0.4263507127761841,7.544675463577732e-05,0.19285881519317627,,,,,454656
6159.456265734878,0.33249688148498535,,,,,0.0,2048.0,0.9728952050209045,0.41493451595306396,6.021067747497e-05,0.17329686880111694,,,,,456704
6104.32187289696,0.33550000190734863,,,,,0.0,2048.0,0.9472833275794983,0.3993298411369324,6.22813095105812e-05,0.17615695297718048,,,,,458752
6033.511595106848,0.33943748474121094,,,,,0.0,2048.0,0.9611075520515442,0.43951424956321716,6.420465797418728e-05,0.16902698576450348,,,,,460800
6085.3633442974615,0.3365452289581299,,,,,0.0,2048.0,0.9406343102455139,0.4413602352142334,5.933189459028654e-05,0.18383990228176117,,,,,462848
5996.819770806645,0.34151434898376465,,,,,0.0,2048.0,0.9483507871627808,0.4322192668914795,5.589237480307929e-05,0.1769714057445526,,,,,464896
6023.89420867237,0.3399794101715088,,,,,0.0,2048.0,0.8860798478126526,0.4360125958919525,6.400002894224599e-05,0.17694313824176788,,,,,466944
6092.783076829232,0.3361353874206543,,,,,0.0,2048.0,0.9746144413948059,0.45788756012916565,9.614764712750912e-05,0.1826489120721817,,,,,468992
6083.656646852728,0.3366396427154541,,,,,0.0,2048.0,0.9742051362991333,0.47942960262298584,0.00010060415661428124,0.19582036137580872,,,,,471040
6134.120890946782,0.33387017250061035,162.0,162.0,162.0,0.0,1.0,2048.0,0.9824773669242859,0.5358425378799438,0.0001191492920042947,0.178384467959404,7838.067851386324,7838.067851386324,7838.067851386324,0.0,473088
6099.112101681991,0.3357865810394287,74.0,74.0,74.0,0.0,1.0,2048.0,0.9691517353057861,0.5330767035484314,0.00011944340803893283,0.175775945186615,7846.511107982472,7846.511107982472,7846.511107982472,0.0,475136
6135.505413071226,0.33379483222961426,57.0,57.0,57.0,0.0,1.0,2048.0,0.9795258641242981,0.5332383513450623,0.00011905053543159738,0.16697104275226593,8024.442991349602,8024.442991349602,8024.442991349602,0.0,477184
6135.1504601755,0.3338141441345215,239.0,239.0,239.0,0.0,1.0,2048.0,0.975420355796814,0.5059276223182678,0.00010807399667100981,0.1602722704410553,8085.67814557623,8085.67814557623,8085.67814557623,0.0,479232
6052.800404744474,0.33835577964782715,,,,,0.0,2048.0,0.9736970067024231,0.5232700109481812,6.362181011354551e-05,0.17437225580215454,,,,,481280
6022.394920677654,0.34006404876708984,189.0,119.0,49.0,70.0,2.0,2048.0,0.9818671941757202,0.4910340905189514,6.154037691885605e-05,0.17651982605457306,8086.563059557066,8053.813543394372,8021.064027231679,32.74951616269345,483328
5986.884922692627,0.34208106994628906,66.0,47.0,28.0,19.0,2.0,2048.0,0.9702985286712646,0.4735579490661621,6.39338613837026e-05,0.15880104899406433,8133.511168432861,8106.292843169265,8079.074517905669,27.218325263595943,485376
6142.072870279006,0.3334379196166992,,,,,0.0,2048.0,0.9705137014389038,0.48931679129600525,6.210921856109053e-05,0.15445086359977722,,,,,487424
6099.125093369157,0.3357858657836914,,,,,0.0,2048.0,0.9683811664581299,0.4859471321105957,7.294824172277004e-05,0.13118022680282593,,,,,489472
6056.380887918733,0.33815574645996094,,,,,0.0,2048.0,0.9824373722076416,0.4550965428352356,4.865304799750447e-05,0.1533619463443756,,,,,491520
5985.141262951066,0.3421807289123535,,,,,0.0,2048.0,0.9685451984405518,0.42871975898742676,4.3166095565538853e-05,0.13308683037757874,,,,,493568
6105.107143669404,0.33545684814453125,,,,,0.0,2048.0,0.9825266599655151,0.4122735857963562,3.11457333737053e-05,0.1569879800081253,,,,,495616
6113.27551084314,0.3350086212158203,,,,,0.0,2048.0,0.9823642373085022,0.4474073648452759,3.1641207897337154e-05,0.16928687691688538,,,,,497664
5962.271921927654,0.3434932231903076,,,,,0.0,2048.0,0.9833853244781494,0.4656488001346588,3.179542545694858e-05,0.16946418583393097,,,,,499712
5953.659929068429,0.3439900875091553,,,,,0.0,2048.0,0.9641937613487244,0.4668451249599457,3.387797551113181e-05,0.1847485452890396,,,,,501760
5898.359702429264,0.3472151756286621,,,,,0.0,2048.0,0.9738356471061707,0.47812336683273315,3.371559068909846e-05,0.16479025781154633,,,,,503808
6181.227628498915,0.3313257694244385,,,,,0.0,2048.0,0.9719550609588623,0.4730750024318695,2.9967270165798254e-05,0.16675910353660583,,,,,505856
5925.82561521438,0.34560585021972656,,,,,0.0,2048.0,0.9949040412902832,0.5117092132568359,7.705593452556059e-05,0.16833865642547607,,,,,507904
6236.063737557724,0.3284122943878174,,,,,0.0,2048.0,0.9797952175140381,0.5463818907737732,5.711127960239537e-05,0.1594511866569519,,,,,509952
6267.339900349267,0.32677340507507324,234.0,179.0,124.0,55.0,2.0,2048.0,0.9952744245529175,0.5197633504867554,4.171565524302423e-05,0.18459327518939972,7218.08815214404,6896.649230786046,6575.210309428052,321.4389213579939,512000
6071.105693171474,0.33733558654785156,179.0,179.0,179.0,0.0,1.0,2048.0,0.9938812255859375,0.49923521280288696,4.275841638445854e-05,0.15382979810237885,7232.829012895503,7232.829012895503,7232.829012895503,0.0,514048
6047.307760324853,0.33866310119628906,,,,,0.0,2048.0,0.9905818104743958,0.4838029742240906,4.978412471245974e-05,0.17397895455360413,,,,,516096
6015.549924192289,0.3404510021209717,56.0,56.0,56.0,0.0,1.0,2048.0,0.9916954636573792,0.48060327768325806,4.0697192162042484e-05,0.18412846326828003,7660.6881765021235,7660.6881765021235,7660.6881765021235,0.0,518144
6038.32120176863,0.33916711807250977,230.0,169.0,108.0,61.0,2.0,2048.0,0.9973976016044617,0.4554864764213562,2.357545781705994e-05,0.187790647149086,7682.5794013311615,7562.424970770855,7442.270540210549,120.15443056030608,520192
6068.112140131366,0.33750200271606445,120.0,92.0,64.0,28.0,2.0,2048.0,0.9947001338005066,0.4202142059803009,2.3208318452816457e-05,0.15915021300315857,7617.04894147091,7554.365559364156,7491.682177257402,62.683382106753925,522240
6101.074473449825,0.3356785774230957,,,,,0.0,2048.0,0.9863067865371704,0.4538947343826294,2.4892899091355503e-05,0.17313848435878754,,,,,524288
6176.3209928206015,0.3315889835357666,,,,,0.0,2048.0,0.9926066994667053,0.4482845366001129,2.3267672077054158e-05,0.17238634824752808,,,,,526336
6198.690537940749,0.33039236068725586,,,,,0.0,2048.0,0.9982261657714844,0.4316413104534149,2.320408748346381e-05,0.19812743365764618,,,,,528384
6103.463078740958,0.33554720878601074,,,,,0.0,2048.0,0.9984531402587891,0.40493470430374146,3.6884233850287274e-05,0.18333026766777039,,,,,530432
6117.06295566769,0.33480119705200195,,,,,0.0,2048.0,0.9960997700691223,0.4244386553764343,5.0177091907244176e-05,0.19764529168605804,,,,,532480
6268.094493520974,0.3267340660095215,,,,,0.0,2048.0,0.9899096488952637,0.44872337579727173,4.870660632150248e-05,0.16762062907218933,,,,,534528
6240.512635499706,0.32817816734313965,,,,,0.0,2048.0,0.995106041431427,0.43958398699760437,5.3957002819515765e-05,0.1845511794090271,,,,,536576
6220.875790107935,0.32921409606933594,,,,,0.0,2048.0,0.9680406451225281,0.4519925117492676,4.6545326767954975e-05,0.19335417449474335,,,,,538624
6076.658867638892,0.33702731132507324,,,,,0.0,2048.0,0.9702109694480896,0.46374547481536865,4.600819374900311e-05,0.184179425239563,,,,,540672
6090.411458285327,0.33626627922058105,,,,,0.0,2048.0,0.9934201240539551,0.46842360496520996,4.7858684411039576e-05,0.17319680750370026,,,,,542720
6065.404190597776,0.33765268325805664,,,,,0.0,2048.0,0.9940012097358704,0.4522356390953064,4.72451611130964e-05,0.18761132657527924,,,,,544768
6412.77263225791,0.3193626403808594,,,,,0.0,2048.0,0.9913383722305298,0.4965468645095825,8.31960715004243e-05,0.19741535186767578,,,,,546816
6136.719574784249,0.3337287902832031,207.0,147.0,87.0,60.0,2.0,2048.0,0.991784930229187,0.4696093499660492,7.00038654031232e-05,0.18820947408676147,8015.719818802705,8012.596027733538,8009.472236664372,3.1237910691666,548864
6192.11756318495,0.33074307441711426,154.0,154.0,154.0,0.0,1.0,2048.0,0.9918580055236816,0.45090025663375854,7.06741921021603e-05,0.18626362085342407,7911.521870945497,7911.521870945497,7911.521870945497,0.0,550912
6206.958922481068,0.3299522399902344,,,,,0.0,2048.0,0.9944621920585632,0.43347495794296265,9.006632171804085e-05,0.19288550317287445,,,,,552960
6200.511630559299,0.3302953243255615,54.0,54.0,54.0,0.0,1.0,2048.0,0.9925872683525085,0.4316375255584717,6.831634527770802e-05,0.19552911818027496,7927.179818660067,7927.179818660067,7927.179818660067,0.0,555008
6091.8497606501805,0.33618688583374023,232.0,173.0,114.0,59.0,2.0,2048.0,0.9838417172431946,0.41801029443740845,3.5636683605844155e-05,0.17641378939151764,8168.646400975768,8041.975718361822,7915.305035747877,126.6706826139457,557056
6049.368996008372,0.3385477066040039,74.0,41.0,8.0,33.0,2.0,2048.0,0.9952831864356995,0.3920013904571533,3.535813812050037e-05,0.16604675352573395,8102.281614382369,8083.662351197503,8065.043088012637,18.619263184866213,559104
6105.875255805424,0.3354146480560303,,,,,0.0,2048.0,0.9806352257728577,0.4317851662635803,3.6055371310794726e-05,0.1733456254005432,,,,,561152
6026.518702696028,0.3398313522338867,,,,,0.0,2048.0,0.9883363246917725,0.4404563307762146,3.5801789636025205e-05,0.15758156776428223,,,,,563200
6025.267450962788,0.3399019241333008,,,,,0.0,2048.0,0.9938151836395264,0.44889771938323975,2.9388911571004428e-05,0.16714002192020416,,,,,565248
5919.834623784409,0.34595561027526855,,,,,0.0,2048.0,0.9957717657089233,0.42324453592300415,2.5822993848123588e-05,0.160422682762146,,,,,567296
6039.896380183082,0.3390786647796631,,,,,0.0,2048.0,0.9910845756530762,0.4091225862503052,3.353413558215834e-05,0.17583099007606506,,,,,569344
6178.1511810140155,0.33149075508117676,,,,,0.0,2048.0,0.9833555817604065,0.45478370785713196,4.011157579952851e-05,0.15900494158267975,,,,,571392
6175.792572312683,0.3316173553466797,,,,,0.0,2048.0,0.9924073815345764,0.4327671527862549,3.2565247238380834e-05,0.17662566900253296,,,,,573440
6163.261367321695,0.3322916030883789,,,,,0.0,2048.0,0.9691703915596008,0.43811336159706116,3.171077332808636e-05,0.1870131492614746,,,,,575488
6158.303730713035,0.33255910873413086,,,,,0.0,2048.0,0.9832298755645752,0.4790206551551819,3.298605952295475e-05,0.17954939603805542,,,,,577536
6005.229687453029,0.3410360813140869,,,,,0.0,2048.0,0.9866646528244019,0.4479237198829651,4.987760621588677e-05,0.1957862824201584,,,,,579584
6198.055420706136,0.3304262161254883,,,,,0.0,2048.0,0.9946452975273132,0.4506317973136902,5.200739178690128e-05,0.20531384646892548,,,,,581632
6203.229597790796,0.3301506042480469,,,,,0.0,2048.0,0.9904372692108154,0.487178236246109,7.33239867258817e-05,0.21154379844665527,,,,,583680
6232.783232451933,0.328585147857666,256.0,175.0,94.0,81.0,2.0,2048.0,0.9848303198814392,0.45107898116111755,5.90368035773281e-05,0.20098525285720825,7779.2665736196695,7660.076034182015,7540.8854947443615,119.19053943765402,585728
6121.2083970221765,0.33457446098327637,188.0,188.0,188.0,0.0,1.0,2048.0,0.9868529438972473,0.44104552268981934,5.818756835651584e-05,0.2093689739704132,7733.2456684575645,7733.2456684575645,7733.2456684575645,0.0,587776
6128.2130322900075,0.33419203758239746,,,,,0.0,2048.0,0.991448700428009,0.4158019423484802,7.488662959076464e-05,0.2085925191640854,,,,,589824
6050.8561723781595,0.33846449851989746,137.0,137.0,137.0,0.0,1.0,2048.0,0.9927717447280884,0.41522806882858276,6.0998409026069567e-05,0.21407702565193176,7549.549508965228,7549.549508965228,7549.549508965228,0.0,591872
6191.5462708083305,0.33077359199523926,203.0,203.0,203.0,0.0,1.0,2048.0,0.9936310648918152,0.42324358224868774,2.8605991246877238e-05,0.18829084932804108,7642.152927945444,7642.152927945444,7642.152927945444,0.0,593920
6165.044000376078,0.332195520401001,137.0,73.66666666666667,32.0,45.52166761249221,3.0,2048.0,0.993800699710846,0.4078592360019684,2.7868367396877147e-05,0.1738315224647522,8023.931558994756,7962.36241423165,7850.211933118142,79.42913316880694,595968
6046.571337062667,0.33870434761047363,,,,,0.0,2048.0,0.9857597947120667,0.43301013112068176,3.212631054338999e-05,0.17652243375778198,,,,,598016
6191.590899229109,0.33077120780944824,,,,,0.0,2048.0,0.9956068396568298,0.4428738057613373,2.750753083091695e-05,0.17765779793262482,,,,,600064
6169.724444648747,0.3319435119628906,,,,,0.0,2048.0,0.9969328045845032,0.46766626834869385,2.9462882594089024e-05,0.18435682356357574,,,,,602112
6273.739120019223,0.32644009590148926,,,,,0.0,2048.0,0.9957848787307739,0.44215628504753113,2.7956673875451088e-05,0.1758061945438385,,,,,604160
6164.40248759575,0.3322300910949707,,,,,0.0,2048.0,0.991635262966156,0.41938257217407227,3.535382347763516e-05,0.18475446105003357,,,,,606208
6194.787967163768,0.3306005001068115,,,,,0.0,2048.0,0.9929304122924805,0.4445003271102905,3.0974912078818306e-05,0.1767246425151825,,,,,608256
6195.1230466101815,0.3305826187133789,,,,,0.0,2048.0,0.9879339337348938,0.43223273754119873,3.426174589549191e-05,0.19152186810970306,,,,,610304
6284.741637352282,0.3258686065673828,,,,,0.0,2048.0,0.9765788316726685,0.43320465087890625,3.699412627611309e-05,0.18308323621749878,,,,,612352
6448.962784171317,0.31757044792175293,,,,,0.0,2048.0,0.9732357263565063,0.41468843817710876,3.222132727387361e-05,0.200462207198143,,,,,614400
6086.298986223178,0.33649349212646484,,,,,0.0,2048.0,0.9954157471656799,0.43748393654823303,3.497028592391871e-05,0.1941874921321869,,,,,616448
6090.35532211773,0.3362693786621094,,,,,0.0,2048.0,0.9894859790802002,0.4912155270576477,3.4038770536426455e-05,0.20513279736042023,,,,,618496
6274.733589876199,0.3263883590698242,176.0,176.0,176.0,0.0,1.0,2048.0,0.9944067597389221,0.5142252445220947,3.400490095373243e-05,0.19913792610168457,7809.106009961937,7809.106009961937,7809.106009961937,0.0,620544
6070.749571545989,0.337355375289917,53.0,53.0,53.0,0.0,1.0,2048.0,0.9941470623016357,0.49560195207595825,3.468568320386112e-05,0.20186157524585724,7930.947564824515,7930.947564824515,7930.947564824515,0.0,622592
5989.180760290104,0.3419499397277832,17.0,17.0,17.0,0.0,1.0,2048.0,0.9869021773338318,0.4946553707122803,3.451974771451205e-05,0.20064663887023926,7532.417184294063,7532.417184294063,7532.417184294063,0.0,624640
6009.868147106461,0.3407728672027588,151.0,151.0,151.0,0.0,1.0,2048.0,0.9927780032157898,0.46264922618865967,3.501973696984351e-05,0.1941870152950287,7731.490172670109,7731.490172670109,7731.490172670109,0.0,626688
6001.977797404107,0.3412208557128906,218.0,218.0,218.0,0.0,1.0,2048.0,0.9957665205001831,0.46415144205093384,2.130944631062448e-05,0.2089180201292038,7648.342650133071,7648.342650133071,7648.342650133071,0.0,628736
6134.686015951734,0.33383941650390625,,,,,0.0,2048.0,0.9869534969329834,0.43154484033584595,2.117350413755048e-05,0.21045786142349243,,,,,630784
6187.79086404261,0.3309743404388428,140.0,69.0,9.0,54.043192602460735,3.0,2048.0,0.9935445189476013,0.38867413997650146,2.1083318642922677e-05,0.19546879827976227,8235.929429751233,8172.830209915941,8056.664838917006,82.24338142056406,632832
6278.769696774778,0.32617855072021484,,,,,0.0,2048.0,0.9965930581092834,0.4422093331813812,2.0876294001936913e-05,0.18599027395248413,,,,,634880
6084.453848464071,0.3365955352783203,,,,,0.0,2048.0,0.9962010383605957,0.4382575750350952,2.0969433535356075e-05,0.16031144559383392,,,,,636928
6169.423123662324,0.33195972442626953,,,,,0.0,2048.0,0.9964972138404846,0.44102805852890015,2.2895270376466215e-05,0.17372453212738037,,,,,638976
6119.459739489979,0.3346700668334961,,,,,0.0,2048.0,0.9924538135528564,0.44894686341285706,1.9817689462797716e-05,0.16340579092502594,,,,,641024
6071.39748660607,0.33731937408447266,,,,,0.0,2048.0,0.9912459254264832,0.41028931736946106,2.569227945059538e-05,0.16628172993659973,,,,,643072
6018.824976281865,0.34026575088500977,,,,,0.0,2048.0,0.9568252563476562,0.4299330711364746,2.4595910872449167e-05,0.18158915638923645,,,,,645120
6095.21276782952,0.3360013961791992,,,,,0.0,2048.0,0.9852332472801208,0.47722935676574707,2.3217386114993133e-05,0.1621672660112381,,,,,647168
6088.973834934389,0.3363456726074219,,,,,0.0,2048.0,0.9145835041999817,0.4417070150375366,3.637644476839341e-05,0.17869757115840912,,,,,649216
6072.088462307877,0.3372809886932373,,,,,0.0,2048.0,0.9240904450416565,0.44671642780303955,3.1436971767107025e-05,0.17732654511928558,,,,,651264
6116.623023030436,0.3348252773284912,,,,,0.0,2048.0,0.9632694125175476,0.4633990526199341,4.119568257010542e-05,0.18193095922470093,,,,,653312
6005.737719955701,0.3410072326660156,,,,,0.0,2048.0,0.9671457409858704,0.4802197217941284,4.312377859605476e-05,0.18777357041835785,,,,,655360
6158.325805875761,0.33255791664123535,222.0,222.0,222.0,0.0,1.0,2048.0,0.9594172239303589,0.49525943398475647,4.553857434075326e-05,0.18304547667503357,8101.1008380574885,8101.1008380574885,8101.1008380574885,0.0,657408
6119.525132632278,0.33466649055480957,80.0,72.0,64.0,8.0,2.0,2048.0,0.9733027219772339,0.463887095451355,4.58282302133739e-05,0.17855513095855713,8164.214751610741,7940.932321743974,7717.649891877207,223.28242986676696,659456
6155.770553550596,0.33269596099853516,,,,,0.0,2048.0,0.9656725525856018,0.4734712839126587,8.569665806135163e-05,0.1732577532529831,,,,,661504
6164.605987535775,0.33221912384033203,172.0,172.0,172.0,0.0,1.0,2048.0,0.9813150763511658,0.42756110429763794,4.555605482892133e-05,0.17009010910987854,8176.513471429386,8176.513471429386,8176.513471429386,0.0,663552
6138.710612260649,0.333620548248291,208.0,208.0,208.0,0.0,1.0,2048.0,0.9890058636665344,0.4334513545036316,2.2968837583903223e-05,0.17844809591770172,8169.747418402678,8169.747418402678,8169.747418402678,0.0,665600
6061.081626950639,0.3378934860229492,235.0,235.0,235.0,0.0,1.0,2048.0,0.9846709966659546,0.40611255168914795,2.262375710415654e-05,0.177591472864151,8221.379242781077,8221.379242781077,8221.379242781077,0.0,667648
6066.020979129622,0.337618350982666,120.0,84.5,49.0,35.5,2.0,2048.0,0.9936126470565796,0.3795764446258545,2.624525768624153e-05,0.1730922907590866,8288.750801990589,8269.605087639153,8250.459373287717,19.145714351436254,669696
6095.065720777166,0.33600950241088867,,,,,0.0,2048.0,0.9878575801849365,0.44954776763916016,2.4296068659168668e-05,0.15318024158477783,,,,,671744
6072.637921685704,0.3372504711151123,,,,,0.0,2048.0,0.9937029480934143,0.43530791997909546,2.132739609805867e-05,0.15652506053447723,,,,,673792
6108.080854824959,0.3352935314178467,,,,,0.0,2048.0,0.9936836957931519,0.4313589930534363,2.1307423594407737e-05,0.1685740202665329,,,,,675840
6286.402015176764,0.32578253746032715,,,,,0.0,2048.0,0.9923202991485596,0.4184613823890686,1.6757539924583398e-05,0.16116859018802643,,,,,677888
6201.751659468537,0.3302292823791504,,,,,0.0,2048.0,0.9891495704650879,0.3847886919975281,2.023827073571738e-05,0.1725672334432602,,,,,679936
6008.34641353546,0.34085917472839355,,,,,0.0,2048.0,0.9913066625595093,0.4458157420158386,2.598277569632046e-05,0.1808808445930481,,,,,681984
6097.943076439256,0.33585095405578613,,,,,0.0,2048.0,0.9918345212936401,0.47793757915496826,2.563441557867918e-05,0.1900564730167389,,,,,684032
6196.258118314086,0.3305220603942871,,,,,0.0,2048.0,0.9861564636230469,0.4218270182609558,1.796534525055904e-05,0.18861642479896545,,,,,686080
6018.723762999211,0.3402714729309082,,,,,0.0,2048.0,0.9397187829017639,0.41511958837509155,1.9974339011241682e-05,0.18159300088882446,,,,,688128
5834.1543040289935,0.35103631019592285,,,,,0.0,2048.0,0.9830623865127563,0.393428772687912,2.2817197532276623e-05,0.19179487228393555,,,,,690176
6048.04436298963,0.3386218547821045,,,,,0.0,2048.0,0.981712281703949,0.42340147495269775,2.3446715204045177e-05,0.22531354427337646,,,,,692224
6060.577016480097,0.3379216194152832,,,,,0.0,2048.0,0.9822646975517273,0.4487827718257904,7.498494233004749e-05,0.18322409689426422,,,,,694272
6065.0701491778555,0.33767127990722656,239.0,139.66666666666666,64.0,73.37725957149274,3.0,2048.0,0.9896140098571777,0.4060671627521515,2.316727113793604e-05,0.22099235653877258,7876.527546996887,7221.983741061157,6557.6258872000235,538.4840658157814,696320
6270.437176164857,0.3266119956970215,,,,,0.0,2048.0,0.9881717562675476,0.4102533459663391,8.483548299409449e-05,0.19440630078315735,,,,,698368
6231.969296979177,0.3286280632019043,198.0,198.0,198.0,0.0,1.0,2048.0,0.9826530814170837,0.39189305901527405,2.2878295567352325e-05,0.19859494268894196,8045.180086336821,8045.180086336821,8045.180086336821,0.0,700416
6166.956057770244,0.3320925235748291,173.0,173.0,173.0,0.0,1.0,2048.0,0.9779807329177856,0.3991684317588806,2.2771911972085945e-05,0.20073042809963226,8089.297174420622,8089.297174420622,8089.297174420622,0.0,702464
6169.383245149025,0.33196187019348145,206.0,206.0,206.0,0.0,1.0,2048.0,0.9885212779045105,0.4181881546974182,1.0681852472771425e-05,0.18704918026924133,8219.458084457528,8219.458084457528,8219.458084457528,0.0,704512
6159.094120135515,0.3325164318084717,169.0,160.0,151.0,9.0,2.0,2048.0,0.9866648316383362,0.37121713161468506,1.0613828635541722e-05,0.1745898425579071,7174.358830576953,6895.611014970638,6616.863199364323,278.7478156063148,706560
6081.834640807934,0.33674049377441406,,,,,0.0,2048.0,0.9891221523284912,0.4414218068122864,1.038345362758264e-05,0.1735866516828537,,,,,708608
6109.844743324108,0.33519673347473145,,,,,0.0,2048.0,0.9897685647010803,0.4334096610546112,1.0136302080354653e-05,0.16251565515995026,,,,,710656
6012.202689063867,0.3406405448913574,,,,,0.0,2048.0,0.9914592504501343,0.4205588698387146,1.0614469829306472e-05,0.150351420044899,,,,,712704
6134.6202983919175,0.3338429927825928,,,,,0.0,2048.0,0.9923230409622192,0.41166800260543823,9.29338602873031e-06,0.17662154138088226,,,,,714752
5936.715507523929,0.3449718952178955,,,,,0.0,2048.0,0.9773245453834534,0.42990410327911377,1.242295365955215e-05,0.15681065618991852,,,,,716800
6213.383681172147,0.32961106300354004,,,,,0.0,2048.0,0.9911463260650635,0.4182472229003906,1.2638969565159641e-05,0.17767587304115295,,,,,718848
6072.92556897878,0.3372344970703125,,,,,0.0,2048.0,0.9851745367050171,0.4547991156578064,1.4636708328907844e-05,0.18896985054016113,,,,,720896
6107.737753501488,0.3353123664855957,,,,,0.0,2048.0,0.9668325781822205,0.4193021059036255,1.5421686839545146e-05,0.1854461133480072,,,,,722944
6107.546675805541,0.33532285690307617,,,,,0.0,2048.0,0.9821110367774963,0.4131293296813965,1.9378152501303703e-05,0.2069956213235855,,,,,724992
6227.297804842685,0.3288745880126953,,,,,0.0,2048.0,0.9829584956169128,0.43986421823501587,2.4662311261636205e-05,0.19228550791740417,,,,,727040
6220.704597562972,0.3292231559753418,,,,,0.0,2048.0,0.982160210609436,0.39145198464393616,2.5637560611357912e-05,0.22234247624874115,,,,,729088
6231.173654484231,0.32867002487182617,,,,,0.0,2048.0,0.9824386239051819,0.4364279508590698,0.00010166455467697233,0.21899043023586273,,,,,731136
6203.628313892983,0.33012938499450684,215.0,123.66666666666667,44.0,70.29619872763787,3.0,2048.0,0.9909626841545105,0.4123937785625458,2.3687316570430994e-05,0.2124621421098709,8231.555177391827,8109.367739383687,7876.0335862661295,165.05371781907326,733184
6200.350507977869,0.3303039073944092,,,,,0.0,2048.0,0.9918457269668579,0.4155576825141907,9.577339369570836e-05,0.19648611545562744,,,,,735232
6214.606383802254,0.3295462131500244,151.0,151.0,151.0,0.0,1.0,2048.0,0.9916996359825134,0.39054691791534424,2.4418866814812645e-05,0.19153600931167603,8247.689184444484,8247.689184444484,8247.689184444484,0.0,737280
6262.8846468479005,0.32700586318969727,149.0,149.0,149.0,0.0,1.0,2048.0,0.9908574819564819,0.40687769651412964,2.4232831492554396e-05,0.2117179036140442,8253.005654164403,8253.005654164403,8253.005654164403,0.0,739328
6208.668199450829,0.3298614025115967,157.0,157.0,157.0,0.0,1.0,2048.0,0.9903548955917358,0.4156131148338318,1.2865011740359478e-05,0.19429272413253784,8233.673123848937,8233.673123848937,8233.673123848937,0.0,741376
6275.13696704761,0.3263673782348633,133.0,119.0,105.0,14.0,2.0,2048.0,0.9906180500984192,0.40734633803367615,1.489789065090008e-05,0.19057582318782806,8255.850575443663,8253.630484307243,8251.410393170821,2.220091136420706,743424
6203.28783402504,0.33014750480651855,,,,,0.0,2048.0,0.9943021535873413,0.44377630949020386,1.3004458196519408e-05,0.1696508675813675,,,,,745472
6194.770097278102,0.33060145378112793,,,,,0.0,2048.0,0.993461549282074,0.41558000445365906,1.2465892723412253e-05,0.17014606297016144,,,,,747520
6209.763349104855,0.3298032283782959,,,,,0.0,2048.0,0.9878551363945007,0.42783886194229126,1.4904288036632352e-05,0.17693692445755005,,,,,749568
6228.426633796179,0.3288149833679199,,,,,0.0,2048.0,0.989017903804779,0.39350467920303345,1.5401106793433428e-05,0.17753493785858154,,,,,751616
6203.404309773939,0.3301413059234619,,,,,0.0,2048.0,0.9914987683296204,0.39503222703933716,1.726234950183425e-05,0.1650136262178421,,,,,753664
6212.107549106036,0.3296787738800049,,,,,0.0,2048.0,0.9833598136901855,0.41219088435173035,1.5778783563291654e-05,0.17970314621925354,,,,,755712
6218.394420052484,0.3293454647064209,,,,,0.0,2048.0,0.994056761264801,0.43036749958992004,1.6905931261135265e-05,0.19553735852241516,,,,,757760
6090.873541440946,0.3362407684326172,,,,,0.0,2048.0,0.9886250495910645,0.41908973455429077,1.480354603700107e-05,0.1922285407781601,,,,,759808
6110.822706538844,0.3351430892944336,,,,,0.0,2048.0,0.9898347854614258,0.41744232177734375,1.0501101314730477e-05,0.2113804966211319,,,,,761856
6043.597672036293,0.3388710021972656,,,,,0.0,2048.0,0.9900303483009338,0.4285001754760742,1.463868102291599e-05,0.2014973759651184,,,,,763904
6046.486212991386,0.33870911598205566,,,,,0.0,2048.0,0.9899295568466187,0.4235007166862488,1.606067962711677e-05,0.25126132369041443,,,,,765952
6190.836765346041,0.3308115005493164,243.0,203.0,163.0,40.0,2.0,2048.0,0.9902141690254211,0.4587612748146057,1.4904637282597832e-05,0.24310559034347534,8228.599824589475,8070.236027156691,7911.872229723907,158.36379743278394,768000
6064.256612490346,0.33771657943725586,63.0,63.0,63.0,0.0,1.0,2048.0,0.9896870851516724,0.4758768081665039,1.5010276911198162e-05,0.23531749844551086,8134.51153895396,8134.51153895396,8134.51153895396,0.0,770048
6092.90408319892,0.33612871170043945,,,,,0.0,2048.0,0.9874464869499207,0.4338221251964569,4.153795089223422e-05,0.2071184515953064,,,,,772096
6117.568302920929,0.33477354049682617,78.0,78.0,78.0,0.0,1.0,2048.0,1.0111210346221924,0.430472195148468,1.4672387806058396e-05,0.20372642576694489,8197.256442122909,8197.256442122909,8197.256442122909,0.0,774144
6137.85527270077,0.3336670398712158,60.0,60.0,60.0,0.0,1.0,2048.0,0.9867703914642334,0.45488643646240234,9.57098563958425e-06,0.21470752358436584,8230.2056731049,8230.2056731049,8230.2056731049,0.0,776192
6028.193487536492,0.3397369384765625,69.0,69.0,69.0,0.0,1.0,2048.0,0.986505925655365,0.4216833710670471,9.738039807416499e-06,0.17943960428237915,8266.339436972557,8266.339436972557,8266.339436972557,0.0,778240
6168.971197364055,0.3319840431213379,53.0,46.5,40.0,6.5,2.0,2048.0,0.9887993931770325,0.43491244316101074,1.1267359695921186e-05,0.18317639827728271,8246.964165438709,8235.317521475903,8223.670877513097,11.646643962805683,780288
5997.946153534625,0.34145021438598633,,,,,0.0,2048.0,0.9829630851745605,0.44826841354370117,9.87569092103513e-06,0.1679081916809082,,,,,782336
6165.65024203412,0.33216285705566406,,,,,0.0,2048.0,0.9884657263755798,0.43646442890167236,9.61900605034316e-06,0.15353575348854065,,,,,784384
6195.869287080108,0.33054280281066895,,,,,0.0,2048.0,0.9896427989006042,0.4130154848098755,8.919611900637392e-06,0.17774726450443268,,,,,786432
5951.2139404957215,0.3441314697265625,,,,,0.0,2048.0,0.9722321033477783,0.4113386273384094,1.1429724509071093e-05,0.15486189723014832,,,,,788480
6120.951050545616,0.33458852767944336,,,,,0.0,2048.0,0.9858824610710144,0.37074220180511475,1.1903490303666331e-05,0.18390725553035736,,,,,790528
6005.586560807202,0.3410158157348633,,,,,0.0,2048.0,0.9787501096725464,0.40913665294647217,1.2445756510715e-05,0.18914403021335602,,,,,792576
5995.020111735743,0.3416168689727783,,,,,0.0,2048.0,0.9884915351867676,0.41263195872306824,1.236125626746798e-05,0.19406114518642426,,,,,794624
6112.357653206806,0.33505892753601074,,,,,0.0,2048.0,0.9754106402397156,0.4030595123767853,9.483115718467161e-06,0.20928172767162323,,,,,796672
6101.559846174172,0.33565187454223633,,,,,0.0,2048.0,0.9761968851089478,0.42570382356643677,8.904290552891325e-06,0.1909705102443695,,,,,798720
5989.368679477087,0.34193921089172363,,,,,0.0,2048.0,0.9741787910461426,0.4094020128250122,1.2857786714448594e-05,0.21241649985313416,,,,,800768
6111.840120444724,0.33508729934692383,,,,,0.0,2048.0,0.9750878214836121,0.479828417301178,4.3815634853672236e-05,0.21959225833415985,,,,,802816
5924.35022487184,0.3456919193267822,237.0,210.5,184.0,26.5,2.0,2048.0,0.9812344908714294,0.43572086095809937,1.1038945558539126e-05,0.209136500954628,8128.475052928933,8103.126867569038,8077.778682209143,25.34818535989507,804864
5914.112247813518,0.34629034996032715,48.0,48.0,48.0,0.0,1.0,2048.0,0.9799913167953491,0.46861615777015686,1.1204088878002949e-05,0.20532676577568054,8099.578126980667,8099.578126980667,8099.578126980667,0.0,806912
5982.844353621529,0.3423120975494385,,,,,0.0,2048.0,0.9690006971359253,0.4404756724834442,4.089350113645196e-05,0.19000153243541718,,,,,808960
5985.896167952006,0.34213757514953613,63.0,63.0,63.0,0.0,1.0,2048.0,0.9803197979927063,0.4290829300880432,1.0128885151061695e-05,0.18384578824043274,8225.839977169542,8225.839977169542,8225.839977169542,0.0,811008
6039.140531659328,0.33912110328674316,80.0,80.0,80.0,0.0,1.0,2048.0,0.9857338070869446,0.4459712505340576,5.974269697617274e-06,0.20667241513729095,8175.274283328946,8175.274283328946,8175.274283328946,0.0,813056
6127.128973837174,0.33425116539001465,61.0,61.0,61.0,0.0,1.0,2048.0,0.9842740297317505,0.40984535217285156,6.105286956881173e-06,0.17039409279823303,8303.671658581836,8303.671658581836,8303.671658581836,0.0,815104
6094.706782772069,0.3360292911529541,47.0,43.0,39.0,4.0,2.0,2048.0,0.9865195155143738,0.40816426277160645,6.894061698403675e-06,0.17935019731521606,8290.593078508875,8196.432629914145,8102.272181319416,94.16044859472959,817152
6013.5074570860515,0.34056663513183594,,,,,0.0,2048.0,0.9706519842147827,0.4479321837425232,5.5616469580854755e-06,0.14894644916057587,,,,,819200
6087.830265180535,0.3364088535308838,,,,,0.0,2048.0,0.9744809865951538,0.43200168013572693,5.967242941551376e-06,0.16779689490795135,,,,,821248
5978.522112000356,0.3425595760345459,,,,,0.0,2048.0,0.9665645360946655,0.4026779532432556,5.323512141330866e-06,0.1838379055261612,,,,,823296
6165.8538243658595,0.3321518898010254,,,,,0.0,2048.0,0.9684339761734009,0.4151373505592346,5.048881121183513e-06,0.1651771515607834,,,,,825344
6062.630193680983,0.33780717849731445,,,,,0.0,2048.0,0.9604549407958984,0.3509708046913147,4.481827545532724e-06,0.20264236629009247,,,,,827392
6014.488510419008,0.3405110836029053,,,,,0.0,2048.0,1.0027052164077759,0.41827625036239624,4.9356958697899245e-06,0.21252164244651794,,,,,829440
6051.938989790534,0.33840394020080566,,,,,0.0,2048.0,0.9734459519386292,0.40360701084136963,4.085151886101812e-06,0.18492437899112701,,,,,831488
6142.97770918822,0.3333888053894043,,,,,0.0,2048.0,0.9348859786987305,0.418933629989624,3.640597697085468e-06,0.20836302638053894,,,,,833536
6248.7793996761375,0.3277440071105957,,,,,0.0,2048.0,1.1011371612548828,0.40175414085388184,4.014318619738333e-06,0.18746629357337952,,,,,835584
6174.642793116263,0.331679105758667,,,,,0.0,2048.0,1.1716926097869873,0.44482195377349854,5.854999017174123e-06,0.23174454271793365,,,,,837632
6467.583975328125,0.31665611267089844,,,,,0.0,2048.0,1.1556581258773804,0.4999449551105499,1.3796528946841136e-05,0.21484479308128357,,,,,839680
6190.854612546125,0.330810546875,203.0,183.5,164.0,19.5,2.0,2048.0,0.9929978251457214,0.4395090341567993,5.9432495618239045e-06,0.21001090109348297,8252.13295009807,8219.638678006224,8187.144405914378,32.49427209184614,841728
6126.6744828127285,0.3342759609222412,55.0,55.0,55.0,0.0,1.0,2048.0,0.9931626915931702,0.49329888820648193,5.889523436053423e-06,0.19788628816604614,8208.555789662389,8208.555789662389,8208.555789662389,0.0,843776
6171.027553596393,0.33187341690063477,,,,,0.0,2048.0,0.9931290745735168,0.47093620896339417,1.350429647573037e-05,0.17744769155979156,,,,,845824
6144.243173686703,0.33332014083862305,116.0,116.0,116.0,0.0,1.0,2048.0,1.0913302898406982,0.4636933207511902,5.952959782007383e-06,0.21079228818416595,7737.89393144857,7737.89393144857,7737.89393144857,0.0,847872
6031.681378744726,0.3395404815673828,77.0,77.0,77.0,0.0,1.0,2048.0,1.0425645112991333,0.48495855927467346,2.6205068479612237e-06,0.20675593614578247,8004.823827474257,8004.823827474257,8004.823827474257,0.0,849920
6026.717428992591,0.33982014656066895,41.0,41.0,41.0,0.0,1.0,2048.0,0.9920012354850769,0.4320066273212433,2.5852934868453303e-06,0.2043898105621338,8224.561558780162,8224.561558780162,8224.561558780162,0.0,851968
6150.750083597851,0.33296751976013184,45.0,43.0,41.0,2.0,2.0,2048.0,1.0025994777679443,0.454750120639801,3.139424279652303e-06,0.19823072850704193,8005.725116113923,7968.774880977919,7931.8246458419135,36.95023513600472,854016
6215.145964429415,0.3295176029205322,,,,,0.0,2048.0,1.0481770038604736,0.4751585125923157,2.507490080461139e-06,0.15969276428222656,,,,,856064
6145.821340543341,0.3332345485687256,,,,,0.0,2048.0,0.9923168420791626,0.4400167465209961,2.056890934909461e-06,0.18790362775325775,,,,,858112
6156.608830894801,0.33265066146850586,,,,,0.0,2048.0,1.0299582481384277,0.4164372980594635,1.7922964161698474e-06,0.19103434681892395,,,,,860160
6217.462728958541,0.3293948173522949,,,,,0.0,2048.0,0.9868508577346802,0.42952123284339905,1.9078904642810812e-06,0.180003821849823,,,,,862208
6212.785990675688,0.32964277267456055,,,,,0.0,2048.0,0.9960262775421143,0.3929142951965332,2.5015356186486315e-06,0.18781419098377228,,,,,864256
6216.022982816437,0.3294711112976074,,,,,0.0,2048.0,0.9956586360931396,0.46847718954086304,2.4981775368360104e-06,0.1961064487695694,,,,,866304
6231.589533171315,0.32864809036254883,,,,,0.0,2048.0,0.9934726357460022,0.451678067445755,2.888342805817956e-06,0.1834058165550232,,,,,868352
6227.753802475026,0.32885050773620605,,,,,0.0,2048.0,0.941343367099762,0.4404352605342865,2.4221214971476e-06,0.18415851891040802,,,,,870400
6215.645159936497,0.32949113845825195,,,,,0.0,2048.0,0.9918933510780334,0.43495973944664,2.3831328235246474e-06,0.1849244236946106,,,,,872448
6223.232897752012,0.3290894031524658,,,,,0.0,2048.0,0.9942543506622314,0.46683430671691895,3.196119905624073e-06,0.19135597348213196,,,,,874496
6219.2678526565305,0.3292992115020752,,,,,0.0,2048.0,0.9884477853775024,0.48909252882003784,9.841457540460397e-06,0.17545786499977112,,,,,876544
6102.474463542943,0.3356015682220459,185.0,161.5,138.0,23.5,2.0,2048.0,0.9935640692710876,0.4426763653755188,3.967612883570837e-06,0.2077995240688324,7985.939413492938,7966.55295396413,7947.166494435323,19.386459528807336,878592
6098.276419439664,0.3358325958251953,12.0,12.0,12.0,0.0,1.0,2048.0,0.9939786791801453,0.469505250453949,4.194437224214198e-06,0.17800860106945038,8243.14459942609,8243.14459942609,8243.14459942609,0.0,880640
6316.857601943754,0.32421183586120605,,,,,0.0,2048.0,0.9883785247802734,0.46041610836982727,1.246028932655463e-05,0.17815881967544556,,,,,882688
6222.101443480578,0.3291492462158203,97.0,97.0,97.0,0.0,1.0,2048.0,0.9945719838142395,0.44135135412216187,3.6681424262496876e-06,0.2067517787218094,8191.4157887404535,8191.4157887404535,8191.4157887404535,0.0,884736
6216.184920969182,0.32946252822875977,244.0,137.0,30.0,107.0,2.0,2048.0,0.9956288933753967,0.47211551666259766,1.9507499473547796e-06,0.195948526263237,8227.367304102034,8202.590952591063,8177.814601080092,24.776351510970926,886784
6113.236354889239,0.3350107669830322,249.0,249.0,249.0,0.0,1.0,2048.0,0.9960017800331116,0.44063252210617065,1.9489266378514003e-06,0.18935008347034454,8101.252300514598,8101.252300514598,8101.252300514598,0.0,888832
6279.692308817003,0.32613062858581543,11.0,11.0,11.0,0.0,1.0,2048.0,0.9926033616065979,0.44876521825790405,2.4579567252658308e-06,0.16710366308689117,8185.440329099779,8185.440329099779,8185.440329099779,0.0,890880
6228.489860318345,0.3288116455078125,,,,,0.0,2048.0,0.9865795373916626,0.4625925123691559,2.3932855128805386e-06,0.16511447727680206,,,,,892928
6207.174212643944,0.3299407958984375,,,,,0.0,2048.0,0.9730736017227173,0.4520531892776489,2.0941777165717212e-06,0.1499532014131546,,,,,894976
6004.3859556413,0.34108400344848633,,,,,0.0,2048.0,0.9865124225616455,0.4390553832054138,1.7523118458484532e-06,0.16272620856761932,,,,,897024
6199.943263230375,0.3303256034851074,,,,,0.0,2048.0,0.9785876870155334,0.44780999422073364,2.174181418013177e-06,0.15081149339675903,,,,,899072
6106.2528733017525,0.33539390563964844,,,,,0.0,2048.0,0.964846670627594,0.3847932517528534,2.5285687570431037e-06,0.18370865285396576,,,,,901120
6023.471798507374,0.34000325202941895,,,,,0.0,2048.0,1.262762188911438,0.4627608060836792,2.9058894597255858e-06,0.23439767956733704,,,,,903168
6084.4322997275085,0.3365967273712158,,,,,0.0,2048.0,0.9890829920768738,0.44834786653518677,3.190795496266219e-06,0.16113898158073425,,,,,905216
6006.401230657353,0.3409695625305176,,,,,0.0,2048.0,0.9924871921539307,0.4447501003742218,4.1872049223457e-06,0.1816127449274063,,,,,907264
6149.895788900177,0.33301377296447754,,,,,0.0,2048.0,1.0738502740859985,0.4508553147315979,6.949316230020486e-06,0.20892910659313202,,,,,909312
6133.275588234874,0.33391618728637695,,,,,0.0,2048.0,0.995976448059082,0.47135910391807556,7.2882394306361675e-06,0.21004310250282288,,,,,911360
6156.516167965948,0.332655668258667,,,,,0.0,2048.0,0.9969295263290405,0.49873942136764526,1.3321837286639493e-05,0.20217610895633698,,,,,913408
6145.70262013545,0.33324098587036133,206.0,129.66666666666666,71.0,56.51155240794182,3.0,2048.0,0.996742308139801,0.4399527311325073,6.259409019548912e-06,0.23129190504550934,8154.805445920687,8147.854487597365,8137.823557342021,7.266856507509135,915456
6176.023467629913,0.3316049575805664,,,,,0.0,2048.0,0.9960387349128723,0.4630918800830841,2.7071784643339925e-05,0.19334465265274048,,,,,917504
6109.397157935165,0.3352212905883789,,,,,0.0,2048.0,0.9948729276657104,0.4350873827934265,1.7541546185384504e-05,0.18553295731544495,,,,,919552
6011.462169489532,0.3406825065612793,250.0,150.0,50.0,100.0,2.0,2048.0,0.9905598163604736,0.4718567132949829,6.00598059463664e-06,0.2122359722852707,8271.226466126154,8251.010990336683,8230.79551454721,20.215475789472293,921600
6024.35047819961,0.3399536609649658,234.0,234.0,234.0,0.0,1.0,2048.0,0.9949948787689209,0.444723904132843,3.1620843401469756e-06,0.19642460346221924,8200.21458832779,8200.21458832779,8200.21458832779,0.0,923648
6183.385636008165,0.3312101364135742,251.0,226.5,202.0,24.5,2.0,2048.0,0.9956547021865845,0.4269760847091675,4.553431153908605e-06,0.2189980149269104,8284.459970344556,8264.225284233184,8243.990598121813,20.234686111371957,925696
6184.801395082937,0.3311343193054199,,,,,0.0,2048.0,0.9957477450370789,0.4642905294895172,4.355999863037141e-06,0.18605317175388336,,,,,927744
6201.326322917576,0.33025193214416504,,,,,0.0,2048.0,0.9969112873077393,0.46885401010513306,3.711676072271075e-06,0.17818234860897064,,,,,929792
6175.845854315073,0.33161449432373047,,,,,0.0,2048.0,0.9868673086166382,0.4449983835220337,3.6789588193641976e-06,0.1623048335313797,,,,,931840
6209.301005206022,0.32982778549194336,,,,,0.0,2048.0,0.9859611988067627,0.413384348154068,3.7198683457972948e-06,0.173757866024971,,,,,933888
6208.632299444833,0.3298633098602295,,,,,0.0,2048.0,0.9711319208145142,0.4242192506790161,4.075175183970714e-06,0.15309150516986847,,,,,935936
6197.943617765072,0.3304321765899658,,,,,0.0,2048.0,0.9814789295196533,0.40618449449539185,3.7159634302952327e-06,0.1823350489139557,,,,,937984
6208.484216308418,0.32987117767333984,,,,,0.0,2048.0,0.9700224995613098,0.4760274887084961,4.197390353510855e-06,0.1686636507511139,,,,,940032
5946.142759737316,0.3444249629974365,,,,,0.0,2048.0,0.9306142926216125,0.4703664183616638,4.398792043502908e-06,0.14744672179222107,,,,,942080
6067.944965651214,0.3375113010406494,,,,,0.0,2048.0,0.9024636745452881,0.41694000363349915,4.112229817110347e-06,0.16206221282482147,,,,,944128
6244.804444531684,0.32795262336730957,,,,,0.0,2048.0,0.9790638089179993,0.42550432682037354,6.90491924615344e-06,0.183733731508255,,,,,946176
6114.019569282192,0.33496785163879395,,,,,0.0,2048.0,0.9862512946128845,0.4679264426231384,6.7727833084063604e-06,0.18990015983581543,,,,,948224
6128.370427498115,0.3341834545135498,,,,,0.0,2048.0,0.9937641620635986,0.5152550935745239,1.9957225958933122e-05,0.18113288283348083,,,,,950272
6123.2548533758,0.33446264266967773,240.0,158.0,117.0,57.982756057296896,3.0,2048.0,0.9960740208625793,0.4272376596927643,7.856462616473436e-06,0.2037709802389145,8300.631211223506,8287.936745021443,8275.229674197757,10.37013789606141,952320
5991.7792664722865,0.34180164337158203,,,,,0.0,2048.0,0.9933335185050964,0.46384650468826294,8.358580817002803e-05,0.19275079667568207,,,,,954368
6230.622248785781,0.32869911193847656,,,,,0.0,2048.0,0.990676760673523,0.4494844675064087,2.4301347366417758e-05,0.18376348912715912,,,,,956416
6118.396207277741,0.3347282409667969,88.0,88.0,88.0,0.0,1.0,2048.0,0.9951491355895996,0.4444875121116638,7.070084393490106e-06,0.19711081683635712,8277.948455478014,8277.948455478014,8277.948455478014,0.0,958464
6135.882321595542,0.3337743282318115,251.0,134.0,17.0,117.0,2.0,2048.0,0.9941173791885376,0.43326154351234436,3.3571461699466454e-06,0.1956910640001297,8325.1369080964,8312.036324683595,8298.93574127079,13.100583412804554,960512
6068.570845628936,0.3374764919281006,210.0,210.0,210.0,0.0,1.0,2048.0,0.9931095838546753,0.41182780265808105,4.7622615966247395e-06,0.1870138943195343,8300.580594931247,8300.580594931247,8300.580594931247,0.0,962560
6198.8784144606,0.3303823471069336,4.0,4.0,4.0,0.0,1.0,2048.0,0.9795618653297424,0.44004833698272705,4.541431735560764e-06,0.16874463856220245,8295.680229229354,8295.680229229354,8295.680229229354,0.0,964608
6066.980677331639,0.33756494522094727,,,,,0.0,2048.0,0.9902333617210388,0.47082576155662537,3.1969559586286778e-06,0.15806783735752106,,,,,966656
6202.951870792756,0.33016538619995117,,,,,0.0,2048.0,0.9801731705665588,0.4773050546646118,2.9331229143281234e-06,0.13001446425914764,,,,,968704
6194.904123933643,0.3305943012237549,,,,,0.0,2048.0,0.979033350944519,0.4390687644481659,2.9293585157574853e-06,0.1413411945104599,,,,,970752
6185.5139718791,0.33109617233276367,,,,,0.0,2048.0,0.9724202156066895,0.4484971761703491,3.7577951843559276e-06,0.14188414812088013,,,,,972800
6201.644200516062,0.33023500442504883,,,,,0.0,2048.0,0.9610061049461365,0.4355911612510681,4.312581495469203e-06,0.17044572532176971,,,,,974848
6147.998694524446,0.3331165313720703,,,,,0.0,2048.0,0.9730382561683655,0.4795647859573364,4.674095180234872e-06,0.17463380098342896,,,,,976896
6132.189738105674,0.33397531509399414,,,,,0.0,2048.0,0.9081747531890869,0.4665709137916565,4.577690106088994e-06,0.15646354854106903,,,,,978944
6195.793314262551,0.33054685592651367,,,,,0.0,2048.0,0.9752089977264404,0.4085981547832489,3.9992241909203585e-06,0.1745152622461319,,,,,980992
6214.260202243517,0.32956457138061523,,,,,0.0,2048.0,0.9873060584068298,0.40608882904052734,5.881317065359326e-06,0.19501414895057678,,,,,983040
6376.034975675872,0.32120275497436523,,,,,0.0,2048.0,0.987056314945221,0.4411129951477051,5.838582183059771e-06,0.19004584848880768,,,,,985088
6064.800373351672,0.33768630027770996,,,,,0.0,2048.0,0.9931108355522156,0.4759137034416199,1.3302808838489e-05,0.20452404022216797,,,,,987136
6061.235592636707,0.33788490295410156,175.0,109.66666666666667,73.0,46.31294515455575,3.0,2048.0,0.9960585832595825,0.4169878661632538,6.351294359774329e-06,0.215167835354805,8264.460939932549,8205.537286455206,8174.316092196715,41.690071387228734,989184
6022.242921882712,0.3400726318359375,,,,,0.0,2048.0,0.9918482899665833,0.41274499893188477,4.774346962221898e-05,0.18813887238502502,,,,,991232
6032.808186140589,0.3394770622253418,,,,,0.0,2048.0,0.9948666095733643,0.42729291319847107,1.3952917470305692e-05,0.19950269162654877,,,,,993280
6065.425604764255,0.33765149116516113,249.0,143.5,38.0,105.5,2.0,2048.0,0.9935284852981567,0.4576997756958008,5.419478839030489e-06,0.1937866508960724,8303.116089282179,8276.287296137058,8249.458502991936,26.82879314512138,995328
6124.451071038469,0.3343973159790039,202.0,202.0,202.0,0.0,1.0,2048.0,0.9874207973480225,0.442508339881897,2.534662144171307e-06,0.1990542709827423,8264.787999831664,8264.787999831664,8264.787999831664,0.0,997376
6042.6878643050995,0.33892202377319336,236.0,209.0,182.0,27.0,2.0,2048.0,0.9939743280410767,0.4250373840332031,3.0624205464846455e-06,0.19903580844402313,8303.480916014836,8272.654641549329,8241.82836708382,30.826274465508504,999424
6011.537896071685,0.34067821502685547,,,,,0.0,2048.0,0.982887864112854,0.44467344880104065,3.2522075343877077e-06,0.16734431684017181,,,,,1001472
6028.536171843363,0.3397176265716553,,,,,0.0,2048.0,0.9710007905960083,0.45386528968811035,2.813549372149282e-06,0.16448567807674408,,,,,1003520
6069.84443838319,0.3374056816101074,,,,,0.0,2048.0,0.9463292360305786,0.47570279240608215,2.6717555101640755e-06,0.15245488286018372,,,,,1005568
6097.795897621558,0.3358590602874756,,,,,0.0,2048.0,0.9570338129997253,0.4257689118385315,2.8234724140929757e-06,0.1791292130947113,,,,,1007616
5979.962165138713,0.34247708320617676,,,,,0.0,2048.0,0.921718955039978,0.43864551186561584,3.5540631415642565e-06,0.15751773118972778,,,,,1009664
6013.242248703713,0.34058165550231934,,,,,0.0,2048.0,0.9594462513923645,0.40167737007141113,3.383156126801623e-06,0.1999533474445343,,,,,1011712
6161.029001525566,0.3324120044708252,,,,,0.0,2048.0,0.9682132601737976,0.4737688899040222,2.567860974522773e-06,0.18519629538059235,,,,,1013760
5982.436013564006,0.34233546257019043,,,,,0.0,2048.0,0.966616690158844,0.4696931540966034,3.2650789307808736e-06,0.1717139333486557,,,,,1015808
6019.639023535637,0.34021973609924316,,,,,0.0,2048.0,0.9445472359657288,0.41861432790756226,2.935091515610111e-06,0.1931081861257553,,,,,1017856
5994.9071459278985,0.34162330627441406,,,,,0.0,2048.0,0.9721730947494507,0.39646631479263306,3.5047503388341283e-06,0.18155230581760406,,,,,1019904
5968.004991207721,0.34316325187683105,,,,,0.0,2048.0,0.9806451201438904,0.4287312626838684,3.2370276130677667e-06,0.18116462230682373,,,,,1021952
5990.245791628516,0.3418891429901123,,,,,0.0,2048.0,0.9792531728744507,0.4852272868156433,8.095911653072108e-06,0.19999542832374573,,,,,1024000
8674.59867506867,0.23609161376953125,162.0,113.0,85.0,34.76588366008646,3.0,2048.0,0.9909700751304626,0.4072760343551636,3.070006869165809e-06,0.20281323790550232,8342.20958511139,8308.573845255387,8242.19325553194,46.939574208175735,1026048
8667.902373852807,0.23627400398254395,,,,,0.0,2048.0,0.9893422722816467,0.4188709259033203,1.5222271940729115e-05,0.1738235056400299,,,,,1028096
8597.448762218179,0.23821020126342773,,,,,0.0,2048.0,0.9748552441596985,0.44142889976501465,9.071897693502251e-06,0.1902949959039688,,,,,1030144
8881.542269328875,0.2305905818939209,228.0,131.5,35.0,96.5,2.0,2048.0,0.9785116910934448,0.46797478199005127,3.119753728242358e-06,0.19167697429656982,8307.459823843574,8306.964012011706,8306.468200179837,0.49581183186819544,1032192
8821.517057801402,0.23215961456298828,184.0,184.0,184.0,0.0,1.0,2048.0,0.989534854888916,0.4679816961288452,1.9472126950859092e-06,0.1880303919315338,8266.676256701503,8266.676256701503,8266.676256701503,0.0,1034240
8844.988685742059,0.23154354095458984,213.0,190.5,168.0,22.5,2.0,2048.0,0.9835085868835449,0.4282936453819275,2.4250266505987383e-06,0.19843484461307526,8329.875007811585,8300.004245850421,8270.133483889256,29.870761961164135,1036288
8831.947620702489,0.23188543319702148,,,,,0.0,2048.0,0.9790487885475159,0.4728754162788391,2.4465200567647116e-06,0.14535154402256012,,,,,1038336
8882.341266492947,0.23056983947753906,,,,,0.0,2048.0,0.986457109451294,0.45431971549987793,1.9877243175869808e-06,0.15568530559539795,,,,,1040384
8818.863468786221,0.23222947120666504,,,,,0.0,2048.0,0.9735372066497803,0.46201375126838684,1.9006020011147484e-06,0.16411495208740234,,,,,1042432
8860.041827142259,0.23115015029907227,,,,,0.0,2048.0,0.983256995677948,0.4448722302913666,1.6489721019752324e-06,0.1629110723733902,,,,,1044480
8887.322166329724,0.23044061660766602,,,,,0.0,2048.0,0.9647576808929443,0.4331042170524597,1.965577666851459e-06,0.1582479178905487,,,,,1046528
8946.133857677278,0.2289257049560547,,,,,0.0,2048.0,0.9779233932495117,0.43599045276641846,2.000130052692839e-06,0.19907735288143158,,,,,1048576
8868.521456513457,0.23092913627624512,,,,,0.0,2048.0,0.9764918684959412,0.48085516691207886,1.8663936316443142e-06,0.17083559930324554,,,,,1050624
8871.049272392856,0.23086333274841309,,,,,0.0,2048.0,0.9607493877410889,0.4646778106689453,2.053863227047259e-06,0.17000845074653625,,,,,1052672
8882.52496432486,0.23056507110595703,,,,,0.0,2048.0,0.9692556858062744,0.41337117552757263,1.922979436130845e-06,0.19458775222301483,,,,,1054720
8912.486386825605,0.22978997230529785,,,,,0.0,2048.0,0.9892625212669373,0.3946110010147095,2.2014896785549354e-06,0.1980888694524765,,,,,1056768
8886.862439839932,0.2304525375366211,,,,,0.0,2048.0,0.9724225997924805,0.4619966447353363,2.0425891307240818e-06,0.1865774691104889,,,,,1058816
8893.717293597407,0.23027491569519043,,,,,0.0,2048.0,0.9668919444084167,0.4896749258041382,8.15968815004453e-06,0.19441735744476318,,,,,1060864
8829.868611788119,0.23194003105163574,119.0,59.666666666666664,29.0,41.96294661828324,3.0,2048.0,0.9966514110565186,0.41613107919692993,2.5079705210373504e-06,0.20357081294059753,8248.950948892789,8243.1862349586,8239.372291082285,4.146629090936286,1062912
8863.058606002576,0.23107147216796875,,,,,0.0,2048.0,0.9973047375679016,0.4279671907424927,8.731173693377059e-06,0.20113928616046906,,,,,1064960
8964.573064957645,0.2284548282623291,245.0,245.0,245.0,0.0,1.0,2048.0,0.9927477240562439,0.4114130735397339,2.438443289065617e-06,0.18893378973007202,8280.449396372056,8280.449396372056,8280.449396372056,0.0,1067008
8921.641212272283,0.2295541763305664,201.0,201.0,201.0,0.0,1.0,2048.0,0.9977320432662964,0.46904224157333374,2.533451606723247e-06,0.18488389253616333,8248.679036717174,8248.679036717174,8248.679036717174,0.0,1069056
8404.20173368555,0.24368762969970703,118.0,118.0,118.0,0.0,1.0,2048.0,0.9933156967163086,0.4590913653373718,1.395731715092552e-06,0.19127081334590912,8248.381878058548,8248.381878058548,8248.381878058548,0.0,1071104
8457.182202960135,0.24216103553771973,156.0,132.0,108.0,24.0,2.0,2048.0,0.9954505562782288,0.40583187341690063,1.5237787920341361e-06,0.1815318465232849,8296.273416351169,8283.627746891809,8270.98207743245,12.645669459358942,1073152
8408.199762336852,0.24357175827026367,,,,,0.0,2048.0,0.9936428666114807,0.44885924458503723,1.3479259450832615e-06,0.15916112065315247,,,,,1075200
8932.133560849714,0.22928452491760254,,,,,0.0,2048.0,0.99154132604599,0.45435991883277893,1.1600822062973748e-06,0.1598067730665207,,,,,1077248
8017.2765617475,0.2554483413696289,,,,,0.0,2048.0,0.983645498752594,0.42955482006073,1.1402888731026906e-06,0.1658392995595932,,,,,1079296
8677.069726190404,0.2360243797302246,,,,,0.0,2048.0,0.9704803228378296,0.4500669240951538,1.112541212933138e-06,0.16044244170188904,,,,,1081344
8639.594983967847,0.23704814910888672,,,,,0.0,2048.0,0.9782753586769104,0.4131775498390198,1.3159345826352364e-06,0.16508522629737854,,,,,1083392
8644.898858945173,0.23690271377563477,,,,,0.0,2048.0,0.9653414487838745,0.42995840311050415,1.4159423926685122e-06,0.19565054774284363,,,,,1085440
8692.127940192848,0.23561549186706543,,,,,0.0,2048.0,0.9870390295982361,0.46091628074645996,1.3654633903570357e-06,0.1638544797897339,,,,,1087488
8647.953713463627,0.23681902885437012,,,,,0.0,2048.0,0.9418994188308716,0.4456057548522949,1.517612304269278e-06,0.17313800752162933,,,,,1089536
8642.09829732264,0.23697948455810547,,,,,0.0,2048.0,0.9569750428199768,0.3930034637451172,2.042900177912088e-06,0.20448486506938934,,,,,1091584
8639.968650454784,0.23703789710998535,,,,,0.0,2048.0,0.9963303208351135,0.4271954894065857,2.8276999728404917e-06,0.20828470587730408,,,,,1093632
8651.951782376073,0.2367095947265625,,,,,0.0,2048.0,0.9779945611953735,0.47306567430496216,2.871573542506667e-06,0.18322822451591492,,,,,1095680
8612.663410740945,0.23778939247131348,210.0,209.5,209.0,0.5,2.0,2048.0,0.9912188649177551,0.4666934311389923,2.6789202820509672e-06,0.20493032038211823,8302.266076478341,8262.619922231557,8222.973767984773,39.646154246784135,1097728
8633.369071800227,0.23721909523010254,43.0,43.0,43.0,0.0,1.0,2048.0,0.9953746199607849,0.4584735035896301,2.733166866164538e-06,0.1904234141111374,8233.93661963466,8233.93661963466,8233.93661963466,0.0,1099776
8653.63399181374,0.2366635799407959,,,,,0.0,2048.0,0.9953211545944214,0.4269660711288452,8.40897519083228e-06,0.17466770112514496,,,,,1101824
8640.342349265615,0.23702764511108398,169.0,169.0,169.0,0.0,1.0,2048.0,0.9965658187866211,0.42257294058799744,2.6008417535194894e-06,0.18265646696090698,8236.611356835878,8236.611356835878,8236.611356835878,0.0,1103872
8441.208931830086,0.24261927604675293,127.0,127.0,127.0,0.0,1.0,2048.0,0.99397873878479,0.46222057938575745,1.025097731144342e-06,0.18032553791999817,8250.446969846584,8250.446969846584,8250.446969846584,0.0,1105920
8453.86956140912,0.24225592613220215,34.0,34.0,34.0,0.0,1.0,2048.0,0.9963473081588745,0.4393710792064667,1.0259201417284203e-06,0.17326964437961578,8253.871954142302,8253.871954142302,8253.871954142302,0.0,1107968
8473.642324735332,0.24169063568115234,100.0,75.5,51.0,24.5,2.0,2048.0,0.9956839084625244,0.3979215621948242,1.2757863032675232e-06,0.1841890811920166,8298.73110018281,8294.644376603468,8290.557653024129,4.086723579340287,1110016
8482.394790841709,0.2414412498474121,,,,,0.0,2048.0,0.9923756718635559,0.44066745042800903,1.0867371429412742e-06,0.16067461669445038,,,,,1112064
8482.562318176522,0.24143648147583008,,,,,0.0,2048.0,0.9911265969276428,0.4467572569847107,9.576754109730246e-07,0.1679685115814209,,,,,1114112
8481.172041736767,0.24147605895996094,,,,,0.0,2048.0,0.9919242262840271,0.414455771446228,9.770477618076256e-07,0.19095411896705627,,,,,1116160
8620.243367680765,0.2375802993774414,,,,,0.0,2048.0,0.9861068725585938,0.4448435306549072,9.60181068876409e-07,0.16116580367088318,,,,,1118208
8631.599321926942,0.23726773262023926,,,,,0.0,2048.0,0.9754094481468201,0.3853718042373657,1.131584895119886e-06,0.18377044796943665,,,,,1120256
8682.665459103222,0.2358722686767578,,,,,0.0,2048.0,0.9847723245620728,0.43100303411483765,9.444174793316051e-07,0.2006872445344925,,,,,1122304
8633.551293132907,0.2372140884399414,,,,,0.0,2048.0,0.9285354614257812,0.4683382511138916,7.969184707690147e-07,0.1691148281097412,,,,,1124352
8638.02246305181,0.2370913028717041,,,,,0.0,2048.0,0.9332681894302368,0.4569549262523651,9.679137065177201e-07,0.18769124150276184,,,,,1126400
8945.891619541559,0.22893190383911133,,,,,0.0,2048.0,0.9427040815353394,0.3933558166027069,8.239223916461924e-07,0.20636829733848572,,,,,1128448
8833.927674365988,0.23183345794677734,,,,,0.0,2048.0,0.959797739982605,0.4464394450187683,1.2144910215283744e-06,0.21188656985759735,,,,,1130496
8870.243145645545,0.23088431358337402,,,,,0.0,2048.0,0.9429671764373779,0.45606404542922974,1.5204548162728315e-06,0.17929664254188538,,,,,1132544
8882.31371247349,0.23057055473327637,174.0,162.5,151.0,11.5,2.0,2048.0,0.9936288595199585,0.42541059851646423,1.7293191376666073e-06,0.20838159322738647,8291.43786524742,8281.816320342394,8272.194775437369,9.621544905025985,1134592
8762.42288652117,0.23372530937194824,4.0,4.0,4.0,0.0,1.0,2048.0,0.9922751784324646,0.4178760349750519,1.8278432207807782e-06,0.17641581594944,8310.707234106048,8310.707234106048,8310.707234106048,0.0,1136640
8583.651359205061,0.23859310150146484,,,,,0.0,2048.0,0.9860807061195374,0.43377652764320374,4.609281859302428e-06,0.18813806772232056,,,,,1138688
8560.802182174062,0.23922991752624512,115.0,115.0,115.0,0.0,1.0,2048.0,0.9927197694778442,0.38517844676971436,1.6299720755341696e-06,0.18904538452625275,8313.263736240397,8313.263736240397,8313.263736240397,0.0,1140736
8582.030541870938,0.23863816261291504,230.0,146.0,62.0,84.0,2.0,2048.0,0.9940786957740784,0.42953142523765564,6.544853476952994e-07,0.18800754845142365,8305.172397684986,8276.940007432662,8248.707617180338,28.232390252323967,1142784
8570.91572999514,0.23894762992858887,,,,,0.0,2048.0,0.9882966876029968,0.39602237939834595,6.817527946623159e-07,0.1939879208803177,,,,,1144832
8592.409205851285,0.23834991455078125,28.0,16.0,4.0,12.0,2.0,2048.0,0.9879136085510254,0.41304245591163635,7.866873374950956e-07,0.19877535104751587,8324.16159086985,8307.960886578718,8291.760182287586,16.200704291131842,1146880
8615.237544668691,0.2377183437347412,,,,,0.0,2048.0,0.9873058199882507,0.3985961675643921,6.991425607338897e-07,0.1823749840259552,,,,,1148928
8605.924399534335,0.2379755973815918,,,,,0.0,2048.0,0.986156165599823,0.4205390512943268,6.679586590507824e-07,0.17345945537090302,,,,,1150976
8590.03767245207,0.23841571807861328,,,,,0.0,2048.0,0.9558724164962769,0.39152222871780396,8.628119303466519e-07,0.19754087924957275,,,,,1153024
8647.666412973007,0.23682689666748047,,,,,0.0,2048.0,0.9608887434005737,0.42124438285827637,6.799494940423756e-07,0.18115311861038208,,,,,1155072
8617.709469620588,0.23765015602111816,,,,,0.0,2048.0,0.986321210861206,0.3587470054626465,7.672339847886178e-07,0.2131517231464386,,,,,1157120
8602.502848661896,0.23807024955749512,,,,,0.0,2048.0,0.9661583304405212,0.40706419944763184,7.707354257036059e-07,0.22400574386119843,,,,,1159168
8624.770038184226,0.2374556064605713,,,,,0.0,2048.0,0.9922109246253967,0.4334414005279541,9.199593478115276e-07,0.19256897270679474,,,,,1161216
8637.423144448176,0.2371077537536621,,,,,0.0,2048.0,0.847663938999176,0.38619595766067505,8.615240858489415e-07,0.18531279265880585,,,,,1163264
8499.861559058656,0.24094510078430176,,,,,0.0,2048.0,0.9367545247077942,0.37909069657325745,8.370514024136355e-07,0.2058553546667099,,,,,1165312
8523.443211507034,0.2402784824371338,,,,,0.0,2048.0,0.9881342053413391,0.43466949462890625,1.1347730151101132e-06,0.19276835024356842,,,,,1167360
8664.3614569149,0.23637056350708008,,,,,0.0,2048.0,0.9601387977600098,0.4520658552646637,4.214664386381628e-06,0.2011624127626419,,,,,1169408
8607.683635656724,0.23792695999145508,219.0,149.66666666666666,109.0,49.27022991173834,3.0,2048.0,0.9947640299797058,0.4034811556339264,1.4856752841296839e-06,0.21365202963352203,8288.802008972129,8270.975980384954,8256.193463097155,13.485215034551498,1171456
8827.908522028318,0.23199152946472168,,,,,0.0,2048.0,0.9939944744110107,0.4108271598815918,5.086517376184929e-06,0.19050125777721405,,,,,1173504
8858.15053195713,0.2311995029449463,,,,,0.0,2048.0,0.983449399471283,0.42331987619400024,5.494523975357879e-06,0.18454894423484802,,,,,1175552
8617.26856789737,0.23766231536865234,59.0,59.0,59.0,0.0,1.0,2048.0,0.9915163516998291,0.4069828391075134,1.5054656614665873e-06,0.19945929944515228,8308.320718288782,8308.320718288782,8308.320718288782,0.0,1177600
8629.856307277465,0.23731565475463867,182.0,111.0,40.0,71.0,2.0,2048.0,0.9919922947883606,0.4228449761867523,5.085016709927004e-07,0.2147349715232849,8328.16717991516,8290.985488737557,8253.803797559953,37.18169117760408,1179648
8566.65043611464,0.23906660079956055,221.0,209.0,197.0,12.0,2.0,2048.0,0.9889645576477051,0.38584816455841064,6.655095035057457e-07,0.2074192762374878,8285.755034640453,8264.751861381046,8243.748688121641,21.00317325940614,1181696
8643.959337861636,0.23692846298217773,,,,,0.0,2048.0,0.9897095561027527,0.4329489469528198,6.46538808268815e-07,0.17532889544963837,,,,,1183744
8585.667515244922,0.23853707313537598,,,,,0.0,2048.0,0.9841262698173523,0.424784779548645,4.385436795928399e-07,0.18059389293193817,,,,,1185792
8388.050980989543,0.2441568374633789,,,,,0.0,2048.0,0.9584489464759827,0.4173797369003296,4.272995113296929e-07,0.17823950946331024,,,,,1187840
8428.437304802675,0.24298691749572754,,,,,0.0,2048.0,0.9908159971237183,0.3899528384208679,5.011604002902459e-07,0.2019827961921692,,,,,1189888
8397.505747789406,0.2438819408416748,,,,,0.0,2048.0,0.9669229984283447,0.43599623441696167,5.874978796782671e-07,0.18033075332641602,,,,,1191936
8405.073407475973,0.24366235733032227,,,,,0.0,2048.0,0.9667251110076904,0.3969617486000061,6.747983434252092e-07,0.19675055146217346,,,,,1193984
8489.65478962495,0.24123477935791016,,,,,0.0,2048.0,0.9795156121253967,0.47014403343200684,6.382011292771494e-07,0.19045543670654297,,,,,1196032
8366.360344513563,0.24478983879089355,,,,,0.0,2048.0,0.9737746119499207,0.4565841555595398,7.05042737081385e-07,0.170895054936409,,,,,1198080
8840.33714153395,0.23166537284851074,,,,,0.0,2048.0,0.9724471569061279,0.43330392241477966,6.004568149364786e-07,0.19581972062587738,,,,,1200128
8911.164240543098,0.22982406616210938,,,,,0.0,2048.0,0.9852609634399414,0.4144248366355896,7.950642384457751e-07,0.17285092175006866,,,,,1202176
8875.082104949937,0.2307584285736084,,,,,0.0,2048.0,0.9959365725517273,0.4018131494522095,7.796576255714172e-07,0.20533215999603271,,,,,1204224
8866.489258460646,0.23098206520080566,,,,,0.0,2048.0,0.9932787418365479,0.44423559308052063,3.8808188946859445e-06,0.1856604963541031,,,,,1206272
8852.454118895857,0.23134827613830566,224.0,160.0,119.0,45.8475735453906,3.0,2048.0,0.99659264087677,0.42594611644744873,1.1368789500920684e-06,0.19606050848960876,8328.423268974037,8312.083617698445,8301.234384703095,11.75917731373138,1208320
8841.474542740982,0.23163557052612305,,,,,0.0,2048.0,0.9938754439353943,0.427640438079834,4.323837856645696e-06,0.18284940719604492,,,,,1210368
8857.127559074603,0.23122620582580566,,,,,0.0,2048.0,0.9944809675216675,0.39557814598083496,3.0135104225337273e-06,0.1813829094171524,,,,,1212416
8805.899271636896,0.23257136344909668,240.0,122.5,5.0,117.5,2.0,2048.0,0.9956462979316711,0.4060250520706177,1.0687037956813583e-06,0.1916329711675644,8286.708839592744,8274.735121394811,8262.761403196879,11.973718197932612,1214464
8653.320162188027,0.23667216300964355,128.0,128.0,128.0,0.0,1.0,2048.0,0.996778666973114,0.40554535388946533,4.3357317736081313e-07,0.19390670955181122,8310.778766770012,8310.778766770012,8310.778766770012,0.0,1216512
8634.098003286812,0.237199068069458,196.0,168.5,141.0,27.5,2.0,2048.0,0.9972939491271973,0.3773294985294342,5.176513582227926e-07,0.199477419257164,8337.331406538398,8316.42439410352,8295.517381668642,20.907012434878197,1218560
8615.583183136196,0.23770880699157715,,,,,0.0,2048.0,0.9881354570388794,0.4292459487915039,4.564375331028714e-07,0.17006948590278625,,,,,1220608
8375.660080169035,0.24451804161071777,,,,,0.0,2048.0,0.9937594532966614,0.4070728123188019,4.296570068618166e-07,0.17036928236484528,,,,,1222656
8419.45741819636,0.24324607849121094,,,,,0.0,2048.0,0.9959651231765747,0.3931017518043518,3.7348740988818463e-07,0.18018560111522675,,,,,1224704
8466.075901560174,0.24190664291381836,,,,,0.0,2048.0,0.9886947274208069,0.3600623905658722,3.1012154977361206e-07,0.20562230050563812,,,,,1226752
8614.866014245226,0.23772859573364258,,,,,0.0,2048.0,0.9946550726890564,0.4091261327266693,4.3355046841497824e-07,0.17759571969509125,,,,,1228800
8667.237684911728,0.23629212379455566,,,,,0.0,2048.0,0.9900289177894592,0.36822420358657837,4.60528440271446e-07,0.19851937890052795,,,,,1230848
8649.660497736873,0.2367722988128662,,,,,0.0,2048.0,0.9790312051773071,0.44136056303977966,5.110070446789905e-07,0.18075716495513916,,,,,1232896
8647.544533683398,0.2368302345275879,,,,,0.0,2048.0,0.9858850240707397,0.4362867474555969,6.351924071168469e-07,0.17746219038963318,,,,,1234944
8652.012783723214,0.2367079257965088,,,,,0.0,2048.0,0.9865232706069946,0.42035579681396484,6.580625608876289e-07,0.1986360400915146,,,,,1236992
8638.839059918197,0.23706889152526855,,,,,0.0,2048.0,0.9901927709579468,0.4212093949317932,9.6440737706871e-07,0.1805838942527771,,,,,1239040
8644.4725694406,0.23691439628601074,,,,,0.0,2048.0,0.9935034513473511,0.45094549655914307,9.06625530205929e-07,0.2127237766981125,,,,,1241088
8639.603673519061,0.23704791069030762,,,,,0.0,2048.0,0.9874449372291565,0.46454519033432007,3.4001911899395054e-06,0.17987249791622162,,,,,1243136
8578.482318105329,0.23873686790466309,134.0,69.66666666666667,36.0,45.50702021544466,3.0,2048.0,1.1661016941070557,0.506881833076477,7.075479970808374e-07,0.1973324865102768,8275.033426300663,8262.961593847345,8254.813867504328,8.708486131479996,1245184
8573.225375742677,0.23888325691223145,,,,,0.0,2048.0,0.9901782870292664,0.484128475189209,4.1580233300919645e-06,0.17858491837978363,,,,,1247232
8428.329796482249,0.24299001693725586,177.0,177.0,177.0,0.0,1.0,2048.0,1.0082095861434937,0.41507887840270996,7.139946092138416e-07,0.18507322669029236,8296.494580162756,8296.494580162756,8296.494580162756,0.0,1249280
8825.051617185043,0.23206663131713867,177.0,177.0,177.0,0.0,1.0,2048.0,0.9965800046920776,0.46082159876823425,6.72870839935058e-07,0.18404489755630493,8270.604490927828,8270.604490927828,8270.604490927828,0.0,1251328
8759.14373058749,0.23381280899047852,79.0,79.0,79.0,0.0,1.0,2048.0,0.9900429844856262,0.463137149810791,4.140950693454215e-07,0.19267292320728302,8168.448903867173,8168.448903867173,8168.448903867173,0.0,1253376
8814.646371960385,0.23234057426452637,116.0,97.5,79.0,18.5,2.0,2048.0,0.9923279881477356,0.42230385541915894,6.288385066000046e-07,0.20262031257152557,8300.753472915723,8290.747385550103,8280.741298184483,10.00608736562026,1255424
8864.092096451137,0.23104453086853027,,,,,0.0,2048.0,0.965949535369873,0.449739009141922,4.411070619880775e-07,0.16845731437206268,,,,,1257472
8801.180527009277,0.2326960563659668,,,,,0.0,2048.0,0.9892334342002869,0.39750146865844727,3.928511489448283e-07,0.19250470399856567,,,,,1259520
8883.489502613875,0.23054003715515137,,,,,0.0,2048.0,0.9779890179634094,0.409202516078949,3.5189322034057113e-07,0.18984906375408173,,,,,1261568
8561.0752074756,0.23922228813171387,,,,,0.0,2048.0,0.9694913029670715,0.4415244460105896,4.6155187760632543e-07,0.1942916065454483,,,,,1263616
8567.923596281154,0.23903107643127441,,,,,0.0,2048.0,0.9834539890289307,0.37971192598342896,5.508940148502006e-07,0.19498836994171143,,,,,1265664
8593.535283283696,0.23831868171691895,,,,,0.0,2048.0,0.9773547649383545,0.3830038905143738,5.279365495880484e-07,0.20620326697826385,,,,,1267712
8629.864977249734,0.23731541633605957,,,,,0.0,2048.0,0.9735252261161804,0.42357730865478516,5.77774358134775e-07,0.19748812913894653,,,,,1269760
8686.68691081263,0.2357630729675293,,,,,0.0,2048.0,0.987654447555542,0.425201952457428,7.743236665191944e-07,0.19701622426509857,,,,,1271808
8604.148645562469,0.23802471160888672,,,,,0.0,2048.0,0.9832232594490051,0.4143149256706238,7.166770501498831e-07,0.19381742179393768,,,,,1273856
8409.541516920537,0.24353289604187012,,,,,0.0,2048.0,0.9981493353843689,0.4062694311141968,1.1604804512899136e-06,0.20707236230373383,,,,,1275904
8405.928810341622,0.2436375617980957,,,,,0.0,2048.0,0.9950454831123352,0.4312085509300232,1.2700248817054671e-06,0.2088983952999115,,,,,1277952
8410.949584834718,0.24349212646484375,206.0,205.0,204.0,1.0,2.0,2048.0,0.9963362812995911,0.4319164752960205,1.0676063766368316e-06,0.19197358191013336,8250.131043955895,8239.802706726266,8229.474369496636,10.328337229629142,1280000
8366.189227304956,0.2447948455810547,45.0,45.0,45.0,0.0,1.0,2048.0,0.996876060962677,0.4852030277252197,1.0791945896926336e-06,0.1913265585899353,8245.629944875118,8245.629944875118,8245.629944875118,0.0,1282048
8406.463525554767,0.2436220645904541,,,,,0.0,2048.0,0.9977452754974365,0.42976003885269165,4.74793387184036e-06,0.1810198426246643,,,,,1284096
8808.210865456887,0.23251032829284668,78.0,78.0,78.0,0.0,1.0,2048.0,0.997645914554596,0.4276244640350342,1.0786096709125559e-06,0.20517705380916595,8256.371856598253,8256.371856598253,8256.371856598253,0.0,1286144
8817.523696120568,0.23226475715637207,249.0,173.0,97.0,76.0,2.0,2048.0,0.9934884905815125,0.44637107849121094,5.98418012032198e-07,0.19703443348407745,8276.605930299953,8276.14872601518,8275.691521730407,0.45720428477306996,1288192
8584.483445012416,0.238569974899292,254.0,254.0,254.0,0.0,1.0,2048.0,0.9913061261177063,0.4552854001522064,1.1124174079668592e-06,0.1798088103532791,8295.685085580493,8295.685085580493,8295.685085580493,0.0,1290240
8498.60013633481,0.240980863571167,40.0,40.0,40.0,0.0,1.0,2048.0,0.9967613816261292,0.4776684045791626,8.363822416868061e-07,0.19575706124305725,8258.899077303045,8258.899077303045,8258.899077303045,0.0,1292288
8785.275185755268,0.23311734199523926,,,,,0.0,2048.0,0.9913144111633301,0.4389440715312958,6.463492354669143e-07,0.1702156364917755,,,,,1294336
8781.045261061749,0.2332296371459961,,,,,0.0,2048.0,0.9822769165039062,0.4233444035053253,6.406582997442456e-07,0.1890096217393875,,,,,1296384
8640.733464035062,0.23701691627502441,,,,,0.0,2048.0,0.9817522764205933,0.41671404242515564,5.829900828757673e-07,0.1774047315120697,,,,,1298432
8598.653626777552,0.23817682266235352,,,,,0.0,2048.0,0.9903888702392578,0.4599706530570984,5.188086902307987e-07,0.1715376079082489,,,,,1300480
8629.405492723718,0.23732805252075195,,,,,0.0,2048.0,0.9919483661651611,0.42113685607910156,4.855841098105884e-07,0.195021390914917,,,,,1302528
8540.272905057092,0.23980498313903809,,,,,0.0,2048.0,0.9888237714767456,0.4400612711906433,4.6228316818996973e-07,0.21688741445541382,,,,,1304576
8538.116761375213,0.23986554145812988,,,,,0.0,2048.0,0.9914440512657166,0.43532314896583557,4.598495593199914e-07,0.17613622546195984,,,,,1306624
8564.395564426879,0.23912954330444336,,,,,0.0,2048.0,0.9832144975662231,0.43984952569007874,4.920710807709838e-07,0.17532581090927124,,,,,1308672
8591.609955941409,0.2383720874786377,,,,,0.0,2048.0,0.993822455406189,0.42051374912261963,8.141558396346227e-07,0.16981323063373566,,,,,1310720
8634.566667102252,0.23718619346618652,,,,,0.0,2048.0,0.9980869889259338,0.42849668860435486,8.337298709193419e-07,0.21785694360733032,,,,,1312768
8580.436049293432,0.23868250846862793,,,,,0.0,2048.0,0.9961192011833191,0.43173864483833313,3.479116458038334e-06,0.2078084945678711,,,,,1314816
8789.419251328143,0.23300743103027344,224.0,148.66666666666666,107.0,53.36873824836242,3.0,2048.0,0.9987555146217346,0.4522690176963806,7.378774853350478e-07,0.19554363191127777,8174.158819054431,8139.48431998559,8105.222503768899,28.14464569136749,1316864
8810.234505817978,0.23245692253112793,,,,,0.0,2048.0,0.9982097148895264,0.4452754855155945,3.945780918002129e-06,0.18665368854999542,,,,,1318912
8751.13041423012,0.23402690887451172,241.0,241.0,241.0,0.0,1.0,2048.0,0.9978444576263428,0.4175969660282135,7.753483828309982e-07,0.1979309767484665,8189.784005346776,8189.784005346776,8189.784005346776,0.0,1320960
8827.273494445146,0.2320082187652588,,,,,0.0,2048.0,0.9983802437782288,0.439969539642334,3.562335905371583e-06,0.2029840499162674,,,,,1323008
8846.947256756019,0.231492280960083,167.0,96.5,26.0,70.5,2.0,2048.0,0.9982541799545288,0.4628184735774994,3.6622589050239185e-07,0.21919097006320953,8238.261701825353,8221.7343915838,8205.207081342245,16.527310241554005,1325056
8854.854117486975,0.23128557205200195,221.0,204.5,188.0,16.5,2.0,2048.0,0.9941788911819458,0.45200955867767334,4.5455209374267724e-07,0.17627012729644775,8267.527475328305,8265.337958808555,8263.148442288808,2.189516519748395,1327104
8579.313402008314,0.23871374130249023,,,,,0.0,2048.0,0.9976952075958252,0.4542124271392822,3.6007611470267875e-07,0.17711879312992096,,,,,1329152
8792.325124030047,0.23293042182922363,,,,,0.0,2048.0,0.9960963129997253,0.42995840311050415,5.422680828814919e-07,0.16346800327301025,,,,,1331200
8841.401740297542,0.23163747787475586,,,,,0.0,2048.0,1.0001180171966553,0.44386014342308044,3.2158453677766374e-07,0.19092479348182678,,,,,1333248
8858.123127817813,0.2312002182006836,,,,,0.0,2048.0,0.9991044998168945,0.4573366940021515,3.3127207643701695e-07,0.17779606580734253,,,,,1335296
8841.44724168419,0.23163628578186035,,,,,0.0,2048.0,0.9905714988708496,0.42977434396743774,3.8820343206680263e-07,0.15229131281375885,,,,,1337344
8831.78416970315,0.2318897247314453,,,,,0.0,2048.0,0.9924442768096924,0.4023163914680481,3.394721943550394e-07,0.18360267579555511,,,,,1339392
8811.671493461465,0.23241901397705078,,,,,0.0,2048.0,0.9860066175460815,0.42398256063461304,4.2458012217139185e-07,0.19188223779201508,,,,,1341440
8825.731664890889,0.23204874992370605,,,,,0.0,2048.0,0.9840373992919922,0.4211926758289337,3.3318130476800434e-07,0.16979852318763733,,,,,1343488
8856.81706048355,0.23123431205749512,,,,,0.0,2048.0,0.9845057129859924,0.4038061201572418,2.942600474398205e-07,0.1776275485754013,,,,,1345536
8843.549916505546,0.2315812110900879,,,,,0.0,2048.0,0.9974218606948853,0.40044140815734863,3.533134531608084e-07,0.1844404935836792,,,,,1347584
8811.083989040939,0.23243451118469238,,,,,0.0,2048.0,0.9982994794845581,0.3903951644897461,4.0794429878587835e-07,0.2226053774356842,,,,,1349632
8814.23031071681,0.23235154151916504,,,,,0.0,2048.0,0.9910621643066406,0.4072043299674988,3.179516397722182e-06,0.20270557701587677,,,,,1351680
8849.772770309044,0.23141837120056152,136.0,78.0,44.0,41.21488404286329,3.0,2048.0,0.9977434277534485,0.43461236357688904,4.521008349911426e-07,0.21177102625370026,8314.707963811446,8298.862288322447,8285.686256118039,11.997503234996357,1353728
8148.381923924458,0.25133824348449707,,,,,0.0,2048.0,0.9961695671081543,0.40622657537460327,3.1846338970353827e-06,0.18189498782157898,,,,,1355776
8609.115701783574,0.23788738250732422,154.0,154.0,154.0,0.0,1.0,2048.0,0.9950451850891113,0.38594716787338257,3.928827538857149e-07,0.19407711923122406,8273.356259330925,8273.356259330925,8273.356259330925,0.0,1357824
8627.52471719281,0.237379789352417,188.0,188.0,188.0,0.0,1.0,2048.0,0.998283863067627,0.4084051847457886,3.9378963379022025e-07,0.2078830897808075,8272.287437779156,8272.287437779156,8272.287437779156,0.0,1359872
8589.651133512594,0.23842644691467285,103.0,103.0,103.0,0.0,1.0,2048.0,0.9965670704841614,0.41618812084198,2.2129088961264642e-07,0.19782496988773346,8296.687763225484,8296.687763225484,8296.687763225484,0.0,1361920
8477.623041940375,0.2415771484375,148.0,131.0,114.0,17.0,2.0,2048.0,0.9961179494857788,0.4077211618423462,2.525661670915724e-07,0.18938027322292328,8309.322256780146,8292.353601356117,8275.384945932086,16.96865542402975,1363968
8605.148494538344,0.23799705505371094,,,,,0.0,2048.0,0.9978277683258057,0.42150384187698364,2.206597713438896e-07,0.1628672182559967,,,,,1366016
8360.961305682576,0.2449479103088379,,,,,0.0,2048.0,0.9983596205711365,0.4046880900859833,2.2642419139629055e-07,0.18193724751472473,,,,,1368064
8817.578003311493,0.23226332664489746,,,,,0.0,2048.0,0.9728954434394836,0.41281425952911377,2.1499333513474994e-07,0.1795206367969513,,,,,1370112
8825.568443883238,0.23205304145812988,,,,,0.0,2048.0,0.9896295666694641,0.43340161442756653,1.9277116791727167e-07,0.18283973634243011,,,,,1372160
8824.426065847772,0.23208308219909668,,,,,0.0,2048.0,0.9878362417221069,0.406401664018631,2.1118869142355834e-07,0.17536813020706177,,,,,1374208
8809.096093715549,0.23248696327209473,,,,,0.0,2048.0,0.9931259155273438,0.4231860935688019,2.36370439665734e-07,0.20030494034290314,,,,,1376256
8842.07520864986,0.23161983489990234,,,,,0.0,2048.0,0.9953417181968689,0.3826487362384796,2.460286054883909e-07,0.19781091809272766,,,,,1378304
8810.586931102533,0.23244762420654297,,,,,0.0,2048.0,0.9943585991859436,0.4298122227191925,2.3986112296370266e-07,0.17333835363388062,,,,,1380352
8837.24489025375,0.23174643516540527,,,,,0.0,2048.0,0.9856441020965576,0.39747917652130127,2.75603753152609e-07,0.17747966945171356,,,,,1382400
8786.083915411564,0.23309588432312012,,,,,0.0,2048.0,0.9954432249069214,0.4066813290119171,3.4980294572051207e-07,0.1994495391845703,,,,,1384448
8819.080767584139,0.2322237491607666,,,,,0.0,2048.0,0.9952791929244995,0.40817707777023315,3.585524268601148e-07,0.19926463067531586,,,,,1386496
8922.771826678772,0.22952508926391602,221.0,216.5,212.0,4.5,2.0,2048.0,0.9887010455131531,0.3965926766395569,4.583882002862083e-07,0.18373551964759827,8267.407061557587,8259.706406897716,8252.005752237843,7.700654659872271,1388544
8176.638235736465,0.2504696846008301,39.0,39.0,39.0,0.0,1.0,2048.0,0.994943380355835,0.4306330978870392,4.552560426418495e-07,0.18061238527297974,8250.472195011696,8250.472195011696,8250.472195011696,0.0,1390592
8638.630552424014,0.237074613571167,,,,,0.0,2048.0,0.9934011101722717,0.38256847858428955,3.4086124287568964e-06,0.17304328083992004,,,,,1392640
8425.95704200553,0.243058443069458,73.0,73.0,73.0,0.0,1.0,2048.0,0.9922958612442017,0.40675681829452515,4.011136525150505e-07,0.18073096871376038,8281.202851378112,8281.202851378112,8281.202851378112,0.0,1394688
8389.115934753861,0.2441258430480957,94.0,94.0,94.0,0.0,1.0,2048.0,0.990220308303833,0.43125563859939575,1.8736737672497839e-07,0.18255732953548431,8288.946196718107,8288.946196718107,8288.946196718107,0.0,1396736
8397.850556227411,0.24387192726135254,8.0,8.0,8.0,0.0,1.0,2048.0,0.9868797659873962,0.40789851546287537,1.8549935987266508e-07,0.16341283917427063,8261.188076413177,8261.188076413177,8261.188076413177,0.0,1398784
8415.992851740233,0.2433462142944336,52.0,30.0,8.0,22.0,2.0,2048.0,0.9889999628067017,0.42525240778923035,2.222824946329638e-07,0.1804681420326233,8282.598653815545,8272.842737445886,8263.086821076227,9.755916369658735,1400832
8365.415213095725,0.24481749534606934,,,,,0.0,2048.0,0.9838294982910156,0.41300690174102783,1.8228671194719936e-07,0.16684117913246155,,,,,1402880
8378.592963098796,0.2444324493408203,,,,,0.0,2048.0,0.9867950081825256,0.4154796898365021,1.7542186014907202e-07,0.17110946774482727,,,,,1404928
8408.273835778016,0.24356961250305176,,,,,0.0,2048.0,0.9953985810279846,0.41194748878479004,1.747315963029905e-07,0.17148204147815704,,,,,1406976
8435.406382479361,0.24278616905212402,,,,,0.0,2048.0,0.972467303276062,0.4318576455116272,1.9603305645432556e-07,0.1664189100265503,,,,,1409024
8429.8268898805,0.24294686317443848,,,,,0.0,2048.0,0.9743445515632629,0.3914898931980133,2.3087899592155736e-07,0.182315856218338,,,,,1411072
8441.615409259313,0.24260759353637695,,,,,0.0,2048.0,0.9823667407035828,0.40757325291633606,2.8718562816720805e-07,0.2052055448293686,,,,,1413120
8461.639218174045,0.2420334815979004,,,,,0.0,2048.0,0.9763374924659729,0.3812050521373749,3.3264987564507464e-07,0.173720121383667,,,,,1415168
8513.331633957649,0.24056386947631836,,,,,0.0,2048.0,0.9320184588432312,0.39580780267715454,3.2884506140362646e-07,0.17115053534507751,,,,,1417216
8524.915064800765,0.24023699760437012,,,,,0.0,2048.0,0.9780967831611633,0.39844000339508057,3.3306250202258525e-07,0.1601824164390564,,,,,1419264
8658.134719183005,0.2365405559539795,,,,,0.0,2048.0,0.9909148216247559,0.39321643114089966,3.287952665687044e-07,0.19811059534549713,,,,,1421312
8629.786948126448,0.23731756210327148,,,,,0.0,2048.0,0.9819420576095581,0.3878045678138733,5.04002537127235e-06,0.1978597491979599,,,,,1423360
8315.05548768801,0.24630022048950195,218.0,182.0,151.0,27.58018612458347,3.0,2048.0,0.9823011755943298,0.3891553282737732,6.426737968467933e-07,0.17458973824977875,8315.695609403498,8308.845147161213,8304.447530477964,4.9086426081025785,1425408
8828.32587561935,0.231980562210083,,,,,0.0,2048.0,0.9851331114768982,0.40797606110572815,5.575971044891048e-06,0.16040794551372528,,,,,1427456
8876.595362641132,0.23071908950805664,,,,,0.0,2048.0,0.9872289299964905,0.40064290165901184,6.178033800097182e-06,0.1717211902141571,,,,,1429504
8783.78391931537,0.23315691947937012,8.0,8.0,8.0,0.0,1.0,2048.0,0.9832572937011719,0.4195265769958496,6.322571834971313e-07,0.1802433729171753,8292.38270268676,8292.38270268676,8292.38270268676,0.0,1431552
8883.250645048869,0.230546236038208,211.0,118.0,25.0,93.0,2.0,2048.0,0.9947301745414734,0.4200328290462494,1.9959388453116844e-07,0.19512571394443512,8329.688726925106,8322.948906454458,8316.209085983808,6.739820470648738,1433600
8866.94687946125,0.23097014427185059,217.0,217.0,217.0,0.0,1.0,2048.0,0.9737277626991272,0.4159223139286041,6.501379630208248e-07,0.1740463674068451,8304.858674820034,8304.858674820034,8304.858674820034,0.0,1435648
8853.777151102866,0.23131370544433594,6.0,6.0,6.0,0.0,1.0,2048.0,0.9896171689033508,0.4229082763195038,2.4115124119816755e-07,0.18289203941822052,8333.936152214375,8333.936152214375,8333.936152214375,0.0,1437696
8807.17230405174,0.23253774642944336,,,,,0.0,2048.0,0.9845538139343262,0.4129418432712555,2.0903368636027153e-07,0.1737971007823944,,,,,1439744
8843.67738348701,0.23157787322998047,,,,,0.0,2048.0,0.9835142493247986,0.42491358518600464,1.8996544781657576e-07,0.18380753695964813,,,,,1441792
8812.530294714186,0.23239636421203613,,,,,0.0,2048.0,0.9959381818771362,0.3958896994590759,1.9865326805756922e-07,0.18602913618087769,,,,,1443840
8131.620213525288,0.25185632705688477,,,,,0.0,2048.0,0.9724521636962891,0.43519657850265503,2.1030464836258034e-07,0.16880710422992706,,,,,1445888
8601.718946957331,0.23809194564819336,,,,,0.0,2048.0,0.9855512976646423,0.38266927003860474,2.4470995185765787e-07,0.20173409581184387,,,,,1447936
8411.847371302161,0.24346613883972168,,,,,0.0,2048.0,0.9914825558662415,0.42536503076553345,3.3712458957779745e-07,0.21418918669223785,,,,,1449984
8849.955123483056,0.2314136028289795,,,,,0.0,2048.0,0.989226222038269,0.40789321064949036,3.2651598758093314e-07,0.17706747353076935,,,,,1452032
8862.13507069644,0.231095552444458,,,,,0.0,2048.0,0.9841826558113098,0.40590232610702515,2.9254678679535573e-07,0.17156551778316498,,,,,1454080
8858.99100790096,0.23117756843566895,,,,,0.0,2048.0,0.9898368716239929,0.4079418182373047,3.320860457733943e-07,0.16587519645690918,,,,,1456128
8028.914211473303,0.2550780773162842,,,,,0.0,2048.0,0.9927464127540588,0.3991062045097351,3.292360304385511e-07,0.1907319575548172,,,,,1458176
8821.643890425927,0.23215627670288086,,,,,0.0,2048.0,0.989841103553772,0.3864884674549103,4.241671831550775e-06,0.1822836697101593,,,,,1460224
8845.25281449026,0.2315366268157959,233.0,186.33333333333334,139.0,38.378234572331344,3.0,2048.0,0.9926242232322693,0.3974699079990387,6.872519406897482e-07,0.17025643587112427,8368.259836021893,8355.378604600146,8343.11676705354,10.273954638348425,1462272
8835.526897646996,0.23179149627685547,,,,,0.0,2048.0,0.9856544137001038,0.4033975899219513,3.847249445243506e-06,0.1684209108352661,,,,,1464320
8850.784925319002,0.23139190673828125,239.0,239.0,239.0,0.0,1.0,2048.0,0.9972158074378967,0.4019166827201843,6.632925533267553e-07,0.16206063330173492,8346.570622978918,8346.570622978918,8346.570622978918,0.0,1466368
8527.563988984566,0.24016237258911133,248.0,248.0,248.0,0.0,1.0,2048.0,0.9962359666824341,0.4239419996738434,6.510377374979726e-07,0.1693197786808014,8353.152878608618,8353.152878608618,8353.152878608618,0.0,1468416
8579.133462970121,0.23871874809265137,223.0,223.0,223.0,0.0,1.0,2048.0,0.995331346988678,0.4137658178806305,2.1108465375618835e-07,0.17378728091716766,8355.746047574858,8355.746047574858,8355.746047574858,0.0,1470464
8566.906746664965,0.2390594482421875,246.0,214.5,183.0,31.5,2.0,2048.0,0.979202151298523,0.408794105052948,2.34139250210319e-07,0.14158308506011963,8380.288459725245,8357.427895640405,8334.567331555563,22.860564084840917,1472512
8583.085289938628,0.23860883712768555,,,,,0.0,2048.0,0.997960090637207,0.4462616741657257,2.2047082381959626e-07,0.14934787154197693,,,,,1474560
8655.848881230571,0.2366030216217041,,,,,0.0,2048.0,0.9971816539764404,0.41473689675331116,2.2706340985223505e-07,0.16721384227275848,,,,,1476608
8389.43547361605,0.24411654472351074,,,,,0.0,2048.0,0.9792621731758118,0.42793208360671997,2.4917034124882775e-07,0.1630697399377823,,,,,1478656
8398.712701218654,0.24384689331054688,,,,,0.0,2048.0,0.9977328777313232,0.4136609733104706,2.362832987046204e-07,0.17865099012851715,,,,,1480704
8385.684475236661,0.24422574043273926,,,,,0.0,2048.0,0.9927281141281128,0.42273980379104614,2.754439378804818e-07,0.14595653116703033,,,,,1482752
8581.627576505942,0.2386493682861328,,,,,0.0,2048.0,0.9927272200584412,0.40152543783187866,2.6212660486635286e-07,0.18154269456863403,,,,,1484800
8244.01569350071,0.24842262268066406,,,,,0.0,2048.0,0.993130087852478,0.40257492661476135,3.159806567509804e-07,0.1817607879638672,,,,,1486848
8817.596105857125,0.23226284980773926,,,,,0.0,2048.0,0.9415141940116882,0.3931204080581665,2.7338822405909013e-07,0.18566615879535675,,,,,1488896
8838.463342734347,0.23171448707580566,,,,,0.0,2048.0,0.9714401960372925,0.37690410017967224,2.6942316821987333e-07,0.1830846518278122,,,,,1490944
8896.572765508792,0.23020100593566895,,,,,0.0,2048.0,0.9809087514877319,0.39216357469558716,2.7785230827248597e-07,0.1595194786787033,,,,,1492992
8175.074106326261,0.2505176067352295,,,,,0.0,2048.0,0.9970535039901733,0.39775508642196655,2.739464548540127e-07,0.19358457624912262,,,,,1495040
8618.133123580355,0.2376384735107422,,,,,0.0,2048.0,0.9890150427818298,0.3614620268344879,3.579497388273012e-06,0.18815957009792328,,,,,1497088
8621.62769540832,0.23754215240478516,164.0,116.0,57.0,44.36965930302674,3.0,2048.0,0.9974719882011414,0.39004090428352356,4.791369860868144e-07,0.1882885843515396,8321.976570969315,8286.487803571326,8240.345513131795,34.16655836550914,1499136
8620.079008291998,0.23758482933044434,,,,,0.0,2048.0,0.9767035841941833,0.41777417063713074,4.167413408140419e-06,0.17142964899539948,,,,,1501184
8610.884874900634,0.2378385066986084,190.0,190.0,190.0,0.0,1.0,2048.0,0.9967780113220215,0.4297068119049072,5.149133244231052e-07,0.16360841691493988,8313.64523923722,8313.64523923722,8313.64523923722,0.0,1503232
8625.679407464533,0.23743057250976562,240.0,240.0,240.0,0.0,1.0,2048.0,0.9976847171783447,0.4430311918258667,4.984873385183164e-07,0.1811874657869339,8355.298492720322,8355.298492720322,8355.298492720322,0.0,1505280
8574.697354800519,0.23884224891662598,199.0,199.0,199.0,0.0,1.0,2048.0,0.9979599118232727,0.42448699474334717,2.1102346181578469e-07,0.16336341202259064,8310.331678168237,8310.331678168237,8310.331678168237,0.0,1507328
8593.157025884706,0.23832917213439941,205.0,177.0,149.0,28.0,2.0,2048.0,0.9770545959472656,0.4157707393169403,2.3172441387941944e-07,0.1613367348909378,8336.136219302141,8331.637069052824,8327.137918803506,4.4991502493176085,1509376
8810.080893363363,0.23246097564697266,,,,,0.0,2048.0,0.9962950348854065,0.4443052411079407,2.2174370428729162e-07,0.15919415652751923,,,,,1511424
8810.713449620593,0.23244428634643555,,,,,0.0,2048.0,0.9974409937858582,0.3929939568042755,2.2811057931448886e-07,0.1753910332918167,,,,,1513472
8574.25228457152,0.23885464668273926,,,,,0.0,2048.0,0.9964720010757446,0.4066016972064972,2.0635782504996314e-07,0.1798621416091919,,,,,1515520
8655.656995567342,0.23660826683044434,,,,,0.0,2048.0,0.9934726357460022,0.4027026295661926,2.0851611282068916e-07,0.17486335337162018,,,,,1517568
8544.070024110575,0.2396984100341797,,,,,0.0,2048.0,0.9946419596672058,0.3896760940551758,2.2854570147501363e-07,0.16075050830841064,,,,,1519616
8598.171640431534,0.2381901741027832,,,,,0.0,2048.0,0.9881999492645264,0.3945639729499817,2.132628935669345e-07,0.19125552475452423,,,,,1521664
8651.420235614512,0.2367241382598877,,,,,0.0,2048.0,0.9865532517433167,0.3728960156440735,2.3360614420653292e-07,0.18836353719234467,,,,,1523712
8624.285119631491,0.23746895790100098,,,,,0.0,2048.0,0.9530213475227356,0.360123872756958,2.046398037691688e-07,0.1866760402917862,,,,,1525760
8619.733009012156,0.2375943660736084,,,,,0.0,2048.0,0.9531865119934082,0.345101922750473,2.0891386043331295e-07,0.19041329622268677,,,,,1527808
8631.41718298141,0.2372727394104004,,,,,0.0,2048.0,0.992874026298523,0.3801629841327667,2.0995759086872567e-07,0.18840552866458893,,,,,1529856
8647.022232780819,0.23684453964233398,,,,,0.0,2048.0,0.991523802280426,0.35258567333221436,2.114906862971111e-07,0.19682127237319946,,,,,1531904
8625.575469841384,0.23743343353271484,,,,,0.0,2048.0,0.9910461902618408,0.3664010763168335,4.266741143510444e-06,0.2028256505727768,,,,,1533952
8609.374559755928,0.23788022994995117,117.0,69.0,15.0,41.8568990729127,3.0,2048.0,0.9909089207649231,0.3459131717681885,3.775225536628568e-07,0.19052687287330627,8312.782700479378,8298.352143702532,8275.328926079306,16.45340227265133,1536000
