actor_loss/max,actor_loss/mean,actor_loss/min,actor_loss/std,ent_loss/max,ent_loss/mean,ent_loss/min,ent_loss/std,gradient_steps,loss/max,loss/mean,loss/min,loss/std,smoothed_loss/actor_loss,smoothed_loss/ent_loss,smoothed_loss/gradient_steps,smoothed_loss/loss,smoothed_loss/vf_loss,step,train_time,vf_loss/max,vf_loss/mean,vf_loss/min,vf_loss/std
0.018193848431110382,-0.012220548861660064,-0.03343077376484871,0.011226197671607173,1.3828203678131104,1.366882009804249,1.3534207344055176,0.0049949703577331205,80.0,3426.026123046875,2799.619000244141,2374.56982421875,258.63465611110786,-0.012220548861660064,1.366882009804249,80.0,2799.619000244141,5599.289776611328,1,0.4367091655731201,6852.08837890625,5599.289776611328,4749.19140625,517.2650219134736
0.007842103019356728,-0.02162438302184455,-0.04914822056889534,0.013967864292600152,1.3682217597961426,1.360151620209217,1.350956678390503,0.003526178561595396,80.0,2422.63720703125,1952.2880004882813,1368.9765625,204.65522893612228,-0.016922465941752306,1.363516815006733,80.0,2375.9535003662113,4751.968124389648,2,0.26312828063964844,4845.34375,3904.6464721679686,2737.9775390625,409.31264256040396
0.021368544548749924,-0.020969474513549358,-0.048842333257198334,0.01290354730397862,1.3565447330474854,1.3297924667596817,1.314185380935669,0.00748824113310303,80.0,609.8670043945312,436.1815689086914,295.7098083496094,76.35428341376024,-0.01827146879901799,1.3522753655910493,80.0,1729.362856547038,3458.789306386312,3,0.2757585048675537,1219.7677001953125,872.4316703796387,591.5172119140625,152.70956831809602
0.01944514364004135,-0.010239709087181836,-0.03809431940317154,0.01145319185981651,1.3193761110305786,1.259635378420353,1.2114087343215942,0.029448743787645778,80.0,265.5508117675781,104.15775313377381,44.718772888183594,44.86538213237447,-0.01626352887105895,1.3291153687983752,80.0,1323.061580693722,2646.182274580002,4,0.26400065422058105,531.127685546875,208.3611791610718,89.52372741699219,89.72868369418313
0.05159559100866318,-0.005570152180735022,-0.028968004509806633,0.012559430414208338,1.2254631519317627,1.184924054145813,1.0547289848327637,0.03707865300153778,80.0,385.3787536621094,275.7604211807251,180.5295867919922,43.80186320156751,-0.014124853532994164,1.3002771058678628,80.0,1113.6013487911225,2227.256955986023,5,0.2344810962677002,770.79345703125,551.5556816101074,361.09515380859375,87.60748850111021
0.016461804509162903,-0.0020431141427252443,-0.017417578026652336,0.007029760714776151,1.192638874053955,1.1771825328469276,1.1548125743865967,0.008061706232008454,80.0,3657.492919921875,3023.080062866211,2238.74462890625,286.21055476192964,-0.012111230301282678,1.2797613436977069,80.0,1431.8478011369705,2863.745423730214,6,0.25264835357666016,7315.0009765625,6046.187762451172,4477.5361328125,572.4195191780416
0.004889333620667458,-0.014454613078851253,-0.03428036719560623,0.009356430764511833,1.3268098831176758,1.309940081834793,1.2881733179092407,0.00896722322552219,80.0,516.3662719726562,381.59439640045167,219.78016662597656,60.07338545271525,-0.01244599926950676,1.284072592003005,80.0,1281.8116004603248,2563.6737770898,7,0.40140414237976074,1032.782470703125,763.2438972473144,439.58404541015625,120.15064216730555
0.027330901473760605,-0.01704906229279004,-0.03973524644970894,0.011793460631166975,1.3411495685577393,1.3301016822457314,1.3145898580551147,0.005532720265864889,80.0,514.9750366210938,314.7211254119873,135.5885772705078,74.16829107991661,-0.013021382147417172,1.2898262282833457,80.0,1160.925291079283,2321.902424311638,8,0.4214644432067871,1030.02978515625,629.5029548645019,271.2399597167969,148.34080526033105
0.00885416567325592,-0.009766318189213053,-0.025907982140779495,0.007034722806984898,1.2793086767196655,1.2535408407449722,1.2378867864608765,0.009236985917312214,80.0,245.72080993652344,145.02769660949707,87.39383697509766,44.16761720432617,-0.01265970837428338,1.2857945185568598,80.0,1048.0477805826401,2096.1465991338096,9,0.39179062843322754,491.4671936035156,290.09999771118163,174.83441162109375,88.32819976662057
0.029034122824668884,-0.011770589696243405,-0.03262624144554138,0.0123595721191879,1.2355355024337769,1.2033146649599076,1.1787693500518799,0.013922414628008415,80.0,624.52099609375,503.25506019592285,345.3277587890625,62.69198707169002,-0.012570796506479385,1.2775465331971645,80.0,993.5685085439684,1987.1877123832703,10,0.39226365089416504,1249.091552734375,1006.557731628418,690.7219848632812,125.38785044071489
0.014150068163871765,-0.013355498836608604,-0.034721165895462036,0.010192736791860594,1.2013375759124756,1.17015550583601,1.1362087726593018,0.013751935369931688,80.0,393.4615783691406,267.09740619659425,155.7661895751953,52.22235681356899,-0.012642133081945678,1.2677837125279687,80.0,927.5256810578434,1855.1020047447898,11,0.30820536613464355,786.94873046875,534.2449283599854,311.5447082519531,104.43920325710828
0.00438944436609745,-0.009781153418589383,-0.027728423476219177,0.008265042754976429,1.086174488067627,1.0481813684105874,1.020259976387024,0.01726563673946091,80.0,205.6044921875,144.90693273544312,93.14185333251953,33.08841320080079,-0.012403718109999318,1.2494835171848535,80.0,862.3074520309766,1724.6647036075592,12,0.26515841484069824,411.2312927246094,289.85439109802246,186.33221435546875,66.17018074754522
0.013207130134105682,-0.011796010547550395,-0.036657072603702545,0.01028977377830007,1.0409200191497803,1.0117910198867321,0.987561047077179,0.01181618173061598,80.0,175.7318878173828,115.35260953903199,67.23657989501953,27.318281718314893,-0.012356971374426325,1.2311994789311518,80.0,804.8493872239039,1609.7481147032518,13,0.23015999794006348,351.48455810546875,230.7490478515625,134.4969482421875,54.62921913559288
0.009606992825865746,-0.006541461939923466,-0.03122364543378353,0.007249643900283262,1.0510706901550293,1.008402084559202,0.9887672662734985,0.014388821468995784,80.0,234.3704833984375,161.8314764022827,105.97489166259766,31.972347780509047,-0.011941577843390406,1.2152853793331553,80.0,758.9195364509311,1517.8872638293674,14,0.2729487419128418,468.7618408203125,323.69620246887206,211.97927856445312,63.94008288494291
0.010631630197167397,-0.006870544096454978,-0.022375252097845078,0.007050581379954064,1.068629264831543,1.047419437766075,1.0240691900253296,0.011363298691417993,80.0,168.7440948486328,113.97192001342773,73.24694061279297,18.633629237463577,-0.011603508926928045,1.2040943165620166,80.0,715.9230286884308,1431.8933481725057,15,0.30542588233947754,337.508544921875,227.97852897644043,146.5325164794922,37.26678671867878
0.04483212158083916,-0.007032516447361558,-0.04016599431633949,0.013882284931939248,0.938779354095459,0.9031381212174893,0.879393994808197,0.011912075871364574,80.0,113.86976623535156,77.88053874969482,47.71788787841797,18.988631214694664,-0.011317821896955137,1.1852845543529837,80.0,676.0453730672598,1352.137089186907,16,0.30061960220336914,227.7611846923828,155.79320440292358,95.45771026611328,37.971222273305976
0.01918894611299038,-0.005686358251841739,-0.031744569540023804,0.009005731094261985,0.9419938325881958,0.8802041187882423,0.8399658203125,0.022029723379760332,80.0,94.49880981445312,62.94276404380798,39.62616729736328,14.547416949863177,-0.010986559329595526,1.167338646378587,80.0,639.9805137129391,1280.006348997004,17,0.2742457389831543,189.01646423339844,125.91450595855713,79.31393432617188,29.09087634287766
0.012716393917798996,-0.005964567553019151,-0.024156151339411736,0.007384417689469341,0.8663967251777649,0.8423743404448032,0.8189056515693665,0.00982328184208358,80.0,67.21319580078125,42.43056852817536,21.91509437561035,12.364490778408923,-0.010707559786452395,1.1492850738267102,80.0,606.7832945360078,1213.6109914541246,18,0.323101282119751,134.435546875,84.88991322517396,43.84649658203125,24.725021398848348
0.08250674605369568,-0.0008776201168075204,-0.030933871865272522,0.02420917581254697,0.900968074798584,0.8478252187371254,0.7594261169433594,0.036166659265209664,80.0,293.94989013671875,165.57471084594727,79.43773651123047,49.193928891263454,-0.010190194540681612,1.1334187656641006,80.0,583.5617901312678,1167.1666304713804,19,0.37773633003234863,587.9158935546875,331.1681327819824,158.8512420654297,98.38575748319636
0.043433599174022675,0.002386173518607393,-0.02343253791332245,0.014360428933633354,0.9280601739883423,0.8987147621810436,0.8721433877944946,0.015002692100560724,80.0,568.1221313476562,240.20673236846923,123.51023864746094,93.96889899429262,-0.009561376137717162,1.1216835654899477,80.0,566.3940372431279,1132.8296322989465,20,0.3813295364379883,1136.21923828125,480.4266670227051,247.04055786132812,187.9249359493068
0.002129940316081047,-0.01222612794372253,-0.03381943702697754,0.009386303793551948,1.0399510860443115,1.0129239358007909,0.9876655340194702,0.011449113681933904,80.0,699.676025390625,412.56256980895995,238.6066436767578,101.97065868701117,-0.009688269080860274,1.1165045355047498,80.0,559.0687292700723,1118.1791665917353,21,0.37288618087768555,1399.37109375,825.1698524475098,477.265625,203.93131574680189
0.010193852707743645,-0.011891578388167545,-0.03455684334039688,0.009868953488394328,1.1046624183654785,1.0784149214625358,1.047839879989624,0.012562836291835834,80.0,137.84381103515625,61.4736111164093,25.781774520874023,25.28188557054819,-0.009788419503919695,1.114773189411922,80.0,536.4507693539967,1072.9434123992921,22,0.3770110607147217,275.7096252441406,122.99257435798646,51.61799240112305,50.55604844543364
0.007891730405390263,-0.009226641256827862,-0.02834608405828476,0.008242524201940434,1.1517525911331177,1.1180170193314551,1.0846967697143555,0.01641788965300435,80.0,94.80626678466797,33.20715460777283,17.15523338317871,17.130979075872425,-0.00976399436274179,1.1149142254953797,80.0,514.5706121911174,1029.1830519904263,23,0.37425684928894043,189.6353302001953,66.45512299537658,34.37394332885742,34.25519545328319
0.006737131625413895,-0.007368027057964355,-0.024689555168151855,0.008084938819581153,1.1440238952636719,1.1219711363315583,1.1038986444473267,0.008669398753216625,80.0,427.50006103515625,187.71752033233642,79.0434799194336,82.76411862489066,-0.009664162391709396,1.1152082634468872,80.0,500.9517333636681,1001.9451004604498,24,0.3791837692260742,855.022705078125,375.4722152709961,158.10382080078125,165.5206212226956
0.015726149082183838,-0.008546261140145362,-0.02989800274372101,0.010670189477881006,1.1899995803833008,1.1556331098079682,1.1327264308929443,0.013539303584111801,80.0,784.837890625,321.69487342834475,117.64022827148438,149.844309213544,-0.009619446341646834,1.1168252573013304,80.0,493.7814589662552,987.6044944553374,25,0.413158655166626,1569.697998046875,643.4299503326416,235.33291625976562,299.6825445713248
0.006948135793209076,-0.007734478684142232,-0.02945096045732498,0.0071584950410506325,1.109811782836914,1.0809373363852501,1.0477325916290283,0.01539328517749991,80.0,467.71484375,275.84728622436523,181.6640167236328,54.32638591265118,-0.009546947585588965,1.115444952650712,80.0,485.3993753992594,970.8401546863407,26,0.40624499320983887,935.4534912109375,551.7316604614258,363.39959716796875,108.65064257403345
0.023193135857582092,-0.005184537160675973,-0.020489290356636047,0.007225058307473847,1.0194672346115112,0.9898597382009029,0.9680196642875671,0.011204674481789521,80.0,271.8424377441406,159.2024705886841,86.84888458251953,42.1484495048879,-0.009385376829110706,1.1107936484118301,80.0,473.3180085544232,946.6770048017853,27,0.39213061332702637,543.70458984375,318.43510780334475,173.70999145507812,84.29446575342365
0.04919617623090744,-0.010452774626901373,-0.042999207973480225,0.016756094962491475,0.9975311756134033,0.9587544336915016,0.9129881858825684,0.015274485394785877,80.0,567.3242797851562,272.345131111145,135.892333984375,89.8814796459268,-0.009423498179031802,1.1053636764575328,80.0,466.1404057885919,932.3217668754712,28,0.39818310737609863,1134.66748046875,544.7303428649902,271.8646240234375,179.7517258403393
0.01465628668665886,-0.011616616952233016,-0.03360564634203911,0.00883341915459024,1.0004740953445435,0.9576027318835258,0.9207389950752258,0.014722280231292524,80.0,110.22408294677734,66.09370222091675,30.51132583618164,18.246356723177676,-0.009499122964314603,1.1002684714722222,80.0,452.3456918724652,904.7323883105967,29,0.3965306282043457,220.47280883789062,132.2297884941101,61.0872802734375,36.49228925014509
0.009151271544396877,-0.006686464068479836,-0.02234118990600109,0.00631175130348339,1.1487064361572266,1.123024483025074,1.0977075099945068,0.01199839399461423,80.0,230.82492065429688,110.57818188667298,37.97405242919922,41.4878280253945,-0.009405367667786777,1.1010270051906508,80.0,440.9534415396054,881.9477152395247,30,0.4614982604980469,461.6736145019531,221.1921961784363,75.9847640991211,82.9712771466845
0.00848199613392353,-0.008080669259652496,-0.024640090763568878,0.007321767104827107,1.1496455669403076,1.1232973754405975,1.0969005823135376,0.010937556497725046,80.0,126.83871459960938,62.29066715240479,35.145687103271484,18.804568195208553,-0.009362635461072768,1.1017454042309718,80.0,428.7385133335667,857.5177877349237,31,0.3996398448944092,253.70001220703125,124.61996259689332,70.34750366210938,37.603607096077575
0.004301551729440689,-0.011553553340490907,-0.02585616149008274,0.007284868229257404,1.0446135997772217,1.0042532593011857,0.9735708832740784,0.015173657856499797,80.0,149.31405639648438,78.4465283870697,39.380611419677734,20.104942380088843,-0.009431101644804585,1.0986987747019157,80.0,417.7918888039887,835.6246146634221,32,0.4214437007904053,298.67724609375,156.93624944686889,78.7828598022461,40.207121889942094
0.0026022763922810555,-0.0032408205152023584,-0.013475922867655754,0.003943702101712048,1.0002847909927368,0.9601667076349258,0.9239566326141357,0.014636654729244738,80.0,129.34597778320312,54.172357177734376,16.05362892150879,28.227201372318248,-0.009243517368149972,1.0945008332756432,80.0,406.7731151183446,813.5866081223343,33,0.43584346771240234,258.7076721191406,108.37039880752563,32.14216613769531,56.45067718244472
0.0067561324685812,-0.0068941607372835275,-0.023011134937405586,0.00643783501677767,0.9186215400695801,0.8693687826395035,0.8270806670188904,0.01998309647224301,80.0,69.32581329345703,30.450674176216125,11.574989318847656,13.964709591712596,-0.009174418643712726,1.0878793023745803,80.0,395.7048080318114,791.4497232984095,34,0.4020249843597412,138.66970825195312,60.93252410888672,23.184555053710938,27.923116799344957
0.02107914909720421,-0.007880256418138743,-0.03165067359805107,0.010995506314857226,0.9341496229171753,0.8715402692556381,0.818013072013855,0.02792511909278596,80.0,65.63972473144531,31.831083297729492,13.807933807373047,11.960189935720951,-0.009137442580124897,1.0816981871426106,80.0,385.30841589655194,770.6567414351872,35,0.42337536811828613,131.29721069335938,63.69535808563232,27.666549682617188,23.9114892889671
0.013744900934398174,-0.009246212290599942,-0.03098246082663536,0.008202220968874676,0.9947853088378906,0.9258539400994777,0.8875635862350464,0.017623884242016514,80.0,46.56988525390625,24.1944753408432,11.515111923217773,8.394876875710962,-0.009140463960971425,1.0773691802803014,80.0,375.2774731033378,750.5947752853234,36,0.396944522857666,93.16725158691406,48.42596004009247,23.11085319519043,16.783013361180988
0.012584812939167023,-0.005474494665395469,-0.025989152491092682,0.007676328754818072,1.0012645721435547,0.9586530044674874,0.9250561594963074,0.016298851020803834,80.0,32.875038146972656,10.031117558479309,3.931157112121582,4.602465160248819,-0.009041383709739642,1.0741606349880632,80.0,365.4059499805038,730.8514666889165,37,0.38201904296875,65.77046203613281,20.092357218265533,7.887574195861816,9.203195628126531
0.021621976047754288,-0.013279584504198283,-0.038739994168281555,0.01257139179142698,0.949137806892395,0.9136612921953201,0.8705505132675171,0.016859240746039252,80.0,18.86732292175293,10.280417150259018,5.959225177764893,2.593646990516685,-0.009152915309593819,1.0699369680724646,80.0,356.06054122181314,712.1607877414477,38,0.3114020824432373,37.783958435058594,20.60566668510437,11.971761703491211,5.181715361952591
0.016992133110761642,-0.011155726615106687,-0.033012036234140396,0.011595602030130738,0.8679527044296265,0.8251798279583454,0.7784275412559509,0.015821776930210838,80.0,47.65282440185547,22.733349788188935,10.265169143676758,7.724189428374417,-0.00920426944563261,1.0636611439669745,80.0,347.5136901594125,695.0670627853809,39,0.32123398780822754,95.32020568847656,45.50551445484162,20.538311004638672,15.445318506248304
0.019898148253560066,-0.0038339186052326114,-0.020657166838645935,0.008283100025264768,0.9019489288330078,0.8599888615310192,0.8151695728302002,0.016531315550095186,80.0,287.24237060546875,61.670148158073424,17.197816848754883,43.50386808261551,-0.009070010674622608,1.0585693369060754,80.0,340.367601609379,680.7745153203607,40,0.32586097717285156,574.5015869140625,123.36516418457032,34.439823150634766,87.00603592460433
0.02176525816321373,-0.004277808888582512,-0.021547487005591393,0.008311056194092073,0.9093313217163086,0.87001833319664,0.8304506540298462,0.0143122666279996,80.0,148.9647674560547,81.74920239448548,34.18250274658203,27.465576362689404,-0.008953127704231387,1.0539705319375525,80.0,334.0598357748694,668.1586578848885,41,0.4059743881225586,297.9053955078125,163.52436046600343,68.39110565185547,54.930914744178324
0.009188000112771988,-0.0029579659341834484,-0.011613469570875168,0.004214573170733577,0.9566054940223694,0.9223100289702415,0.8922549486160278,0.01185595832332379,80.0,221.25967407226562,87.14378681182862,32.588043212890625,38.944247808250815,-0.008810385757325484,1.0508357580573786,80.0,328.1808822281303,656.4004025995731,42,0.4448394775390625,442.54022216796875,174.31193590164185,65.19940948486328,77.88609788175647
0.011672989465296268,-0.004412240843521431,-0.02542855218052864,0.007918252733592078,0.9286713600158691,0.8863479919731617,0.8450053930282593,0.017741468668496397,80.0,181.41004943847656,71.90360367298126,23.757200241088867,28.306441029119487,-0.008708103317469575,1.047010461171699,80.0,322.2209455175455,644.4802480977635,43,0.41493797302246094,362.8378601074219,143.83375902175902,47.56218719482422,56.61212601344364
0.02337535470724106,-0.0052155591023620215,-0.022144939750432968,0.0076068135369853785,1.1060421466827393,1.0607450947165489,1.0162560939788818,0.019314834169174424,80.0,32.181983947753906,8.254574981331825,3.800673723220825,4.597700527531037,-0.008628727312580768,1.0473226119340822,80.0,315.085346187177,630.2088969143954,44,0.4341449737548828,64.38502502441406,16.54079602956772,7.641620635986328,9.193337261889248
0.02960670366883278,-0.010343946801731363,-0.04116903245449066,0.017848031607140286,1.0872400999069214,1.049767754226923,0.9976802468299866,0.020777457369578815,80.0,231.3755645751953,92.42492566108703,37.32880783081055,35.195517638919696,-0.008666843301228558,1.0473769484294786,80.0,310.13733684215276,620.3129555320739,45,0.42468714714050293,462.76873779296875,184.89153470993043,74.74462890625,70.37529950088792
0.013836510479450226,-0.005842163425404579,-0.027608195319771767,0.007477550870587568,1.0560171604156494,1.029629120975733,0.9896777868270874,0.013439797931450415,80.0,104.1873550415039,42.219171810150144,23.050437927246094,18.57486891886762,-0.008605437216971516,1.0469911260935276,80.0,304.31302890667445,608.6642090984013,46,0.42672252655029297,208.39678955078125,84.47061958312989,46.14686584472656,37.14566150875165
0.00691702775657177,-0.011275396251585334,-0.027435649186372757,0.007682058753469854,1.028550148010254,1.0050624467432498,0.9878032207489014,0.009078848068092577,80.0,47.088565826416016,22.322889173030852,11.309086799621582,7.759549314612822,-0.008662244856005853,1.0460990265328833,80.0,298.31323869957566,596.664724443314,47,0.3818345069885254,94.19981384277344,44.688430309295654,22.677268981933594,15.51218120488753
0.010478980839252472,-0.003793499484891072,-0.022277072072029114,0.006851543373020502,0.9155828356742859,0.8944888114929199,0.8745452761650085,0.008591745921564883,80.0,230.20590209960938,117.15462284088134,67.86630249023438,34.74065670556415,-0.008560812660774292,1.0429404803862175,80.0,294.53910086918626,589.1161827166875,48,0.4009974002838135,460.4342041015625,234.33472156524658,135.74658203125,69.48012558569943
0.009205590933561325,-0.005397252598777413,-0.01944185048341751,0.0059438866422827615,0.9338431358337402,0.8915813952684403,0.8571563363075256,0.01594417046075866,80.0,117.7117919921875,63.8306649684906,24.122098922729492,19.279993744719796,-0.008496250210529459,1.0398515194654463,80.0,289.83076544264145,579.6993209488538,49,0.42117929458618164,235.4412841796875,127.68995609283448,48.25783157348633,38.56039193622487
0.00478753075003624,-0.007277578904177062,-0.021503908559679985,0.00620579968414258,1.0642644166946411,1.0254831418395043,0.9859887957572937,0.015514555381478232,80.0,79.43209075927734,35.90480835437775,11.156981468200684,14.224738748694932,-0.00847187678440241,1.0395641519129275,80.0,284.75224630087615,569.5422281689644,50,0.4287114143371582,158.8920440673828,71.84468195438384,22.343219757080078,28.449872721029333
0.01030829269438982,-0.004463350685546175,-0.019868729636073112,0.005758523865523285,1.1215920448303223,1.0711040407419206,1.0436447858810425,0.013887603281799677,80.0,65.1797866821289,19.80112601518631,9.757110595703125,9.800123271083539,-0.008393278233444445,1.0401825811056529,80.0,279.55712629527443,559.1518433126748,51,0.43009328842163086,130.38087463378906,39.632600498199466,19.556089401245117,19.595700507547345
0.008158337324857712,-0.013523306249408052,-0.036255281418561935,0.009822314892037139,0.99968421459198,0.9552457205951214,0.9282846450805664,0.01585553050695328,80.0,28.569250106811523,18.012372982501983,9.957710266113281,4.605354459371744,-0.008491932618366822,1.0385491799419888,80.0,274.52741950079803,549.0925943603881,52,0.4283938407897949,57.16740417480469,36.07089779376984,19.992961883544922,9.203132585821171
0.019000956788659096,-0.006183964264346286,-0.025305483490228653,0.008732733716789348,0.8951034545898438,0.8625876307487488,0.8310487270355225,0.0142225800649033,80.0,20.360240936279297,11.082580798864365,4.063023090362549,4.103068371522734,-0.008448386045649455,1.0352291507119278,80.0,269.5567621667993,539.1511261890519,53,0.43802428245544434,40.73674011230469,22.194781279563905,8.159074783325195,8.203971439670688
0.011102763935923576,-0.0065815117093734445,-0.024113111197948456,0.008121237776090074,0.8659229278564453,0.8299228243529797,0.7942484617233276,0.018035998932229416,80.0,16.155948638916016,5.364380140602589,1.2096086740493774,2.992324028655868,-0.00841381429868138,1.0314271817052805,80.0,264.6643106477957,529.3660779584889,54,0.4210946559906006,32.32838821411133,10.758521738648415,2.480419635772705,5.978536553536047
0.02030685544013977,-0.005556430574506522,-0.030306819826364517,0.008992732700327483,0.802710771560669,0.7642728753387928,0.716277003288269,0.017405751734855826,80.0,8.93217658996582,2.6066572278738023,1.0208346843719482,1.4152631670079834,-0.008361861867332746,1.0265698306804352,80.0,259.89962604016074,519.8365076820417,55,0.39338183403015137,17.882553100585938,5.239712753891945,2.0697124004364014,2.8263255164726395
0.010874532163143158,-0.003468632517615333,-0.021731793880462646,0.007194629245173122,0.8179833292961121,0.7881191521883011,0.7583825588226318,0.01395339046923143,80.0,32.063148498535156,14.664246356487274,7.454812049865723,5.267683363953608,-0.008274482771802079,1.0223117828502186,80.0,255.52042283152363,511.07784133734447,56,0.29935574531555176,64.14216613769531,29.3511923789978,14.957818984985352,10.529767077210881
0.017531702294945717,-0.0026629874017089607,-0.026816250756382942,0.006686314702820937,0.8939075469970703,0.8714365735650063,0.8518267869949341,0.010673064355442033,80.0,272.49176025390625,75.72855887413024,26.392314910888672,50.92841037371677,-0.008176035484607462,1.0196648493539868,80.0,252.36617960420097,504.76910503213867,57,0.23854947090148926,545.0039672851562,151.47987194061278,52.83116912841797,101.85516025203637
0.03743995353579521,-0.017582510580541565,-0.055707897990942,0.018822838037886504,0.9034903645515442,0.8530551128089428,0.8118641376495361,0.019858070879702504,80.0,80.733642578125,38.53813364505768,19.882781982421875,13.077424131496695,-0.008338216089709773,1.0167922676894172,80.0,248.67948915662953,497.39599104102314,58,0.3637266159057617,161.4864044189453,77.12849354743958,39.708526611328125,26.14589711496685
0.009941847994923592,-0.009282436169451102,-0.03343058377504349,0.008803563143271433,0.7948132753372192,0.7523831322789192,0.701968252658844,0.01945056370924542,80.0,26.672069549560547,10.376604214310646,2.426814556121826,5.661570922365498,-0.008354219819874881,1.0123107569197478,80.0,244.64045720845462,489.31786951453,59,0.30493617057800293,53.3844108581543,20.786820977926254,4.8899407386779785,11.318201382054378
0.009306751191616058,-0.007183103694114834,-0.03604697436094284,0.009479265754325549,0.8565089702606201,0.816251628100872,0.7684940695762634,0.01882426106431707,80.0,22.19226837158203,7.3900803357362745,2.4716994762420654,3.8885389947249758,-0.00833470121777888,1.0090431047727664,80.0,240.68628426057597,481.409419220388,60,0.3406097888946533,44.40045928955078,14.810851866006852,4.977717876434326,7.771986680447236
0.08955815434455872,0.040106121078133584,-0.003096073865890503,0.02156938038675045,0.7291291952133179,0.6442210406064988,0.5733656287193298,0.03975023381133805,80.0,2769.23583984375,856.9031019210815,221.0967559814453,709.1330085625086,-0.007540589376862282,1.0030624151962702,80.0,250.7881993041908,501.6115413744919,61,0.3173487186431885,5538.48486328125,1713.7388706207275,442.16766357421875,1418.2682743870905
0.018833337351679802,-0.004261017640237697,-0.027765095233917236,0.008755058259950436,0.9297776222229004,0.8832906603813171,0.8287695646286011,0.01888111860149421,80.0,3368.91748046875,1438.237102127075,414.1383972167969,851.7959978204336,-0.007487693058529627,1.001130612699255,80.0,269.9406009626244,539.9162001718437,62,0.24205589294433594,6737.85498046875,2876.5003868103026,828.2958984375,1703.5894910895247
0.028799941763281822,-0.0032964019512291996,-0.026601344347000122,0.008564013474716687,1.1992249488830566,1.1452180832624435,1.1081197261810303,0.01901037752997545,80.0,511.07568359375,198.60792112350464,45.956459045410156,96.22778430267554,-0.0074211646282550175,1.003417715406607,80.0,268.8083362032733,537.6515832841396,63,0.38013124465942383,1022.1844482421875,397.24533624649047,91.9774398803711,192.4525857553006
0.019348304718732834,-0.00033846505684778096,-0.01742655783891678,0.006741402007250952,1.0827343463897705,1.0383419521152972,0.9853113293647766,0.015547372133456793,80.0,932.862060546875,342.87955675125124,109.53820037841797,162.7145757615004,-0.0073104974474517805,1.0039634066051804,80.0,269.96569902433544,539.9660984010436,64,0.40525269508361816,1865.7470703125,685.7805507659912,219.09967041015625,325.4263144278701
0.007017843425273895,-0.002319884655298665,-0.013658009469509125,0.004365399730689539,0.946048378944397,0.8998586475849152,0.8524749875068665,0.01779427082173676,80.0,236.40283203125,130.69264082908632,39.0112419128418,46.889072560052945,-0.007233718789110963,1.0023617949279455,80.0,267.82303659056237,535.6805879432421,65,0.4112424850463867,472.82379150390625,261.4079186439514,78.05703735351562,93.77650374147835
0.007500166073441505,-0.007555641757789999,-0.0267160814255476,0.007160352894560959,1.0397436618804932,1.006500604748726,0.973389208316803,0.015648659951871202,80.0,1237.1334228515625,681.7125274658204,334.0927734375,179.55032722041082,-0.007238596409848524,1.0024245041676543,80.0,274.0940894826117,548.2227046259425,66,0.24756669998168945,2474.288818359375,1363.4602890014648,668.2228393554688,359.0952797087023
0.014149654656648636,-0.0051067152060568334,-0.017926901578903198,0.006778096805529484,1.0507127046585083,1.0020074538886548,0.9693386554718018,0.014406531774970414,80.0,553.7581787109375,268.69911069869994,109.40213012695312,82.4211605356838,-0.007206777287403872,1.0024182795366245,80.0,274.0135674112101,548.0615967523696,67,0.2938404083251953,1107.5367431640625,537.4284770965576,218.82376098632812,164.84290125221702
0.007554135285317898,-0.001215366437099874,-0.015463003888726234,0.004047166157849818,0.8920814394950867,0.847486387938261,0.7983367443084717,0.016383154906754238,80.0,690.4409790039062,292.1375020027161,73.58460235595703,134.0013529604807,-0.0071186683043111655,1.0001398693660604,80.0,274.28009586108516,548.5944318674067,68,0.3477818965911865,1380.8994140625,584.2943845748902,147.19338989257812,268.00098973623824
0.002141626551747322,-0.0016078509914223104,-0.008719625882804394,0.0021496308120553973,0.6278127431869507,0.5900690481066704,0.5387383699417114,0.017481898502382947,80.0,1460.0469970703125,674.548842048645,188.16897583007812,383.5497757418167,-0.0070388013867330665,0.9941968139854894,80.0,280.081092182644,560.1961458469647,69,0.3679215908050537,2920.10595703125,1349.1126964569091,376.35919189453125,767.097546161773
0.011612346395850182,-0.006666193809360265,-0.021128147840499878,0.007324807789480186,0.9098370671272278,0.8541783578693867,0.8000118732452393,0.021171614377150566,80.0,139.44488525390625,61.895455145835875,17.352134704589844,24.825962677467093,-0.0070334784213420265,0.992196550326688,80.0,276.9641545106896,553.96221985553,70,0.3831181526184082,278.906494140625,123.8213264465332,34.71364212036133,49.651898160867574
0.010351213626563549,-0.0053055388969369234,-0.023545492440462112,0.007183917652414143,0.8279197812080383,0.7896315954625607,0.7120763063430786,0.022318582396629625,80.0,169.3390655517578,69.1610532283783,32.575111389160156,25.14074442078844,-0.007009141244941955,0.9893435227933904,80.0,274.03735026727674,548.1085056332636,71,0.42391300201416016,338.6910705566406,138.3485100746155,65.15098571777344,50.279499589885965
0.004781955853104591,-0.005466619748040103,-0.019888225942850113,0.005942150320840708,0.8177040815353394,0.7692146316170693,0.7215861678123474,0.01989343607828955,80.0,650.89111328125,302.10875396728517,149.03103637695312,123.19484014914786,-0.006987717335262763,0.9862861770826081,80.0,274.4272308742213,548.8881628593637,72,0.43482255935668945,1301.7967529296875,604.2438259124756,298.0869445800781,246.38395793850415
0.0063216835260391235,-0.006197654060088098,-0.021594204008579254,0.00610395631789623,0.789810061454773,0.7452539913356304,0.6967231035232544,0.020564951364662493,80.0,220.6868133544922,111.68911318778991,57.232357025146484,34.820234001062836,-0.00697689455067133,0.9829843663189509,80.0,272.1979415908456,544.4294965810155,73,0.4024226665496826,441.3879699707031,223.40552453994752,114.49584197998047,69.63670516560121
0.005114588886499405,-0.002245496364776045,-0.012430786155164242,0.003996863498146868,0.7811428308486938,0.7205843962728977,0.6765413284301758,0.0183175633971138,80.0,180.43313598632812,49.474350810050964,19.806011199951172,33.18355137946732,-0.00691295673734842,0.979438420777788,80.0,269.18816333705104,538.4097412857654,74,0.4088413715362549,360.8802185058594,98.96760473251342,39.64164733886719,66.36463674148908
0.012822706252336502,-0.006739346997346729,-0.023150820285081863,0.007188639930345793,0.8076447248458862,0.7738195896148682,0.7478229999542236,0.013981638871903202,80.0,56.700523376464844,18.104239070415495,5.604564189910889,10.80771389622791,-0.006910641940815063,0.9766968363622824,80.0,265.8403776801626,531.7141105097929,75,0.414569616317749,113.421142578125,36.23743308782578,11.244207382202148,21.610624543546844
0.022930428385734558,-0.01048843130702153,-0.03092951700091362,0.010473533519964794,0.8531308770179749,0.8168402805924415,0.7772077322006226,0.019312416474487316,80.0,121.66574096679688,60.63982892036438,32.295963287353516,20.136529262054832,-0.0069577181166862005,0.9745934606284689,80.0,263.1403704596389,526.3141481543057,76,0.42496800422668457,243.3473663330078,121.31697149276734,64.67057037353516,40.264625418292496
0.030982019379734993,-0.005529835261404515,-0.029133126139640808,0.01111318785995767,0.8866539001464844,0.8564319767057895,0.8160499334335327,0.015740046935876346,80.0,54.56157302856445,19.837024796009064,6.052890777587891,11.996056456144654,-0.0069391741835007235,0.9730588959022003,80.0,259.9805867497216,519.9945129565604,77,0.4236412048339844,109.13953399658203,39.702237927913664,12.115837097167969,23.98485215281326
0.012839358299970627,-0.002782448858488351,-0.01763756573200226,0.0063679304175554225,0.9249099493026733,0.8625488854944706,0.8218383193016052,0.01841337953359462,80.0,25.69786262512207,5.93939947783947,1.4102942943572998,4.7072738934465175,-0.006885882833180052,0.971642100896973,80.0,256.72364845136417,513.4805014416575,78,0.42041516304016113,51.418277740478516,11.901614794135094,2.854321002960205,9.411947506038224
0.04233996197581291,-0.004724452667869627,-0.03387073427438736,0.01506825648966443,0.8825907707214355,0.8374186113476754,0.7886940240859985,0.020431562953188546,80.0,36.65902328491211,10.983251023292542,4.369871139526367,6.144024544846042,-0.006858522957669793,0.9699430693836908,80.0,253.6130105092367,507.2591368586579,79,0.43621277809143066,73.32864379882812,21.99269938468933,8.790989875793457,12.281428292851045
0.017785757780075073,-0.003338603355223313,-0.022419266402721405,0.008047457090859715,0.8980569243431091,0.8409093730151653,0.7897788286209106,0.026678504275547202,80.0,29.848024368286133,12.177920800447463,4.6815972328186035,5.990208189862858,-0.0068145239626392125,0.9683301481790842,80.0,250.59507188787683,501.2231393576041,80,0.436779260635376,59.712989807128906,24.379336774349213,9.418050765991211,11.975215103316803
0.008829975500702858,-0.003999653679784387,-0.019242312759160995,0.006308780770909748,0.9921966195106506,0.9443961948156356,0.8938500881195068,0.020252439916852057,80.0,68.8949203491211,24.72167625427246,11.743143081665039,12.064947344466274,-0.006779772477665697,0.9680346672733626,80.0,247.8065114479558,495.6459430659627,81,0.4155893325805664,137.8087615966797,49.47023973464966,23.487564086914062,24.126490891892498
0.014003399759531021,-0.008863141335314139,-0.026875503361225128,0.007792226297510573,1.0475666522979736,0.9992816723883152,0.9644436836242676,0.01763599058219874,80.0,42.263240814208984,13.450535914301872,2.3389909267425537,8.618992452569422,-0.0068051794149540925,0.9684157283113499,80.0,244.94851174632586,489.9300021000388,82,0.5076427459716797,84.547119140625,26.938783860206605,4.735779285430908,17.231754640269664
0.004173627123236656,-0.003713672241428867,-0.014016668312251568,0.003994737480920208,0.9323773980140686,0.9016644537448884,0.8713314533233643,0.012850966580739009,80.0,176.9249725341797,63.6122665643692,19.334611892700195,31.99846129169137,-0.00676793234057427,0.9676114960876576,80.0,242.76373770798907,485.5603634521545,83,0.40366101264953613,353.8690490722656,127.24999432563781,38.68754577636719,63.995161970246244
0.010420365259051323,-0.00843707945314236,-0.03505479544401169,0.008968194939675645,0.9951270818710327,0.9616575129330158,0.9109581708908081,0.019399562045735334,80.0,215.77243041992188,70.79744243621826,12.147468566894531,36.40529374544122,-0.006787803139533414,0.9675406153358166,80.0,240.71651990713465,481.4659661767384,84,0.43974995613098145,431.5635070800781,141.6309923171997,24.332233428955078,72.80491656916692
0.0061987899243831635,-0.006567902921233326,-0.02870163694024086,0.006609600593333208,1.0163450241088867,0.9815670356154442,0.9205900430679321,0.017615257005023043,80.0,71.55520629882812,28.220585262775423,12.762653350830078,10.209103352264307,-0.006785216078141648,0.9677056320449887,80.0,238.21656773484804,476.4660599616346,85,0.30358028411865234,143.1329345703125,56.47393789291382,25.56631088256836,20.414595289983797
0.009554781019687653,-0.00277538588270545,-0.014382842928171158,0.005469296602592554,0.8984482884407043,0.8811697512865067,0.8491121530532837,0.01058079622451294,80.0,53.447906494140625,19.41535113453865,7.361367225646973,10.539783036477745,-0.006738590145636576,0.9666994008733785,80.0,235.67236754182122,471.37754620206226,86,0.4181220531463623,106.91416931152344,38.85387663841247,14.723692893981934,21.077013653267556
0.009844731539487839,-0.002282978652510792,-0.016836008056998253,0.004589843865504997,0.8793199062347412,0.8448510795831681,0.8188055753707886,0.0118068316384989,80.0,142.681884765625,61.29239957332611,20.32624053955078,26.019358243628282,-0.006687376220428233,0.9652988454562496,80.0,233.66800009390747,467.36868086330514,87,0.4119250774383545,285.3920593261719,122.60626173019409,40.677268981933594,52.03802046471007
0.0030713602900505066,-0.0026647494465578347,-0.011085192672908306,0.002973651914075268,0.8717457056045532,0.824206717312336,0.790031909942627,0.01760495717840091,80.0,162.41067504882812,76.87642569541931,25.898462295532227,25.69137712122965,-0.006641664552543345,0.9636955258182506,80.0,231.88627765756098,463.8051125047221,88,0.41683197021484375,324.8367919921875,153.77466530799865,51.824310302734375,51.381183504213574
0.019596587866544724,-0.0056872930494137105,-0.02652806043624878,0.00856107840123427,0.9846435189247131,0.9376995123922824,0.8975958824157715,0.019394897295133256,80.0,72.2320785522461,30.927075505256653,8.690393447875977,15.643176744476763,-0.0066309412772272815,0.9634034357797565,80.0,229.62830909405193,459.2891480890888,89,0.43591880798339844,144.46461486816406,61.88427951335907,17.42726707458496,31.281615379950754
0.01769941858947277,-0.00430985250568483,-0.01793406903743744,0.007248235242843899,0.8768378496170044,0.8456648871302604,0.8141770362854004,0.012315211861577554,80.0,19.537044525146484,9.507603973150253,5.152444839477539,3.0255150137947715,-0.006605151401987921,0.9620952296836509,80.0,227.18252348159746,454.3974991197388,90,0.4181804656982422,39.0924072265625,19.040740847587585,10.326156616210938,6.0483417829799775
0.03667807951569557,-0.008480643219081685,-0.027369262650609016,0.00936350156290531,0.8519248366355896,0.8232587449252605,0.7844358086585999,0.014894931754732043,80.0,20.198047637939453,6.62475203871727,2.7671329975128174,3.742920173992328,-0.006625761202175765,0.9605695540269653,80.0,224.75881170749992,449.55008627742865,91,0.450758695602417,40.41423797607422,13.282930469512939,5.556502342224121,7.478834702966049
0.012288250029087067,-0.0034259692823980004,-0.015045858919620514,0.005343857214735596,0.9317954778671265,0.9034085430204868,0.869346559047699,0.015850543079248193,80.0,46.191627502441406,15.669347542524338,5.593981742858887,9.902824959823297,-0.006590980855221659,0.9599482386899384,80.0,222.4861001404893,445.00458115821954,92,0.407393217086792,92.40185546875,31.36361531019211,11.229251861572266,19.80113468251533
0.00697886198759079,-0.0069736083096358925,-0.02606874704360962,0.00708821197113303,0.7817416787147522,0.7459962047636509,0.7109057307243347,0.01458083329845522,80.0,8.781998634338379,2.134879667311907,0.7035632729530334,1.225922845827968,-0.006595095128925038,0.9576476791853546,80.0,220.11673217841212,440.26580745228523,93,0.4020414352416992,17.57854461669922,4.298626506328583,1.4400705099105835,2.4467259302607487
0.012081719934940338,-0.0058481719577685,-0.0177305880934,0.006372727734217078,0.775381326675415,0.734617879986763,0.7014942169189453,0.015184435723908778,80.0,10.752989768981934,2.1997385025024414,0.8071575164794922,1.803716705593702,-0.006587149137742522,0.9552750217470718,80.0,217.79846628824285,435.62921232761863,94,0.41591548919677734,21.522994995117188,4.425865733623505,1.6406677961349487,3.6035469784432372
0.020921707153320312,-0.004470926336944103,-0.025299398228526115,0.008384547706100148,0.7712608575820923,0.7276042938232422,0.6894457936286926,0.01654655305165583,80.0,11.25942325592041,2.8280556753277777,0.9316996335983276,2.3200221935290912,-0.006564873108260433,0.9528784877689263,80.0,215.53561986073848,431.1034269905248,95,0.42652225494384766,22.535842895507812,5.679605303704738,1.8769372701644897,4.635765471226088
0.0053872279822826385,-0.0063449664216022935,-0.024290069937705994,0.006884974215644407,0.8125370144844055,0.7759538188576698,0.7465597987174988,0.014813987269523873,80.0,27.04813003540039,8.453513312339783,1.85847806930542,5.956946177048132,-0.006562582413607743,0.9510355224677672,80.0,213.3785145841927,426.78917499732535,96,0.43103814125061035,54.111412048339844,16.93523564338684,3.760261058807373,11.905334487563712
0.015512749552726746,-0.0061623160843737425,-0.02619783952832222,0.00660925496490939,0.8528971672058105,0.8094091907143592,0.7536022067070007,0.019055607621785393,80.0,45.71848678588867,10.209796991944312,2.500562906265259,9.339628059591805,-0.006558455956605331,0.9495754571919589,80.0,211.28399172241694,422.60009182097065,97,0.4368624687194824,91.45403289794922,20.448106890916826,5.051841735839844,18.675752542934834
0.05732286721467972,-0.015901722660055385,-0.04355057701468468,0.015239833618841275,0.8353808522224426,0.8031749211251735,0.7688611745834351,0.01419348672068482,80.0,23.664888381958008,6.611869782209396,2.1845078468322754,5.034104634125679,-0.006653795412762985,0.9480815741708692,80.0,209.19550068221074,418.42327054229617,98,0.4331951141357422,47.345489501953125,13.271606510877609,4.465274333953857,10.056221427673037
0.035604458302259445,-0.005663429095875472,-0.034997086971998215,0.010629140631826682,0.8632925152778625,0.7856815375387669,0.7329257726669312,0.024642707667767477,80.0,3.6131598949432373,1.108824596181512,0.4985969364643097,0.7021216061110019,-0.006643791712592404,0.946441169760444,80.0,207.09361506518013,414.2194464931434,99,0.42177438735961914,7.2414445877075195,2.2446896761655806,1.045417308807373,1.3971760662431851
0.013830464333295822,-0.0034217825741507113,-0.019878625869750977,0.0069721960424368465,0.7287378907203674,0.6762478575110435,0.6410897970199585,0.016310631899789815,80.0,15.703625679016113,3.458083675801754,1.0509926080703735,2.8833034053615805,-0.006611571621207987,0.94373923663795,80.0,205.05725975128635,410.1466173866838,100,0.557483434677124,31.425861358642578,6.936535847187042,2.1199116706848145,5.762193179340762
0.019105009734630585,-0.007850746787153185,-0.03132738173007965,0.011193650295965802,0.8541929721832275,0.8221171535551548,0.7770043611526489,0.015396657455461699,80.0,657.5415649414062,212.52645120620727,67.22059631347656,138.16040736592487,-0.0065678736004629165,0.938291588075459,80.0,179.186334260907,358.4045700825304,101,0.40139079093933105,1315.1015625,425.08504619598386,134.48040771484375,276.31149010400264
0.005441654473543167,-0.006759411637904123,-0.025887375697493553,0.006337769447234157,0.8904693126678467,0.8489454790949822,0.8209559917449951,0.016826646380128426,80.0,20.631431579589844,7.168871214985847,2.3851428031921387,4.141314339792684,-0.006419223886623513,0.9331795266643167,80.0,159.73514296817407,319.50178776197134,102,0.40483951568603516,41.280128479003906,14.36824011206627,4.776989936828613,8.276114669355223
0.021577417850494385,-0.001167781071853824,-0.012036069296300411,0.005048241127020518,0.8547775745391846,0.8226537294685841,0.7899211645126343,0.013085167983934764,80.0,109.14857482910156,42.211163783073424,14.370954513549805,18.882694160738605,-0.0062212069522065575,0.9281081392914057,80.0,155.79543891691787,311.6218822184056,103,0.4064319133758545,218.316650390625,84.44111602306366,28.756128311157227,37.76552264813339
0.02625606209039688,-0.006630994175793603,-0.029050756245851517,0.010983235966654462,0.9844498038291931,0.9334629878401757,0.8886176943778992,0.022314557997336573,80.0,73.11614227294922,32.80326199531555,8.290162086486816,14.637616865537542,-0.006185119803092675,0.9248464153856039,80.0,155.08189400553331,310.19465498165783,104,0.3059370517730713,146.25009155273438,65.6384554862976,16.615928649902344,29.268924208043575
0.02280278317630291,-0.009920705622062088,-0.026161421090364456,0.009528368041398234,1.0164848566055298,0.9738378114998341,0.9196767210960388,0.015622232450039556,80.0,51.67213821411133,29.91349595785141,8.957463264465332,10.709988094405727,-0.006228625337505945,0.9227355529591441,80.0,152.62342475330456,305.2777612626999,105,0.2404015064239502,103.3531494140625,59.866309714317325,17.983928680419922,21.416992606979804
0.008188098669052124,-0.009008826047647744,-0.024555321782827377,0.007742081387729492,0.8227286338806152,0.7819634757936,0.7363955974578857,0.01873624262075528,80.0,27.555362701416016,14.491858899593353,7.143804550170898,4.943790443850873,-0.00629828245655517,0.9187833623886108,80.0,122.5375427136384,245.10605738548927,106,0.2903146743774414,55.12725830078125,29.01737473011017,14.333175659179688,9.883136113794192
0.012008458375930786,-0.002943703340133652,-0.0171440988779068,0.0054097143127280235,0.7179791927337646,0.6830760784447193,0.658556342124939,0.012026053496765842,80.0,117.87661743164062,41.97700827121734,12.19940185546875,16.13962737076928,-0.006183173359167995,0.91251472235471,80.0,119.14136883234605,238.31335406832395,107,0.2897765636444092,235.76708984375,83.97356553077698,24.41274642944336,32.27915962614449
0.019458815455436707,-0.0040305483329575505,-0.021695608273148537,0.00761864986314538,0.9028374552726746,0.857241116464138,0.8009761571884155,0.0195444453760332,80.0,107.62644958496094,34.354176092147824,8.3324613571167,16.292835827958942,-0.006052988219569669,0.9077861166968941,80.0,116.33769933914763,232.70566010288894,108,0.28731417655944824,215.2689208984375,68.73355832099915,16.702945709228516,32.58262782033787
0.009180843830108643,-0.007112860638881102,-0.028725069016218185,0.007539980820771135,0.8958550095558167,0.841565017402172,0.7887381315231323,0.025900249693173574,80.0,17.390047073364258,6.615465453267097,3.440479278564453,2.542535262407362,-0.00602645364406635,0.9036663584634661,80.0,114.95357702758534,229.9372800063342,109,0.2813701629638672,34.798492431640625,13.261988055706023,6.9264373779296875,5.080286829615791
0.00723455473780632,-0.009820923823281192,-0.02908930554986,0.008729583185003189,0.7169661521911621,0.649101997166872,0.6103295087814331,0.02112497127373629,80.0,13.634222030639648,4.4978272944688795,2.106480836868286,2.1277596749983476,-0.006006956985336726,0.8981242317855357,80.0,109.96600469857081,219.9619854746908,110,0.27443528175354004,27.281370162963867,9.028278464078904,4.244749069213867,4.2489039179904
0.005931925028562546,-0.006273718003649264,-0.02277224324643612,0.005410116434300501,0.634069561958313,0.5754726938903332,0.5343328714370728,0.02130277305859701,80.0,14.749674797058105,2.318913393467665,0.912934422492981,1.98105407861944,-0.005936139177007135,0.892177403666079,80.0,107.31821977053956,214.6661550278515,111,0.27778148651123047,29.511598587036133,4.661883676052094,1.8325281143188477,3.958680511921677
0.010884523391723633,-0.004581923317164183,-0.021006768569350243,0.0070090811365599425,0.7167882919311523,0.660947048664093,0.6171526312828064,0.018351684555304778,80.0,17.324670791625977,4.241327904164791,0.9352193474769592,3.947285430363696,-0.005884146875992883,0.8883050604686141,80.0,105.91156372222676,211.8526615027934,112,0.29181456565856934,34.66353988647461,8.505038592219353,1.923032522201538,7.8902960461260125
0.020824484527111053,-0.001643915066961199,-0.021684227511286736,0.0080808197661557,0.6922842264175415,0.6324129156768322,0.5788823366165161,0.02514305538073999,80.0,6.3390045166015625,2.4241115055978297,0.8333083391189575,1.3104511351753212,-0.00578262592118699,0.8845112794265151,80.0,104.78227874189243,209.59381261526048,113,0.3153839111328125,12.685304641723633,4.864159098267555,1.655430793762207,2.6181077524666803
0.014750756323337555,-0.00661803400143981,-0.027120467275381088,0.008104887008080784,0.6727855205535889,0.6371083348989487,0.5838503241539001,0.019873422841319224,80.0,5.420401573181152,1.8816442385315895,0.629152774810791,1.031992593074809,-0.005783391641802154,0.8807983419299127,80.0,103.18278042025491,206.39474325777587,114,0.2636435031890869,10.852216720581055,3.7892667204141617,1.2931630611419678,2.057833178745203
0.01629164256155491,-0.0049734365893527865,-0.02128800004720688,0.007799485248027578,0.6483503580093384,0.6161502830684185,0.5617645382881165,0.021910671175445044,80.0,10.508729934692383,2.6260268539190292,0.7886775135993958,1.8813661293469628,-0.005764420566731132,0.8764856503829361,80.0,102.06932148865982,204.16770120415092,115,0.2387087345123291,21.021251678466797,5.27432361394167,1.6294772624969482,3.755732169718307
0.006972223520278931,-0.004385415546130389,-0.019286885857582092,0.005973437847991339,0.7032433748245239,0.6602451875805855,0.6116708517074585,0.019149106971600608,80.0,14.0257568359375,3.6216239228844644,1.3050286769866943,2.4447972939064897,-0.00573794955771882,0.8740567210465671,80.0,101.32673234039174,202.68242139634486,116,0.2740137577056885,28.0628604888916,7.2652236223220825,2.6508851051330566,4.885807649260026
0.013263717293739319,-0.009870452457107604,-0.03576793894171715,0.010950891052193507,0.7294259071350098,0.6795939214527607,0.6264535188674927,0.019124543578226523,80.0,11.43901252746582,2.847297402471304,0.7600063681602478,2.2352433240593395,-0.0057797904997714785,0.8720506190732122,80.0,100.72577767397838,201.4805556130111,117,0.2461717128753662,22.89646339416504,5.727927625179291,1.515484094619751,4.462420309469458
0.005864347331225872,-0.009151226532412692,-0.022491436451673508,0.007427935794439034,0.6959366202354431,0.6444590039551258,0.5923206806182861,0.018715469330585644,80.0,3.001269817352295,1.1970233000814914,0.5046597719192505,0.5430842011140368,-0.0058116570895654154,0.8700714657083154,80.0,100.31344222169743,200.6559088629782,118,0.2954692840576172,6.021951675415039,2.425238221883774,1.0596489906311035,1.0826427927698117
0.003903049975633621,-0.009112173703033476,-0.028377793729305267,0.007106800990750689,0.6924365758895874,0.6520938090980053,0.595933198928833,0.019445088529614178,80.0,21.77311134338379,6.235353052616119,2.5039539337158203,3.9421091962383814,-0.0058940026254276755,0.8681141516119242,80.0,98.72004864376413,197.46924725940818,119,0.2839996814727783,43.56252670288086,12.501972424983979,5.029396057128906,7.877963908688722
0.007554884999990463,-0.00844197382684797,-0.02707105502486229,0.007027462346822422,0.7275176644325256,0.6966219305992126,0.6569101810455322,0.016095757303803006,80.0,53.083106994628906,22.101366353034972,11.106657981872559,8.656845808683823,-0.006002284098882229,0.8660932232961058,80.0,96.53899498360977,193.10731607845423,120,0.23573088645935059,106.18101501464844,44.233548927307126,22.253536224365234,17.30622412189352
0.012949790805578232,-0.005181079416070133,-0.023283876478672028,0.006646497658751465,0.7968366146087646,0.7493568524718285,0.6940528154373169,0.021522635512335644,80.0,7.792574405670166,1.817012520134449,0.6567979454994202,1.487637565095481,-0.0059318336136057045,0.8634575524628161,80.0,92.43153941072153,184.89221129754188,121,0.25004053115844727,15.601003646850586,3.6593743562698364,1.3406044244766235,2.971941574313432
0.02520882710814476,-0.0030633806833066045,-0.01847338303923607,0.008985065686943107,0.7628841400146484,0.6880415670573712,0.6337279677391052,0.029561567422957943,80.0,10.294448852539062,4.701396578550339,1.8558683395385742,1.6796621273752639,-0.005843551636557095,0.8595538189187646,80.0,91.86381726534292,183.75651236081126,122,0.2562887668609619,20.604610443115234,9.422680684924126,3.710057497024536,3.3552952657619293
0.012769948691129684,-0.0024651673855260016,-0.013180216774344444,0.004480962897174487,0.8039323091506958,0.7641701057553292,0.7103172540664673,0.02020321046251596,80.0,187.64927673339844,38.33088124394417,6.973740100860596,28.154754063684983,-0.005775936897844076,0.8560153497830032,80.0,91.91505453170464,183.85878090167046,123,0.25606274604797363,375.31268310546875,76.68197708129883,13.972919464111328,56.30695878922825
0.03824789822101593,-0.014055986667517572,-0.04802030324935913,0.01656232672022788,0.9006077647209167,0.8393472477793693,0.7859532833099365,0.029044894752094024,80.0,802.6904296875,295.3259502410889,102.73103332519531,164.93916038345316,-0.005842816493939609,0.8531891108974814,80.0,92.99113883079215,186.01102673411373,124,0.25467729568481445,1605.3968505859375,590.6967985153199,205.51268005371094,329.86161758324715
0.014385457150638103,-0.005157046375097707,-0.026094334200024605,0.0073574337293227125,0.7436212301254272,0.6975016206502914,0.6694703102111816,0.014923992262248153,80.0,102.47464752197266,44.69077972173691,12.97655200958252,18.902235643837223,-0.005808924346289133,0.8486077960059045,80.0,90.2210978937261,180.470785466671,125,0.2561972141265869,204.96214294433594,89.40582358837128,25.982425689697266,37.80241630252639
0.0030374769121408463,-0.00140141113079153,-0.011636868119239807,0.002724420995284851,0.6847266554832458,0.6592849977314472,0.6297115087509155,0.011017886979243312,80.0,178.65902709960938,56.655048155784606,17.566328048706055,31.122904618987388,-0.005745593670755627,0.8443912726193665,80.0,88.02917551304029,176.08672970581057,126,0.25743961334228516,357.33209228515625,113.32608437538147,35.14677429199219,62.24398190755045
0.02915423922240734,-0.004873842262895778,-0.02395051345229149,0.007952065742847328,0.8508845567703247,0.8022834055125714,0.7384957671165466,0.021695053533376786,80.0,91.32744598388672,36.43001673221588,8.090917587280273,17.507556060200518,-0.005742486721777824,0.8425155092924832,80.0,86.80145097447559,173.63123689579962,127,0.23844623565673828,182.67132568359375,72.88582680225372,16.225662231445312,35.01115955095551
0.013364091515541077,-0.00979219701839611,-0.029674436897039413,0.007975857298818806,0.8908463716506958,0.8340364389121533,0.7760153412818909,0.021338404953592734,80.0,8.39672565460205,3.374198605120182,1.4852076768875122,1.280954857537637,-0.005735880945692769,0.8412683293446898,80.0,84.11174164941535,168.25178009015323,128,0.2549562454223633,16.815101623535156,6.784662300348282,3.0010790824890137,2.5556945926182295
0.009363524615764618,-0.014260439504869282,-0.038597263395786285,0.011950430737579974,0.6987443566322327,0.6653021834790707,0.6374175548553467,0.013768132386746701,80.0,6.445402145385742,2.895596680045128,1.4236880540847778,1.07936802083225,-0.005762319171219133,0.8383453238606452,80.0,83.47976059400663,166.9878124077916,129,0.34690213203430176,12.91319465637207,5.833020257949829,2.919917345046997,2.1481245159369924
0.011476140469312668,-0.005189538287231699,-0.021674761548638344,0.005929368157044446,0.6677637100219727,0.6279821783304215,0.5900189280509949,0.01926553729537767,80.0,6.915104389190674,1.4560797207057476,0.6101430058479309,1.0606595304162787,-0.005747349913406652,0.8333949008136986,80.0,82.38853957234696,164.80524142773456,130,0.3858792781829834,13.842914581298828,2.935098172724247,1.2556884288787842,2.117704220566389
0.008878935128450394,-0.0037849944084882734,-0.01696772873401642,0.005115070760164345,0.6392689943313599,0.6011261396110058,0.5513400435447693,0.01436664954776255,80.0,12.740884780883789,3.934560294449329,1.2840759754180908,2.3831615100059707,-0.0057043931648950085,0.8281731884554029,80.0,81.8049785037674,163.63792893274126,131,0.3785853385925293,25.49538803100586,7.888713097572326,2.5927252769470215,4.762663726915639
0.008764674887061119,-0.0032921201607678087,-0.015455417335033417,0.00540508982817315,0.6146562695503235,0.5742509208619595,0.5154855847358704,0.020356079480333578,80.0,3.4664621353149414,1.193283035606146,0.5595924854278564,0.5885344875079164,-0.005621778833097779,0.8238731650710106,80.0,81.03244605025276,162.09261279159784,132,0.3815321922302246,6.945095062255859,2.4046353325247765,1.1472349166870117,1.1747974886535937
0.010806642472743988,-0.012969153065932914,-0.039153747260570526,0.010583478459539662,0.6749138832092285,0.631596715003252,0.572739839553833,0.020394443054671006,80.0,4.050228595733643,1.3027221143245697,0.5632085204124451,0.6174010935235191,-0.0057190621586050835,0.8205874651446939,80.0,80.50374969961868,161.03534894812108,133,0.3707549571990967,8.112180709838867,2.644014459848404,1.1517350673675537,1.2238946497665466
0.0057504381984472275,-0.004610023711575195,-0.0171954408288002,0.005285645389128183,0.7607030272483826,0.7186032392084598,0.6930761337280273,0.013884557368382918,80.0,16.652982711791992,3.4895904287695885,1.152911901473999,2.5590169660412623,-0.005696220788348001,0.8190798097103834,80.0,80.2341388621442,160.49605143696073,134,0.3807828426361084,33.319881439208984,7.00277299284935,2.3311874866485596,5.11414313013725
0.011835773475468159,-0.007251967105548829,-0.033493172377347946,0.008253041553651716,0.7558407187461853,0.7133345678448677,0.6734955906867981,0.017054087216562715,80.0,6.599557876586914,2.5249952383339407,0.7648539543151855,1.1872781170242481,-0.005689937895222102,0.8174977526962757,80.0,79.94107798155024,159.9098854673803,135,0.38405609130859375,13.213857650756836,5.078761127591133,1.5365939140319824,2.368737111563552
0.03213045001029968,-0.0020837102143559604,-0.022725984454154968,0.008741633415709073,0.7391935586929321,0.6869760163128376,0.6310169100761414,0.020885252646550344,80.0,5.544247150421143,1.604393059015274,0.6950913071632385,1.125403480381933,-0.005618312874459662,0.8151089734584095,80.0,79.71517715873196,159.45789279764892,136,0.38409996032714844,11.099398612976074,3.2266930669546126,1.416670322418213,2.249033166376115
0.005309976637363434,-0.006690011220052838,-0.023291990160942078,0.005975838260666228,0.7000637650489807,0.6623399421572685,0.625720739364624,0.01584065198644744,80.0,7.335715293884277,2.542656047642231,1.1581571102142334,1.1626393205442047,-0.005630468040006236,0.8121458428353072,80.0,79.64029254362359,159.3080886144936,137,0.3833298683166504,14.6783447265625,5.1119389027357105,2.347583293914795,2.3196385387793006
0.013360340148210526,-0.007331618934404105,-0.024977652356028557,0.007627995266295915,0.7482264637947083,0.6938813097774983,0.6577639579772949,0.01785241910747961,80.0,6.596834659576416,1.9865572594106198,0.829136848449707,1.0917636050626154,-0.005570988384308295,0.8099480430111289,80.0,79.5573539447151,159.14204850153624,138,0.39287829399108887,13.20779800415039,4.001655389368534,1.6769986152648926,2.177904975740265
0.011409176513552666,-0.0013488933618646115,-0.012411614879965782,0.004801494915076023,0.8482581377029419,0.8146417431533337,0.7731673717498779,0.01505877003896987,80.0,67.97347259521484,28.207589495182038,6.826615810394287,12.950195433763678,-0.0054729200517758736,0.8098426621630789,80.0,79.61209634178505,159.25133505384622,139,0.38217782974243164,135.96278381347656,56.43416968584061,13.681465148925781,25.89923111405517
0.007357701659202576,-0.004136724537238479,-0.01662265881896019,0.005035670149029142,0.8329904079437256,0.7941178143024444,0.7515992522239685,0.01628332191308085,80.0,11.865128517150879,5.2752418458461765,1.7989734411239624,2.3780661863963357,-0.0054759481110959315,0.809183951690793,80.0,79.04814727866277,158.12342980672418,140,0.38927674293518066,23.746803283691406,10.57463947236538,3.626033067703247,4.755360227513783
0.007775474339723587,-0.0009823293366935104,-0.018286533653736115,0.0042456044436357376,0.7798877358436584,0.7524984017014503,0.7135291695594788,0.01571041068440744,80.0,123.97846984863281,33.15310090780258,8.118328094482422,20.1743406845225,-0.005442993315577041,0.8080087523758409,80.0,78.56218626379594,157.15141836644707,141,0.39469408988952637,247.9714813232422,66.32321643829346,16.273197174072266,40.34709431209134
0.007619298063218594,-0.010279871756210923,-0.030704669654369354,0.008900315674809145,0.7767775058746338,0.7413292087614536,0.7057154178619385,0.017870850005457774,80.0,158.22850036621094,46.65896558761597,13.569676399230957,32.155223254859585,-0.0055162123737973155,0.8061989441737532,80.0,78.15733805155381,156.34183218766748,142,0.39386510848999023,316.4722900390625,93.35331802368164,27.193737030029297,64.30050443486857
0.008752955123782158,-0.008865155273815617,-0.029716763645410538,0.008404915323888675,0.7420591711997986,0.68902672752738,0.6535794734954834,0.018861863268622703,80.0,82.51053619384766,44.075887656211854,21.797151565551758,13.842540477134587,-0.005560741518100258,0.8042257315292953,80.0,77.87906089138613,155.78532746602593,143,0.39130425453186035,165.03550720214844,88.18328685760498,43.62437438964844,27.686259214487123
0.02985858917236328,-0.006656664662295952,-0.02413000538945198,0.008232838500418352,0.6686592102050781,0.6230853766202926,0.5775749683380127,0.01659301653447954,80.0,89.6280517578125,42.611024343967436,14.450491905212402,15.753035083723255,-0.005575152573699598,0.799849134348333,80.0,78.22262538501246,156.47239774121346,144,0.3925347328186035,179.29075622558594,85.24782354831696,28.93015480041504,31.509012182743987
0.0035070842131972313,-0.0037029266939498486,-0.015057524666190147,0.0038259030531392325,0.7016903162002563,0.6514817990362645,0.6011372804641724,0.01859353975229385,80.0,98.21288299560547,47.22741086483002,22.064001083374023,17.42320855134691,-0.005508742372621783,0.7958662747964262,80.0,77.7706502370499,155.56823496617378,145,0.39438343048095703,196.4385223388672,94.47525720596313,44.16282653808594,34.843722201812504
0.020824585109949112,-0.006279728485969827,-0.025673866271972656,0.009068796370481209,0.8320382237434387,0.7974796004593372,0.75166916847229,0.019167907731766343,80.0,46.96018600463867,20.682454085350038,8.723206520080566,8.573547718773773,-0.005513118023227435,0.7935447795912625,80.0,77.55528305980191,155.13746294607225,146,0.39200782775878906,93.93685913085938,41.39341757297516,17.460094451904297,17.144796598180626
0.010147534310817719,-0.007343423366546631,-0.024004297330975533,0.00674949353381883,0.7088416814804077,0.6624618962407112,0.6303781270980835,0.016408879248871196,80.0,10.225007057189941,5.336447930335998,2.8377926349639893,1.327289159728353,-0.005473798294377048,0.790118774086237,80.0,77.38541864737496,154.7975869630128,147,0.4060070514678955,20.460697174072266,10.700832003355027,5.687236785888672,2.651858631047932
0.003619929775595665,-0.01805414571426809,-0.04725239798426628,0.011706619892812322,0.6846033930778503,0.6391178697347641,0.5789361000061035,0.023905563867225817,80.0,6.394299030303955,2.304798737168312,1.274689793586731,1.030698443971382,-0.005616404756670817,0.7875650646686555,80.0,76.23692040633782,152.50082462869585,148,0.4768085479736328,12.80203628540039,4.658488133549691,2.570542335510254,2.0487573970003266
0.018365418538451195,-0.003724451852031052,-0.022131716832518578,0.006868210475470723,0.6805404424667358,0.6230250105261803,0.5753944516181946,0.02318710319253945,80.0,6.584003448486328,1.9311261668801307,0.6577804684638977,1.2007549087379863,-0.0055996767492033535,0.7848795008212329,80.0,75.61792501832173,151.2627466852665,149,0.3801395893096924,13.177556037902832,3.8821617498993874,1.3722158670425415,2.3974220648852365
0.019960224628448486,-0.0050850825326051565,-0.01974153146147728,0.008787805733517519,0.6655678749084473,0.6181587830185891,0.5680387616157532,0.023323882864418066,80.0,8.358202934265137,1.8714730702340603,0.4656350612640381,1.698060918434714,-0.0055777517854876365,0.7808062572330237,80.0,75.27759166548029,150.58195466062426,150,0.38408946990966797,16.729171752929688,3.765479490160942,0.9602479934692383,3.39201324875864
0.02365771494805813,-0.004227954993257299,-0.019071519374847412,0.007342637081904978,0.730526328086853,0.6643185339868068,0.6115095615386963,0.022380749454237334,80.0,5.174833297729492,2.0464430332183836,1.1284188032150269,0.8322175985997694,-0.005575397828564747,0.7767384021654725,80.0,75.10004483566061,150.22677493938806,151,0.3763885498046875,10.365890502929688,4.114628374576569,2.27193546295166,1.6603343875254568
0.07947131246328354,-0.004958691145293415,-0.044161807745695114,0.018649005933433473,0.6729925870895386,0.6142547413706779,0.5605823397636414,0.02256224561434675,80.0,29.974525451660156,7.037543079257011,2.6846516132354736,6.092944528643821,-0.0054897516775236025,0.7733284923732279,80.0,74.99029653662815,150.0070388481915,152,0.37755274772644043,59.96097183227539,14.097288674116134,5.416969299316406,12.176251765397064
0.014095120131969452,-0.005083881918108091,-0.023479748517274857,0.006883014688845463,0.7470846176147461,0.7065854102373124,0.6642818450927734,0.016932657151365767,80.0,14.22934627532959,5.399893492460251,2.4475326538085938,2.9152873996268,-0.005478750854061219,0.7717684701681137,80.0,74.93346966356413,149.89333189949394,153,0.37773776054382324,28.461650848388672,10.824086409807204,4.93287467956543,5.823458838278389
0.01855585351586342,-0.002097861364018172,-0.01989012025296688,0.007501345191129797,0.7439395189285278,0.7002847328782081,0.6588586568832397,0.01743058456188142,80.0,6.356454849243164,1.5674714773893357,0.5986562967300415,1.1834356176573084,-0.005433914350607666,0.7704720892533659,80.0,74.895500576932,149.81727812594175,154,0.3776054382324219,12.725640296936035,3.153144383430481,1.2014527320861816,2.364761568598089
0.036989644169807434,-0.008357164997141809,-0.03846757486462593,0.01154426116905096,0.7682987451553345,0.7318384014070034,0.7046726942062378,0.013775816612232712,80.0,9.39405632019043,3.7733078584074975,1.7431254386901855,1.4625270121368916,-0.005461921694834017,0.7701477445140479,80.0,74.90716708323734,149.84066066706183,155,0.373934268951416,18.801525115966797,7.577966865897179,3.5038201808929443,2.9197133940467324
0.02446771040558815,-0.003826607557130046,-0.020746728405356407,0.007376332687831285,0.724905788898468,0.6952444568276406,0.652672290802002,0.017839967065745383,80.0,11.717751502990723,2.6733302369713785,1.1873981952667236,1.9298092239494715,-0.005465501445229165,0.7692189975604413,80.0,74.78725792204216,149.6008309285343,156,0.37232136726379395,23.44906997680664,5.3682185262441635,2.414651870727539,3.856777398917145
0.007782205939292908,-0.0004486185556743294,-0.011759854853153229,0.003704342158484638,0.8570782542228699,0.8195037618279457,0.7679463624954224,0.019979863309011418,80.0,1335.2640380859375,315.8052459716797,69.51632690429688,263.6059914347636,-0.00544335775676882,0.7686996694430708,80.0,77.18802479301766,154.4023099972904,157,0.37554383277893066,2670.5439453125,631.6277788162231,139.06326293945312,527.2104078397497
0.016664009541273117,-0.0013419897994026541,-0.017646517604589462,0.005253801374817549,0.8513277173042297,0.8165392711758613,0.7728486061096191,0.015803017695084416,80.0,171.412109375,69.91179626584054,2.4946084022521973,38.96936619027985,-0.00528095254895743,0.76833451102674,80.0,77.50176141922549,155.02945113262533,158,0.34026360511779785,342.84442138671875,139.84260708093643,5.010085105895996,77.93612126298359
0.01481911912560463,-0.0010975160519592464,-0.00979684479534626,0.00381124650135359,0.7867425680160522,0.7475102737545967,0.7115095853805542,0.014433104345006597,80.0,209.2522735595703,53.95551069974899,14.485551834106445,33.50836747979209,-0.005199103347782512,0.7682857824414968,80.0,77.93755048407986,155.90086459174753,159,0.39266157150268555,418.51812744140625,107.92816689014435,28.983272552490234,67.01607275429372
0.0046350834891200066,-0.0009126192366238683,-0.009118884801864624,0.002797004152856035,0.7090596556663513,0.652825091034174,0.6116677522659302,0.019650868447271434,80.0,644.8637084960938,274.547101020813,97.60584259033203,121.4193186325682,-0.005136398503207602,0.7666515170708298,80.0,80.60912069093064,161.24384688004852,160,0.38228297233581543,1289.74072265625,549.1090806961059,195.229248046875,242.8373094138283
0.00680713914334774,-0.0005518593359738588,-0.0101266298443079,0.002653608641753674,0.7428935766220093,0.7066355444490909,0.6660529971122742,0.017289587126251345,80.0,828.7269897460938,507.5511316299438,252.7044219970703,139.11480039361186,-0.005542978307348677,0.7672756621092557,80.0,77.11560098801925,154.25763315019012,161,0.3035261631011963,1657.467529296875,1015.1174976348877,505.4226989746094,278.22776765873016
0.007948371581733227,-0.0029697076824959368,-0.016076110303401947,0.005418263343145257,0.6989426612854004,0.6537147663533688,0.6187140345573425,0.015173335544138558,80.0,480.3704528808594,117.36528577804566,25.742855072021484,92.37495854993298,-0.005530065207771258,0.7649799031689762,80.0,63.90688282452896,127.84012513932585,162,0.27762317657470703,960.7545166015625,234.74958572387695,51.51068878173828,184.7465450016188
0.004205839708447456,-0.0010156736796488985,-0.016642143949866295,0.003168749852990693,0.6708964705467224,0.6314252831041813,0.5884296894073486,0.016792545385010096,80.0,182.18035888671875,60.01841986179352,15.315996170043945,32.0111640888464,-0.0055072579250554565,0.7598419751673937,80.0,62.520987811911844,125.06818676623702,163,0.2307138442993164,364.37322998046875,120.05149893760681,30.63714599609375,64.02158495099704
0.0595463365316391,-0.0031612368678906933,-0.021270746365189552,0.010535833144447216,0.841322660446167,0.782602495700121,0.7405418753623962,0.021671539944417232,80.0,52.11791229248047,16.481935769319534,2.2785613536834717,10.30963780105153,-0.005535485643165885,0.7572845806032419,80.0,59.257011602092525,118.54023971894385,164,0.28053903579711914,104.2521743774414,32.98584603667259,4.585997581481934,20.61599239958748
0.012673657387495041,-0.0039039261639118193,-0.021165724843740463,0.007447772433423138,0.7413491010665894,0.6902835495769978,0.6514418125152588,0.017406255504909027,80.0,6.87841796875,3.6256941214203833,1.609097957611084,1.1234506119029706,-0.005551326058252017,0.7551888296231628,80.0,57.98634213501587,115.99889055022597,165,0.27941417694091797,13.77082633972168,7.273001772165299,3.2625503540039062,2.242017056826694
0.006742492318153381,-0.013830973982112481,-0.03437146171927452,0.010321229563259135,0.7298765182495117,0.6907951898872853,0.6496546864509583,0.017800688289575043,80.0,5.096672534942627,1.5365526683628559,0.8477357029914856,0.785616197899234,-0.005614079380495241,0.7520317754745482,80.0,51.1845823870413,102.39543349209427,166,0.23838400840759277,10.206395149230957,3.1145831882953643,1.7596805095672607,1.5612895320762679
0.035925060510635376,-0.017662702954839914,-0.03921343758702278,0.012415911319357261,0.7061492204666138,0.6781151719391346,0.6483432054519653,0.014890775793035023,80.0,8.179678916931152,3.4402260780334473,1.6835559606552124,1.5049477543402,-0.005739639257983073,0.7487928526550534,80.0,48.531993540834634,97.09044212016462,167,0.23922109603881836,16.37511444091797,6.929339903593063,3.4513821601867676,2.9965755313089937
0.019855674356222153,-0.0046929473668569695,-0.025190258398652077,0.007661579466446281,0.6557134389877319,0.6054705895483494,0.5573856830596924,0.020794701752844234,80.0,4.42267370223999,1.1817866522818803,0.37138327956199646,0.7925986057072222,-0.005774415067280643,0.746372694671154,80.0,45.62243638733029,91.27134896051138,168,0.2447671890258789,8.856964111328125,2.3850686095654963,0.7998589277267456,1.5809134075206324
0.009632989764213562,-0.0029199878335930407,-0.02196156606078148,0.00675560549476649,0.6628837585449219,0.633387666195631,0.5998227596282959,0.014840241811568188,80.0,6.464488506317139,1.656329444050789,0.5423758029937744,1.3063366490713535,-0.00578753643570235,0.7468058808520436,80.0,38.893511261284345,77.8135336617306,169,0.2844414710998535,12.9400634765625,3.3311665788292886,1.0993257761001587,2.608609620360621
0.014580260030925274,-0.00519039913197048,-0.02016047015786171,0.007136253501856512,0.6086871027946472,0.566450709849596,0.5343262553215027,0.014456643588460353,80.0,8.424098014831543,2.447694181650877,0.9324720501899719,1.4906311079715895,-0.0057727784889284525,0.7439286043718458,80.0,38.2990336516425,76.62449137895555,170,0.29814624786376953,16.85683822631836,4.917098169028759,1.8832656145095825,2.976627053915301
0.006822805851697922,-0.005233673978364095,-0.02065124362707138,0.006059991136324379,0.7100844383239746,0.6509732767939568,0.5773487091064453,0.028000962569718988,80.0,10.231099128723145,2.1688166581094266,0.6777108907699585,2.0244963445976047,-0.005772059839742724,0.7425420211851598,80.0,37.629111285939814,75.28461747948081,171,0.26141881942749023,20.474546432495117,4.361120127141476,1.3664135932922363,4.043383197544301
0.014527754858136177,-0.0033354097395204008,-0.019812388345599174,0.007856314361503169,0.7116016149520874,0.6619453564286232,0.6042184829711914,0.022036313936258958,80.0,7.766316890716553,1.6165414117276669,0.5627964735031128,1.3353988016433227,-0.005750747739657526,0.7414693284332752,80.0,34.62418916038424,69.27470914588125,172,0.2676231861114502,15.546282768249512,3.252992552518845,1.147392749786377,2.668508980067288
0.018756909295916557,-0.0028064682468539105,-0.024182427674531937,0.008201512993450021,0.6995593309402466,0.6644706949591637,0.631523609161377,0.016036095448590314,80.0,3.2495577335357666,0.7771694891154766,0.4127883017063141,0.5286282612517443,-0.005716835881525185,0.7406614954695105,80.0,33.51506972339749,67.05638631375878,173,0.26567554473876953,6.51474666595459,1.573241327702999,0.8483157157897949,1.054374794903891
0.040093082934617996,-0.009897500701481477,-0.03400909900665283,0.01433384468420408,0.7714464068412781,0.7308561526238918,0.6950386762619019,0.01642668326410816,80.0,8.831337928771973,1.7914870120584965,0.5522893071174622,1.4778189052542752,-0.005793355924892238,0.7407642130330205,80.0,33.03824108541757,66.10288412781806,174,0.28420186042785645,17.676856994628906,3.6173861384391786,1.1868326663970947,2.945968785789607
0.007901635020971298,-0.0015865060326177628,-0.011780209839344025,0.0036777712429351024,0.6772555112838745,0.6254134520888328,0.5910450220108032,0.016851759081879903,80.0,397.8562927246094,81.89405417442322,18.628705978393555,68.89865871841334,-0.00574182751524495,0.7392801516577602,80.0,33.67613923645765,67.37854769500345,175,0.24248695373535156,795.7219848632812,163.80378980636596,37.273101806640625,137.79482017072613
0.014764558523893356,-0.0017482879396993668,-0.01806684210896492,0.00503803293020861,0.8248305916786194,0.7896051682531834,0.7533127069473267,0.012489980765331442,80.0,1544.4986572265625,655.5486827850342,248.625732421875,266.567093429951,-0.005654426081571727,0.7390078005343674,80.0,39.62522777510434,79.27654464038461,176,0.26270461082458496,3089.01318359375,1311.1166660308838,497.2513732910156,533.1331607375853
0.005331061780452728,-0.003618004219606519,-0.02410661056637764,0.005662627931510809,0.8006001114845276,0.7688280813395977,0.7320133447647095,0.01426544793298267,80.0,78.21917724609375,19.384425434470177,3.652768850326538,15.59136752657882,-0.005635307771153748,0.7381317615807056,80.0,39.620701781488954,79.26743689467759,177,0.2903096675872803,156.45428466796875,38.79146335721016,7.310393810272217,31.17963641695246
0.005636483430862427,-0.004232925071846694,-0.014879110269248486,0.0048350779385810715,0.7385637760162354,0.7060247614979744,0.6737780570983887,0.015315228516267066,80.0,86.95063018798828,22.91369981765747,7.058449745178223,17.243758330877398,-0.005649812533287332,0.7365665203407407,80.0,39.790444784887136,79.60692060738057,178,0.29024171829223633,173.91580200195312,45.84998606443405,14.141374588012695,34.4835635684782
0.004949204623699188,-0.003523438301635906,-0.015291985124349594,0.004327039775089223,0.634653627872467,0.6100616157054901,0.5781028270721436,0.013962143595919822,80.0,883.2017822265625,522.0820550918579,219.0103759765625,152.54752544362955,-0.005637802389624995,0.7342929503843187,80.0,44.90143282557279,89.82882720880956,179,0.2670714855194092,1766.416015625,1044.183359527588,438.0462341308594,305.09534100453806
0.009709109552204609,-0.0034940048353746533,-0.01829342171549797,0.0057937416154613015,0.7286748886108398,0.688579685240984,0.64522385597229,0.017038547409603418,80.0,458.2347717285156,240.8034873008728,77.19573211669922,87.51698211271322,-0.005639356404426508,0.7327696535065769,80.0,47.18768849057704,94.40131116192788,180,0.2289562225341797,916.4901123046875,481.62773208618165,154.42117309570312,175.0322734226896
0.008001148700714111,-0.0017880974977742881,-0.01274406909942627,0.00426187357511921,0.690853476524353,0.6262294895946979,0.5845893621444702,0.016093242727714667,80.0,140.31687927246094,44.27361519336701,11.380436897277832,30.4020907912421,-0.005617240842606408,0.7295879864543676,80.0,47.38320787996798,94.7922420777604,181,0.28881239891052246,280.646240234375,88.56333131790161,22.785306930541992,60.802613109776324
0.007826730608940125,-0.004230340255890042,-0.017964806407690048,0.004375700834943123,0.6621336936950684,0.6121108703315258,0.5879306793212891,0.012482236081499818,80.0,48.77545166015625,25.647901916503905,8.339856147766113,10.452312743313659,-0.005570912831812167,0.7257162784337996,80.0,47.50518153999,95.03601930826157,182,0.251509428024292,97.57452392578125,51.316506910324094,16.71699333190918,20.904771183747453
0.008244287222623825,-0.0084240135649452,-0.026850111782550812,0.007044096801408641,0.6954410076141357,0.647689538449049,0.6136553883552551,0.015741233903484343,80.0,6.141078948974609,2.9814809173345567,1.794615626335144,0.7625015815792187,-0.00561801624504733,0.7231765292808412,80.0,46.89887368351966,93.82344700195641,183,0.23351073265075684,12.302120208740234,5.992763695120812,3.6150152683258057,1.520944544904935
0.009198719635605812,-0.007342842686921358,-0.023092949762940407,0.006384994181435401,0.6359976530075073,0.5952904969453812,0.548069953918457,0.016184715109427664,80.0,4.786116600036621,1.4908483296632766,0.6967605948448181,0.7825156827647131,-0.005607073877385118,0.719512859120965,80.0,46.205807742454105,92.4372199605778,184,0.29759669303894043,9.584547996520996,3.0082881793379785,1.429105520248413,1.560335829612443
0.003569871187210083,-0.0058180643944069745,-0.017390234395861626,0.005034381782435118,0.6456446647644043,0.6112018041312695,0.5753787755966187,0.017916973833165883,80.0,2.538283586502075,0.8883969932794571,0.2858782112598419,0.5000744907349546,-0.005599575492116855,0.715809206806123,80.0,45.93248585975915,91.89048712328078,185,0.2911663055419922,5.0876264572143555,1.800654163211584,0.5922452211380005,0.9955422694713106
0.008626189082860947,-0.0046661093831062315,-0.01668819598853588,0.005593650457950501,0.5952627062797546,0.5565431393682957,0.516804575920105,0.015274617275539483,80.0,3.9165103435516357,1.3049572851508855,0.4559323489665985,0.702236848473344,-0.005618482727120863,0.712562940686941,80.0,45.75138192126526,91.52825213340671,186,0.2858119010925293,7.844350814819336,2.6303776510059835,0.9061121940612793,1.4012716846688247
0.008074462413787842,-0.007723190530668944,-0.02345343306660652,0.007375961654731937,0.6250694990158081,0.5873805090785027,0.5486140847206116,0.017305035430978288,80.0,2.545964479446411,0.9599987801164389,0.38459962606430054,0.460326207209104,-0.005672884845902444,0.7099882349818946,80.0,45.148057913333176,90.32166143164041,187,0.2953202724456787,5.102622032165527,1.9471915535628797,0.8012606501579285,0.9133153734188835
0.016701508313417435,-0.0068772131227888165,-0.023554053157567978,0.008250248786082109,0.6563608646392822,0.6040875285863876,0.5581599473953247,0.022424343982980804,80.0,14.41611099243164,3.2380956657230855,0.9454686641693115,2.237935882222328,-0.005715009482664754,0.707787043094635,80.0,44.41167461303622,88.84893505407871,188,0.2534792423248291,28.8502197265625,6.502027551829815,1.9382328987121582,4.473520480687378
0.027482587844133377,-0.0010289844125509263,-0.023134849965572357,0.009416626549030277,0.6165311336517334,0.5807474620640278,0.5373649001121521,0.018675032052286787,80.0,15.36760139465332,3.4103960365056993,0.6970694661140442,3.530539004535727,-0.005668426396296126,0.7042175225913525,80.0,44.13650781834871,88.29843690860272,189,0.2825286388397217,30.748620986938477,6.8344649657607075,1.430577039718628,7.059677180595469
0.010520584881305695,-0.0053450939827598635,-0.027285613119602203,0.00685202493408909,0.6797776222229004,0.6333145387470722,0.5816900134086609,0.019295768698859572,80.0,2.1129343509674072,0.8302231665700675,0.3875899016857147,0.35145469550356956,-0.005678778811066876,0.7020940191075205,80.0,44.04973401028291,88.124867528297,190,0.40879058837890625,4.23820161819458,1.68380281701684,0.8262380361557007,0.6997176606668929
0.019904498010873795,-0.006579896033508703,-0.022287197411060333,0.009154768987070322,0.6972838640213013,0.641937530040741,0.5649628043174744,0.020707352371660017,80.0,4.67247200012207,1.7194875456392764,0.9138104319572449,0.771181097648959,-0.005659771339211147,0.7002808069586753,80.0,44.00068136535212,88.02668795984236,191,0.37548351287841797,9.36016845703125,3.464973624050617,1.8642950057983398,1.5370265881935972
0.05975174531340599,0.0038601522566750644,-0.013822026550769806,0.010985517982465965,0.6375525593757629,0.6067640736699105,0.5520802140235901,0.0175787939750208,80.0,6.497280597686768,1.4473187126219274,0.5341468453407288,1.1384741887032954,-0.005586910123820416,0.6973143622651695,80.0,43.8584610770531,87.74204233073442,192,0.3765113353729248,13.006606101989746,2.899052399396896,1.0926427841186523,2.2741440389555923
0.05367743968963623,0.011488900409312918,-0.013738679699599743,0.014211336161954226,0.6291134357452393,0.5498654119670391,0.5039706230163574,0.02151058447047748,80.0,419.57794189453125,123.01565046310425,39.6137580871582,73.01056895834505,-0.005402285036630928,0.6953530543372033,80.0,45.06726878501102,90.15924925433843,193,0.37605834007263184,839.1943359375,246.01931886672975,79.22991943359375,146.02583822420266
0.009538918733596802,-0.0018322956078918652,-0.014165356755256653,0.004953073013500137,0.7771950960159302,0.7258817583322525,0.6882143616676331,0.014433560298635599,80.0,41.48143005371094,9.480685570836068,2.6796491146087646,8.606456142671654,-0.005362126273132163,0.6952656931206582,80.0,45.140078255694355,90.30478612928835,194,0.3779582977294922,82.98116302490234,18.979553228616716,5.3787522315979,17.211573632694805
0.01129065454006195,-0.0014319756883196533,-0.009501703083515167,0.004084574610461961,0.7191717624664307,0.684385209530592,0.6524155139923096,0.015092412963358543,80.0,75.91622924804688,20.438655412197114,4.970532417297363,13.294776309534853,-0.005331736766645918,0.6948335022777318,80.0,45.31618425306306,90.65692870111017,195,0.3755006790161133,151.84762573242188,40.89386248588562,9.959142684936523,26.588811452629876
0.008141810074448586,-0.002111146616516635,-0.011628281325101852,0.004464616428580213,0.708885908126831,0.6692850649356842,0.6267046332359314,0.016146203458345408,80.0,414.5659484863281,95.44342734813691,12.261714935302734,80.61672419302974,-0.005289398568595061,0.6937668147385119,80.0,46.186083393421015,92.39662097854166,196,0.3755452632904053,829.14501953125,190.90446338653564,24.550251007080078,161.231398580739
0.003424616064876318,-0.002007984710508026,-0.011189460754394531,0.002840450836336456,0.6228666305541992,0.594761660695076,0.5644815564155579,0.013961702929802668,80.0,129.8099365234375,57.76158618927002,24.58272933959961,23.800590321951933,-0.005247855254856404,0.6916203394383191,80.0,46.66160128539428,93.34753074301034,197,0.37872886657714844,259.63037109375,115.53908333778381,49.178863525390625,47.599343454304325
0.01179734617471695,-0.002375448413658887,-0.015628693625330925,0.005302614566514806,0.662664532661438,0.6261832907795906,0.5877774953842163,0.016169682765299346,80.0,279.2783508300781,117.30039134025574,38.52080154418945,49.93103133172548,-0.005112592512392438,0.6898504231348632,80.0,47.76848650097474,95.56099523419886,198,0.3746523857116699,558.569580078125,234.61805562973024,77.06851196289062,99.85929116614332
0.012049995362758636,-0.004161158204078674,-0.019903145730495453,0.005871055984933328,0.6300543546676636,0.5911301411688328,0.5564647316932678,0.015841805017234492,80.0,79.20869445800781,26.757817697525024,7.067497730255127,11.493163456897122,-0.005097569803474471,0.687904909171164,80.0,48.02497643198817,96.07390613720565,199,0.3765733242034912,158.4291534423828,53.535779976844786,14.150932312011719,22.98377272152265
0.01931602694094181,-0.002956237579928711,-0.015461757779121399,0.006292706970089985,0.5874267816543579,0.5567889682948589,0.5163343548774719,0.015464468218579287,80.0,48.2055778503418,22.875072252750396,5.1724324226379395,9.803699268883314,-0.005092914353532251,0.6867103202790021,80.0,48.21914631775766,96.46221270964296,200,0.3981590270996094,96.42256927490234,45.76719309091568,10.366853713989258,19.60735663096156
0.008571038022637367,-0.012165263015776872,-0.02752516232430935,0.007912897004463654,0.6115659475326538,0.5800229251384735,0.5465898513793945,0.014993246772410566,80.0,3.1012308597564697,1.821864940226078,1.0672862529754639,0.46559071575215477,-0.005136059515818489,0.6842893779948355,80.0,46.11210045509785,92.24815885645896,201,0.38646745681762695,6.2141032218933105,3.679660877585411,2.1724090576171875,0.92500766418364
0.010071948170661926,-0.004309238120913506,-0.018658969551324844,0.005908977264538866,0.5587872266769409,0.5196510728448629,0.48495250940322876,0.01733756972610853,80.0,3.640897274017334,1.5785881839692593,0.7760930061340332,0.6098367878804524,-0.005111557780648582,0.6809964339323342,80.0,46.056197624787686,92.13623833408207,202,0.3790726661682129,7.2949676513671875,3.1761878743767737,1.5869109630584717,1.2159369926530936
0.012784569524228573,-0.002239039441337809,-0.01631418615579605,0.005401498285140628,0.5731762647628784,0.5324193574488163,0.49269920587539673,0.019052357938096034,80.0,3.3689920902252197,0.8390432670712471,0.3273911476135254,0.5364841191995441,-0.005122270364343422,0.6780940902121365,80.0,45.64247641962766,91.30875930374862,203,0.4059758186340332,6.745849132537842,1.693212989717722,0.6725728511810303,1.070173100670727
0.005773119628429413,-0.004752219334477559,-0.018931761384010315,0.004758186804787266,0.5352470874786377,0.4973339818418026,0.46580374240875244,0.015587786057713533,80.0,2.652496337890625,0.9960803057998419,0.48855385184288025,0.420894915713079,-0.005103482615930261,0.6737328001521529,80.0,45.324404602732514,90.67249086616188,204,0.41535234451293945,5.3141093254089355,2.0116117276251315,0.9888703227043152,0.8379114753140565
0.010445572435855865,-0.009966544288909062,-0.025699734687805176,0.007368446964855047,0.5362457036972046,0.49683011546730993,0.44652774930000305,0.016571846070276484,80.0,2.060079336166382,0.7320375669747591,0.37123143672943115,0.34950265702899286,-0.005103941002598731,0.6689627231918276,80.0,45.03259001882375,90.08876721721886,205,0.4068772792816162,4.133141040802002,1.4939448200166225,0.7826007008552551,0.6920588050005704
0.01772329956293106,-0.008199827722273767,-0.02201933041214943,0.007480280431390283,0.560776948928833,0.49515852741897104,0.4518398642539978,0.020271355564180506,80.0,2.938161611557007,1.1769514709711075,0.49791276454925537,0.5308678912682153,-0.005095851019344991,0.6660946737080811,80.0,44.89944094453752,89.82239552767574,206,0.4336254596710205,5.885018825531006,2.380205775797367,1.0341157913208008,1.0562267952719768
0.008498124778270721,-0.005293362075462937,-0.02182275429368019,0.006382335657280383,0.5408539175987244,0.4961901504546404,0.45178353786468506,0.018916821036790505,80.0,7.583317279815674,1.8753780454397202,0.5322362184524536,1.639476823838129,-0.005119347606698284,0.6642258144281803,80.0,44.49842464227975,89.02037253861128,207,0.41956424713134766,15.174251556396484,3.7712666243314743,1.086378574371338,3.2742577525968026
0.02744986116886139,-0.0029963185370434076,-0.023681223392486572,0.010642584988801905,0.6470263004302979,0.585304169356823,0.5290305614471436,0.027094968089950835,80.0,1.4437257051467896,0.5159903571009636,0.3364461660385132,0.20312567489320268,-0.0051090053087391426,0.6615064449571071,80.0,44.16004278492928,88.34353374987094,208,0.4130878448486328,2.9001598358154297,1.049679446965456,0.6977783441543579,0.40415206133836534
0.0211222842335701,-0.0022146611183416097,-0.022455181926488876,0.008401047836960765,0.5887219905853271,0.536281169205904,0.48368456959724426,0.024371932152799133,80.0,3.4023890495300293,0.9595773834735155,0.42277708649635315,0.5316228212944335,-0.005060023313533748,0.6584536064751445,80.0,44.10348390423135,88.2302569664046,209,0.3572845458984375,6.81535530090332,1.934309709072113,0.8766801357269287,1.057082636001404
0.006365001201629639,-0.007226938882376998,-0.02617376483976841,0.007950671177383208,0.5792475938796997,0.5302484441548586,0.47207093238830566,0.019174457987168252,80.0,6.156154632568359,1.6902533695101738,0.716296911239624,1.273204540976919,-0.005034083464124706,0.6572650709450244,80.0,44.07540816498175,88.17402983758596,210,0.35918521881103516,12.321962356567383,3.405565582215786,1.4568638801574707,2.538310485688823
0.032283421605825424,0.001812935946509242,-0.013387389481067657,0.009686248350628325,0.5503561496734619,0.48797050043940543,0.41778063774108887,0.021574138951628855,80.0,1388.0084228515625,306.51977014541626,60.63542175292969,281.7770429609941,-0.004953216924623121,0.6563900490105152,80.0,47.11741673250124,94.257867725946,211,0.350360631942749,2776.026123046875,613.0456725120545,121.3073501586914,563.5545501465361
0.0030246302485466003,-0.0016990591248031706,-0.008071916177868843,0.002584980690927356,0.6804503202438354,0.6394363701343536,0.6110600233078003,0.014648198298589675,80.0,948.9624633789062,409.89630937576294,79.36563110351562,193.92505659094198,-0.004924388282699511,0.6561749422252177,80.0,51.173966547217226,102.37090536034852,212,0.2945377826690674,1897.9375,819.8088020324707,158.74636840820312,387.8496372528676
0.0011244900524616241,-0.0021677748358342797,-0.00941517110913992,0.002531108591147229,0.6816760301589966,0.6328866593539715,0.5568615198135376,0.020384660430135756,80.0,212.65567016601562,49.44482455253601,19.212007522583008,30.249509439909765,-0.004929626880388243,0.6561796796619891,80.0,51.64417367768661,103.31133019325884,213,0.2718334197998047,425.3268127441406,98.90664238929749,38.43482971191406,60.4975495767444
0.0016963351517915726,-0.0014149286260362714,-0.008027816191315651,0.001970915399825994,0.5914785861968994,0.5472589619457722,0.5223966240882874,0.017794704035826215,80.0,1353.2503662109375,564.459337425232,229.22898864746094,247.55329631425383,-0.004877595826634207,0.6552811859324573,80.0,57.269950609553604,114.56276196605711,214,0.24283552169799805,2706.51123046875,1128.9324440002442,458.474609375,495.10604898450475
0.0038559064269065857,-0.0006607432907912881,-0.007058696821331978,0.0019040174133911718,0.4661363363265991,0.42399357333779336,0.3809763491153717,0.018689588534528626,80.0,1096.644775390625,572.7694643020629,237.94483947753906,163.39027176887774,-0.0048344688936485915,0.6533596188351511,80.0,62.97138498403505,125.9655060422346,215,0.24478721618652344,2193.2958984375,1145.5487312316895,475.89678955078125,326.77966756692973
0.007849723100662231,-0.00168573132250458,-0.008882909081876278,0.00315254347238534,0.5576843023300171,0.5168780449777841,0.48622244596481323,0.012791633932002984,80.0,1460.2369384765625,895.6754432678223,383.6275634765625,263.4093851923151,-0.004807472051412333,0.6519259474091231,80.0,71.89192317748443,143.8064998402521,216,0.2852320671081543,2920.48388671875,1791.3646034240724,767.263427734375,526.819688749866
0.0026913266628980637,-0.0014580837974790483,-0.008399855345487595,0.0020759851294951935,0.5433140993118286,0.5077941417694092,0.4650622010231018,0.015380705140387124,80.0,491.32855224609375,200.87324438095092,97.57866668701172,67.70967333004268,-0.004723348364816048,0.6502079496122896,80.0,73.87218264726923,147.76681619464605,217,0.27812957763671875,982.6663818359375,401.7595630645752,195.17208862304688,135.41789105467853
0.007999580353498459,-0.001202067593112588,-0.008549056947231293,0.0030645714472965187,0.5457468032836914,0.5060992401093245,0.43603843450546265,0.016205327726159492,80.0,773.810302734375,506.4104751586914,267.9524841308594,104.90404090262317,-0.004643856775423046,0.6488243519738317,80.0,78.92431716585533,157.87089855211227,218,0.26724815368652344,1547.6368408203125,1012.8334739685058,535.91943359375,209.8088776105688
0.005663860589265823,-0.004192817420698702,-0.017214640974998474,0.004575219274935845,0.5574883222579956,0.515337597206235,0.47712594270706177,0.016778404512243647,80.0,66.75428009033203,21.016279101371765,4.127647876739502,11.500414425229435,-0.0045946632125997,0.647456789854914,80.0,79.07212642634288,158.16639133470505,219,0.26572489738464355,133.54159545898438,42.05125068426132,8.277460098266602,23.000469884020433
0.004157593473792076,-0.0122106124938,-0.0338105671107769,0.008052368532832827,0.5859094858169556,0.5395082872360945,0.4951157867908478,0.018096201878731524,80.0,14.509106636047363,2.279244640469551,0.9667050838470459,2.106096014071263,-0.0046323495992692185,0.6458856534212828,80.0,78.87390520921721,157.7699928517565,220,0.2657327651977539,29.036211013793945,4.593700632452965,1.9748625755310059,4.2052168120234485
0.0036652125418186188,-0.00576206169789657,-0.01682804524898529,0.005094061505786329,0.5559341907501221,0.5186036035418511,0.48380619287490845,0.017200796489187663,80.0,5.84223747253418,2.0717888712882995,0.7838846445083618,1.130512960943349,-0.004638159422087484,0.6435781209319829,80.0,78.87645297272874,157.7750538476929,221,0.2826807498931885,11.694198608398438,4.16547394990921,1.5900193452835083,2.256745939227222
0.009129837155342102,-0.012349126266781241,-0.027017533779144287,0.008339539058927314,0.590789258480072,0.5370524298399687,0.49133583903312683,0.01889080717305594,80.0,4.1989426612854,1.390849630534649,0.5323538780212402,0.62979217613597,-0.004731016877922229,0.642068229559809,80.0,78.8433475032486,157.70899842644482,222,0.2568702697753906,8.408092498779297,2.817138560116291,1.1015589237213135,1.2499331661447683
0.009958930313587189,-0.0030713245272636414,-0.013126783072948456,0.005015387686514687,0.5484107732772827,0.504582155495882,0.46909356117248535,0.015788872610844426,80.0,5.333072662353516,1.1884465042501688,0.4419249892234802,0.7487805583358599,-0.004737078449339607,0.6394723500572145,80.0,78.47192315585166,156.9661099285707,223,0.2755086421966553,10.670019149780273,2.393127293884754,0.9070725440979004,1.49367114593483
0.014014991000294685,-0.005530527647351846,-0.019910521805286407,0.006189161937271241,0.5495971441268921,0.501078374311328,0.45546528697013855,0.019815518209880298,80.0,3.094423532485962,0.7891784649342298,0.32189321517944336,0.5000731785660297,-0.004651823859137949,0.636089661322534,80.0,75.52655543809011,151.07513633883,224,0.2925143241882324,6.186591148376465,1.5994395412504674,0.6712958812713623,0.9941853933664886
0.008113179355859756,-0.007780880597420037,-0.026790205389261246,0.008059938486214162,0.6040077805519104,0.5633641131222248,0.5229696035385132,0.016453438360276337,80.0,12.518543243408203,2.3644582107663155,0.7633205056190491,2.1637030938153186,-0.004678062201361173,0.6347482862472534,80.0,75.10329222298041,150.2286355576515,225,0.3064539432525635,25.04806900024414,4.755745470523834,1.580833911895752,4.321064764818246
0.009443847462534904,-0.0024659340851940215,-0.012021742761135101,0.004873034174155849,0.6053243279457092,0.5729184620082378,0.5312823057174683,0.017391317015072332,80.0,4.688816547393799,1.4683640509843827,0.5692530870437622,0.8070015341987207,-0.004688707430905197,0.6338846208900213,80.0,74.55142538193242,149.12490589763223,226,0.41301918029785156,9.387486457824707,2.9531183734536173,1.1435184478759766,1.612037638454612
0.009873360395431519,-0.01297366435173899,-0.035732291638851166,0.009922035924766807,0.6248363256454468,0.5857219487428665,0.5476861596107483,0.017968575955914716,80.0,3.1884214878082275,1.1348525449633597,0.5857206583023071,0.5789009612678928,-0.0047697056517936294,0.6317190063223243,80.0,74.1984737400599,148.41912129814924,227,0.37316060066223145,6.388138771057129,2.307366853952408,1.214707374572754,1.150203290295601
0.006445217877626419,-0.008308294118614867,-0.026645682752132416,0.00754617639669363,0.6074552536010742,0.5721488386392594,0.5321343541145325,0.01651550108420101,80.0,4.5674848556518555,1.2672009341418744,0.5911431312561035,0.8996951216439203,-0.004754866622795817,0.6291001303195953,80.0,74.1774037633501,148.3768992894143,228,0.3083951473236084,9.146007537841797,2.5624614268541337,1.2124323844909668,1.7908486849688283
0.01551089994609356,0.0003884376579662785,-0.00416816771030426,0.0035847790045717212,0.6251637935638428,0.5829400457441807,0.5445554256439209,0.01533963555217052,80.0,388.7619323730469,163.51937918663026,38.5960693359375,81.72405423485408,-0.0046083778511674615,0.6282765089422464,80.0,75.78364158841595,151.58906549625098,229,0.28523755073547363,777.5374755859375,327.0496409416199,77.20713806152344,163.44876641449662
0.005108300596475601,-0.0014200017496477813,-0.012633517384529114,0.0031505831352818,0.6557812094688416,0.6101566590368748,0.5740004777908325,0.018664025076805014,80.0,260.41436767578125,39.12829120755195,6.793210506439209,46.44071794244194,-0.004570682485791623,0.6280982537493108,80.0,76.16036370328442,152.34243077209592,230,0.27840089797973633,520.84033203125,78.27162575721741,13.589088439941406,92.87999425563866
0.09919914603233337,-0.004483678983524442,-0.030749808996915817,0.02265710562132864,0.7457047700881958,0.7096015729010106,0.6680216789245605,0.016086852155306752,80.0,41.85281753540039,13.604951131343842,3.341856002807617,8.845901702177336,-0.004577669331541984,0.629183008082211,80.0,76.25706761165337,152.53587425777314,231,0.25701475143432617,83.71990966796875,27.233061665296553,6.716116905212402,17.68521073566297
0.011229217052459717,-0.003121564444154501,-0.01760631613433361,0.004840528983470954,0.7408932447433472,0.6975704841315746,0.6577224731445312,0.014501629203993635,80.0,40.94850540161133,12.875768646597862,3.254862070083618,8.09626110579199,-0.0045759637743758505,0.630416203714907,80.0,76.37389246776328,152.76954522322117,232,0.27071523666381836,81.91085815429688,25.771731877326964,6.547289848327637,16.190629809473553
0.0013167783617973328,-0.007752230810001493,-0.030257413163781166,0.006967306151891565,0.7266237139701843,0.696074552088976,0.655243992805481,0.01501266204408431,80.0,30.039262771606445,11.952919420599937,3.6934354305267334,6.776093609907692,-0.004523794551816536,0.6310609820857642,80.0,76.48039444082603,152.98245772682128,233,0.25167417526245117,60.107810974121094,23.935264819860457,7.4129319190979,13.550492517637444
0.011331256479024887,-0.004880312795285136,-0.026000984013080597,0.006681866455448698,0.6827832460403442,0.6487994149327279,0.6030679941177368,0.013125758242713914,80.0,85.22515106201172,39.796841979026794,17.060264587402344,14.830283770274475,-0.004526497442653635,0.630362943843007,80.0,76.8434669563286,153.70859420339764,234,0.27355074882507324,170.46730041503906,79.61642065048218,34.13630676269531,29.660999895986055
0.00697956420481205,-0.007297222188208252,-0.02307899296283722,0.005982462801086036,0.6883188486099243,0.6582586728036404,0.6195968389511108,0.014780111028451049,80.0,7.358793258666992,3.0090044319629667,1.5863099098205566,1.1126028921692868,-0.00452694999348023,0.6298121848925947,80.0,76.8483070482649,153.71826427696644,235,0.317821741104126,14.732091903686523,6.0457684844732285,3.17242693901062,2.220393912899491
0.007747353985905647,-0.004396289342548698,-0.016437163576483727,0.005023010851990106,0.6394098997116089,0.6059597261250019,0.5551587343215942,0.015190463460486449,80.0,51.7507209777832,22.582615733146667,6.0041823387146,10.745272597677584,-0.004550075784762158,0.6290020219907163,80.0,77.05808927500621,154.13785878016054,236,0.32004761695861816,103.5260238647461,45.18614338636398,12.037960052490234,21.48921658500489
0.002869710326194763,-0.006342356011737138,-0.02098299004137516,0.005504833310120683,0.630649209022522,0.5990258514881134,0.5633471608161926,0.013379449529553021,80.0,53.561737060546875,17.255575600266457,1.6578214168548584,10.660333011339405,-0.004546599232679,0.6283688810840249,80.0,77.20521847053246,154.43209755514562,237,0.3209049701690674,107.17031860351562,34.53581640124321,3.3500022888183594,21.32141358742794
0.011774670332670212,-0.007990703085670247,-0.026979666203260422,0.00733929853846166,0.6656481623649597,0.6288661859929562,0.5822610855102539,0.018157315887246676,80.0,3.1276955604553223,1.4196476705372334,0.6990826725959778,0.41267404546833014,-0.004553190074191663,0.6277187298461794,80.0,77.19954937464372,154.42075954188405,238,0.30673670768737793,6.2699503898620605,2.8678540632128717,1.411921501159668,0.824704322944805
0.014364305883646011,-0.008743037702515721,-0.028954219073057175,0.008635189176321187,0.6543100476264954,0.6100972287356854,0.5750811100006104,0.017390146263022925,80.0,2.043856143951416,0.70356953330338,0.28628283739089966,0.3608041164250858,-0.004627131517598173,0.6256732847020029,80.0,76.92450917502494,153.87078611590715,239,0.2708566188812256,4.100666522979736,1.436827088147402,0.6175104379653931,0.714890945239452
0.01541232317686081,-0.0039122334826970475,-0.01989845186471939,0.007427405871207187,0.6214082837104797,0.5729966394603252,0.529584527015686,0.017181743954521243,80.0,2.7586004734039307,1.0114566173404456,0.3737010359764099,0.5324138020943445,-0.004624886607052759,0.6234620729535818,80.0,76.88187132273988,153.78546169751883,240,0.3681936264038086,5.532043933868408,2.04219763353467,0.7936478853225708,1.0621231208791577
0.010945208370685577,-0.005638915073359385,-0.023281017318367958,0.007424877227530772,0.6148930788040161,0.5701137043535709,0.5358304381370544,0.01606307645744852,80.0,1.6031559705734253,0.6011765193194151,0.285168319940567,0.2579254752744572,-0.004671452464419417,0.6216382259801031,80.0,76.55635207885504,153.13447986457498,241,0.3944835662841797,3.2176904678344727,1.2250331439077855,0.6194700598716736,0.5106251311480892
0.008744526654481888,-0.00372804828803055,-0.018523775041103363,0.004979100171337921,0.586661696434021,0.5310240220278502,0.49266695976257324,0.01891452098329736,80.0,4.4096760749816895,1.1224536791443824,0.44093626737594604,0.7566908528150392,-0.004605934229737613,0.619535174112767,80.0,76.10098695977032,152.2235765235722,242,0.39461660385131836,8.831945419311523,2.2629839234054088,0.9102746844291687,1.5108864091375196
0.01451612077653408,-0.0026957413996569813,-0.015257436782121658,0.005759524995386978,0.6424874663352966,0.5892330206930637,0.5435864925384521,0.019655831592135384,80.0,9.210600852966309,1.493826726078987,0.35777342319488525,1.830128184665978,-0.004544240090996026,0.6185372370444239,80.0,75.67516635046898,151.37179195097835,243,0.3903980255126953,18.43269920349121,3.0048295982182025,0.7475219964981079,3.6570806802243627
0.009177494794130325,-0.005498948064632714,-0.025707464665174484,0.007169203007873101,0.6422708034515381,0.602927727252245,0.5639964938163757,0.019209336348786146,80.0,3.9714605808258057,0.9240756422281265,0.407839834690094,0.7708528590571888,-0.004532662925019394,0.6183356605507434,80.0,75.25829686345159,150.53802579277755,244,0.4166574478149414,7.955514907836914,1.8712077282369137,0.8273830413818359,1.5376508069496642
0.010837990790605545,-0.005286752956453711,-0.025506149977445602,0.006785603024971801,0.6358708143234253,0.585301174223423,0.5379278063774109,0.020198652325707583,80.0,1.9223541021347046,0.6327029265463352,0.30412599444389343,0.315372298210856,-0.004548501187644433,0.6176738543026149,80.0,74.79234978406876,149.60615007457136,245,0.5102145671844482,3.8567874431610107,1.2876853853464127,0.6303150653839111,0.6242844446732512
0.01652054861187935,-0.004603960859822109,-0.020132556557655334,0.006119747774028417,0.6324747800827026,0.5967556409537792,0.5624526143074036,0.015529180516976621,80.0,2.344200849533081,0.6947917960584163,0.2802881896495819,0.4253984912289063,-0.004531743511382956,0.6156666147075593,80.0,74.59247316117585,149.2063231651038,246,0.4164893627166748,4.700769424438477,1.4107266262173652,0.5983986854553223,0.8461823084286358
0.12102694064378738,0.007650218793423846,-0.030237216502428055,0.030685071519231673,0.672387957572937,0.6350609444081783,0.5953237414360046,0.01788482327989996,80.0,1203.9608154296875,270.50901386737826,19.883129119873047,327.2344199465583,-0.004381807089783251,0.6153926051892341,80.0,77.24419882054627,154.50946907375751,247,0.4022557735443115,2407.93359375,541.0154228687286,39.637184143066406,654.4687266568874
0.0038134418427944183,-0.0014328151068184526,-0.016796313226222992,0.0030825961193144376,0.6900586485862732,0.6522674061357975,0.6160290241241455,0.014161569901115535,80.0,725.9630126953125,339.9326709747314,64.58061218261719,156.49036746221535,-0.004215593783708755,0.6155241005532445,80.0,80.6204775429219,161.2616967172176,248,0.3810551166534424,1451.93994140625,679.8812524795533,129.17987060546875,312.9798219507817
0.004021957516670227,-0.0008265400887466967,-0.007356911897659302,0.0023550821334896903,0.7418760657310486,0.694903926551342,0.6702671051025391,0.012268030208035885,80.0,619.4653930664062,237.9691979408264,72.19845581054688,109.20658218906236,-0.004186614666075911,0.616242889713496,80.0,82.98085826066136,165.98241454941035,249,0.38498997688293457,1238.947509765625,475.95394496917726,144.40260314941406,218.41327746564454
0.004162351600825787,-0.0006375858734827489,-0.0068787336349487305,0.0019917845083826545,0.6691212058067322,0.6434611342847347,0.609821081161499,0.012149918446920973,80.0,863.0795288085938,310.75424404144286,67.1269302368164,156.44764372093513,-0.004142139699484687,0.6164959132261575,80.0,86.06968597037347,172.15998606142404,250,0.4625244140625,1726.16748046875,621.5226306915283,134.26654052734375,312.89568874111035
0.003806937485933304,-0.0008992839371785522,-0.011115852743387222,0.001987774371877629,0.6670169234275818,0.6407829359173774,0.6030336022377014,0.013532502303717652,80.0,332.7776184082031,196.77564935684205,93.98063659667969,54.238594316050644,-0.0041088529889239,0.6162605572454631,80.0,88.0169780336097,176.05449890968205,251,0.3966333866119385,665.5684814453125,393.5659132003784,187.97665405273438,108.47594893516631
0.0036594122648239136,-0.0001763489213772118,-0.005037277936935425,0.0015892248879291657,0.6451356410980225,0.5999123387038707,0.5681747198104858,0.015970135776020893,80.0,1262.84033203125,808.1138526916504,359.11444091796875,213.13116544886273,-0.004061029566684737,0.616117133218795,80.0,96.02774112973363,192.075926550895,252,0.3490116596221924,2525.69580078125,1616.24005279541,718.2435913085938,426.2623478497079
0.003141527995467186,-0.0010706949280574918,-0.005954108200967312,0.0018978096259225543,0.6128987669944763,0.5774289861321449,0.5525688529014587,0.013432954409647844,80.0,669.341064453125,119.50341680049897,14.56161880493164,118.36405226730749,-0.004020897696784231,0.6148255689777434,80.0,97.168776362814,194.35789092466234,253,0.39450740814208984,1338.6943359375,239.0205237865448,29.130081176757812,236.72747602537487
0.009980691596865654,-0.0027851966267917307,-0.01956211030483246,0.006205512677685922,0.595625638961792,0.5576330363750458,0.522082507610321,0.013853245301987185,80.0,80.95740509033203,28.71199275255203,13.57352066040039,12.458293224496565,-0.004027771049411967,0.6133990520127118,80.0,97.44022157556563,194.90076656576989,254,0.395918607711792,161.92601013183594,57.4407084941864,27.180644989013672,24.91571396827643
0.0256698876619339,-0.01017486837808974,-0.035930730402469635,0.012620016267376417,0.5628814697265625,0.5182790413498879,0.4882371425628662,0.012838834804932982,80.0,39.445106506347656,14.779323080182076,2.353193521499634,8.390733926225586,-0.004045948083221446,0.6112634584121406,80.0,97.55028172778339,195.12088051104544,255,0.4003751277923584,78.90058898925781,29.58936139345169,4.746206283569336,16.780696320821374
0.06594338268041611,-0.005354996520327404,-0.023884490132331848,0.011934890580033681,0.6385974884033203,0.5820622108876705,0.5381811857223511,0.01838228292710339,80.0,3.285877227783203,1.5130074948072434,0.8199995756149292,0.5236195568139431,-0.00406123197285342,0.6101316359527409,80.0,97.53867850036173,195.097681987986,256,0.39478158950805664,6.584652423858643,3.048366220295429,1.6513710021972656,1.0448843648087698
0.01491815596818924,-0.004865900659933686,-0.027724917978048325,0.007893989608403595,0.5639513731002808,0.5269700784236193,0.4824255108833313,0.015379833744375885,80.0,2.5343213081359863,1.0072590570896864,0.49294313788414,0.43969400071991394,-0.004105404793896014,0.6072062991186976,80.0,94.39069863121584,188.8017520929873,257,0.3855478763580322,5.079306602478027,2.034789316356182,1.0402679443359375,0.8720305077203651
0.09625346958637238,-0.01641545706661418,-0.059155017137527466,0.027095946500649646,0.6034955978393555,0.5508290730416775,0.5071001648902893,0.019361404723880656,80.0,24.50537872314453,5.532647281885147,1.1929763555526733,5.741204315554344,-0.004256139466568129,0.6045491971373558,80.0,93.74690714137627,187.51441744238141,258,0.40413641929626465,49.02153015136719,11.109142020344734,2.4995036125183105,11.46832967252694
0.011345665901899338,-0.004254518041852862,-0.020121963694691658,0.006876376635871507,0.5692686438560486,0.5166693169623613,0.45139575004577637,0.021150947241325716,80.0,3.4851999282836914,0.9122434463351965,0.37211543321609497,0.6233728805785342,-0.004287709486467065,0.6022407875694334,80.0,93.21647446884214,186.45356906659904,259,0.3916952610015869,6.9791059494018555,1.8433293119072913,0.7774301171302795,1.2413263164343034
0.030130811035633087,-0.008502245519775898,-0.029237762093544006,0.009967274877540849,0.5956131815910339,0.5408933885395527,0.4846882224082947,0.0197302643343615,80.0,3.5200977325439453,0.9613642945885659,0.47033655643463135,0.5079545493553826,-0.004363605749298585,0.6011214705444873,80.0,90.48061710157988,180.98198376902192,260,0.4723687171936035,7.064244270324707,1.950550938397646,0.9664443135261536,1.013611474795579
0.005819547921419144,-0.012799210206139833,-0.04124775528907776,0.009404608515069832,0.6375439763069153,0.5926713272929192,0.5410698652267456,0.02201021769314907,80.0,2.842466115951538,0.9158538024872541,0.3590625822544098,0.5109139665905008,-0.004486079258000245,0.5999818283729255,80.0,85.41426432330535,170.84950038717687,261,0.40090131759643555,5.695329666137695,1.8691594503819942,0.7501507997512817,1.0102801982289291
0.013814985752105713,-0.00610584068344906,-0.024052215740084648,0.005972181404444039,0.5986816883087158,0.559651256352663,0.5190619826316833,0.01879775472988981,80.0,5.0447540283203125,1.0943938553333283,0.5388269424438477,0.798346685949776,-0.0045174405880097765,0.5990411932729185,80.0,84.2515554040782,168.52412645417454,262,0.38846755027770996,10.10334587097168,2.2121924236416817,1.102508783340454,1.5932394804849113
0.008124787360429764,-0.007704136963002384,-0.02231990545988083,0.005838675601670076,0.6023415327072144,0.5709862388670445,0.5263818502426147,0.017278870365358148,80.0,2.296645402908325,0.8254352886229753,0.3669496178627014,0.3923339924865072,-0.004584325220843311,0.5984368028305471,80.0,83.6596255583465,167.34038845047354,263,0.3904001712799072,4.606080055236816,1.6776985675096512,0.7689160108566284,0.7795243460353047
0.006872569676488638,-0.00707477888208814,-0.02571295015513897,0.006720563345872349,0.6265906691551208,0.5846407860517502,0.5493375062942505,0.017050640072632465,80.0,2.680156946182251,0.5767769288271666,0.2589406669139862,0.40915301662231107,-0.004623460640985286,0.5964571857340634,80.0,83.50057396994158,167.02232395228003,264,0.4134488105773926,5.3732428550720215,1.179396217316389,0.5809058547019958,0.8137924257266553
0.007230378687381744,-0.00019436305447015912,-0.0049468353390693665,0.0023720806343140886,0.6149237155914307,0.5791947051882744,0.546066164970398,0.012464753951475737,80.0,88.80207824707031,29.62777199745178,2.422126531600952,19.00992299959445,-0.00458636500989087,0.5953462972901762,80.0,83.76059474870189,167.54226909746976,265,0.33472752571105957,177.61990356445312,59.26751629114151,4.862234592437744,38.020226071299874
0.003976043313741684,-0.003420333319809288,-0.016210438683629036,0.004285804240418683,0.587894082069397,0.5470194794237614,0.5200899243354797,0.013328992173422394,80.0,78.10995483398438,28.63487102985382,3.391207695007324,14.88347267422184,-0.004482258603267838,0.5939085401855408,80.0,84.0315779323168,168.08399850060792,266,0.4027373790740967,156.2311553955078,57.28752350211143,6.809237003326416,29.76527108884129
0.003140382468700409,-0.0009564758045598864,-0.011519561521708965,0.002336630662417542,0.6347979307174683,0.6010795444250107,0.5659947395324707,0.015828071485346002,80.0,160.0877685546875,60.36054358482361,10.828554153442383,29.764836667332744,-0.004315196331765037,0.5931381839103996,80.0,84.60078110738472,169.2220553193912,267,0.40294456481933594,320.1881103515625,120.73502178192139,21.670917510986328,59.53005137045335
0.003237217664718628,-0.0015790251200087368,-0.01298748329281807,0.0030980678694657975,0.587554931640625,0.5546406976878643,0.5191482901573181,0.012498841305018452,80.0,126.08792877197266,57.807786321640016,9.917734146118164,28.515166891764352,-0.004284057109296554,0.5926298849917948,80.0,85.16704110407827,170.35450286585095,268,0.4352264404296875,252.187255859375,115.62982325553894,19.84752655029297,57.02827532285853
0.002849813550710678,-0.0007368804566795006,-0.005703028291463852,0.0017008594837436093,0.5607484579086304,0.533727253228426,0.49437546730041504,0.013083148571166627,80.0,136.64414978027344,40.433402770757674,5.491878032684326,20.866993533528433,-0.00426222603552742,0.5916332808621229,80.0,85.55481183734537,171.1299807405919,269,0.4136347770690918,273.2986145019531,80.87895405292511,10.994739532470703,41.732929594213424
0.008617077022790909,-0.0016617809538729488,-0.01140342466533184,0.0038522144865761614,0.5388033986091614,0.5042735695838928,0.4708365201950073,0.015790597818024978,80.0,211.06214904785156,128.03926544189454,37.459537506103516,38.04456370589738,-0.004226939853746444,0.5910115094594659,80.0,86.81072754994779,173.64172914958,270,0.4007596969604492,422.14495849609375,256.0919390678406,74.92929077148438,76.08800803242363
0.01115775853395462,-0.005505269952118396,-0.02213524840772152,0.006594529533698346,0.5419319868087769,0.5061231829226017,0.4710725247859955,0.01544648787676071,80.0,28.678531646728516,9.465261870622635,2.559176445007324,6.309807658670016,-0.004229655813483987,0.5895630085207523,80.0,86.8836920020729,173.7876345158368,271,0.4070117473602295,57.40336608886719,18.951656752824782,5.151881694793701,12.618504014190481
0.004383642226457596,-0.0014035153377335518,-0.008314374834299088,0.0023651721386681577,0.5309774875640869,0.5033731978386641,0.4660603702068329,0.014716843598044422,80.0,53.790184020996094,20.60912506580353,6.217580318450928,8.862563324488182,-0.004210336869466118,0.5879772869348526,80.0,87.07361783861366,174.16741583742203,272,0.40401411056518555,107.59060668945312,41.231124711036685,12.442733764648438,17.72464479277748
0.011431869119405746,-0.00243351201643236,-0.017162209376692772,0.005948599167010228,0.5049917101860046,0.47669369280338286,0.4393048882484436,0.014161818913226636,80.0,34.51040267944336,12.29125898182392,1.0354036092758179,7.79438649305212,-0.004206607307161903,0.5860995169132948,80.0,87.18875873354074,174.39765261086822,273,0.39899182319641113,69.04757690429688,24.596918672323227,2.0793161392211914,15.58936263665751
0.009607195854187012,-0.004940814088331536,-0.018677402287721634,0.005912630869003754,0.5714215636253357,0.5177709244191646,0.4851568341255188,0.015495291065420282,80.0,1.915657639503479,1.0585882365703583,0.5636982321739197,0.2579030598597028,-0.004157040441030404,0.5839686646312475,80.0,87.18142974578588,174.38285288465025,274,0.39626359939575195,3.842524528503418,2.137413516640663,1.1633012294769287,0.5134527330811101
0.013266414403915405,-0.0075774748343974355,-0.027226947247982025,0.00876244166186847,0.5981966257095337,0.5686707772314549,0.529737114906311,0.01447251462068084,80.0,4.420167446136475,1.2769367646425962,0.472944051027298,0.7698499361969985,-0.004216950129048201,0.5834012378826737,80.0,86.37525857168808,172.77061900552363,275,0.4138355255126953,8.850387573242188,2.5804018937051296,0.9914726614952087,1.5330934967914924
0.020371224731206894,-0.00878963255090639,-0.026753678917884827,0.008571740422378358,0.6069239974021912,0.5621657744050026,0.5266445279121399,0.016391030028223688,80.0,2.9784159660339355,0.807764272019267,0.3467215895652771,0.4553169295412771,-0.004287363575160271,0.5811268439441919,80.0,79.82784938655794,159.67589585652203,276,0.4261655807495117,5.976213455200195,1.6443511307239533,0.7187132835388184,0.9071147725210599
0.014234606176614761,-0.005325979011831805,-0.020330969244241714,0.006982983092747487,0.6271471977233887,0.5720821529626846,0.5130725502967834,0.023716416075795024,80.0,2.9041173458099365,0.7357465963810682,0.3207249343395233,0.4351433957017496,-0.004304443323082523,0.5791593846604228,80.0,79.64136259817704,159.30291709082573,277,0.39947032928466797,5.815683364868164,1.4935867875814437,0.6747264266014099,0.8636206354350053
0.007442861795425415,-0.005200110332225449,-0.01955685392022133,0.005354063844916517,0.5655837655067444,0.516461529955268,0.47398293018341064,0.0192672260312376,80.0,2.5864036083221436,0.7232494100928306,0.3420141637325287,0.41924987758415083,-0.00431411517568631,0.5772637523449957,80.0,79.41945809410139,158.85908951283244,278,0.4018239974975586,5.185117721557617,1.467228265106678,0.7336170673370361,0.8347925366902186
0.010822886601090431,-0.0026956968707963825,-0.016676560044288635,0.005265614600546489,0.5997071862220764,0.5677862957119941,0.5384715795516968,0.015488902786705606,80.0,5.0657782554626465,0.8969560157507658,0.2995876669883728,0.881830399374871,-0.0043058377613779154,0.5768409991450608,80.0,74.20760710334032,148.43536250903458,279,0.3996102809906006,10.142723083496094,1.810659147799015,0.6372392177581787,1.7620043756149877
0.0059142932295799255,-0.0066216940351296215,-0.027688346803188324,0.0059872273038588985,0.5871376395225525,0.5443077884614468,0.4929487705230713,0.0194432163364085,80.0,2.883998155593872,0.7732363302260638,0.3642521798610687,0.5028419390786774,-0.004337114653375465,0.5753982801772654,80.0,71.80730459363386,143.6347912100926,280,0.3999190330505371,5.780521869659424,1.5706021919846536,0.7681195735931396,1.0013736298766436
0.032195694744586945,-0.003996680484851823,-0.029303032904863358,0.009930090214127166,0.5955076217651367,0.5395342331379652,0.4877057373523712,0.024188918659255952,80.0,1.7152376174926758,0.6923275105655193,0.27447307109832764,0.3009846848655864,-0.004359200483246241,0.5745313276126981,80.0,71.37149171680583,142.7631922875494,281,0.40257930755615234,3.4406659603118896,1.403439063578844,0.5776968002319336,0.5991459504054685
0.014317912980914116,-0.006051736290100962,-0.022569051012396812,0.007108924362860665,0.6163350939750671,0.5601052492856979,0.5209529995918274,0.02061149265502385,80.0,1.2328736782073975,0.49507193099707364,0.24220679700374603,0.20448535452086677,-0.0043774144435883506,0.5740112714022397,80.0,71.11996341695077,142.26016171286628,282,0.5112268924713135,2.4770641326904297,1.0134494420140983,0.4913337528705597,0.4043987066060969
0.022904273122549057,0.002580657898215577,-0.00774550624191761,0.005007214638327073,0.52327561378479,0.45553061701357367,0.4183692932128906,0.02248404907070146,80.0,238.6766357421875,49.073792320489886,4.122885227203369,38.39657211919322,-0.0042673677289567415,0.572089682187885,80.0,71.58088653098233,143.18174941064046,283,0.3957350254058838,477.3603820800781,98.15153347253799,8.249625205993652,76.79220816361229
0.0024923235177993774,-0.00013605421991087497,-0.0035290010273456573,0.0009945256871375725,0.5673660039901733,0.5327461697161198,0.4952141344547272,0.017691403096436326,80.0,343.3496398925781,129.9817952632904,16.44451332092285,68.82177253542062,-0.0041952998442866376,0.5714642389155924,80.0,72.8657960003186,145.7514117118381,284,0.387678861618042,686.708251953125,259.9745182991028,32.900733947753906,137.6436880357631
0.01221588533371687,-0.0003123000671621412,-0.010882683098316193,0.0026332891074386964,0.6144927740097046,0.5626243121922017,0.5254583358764648,0.018445302046327463,80.0,323.0155029296875,113.9183527469635,7.769325256347656,71.2337671696107,-0.0041402422010141885,0.5709784639962018,80.0,73.99609555785543,148.0118909683265,285,0.41297030448913574,646.041259765625,227.84857981204988,15.548742294311523,142.4674139131432
0.001744573935866356,-0.0008615305472631007,-0.005976637825369835,0.001465343394141542,0.5445729494094849,0.5039780609309673,0.4635188579559326,0.016312657142360795,80.0,360.8150634765625,98.6123755455017,28.539737701416016,55.28304304830546,-0.0041021964126557574,0.5704528132118284,80.0,74.96916974045895,149.95795272469147,286,0.4076871871948242,721.6404418945312,197.2365532875061,57.09208679199219,110.56487408313038
0.0008529983460903168,-0.0023155412054620683,-0.00687987357378006,0.001646245770043467,0.5283565521240234,0.49044070281088353,0.44176405668258667,0.01630626827129027,80.0,617.7665405273438,121.34058676958084,8.820006370544434,107.98332389875132,-0.004048119919403689,0.5694834151491522,80.0,76.1729756203536,152.36543694991246,287,0.41785335540771484,1235.5472412109375,242.6956140756607,17.654144287109375,215.96673068142144
0.0029219500720500946,-0.0003699755761772394,-0.006825725547969341,0.0017640251436265822,0.48446720838546753,0.4522232186049223,0.4214709997177124,0.013771174557867102,80.0,460.1177978515625,261.45979833602905,105.43586730957031,73.78287619627763,-0.003983047543937574,0.5679647720493377,80.0,78.75519264705666,157.52971050335842,288,0.4261293411254883,920.2429809570312,522.9293828964234,210.8812255859375,147.56567346643544
0.0016009733080863953,-0.0005176903505343944,-0.004902608692646027,0.0012794925420939504,0.462838351726532,0.4359770487993956,0.3944971561431885,0.013166056183167827,80.0,85.3283462524414,25.55531933605671,3.351752996444702,17.672867246029003,-0.003977934603317408,0.5665170679166913,80.0,78.97664188005217,157.97256979272143,289,0.30924010276794434,170.665283203125,51.12039390206337,6.7086310386657715,35.3454505871889
0.011856315657496452,-0.004199910059105605,-0.020773475989699364,0.006292396083260336,0.546251654624939,0.5033782944083214,0.4658472239971161,0.014310081987709528,80.0,30.124853134155273,11.162516957521438,3.735164165496826,5.554960177985528,-0.003966482764080865,0.5652177054733039,80.0,79.07996481796168,158.1791667768322,290,0.24205899238586426,60.25988006591797,22.3435012280941,7.471688747406006,11.11045996004626
0.013762278482317924,-0.0011911670910194517,-0.021597376093268394,0.0058944340813068055,0.5208569765090942,0.47919661849737166,0.4441899061203003,0.014497556117945773,80.0,39.19380187988281,17.897507372498513,3.652275323867798,8.624582842834526,-0.003912595474655973,0.5635902963578701,80.0,79.24174501623027,158.50258684669063,291,0.27599430084228516,78.38771057128906,35.8069806098938,7.320099830627441,17.248792466592622
0.008914075791835785,-0.006665379233891144,-0.01928117871284485,0.006961923346368379,0.5826869010925293,0.5386529490351677,0.4932260513305664,0.019653364656667047,80.0,1.6370373964309692,1.0707229785621166,0.6973140239715576,0.19705204332648227,-0.004017850789561635,0.5629091851115227,80.0,79.23797905888968,158.49525182039662,292,0.40667152404785156,3.2842743396759033,2.1655497699975967,1.4196851253509521,0.3900234570260237
0.008681772276759148,-0.0046581961098127065,-0.018366945907473564,0.006006289105583698,0.5645115971565247,0.5313263148069381,0.4974985122680664,0.013812380196531323,80.0,2.5678939819335938,0.8792600188404321,0.4762779176235199,0.35952590493658726,-0.004179321754752891,0.5627237941399217,80.0,78.01661515444704,156.0528432611935,293,0.43074917793273926,5.144680976867676,1.7784629464149475,0.9838212728500366,0.7146003993371073
0.014705964364111423,-0.00534896383760497,-0.023091383278369904,0.0076498629067901,0.6032001376152039,0.5612484700977802,0.5220611095428467,0.016252823369604093,80.0,1.3710907697677612,0.5086045574396849,0.28184109926223755,0.2107896931911549,-0.004214488437050023,0.561077461257577,80.0,77.92689434431308,155.87343904891983,294,0.43518733978271484,2.751169204711914,1.0391320012509824,0.5584914684295654,0.4171258974252467
0.0117802694439888,-0.00298766924533993,-0.016143925487995148,0.0055086401700248176,0.5692052841186523,0.5322426188737154,0.49220171570777893,0.01648671925361051,80.0,1.3243827819824219,0.5422118846327066,0.3233696520328522,0.19467036003312024,-0.0042300453726202255,0.5595560353510082,80.0,77.72792990903743,155.47551086359846,295,0.4265739917755127,2.659656286239624,1.1010439537465573,0.6664360761642456,0.38556339831953024
0.007798895239830017,-0.004323823697632179,-0.014668449759483337,0.00460724985361717,0.5051005482673645,0.4728615447878838,0.44152599573135376,0.013767839411321176,80.0,0.9514465928077698,0.5349505428224802,0.30094411969184875,0.1505837656234983,-0.004252172143431381,0.5575918001495302,80.0,76.77884514098429,153.57734628936274,296,0.42455029487609863,1.9113860130310059,1.0880059629678727,0.6119130253791809,0.29878323945624696
0.02123764529824257,-0.0019424308091402053,-0.02323741838335991,0.009912970584662468,0.5999932885169983,0.5534240894019604,0.509945273399353,0.016111814097697442,80.0,3.0120882987976074,0.5427891988307237,0.16912370920181274,0.5040082104763264,-0.004251516604417702,0.557178424436599,80.0,76.20665717107988,152.43296077330783,297,0.4303731918334961,6.035056114196777,1.1005317322909831,0.32717639207839966,1.0018253155237862
0.009545544162392616,-0.005721016053576023,-0.020210418850183487,0.006571349202082914,0.5664814710617065,0.5345399484038353,0.49165475368499756,0.015664632944916476,80.0,2.9014086723327637,0.8983845800161362,0.28363871574401855,0.4821209330553001,-0.004284972280816873,0.5562619910128415,80.0,75.04263710347749,150.10496923685446,298,0.4157414436340332,5.813942909240723,1.8189019843935967,0.6051417589187622,0.9600364302147583
0.008873398415744305,-0.0033335827640257774,-0.013115843757987022,0.004343815490040158,0.559698760509491,0.5144148625433445,0.47526276111602783,0.01853783819362591,80.0,1.620322585105896,0.7066229794174432,0.2971593737602234,0.2898504930337623,-0.0042766965264163445,0.5554948382265865,80.0,74.78212515629642,149.58391345129536,299,0.30346179008483887,3.251807928085327,1.4302014209330083,0.6066384315490723,0.5776173106083009
0.009273013100028038,-0.0035809756722301246,-0.014611726626753807,0.005630983858436954,0.5063615441322327,0.4665819562971592,0.4282025992870331,0.017843824504206438,80.0,1.0981101989746094,0.471845468878746,0.24283140897750854,0.17873822471008136,-0.004282943907339359,0.5545927681066096,80.0,74.5580928884577,149.13584336572885,300,0.2960054874420166,2.2051916122436523,0.9601845342665911,0.48487868905067444,0.35569267736729215
0.013055142015218735,-0.007274888514075428,-0.028717901557683945,0.009775216470900948,0.545622706413269,0.5106045879423619,0.45855212211608887,0.021265528377470814,80.0,7.489087104797363,1.743374791741371,0.628576397895813,1.1658405783621375,-0.004234040162322344,0.5538985847346485,80.0,74.55730798697284,149.13416187168662,301,0.36298513412475586,14.9862060546875,3.5115114733576775,1.317201018333435,2.322840066728285
0.0023177452385425568,-0.001966866958537139,-0.009477443993091583,0.0024726238394596114,0.6240066289901733,0.584552014619112,0.5390778183937073,0.016266208444974468,80.0,113.32414245605469,34.257916271686554,5.030993461608887,15.552000532322,-0.004210616450698581,0.5545475941523911,80.0,74.88410126785001,149.78771456885337,302,0.29445958137512207,226.66043090820312,68.53145759105682,10.075428009033203,31.103637682311117
0.0010861603077501059,-0.0019707188504980875,-0.009847357869148254,0.0025082588918701144,0.6510170698165894,0.6120696619153023,0.5792360305786133,0.015286722113906272,80.0,186.9883575439453,69.06179885268212,5.681625843048096,37.349244980024075,-0.004207933244790184,0.5553440971970558,80.0,75.56632882370613,151.15218025299163,303,0.4050734043121338,373.98907470703125,138.13978140354158,11.381080627441406,74.69774637398076
0.005975741893053055,-0.0026568390487227587,-0.012156639248132706,0.004051955796935212,0.6116427183151245,0.5780648700892925,0.5437386631965637,0.014231181845014835,80.0,12.388570785522461,3.140320084989071,0.9330534338951111,2.4360456417254315,-0.004186979441932636,0.5561514060795306,80.0,75.58777122149803,151.19503928720948,304,0.2848091125488281,24.788158416748047,6.297515149414539,1.890388011932373,4.870397111449815
0.005594298243522644,-0.002946640858135652,-0.014943714253604412,0.003412901570657772,0.6049871444702148,0.5703781604766845,0.5371934175491333,0.014864466016957019,80.0,116.03488159179688,21.753962202370168,1.612937331199646,21.94149450021429,-0.004116780407624902,0.5568868865296245,80.0,75.79799046785197,151.6153520918861,305,0.25695276260375977,232.08108520507812,43.52522528767586,3.2452244758605957,43.88130219767161
0.009211178869009018,-0.001514066115487367,-0.01105101965367794,0.003133484479730837,0.5743368864059448,0.5372163623571395,0.5012794137001038,0.014790474088200433,80.0,217.85292053222656,84.96249027252198,26.460969924926758,32.850293836571105,-0.004049922791557037,0.5573074648790061,80.0,76.63584585586749,153.29093755920977,306,0.24854445457458496,435.7168273925781,169.93875250816345,52.933414459228516,65.7012038535825
0.0025104284286499023,-0.0021955918171443047,-0.013524670153856277,0.0029116657344707138,0.5646868944168091,0.5197450537234545,0.4857497811317444,0.01683035494472115,80.0,60.27845764160156,16.862298601865767,1.4760329723358154,12.368894495325836,-0.004018945088973851,0.5575430139116944,80.0,76.78571506143174,153.59061872848125,307,0.2590346336364746,120.56779479980469,33.73938355147838,2.961865186691284,24.73564104910944
0.010518817231059074,-0.0034569589421153068,-0.017775148153305054,0.004556995574983908,0.52433180809021,0.48626424595713613,0.4541964828968048,0.014957663740550011,80.0,62.55098342895508,11.303515511751176,2.9655892848968506,11.911069109376669,-0.004023551493024569,0.5565526146776975,80.0,76.89359031297825,153.80635863621535,308,0.28665709495544434,125.1130599975586,22.62367022037506,5.949574947357178,23.819573864277455
0.004514502361416817,-0.0006425263127312064,-0.00585084967315197,0.001715005101675533,0.49389609694480896,0.45795209519565105,0.4197584390640259,0.014915528784811543,80.0,33.126808166503906,14.770396959781646,2.1812901496887207,7.546999770362247,-0.004007830144968466,0.555769323937595,80.0,77.03169850874133,154.0825279173404,309,0.27280545234680176,66.26295471191406,29.55123782157898,4.3624043464660645,15.093129158950001
0.00649876706302166,-0.00733991747838445,-0.02447516843676567,0.005962694230135359,0.556018590927124,0.5093780722469091,0.46492916345596313,0.017999029310471832,80.0,2.7045249938964844,0.8160679325461387,0.41812071204185486,0.4180415349954128,-0.00400895993092854,0.5555606202185155,80.0,77.0229566543717,154.06504229418186,310,0.23764634132385254,5.418804168701172,1.657003266364336,0.8683580160140991,0.8302817201682303
0.0078631192445755,-0.006402542546857149,-0.0224846713244915,0.006408314961211813,0.5907579660415649,0.5561719074845314,0.5123592615127563,0.01878721737414233,80.0,2.139885425567627,0.6618196476250887,0.29801568388938904,0.28602746024857495,-0.004091114715862204,0.5562426342889668,80.0,73.96437714939378,147.94806124724445,311,0.27950024604797363,4.290686130523682,1.347567818313837,0.6132215261459351,0.5672392825098558
0.007557783275842667,-0.004851697542471811,-0.027370188385248184,0.006304375503507194,0.614417552947998,0.5653883919119835,0.5290610790252686,0.020738016994096706,80.0,2.3643574714660645,0.566193281300366,0.23688097298145294,0.39897538089378426,-0.004122641100038891,0.555502154506743,80.0,69.87107598844915,139.76150720410422,312,0.25559425354003906,4.739395618438721,1.1533977184444666,0.48702940344810486,0.7939827273953112
0.018188484013080597,-0.007308327197097242,-0.024404756724834442,0.008573231464309945,0.6152036786079407,0.5623733423650265,0.5257906913757324,0.01574753262411137,80.0,2.872281551361084,0.7062149189412594,0.2510659396648407,0.465331733486253,-0.00417404662365152,0.5547970213368536,80.0,69.38368989211321,138.78682371969893,313,0.261249303817749,5.756025314331055,1.4382939487695694,0.5175725221633911,0.9241310560742445
0.014172293245792389,-0.0012481153011322022,-0.015960734337568283,0.006280904423951397,0.5223094820976257,0.48151976615190506,0.44879287481307983,0.018127602157958063,80.0,6.357269287109375,1.6180125601589679,0.46040111780166626,1.3723350461523638,-0.00417237849040248,0.5541396293789148,80.0,63.755276643462466,127.52998079737648,314,0.26202821731567383,12.723960876464844,3.248151767998934,0.9438793659210205,2.7418272874759606
0.006415750831365585,-0.004943449661368504,-0.02161256968975067,0.0060172346622456765,0.5992433428764343,0.5559349603950977,0.5180099606513977,0.018254109450755136,80.0,5.399989128112793,0.9922153554856777,0.23336589336395264,1.1445087849154438,-0.004215205554108252,0.5554590432494879,80.0,58.0375041539967,116.09454784823579,315,0.261258602142334,10.811386108398438,2.0054363176226615,0.50273597240448,2.283722738939729
0.03243674337863922,-0.0019559834065148605,-0.019536666572093964,0.00824628714371358,0.6587178707122803,0.6145782254636287,0.5757943391799927,0.017692408745306684,80.0,1.8456196784973145,0.44540662709623574,0.2426733821630478,0.25754394769303396,-0.004217908074948354,0.5564360450543464,80.0,49.085203787589435,98.18997198187934,316,0.27359700202941895,3.70332670211792,0.9070167884230613,0.5045768618583679,0.5141808730545762
0.017160553485155106,-0.007719891716260463,-0.025418203324079514,0.00923900456376703,0.6123303174972534,0.5694901376962662,0.5267415046691895,0.019176512074916163,80.0,1.0014264583587646,0.38312135729938745,0.20826080441474915,0.17168405078113197,-0.00428052615413617,0.5570530050136149,80.0,47.08030255735292,94.1803070741929,317,0.2662384510040283,2.0091652870178223,0.7930722959339619,0.4622710943222046,0.33498494615040864
0.006677478551864624,-0.005220261804061011,-0.01965811662375927,0.005765928611736993,0.6152005791664124,0.581036376953125,0.5353201627731323,0.017614435792216308,80.0,2.672475814819336,1.1381664656102657,0.46082979440689087,0.4653825668250905,-0.004320708096245653,0.5578023763820529,80.0,42.02757947042212,84.07495627645031,318,0.27594447135925293,5.3576765060424805,2.2983941942453385,0.9435617923736572,0.9253528038924983
0.015790924429893494,0.00043640646035782995,-0.012744464911520481,0.00446407214344325,0.641852855682373,0.595819429308176,0.5546669363975525,0.017692196945446905,80.0,68.80069732666016,37.57718183994293,13.029248237609863,12.24850460865247,-0.0042744158574350875,0.5586071947030723,80.0,42.193188497807824,84.40609784332291,319,0.24791789054870605,137.6156463623047,75.165407371521,26.068368911743164,24.49692931787484
0.008654013276100159,-0.002246796170948073,-0.014607859775424004,0.004188508769990389,0.6586472988128662,0.612979742884636,0.5800827741622925,0.016800387555403605,80.0,64.62210845947266,19.735587291419506,1.7036622762680054,11.945087002812564,-0.004174777694206568,0.5593419092595576,80.0,42.36775192431732,84.75504011416808,320,0.2600424289703369,129.2559814453125,39.48792771697045,3.42567777633667,23.890503170396464
0.0040957145392894745,-0.0016326669370755552,-0.010718028992414474,0.002852790025415727,0.6861335039138794,0.6469515718519687,0.6077650189399719,0.01682213669622854,80.0,79.73513793945312,15.37817893922329,3.0039303302764893,15.476364968746665,-0.004133483746598358,0.5606253889426589,80.0,42.50081582499667,85.0211109964885,321,0.26757121086120605,159.48330688476562,30.772562181949617,6.029484748840332,30.95127593166875
0.003181450068950653,-0.00356512603466399,-0.017405439168214798,0.003741139764514004,0.6230316162109375,0.5867644876241684,0.5559797286987305,0.014995271189543361,80.0,69.87059020996094,28.0872382581234,6.636153697967529,13.627754539727574,-0.004045643744277186,0.5611225095205009,80.0,42.76777971127257,85.55487303297596,322,0.343717098236084,139.7693634033203,56.193342208862305,13.296871185302734,27.25687984288617
0.022740773856639862,-0.0034673388581722975,-0.0173187293112278,0.006762950117658791,0.621781587600708,0.5900192357599735,0.5425874590873718,0.014773504782363832,80.0,54.60771560668945,21.123097893595695,3.503980875015259,10.291927069235426,-0.004049603887586272,0.5619768803231419,80.0,42.96712622516603,85.95359106907621,323,0.4124760627746582,109.21748352050781,42.26493090391159,7.038789749145508,20.57930238990187
0.006517931818962097,-0.0009067361592315137,-0.007653045933693647,0.002746779960121941,0.5720438957214355,0.5336777169257403,0.4850321114063263,0.014785811441428908,80.0,54.463985443115234,18.65228118300438,6.577643871307373,10.518489459898497,-0.0040033659727050684,0.5623028737492859,80.0,43.14575725234672,86.31076716929302,324,0.41292858123779297,108.94112396240234,37.31704956293106,13.175934791564941,21.036162989252965
0.010133564472198486,-0.0036961538018658755,-0.015300709754228592,0.004066486696721951,0.5438886880874634,0.5037974350154399,0.46048635244369507,0.01582631612391536,80.0,34.149436950683594,9.532253865897655,1.5752674341201782,6.580078402257091,-0.003962518704749528,0.5617072069682181,80.0,43.21743520889804,86.45402947538717,325,0.40648412704467773,68.30950927734375,19.081976079940794,3.1728062629699707,13.159814628573132
0.007969481870532036,-0.00405061636120081,-0.017906248569488525,0.005306433110043447,0.5551519393920898,0.5100224990397692,0.45849552750587463,0.01813806610340039,80.0,27.823312759399414,11.131706067919731,2.8929123878479004,6.398620750581275,-0.003978365527509595,0.5610782473385334,80.0,43.31406862906738,86.64731542937085,326,0.41590070724487305,55.658103942871094,22.28171377182007,5.795145034790039,12.79686046218077
0.0071488916873931885,-0.0019881471584085376,-0.011950124055147171,0.003857172842129708,0.49905484914779663,0.4622895948588848,0.41015350818634033,0.016507228182882448,80.0,37.23215866088867,14.061032405495643,2.8149657249450684,7.410263422419759,-0.003868510355576291,0.5598439237996936,80.0,43.44333042767272,86.90559462891144,327,0.41074180603027344,74.4765625,28.135286808013916,5.63936710357666,14.819847871852788
0.013789189979434013,-0.006136656377930194,-0.026920877397060394,0.009084023220493152,0.6134381294250488,0.5527204897254705,0.4952642619609833,0.01784558204711767,80.0,2.4343016147613525,0.8523367404937744,0.5189265608787537,0.3664612260142908,-0.003846793978169444,0.5596496403105558,80.0,43.439181785736224,86.89725002669915,328,0.4150693416595459,4.879188537597656,1.72800120562315,1.0649213790893555,0.7275211986544571
0.007118582725524902,-0.012971195962745697,-0.03733181208372116,0.009398643182454631,0.5818456411361694,0.5393172852694988,0.49956488609313965,0.01568005048111861,80.0,1.3596185445785522,0.5832658838480711,0.26909685134887695,0.22518671041860733,-0.003980390314376564,0.5592134127058089,80.0,41.80982065270841,83.63878622226788,329,0.41564202308654785,2.7285475730895996,1.20326049849391,0.5900089144706726,0.43904210273995076
0.01566115766763687,-0.007337505678879097,-0.03119898959994316,0.008978700270927497,0.5806596279144287,0.5306335341185331,0.4917825758457184,0.016439992745074256,80.0,1.6217787265777588,0.506776912137866,0.24316340684890747,0.2261393513688206,-0.004039565353668877,0.5584181814566255,80.0,41.42360550975427,82.86645837977154,330,0.41292905807495117,3.254180669784546,1.0388415075838566,0.49450117349624634,0.4478170121613881
0.015186682343482971,-0.007127720711287111,-0.027492471039295197,0.008162268854631484,0.568739652633667,0.5345917180180549,0.49341881275177,0.018078324941574787,80.0,1.2382136583328247,0.4037733102217317,0.20173172652721405,0.19138206872117033,-0.004066005770946503,0.5566680829077959,80.0,41.29159373154305,82.60245270214602,331,0.39719200134277344,2.488834857940674,0.8324939027428627,0.43524783849716187,0.37408300821865104
0.013209806755185127,-0.0027551085047889503,-0.013696903362870216,0.005529716878922852,0.5346505045890808,0.4917986739426851,0.46245765686035156,0.014894971161798267,80.0,3.125772714614868,1.0662415504455567,0.3648490309715271,0.5028218351985927,-0.004062341211552847,0.554610364805907,80.0,41.17349846058152,82.36621367615831,332,0.5252368450164795,6.254481792449951,2.1478292785584925,0.7527157664299011,1.0022783114121514
0.022261887788772583,-0.002122814784524962,-0.01303006336092949,0.00526012016737713,0.6025621294975281,0.5556835897266865,0.5098373889923096,0.01767016620868226,80.0,8.0670804977417,1.064242460206151,0.23530718684196472,1.5237024621833712,-0.0040060470512980825,0.5532064551822841,80.0,41.06461169097759,82.14829947029422,333,0.42657899856567383,16.145858764648438,2.1438442334532737,0.500667929649353,3.0457470125382535
0.010214800015091896,-0.008396303083281964,-0.03136109560728073,0.00889382151601843,0.6486877202987671,0.5955351620912552,0.5258258581161499,0.024341955981617813,80.0,0.9068598747253418,0.46010696366429327,0.25509113073349,0.15643227389684153,-0.004041206954178051,0.5526738126538693,80.0,40.67124434082396,81.36162443611397,334,0.4231529235839844,1.811462163925171,0.9489172324538231,0.5533847212791443,0.3025471129745233
0.02090056799352169,-0.003239919274346903,-0.019130736589431763,0.007817300450220029,0.5468493700027466,0.4902899213135242,0.4137304425239563,0.031260626092245995,80.0,1.4223638772964478,0.3262111259624362,0.15771149098873138,0.21923138963502528,-0.004000633925039437,0.5509941251389681,80.0,40.644416407763956,81.30785383011772,335,0.40143752098083496,2.8563904762268066,0.6687078848481178,0.3349418640136719,0.4371648202530833
0.017924796789884567,-0.01085749912308529,-0.0331275537610054,0.009202019812262806,0.5584892630577087,0.5159796301275492,0.46668413281440735,0.02261759766443391,80.0,1.8970216512680054,0.6022604446858167,0.28415775299072266,0.332558240310939,-0.004065246022844804,0.5500943241789935,80.0,40.42461285487935,80.86835795114563,336,0.5581836700439453,3.803654432296753,1.23655548915267,0.624380886554718,0.6543671414219016
0.005858022719621658,-0.0011751191399525852,-0.012825936079025269,0.0034349249010797614,0.49877503514289856,0.45666420757770537,0.41864705085754395,0.01690361105031777,80.0,205.68898010253906,106.12004179954529,41.463260650634766,31.023986170277038,-0.004013573654126959,0.5486707077398895,80.0,41.313257516872135,82.64551545695588,337,0.37815308570861816,411.3869934082031,212.25156698226928,82.92647552490234,62.04777202505378
0.01530301570892334,-0.0016961585497483611,-0.017136849462985992,0.005640294820424114,0.5524080991744995,0.5017276518046856,0.4667204022407532,0.020165257233543166,80.0,315.36614990234375,50.68064491301775,1.960950493812561,48.56414698322901,-0.0039506282087677395,0.5473993223980068,80.0,41.80586748929694,83.63058408492432,338,0.35079145431518555,630.7428588867188,101.37471686005593,3.9377856254577637,97.12779615840806
0.005341833457350731,-0.0024427778786048292,-0.011568568646907806,0.0035248550341599742,0.5932826995849609,0.5521181039512157,0.5178066492080688,0.01584810564155746,80.0,1647.5238037109375,728.7707405090332,338.4225158691406,316.50305383611595,-0.00388762561052863,0.5468195311501621,80.0,49.08653919905424,98.1917899336107,339,0.41831064224243164,3295.056396484375,1457.557411956787,676.8710327148438,633.0047589181223
0.002237604930996895,-0.0010469019645825029,-0.0076326169073581696,0.0018602418847637422,0.5212498903274536,0.47680189833045006,0.44335585832595825,0.01750311707349891,80.0,609.3370361328125,173.4373568534851,25.873519897460938,143.84326521027762,-0.0038589722953474848,0.5458575837388634,80.0,50.81079820141569,101.64023135105894,340,0.4390532970428467,1218.6834716796875,346.8863393783569,51.767120361328125,287.6850900789059
0.002265041694045067,-0.0011317135475110262,-0.0066262949258089066,0.0017451470390096057,0.506988525390625,0.47760610207915305,0.4537612199783325,0.01246911028818094,80.0,203.07473754882812,86.03934524059295,25.741159439086914,36.611097065096374,-0.003813900280089001,0.5449325077161192,80.0,51.66517988862843,103.34888607705012,341,0.3993797302246094,406.1622009277344,172.09050574302674,51.49299621582031,73.22180525381405
0.002283496782183647,-0.0008072811469901353,-0.005425114184617996,0.0013769899489777342,0.5034143924713135,0.4597791563719511,0.42286384105682373,0.016789736920600373,80.0,241.31979370117188,109.59697694778443,37.846832275390625,39.25598416939452,-0.003784692608678597,0.5442200590595603,80.0,52.74992512131482,105.51830387384817,342,0.34807658195495605,482.64959716796875,219.20476360321044,75.70374298095703,78.51164641173915
0.003385677933692932,-0.0016023073811084032,-0.009308122098445892,0.0021494522272539982,0.5128207206726074,0.472341388463974,0.4333069324493408,0.016573136999217496,80.0,33.915950775146484,10.671194396913052,1.9660760164260864,6.960069414126244,-0.003773758268493111,0.5430511427372693,80.0,52.84169879802316,105.7018059793152,343,0.299135684967041,67.84130859375,21.35504014492035,3.9404244422912598,13.919153546586342
0.003756524994969368,-0.0017861013067886234,-0.019499562680721283,0.0037183628358730954,0.5420854091644287,0.5018549181520939,0.46986281871795654,0.015110915410301526,80.0,1795.988525390625,578.9953550338745,135.0114288330078,417.9626675621172,-0.0037366298009146696,0.5420404146462678,80.0,58.622411591939624,117.26313702718541,344,0.3014953136444092,3591.987548828125,1158.0043125152588,270.03955078125,835.923139431235
0.018570229411125183,-0.003109329135622829,-0.022998549044132233,0.0081857879787274,0.4852975606918335,0.44866466522216797,0.4055122137069702,0.015824866389271355,80.0,43.124603271484375,13.436114358901978,2.4204063415527344,7.606027693429007,-0.003714855562706361,0.5406740495562553,80.0,58.75044570626318,117.51913438196108,345,0.35882115364074707,86.25807189941406,26.88742086291313,4.8315019607543945,15.209110036221126
0.020398031920194626,-0.006415513477986678,-0.026869889348745346,0.008776711513365315,0.5940865874290466,0.5439537756145001,0.5026676654815674,0.017548604033276637,80.0,2.0023834705352783,0.8064346354454756,0.49159130454063416,0.35785093495744374,-0.0037329710888880075,0.5401460309028624,80.0,58.75156213465705,117.5213929094486,346,0.43275880813598633,4.015821933746338,1.6365793749690056,1.0297114849090576,0.7094744447570502
0.007779955863952637,-0.007339483586838469,-0.031014705076813698,0.006489454070868433,0.571381688117981,0.5403028830885888,0.5063588619232178,0.014523212416715368,80.0,4.193520545959473,0.9888567283749581,0.5476607084274292,0.5459630064379575,-0.0038828681126906305,0.5391984502896665,80.0,56.05636056326703,112.13127066549285,347,0.4207587242126465,8.398963928222656,2.0031984731554986,1.132103443145752,1.0873984838683604
0.01322549395263195,-0.006563058390747755,-0.026445157825946808,0.007531742593126908,0.5564852356910706,0.5246615171432495,0.4970206916332245,0.011880458904369368,80.0,2.2635533809661865,0.7123937096446753,0.3530156910419464,0.34529268905895555,-0.003934170545529924,0.5379223913997411,80.0,52.664157790616166,105.34694220845027,348,0.4089219570159912,4.53769588470459,1.4484067752957344,0.7503361701965332,0.686128163701428
0.02241700142621994,-0.004595527739729733,-0.02458406612277031,0.007352127674288064,0.5863661766052246,0.5289412707090377,0.463657408952713,0.021718054412923255,80.0,2.7978780269622803,0.8176515623927116,0.3771767020225525,0.5056763560505287,-0.003971860422039754,0.5362627648413182,80.0,50.29264232683182,100.60395348872616,349,0.28873562812805176,5.602255344390869,1.6550729967653752,0.7982933521270752,1.0071307384514765
0.007603764533996582,-0.006957901944406331,-0.0211467482149601,0.0064437621095791,0.5551636219024658,0.5096487086266279,0.4637880325317383,0.02182804735615865,80.0,1.601939082145691,0.44171260204166174,0.22388958930969238,0.24754165716093385,-0.00403506358274899,0.534924640584737,80.0,47.18951701243781,94.39780252160134,350,0.2869138717651367,3.2169370651245117,0.9075339790433645,0.4668670892715454,0.4892402819054895
0.00756295770406723,-0.005265354702714831,-0.020296409726142883,0.006426519423910955,0.5478372573852539,0.4984836630523205,0.4674816131591797,0.015988814581325443,80.0,2.684166193008423,0.7270333122462034,0.3091680109500885,0.462852874956362,-0.004078724290404352,0.5335016478560866,80.0,45.229030851991844,90.47688905957341,351,0.2620398998260498,5.3779401779174805,1.4745669975876807,0.6425806283950806,0.9212159904579088
0.010000018402934074,-0.005795879510696977,-0.024040985852479935,0.00657868263943831,0.5758329033851624,0.5392986625432968,0.4933677315711975,0.015337428598253485,80.0,2.5510802268981934,0.8182216312736272,0.2704038918018341,0.39207848172754417,-0.0041349195962975495,0.5328955110944807,80.0,37.15607454138807,74.33107674156128,352,0.3320035934448242,5.113799571990967,1.6588209941983223,0.5881564617156982,0.7785096389299747
0.008164094761013985,-0.00970421837992035,-0.02778134122490883,0.007407602951408681,0.5572466254234314,0.49871518053114416,0.45729389786720276,0.019944101216750755,80.0,0.9366321563720703,0.3414503004401922,0.16576403379440308,0.16899883340873045,-0.004221254830816179,0.5321083730384707,80.0,35.964454876387485,71.9479943370968,353,0.39035844802856445,1.887061357498169,0.7122833400964736,0.36720526218414307,0.32964140157198635
0.011559632606804371,-0.007679807615932077,-0.02524922974407673,0.006785580341204493,0.5431438088417053,0.4832423567771912,0.43059423565864563,0.019396934366468662,80.0,1.4081151485443115,0.579857685789466,0.315127968788147,0.226940149690678,-0.004270200940707582,0.5313644662424921,80.0,35.68313352571986,71.38543465048075,354,0.3834874629974365,2.834459066390991,1.1847398325800895,0.655393123626709,0.4479223828172237
0.019102774560451508,-0.00013890290283598007,-0.01265808381140232,0.005855290750896239,0.5907968282699585,0.5515625305473805,0.5035378932952881,0.017261643146524164,80.0,195.34498596191406,29.23906276226044,3.290966033935547,28.119311594963747,-0.004169841285955045,0.531697301134467,80.0,35.82773092254065,71.67443538230657,355,0.3801844120025635,390.6993408203125,58.48943457603455,6.58812141418457,56.238052543233735
0.01643138937652111,-0.0017650650173891337,-0.012347158044576645,0.0047262772046178965,0.4803486168384552,0.4373431771993637,0.39961883425712585,0.016312265127450876,80.0,16.805173873901367,5.433109080791473,1.2159385681152344,4.0762142374418495,-0.004133941970925662,0.530250110797584,80.0,35.86693193840049,71.75273667110503,356,0.3763599395751953,33.61911392211914,10.878495100140572,2.4162745475769043,8.150240959865988
0.0026871822774410248,-0.006472633103840053,-0.023817749693989754,0.006174013523950754,0.5629967451095581,0.5134750597178936,0.4706782102584839,0.017770096551083976,80.0,359.898193359375,128.07360730171203,56.777347564697266,45.358604324917735,-0.004150009295364725,0.5301151606105268,80.0,37.137595420846715,74.29409305688739,357,0.37611913681030273,719.8071899414062,256.1704278945923,113.57160949707031,90.71702119710787
0.004462476819753647,-0.000672674342058599,-0.006449855864048004,0.0014961375302607611,0.49377331137657166,0.46355239264667036,0.4347700774669647,0.013066520438719052,80.0,70.68270874023438,25.155989283323287,7.562900066375732,14.114357028249957,-0.0039925814681191696,0.5292423938065767,80.0,37.333828840861095,74.68622758513689,358,0.3755617141723633,141.37484741210938,50.32259484529495,15.138054847717285,28.22803369931095
0.005885317921638489,-0.005321138014551252,-0.02304486557841301,0.00584622163768102,0.5032128095626831,0.45443871431052685,0.4133935570716858,0.017995714509824727,80.0,18.04650115966797,5.154866437613964,1.4908220767974854,3.365076247912812,-0.004003247667846154,0.5286200877800584,80.0,37.37625507077388,74.77108893172444,359,0.3765881061553955,36.10170364379883,10.329463970661163,3.0054361820220947,6.725906886936753
0.008157918229699135,-0.003384333592839539,-0.02082264982163906,0.005019338833388597,0.5022655725479126,0.46647703386843203,0.4290487766265869,0.014823231654041634,80.0,32.55553436279297,10.5714788377285,2.6231722831726074,6.431071261405448,-0.0039520685485767895,0.5278759242333471,80.0,37.472356216205284,74.96317397997528,360,0.3736574649810791,65.11994934082031,21.159055763483046,5.2676496505737305,12.860500613813386
0.007992267608642578,-0.00494335355469957,-0.017609205096960068,0.005482886614909075,0.48598188161849976,0.45538787059485913,0.4291679263114929,0.012177896967282094,80.0,25.71518325805664,8.593207123875619,2.128880023956299,5.260864131531447,-0.003873509982062387,0.5265030896663665,80.0,37.54912974941917,75.11653647233544,361,0.37496232986450195,51.439308166503906,17.20540868639946,4.2950053215026855,10.521725799032309
0.0051867482252418995,-0.003799661376979202,-0.015804119408130646,0.004630740261962506,0.5329470634460449,0.49124868400394917,0.4484862983226776,0.015424465561157208,80.0,26.458751678466797,8.02605943530798,1.4012457132339478,5.474590436986761,-0.0038504481889976884,0.5258190639428794,80.0,37.61844640521892,75.25510997897386,362,0.3768467903137207,52.927093505859375,16.06954308748245,2.8267102241516113,10.947910998466167
0.012086838483810425,-0.002068144705845043,-0.017814593389630318,0.006641387899524111,0.5275213718414307,0.48464702591300013,0.4318661689758301,0.016818179909837278,80.0,36.78127670288086,12.649389880895615,2.4463205337524414,8.009950497109163,-0.0037940882664261144,0.524955671813339,80.0,37.736685951141645,75.49145908352733,363,0.3428080081939697,73.57450103759766,25.31260902285576,4.887745380401611,16.021442781309414
0.014426752924919128,-0.008155359548982232,-0.03211045265197754,0.007422223593360487,0.5897960662841797,0.5352255765348672,0.4919690489768982,0.018698047944705556,80.0,2.242013454437256,0.7566478256136179,0.387483686208725,0.3409254331129469,-0.0038048940730950557,0.5244615197181701,80.0,37.738484660109506,75.49506823020428,364,0.3747434616088867,4.493496894836426,1.5403108850121499,0.8178679943084717,0.6769398219922378
0.010633237659931183,-0.00630494374781847,-0.022206507623195648,0.006958964357132552,0.5466542840003967,0.5127056144177914,0.46932896971702576,0.015163544157798643,80.0,2.114272356033325,0.6657747074961662,0.32561516761779785,0.2866552552289161,-0.003865999880028539,0.5237966288104653,80.0,37.44886468720995,74.9159372014776,365,0.37085843086242676,4.23877477645874,1.3544134184718133,0.6932262778282166,0.5675677069785752
0.028304867446422577,-0.0032431816478492694,-0.016007907688617706,0.006278680778448302,0.577733039855957,0.53175147511065,0.4812995195388794,0.019295019532018495,80.0,2.5557100772857666,0.9761803191155195,0.38284772634506226,0.44831080367140547,-0.0038642283633089393,0.5236439487673343,80.0,37.17227778010256,74.36275678676368,366,0.44077444076538086,5.120275497436523,1.9694820307195187,0.7579450607299805,0.8927671521953241
0.00947975367307663,-0.007761210663011298,-0.023844391107559204,0.007367516094177477,0.5391517877578735,0.4952084805816412,0.4607176184654236,0.01636920421475008,80.0,2.0863442420959473,0.8302674941718579,0.3255096673965454,0.35919555836525013,-0.003932275711893453,0.5225852381289006,80.0,36.57697501919605,73.17226618482172,367,0.36852264404296875,4.182398319244385,1.68596158772707,0.6951429843902588,0.7143262386409635
0.007652385160326958,-0.004133352189091966,-0.017544841393828392,0.004525633275299701,0.5360605716705322,0.49240822717547417,0.44425827264785767,0.017235080198492247,80.0,3.5897727012634277,0.5474175898358226,0.21532867848873138,0.4944570580317806,-0.003957818982584285,0.5219629134237767,80.0,36.004371331878005,72.0270974527374,368,0.37647080421447754,7.189777851104736,1.1129500471055507,0.4557873606681824,0.9866658068519958
0.010300453752279282,-0.0028210667602252214,-0.016606828197836876,0.005429271920642876,0.5357910990715027,0.5079760987311601,0.46152347326278687,0.014000928510407304,80.0,4.574744701385498,1.1691947545856238,0.4035018980503082,0.8392132238043025,-0.003978660845619742,0.5217054018788041,80.0,35.61172925171629,71.24184982369094,369,0.3783714771270752,9.15960693359375,2.3541911482810973,0.8201716542243958,1.67468832361066
0.006220145151019096,-0.006482817727373913,-0.02333061397075653,0.0071454655589429285,0.5608216524124146,0.5076108567416668,0.45821255445480347,0.020887942145993616,80.0,1.7447127103805542,0.48296715039759874,0.2308272421360016,0.25443260350736097,-0.004026871213354752,0.5217387747503817,80.0,34.336166268801314,68.69082095448672,370,0.37534236907958984,3.486412525177002,0.9890521474182605,0.4724302291870117,0.5029255888358387
0.011844132095575333,-0.006173302285606042,-0.025263261049985886,0.008270612987780193,0.524718165397644,0.4837036091834307,0.44376471638679504,0.018267832230540543,80.0,0.9414592981338501,0.4042300313711166,0.2431822121143341,0.15536773966027323,-0.004033551536689628,0.52151457901299,80.0,34.2455559504088,68.50960919428243,371,0.4042670726776123,1.8927172422409058,0.830480732396245,0.4727728068828583,0.30675210628113125
0.007926668040454388,-0.003779871016740799,-0.01769106835126877,0.0057998230776814185,0.509427547454834,0.45881232172250747,0.40639057755470276,0.01938912892489696,80.0,1.649131417274475,0.3956406371667981,0.17409993708133698,0.25636273509276597,-0.004057315093479701,0.5210689702518284,80.0,34.04342110612244,68.10537811981514,372,0.41257596015930176,3.307783842086792,0.8080172643065453,0.36010581254959106,0.5088532596160649
0.06982214003801346,0.0061256684421096,-0.015878399834036827,0.015904600324247765,0.5481723546981812,0.4976315304636955,0.43452876806259155,0.023753251237287543,80.0,30.553762435913086,14.999575889110565,2.2463526725769043,5.725958489990236,-0.003971723288894282,0.5212783486284315,80.0,34.070504275195304,68.15937746344879,373,0.4097743034362793,61.12876892089844,29.9968530356884,4.5092997550964355,11.450073010399699
0.012859778478741646,-0.00530878254212439,-0.025365300476551056,0.006419768686965453,0.5052434206008911,0.4488204766064882,0.41066086292266846,0.0192583984409189,80.0,5.714488506317139,1.861458819359541,0.6634334921836853,1.1320948231157204,-0.003975402973432211,0.5205888441503047,80.0,34.07853298102319,68.17542844435945,374,0.4170219898223877,11.433757781982422,3.742511607706547,1.3515915870666504,2.25953031397701
0.007867254316806793,-0.002386590384412557,-0.0170174241065979,0.005118998546630921,0.5452004671096802,0.5050230644643307,0.4592570662498474,0.018100086199141538,80.0,44.97011947631836,15.020698818564416,3.8299601078033447,8.752424051004288,-0.003923494128932362,0.5199523670226335,80.0,34.21597060156241,68.4501871397607,375,0.407912015914917,89.94781494140625,30.05627143383026,7.675481796264648,17.502604996513398
0.006798817776143551,-0.0011937949166167527,-0.006679913029074669,0.0020242499949680265,0.5402955412864685,0.513632744178176,0.4700882136821747,0.015710331427290627,80.0,23.211484909057617,8.131698450446128,1.3407821655273438,5.486678317128239,-0.0038475357525894656,0.5194670367203652,80.0,34.28920994334668,68.59650420002266,376,0.4100933074951172,46.433170318603516,16.276057156920434,2.6963233947753906,10.972839680191274
0.003948245197534561,-0.005200402642367407,-0.01680946722626686,0.004676081218480219,0.5296069979667664,0.49060265012085436,0.4554192125797272,0.016288577714842593,80.0,6.198121070861816,2.4833860829472543,1.0033000707626343,1.103773221835728,-0.0038462799888948217,0.518652241691947,80.0,34.30668633821234,68.63143818248436,377,0.4142587184906006,12.405987739562988,4.986985033750534,2.022322654724121,2.204086678280423
0.01130640134215355,-0.0030657287570647895,-0.01774330995976925,0.005446241118723332,0.5259492993354797,0.4970056753605604,0.45613449811935425,0.015619606000338114,80.0,25.363780975341797,8.688988928496837,1.584980845451355,6.126080757252241,-0.003824936173143215,0.5184576831459999,80.0,34.38634373339638,68.79070639562234,378,0.42080092430114746,50.740028381347656,17.394049578905104,3.192800998687744,12.252087144721088
0.00846727192401886,-0.0037881395197473466,-0.015366250649094582,0.004823765467761305,0.5371081829071045,0.4968840695917606,0.45911258459091187,0.014816061803950443,80.0,24.147642135620117,8.35019219070673,1.573798418045044,6.110212850368051,-0.0038358605996327245,0.5177486608847977,80.0,34.460876095145935,68.93977878693863,379,0.5178699493408203,48.324527740478516,16.717898279428482,3.1778829097747803,12.220306100327424
0.006174944341182709,-0.004943274619290605,-0.018959585577249527,0.005317981408879723,0.5473685264587402,0.5138586759567261,0.47802335023880005,0.014460846609878805,80.0,37.41191864013672,9.929494440555573,2.571497917175293,6.293669723646847,-0.0038190764054743336,0.5174441697597504,80.0,34.55243867624923,69.12286428978666,380,0.39951443672180176,74.83283233642578,19.879152476787567,5.16181755065918,12.585923757976296
0.009227721020579338,-0.0025618086976464836,-0.01705528050661087,0.006124584193909735,0.5593818426132202,0.5322677057236433,0.48525896668434143,0.015697778243145475,80.0,40.24872970581055,12.498096235096455,1.7262269258499146,8.389407934319616,-0.0038047276876022806,0.5173715044856072,80.0,34.67049636349454,69.35894951291755,381,0.42249464988708496,80.49364471435547,25.011961376667024,3.4752392768859863,16.778913394114976
0.008045222610235214,-0.009546367614530028,-0.023981235921382904,0.007751218031338605,0.619463324546814,0.5528361111879349,0.5170523524284363,0.01874893640767112,80.0,2.2447805404663086,0.9225308988243341,0.4746955633163452,0.3228339964294002,-0.0038396740008465715,0.5172988131046296,80.0,34.67477095317282,69.36756713100523,382,0.3947489261627197,4.500558376312256,1.875211250782013,0.9668178558349609,0.6395658686791557
0.0035352185368537903,-0.008698957995511592,-0.028537694364786148,0.0063862554922391,0.5848612785339355,0.5431598581373691,0.5019029974937439,0.01781302023811049,80.0,1.4247006177902222,0.5579535774886608,0.31085410714149475,0.21510116712097466,-0.003952470159783844,0.5181751055158675,80.0,34.189612565742806,68.3974934790358,383,0.39675235748291016,2.8605246543884277,1.1441682755947113,0.661524772644043,0.42392699752409335
0.011611446738243103,-0.0055933661118615415,-0.021838046610355377,0.007361087007174507,0.5619262456893921,0.5192605968564749,0.47952672839164734,0.018247873097327522,80.0,1.541128396987915,0.41838433053344487,0.17655055224895477,0.22844046847885666,-0.00400704327870335,0.518040249787271,80.0,32.89397845641523,65.80633170201631,384,0.49968862533569336,3.0903866291046143,0.8583405971527099,0.3951672613620758,0.4516235216426134
0.006130650639533997,-0.005773503304226324,-0.026551298797130585,0.006240950118958246,0.5771529674530029,0.534771679714322,0.4966416656970978,0.017119852152217313,80.0,1.1889982223510742,0.44083365295082333,0.21615475416183472,0.21445321831608255,-0.004061655311073992,0.5177617234624924,80.0,31.75920326547511,63.53688500133157,385,0.398115873336792,2.391213893890381,0.9039097435772419,0.4642568826675415,0.4227250253599069
0.04256736859679222,-0.0014720075239893049,-0.015582799911499023,0.008744239434170558,0.5162752866744995,0.46799712628126144,0.428718626499176,0.019921356030016213,80.0,1.935687780380249,0.4307467145845294,0.16976897418498993,0.3217781324847214,-0.004067760080841253,0.5174019141159952,80.0,30.77738697716594,61.573257442377496,386,0.4063568115234375,3.883309841156006,0.8737973921000958,0.37028801441192627,0.6413874616244462
0.008081572130322456,-0.0035332893079612405,-0.014743261970579624,0.0040256689248693795,0.5323470830917358,0.49251762963831425,0.44658076763153076,0.019741360259857933,80.0,4.53951358795166,0.7914368152618408,0.2783984839916229,0.7795738724182846,-0.004079937561866246,0.5174226833842696,80.0,29.571895477622753,59.16229920729249,387,0.4045534133911133,9.090744018554688,1.5997905671596526,0.5896627902984619,1.5568212417234835
0.007794331759214401,-0.005416984838666395,-0.018291765823960304,0.005135450529862543,0.5790350437164307,0.5251986801624298,0.474334180355072,0.021375442859422535,80.0,0.8245331645011902,0.3148076172918081,0.17441098392009735,0.13708753177746003,-0.004130407654491137,0.5181524379998446,80.0,26.960445570435375,53.939514910127954,388,0.4038207530975342,1.6567227840423584,0.6509531799703836,0.37453335523605347,0.27043335961261483
0.004280176013708115,-0.0049041887803468855,-0.015281155705451965,0.004201942480715785,0.5253828763961792,0.4768215321004391,0.43996188044548035,0.02093371375455132,80.0,0.9986222386360168,0.3369889436289668,0.18815931677818298,0.16520270292943096,-0.004174272638789262,0.5185608828328551,80.0,26.708262266511095,53.43524419810249,389,0.40023112297058105,2.0047919750213623,0.6933226995170116,0.39516985416412354,0.3259327319204664
0.01739542931318283,-0.0062264035805128515,-0.02101842127740383,0.0077166007610588085,0.557117223739624,0.5160914409905673,0.48539474606513977,0.015475232199894983,80.0,3.5411813259124756,0.7053682826459408,0.2736888825893402,0.6391292544987879,-0.004194537574003334,0.5186880142986774,80.0,26.603690779762342,53.22614429779722,390,0.3913388252258301,7.091028690338135,1.433511197566986,0.5846737623214722,1.27374448830455
0.0038776397705078125,-0.0022985938121564686,-0.013248074799776077,0.003282937429656731,0.5250049233436584,0.4841100662946701,0.4485066831111908,0.015181984989826857,80.0,68.44841003417969,27.931147474050523,4.8072099685668945,12.447943828913647,-0.004205611841214704,0.5187371487766503,80.0,26.704027180777867,53.4268402374573,391,0.40073251724243164,136.90858459472656,55.87657457590103,9.622745513916016,24.89672344953777
0.008732873946428299,-0.0018375607003690674,-0.015295206569135189,0.004435433031132678,0.6146483421325684,0.5810969352722168,0.5445978045463562,0.015113355417956307,80.0,96.23468017578125,27.771983313560487,6.83736515045166,13.2362461032323,-0.004157333655879484,0.5191615886390208,80.0,26.971039784127846,53.96077737467363,392,0.4261934757232666,192.4805145263672,55.55926349163055,13.689804077148438,26.472083162965237
0.014236805960536003,-0.0006143031001556665,-0.010706022381782532,0.0027829322317986533,0.5793442726135254,0.5404093571007251,0.4955195486545563,0.01900355385798746,80.0,111.0624771118164,34.717756509780884,8.261582374572754,17.42361173226236,-0.004116894725782913,0.5192524190619587,80.0,27.30942474903725,54.637468247938905,393,0.40273237228393555,222.13528442382812,69.44755027294158,16.53655433654785,34.84671124056912
0.005821481347084045,-0.00038157427770784124,-0.007040128111839294,0.0020616744883894997,0.5792559385299683,0.5377881549298763,0.5039657354354858,0.016198780978873565,80.0,27.088001251220703,9.878486801683902,1.6123454570770264,6.090254301792256,-0.004067220830183942,0.5190178159102797,80.0,27.403123571479693,54.82476185497269,394,0.39999985694885254,54.18670654296875,19.7684927046299,3.2311606407165527,12.181170995740851
0.014884617179632187,-0.003141070459969342,-0.02151445858180523,0.0057447794371190035,0.5443015694618225,0.509189884364605,0.4830990433692932,0.01344282816014674,80.0,14.975152969360352,3.705368286371231,1.3729438781738281,2.7563478213230987,-0.004068754842330236,0.5187872885651886,80.0,27.434755135497074,54.88802344069258,395,0.4026453495025635,29.960723876953125,7.427202525734901,2.78458309173584,5.509877665550459
0.0024570561945438385,-0.0027055783779360355,-0.014874516054987907,0.003703737220448995,0.5486304759979248,0.5151655595749617,0.4794580340385437,0.013493623256613812,80.0,179.09091186523438,63.68128006458282,26.663698196411133,25.17110180367495,-0.004052572389133275,0.5192103287130594,80.0,28.066218430714684,56.15092614311353,396,0.4073669910430908,358.1901550292969,127.37827620506286,53.35398864746094,50.34117434348639
0.0054130833595991135,-0.003337494289735332,-0.013230204582214355,0.0040388358994425805,0.551475465297699,0.5209923427551985,0.4909798204898834,0.014648466431312233,80.0,32.041969299316406,9.835477992892265,2.449568748474121,5.891585242030486,-0.004066523023939227,0.5188860112465917,80.0,28.159145318655295,56.336801333855846,397,0.39250922203063965,64.09468078613281,19.68805080652237,4.922330379486084,11.78226118951864
0.006294954568147659,-0.002280107652768493,-0.015492741018533707,0.004141160154875066,0.5500898361206055,0.5149603795260191,0.47220301628112793,0.015041636274136487,80.0,29.41315269470215,10.759688755869865,3.5887672901153564,5.650634350807576,-0.0040321139399311515,0.5186902155578136,80.0,28.257758360413835,56.53395468267426,398,0.39507198333740234,58.83991241455078,21.534236866235734,7.196928977966309,11.300701201301603
0.012145547196269035,-0.007660583828692324,-0.02785639651119709,0.007247916473923899,0.5313417315483093,0.49885883219540117,0.4641861915588379,0.016215727551991275,80.0,36.83285903930664,11.491602510213852,1.9117751121520996,7.864263722812194,-0.004075383950577816,0.5185346552543342,80.0,28.365608155721798,56.74973770432547,399,0.4511137008666992,73.69091033935547,23.00850358605385,3.824263572692871,15.733993468272097
0.0055358679965138435,-0.008483419864205644,-0.022877169772982597,0.006400485351288782,0.5842372179031372,0.5527426935732365,0.5282166004180908,0.01301729345490812,80.0,1.2978670597076416,0.7010401088744402,0.4141796827316284,0.1788919918788058,-0.004124408392497571,0.5193962626270949,80.0,28.36790010212176,56.75443687805533,400,0.38249707221984863,2.6117005348205566,1.4301019072532655,0.8624879121780396,0.35125147362627646
0.0075906626880168915,-0.005727657646639272,-0.0228462815284729,0.005457476589695452,0.5927491784095764,0.5488667946308852,0.49849238991737366,0.017094880054983386,80.0,2.7293379306793213,0.5722935553640127,0.25440311431884766,0.4270036244488076,-0.00410893608382321,0.5197788846939801,80.0,28.35618928975798,56.7309919609353,401,0.5313923358917236,5.471312522888184,1.1670197613537312,0.5256669521331787,0.8502144632845142
0.016272809356451035,-0.006237445661099628,-0.02708965167403221,0.007871274534027955,0.5715948343276978,0.5051454328000545,0.46218323707580566,0.020162220959242805,80.0,1.6982582807540894,0.49468577057123186,0.22278249263763428,0.23989666798913648,-0.004151641870848835,0.5189848188757896,80.0,28.018556984746834,56.055796878412366,402,0.44391584396362305,3.405827522277832,1.0119493387639522,0.4531888961791992,0.4755753597082468
0.011948831379413605,-0.006345461588352919,-0.022679321467876434,0.0066633964354457,0.5545957684516907,0.5031786534935236,0.45717042684555054,0.01899929576924121,80.0,0.7914612293243408,0.3385061088949442,0.21878641843795776,0.11159550282432437,-0.004195389298227384,0.5178959087915718,80.0,27.331324057308958,54.68139673153311,403,0.41187262535095215,1.5928925275802612,0.6997667156159878,0.4731767177581787,0.21749560927386918
0.029354536905884743,-0.0018443591718096286,-0.014603317715227604,0.007717528559788044,0.47890064120292664,0.41835278198122977,0.3698616027832031,0.021671543320882697,80.0,2.342428684234619,0.3645977210253477,0.15586073696613312,0.311146895541562,-0.004187264499458252,0.5162987879104911,80.0,27.303566833669315,54.62583409220724,404,0.2961704730987549,4.693374156951904,0.7412512168288231,0.31256431341171265,0.6188071339023031
0.009069234132766724,-0.009014353976817801,-0.026096485555171967,0.007634161906800787,0.5502313375473022,0.4996139582246542,0.4621403217315674,0.019126044714752318,80.0,4.293697834014893,0.9394200548529625,0.42953571677207947,0.7242339056405239,-0.004247941630645073,0.515591145887971,80.0,27.09542141219415,54.20965045016257,405,0.38825011253356934,8.598094940185547,1.9068610832095145,0.8909328579902649,1.4431709152269985
0.005830992013216019,-0.005771404318511486,-0.02305331826210022,0.0065782500728766855,0.5533481240272522,0.5155685652047396,0.4766112267971039,0.016157157523169634,80.0,0.9760565161705017,0.28733611907809975,0.17357280850410461,0.13134239258273772,-0.004290515012675315,0.5153746679164468,80.0,26.24866987065971,52.516228189267196,406,0.33956027030944824,1.962834358215332,0.5965264186263084,0.3914299011230469,0.2567483955506893
0.009294990450143814,-0.006556196050951257,-0.02450321614742279,0.007355916690167141,0.5662328004837036,0.5244254887104034,0.4688650965690613,0.021539849742226624,80.0,1.611812710762024,0.7151059910655022,0.27883753180503845,0.2868769659554931,-0.004334121055013384,0.5154214722663164,80.0,26.08719794455171,52.193372482642516,407,0.2455904483795166,3.2367019653320312,1.4538128890097142,0.5697486400604248,0.568662513149859
0.00585151556879282,-0.00417726362356916,-0.017160706222057343,0.004034771943069533,0.5285056829452515,0.5008423324674368,0.4606243968009949,0.01407020289286494,80.0,1.3426603078842163,0.3502948202192783,0.16547904908657074,0.20614885921234835,-0.0043413241018279225,0.5155672531314194,80.0,25.977665737636393,51.9743253905624,408,0.2422466278076172,2.6915879249572754,0.7189610123634338,0.35942739248275757,0.4085918373237859
0.009112953208386898,-0.004624505416722968,-0.01768673211336136,0.005806761388241062,0.5694796442985535,0.5332315675914288,0.5039691925048828,0.015062955118916583,80.0,50.90913009643555,24.239196997880935,7.7331461906433105,8.579260171935022,-0.00438114389286784,0.5163200478553772,80.0,26.072353738017384,52.16379608903824,409,0.2726454734802246,101.843505859375,48.49830766916275,15.47617244720459,17.15966504541362
0.012454995885491371,-0.005143170343944803,-0.023192431777715683,0.005321378937778914,0.6492189168930054,0.590653782337904,0.540610671043396,0.021102043783174818,80.0,12.50131607055664,2.554984254390001,0.6950200796127319,1.6409533489584487,-0.004359176421523444,0.5171328049562871,80.0,26.08974290123582,52.19854673526435,410,0.2918531894683838,25.01378059387207,5.132067888975143,1.4140483140945435,3.279156278355928
0.009000532329082489,9.644952951930464e-05,-0.008072692900896072,0.002940809444315177,0.5737324953079224,0.5345032572746277,0.4777833819389343,0.020364725562825613,80.0,121.0416488647461,30.608100634813308,7.763610363006592,17.629112045458427,-0.004294186500759679,0.5169161184541882,80.0,26.389205711107696,52.79733804011344,411,0.2643728256225586,242.09423828125,61.226698303222655,15.53767204284668,35.25812501634097
0.011230513453483582,-0.0019269628799520433,-0.022406119853258133,0.005683439955264296,0.6352042555809021,0.6003915846347809,0.5453157424926758,0.016136034597618785,80.0,114.51614379882812,36.93604292273521,4.549685955047607,23.571209398859693,-0.004264939154134481,0.517266150381416,80.0,26.752904207522047,53.524683536496006,412,0.24799561500549316,229.0457763671875,73.88794735670089,9.108248710632324,47.14119022078761
0.005923669785261154,-0.0026638954353984446,-0.015432585030794144,0.0043251633507121285,0.6043965220451355,0.5696809254586697,0.5385228395462036,0.013628614346632633,80.0,237.08168029785156,84.04554358720779,14.658015251159668,49.2034775690234,-0.004218494836517493,0.5173392262123524,80.0,27.58629749420471,55.1913786743246,413,0.2821965217590332,474.1741943359375,168.1078077316284,29.333065032958984,98.4041084978946
0.006623191758990288,-0.005122811725595966,-0.018574265763163567,0.005419959234509664,0.5775672197341919,0.5384261295199394,0.5048068761825562,0.013514590955175713,80.0,91.03717803955078,46.52773833274841,9.792296409606934,20.237402886822736,-0.004257241800762131,0.5179082898460328,80.0,28.035394751930603,56.08966206567362,414,0.29816627502441406,182.08847045898438,93.0764909029007,19.61050033569336,40.47151161796145
0.003532417118549347,-0.0023115470015909524,-0.00967307761311531,0.0026770956340983797,0.6041151881217957,0.5608699433505535,0.5331993103027344,0.013263914463780868,80.0,32.1149787902832,10.19759685099125,2.8025619983673096,5.918222043922982,-0.004230922774164356,0.5179576396755874,80.0,28.12744856688567,56.273718045476826,415,0.29381704330444336,64.24134063720703,20.411034297943115,5.609428405761719,11.835534523143703
0.014615550637245178,-0.0009390746941789985,-0.010079925879836082,0.004256351764086009,0.5344664454460144,0.5039223145693541,0.4777769446372986,0.012821035234325413,80.0,114.38127136230469,26.79657425880432,6.634259223937988,17.361456226956893,-0.004220753687040998,0.5168510805666446,80.0,28.39096024320275,56.80069893016294,416,0.28408312797546387,228.772216796875,53.6051052570343,13.291425704956055,34.722346864282954
0.004236694425344467,-0.0023116861702874303,-0.01265517994761467,0.0033921074036393165,0.6017826795578003,0.5473118640482426,0.5148331522941589,0.01754373131446341,80.0,33.15554428100586,11.209431728720665,1.7604666948318481,7.8671545459053815,-0.004166671631581267,0.5166292978301644,80.0,28.49922334691696,57.01711253766344,417,0.26881837844848633,66.32122802734375,22.434433045983315,3.535761594772339,15.732590662294053
0.009376375004649162,-0.007046063273446634,-0.0314120389521122,0.00804687608466055,0.6220413446426392,0.5875405579805374,0.5465291738510132,0.016754834666920525,80.0,2.4978697299957275,0.7871610086411238,0.3767126500606537,0.3713237052007865,-0.004184929646275123,0.5166943396404385,80.0,28.495713292347272,57.01013024534658,418,0.2344372272491455,5.007390975952148,1.6001649625599383,0.8132311701774597,0.7365511255670365
0.011580988764762878,-0.0073247096850536765,-0.023448355495929718,0.0072343263186154215,0.5799048542976379,0.53428162522614,0.491293340921402,0.01666112152799159,80.0,1.4020593166351318,0.5029885549098253,0.2648108899593353,0.186150262527659,-0.004262540807729237,0.5160789615996182,80.0,28.124971359496936,56.268789293188604,419,0.2453014850616455,2.814310073852539,1.0313121557235718,0.5480263829231262,0.36802436801814586
0.005438469350337982,-0.00894692175788805,-0.024406448006629944,0.006844423892401007,0.5693861246109009,0.5277153465896844,0.47928640246391296,0.018013352549792156,80.0,1.8667563199996948,0.42086402587592603,0.19934731721878052,0.254399643479166,-0.004329542063598637,0.5152263176366687,80.0,27.931824126841498,55.882611778058106,420,0.29711103439331055,3.743655204772949,0.8701762039214372,0.4179312288761139,0.5022590016664437
0.0061791930347681046,-0.0038550014025531707,-0.014077948406338692,0.004444867362249244,0.5643146634101868,0.5223798535764217,0.48057639598846436,0.017633290261717685,80.0,1.6081124544143677,0.4628556897863746,0.2235158532857895,0.24997318599617538,-0.004351765408253413,0.5139806004539134,80.0,27.78267089434713,55.58432484599575,421,0.2590658664703369,3.2264158725738525,0.9438689757138491,0.4703870713710785,0.4967847154660316
0.0064916787669062614,-0.008686571253929288,-0.03623242303729057,0.008640589962577768,0.5418789386749268,0.4998341348022223,0.4514108896255493,0.019742136527321954,80.0,1.5194926261901855,0.4536271870136261,0.18407723307609558,0.2818641709199851,-0.004402979860446066,0.5131112969256939,80.0,27.50633478363603,55.031737665887924,422,0.2587435245513916,3.048682689666748,0.9346241980791092,0.4405146539211273,0.5571153930018731
0.028719298541545868,-0.010918344516539946,-0.04102957621216774,0.010519091285355496,0.6068429946899414,0.5691008150577546,0.5221050977706909,0.01851048904552304,80.0,2.9645798206329346,0.8077988687902689,0.38437801599502563,0.4616775864726483,-0.004477489917029743,0.5129021127186716,80.0,27.303181793387974,54.6255765212886,423,0.26025962829589844,5.940736770629883,1.6488164439797401,0.8005619049072266,0.9153462025732282
0.012990654446184635,-0.004865456611150875,-0.025399427860975266,0.007603547900242307,0.6074448227882385,0.5627882532775402,0.509758472442627,0.01986696611270576,80.0,0.934535026550293,0.4369703890755773,0.17651444673538208,0.13461535510209238,-0.004517077121548937,0.5131932180821895,80.0,27.121028685448692,54.26135530019923,424,0.256195068359375,1.8802878856658936,0.8949274539947509,0.38706594705581665,0.263499458565711
0.012906216084957123,-0.00555073514697142,-0.030801651999354362,0.007957327437337553,0.6090403199195862,0.5625087723135949,0.5227452516555786,0.019310624244408846,80.0,1.1062135696411133,0.3005765678361058,0.1472190022468567,0.16025196544234682,-0.004535622934999992,0.5137803314551711,80.0,27.028711912468076,54.07677058723568,425,0.26264190673828125,2.223687171936035,0.6235047835856676,0.32622939348220825,0.316125500764548
0.007680547423660755,-0.0017214577354025095,-0.015983350574970245,0.004778597964538278,0.5723384618759155,0.5375312380492687,0.5019948482513428,0.016666663691001574,80.0,4.92456579208374,1.5132018856704235,0.7532227039337158,0.8571402774926279,-0.004512331348742009,0.5140554188452661,80.0,26.932526870645578,53.884359422653894,426,0.2630586624145508,9.855413436889648,3.0405973136425017,1.521287202835083,1.7111667577487735
0.00975705310702324,-0.004388256187667139,-0.01950642839074135,0.006862678473786434,0.629855215549469,0.5919467881321907,0.550858736038208,0.01483571696801043,80.0,162.44839477539062,74.2042517900467,20.40809440612793,33.272195074542665,-0.004536332439034595,0.5153519907779991,80.0,27.533959064491093,55.0872977413833,427,0.26116442680358887,324.93255615234375,148.429118680954,40.8381462097168,66.5469879410703
0.004368266090750694,-0.001103968860115856,-0.010873650200664997,0.002735707788571151,0.6607234477996826,0.6249547258019448,0.58800208568573,0.015363642897424059,80.0,177.0538330078125,53.029875707626346,20.20829963684082,25.24654600860108,-0.004486005563856452,0.5160743331387638,80.0,28.055734454162415,56.130762311980114,428,0.3441452980041504,354.11895751953125,106.07445826530457,40.43096160888672,50.49168880282811
0.003173619508743286,-0.0023046519898343833,-0.015062611550092697,0.003373249644447987,0.573147177696228,0.5408365827053785,0.499163419008255,0.01690225473088626,80.0,113.91730499267578,32.64262003898621,10.574745178222656,19.33283803454931,-0.004379340124127339,0.5160895261131228,80.0,28.376327995713794,56.771736372463394,429,0.3860170841217041,227.84605407714844,65.30066654682159,21.159900665283203,38.664564114567646
0.01999073475599289,-0.004093462499440648,-0.02237534150481224,0.006973424246270438,0.6055213212966919,0.5730466261506081,0.5367980003356934,0.014345235137471817,80.0,25.419036865234375,7.627909241616726,1.0131628513336182,5.846502941723962,-0.004346899692332954,0.5165136570334434,80.0,28.447539319008584,56.914102620527146,430,0.38013386726379395,50.84980010986328,15.275466313958168,2.073248863220215,11.686711881426616
0.003989502787590027,-0.01112683413666673,-0.028396964073181152,0.00844709009267701,0.5969263315200806,0.5598742887377739,0.513154923915863,0.014459533780081498,80.0,28.37030601501465,9.638571399450303,2.9414706230163574,4.765705349059581,-0.0043868908265867505,0.5167664827406405,80.0,28.53988729990087,57.098883621722464,431,0.36400270462036133,56.75208282470703,19.310594022274017,5.916611671447754,9.52381780379796
0.00814861711114645,-0.002863275521667674,-0.013333495706319809,0.003735110726029117,0.5630201101303101,0.5181095257401467,0.47533437609672546,0.016365881786080894,80.0,37.3072509765625,12.451831567287446,2.8341856002807617,6.083755582390842,-0.004387972496755537,0.5170295912586153,80.0,28.65374320006929,57.3266028476432,432,0.3752405643463135,74.62437438964844,24.919751870632172,5.700904846191406,12.164967891305478
0.008894030004739761,-0.0022444677248131483,-0.018056869506835938,0.004546478388043987,0.5915117263793945,0.5541524775326252,0.5113236904144287,0.015377242145565056,80.0,40.236793518066406,14.236276346445084,3.223234176635742,7.852753528293329,-0.004389189026158419,0.5170142801366746,80.0,28.785463538931687,57.590045652650296,433,0.37164855003356934,80.4827651977539,28.488124734163286,6.458384037017822,15.70347617691456
0.004863148555159569,-0.004273260064655915,-0.020817724987864494,0.004872881108261944,0.5601012706756592,0.5204600241035223,0.4827277660369873,0.015857820192598095,80.0,41.18766784667969,16.501154756546022,5.101526260375977,7.876713208914237,-0.004347958595972158,0.5162635287567973,80.0,28.945874016860504,57.91076913288981,434,0.38619565963745117,82.38687133789062,33.021265256404874,10.212574005126953,15.753654584288645
0.023266036063432693,-0.00144153309520334,-0.01835787668824196,0.006371119086822637,0.5790902376174927,0.5495083376765251,0.5206044316291809,0.014387304187855797,80.0,22.493505477905273,5.474278992414474,0.8295392394065857,5.342015613204376,-0.004329974734180723,0.5168557129204273,80.0,28.99735469552502,58.013706367187204,435,0.37839174270629883,44.993125915527344,10.962431314587594,1.6779701709747314,10.682271818333943
0.014223359525203705,-0.00836234645685181,-0.02373160980641842,0.0068916840537796694,0.5770555138587952,0.5415558136999608,0.49756479263305664,0.01567367148142668,80.0,2.761545181274414,0.9377575118094683,0.4990774095058441,0.36632351587841055,-0.004305023207518388,0.5171114747561514,80.0,29.000709666196254,58.02037152065337,436,0.3765139579772949,5.534223556518555,1.9030708357691766,1.026790976524353,0.7276153956501353
0.02566003054380417,-0.003187600924866274,-0.017759012058377266,0.008203779459234839,0.598028838634491,0.5589155115187168,0.5180662870407104,0.018603305273656463,80.0,2.2771453857421875,0.7877075895667076,0.3801293969154358,0.35288430059451437,-0.004325148025367525,0.5181339877955615,80.0,27.94738632409647,55.91378553781659,437,0.43805718421936035,4.565465927124023,1.5929686985909939,0.7644007205963135,0.7055798056872687
0.012830659747123718,-0.016231392283225433,-0.03563625365495682,0.010902572498073353,0.618330717086792,0.5778615668416023,0.5413267612457275,0.016967640993322788,80.0,3.227644443511963,0.5658229511231184,0.2411772906780243,0.4754278931917301,-0.004470500362702296,0.5188953269459308,80.0,27.44623810447752,54.911795028448104,438,0.4045064449310303,6.473649978637695,1.1756659232079982,0.5513952374458313,0.9411964765480825
0.016307057812809944,-0.006452982954215258,-0.02567943185567856,0.007817072416109936,0.5946975946426392,0.5495147027075291,0.4924822449684143,0.019470155077580167,80.0,2.5419797897338867,0.626639356277883,0.24669088423252106,0.41280706982570226,-0.0045106024134584,0.5188692929334938,80.0,20.164797092949968,40.34899265861511,439,0.4326474666595459,5.087297439575195,1.277174973487854,0.5208368301391602,0.817854628157101
0.007080094423145056,-0.008627845312003047,-0.03251030668616295,0.009326073781653755,0.5396653413772583,0.4822987291961908,0.4197731614112854,0.022803083887556995,80.0,2.683816432952881,0.7876522649079561,0.32408928871154785,0.4800120971579096,-0.004586411846932606,0.5189242612421512,80.0,18.4383000470642,36.8961513267383,440,0.4143493175506592,5.377073287963867,1.602206190675497,0.6972869038581848,0.9490272097585043
0.05329224467277527,-0.005361784106935374,-0.03255274146795273,0.01364955240369213,0.627673864364624,0.5769471153616905,0.5240017771720886,0.020017744867345918,80.0,8.106575965881348,1.5175477437675,0.7173495292663574,1.2770266773738264,-0.00462871255252685,0.5199176713749766,80.0,17.593082072095942,35.20581984928995,441,0.3942272663116455,16.224876403808594,3.0573579981923102,1.4797732830047607,2.5491381661095263
0.011497819796204567,-0.01650837786728516,-0.03676275536417961,0.010719828058165641,0.6495599150657654,0.6001994788646698,0.5562576055526733,0.0189226600191023,80.0,0.7747162580490112,0.31003576181828973,0.17912834882736206,0.12313819997111361,-0.0047857235197297995,0.5213218745999038,80.0,16.50021266023628,33.02042313596234,442,0.48624634742736816,1.56094229221344,0.6650922704488039,0.41829341650009155,0.23621649579990575
0.0031884536147117615,-0.02131882716785185,-0.04352185130119324,0.013058094146000008,0.6204305291175842,0.5808117799460888,0.5449560284614563,0.017332590517481726,80.0,2.4446640014648438,0.5495252495631575,0.20071659982204437,0.48638819248233106,-0.004982888717597234,0.5224065785147249,80.0,16.39899596876278,32.8184057784304,443,0.40003037452697754,4.901159763336182,1.1533043917268515,0.48354825377464294,0.9547595570155794
0.01697610504925251,-0.00479966911370866,-0.024219688028097153,0.008383974224428232,0.5908703804016113,0.5429449379444122,0.5022910833358765,0.020379607857767205,80.0,7.739965915679932,1.7424479566514492,0.6014267802238464,1.180253376428388,-0.005013024395666434,0.5228174787126482,80.0,10.626466897990554,21.273416194774214,444,0.39658522605895996,15.487926483154297,3.5053541496396066,1.2053825855255127,2.3571744633673197
0.005994640290737152,-0.010178030509268864,-0.034037064760923386,0.007840817621032866,0.6368228197097778,0.5964956849813461,0.5509380102157593,0.02037232195968092,80.0,4.339792251586914,1.1704392276704312,0.5060126781463623,0.595766576840287,-0.005083711409402895,0.52429578891024,80.0,10.503810146678235,21.028273630402985,445,0.4220614433288574,8.691194534301758,2.3731644257903097,1.0765037536621094,1.1833745637142379
0.00930492952466011,-0.00534109331201762,-0.023309169337153435,0.006476517858057159,0.6512182950973511,0.6122214309871197,0.566179633140564,0.017115042315929765,80.0,7.6241254806518555,2.1486050873994826,0.838229775428772,1.1654657825652706,-0.005072967207743204,0.5249784654639662,80.0,10.517231851197778,21.05510920443386,446,0.418318510055542,15.260980606079102,4.3201367780566216,1.7098630666732788,2.32801964981933
0.0023443661630153656,-0.000421282957540825,-0.0033496320247650146,0.001150526283927937,0.5572507381439209,0.5248844578862191,0.48297369480133057,0.0172450265804435,80.0,53.40995407104492,18.035241574048996,5.530793190002441,9.046081162665503,-0.005003785201450227,0.5248242812119425,80.0,10.687695699654519,21.395895453192292,447,0.4128909111022949,106.83126831054688,36.08182334899902,11.07678508758545,18.091361176597616
0.015291674062609673,-0.009885641012806446,-0.028188670054078102,0.00924268150978584,0.6039050817489624,0.5655715510249137,0.5286890864372253,0.017677325728373907,80.0,2.1972973346710205,0.9962418515235185,0.4908263385295868,0.36154777245535175,-0.0050370110276708145,0.525233381550759,80.0,10.690534181073309,21.401647049613302,448,0.4339733123779297,4.405210971832275,2.0235664173960686,1.039826512336731,0.7152137284663017
0.00244097039103508,-0.006151811679592356,-0.020586907863616943,0.005395078642909044,0.5835538506507874,0.5369386076927185,0.4800761342048645,0.017578207383736867,80.0,4.038519382476807,1.6426958680152892,0.9323433637619019,0.6402576145814037,-0.005052573867069441,0.5253133549205958,80.0,10.698784624129535,21.418180660873656,449,0.3019747734069824,8.087127685546875,3.308434122800827,1.889545202255249,1.276176730476146
0.006765102967619896,-0.001103292457992211,-0.010657334700226784,0.00370730158945815,0.6001793146133423,0.5635697387158871,0.5175638198852539,0.016065265044544894,80.0,41.57170867919922,13.536644330620765,2.7251195907592773,7.993615589427694,-0.0049940277722053,0.5258525652214885,80.0,10.829733941415325,21.67997298685089,450,0.297534704208374,83.15144348144531,27.08676657676697,5.468725204467773,15.986928664414132
0.005213037133216858,-0.005612816865323111,-0.022444844245910645,0.005464488664891833,0.5580461025238037,0.5094941146671772,0.4714682698249817,0.01576811728744556,80.0,23.24510955810547,7.151188592612743,1.7844926118850708,5.436233714160053,-0.0049975023938313825,0.5259626697376371,80.0,10.893975494218989,21.80846524475888,451,0.4214437007904053,46.5045051574707,14.323792788386346,3.6012187004089355,10.86923314721093
0.0036770738661289215,-0.007773236883804202,-0.02461215667426586,0.006043200968011881,0.5212103128433228,0.4776701245456934,0.44027018547058105,0.015892539896534257,80.0,37.8526725769043,12.024361953139305,2.547581434249878,7.670911184863343,-0.0050172759675624545,0.525346384357661,80.0,11.006036897437646,22.032615272615107,452,0.48079991340637207,75.72925567626953,24.073823779821396,5.131796360015869,15.34223583451436
0.005171455442905426,-0.012677184923086315,-0.03375057876110077,0.007799863790856008,0.5834343433380127,0.5519566535949707,0.5132269263267517,0.014345245359884478,80.0,1.3764220476150513,0.775945370271802,0.4884891211986542,0.18219305181988188,-0.005047005632994115,0.5258787990882994,80.0,11.01038184813596,22.04137528168038,453,0.3337092399597168,2.7727408409118652,1.588284246623516,1.0290577411651611,0.3586283177551099
0.006768699735403061,-0.006885416829027236,-0.023855743929743767,0.006609687637988207,0.5942266583442688,0.5595043659210205,0.5295069217681885,0.013791940503621501,80.0,2.5241942405700684,1.1160774745047093,0.6357505917549133,0.30777188706587844,-0.005039061725125067,0.5266414191797376,80.0,11.015744046023114,22.052099041987212,454,0.40258216857910156,5.059303283691406,2.257115863263607,1.3217699527740479,0.6095253352102966
0.008290676400065422,-0.004589086625492201,-0.01585216447710991,0.004634147666581953,0.5652048587799072,0.5294234663248062,0.4896523654460907,0.01732939709423027,80.0,2.4450948238372803,0.6499145451933146,0.31777310371398926,0.30754283908315194,-0.005083563562351628,0.5264200285375119,80.0,10.729852563852441,21.48040065345541,455,0.3131566047668457,4.901054382324219,1.3195957228541375,0.6615285873413086,0.6119424962672461
0.007466182112693787,-0.00752596571110189,-0.02601516619324684,0.00621037639552598,0.5641777515411377,0.5013079956173897,0.4535489082336426,0.019301877203682927,80.0,1.9424139261245728,0.815160384401679,0.44184616208076477,0.2712916236434559,-0.005141172569288755,0.5270596767216921,80.0,10.683673076888544,21.388169691089544,456,0.2562379837036133,3.9077248573303223,1.655398863554001,0.9242607951164246,0.5391699444567415
0.007569175213575363,-0.006790462147910148,-0.01889239437878132,0.0062023051389465175,0.6062703132629395,0.5433798342943191,0.4965280294418335,0.022957626273344005,80.0,0.8371549844741821,0.317346578836441,0.17357952892780304,0.13765323840352878,-0.005144350859729457,0.5273587244674564,80.0,9.40611046965979,18.83305682893097,457,0.24875664710998535,1.68460214138031,0.6591416787356138,0.3914170265197754,0.2702883324338772
0.012668035924434662,-0.006891264417208731,-0.022741802036762238,0.007675459633276112,0.5693238973617554,0.5376347277313471,0.49441802501678467,0.017807349569297432,80.0,1.6334148645401,0.5320246720686554,0.22639982402324677,0.26367295620373105,-0.005206536760480957,0.528099547818303,80.0,9.159870823547244,18.34071672616154,458,0.2411513328552246,3.2770180702209473,1.0885845683515072,0.46425044536590576,0.5204528863650788
0.06398861110210419,-0.005063317099120468,-0.02412775345146656,0.01506609827680732,0.6552724838256836,0.6098677188158035,0.5786375403404236,0.013396492509673888,80.0,1.2687304019927979,0.655419260263443,0.40121400356292725,0.1732468119599493,-0.005203958551326649,0.529653837863356,80.0,9.11487635177374,18.250753711588683,459,0.3150942325592041,2.563276529312134,1.3331625133752822,0.8530399799346924,0.34294522476338135
0.009014945477247238,-0.003808990691322833,-0.020923182368278503,0.005621437904303425,0.649013876914978,0.6031275808811187,0.5467262864112854,0.019608537198588866,80.0,1.5426723957061768,0.3537443097680807,0.2066504806280136,0.19242773733504673,-0.005208205122311483,0.5310203433334828,80.0,9.012699006494136,18.04643484548852,460,0.40051722526550293,3.0989553928375244,0.7271691534668208,0.44304972887039185,0.38255445309906244
0.01215292327105999,-0.00416582707548514,-0.020262043923139572,0.005557758980545919,0.5731180906295776,0.5365435171872377,0.49102649092674255,0.016568998579048335,80.0,1.3093457221984863,0.3104167677462101,0.14318934082984924,0.17789008138168558,-0.005200429857519339,0.5318318997994066,80.0,8.929871102932843,17.88077971920744,461,0.4116520881652832,2.6295359134674072,0.6398960582911968,0.3216343820095062,0.3519195911994282
0.004865758121013641,-0.01172657310962677,-0.03034587949514389,0.00846608723017223,0.5774604082107544,0.538067976757884,0.4797133207321167,0.020763019703598687,80.0,3.2581565380096436,1.0583980415016412,0.48195895552635193,0.490524501877849,-0.0052796989748458145,0.532300092726946,80.0,8.860194488994777,17.741594394106418,462,0.41322994232177734,6.527248382568359,2.1510105773806574,1.008679986000061,0.9733050434429887
0.012934291735291481,-0.005110654776217416,-0.016576720401644707,0.005288785395897531,0.6361088752746582,0.6018342465162277,0.5699275135993958,0.014669604107950826,80.0,2.0874669551849365,0.8160805612802505,0.3318685293197632,0.33364800715257426,-0.005310124075549538,0.5334719649329782,80.0,8.741861395798624,17.505012495126575,463,0.3990333080291748,4.187304496765137,1.6544191248714923,0.6496838927268982,0.6644192973120167
0.0088986586779356,-0.005956802796572447,-0.021178308874368668,0.006581837300193509,0.6808525323867798,0.6375342838466167,0.5996755361557007,0.017906353241854106,80.0,3.6206319332122803,1.5747284777462482,0.8279946446418762,0.5288973979131927,-0.005288138508025441,0.5344950520060957,80.0,8.75004220231995,17.521350598838183,464,0.3999793529510498,7.254647254943848,3.174121256172657,1.6804691553115845,1.0536197475953055
0.013722192496061325,-0.0008444565813988447,-0.0071075186133384705,0.0027154413526841036,0.5618685483932495,0.5286729477345944,0.48945707082748413,0.015503534247076449,80.0,45.958927154541016,16.73270035982132,5.0384202003479,9.100065002184586,-0.0052335336363612435,0.5346547253392636,80.0,8.910711458843203,17.84258309326694,465,0.4067399501800537,91.93106079101562,33.4776628613472,10.087413787841797,18.19903555189123
0.027584437280893326,-0.02100716527784243,-0.04481397569179535,0.01377258069522651,0.6231313943862915,0.578703984618187,0.5455790758132935,0.016688483300392347,80.0,2.4943301677703857,1.0269016377627849,0.649687647819519,0.3458366939150241,-0.005411173472661176,0.535124250434339,80.0,8.911218672029676,17.84396218975261,466,0.395723819732666,4.999846458435059,2.1073916792869567,1.3789454698562622,0.6774314311909595
0.050603002309799194,-0.005366422288352624,-0.024381252005696297,0.011611771320179124,0.592166006565094,0.5542358167469501,0.5139198899269104,0.01701078654791132,80.0,3.3176136016845703,1.708131804317236,0.9634969830513,0.48610795767687126,-0.00538722558891459,0.5357145237959922,80.0,8.919997315131129,17.861483385596426,467,0.40586042404174805,6.645625591278076,3.4380811721086504,1.9757146835327148,0.9656916758544537
0.0029222946614027023,-0.0009251748386304825,-0.00954042375087738,0.0024252254573555263,0.566564679145813,0.5285505253821612,0.49628761410713196,0.015306236438298983,80.0,24.915525436401367,8.882653430104256,2.0761945247650146,5.351674909686909,-0.005355143815409975,0.5360759467780589,80.0,9.003349673533814,18.028131167124958,468,0.3996591567993164,49.84178161621094,17.7777281999588,4.168306350708008,10.703622075558645
0.0013702549040317535,-0.002394670812645927,-0.00901017151772976,0.002336521985553688,0.5834627747535706,0.5353631846606731,0.49607205390930176,0.015561815157114228,80.0,37.90999984741211,11.304344795644283,1.7577967643737793,7.441748180579091,-0.0053508798559341805,0.5363498176373541,80.0,9.104701173944399,18.23083111966774,469,0.27192091941833496,75.83265686035156,22.624186402559282,3.5295863151550293,14.882096839929115
0.00276758149266243,-0.0020400404348038135,-0.015280698426067829,0.0032081525159854216,0.5067493915557861,0.4820544686168432,0.4358818531036377,0.014113390766077854,80.0,23.210561752319336,8.522993528842926,2.3786797523498535,5.13987790577156,-0.005306452083008481,0.5360942537561059,80.0,9.185101437728854,18.39153768116608,470,0.2576720714569092,46.43999481201172,17.059708297252655,4.767204284667969,10.278906859048488
0.0025488529354333878,-0.007351968379225582,-0.019297165796160698,0.005636383327577688,0.5804635286331177,0.5384571045637131,0.49944400787353516,0.01516168602385617,80.0,15.774370193481445,4.131151849031449,0.4014636278152466,4.53222805889212,-0.005318238743944675,0.5366417887099088,80.0,9.222370655905456,18.4661106409505,471,0.4007985591888428,31.5732421875,8.287776710838079,0.8420212864875793,9.06436156288174
0.004918061196804047,-0.008441398083232344,-0.022536028176546097,0.006956879555948951,0.6156670451164246,0.586230093985796,0.5463134050369263,0.014158005218832013,80.0,1.3676356077194214,0.7840784836560488,0.48139312863349915,0.19020053522838232,-0.00536485401460959,0.5379159664325417,80.0,9.226255034370347,18.473998111985622,472,0.42746853828430176,2.746987819671631,1.5967643678188324,0.9954674243927002,0.37334499566266005
0.008889775723218918,-0.006537178944563493,-0.02234242856502533,0.006255153628663824,0.6551642417907715,0.6177903421223163,0.5831015110015869,0.014290630895147245,80.0,1.258614420890808,0.5408998612314463,0.25553205609321594,0.18501836555181217,-0.005491482488476322,0.5391175545491279,80.0,9.081668274091555,18.18510188049823,473,0.4200265407562256,2.529216766357422,1.1072298869490624,0.5274671316146851,0.36369529671888495
0.007274940609931946,-0.0036668748885858803,-0.01550186425447464,0.004575342339172405,0.6022301912307739,0.5685873329639435,0.5139632225036621,0.01722885051415729,80.0,2.289130926132202,0.723371510207653,0.30395105481147766,0.3956848644524448,-0.005475063411940937,0.5403152231127024,80.0,9.070287401000037,18.162331249661744,474,0.41109228134155273,4.588321685791016,1.4654485240578652,0.6340410709381104,0.7880727551990336
0.01664602756500244,-0.007644035876728595,-0.0276125930249691,0.008266927118838752,0.625497579574585,0.5794227749109269,0.5239267349243164,0.019137165009897768,80.0,0.818533182144165,0.3283565822988749,0.18732687830924988,0.12966261862471334,-0.0055276378668640954,0.5410592202171683,80.0,8.923363978637383,17.868604432243853,475,0.4133896827697754,1.6566085815429688,0.6835896920412778,0.4205589294433594,0.25191604825004404
0.011882047168910503,-0.007065058965235948,-0.02671654336154461,0.00942430700867603,0.6043539643287659,0.563920409232378,0.5287377834320068,0.017986422295080552,80.0,2.7734851837158203,0.6612318502739072,0.2215050309896469,0.451821206378357,-0.005586350507350288,0.5415620968677104,80.0,8.848659312635661,17.719322582896798,476,0.4256300926208496,5.558484077453613,1.3478722222149373,0.5046663284301758,0.8958828614457887
0.011503707617521286,-0.011785972490906715,-0.031003383919596672,0.007383779724437252,0.6479116678237915,0.6087615728378296,0.5759029388427734,0.015935323363123293,80.0,2.3442599773406982,0.8132367841899395,0.3533449172973633,0.41665310318221327,-0.005652206205835682,0.5427436860948801,80.0,8.831957819648087,17.686074940089135,477,0.43221044540405273,4.702044486999512,1.6622207529842854,0.7601829171180725,0.8267967450662767
0.005383213050663471,-0.004760194907430559,-0.018463900312781334,0.00567453238596539,0.6149414777755737,0.5730975195765495,0.5437306761741638,0.015693993795714036,80.0,0.9063007831573486,0.27081502228975296,0.15566739439964294,0.1319795289379375,-0.005669150867339339,0.54350460453704,80.0,8.747776080586016,17.517760568145665,478,0.42419934272766113,1.8249003887176514,0.562612384557724,0.3251968026161194,0.26097673489955336
0.016457200050354004,-0.004040770063875243,-0.02680768445134163,0.008763762973441851,0.5893107056617737,0.5294120743870735,0.4714382290840149,0.026219629744841395,80.0,2.1464672088623047,0.48264120817184447,0.20377452671527863,0.37611549695628477,-0.005671677172780618,0.5438298845849932,80.0,8.669100570760667,17.360421107355503,479,0.42025327682495117,4.302863597869873,0.9839522004127502,0.47186940908432007,0.7474500195531032
0.008492197841405869,-0.0004994753864593804,-0.012255294248461723,0.004402163664973823,0.5387786030769348,0.5026983864605427,0.45210105180740356,0.01615673077065792,80.0,16.10199546813965,7.809791424870491,1.6036758422851562,3.208408252980509,-0.005627239180452306,0.5437182816900313,80.0,8.647903540603817,17.31793594026938,480,0.42046451568603516,32.213233947753906,15.630635768175125,3.2390542030334473,6.417910876983873
0.004712874069809914,-0.0064460037276148794,-0.02338194102048874,0.0061793785639563045,0.614748477935791,0.5754262574017048,0.5415010452270508,0.01607761536392928,80.0,1.7814435958862305,0.840923597291112,0.3044680058956146,0.32112737931949326,-0.00566608113075199,0.5441498672068119,80.0,8.531331814225762,17.084878803666683,481,0.41683220863342285,3.5736122131347656,1.706247716397047,0.6569716334342957,0.6397967206105147
0.007562659680843353,-0.0040015264879912135,-0.019042780622839928,0.005205770493673555,0.6477013826370239,0.6086949139833451,0.5593980550765991,0.0183578152665573,80.0,17.438236236572266,8.827815693616866,3.627800226211548,3.1891538107139916,-0.005610632719486602,0.544708455234766,80.0,8.610384662173688,17.242884774919595,482,0.42032623291015625,34.91302490234375,17.67580837607384,7.269581317901611,6.384281806868477
0.013921432197093964,-0.00044884858070872726,-0.011782413348555565,0.004000871108678838,0.5731830596923828,0.5113771013915539,0.46400225162506104,0.01810307832749388,80.0,41.540191650390625,15.995756730437279,2.5560271739959717,8.447036452654316,-0.005528131625338574,0.5443906276673078,80.0,8.764762693703174,17.55146947961673,483,0.3561725616455078,83.08857727050781,32.00263874530792,5.123291969299316,16.893901105487497
0.01018517091870308,-0.008289187611080707,-0.023436546325683594,0.007792231834758014,0.5675768852233887,0.5112712748348713,0.45953369140625,0.021411776980101802,80.0,2.74953293800354,1.1027872942388057,0.5283822417259216,0.4271160577959345,-0.005555089840330765,0.5443107344470917,80.0,8.771606723340229,17.565209857460108,484,0.24854063987731934,5.510381698608398,2.232378381490707,1.0873868465423584,0.8489969181185856
0.010136906057596207,-0.0024044315388891844,-0.014394259080290794,0.004619841508386408,0.5625288486480713,0.5202541917562484,0.4753822684288025,0.016740323613530034,80.0,5.926599502563477,2.4480493545532225,1.299074411392212,0.8355568810619336,-0.005521399122677393,0.544165559567511,80.0,8.791678880356253,17.605283886630087,485,0.2683846950531006,11.86331558227539,4.911312660574913,2.6109745502471924,1.6686316322555637
0.007437003776431084,-0.003525592538062483,-0.01590360887348652,0.00445943963783695,0.5871807336807251,0.5552813649177551,0.5114036798477173,0.015284113418083,80.0,39.89873123168945,12.010059222579002,2.7651679515838623,6.891473420551796,-0.005541934972818126,0.545038401953876,80.0,8.907472005436198,17.836928666558116,486,0.25476956367492676,79.82229614257812,24.038275384902953,5.549648284912109,13.78282168240956
0.003266347572207451,-0.007410385995171964,-0.026060331612825394,0.007343933476219579,0.5993624925613403,0.5469373606145382,0.5157891511917114,0.017593251566348306,80.0,28.11161231994629,9.929172918200493,2.815553665161133,5.516913676784252,-0.005580705939690233,0.5455825992636383,80.0,8.998849366465583,18.01977181514725,487,0.24456191062927246,56.26255798339844,19.884105426073074,5.636246681213379,11.033047223493396
0.004511933773756027,-0.001709237857721746,-0.012679281644523144,0.002912050119384871,0.5296329259872437,0.49079848155379296,0.45409923791885376,0.014877961663988061,80.0,29.94904899597168,10.716973420977592,2.0474061965942383,7.129032272484032,-0.005543628469880785,0.5452385972775519,80.0,9.102871024502441,18.22773409613222,488,0.26021361351013184,59.910499572753906,21.447181278467177,4.1181230545043945,14.256393992472113
0.0065384358167648315,-0.006728942785412073,-0.018031233921647072,0.00587651411286,0.5862476825714111,0.5469977460801602,0.5006572008132935,0.0165032107211944,80.0,2.0292112827301025,0.7163338843733073,0.382581502199173,0.2479697257363993,-0.005561876009931438,0.545940359417349,80.0,9.106664473909886,18.235371525153525,489,0.3744950294494629,4.069748878479004,1.4570656016469001,0.8068307638168335,0.4908631713193797
0.004314325749874115,-0.005634367966558784,-0.018613658845424652,0.005251890087085689,0.6086527109146118,0.570557463169098,0.5339412689208984,0.016214491292873993,80.0,1.7893946170806885,0.7468756645917892,0.4390604496002197,0.24459670381615814,-0.005555955653791896,0.5464850196391344,80.0,9.107079547729345,18.23620072536171,490,0.4650416374206543,3.5858469009399414,1.5164312183856965,0.8900905847549438,0.48489182173572615
0.0162296611815691,-0.006908648705575615,-0.02515987865626812,0.007158369967921386,0.641889214515686,0.5970310024917126,0.5534950494766235,0.017451262092188252,80.0,1.080584168434143,0.5072169158607721,0.24598677456378937,0.16432833139254568,-0.005602056202726089,0.5476142290011048,80.0,8.832840242147448,17.687836897149687,491,0.4294130802154541,2.1747117042541504,1.0401917546987534,0.5050510168075562,0.3244970976501237
0.04172081500291824,-0.006424203398637474,-0.02543644979596138,0.00985834036871758,0.5645383596420288,0.5224656887352467,0.4838253855705261,0.016809611773489688,80.0,0.6774619817733765,0.3802192259579897,0.21374505758285522,0.10306767492370975,-0.005647922629708773,0.547027916535735,80.0,8.558922601271421,17.140081623911858,492,0.39643335342407227,1.3549160957336426,0.7837361678481102,0.4533214867115021,0.1958977465446334
0.010343032889068127,-0.00496334420167841,-0.018373657017946243,0.00646996639281895,0.5974004864692688,0.5491673946380615,0.5044019818305969,0.019656961120704468,80.0,0.5819783806800842,0.27258510775864125,0.1798909306526184,0.10202238834701753,-0.005691413040724002,0.5471154969111085,80.0,8.2144708872512,16.45126692372933,493,0.4184269905090332,1.17515230178833,0.566080254688859,0.37999022006988525,0.19875087222403565
0.011285332031548023,-0.003860198293114081,-0.021182561293244362,0.006259749301518959,0.5755597352981567,0.5285600841045379,0.47583386301994324,0.02001746893669726,80.0,3.116851806640625,0.5229925332590938,0.1649431437253952,0.5554930730910946,-0.005726199280878063,0.5470232162028552,80.0,8.120915944566951,16.264224763382227,494,0.4514002799987793,6.243093967437744,1.0642766699194908,0.35474467277526855,1.107233829101709
0.014706332236528397,-0.006483113236026838,-0.03297724574804306,0.008987264249701785,0.6507732272148132,0.6067008078098297,0.5560816526412964,0.017196367583065444,80.0,1.193048119544983,0.3901750575751066,0.21790149807929993,0.17056824900280868,-0.005759619708638638,0.5479983254373074,80.0,8.087764012278988,16.198007241666318,495,0.4078025817871094,2.400486469268799,0.8054503541439771,0.47800979018211365,0.33523226281555873
0.012992875650525093,-0.007728558086091653,-0.024965008720755577,0.00838872155427154,0.6434264779090881,0.6059454865753651,0.5673831105232239,0.016230065374673624,80.0,0.7657043933868408,0.3387291844934225,0.1813170164823532,0.1162922186548858,-0.005809849505720194,0.5489061247073114,80.0,7.454338503478096,14.931274823591112,496,0.41312599182128906,1.5481467247009277,0.7050343975424767,0.3979431390762329,0.22683249841959863
0.02352195605635643,-0.005649830179754645,-0.03450170159339905,0.011452061839747446,0.5965946316719055,0.5458739072084426,0.4930117130279541,0.01923147960000034,80.0,0.7934833765029907,0.2719374359585345,0.12224114686250687,0.11571592978960739,-0.005832972864620387,0.549154940351844,80.0,7.358703097908758,14.740055235609413,497,0.4179110527038574,1.5953869819641113,0.5660920083522797,0.2879709005355835,0.22057089522644388
0.02276740036904812,-0.003556975116953254,-0.020342234522104263,0.007445163342940191,0.5466740727424622,0.4950054407119751,0.462965726852417,0.01648032648637301,80.0,2.466442584991455,1.433189444988966,0.49664735794067383,0.48112085806389204,-0.0058457415392622345,0.5489553909637034,80.0,7.26543810479995,14.55354679647088,498,0.4293045997619629,4.965311527252197,2.8833929523825645,1.0111286640167236,0.9614475270861623
0.009938117116689682,-0.005013024463551119,-0.027323314920067787,0.007430376940661147,0.6034674644470215,0.5674569785594941,0.5193489193916321,0.01741822511330509,80.0,2.5094285011291504,0.9453589253127574,0.26603934168815613,0.39814492496407367,-0.005819265945610823,0.5496413724273443,80.0,7.159975668950938,14.342582690849902,499,0.40851712226867676,5.033187389373779,1.912093023955822,0.5621007680892944,0.7936948022731654
0.009273221716284752,-0.004386846109991893,-0.01880555972456932,0.006015523392459624,0.6700005531311035,0.624158275872469,0.5908463001251221,0.017795018929833987,80.0,15.542540550231934,7.276572293043136,2.103914499282837,2.419041952199567,-0.005778300208068685,0.5503555282503367,80.0,7.225730990792625,14.474025686874988,500,0.42972326278686523,31.124160766601562,14.57440150976181,4.226095199584961,4.840244142940345
0.010295616462826729,-0.0010266082885209472,-0.008518114686012268,0.002411131435399557,0.5655806064605713,0.5169633340090514,0.4668026864528656,0.020062872958110416,80.0,36.74944305419922,15.771065932512283,3.4050374031066895,7.850959689464511,-0.005731289714487503,0.5500364936441183,80.0,7.377718714564108,14.777900732643902,501,0.333695650100708,73.50923156738281,31.554524338245393,6.815075874328613,15.701710100578756
0.03261615335941315,-0.006205961492378264,-0.026326533406972885,0.010217360090025059,0.5692174434661865,0.5207001596689225,0.47836998105049133,0.016935485639928975,80.0,3.4994776248931885,1.452375055849552,0.8300455808639526,0.5249314008028833,-0.005730974872800288,0.5501920409128069,80.0,7.387295607416892,14.797056999608873,502,0.33797407150268555,7.00929594039917,2.927576035261154,1.705274224281311,1.0439761736539002
0.005838107317686081,-0.003170458000386134,-0.015967542305588722,0.004207872815072245,0.5988246202468872,0.5526026628911496,0.5201599597930908,0.014752023977428424,80.0,5.581259727478027,1.975364201515913,0.9268205761909485,0.8825465160850278,-0.0056992248369206215,0.5506862810067832,80.0,7.4036641883431,14.829740546606478,503,0.34067630767822266,11.173489570617676,3.9681214153766633,1.8759124279022217,1.7620435360285087
0.01108882948756218,-0.002504334761761129,-0.015859823673963547,0.004050410438992535,0.6098657250404358,0.5731072373688221,0.5229785442352295,0.014405508650444486,80.0,35.22779846191406,11.55523624420166,2.2184224128723145,7.416514512409457,-0.005705824592820137,0.552233825560659,80.0,7.5155705735748635,15.053597467221318,504,0.3333001136779785,70.47518920898438,23.126943278312684,4.455838680267334,14.833325618456623
0.001019202172756195,-0.00840786270564422,-0.026388565078377724,0.006463656169475705,0.6203014850616455,0.5866148769855499,0.5574498176574707,0.015083273656645147,80.0,24.684236526489258,9.709427896142007,3.4126336574554443,5.310740353126374,-0.005699759680108401,0.5531038347482681,80.0,7.603270651987753,15.229002894036471,505,0.3322606086730957,49.38359832763672,19.447403764724733,6.854307651519775,10.618312559163947
0.0012290515005588531,-0.004431462741922587,-0.016595860943198204,0.0034839885339646684,0.5552155375480652,0.5154213681817055,0.47493821382522583,0.017614344493251676,80.0,35.129940032958984,10.305900973081588,1.9138357639312744,6.550392059782914,-0.005686360264342511,0.5531023627780377,80.0,7.703456300527788,15.429347362346945,506,0.3287050724029541,70.27218627929688,20.630973249673843,3.843512535095215,13.098546400547386
0.014252811670303345,-0.010699305997695774,-0.034143075346946716,0.008059641483855613,0.6166656017303467,0.5596528939902783,0.5126737356185913,0.020841327882463866,80.0,1.053013801574707,0.5865477494895458,0.3439767062664032,0.13919141301277194,-0.005727791363809956,0.5534546368308365,80.0,7.702170718112029,15.426866105139254,507,0.3371405601501465,2.118360996246338,1.2056871682405472,0.7363345623016357,0.27061731589846516
0.003961171954870224,-0.004270939074922353,-0.01661696657538414,0.0044280417679076,0.6058533191680908,0.5738142736256122,0.5335103273391724,0.013940469709851175,80.0,1.4092203378677368,0.7191248908638954,0.4525034725666046,0.17892460774556534,-0.005728728118323489,0.5541843562424182,80.0,7.705859018818475,15.434259174436331,508,0.3281536102294922,2.831965446472168,1.458267942070961,0.9300724267959595,0.3554807708257633
0.004273419268429279,-0.011449257889762521,-0.027880316600203514,0.007777731747814352,0.6094668507575989,0.5810827001929283,0.5500798225402832,0.015861459396109168,80.0,0.7605292201042175,0.3415832234546542,0.2093620002269745,0.11644437797475635,-0.005796975643053883,0.5546628675684332,80.0,7.466882881074214,14.956452963940798,509,0.33112597465515137,1.5316667556762695,0.7176866196095943,0.4611371159553528,0.22290204022127896
0.016191378235816956,-0.006147814984433353,-0.0226861871778965,0.0074368457500418525,0.5855512619018555,0.5491692773997784,0.5058758854866028,0.015523293740705211,80.0,2.1599841117858887,0.4778095118701458,0.220927894115448,0.267178229354465,-0.005807022089458769,0.554248022519052,80.0,7.446111133649015,14.914921265475453,510,0.32350778579711914,4.328203201293945,0.9788980424404145,0.4707109332084656,0.5287808589662011
0.00906769186258316,-0.006856259988853708,-0.01974775642156601,0.005769654736048448,0.5678726434707642,0.5356586873531342,0.49127209186553955,0.015800120996026817,80.0,0.8607904314994812,0.29383676014840604,0.15350699424743652,0.15005279415385184,-0.0058765491846425,0.5542595768198371,80.0,7.142968494902366,14.308775274585935,511,0.3053162097930908,1.731933832168579,0.6120992142707109,0.3440910577774048,0.2935204448101311
0.008513785898685455,-0.004540842201095074,-0.017519265413284302,0.0053003747969106434,0.5939676761627197,0.5546725422143937,0.511806845664978,0.01707862764312386,80.0,1.6634868383407593,0.4102759724482894,0.22619685530662537,0.22954740766145137,-0.005902687977853929,0.5538023863956332,80.0,6.777710825399496,13.578303071822974,512,0.3071866035461426,3.33846116065979,0.8407270804047584,0.4725634455680847,0.455689247193017
0.019760534167289734,-0.004826979385688901,-0.024516601115465164,0.008002755732182898,0.6498314142227173,0.6156965136528015,0.5779218673706055,0.015045547646918591,80.0,1.706540584564209,0.4377542037516832,0.20644213259220123,0.2650164009501425,-0.005924318817356834,0.5542625422775744,80.0,5.941632931564934,11.906199757490308,513,0.30718398094177246,3.425548553466797,0.8974762983620167,0.44415587186813354,0.5263187228400067
0.010842226445674896,-0.0039007973158732057,-0.022385671734809875,0.005500759619584567,0.61920166015625,0.5813696905970573,0.5441602468490601,0.01476287306924138,80.0,1.2859503030776978,0.5397467920556664,0.23455162346363068,0.24187787859838683,-0.005912098673259607,0.5546919778883457,80.0,5.481753016158007,10.986424074199054,514,0.3075296878814697,2.5837669372558594,1.098922573775053,0.5059306621551514,0.4792981153321903
0.003211468458175659,-0.005356641899561509,-0.026933472603559494,0.005988742410015649,0.566738486289978,0.5272897824645042,0.4796299636363983,0.018076140468185717,80.0,0.8665659427642822,0.26954784505069257,0.14469759166240692,0.13974741979370664,-0.005942549622239311,0.5543561762794852,80.0,5.382472526098602,10.787917278941723,515,0.31264710426330566,1.7454710006713867,0.5603547722101212,0.3076015114784241,0.2753326650008373
0.015442723408341408,-0.004535503487568348,-0.021418171003460884,0.005689569518605553,0.5178627371788025,0.4715565863996744,0.4372479319572449,0.016439771153222905,80.0,2.9378576278686523,1.2915310692042112,0.441590815782547,0.45197952364640076,-0.0059785139101732054,0.5540325189977885,80.0,5.1274220942026,10.277881869081407,516,0.3056983947753906,5.8848772048950195,2.601564271003008,0.9181124567985535,0.9011457462237201
0.00902378000319004,-0.0046100954583380375,-0.016426503658294678,0.005075923929027636,0.6302473545074463,0.5980404905974865,0.5570187568664551,0.013595340050966503,80.0,1.3690755367279053,0.5354215577244759,0.33051109313964844,0.20691206720801034,-0.006001498003053713,0.5545398052632808,80.0,5.020681992492638,10.064457779828459,517,0.30693793296813965,2.7454400062561035,1.0920241206884385,0.6911298036575317,0.4089921806103187
0.014878746122121811,-0.004936733847716823,-0.027424976229667664,0.008031227247674667,0.6835795640945435,0.6358154088258743,0.5843411684036255,0.01848543099826413,80.0,5.991028785705566,2.7855332091450693,1.6041574478149414,0.8580553075505953,-0.005980404708796413,0.5550225537717343,80.0,5.040665714497677,10.104392692085355,518,0.30901455879211426,11.994844436645508,5.593656188249588,3.2649776935577393,1.7091944439330513
0.002309061586856842,-0.0010911914054304362,-0.007565796375274658,0.0018324940320437666,0.5647019743919373,0.5145018413662911,0.48391401767730713,0.015083871499002614,80.0,40.344852447509766,14.614988726377486,2.621333360671997,8.702091614075552,-0.0059180695260001815,0.5548247559331357,80.0,5.181785716212355,10.386504070993512,519,0.30465102195739746,80.69886779785156,29.242450046539307,5.2500104904174805,17.40415931903196
0.020037434995174408,-0.0054453741729957985,-0.023630287498235703,0.008299147822907546,0.5280170440673828,0.49637140445411204,0.44893622398376465,0.016554459945349185,80.0,2.2054731845855713,1.1956749573349952,0.6259983777999878,0.2999246355873683,-0.005883054050151259,0.55451131651178,80.0,5.189533825526945,10.401923989795147,520,0.31194281578063965,4.42517614364624,2.4121680840849877,1.2644455432891846,0.5950097519940324
0.01038486696779728,-0.0023518556205090134,-0.015289481729269028,0.004368173238868686,0.5469340085983276,0.49615229293704033,0.45894330739974976,0.01630922500006188,80.0,21.93002700805664,6.396377323567867,1.6021177768707275,4.990777208695524,-0.005868022592330819,0.5542490409053863,80.0,5.2488690418647606,10.520559114608911,521,0.3066854476928711,43.866519927978516,12.807381457090377,3.211595058441162,9.980934234500603
0.014911926351487637,-0.007753119140397757,-0.025866245850920677,0.007513535374124357,0.5849343538284302,0.5612840294837952,0.5300822257995605,0.010303310419822827,80.0,19.681488037109375,5.691410158574581,1.3325510025024414,4.6097224858919725,-0.0058586880711955025,0.5548635398522019,80.0,5.301246871580371,10.625308394644408,522,0.34667468070983887,39.39785385131836,11.409552201628685,2.6849889755249023,9.21839080071846
0.011850578710436821,-0.004875499609624967,-0.019206121563911438,0.006398356264600735,0.5882922410964966,0.5519744545221329,0.511651873588562,0.014169425264178245,80.0,22.606847763061523,7.0653175741434096,1.8994226455688477,4.964541341811898,-0.005798259622126353,0.5546922762468457,80.0,5.363822058633901,10.750334485609082,523,0.3395674228668213,45.249454498291016,14.151425540447235,3.8201122283935547,9.932157166908796
0.014659557491540909,-0.0048032771097496155,-0.019387684762477875,0.00708429872694025,0.5253106355667114,0.4843015789985657,0.45495617389678955,0.0154121347895483,80.0,31.212703704833984,9.794144421815872,2.069612741470337,6.670188153856416,-0.00579763782711234,0.553907409504056,80.0,5.457393798961303,10.93746102507785,524,0.4471864700317383,62.43920135498047,19.607581400871275,4.147194862365723,13.340247054128744
0.00608502421528101,-0.00921753958100453,-0.028943674638867378,0.007855798750055196,0.5930482149124146,0.5622395545244216,0.5230927467346191,0.0147436710309725,80.0,2.0411601066589355,0.7038381189107895,0.3869398534297943,0.2539763645851936,-0.005834305871452671,0.5539047173261643,80.0,5.461426414472051,10.945599538341163,525,0.3028693199157715,4.093113899230957,1.437356109917164,0.8150771856307983,0.5020941807205197
0.00817146897315979,-0.011411064444109798,-0.0364069789648056,0.008953123116601083,0.5931406021118164,0.559920746833086,0.5269185304641724,0.015428874967232654,80.0,1.390993595123291,0.6250651020556688,0.37984880805015564,0.18850197834612098,-0.005931201938539743,0.5541286124140025,80.0,5.452545046635903,10.928035072728992,526,0.3274509906768799,2.7936599254608154,1.2841507524251938,0.8060824871063232,0.37002833047039146
0.007882950827479362,-0.009026766882743686,-0.026950035244226456,0.007082991541845027,0.5649991035461426,0.5288992926478386,0.5024203062057495,0.016693143906283646,80.0,0.6102597713470459,0.2966077793389559,0.18261827528476715,0.09924778680756725,-0.005977587045490509,0.553498137459159,80.0,4.713468606528826,9.449962356649337,527,0.34684014320373535,1.230492115020752,0.6218470729887485,0.3967711627483368,0.1913660240247677
1.862645149230957e-08,-0.022963523271027953,-0.04228222742676735,0.010178502756158964,0.6150871515274048,0.5792911171913147,0.5323617458343506,0.015742389042606407,80.0,2.9622981548309326,1.1184337683022023,0.5705562829971313,0.41859791531994983,-0.006196182589599629,0.5530415013730527,80.0,4.194354187135585,8.41216157814115,528,0.34064793586730957,5.937395095825195,2.294380414485931,1.2255165576934814,0.8239142501000271
0.017505526542663574,-0.0048732476949226115,-0.02361816167831421,0.0067700151928299784,0.5505550503730774,0.5217352695763111,0.4903753101825714,0.01232462453047074,80.0,1.4602265357971191,0.27922444567084315,0.10964865237474442,0.22981238216663777,-0.006221868546650511,0.552850488241762,80.0,3.8707202312024305,7.7649412135984734,529,0.3389577865600586,2.930694341659546,0.5786300925537944,0.24806095659732819,0.4555411950974339
0.012844536453485489,-0.0031516698305495082,-0.018967190757393837,0.006106720723605227,0.5823819637298584,0.5450823307037354,0.504835844039917,0.019484357903928978,80.0,1.399936556816101,0.5408033119514585,0.24890975654125214,0.22181025482736255,-0.006212450619961601,0.5525708452872933,80.0,3.799849171905778,7.623174666641279,530,0.34080958366394043,2.8108673095703125,1.0988116182386876,0.5241389274597168,0.4403829386382942
0.025378752499818802,-0.0005923330085352063,-0.014495663344860077,0.00727267140078234,0.6273687481880188,0.5785528689622879,0.5310419797897339,0.019668488575849137,80.0,0.8976734280586243,0.29669968523085116,0.19239073991775513,0.12984099078791606,-0.006107105608680285,0.5527576310895383,80.0,3.706430454763584,7.43613027735613,531,0.33580851554870605,1.8065650463104248,0.6061550937592983,0.39717912673950195,0.25657455790684797
0.023109445348381996,-0.008963684737682342,-0.03653104975819588,0.0120329364472575,0.6354999542236328,0.576101004332304,0.5400738716125488,0.01617338156109836,80.0,1.0307538509368896,0.35173705238848924,0.19760648906230927,0.1763670023678861,-0.006168109700840433,0.5533375458754599,80.0,3.5854295096145936,7.1942619936410335,532,0.3470327854156494,2.0935263633728027,0.732923499122262,0.4535326659679413,0.3474329153916092
0.0023983120918273926,-0.0057354666059836745,-0.01941440999507904,0.004730726382939675,0.5594677329063416,0.5099077694118023,0.4541422426700592,0.020295167648749207,80.0,2.2205123901367188,0.5773896841332317,0.18377968668937683,0.37571116141126987,-0.006203019689652137,0.5528950987942518,80.0,3.4488406429914757,6.921145230880006,533,0.3432481288909912,4.451739311218262,1.1764484580606223,0.3836904764175415,0.7469937028069535
0.007061436772346497,-0.003686951647978276,-0.013680800795555115,0.0046771674596236025,0.556829571723938,0.524676513299346,0.4805945158004761,0.01716796062492107,80.0,2.409069538116455,1.2939699009060859,0.711864709854126,0.32926870235149264,-0.006197156605485361,0.55293726368621,80.0,3.296768794435076,6.61699065057002,534,0.349031925201416,4.828946113586426,2.6058072254061697,1.4464576244354248,0.6571483813435537
0.02093684673309326,-0.008175032591680065,-0.02207823097705841,0.008253583182103884,0.6560392379760742,0.6159118577837944,0.5759602785110474,0.014597634791867264,80.0,1.3962594270706177,0.5452064365148545,0.25595712661743164,0.22562423003466178,-0.0062644916004501285,0.5536012988872826,80.0,3.2474780688760796,6.5185571491997685,535,0.3439340591430664,2.804832696914673,1.1190811775624752,0.5608123540878296,0.444747982173924
0.009624898433685303,-0.005248163547366858,-0.021351126953959465,0.006810453245039698,0.6523574590682983,0.5967639148235321,0.5502880811691284,0.020531610601759395,80.0,34.813602447509766,11.704909271001815,3.464679479598999,6.9604745399380805,-0.006233349771355279,0.5541533798985183,80.0,3.3551495864680034,6.733848941607399,536,0.35059666633605957,69.63093566894531,23.432250076532362,6.970670700073242,13.919361669891279
0.008571086451411247,-0.004307784111006185,-0.015109852887690067,0.005239851609709648,0.5865942239761353,0.5499110415577888,0.5188115835189819,0.013198284854376203,80.0,18.72913360595703,5.1775515146553515,0.9480053782463074,5.031260464023373,-0.006244551603216678,0.554063335198909,80.0,3.39904802571889,6.82166642283462,537,0.3421759605407715,37.471923828125,10.374716821312905,1.9335381984710693,10.058840051357512
0.0060435570776462555,-0.007357107102870941,-0.021470973268151283,0.00611611082541382,0.5161073803901672,0.4917037099599838,0.45336657762527466,0.012163247304015983,80.0,3.012117385864258,1.6822177648544312,0.8562955856323242,0.4338756255738093,-0.0061558087514131336,0.5532017566300929,80.0,3.410211973856203,6.84379960183613,538,0.3374638557434082,6.034706115722656,3.3889838233590126,1.729745626449585,0.8667464348726522
0.00333569198846817,-0.0033295393572188915,-0.019552435725927353,0.004488664050924013,0.5486842393875122,0.5057523727416993,0.4767134189605713,0.012571323149748362,80.0,23.334138870239258,6.1713096991181375,1.4565801620483398,4.9297849387793615,-0.00612457431544317,0.5527641333304346,80.0,3.465658677284606,6.954621787233277,539,0.33673739433288574,46.68145751953125,12.359393513202667,2.942141532897949,9.857295073639392
0.004288779571652412,-0.011534981604199857,-0.029159899801015854,0.008894153928363497,0.6002770662307739,0.560726834833622,0.5290496349334717,0.013682367310284497,80.0,20.446971893310547,6.639410233497619,1.6112679243087769,4.749818701111683,-0.0061536456783651385,0.5535484143868089,80.0,3.5241762569705024,7.071730774482711,540,0.3349642753601074,40.92496871948242,13.313104915618897,3.265738010406494,9.497455766332642
0.00880449265241623,-0.004329040186712518,-0.018598150461912155,0.005323184512621752,0.5796719193458557,0.543257787078619,0.48965513706207275,0.01597111161941388,80.0,21.02473258972168,6.124043436348439,1.4370496273040771,4.817066020512392,-0.006143318239162909,0.5532115211039781,80.0,3.570241213896312,7.163833296423778,541,0.34599900245666504,42.06134796142578,12.26761019229889,2.904554843902588,9.634920807018958
0.021389631554484367,-0.0033718539983965457,-0.02034405991435051,0.007747266724003252,0.5181862711906433,0.47540233284235,0.43505728244781494,0.016402806012601533,80.0,35.509273529052734,9.91119306087494,1.3154473304748535,6.993814308215945,-0.006011953000474023,0.5519635496437549,80.0,3.666252786886878,7.35556875266321,542,0.2584385871887207,71.04627227783203,19.838637894392015,2.639009475708008,13.986075994482137
0.006242983043193817,-0.005700224702013657,-0.018415536731481552,0.005989486578389942,0.5952816009521484,0.548804783821106,0.5119105577468872,0.014440641537895513,80.0,2.2060625553131104,0.618952440470457,0.3215789496898651,0.33217627918143594,-0.005855766975815642,0.5516434796825052,80.0,3.6669470587959516,7.356638522995635,543,0.2162938117980957,4.4219183921813965,1.2602814249694347,0.6778731942176819,0.6591318415944439
0.01606295257806778,-0.007089979661395773,-0.028393881395459175,0.008638063661094498,0.6071875691413879,0.5651943020522594,0.5278804302215576,0.016475505777597,80.0,0.9957048892974854,0.4729520808905363,0.26726776361465454,0.13467625050487544,-0.005878670081292513,0.5518659733235836,80.0,3.6542521000383426,7.3312988615985955,544,0.21779346466064453,2.0107507705688477,0.9713880099356175,0.577568531036377,0.2628515888788958
0.00807182863354683,-0.007712527213152498,-0.02830228954553604,0.007255397753377535,0.5614293813705444,0.5066593449562788,0.46297144889831543,0.018726226606892552,80.0,1.2486495971679688,0.37108756620436906,0.18124854564666748,0.19845284791144338,-0.005854015048331349,0.5509676099233329,80.0,3.646258583423682,7.315244551068172,545,0.21502947807312012,2.5006377696990967,0.7677333727478981,0.4051835238933563,0.3895648404542667
0.00783618912100792,-0.009657243819674477,-0.029138579964637756,0.007568559849729668,0.596447765827179,0.553151298314333,0.5106672048568726,0.017448096372436352,80.0,0.7660832405090332,0.3593170946463943,0.22616268694400787,0.12370922083566206,-0.005897176553407918,0.550376908596605,80.0,3.628365703496151,7.279533300345762,546,0.21669983863830566,1.5424370765686035,0.7490117058157921,0.4948640465736389,0.24003403561985512
0.005937410518527031,-0.00705860008019954,-0.02839469723403454,0.008072649103895468,0.5319898724555969,0.4898577742278576,0.4461129605770111,0.018158296863848025,80.0,2.432255506515503,0.3869889048859477,0.1358228176832199,0.36315574204421075,-0.005963549724634505,0.5500266417600215,80.0,3.4518831768045204,6.926693988533689,547,0.22046542167663574,4.871278762817383,0.7978921677917242,0.3377099931240082,0.719741856003892
0.043469544500112534,-0.005242309131426736,-0.024172089993953705,0.008931041368947255,0.6055130362510681,0.5538699217140675,0.5032389163970947,0.019021875187813744,80.0,1.7913486957550049,0.4460791129618883,0.21786630153656006,0.27180314738532796,-0.005917116405820708,0.5499096254669129,80.0,3.446381549418904,6.915595526823774,548,0.21627283096313477,3.5846807956695557,0.9137202464044094,0.4690341353416443,0.5347901160257721
0.010715076699852943,-0.008797239366685972,-0.028206657618284225,0.009235422529427216,0.6442669630050659,0.6102383561432362,0.5687270164489746,0.01717942445699749,80.0,0.3948218822479248,0.2127093540504575,0.1386285424232483,0.05510746633018332,-0.005943570682691642,0.5506426229514182,80.0,3.432081684279255,6.8870633651334785,549,0.20949411392211914,0.8044484853744507,0.45521795377135277,0.3206785023212433,0.10205239637896028
0.027536451816558838,-0.00534049368579872,-0.028685003519058228,0.009146006181611887,0.6443288326263428,0.5772130951285362,0.5243738889694214,0.0181213764786008,80.0,1.199110507965088,0.4232890078797936,0.1741311252117157,0.18873867781659234,-0.005985942694969708,0.5507790565155446,80.0,3.300948131051846,6.624883732011541,550,0.1898047924041748,2.3813140392303467,0.8688032645732164,0.4145849347114563,0.3674284167124284
0.013394288718700409,-0.0038281008484773336,-0.016130521893501282,0.0046958251049852885,0.5303385257720947,0.4862583812326193,0.42929449677467346,0.02156738764482949,80.0,1.4232844114303589,0.5541407860815525,0.2753763496875763,0.1986040997092349,-0.00596809553480125,0.550546699181199,80.0,3.234977652986534,6.492902433460578,551,0.17342615127563477,2.856527090072632,1.1256629332900048,0.5803521871566772,0.39438660021673977
0.004446852952241898,-0.004819587612291798,-0.018828414380550385,0.004803545749347133,0.5979440808296204,0.549967522919178,0.49727892875671387,0.01922994915585232,80.0,2.1224591732025146,1.1283996723592282,0.5530035495758057,0.30828698027742985,-0.005938559042086127,0.5512696731649338,80.0,3.1260180301787335,6.274938574304803,552,0.17956781387329102,4.257123947143555,2.2774378642439843,1.1365386247634888,0.6132075833285953
0.0070258695632219315,-0.0031131665629800407,-0.017540112137794495,0.004524960327910772,0.6301937103271484,0.5881441116333008,0.5512564182281494,0.016688339037676123,80.0,2.4955875873565674,1.4273468643426894,0.6672017574310303,0.39330764856685146,-0.005842918858485063,0.5516315477453171,80.0,3.1325320451194427,6.287782561337576,553,0.17480254173278809,5.003948211669922,2.8726829499006272,1.3505887985229492,0.7863591084013997
0.0013782605528831482,-0.0016901430615689605,-0.00577180553227663,0.001845123878509679,0.5709943175315857,0.528690604865551,0.4787887930870056,0.016154865202032687,80.0,31.526517868041992,13.020352855324745,3.2311413288116455,7.6046507130370555,-0.005790966120810481,0.5513234101347624,80.0,3.251574798927643,6.525757999410854,554,0.1772782802581787,63.07051467895508,26.054659670591356,6.4757208824157715,15.209027380355248
0.03481400012969971,-0.006945459573762492,-0.026097457855939865,0.012023706125224774,0.5595120191574097,0.5187020551413297,0.48338955640792847,0.01800733252655452,80.0,18.0519962310791,4.248881368339061,0.6672444939613342,4.488959605917858,-0.0058145298502931845,0.5512161960229277,80.0,3.2875644671591,6.597782319983468,555,0.18645048141479492,36.097023010253906,8.522027780115604,1.3718438148498535,8.969230901447643
0.006502047181129456,-0.0036459628958255053,-0.022487077862024307,0.005008030940200843,0.5798343420028687,0.5257286269217729,0.49166885018348694,0.016734406532551812,80.0,6.088305950164795,1.701478288322687,0.8476564884185791,0.9660041135090539,-0.005775729822140421,0.5514604023359716,80.0,3.29642764619831,6.6154359620865435,556,0.22951531410217285,12.189387321472168,3.420763073861599,1.7152132987976074,1.9286376578662212
0.0023523177951574326,-0.002224330630269833,-0.015900440514087677,0.0032773326654009683,0.4928072392940521,0.4506837882101536,0.41578274965286255,0.015419272975295363,80.0,22.35108757019043,7.163438159227371,2.0399296283721924,5.15552654679535,-0.005730068506964018,0.55053344187513,80.0,3.3648885620022195,6.752247932190077,557,0.22051358222961426,44.715248107910156,14.34033868908882,4.090338706970215,10.309146238526841
0.004412001930177212,-0.0020824694191105666,-0.011864379048347473,0.003173475651007177,0.5697339773178101,0.5214889798313379,0.4764639735221863,0.017654659635424175,80.0,26.740333557128906,10.137798228859902,2.0570425987243652,6.673986643590526,-0.005681980556983035,0.5503719843961299,80.0,3.4609462975701315,6.944263998838142,558,0.2241206169128418,53.49177551269531,20.29019123315811,4.119438171386719,13.347606867405778
0.003502240404486656,-0.002885286416858435,-0.013938349671661854,0.0034219998924963748,0.4889092445373535,0.4561340529471636,0.41416874527931213,0.014332608019303103,80.0,7.162553310394287,2.9603322565555574,1.4032866954803467,0.8874786675591207,-0.005660200250160416,0.5488346477374435,80.0,3.4839954275330522,6.99028795102425,559,0.22306394577026367,14.333539962768555,5.935557731986046,2.819697856903076,1.7726778648796024
0.00784895196557045,-0.0029920298315119,-0.01721946895122528,0.004797422996078219,0.5261924266815186,0.48850783705711365,0.44262832403182983,0.015895364458079698,80.0,38.11222839355469,8.750477455556393,1.14439857006073,7.580634167292047,-0.0056520306415623065,0.5476884502992034,80.0,3.5679627589909355,7.158183351514861,560,0.3190577030181885,76.23507690429688,17.516709202528,2.3066792488098145,15.160543428691998
0.004613544791936874,-0.006177570420550183,-0.02223445288836956,0.006034456643005579,0.4847026765346527,0.4512225858867168,0.412058562040329,0.014847560038643104,80.0,1.2362710237503052,0.6721300460398197,0.34284496307373047,0.1810055119037536,-0.005672148075012959,0.5468352409861982,80.0,3.5715798917738715,7.1654407878275945,561,0.33272433280944824,2.481544017791748,1.365639689564705,0.7173973321914673,0.3568285107114228
0.0013503693044185638,-0.005395433539524675,-0.01961369439959526,0.004780677336546762,0.5559763312339783,0.5192168328911066,0.4759766161441803,0.016018768637153673,80.0,3.813753843307495,0.9151280552148819,0.3130173683166504,0.48121829223844387,-0.0056088366793119356,0.5466467295475304,80.0,3.5701471919110044,7.162444995148105,562,0.335890531539917,7.6383161544799805,1.8514313094317913,0.6656979322433472,0.9585386226710352
0.01106953527778387,-0.007571600709343329,-0.035534635186195374,0.007549393824332474,0.5331798791885376,0.48842114470899106,0.4374999403953552,0.020328881742569638,80.0,0.6499770879745483,0.29899136554449796,0.16246747970581055,0.10916169849408998,-0.0056334461386431944,0.545512598529458,80.0,3.5649762999536474,7.152129747500641,563,0.33195972442626953,1.3103759288787842,0.6228943601250648,0.34825170040130615,0.21035684973321606
0.004691362380981445,-0.010678010346600786,-0.03213964402675629,0.006946115173391204,0.562387228012085,0.5167242117226124,0.4677885174751282,0.020206434517164053,80.0,1.64767587184906,0.5387625668197871,0.30749282240867615,0.22459797464663991,-0.005680658214143478,0.544304497808218,80.0,3.5546166408443822,7.131480691267177,564,0.3314483165740967,3.3069558143615723,1.1092156328260898,0.6736710071563721,0.44284566065188724
0.036854252219200134,-0.013244334526825696,-0.037595752626657486,0.014948038528099011,0.5111061334609985,0.4612785927951336,0.4147663116455078,0.017170421900088363,80.0,1.7787059545516968,0.47653152626007794,0.18773604929447174,0.3653069976210625,-0.005804656993597747,0.5436305542588233,80.0,3.3920549525087704,6.806591835608707,565,0.33757996559143066,3.5661025047302246,0.98877729550004,0.44129496812820435,0.7180459944501689
0.015546843409538269,-0.0047351366985822095,-0.017532579600811005,0.006543687860943832,0.5534860491752625,0.5152116980403662,0.46638399362564087,0.01959023930458947,80.0,2.879976272583008,1.0048560224473477,0.31775879859924316,0.5047957059011742,-0.0056419367078051445,0.5429956313930452,80.0,3.3918344963556164,6.805812784260139,566,0.3343634605407715,5.77076530456543,2.029486544430256,0.6752848029136658,1.0046891438072592
0.025295285508036613,-0.001168869825778529,-0.02297566458582878,0.008550418735181288,0.5741021037101746,0.5341363679617643,0.49092811346054077,0.018579477834193184,80.0,0.7742692232131958,0.2580110328271985,0.14703886210918427,0.09962049934418578,-0.005599961183179403,0.5427946369051933,80.0,3.377333288640716,6.776722397891806,567,0.3401222229003906,1.5582637786865234,0.5290425352752208,0.2851271629333496,0.19734731609555983
0.0036440007388591766,-0.02144584165944252,-0.04499000310897827,0.012854994209466097,0.5907493829727173,0.5124379448592663,0.4037153422832489,0.03768858456169434,80.0,1.8499869108200073,0.5286279872059823,0.25705665349960327,0.3027479995269836,-0.005805167851387524,0.5426335110999644,80.0,3.293793034211733,6.610049080101775,568,0.34295010566711426,3.708077907562256,1.110396420955658,0.5818811655044556,0.5879758533939148
0.016095474362373352,-0.0018772629206068813,-0.014623429626226425,0.005968995832566698,0.5052856802940369,0.4615164790302515,0.41346532106399536,0.018428895198826283,80.0,1.8765528202056885,0.6275339249521494,0.31397655606269836,0.2736054255230278,-0.005799993772467133,0.5418950440436602,80.0,3.1870249255048115,6.396487743055449,569,0.338223934173584,3.7627038955688477,1.2680526979267597,0.6608397364616394,0.5442298082391331
0.012782236561179161,-0.011351165693486109,-0.034704964607954025,0.010970240109142142,0.5898478031158447,0.5510648392140866,0.5110713243484497,0.01542171536992468,80.0,2.1642842292785645,1.1797265402972699,0.6949079632759094,0.31713099696020247,-0.005893105025053956,0.5425851477496326,80.0,3.1135922556193547,6.249822427144275,570,0.3407258987426758,4.329410552978516,2.393176706135273,1.4126410484313965,0.6312350100983756
0.012370780110359192,-0.005977077357238158,-0.02221306599676609,0.0070558616528729745,0.6284966468811035,0.5801113553345203,0.5380890369415283,0.01856940451388155,80.0,3.4416842460632324,1.301282598078251,0.6715536117553711,0.563421906015951,-0.005879356114834082,0.5430016902573407,80.0,3.0852935631098233,6.193205875871703,571,0.3362162113189697,6.897397041320801,2.6261215835809706,1.3725244998931885,1.1216362537965323
0.03298914432525635,-0.0012677329941652715,-0.01536540500819683,0.005685596733614528,0.5476487278938293,0.49686484336853026,0.4498664140701294,0.018408316668455636,80.0,45.98759841918945,16.097842809557914,3.869835376739502,9.782757505573754,-0.005807619463943411,0.542108037751168,80.0,3.238431206368842,6.499319816170259,572,0.3328719139099121,91.97654724121094,32.20815839767456,7.746360778808594,19.56432841072806
0.0059426710940897465,-0.007070613221731037,-0.02391635999083519,0.007020384010999669,0.5150743722915649,0.4791141550987959,0.4387965798377991,0.016780993359118344,80.0,1.884671688079834,0.905633720010519,0.42590105533599854,0.3531985198174879,-0.005812953806715088,0.5407212758809328,80.0,3.2420785449566325,6.506597426792606,573,0.3410472869873047,3.8272545337677,1.8349909491837024,0.8743797540664673,0.7065181795700348
0.003269888460636139,-0.0065172150731086734,-0.019257571548223495,0.005656921807948366,0.5494810342788696,0.5083395678550005,0.4699198603630066,0.018217602970911573,80.0,2.2461729049682617,1.2793053366243838,0.8433314561843872,0.2851545165045328,-0.005841457208560314,0.5401187982298434,80.0,3.247637883220799,6.517761060332878,574,0.33560943603515625,4.49777889251709,2.5818118780851362,1.7095131874084473,0.5650792286410371
0.000853225588798523,-0.004771971341688186,-0.02104085125029087,0.004246027342639294,0.522797167301178,0.4835759576410055,0.44065356254577637,0.014801527069875213,80.0,22.05567741394043,6.415196692943573,1.423482894897461,4.7054689613077185,-0.005812736563209911,0.5391603300571443,80.0,3.3085062843272466,6.639421253168954,575,0.34179210662841797,44.12452697753906,12.84960897564888,2.871347427368164,9.408960438940912
0.022694161161780357,-0.0023910244752187284,-0.013276617974042892,0.006681458347271472,0.5397747755050659,0.4984987091273069,0.4554038345813751,0.016964855300930514,80.0,27.675626754760742,9.818453063070773,1.9157949686050415,6.162418398670403,-0.005765996218309738,0.5385061130560935,80.0,3.400078496455215,6.822459112005306,576,0.3377227783203125,55.35893630981445,19.65165810585022,3.8460216522216797,12.319004462138366
0.011429784819483757,-0.004338952078251168,-0.021939639002084732,0.005600987356149722,0.5057562589645386,0.46450299881398677,0.4221917986869812,0.019225813434402887,80.0,32.25906753540039,9.871525800228119,2.070894956588745,6.518954397622247,-0.005691526014183182,0.5370635273158549,80.0,3.4906613866155967,7.003447099098934,577,0.33550119400024414,64.52726745605469,19.76101946234703,4.165262222290039,13.037279840964201
0.015014894306659698,-0.011705047078430652,-0.03394806385040283,0.010137304339275795,0.5745699405670166,0.5274716049432755,0.48383432626724243,0.01963307837156951,80.0,0.8503748178482056,0.5578949548304081,0.3465607464313507,0.11337662352781624,-0.005760974535893184,0.5366072681695222,80.0,3.493532185941004,7.009318469578399,578,0.3325514793395996,1.7190585136413574,1.149749432504177,0.7448208332061768,0.21936457384711655
0.007865366525948048,-0.0055771816289052365,-0.015684522688388824,0.005761383207645112,0.5523282885551453,0.5155433762818575,0.47109657526016235,0.01598697502771426,80.0,1.0902329683303833,0.6256345696747303,0.373259037733078,0.13371434006927294,-0.005776338651543485,0.53646858118847,80.0,3.494962119556032,7.012206291319802,579,0.3359057903289795,2.187695026397705,1.2727343745529651,0.7775194644927979,0.2623214102406634
0.018212128430604935,-0.004826107621192932,-0.03092799335718155,0.007436895052388607,0.5499217510223389,0.5080753184854985,0.45133429765701294,0.02161277749731257,80.0,1.6498348712921143,0.5330907497555017,0.26900869607925415,0.2320265842081655,-0.005819604973890819,0.5365223505087195,80.0,3.422195112804882,6.866759885894135,580,0.3411595821380615,3.309614658355713,1.085995225608349,0.5623776912689209,0.46012148744734854
0.005841458216309547,-0.00354622938320972,-0.013563521206378937,0.003920119601520694,0.53703773021698,0.48411543406546115,0.4378470182418823,0.017947515086129007,80.0,2.0856375694274902,0.5411155667155981,0.26758864521980286,0.2408924944856961,-0.0057906072304467655,0.5356092422753571,80.0,3.419197032499127,6.8606874676737934,581,0.3343770503997803,4.177586555480957,1.0990058943629264,0.5666515231132507,0.47857183628605476
0.00546564906835556,-0.016562631487613545,-0.03734695911407471,0.010272132182293772,0.6149075031280518,0.5681324087083339,0.5276998281478882,0.01689510471709692,80.0,0.7405588030815125,0.25678802095353603,0.13029220700263977,0.1382190619060355,-0.00591621828044299,0.535203617222607,80.0,3.333486755772493,6.689510023428126,582,0.3404684066772461,1.4930475950241089,0.5580639515072108,0.3112126588821411,0.2634112526153258
0.005965761840343475,-0.004424918693257496,-0.01720908284187317,0.0045655278959102945,0.5607774257659912,0.511060418188572,0.469856858253479,0.01907904969678644,80.0,2.743535280227661,0.601493208669126,0.1536514163017273,0.47957487687258177,-0.005955978981568477,0.5352004503905773,80.0,3.1795441205548114,6.381704210566356,583,0.34346795082092285,5.495234489440918,1.2220574591308833,0.32898473739624023,0.9576842360504434
0.006891889497637749,-0.007059235501219519,-0.028639012947678566,0.006508869468831671,0.6581999063491821,0.6050815552473068,0.5513094663619995,0.0171314575448845,80.0,2.0818099975585938,0.536336063221097,0.23274856805801392,0.32609974101871,-0.005943679460469865,0.5361385531947017,80.0,3.1738796082446346,6.370369348959996,584,0.3702120780944824,4.175847053527832,1.0988922208547591,0.5124173164367676,0.646286190812904
0.010035708546638489,-0.005596405221149325,-0.024076633155345917,0.006770222317298296,0.6133298277854919,0.560426214337349,0.5171765089035034,0.017161932725376666,80.0,0.5838122963905334,0.25287224221974614,0.14381346106529236,0.08985532436694885,-0.005975599197292467,0.5365402734205127,80.0,3.1519278371212995,6.326537680527193,585,0.29726719856262207,1.184941291809082,0.5281458172947169,0.32893896102905273,0.1742733337143377
0.015115183778107166,-0.007018122100271284,-0.023909028619527817,0.007750224513431154,0.5907360911369324,0.5478669591248035,0.5062355995178223,0.0162149281986178,80.0,1.6282247304916382,0.26001730039715765,0.12325258553028107,0.21263546512171919,-0.006010524492914555,0.5364661293625832,80.0,3.0344274178994817,6.091605208514256,586,0.20053410530090332,3.275273561477661,0.5450281836092472,0.27777567505836487,0.42030000064359735
0.004821857437491417,-0.0041461845277808605,-0.01776900701224804,0.004689910386595117,0.5653233528137207,0.5212174117565155,0.46623772382736206,0.018257624154479887,80.0,1.456978440284729,0.5339472278952598,0.2733331322669983,0.2492740715268276,-0.005977882478240646,0.5362089298740029,80.0,2.9404751609964297,5.9036302659269415,587,0.1676626205444336,2.9240918159484863,1.0866111673414707,0.5632044076919556,0.49468075793500316
0.005936510860919952,-0.003666519880061969,-0.0160394087433815,0.004849848866589853,0.5081666707992554,0.47497758753597735,0.43551576137542725,0.014818828196236785,80.0,1.9037210941314697,1.0992618028074503,0.45370417833328247,0.3501855535281006,-0.0059974552984640465,0.5360507209338248,80.0,2.8442980448147286,5.711312015151605,588,0.1897737979888916,3.8259940147399902,2.2153562009334564,0.9124487638473511,0.6992681266785032
0.008217718452215195,-0.003406496188836172,-0.022010456770658493,0.004741846988622742,0.5818560719490051,0.546778229624033,0.5068472623825073,0.015235424670620152,80.0,3.309450149536133,1.5253955490887166,0.5324931740760803,0.49450794562094874,-0.005964230832498287,0.5360485257692634,80.0,2.852388661461883,5.727426755642517,589,0.22417140007019043,6.630109786987305,3.068539650738239,1.096231460571289,0.9871637594381161
0.010268863290548325,-0.0017525950446724893,-0.01356214564293623,0.00457444379054665,0.5484623908996582,0.5077723786234856,0.4769689738750458,0.013545898546012937,80.0,45.691070556640625,15.015490901470184,3.4622631072998047,9.655203742795337,-0.005925413103279424,0.5354206749238074,80.0,2.9950748138306666,6.01270886865817,590,0.19345402717590332,91.41545867919922,30.044642519950866,6.930643081665039,19.312349633813483
0.018915418535470963,-0.007120907923672348,-0.021591726690530777,0.006831229054159481,0.5365504622459412,0.5072619754821062,0.46396464109420776,0.013661642359023032,80.0,1.3458542823791504,0.7937708005309105,0.4538435637950897,0.18197291723061662,-0.005927535695460393,0.5345229846537114,80.0,2.9979403526773676,6.018426237700507,591,0.31103944778442383,2.701437473297119,1.6119286589324475,0.9233540892601013,0.3636012188048032
0.002208244986832142,-0.004013990011299029,-0.015335611999034882,0.003877477525081551,0.500537633895874,0.4599104754626751,0.4279484450817108,0.014474999425100252,80.0,5.727317810058594,2.3763272538781166,1.3058935403823853,0.8123273901044001,-0.005903433561587007,0.5338974325209856,80.0,3.017901432956569,6.058287683112549,592,0.2513127326965332,11.464073181152344,4.769880709052086,2.624793529510498,1.6212777666134723
0.014722410589456558,-0.003160895348992199,-0.023162126541137695,0.006682591811426721,0.5187876224517822,0.484114008769393,0.43986713886260986,0.01557775386590628,80.0,30.673601150512695,9.514568200707435,1.657757043838501,6.65968259246174,-0.005885409073060146,0.533246898662299,80.0,3.1103212638860573,6.2430782832894485,593,0.20817184448242188,61.35878372192383,19.045140272378923,3.3247056007385254,13.32013249570598
0.018731005489826202,-0.0038087349908892064,-0.0210876502096653,0.006941448338586517,0.5111468434333801,0.4734127141535282,0.4160769581794739,0.016194465553590547,80.0,20.223087310791016,6.220853371918201,1.7045682668685913,4.559258460848272,-0.005884894440037897,0.5326954249627889,80.0,3.1672998722726486,6.357023440683261,594,0.22414684295654297,40.4663200378418,12.458792409300804,3.42940092086792,9.119011360460076
0.0094942981377244,-0.0015506788215134293,-0.011336185038089752,0.0035584654322106373,0.4851531386375427,0.44130919203162194,0.40241068601608276,0.019101437405903546,80.0,31.757980346679688,9.465241998434067,1.8577260971069336,6.825539126780079,-0.005835570095892762,0.5310415088050068,80.0,3.2580505416812375,6.5383930515479305,595,0.21580076217651367,63.52418899536133,18.942411440610886,3.73410701751709,13.650593887351041
0.008467325940728188,-0.0067761341575533155,-0.023882534354925156,0.005883310273430882,0.5524991154670715,0.5013818923383951,0.47054585814476013,0.015777744957399975,80.0,0.9483776688575745,0.5231229297816753,0.26076540350914,0.1442482838465584,-0.005826045856607379,0.529995872862637,80.0,3.25989447913412,6.542040965212509,596,0.3190453052520752,1.9181541204452515,1.0698257640004158,0.5573211312294006,0.2834537231166975
0.01166834868490696,-0.005631173646543175,-0.021226730197668076,0.006985589539911535,0.5209451913833618,0.48879772461950777,0.4599143862724304,0.01330735661693646,80.0,1.4014986753463745,0.6171066917479038,0.3610709607601166,0.16910689159185288,-0.0058258592912752635,0.5294251110367477,80.0,3.2633461716920134,6.548932561969384,597,0.29303765296936035,2.812826156616211,1.2552516840398311,0.7162109017372131,0.33327386778947227
0.010970138013362885,-0.005923475488089025,-0.021317828446626663,0.006550569224027821,0.5271514058113098,0.47830735333263874,0.4325464367866516,0.020289824892804592,80.0,1.0936522483825684,0.3073943849653006,0.15495780110359192,0.16248863555373705,-0.005849524294986622,0.5292581301629543,80.0,3.252088221091776,6.526460651123895,598,0.3249237537384033,2.1962337493896484,0.6362018678337336,0.3357391953468323,0.3193900208151107
0.009592234157025814,-0.0032728435413446277,-0.01767268031835556,0.005947926302111539,0.5009057521820068,0.44278145357966425,0.37568897008895874,0.02440717683099429,80.0,2.532073736190796,0.5554146930575371,0.270601749420166,0.31495459285800675,-0.005832122485764557,0.5280113749131561,80.0,3.248188778769224,6.518602027872578,599,0.3256537914276123,5.0784220695495605,1.1262306988239288,0.5751005411148071,0.6276945895371473
0.015493713319301605,-0.009067534084897489,-0.029719501733779907,0.008758164936855542,0.5772814154624939,0.524594658240676,0.4727920591831207,0.020469763740559043,80.0,0.5267660617828369,0.21587262246757746,0.12141460180282593,0.0838659788765242,-0.005878929365513613,0.527015738736838,80.0,3.1775817820634695,6.377461734851823,600,0.3160593509674072,1.0620579719543457,0.46037220768630505,0.27192044258117676,0.15917937653692435
0.00308048352599144,-0.009902892931131646,-0.02752802148461342,0.006815113106285339,0.5187392830848694,0.46141067147254944,0.4102499186992645,0.01924463197786306,80.0,1.6881004571914673,0.3709511125460267,0.1288694143295288,0.3084876071822525,-0.00596769221193972,0.5264602121114731,80.0,3.0235806338638067,6.069625853722917,601,0.31896352767944336,3.3854501247406006,0.7709362253546714,0.30282270908355713,0.6088642113053585
0.0028942376375198364,-0.01793795609846711,-0.04851868003606796,0.012514566175627385,0.6005853414535522,0.5656872794032097,0.5176048278808594,0.01938342462788307,80.0,0.9735590219497681,0.4963012084364891,0.28572210669517517,0.13445867124669514,-0.00608501215800061,0.5269100833088158,80.0,3.014019895389676,6.050748014098035,602,0.3389558792114258,1.9582860469818115,1.0397920727729797,0.6353374123573303,0.2551641693490927
0.011707205325365067,-0.012162009364692495,-0.03689785301685333,0.009952579881920057,0.5872687697410583,0.5485140845179558,0.5052657127380371,0.017676102032049997,80.0,0.611536979675293,0.32876511886715887,0.17869989573955536,0.08396080036650662,-0.006174927671643671,0.526869197525084,80.0,2.9975539045631887,6.017995045317337,603,0.3314206600189209,1.234205722808838,0.692824537307024,0.39180222153663635,0.16023605012530584
0.0203191339969635,-0.008393186092143878,-0.028890347108244896,0.010389874229445283,0.5774871110916138,0.5331502638757228,0.4885956645011902,0.01806874107850518,80.0,1.3512159585952759,0.35746202766895296,0.15357762575149536,0.17854355421510948,-0.006233816184947501,0.526469627790153,80.0,2.8855761623978617,5.794149346867577,604,0.33448243141174316,2.713125228881836,0.7423734333366155,0.3544872999191284,0.35143947597064695
0.008029911667108536,-0.005155560397543013,-0.021676382049918175,0.005622078910018609,0.5755856037139893,0.524331645295024,0.4794962406158447,0.017558640955480365,80.0,2.204279899597168,0.9043810799717903,0.5175915360450745,0.27136331026232474,-0.006201293161866489,0.5258467954732478,80.0,2.7975256942361595,5.6179709083084015,605,0.3235337734222412,4.418495178222656,1.8295599088072776,1.0664128065109253,0.5389891720036657
0.025101810693740845,-0.005619265435962006,-0.023350020870566368,0.009004785192694851,0.5753224492073059,0.5355383139103651,0.48984697461128235,0.017680785535436606,80.0,1.1112985610961914,0.521277778968215,0.27982640266418457,0.16640259373620378,-0.006213171188806884,0.5260479649305343,80.0,2.699679462295026,5.4223062243778255,606,0.35234594345092773,2.2325496673583984,1.0645048566162587,0.5956041216850281,0.32821157227684333
0.012244198471307755,-0.010084032715531066,-0.035562388598918915,0.009329255898635947,0.607218861579895,0.5768682442605495,0.547713041305542,0.013291740321859579,80.0,8.121626853942871,3.1706837832927706,1.7190502882003784,1.0393094694357365,-0.006207018455985236,0.5262201184332371,80.0,2.725520822633058,5.4739800826031715,607,0.34709978103637695,16.254833221435547,6.373072990775109,3.4842119216918945,2.0747448622211793
0.01063237152993679,-0.0020732076663989574,-0.013171758502721786,0.004501633467815918,0.640454888343811,0.612580431252718,0.58001309633255,0.01379746738066054,80.0,36.84589385986328,15.495241802930831,2.612889528274536,8.594535165753722,-0.006185041141900002,0.526607780009508,80.0,2.873281991753727,5.769466218711808,608,0.33738183975219727,73.71163177490234,31.006881552934647,5.238923072814941,17.18857938897456
0.012998622842133045,-0.007358536630636081,-0.023077374324202538,0.00753749211311571,0.6173745393753052,0.5810774341225624,0.5504586696624756,0.01344898383230112,80.0,3.030755043029785,1.4833582937717438,0.7670064568519592,0.36702406763383755,-0.006144133929308737,0.5266077273488046,80.0,2.884699742456898,5.792219904506578,609,0.41628360748291016,6.073417663574219,2.9930551990866663,1.546631097793579,0.7332539834324974
0.010031013749539852,-0.004291568300686777,-0.02039908617734909,0.006228198318401385,0.5126413106918335,0.47493865080177783,0.44468995928764343,0.014031205398668773,80.0,26.427595138549805,6.341741706430912,1.3216253519058228,5.03459355614189,-0.006125571462471272,0.5258654210828244,80.0,2.943339064402506,5.909446578020229,610,0.30796337127685547,52.877685546875,12.701565393805504,2.6645803451538086,10.069137479889905
0.013997359201312065,-0.004516254208283499,-0.020435068756341934,0.007115367585317714,0.5782824754714966,0.5517983235418796,0.5133712291717529,0.013978349557813761,80.0,53.037567138671875,14.28796706199646,2.6345534324645996,11.691170571989485,-0.006102171404665569,0.5260268174447118,80.0,3.0832803674209868,6.189285612082109,611,0.29636406898498535,106.08584594726562,28.596002620458602,5.301087856292725,23.37943752221326
0.011028436943888664,-0.001952965318923816,-0.02502758800983429,0.0065958534467957415,0.6063494682312012,0.556897658854723,0.51701819896698,0.017319670719028915,80.0,47.16718292236328,10.701531901955605,2.8702166080474854,8.683064806317029,-0.006076292635843857,0.5260490686111152,80.0,3.18619292671606,6.395059417208656,612,0.17472124099731445,94.34648132324219,21.41810759305954,5.74724006652832,17.364330529719034
0.008797651156783104,-0.004263685952173546,-0.01866202801465988,0.006147444934515693,0.534974992275238,0.49508447796106336,0.4491922855377197,0.016424672536122762,80.0,32.236698150634766,9.802173128724098,1.8513777256011963,7.130898280391851,-0.006070659701508703,0.5248429482541979,80.0,3.279837115965784,6.582312406672164,613,0.1755356788635254,64.49581146240234,19.62277524471283,3.7202796936035156,14.262657600804387
0.023634083569049835,-0.006581880029989407,-0.0299479179084301,0.008082338110727543,0.6327664852142334,0.5822762541472912,0.5443955659866333,0.0165205023325019,80.0,2.0621798038482666,0.5999747388064861,0.3119395971298218,0.29248850966831874,-0.006097470528649865,0.5248520138897002,80.0,3.2804393954332927,6.583570768622681,614,0.18114686012268066,4.1357879638671875,1.2247587688267232,0.6459268927574158,0.5784815619537628
0.012260224670171738,-0.00744830738985911,-0.02888736128807068,0.0073482316794788805,0.505915641784668,0.46239630728960035,0.4227689802646637,0.01598501572643903,80.0,0.7668144702911377,0.4314355529844761,0.2732836604118347,0.1021203685650812,-0.006118387183552842,0.5242030791379512,80.0,3.2820582725126304,6.586837377345189,615,0.2344975471496582,1.54618239402771,0.8870156444609165,0.5653095245361328,0.19770824606812268
0.006938733160495758,-0.007353800878627225,-0.022389408200979233,0.006204883727620405,0.5485992431640625,0.49913728013634684,0.45553189516067505,0.020454993854231458,80.0,1.0596401691436768,0.2820563528686762,0.16595400869846344,0.14425039862546632,-0.00614657015746343,0.5244788860753179,80.0,3.2719635253492747,6.5667097651381034,616,0.3430757522583008,2.1294350624084473,0.5888030502945185,0.3631748557090759,0.28261283193812065
0.013211473822593689,-0.008507320005446673,-0.030794771388173103,0.008016813501442146,0.5699248313903809,0.5299113105982542,0.485178142786026,0.017173785704630334,80.0,1.2774951457977295,0.4046003643423319,0.22859886288642883,0.1670491656143671,-0.006185542402934515,0.5237975942753255,80.0,3.2706553134154537,6.564157659782096,617,0.20602059364318848,2.56564998626709,0.836813585087657,0.4905606806278229,0.32666348434352044
0.006956622004508972,-0.00524663821561262,-0.02113516442477703,0.00623895708291164,0.5252270698547363,0.47420759573578836,0.4177994728088379,0.021887213206490085,80.0,0.8699961304664612,0.2362801524810493,0.10588517785072327,0.14986017249933858,-0.0061886414466134744,0.5221815161444248,80.0,3.2451627828488125,6.513146475236862,618,0.3413581848144531,1.7498888969421387,0.49253773372620346,0.23133854568004608,0.2943984397066041
0.007527530193328857,-0.004555171635001898,-0.02202245406806469,0.00535510976668818,0.5294902324676514,0.47183542251586913,0.42315614223480225,0.020282385739675318,80.0,3.099846601486206,0.6373811449855566,0.22312042117118835,0.4910384610619513,-0.006223281248909188,0.5217548519559204,80.0,3.105386707034894,6.233655068181455,619,0.2526240348815918,6.211816787719727,1.2933093409985303,0.45204636454582214,0.9779542034260482
0.00836900807917118,-0.0061755369591992345,-0.022551873698830605,0.0066135149285551,0.5806794166564941,0.5333662800490856,0.46897971630096436,0.018293850366299526,80.0,0.8544601202011108,0.28371714260429143,0.1420571655035019,0.13669296468040742,-0.0062305828767712235,0.5221248007118703,80.0,3.0962671288875874,6.215437914226203,620,0.32911157608032227,1.71991765499115,0.5904526885598897,0.3256430923938751,0.2683886825517135
0.008301004767417908,-0.0037275343987857924,-0.019275812432169914,0.0050722252974014885,0.5738186836242676,0.5359463483095169,0.4972984194755554,0.01772515136745742,80.0,1.0053995847702026,0.4550047403201461,0.16275355219841003,0.17703623293293647,-0.006244339664553991,0.522522741265595,80.0,3.03685340305511,6.09664593437314,621,0.30194687843322754,2.019845724105835,0.9281834717839956,0.3750815689563751,0.35096572100938184
0.012662291526794434,-0.0055568654963281,-0.022918589413166046,0.007564461055379598,0.5503178238868713,0.5148706141859293,0.47256818413734436,0.015399579533346162,80.0,1.3700098991394043,0.448938000574708,0.20223502814769745,0.20385822919643337,-0.006222377128113294,0.5220586071126163,80.0,2.9844286814751104,5.991743283759803,622,0.19551563262939453,2.74739933013916,0.9192871402949094,0.43952903151512146,0.4012570197138539
0.008051328361034393,-0.003589389755507,-0.015664348378777504,0.004720748790385754,0.5277640223503113,0.4804696850478649,0.4357140064239502,0.016741542677967937,80.0,1.8425034284591675,0.6013166207820178,0.33769577741622925,0.2582951861451874,-0.006209516029572116,0.5213435594178736,80.0,2.9197886719414963,5.86242324249819,623,0.20596694946289062,3.6944875717163086,1.2194214142858981,0.6909773349761963,0.5130971379259401
0.02270818129181862,-0.009919254260603338,-0.03658300265669823,0.012637919851612773,0.5344767570495605,0.4931710474193096,0.4610040783882141,0.014886834151474527,80.0,5.212017059326172,1.5632150035351515,0.4776761531829834,0.8696259737463886,-0.006260675801080653,0.521432254102081,80.0,2.8374793777586893,5.6979087479449815,624,0.3451352119445801,10.432435989379883,3.1561319455504417,0.9645702838897705,1.7349860188420594
0.011510245501995087,-0.005844116921070963,-0.02098291739821434,0.006837180379617624,0.5493767261505127,0.5123157259076834,0.4611778259277344,0.018010837250743653,80.0,39.669403076171875,12.133655700087548,3.173614740371704,7.50988176762497,-0.006226941574481316,0.5209330158159137,80.0,2.951777553570457,5.926427647490055,625,0.35952210426330566,79.3453369140625,24.289246064424514,6.363402366638184,15.01646527623168
0.01918952539563179,-0.008249358250759542,-0.024851322174072266,0.008516005840311884,0.6205090284347534,0.579654897749424,0.5387045741081238,0.015353873399651599,80.0,19.44507598876953,6.770014324784279,1.699216365814209,4.621702621947705,-0.006195324512547815,0.521130357325077,80.0,3.013227045797743,6.04926734502986,626,0.24781012535095215,38.91136932373047,13.56812050640583,3.434938669204712,9.237968871250736
0.006876341998577118,-0.009139980806503445,-0.023096898570656776,0.006663008845316783,0.5575231313705444,0.5091953448951244,0.4680677056312561,0.015831333341775545,80.0,3.8236031532287598,2.080771158635616,1.2827919721603394,0.5013637812348916,-0.0061964566517854125,0.5209333178475499,80.0,3.0310686795907094,6.084948936056346,627,0.20348477363586426,7.652184009552002,4.1900061756372455,2.613035202026367,0.9983182470111707
0.010978291742503643,-0.001841077156132087,-0.013612017035484314,0.004226296530786502,0.5392535924911499,0.4816321562975645,0.4403921961784363,0.017780713760752007,80.0,24.20350456237793,6.200097979605198,1.612565279006958,5.1309268893851225,-0.005985232190636454,0.5199567282386124,80.0,3.0818853217037394,6.18614023930952,628,0.16863274574279785,48.42148208618164,12.413510739803314,3.233473300933838,10.26137235654454
0.011093635112047195,-0.004566547332797199,-0.024711454287171364,0.005944194619861737,0.5611293911933899,0.5234911393374204,0.48120424151420593,0.015731564352011968,80.0,34.883888244628906,10.151830117404462,1.8191920518875122,6.833423396972401,-0.005982165187015198,0.5199742869362235,80.0,3.180611378421075,6.38358657173626,629,0.20555996894836426,69.77742767333984,20.323263335227967,3.6410770416259766,13.667073351993741
0.007053587585687637,-0.006938300898764282,-0.02349492534995079,0.006567165007688926,0.6092760562896729,0.5523749105632305,0.5149132013320923,0.016756596188534815,80.0,18.834014892578125,6.472743502259254,2.1554417610168457,4.2738481149267695,-0.0060200314976973455,0.5200472127348185,80.0,3.239930780324154,6.502302567964418,630,0.21189188957214355,37.68921661376953,12.970411241054535,4.343001842498779,8.54488588583567
0.018883243203163147,-0.005922288203146308,-0.021355431526899338,0.007716481842525152,0.6094540953636169,0.5632980361580848,0.5244898200035095,0.018999986562304293,80.0,19.166521072387695,4.754304296523332,0.915996253490448,4.821949529598812,-0.006073331049643456,0.5198946644067765,80.0,3.2845068264370787,6.591558208419009,631,0.18755054473876953,38.36369705200195,9.53171913921833,1.8808479309082031,9.641530038829863
0.009429308585822582,-0.007148754701483994,-0.02425479330122471,0.006128168925410382,0.5904468894004822,0.5359899260103702,0.5009102821350098,0.015601099830499732,80.0,1.4037188291549683,0.7751349069178104,0.5087639093399048,0.16369112776751163,-0.006055181749281473,0.5194935536235572,80.0,3.288740804982372,6.59998184476234,632,0.1734943389892578,2.8181307315826416,1.5752871334552765,1.061110496520996,0.3220301534240298
0.010764185339212418,-0.004230095149250701,-0.017136868089437485,0.005508277409878494,0.5410531759262085,0.4969662051647902,0.4522009491920471,0.01721444292473457,80.0,1.855159044265747,0.6516259111464023,0.307258665561676,0.3029090646255912,-0.006040128034714143,0.519364137981087,80.0,3.289483167252504,6.601433873569593,633,0.20590734481811523,3.7210447788238525,1.3216513387858868,0.6369612216949463,0.6019647598635689
0.02358408458530903,-0.006561424711253494,-0.02155171148478985,0.007126525500614226,0.5542589426040649,0.5174295041710139,0.47758620977401733,0.01645030082600116,80.0,1.7836045026779175,0.5764228517189622,0.21677927672863007,0.28767788692138646,-0.0060688727653468956,0.5192916678898036,80.0,3.282307696760632,6.5871389727722836,634,0.21950221061706543,3.576107978820801,1.1763171456754207,0.461892306804657,0.5709819758222788
0.02101401798427105,-0.004442533542169258,-0.020983390510082245,0.008800000161808718,0.6148467659950256,0.5718031316995621,0.5199446082115173,0.01832355800446116,80.0,0.6776008009910583,0.2774244064465165,0.1456204205751419,0.12423382223661113,-0.006031547774851789,0.5188505806289613,80.0,3.2796298764599494,6.5816998604070385,635,0.32770752906799316,1.367181420326233,0.5751699410378933,0.3323824405670166,0.2434405051265452
0.020115196704864502,-0.004880329163279384,-0.026883941143751144,0.009141507900314495,0.5531105995178223,0.5129624769091606,0.47735095024108887,0.01738654551893376,80.0,1.1127872467041016,0.31855745473876595,0.12334594875574112,0.16272131613148133,-0.0060278694310109135,0.5180125662498175,80.0,3.1657663582973186,6.3539487077873185,636,0.3327000141143799,2.2358810901641846,0.6571348145604133,0.2893473207950592,0.31991686803518676
0.010408516973257065,-0.0011644040932878852,-0.015042316168546677,0.005462524407910009,0.5654650926589966,0.5194714281708002,0.46969830989837646,0.018108739842755486,80.0,2.4002933502197266,0.6537440661340952,0.2816094160079956,0.43132858475863756,-0.00599643563083373,0.5177081701159477,80.0,3.120528283812106,6.263403603238985,637,0.3308725357055664,4.800152778625488,1.3202063664793968,0.5764223337173462,0.858073176020429
0.012847165577113628,-0.006078277263441123,-0.029759027063846588,0.008195123762747903,0.5735330581665039,0.5316755417734385,0.4932878613471985,0.017821577665498026,80.0,0.8668072819709778,0.26795944925397636,0.16721433401107788,0.10560220583785339,-0.005983647332439433,0.5181078884340823,80.0,3.106385700656101,6.23510085468553,638,0.33191585540771484,1.7449395656585693,0.558708968013525,0.35567328333854675,0.2058689920888366
0.015844132751226425,-0.008253855706425384,-0.034491851925849915,0.00868901436499771,0.593187689781189,0.5551354683935642,0.5168764591217041,0.01577050839973,80.0,0.7055046558380127,0.28896586783230305,0.14606580138206482,0.1056029403154004,-0.006032890495931496,0.518601719390601,80.0,3.047562262343243,6.117562341110781,639,0.3287181854248047,1.422121524810791,0.6055421557277441,0.343034565448761,0.20209466923522867
0.007044827565550804,-0.007143753831041977,-0.023502036929130554,0.006434921777257433,0.5665655136108398,0.5108939994126558,0.4724058508872986,0.01822775473109835,80.0,1.931174874305725,0.4461258392781019,0.21403740346431732,0.3018604919969879,-0.005988978218199916,0.5181033910363912,80.0,2.985629418401048,5.993598862605169,640,0.3333096504211426,3.8749823570251465,0.9167570650577546,0.4486941397190094,0.5993318154175036
0.007901448756456375,-0.004033189371693879,-0.020608948543667793,0.006124846429335348,0.5128430724143982,0.4769614949822426,0.4358496069908142,0.015431499204272623,80.0,1.3427717685699463,0.5176655132323503,0.26023295521736145,0.2022569576295016,-0.00598601971004973,0.5174404281154276,80.0,2.9295656391698865,5.881452127033844,641,0.3330531120300293,2.6944589614868164,1.0529366351664067,0.5464286804199219,0.40047160447256
0.013641946017742157,-0.002432135664275847,-0.016370674595236778,0.005049718261187059,0.5265785455703735,0.4760949343442917,0.4388123154640198,0.014045404074989346,80.0,3.3606021404266357,1.6689371153712274,0.882948100566864,0.4219671153744994,-0.005976622526708522,0.5174473541304468,80.0,2.8471430797148503,5.716588352004064,642,0.26567673683166504,6.729386329650879,3.3522603914141653,1.773274540901184,0.8434907037275016
0.009320847690105438,-0.0017894935153890401,-0.014473911374807358,0.003611354258616074,0.5607609152793884,0.5266506720334292,0.4944128692150116,0.012036647113714095,80.0,38.222660064697266,14.513426768779755,2.92006254196167,8.317103720856624,-0.005937515214842277,0.51722581301257,80.0,2.986087822997943,5.9943951915372145,643,0.34616708755493164,76.4573974609375,29.040965378284454,5.869681358337402,16.63130647984934
0.007672719657421112,-0.005091602384345606,-0.019310325384140015,0.004769201099594047,0.5665242671966553,0.5201121818274259,0.4855208396911621,0.01468555535450875,80.0,1.2469921112060547,0.6990527614951134,0.43694934248924255,0.17976065636487387,-0.005917531442071776,0.5167749918103217,80.0,2.988348829803989,5.99886822115071,644,0.3276946544647217,2.503793954849243,1.4186909712851048,0.9059731960296631,0.35699137389666896
0.005375854671001434,-0.004063006362412125,-0.01829008385539055,0.0050243775576693,0.49203813076019287,0.4648640241473913,0.42411813139915466,0.012852728061993297,80.0,20.425731658935547,5.466148546338081,1.5168391466140747,4.769759512686303,-0.005881036233564372,0.5163570386022329,80.0,3.0392994396053257,6.100688091041519,645,0.3376498222351074,40.8709716796875,10.949720361828804,3.0551815032958984,9.538258157561646
0.008299864828586578,-0.005408632953185588,-0.01706814020872116,0.005384856371455497,0.5354170799255371,0.5023199956864118,0.4541202485561371,0.014987599780460766,80.0,3.9564461708068848,2.2030051946640015,1.215866208076477,0.5975984941455466,-0.0058385501248994845,0.5158487255759536,80.0,3.057736320605502,6.1374667144287365,646,0.34208106994628906,7.922529697418213,4.426874044537544,2.4676244258880615,1.1915166886997317
0.007891164161264896,-0.004717462125699967,-0.016915466636419296,0.005293950062594903,0.5592785477638245,0.5206462018191814,0.49101677536964417,0.014955042011466354,80.0,27.239978790283203,9.318260769546033,1.875667929649353,6.1025484078932415,-0.005815138745354489,0.516156609851867,80.0,3.1470490392521024,6.316051488151772,647,0.2994356155395508,54.4940299987793,18.65636954009533,3.745945692062378,12.206263973338544
0.014026664197444916,-0.0027446479245554654,-0.018968340009450912,0.005327803493202176,0.5785902738571167,0.5393367491662502,0.5025374293327332,0.016070033882517175,80.0,29.58043670654297,9.132589089870454,2.4249396324157715,6.0259832668314,-0.005790162133285775,0.5160112781263888,80.0,3.2339141390211887,6.489728826669976,648,0.19340181350708008,59.17264175415039,18.28145409822464,4.8831658363342285,12.051770731395644
0.008646245114505291,-0.012514212884707377,-0.03211502730846405,0.00865782594921998,0.5891859531402588,0.5523786626756191,0.5030821561813354,0.015509794941208334,80.0,0.9459284543991089,0.5313392952084541,0.3439891040325165,0.1339996248991162,-0.005827331868465989,0.5154326811917127,80.0,3.237100438432768,6.4961641930844625,649,0.3736081123352051,1.90729820728302,1.098754595220089,0.7632131576538086,0.2578034839260897
0.01789041981101036,-0.0075858579715713855,-0.02398495376110077,0.00850491436147113,0.5442171096801758,0.5004254501312971,0.45743727684020996,0.016286648393797436,80.0,1.0054634809494019,0.6157680667936802,0.37067192792892456,0.13890002169232926,-0.005849785511323717,0.5146648047417403,80.0,3.239025229021907,6.500043324017898,650,0.32561397552490234,2.0209317207336426,1.2567163579165936,0.7907999157905579,0.27226722747964033
0.0026198774576187134,-0.011151943658478557,-0.028704114258289337,0.007635933194415862,0.5731937885284424,0.5326732706278563,0.4948241114616394,0.016502648705802044,80.0,0.7314702272415161,0.3560628922656178,0.18729175627231598,0.12341350479511982,-0.005923023939423728,0.5151289536356927,80.0,3.237044450083748,6.496237526012585,651,0.28116750717163086,1.4735232591629028,0.7450831327587366,0.44232940673828125,0.23918545341254738
0.006562139838933945,-0.004658834723522886,-0.018448559567332268,0.004649536769349317,0.5823332071304321,0.5488811932504177,0.5092195272445679,0.014751934267604513,80.0,1.6251423358917236,0.4989224636927247,0.22607971727848053,0.26783657997631266,-0.00592141641053604,0.515118090339005,80.0,3.2307496779970832,6.483644549613818,652,0.31302785873413086,3.2611114978790283,1.01814022436738,0.4837004542350769,0.5323408442726327
0.014282433316111565,-0.007013665518024936,-0.020323842763900757,0.007472601442197564,0.5830256938934326,0.5383338175714016,0.5073003172874451,0.015007725858849345,80.0,0.7897551655769348,0.25574396140873434,0.1403343379497528,0.13472099802721804,-0.00596042140008649,0.5146199873983859,80.0,3.2190336489677436,6.460280539406465,653,0.26881909370422363,1.591336965560913,0.5362819291651248,0.3131616413593292,0.26225357289316137
0.00711763184517622,-0.003874689468648285,-0.022433698177337646,0.005314459106651754,0.5292681455612183,0.4863032400608063,0.4402930438518524,0.018494303237916836,80.0,1.0206983089447021,0.33741136733442545,0.17070911824703217,0.1905110687360827,-0.005982266864157283,0.5141961137503385,80.0,3.0922042340878404,6.206656924488023,654,0.23218464851379395,2.0530693531036377,0.6922981787472964,0.3638705313205719,0.3770332559633426
0.009157733991742134,-0.010498352284776047,-0.031948596239089966,0.008785914738494754,0.5371861457824707,0.5016320623457432,0.4541357159614563,0.01792780533074187,80.0,0.8987137675285339,0.3116464152932167,0.18295089900493622,0.14825670870909768,-0.006017795791267417,0.5140254138223826,80.0,3.052831884557382,6.127979868376627,655,0.3311777114868164,1.8091857433319092,0.6543221689760685,0.4040038585662842,0.2888444129723213
0.014766242355108261,-0.00666271320078522,-0.02476944774389267,0.007494245323746475,0.5622329711914062,0.5145028289407492,0.47593894600868225,0.015907366378533353,80.0,0.6405859589576721,0.31415122132748363,0.16809219121932983,0.08392618992548058,-0.006047963294317016,0.5139131558425725,80.0,3.0389586138874303,6.10029141688533,656,0.337932825088501,1.2914330959320068,0.6519179247319699,0.38028496503829956,0.1634434639934657
0.018622398376464844,-0.008657011674949899,-0.028375886380672455,0.009345690505913976,0.5237780809402466,0.48746932186186315,0.4378255009651184,0.014921156513757331,80.0,0.9037320613861084,0.3480794237926602,0.1394418478012085,0.1369578006179391,-0.006112290104763816,0.5142810111790896,80.0,2.970805026533083,5.9641202526409165,657,0.32444334030151367,1.8168425559997559,0.7232222646474838,0.32898545265197754,0.2687535166727016
0.008285642601549625,-0.008644117700168864,-0.029585368931293488,0.00843293866127638,0.5159251093864441,0.48571553230285647,0.44060981273651123,0.01531354636075811,80.0,1.3020262718200684,0.6519432418048382,0.32075631618499756,0.18842437742571708,-0.0061779065875743975,0.5139232767038048,80.0,2.875946476662532,5.774527230614795,658,0.3176746368408203,2.613568067550659,1.33088903054595,0.6919925212860107,0.3712606164353732
0.006737647578120232,-0.007670003885868937,-0.026283591985702515,0.00722042229633489,0.46468624472618103,0.4278114356100559,0.3803993761539459,0.01709294686125621,80.0,0.9350878596305847,0.41749124713242053,0.23584266006946564,0.14563780312364896,-0.006225753762264503,0.5136400505304336,80.0,2.8505180665683003,5.723760440634563,659,0.31600069999694824,1.8771448135375977,0.8588787339627743,0.519381582736969,0.2854683673683553
0.0040268972516059875,-0.009958652540808544,-0.0274345763027668,0.007956821127628166,0.5096216201782227,0.4786525655537844,0.44640371203422546,0.014631399477546379,80.0,3.1680915355682373,1.7552648201584815,1.039962649345398,0.40097731275884274,-0.006295419989357468,0.5135414978154004,80.0,2.780565940214321,5.5839935487974435,660,0.19777488708496094,6.345391273498535,3.5400200188159943,2.123105049133301,0.7952417402316087
0.007335171103477478,-0.002015129296341911,-0.014651678502559662,0.003968737317435914,0.5304375886917114,0.4893277246505022,0.456102192401886,0.01571767424453242,80.0,41.705013275146484,13.26969200372696,2.9007222652435303,7.594024461599931,-0.006253795578115387,0.5139225492030381,80.0,2.9065415597911923,5.83586916215904,661,0.36040163040161133,83.42044067382812,26.553201025724412,5.796442031860352,15.187015076018437
0.01135459914803505,-0.005513139587128535,-0.019335420802235603,0.005953275207200086,0.5183563232421875,0.4779099881649017,0.44290366768836975,0.01519238274000309,80.0,2.1353251934051514,1.3173656366765498,0.6633363962173462,0.33456029929416475,-0.006254972638591425,0.5135094807557762,80.0,2.910563935605808,5.843908006707206,662,0.33148884773254395,4.286439895629883,2.655315764248371,1.351455807685852,0.6676736623004813
0.009139053523540497,-0.0028962656273506583,-0.0166768915951252,0.004630545466515376,0.44530460238456726,0.4179910272359848,0.38263368606567383,0.01455730375163122,80.0,17.70280647277832,5.584516885876655,1.0625603199005127,4.399785716534017,-0.0062082192877714985,0.5128051795810462,80.0,2.96341919080913,5.9495109240654855,663,0.3329787254333496,35.41355895996094,11.183186095952987,2.1346778869628906,8.798490049993513
0.004916289821267128,-0.003946199401980266,-0.018263155594468117,0.004885125246353592,0.4794735014438629,0.4462988398969173,0.4059237241744995,0.015199805052328255,80.0,20.039575576782227,5.500522762537003,1.6007776260375977,4.130361512920779,-0.006140901178325293,0.5121009258627892,80.0,3.0130367927663024,6.048597407655791,664,0.3353602886199951,40.08818054199219,11.017863991856576,3.218432664871216,8.259520993013387
0.0081645417958498,-0.004917834931984544,-0.024960968643426895,0.006103968310432098,0.5076886415481567,0.4748208612203598,0.44281354546546936,0.014505698135203268,80.0,20.90679359436035,6.254849755764008,1.8140475749969482,4.587475877248631,-0.006057636182376881,0.5122363485470415,80.0,3.070819975061342,6.163999950239434,665,0.34355831146240234,41.83959197998047,12.52903155386448,3.6573774814605713,9.1724598618558
0.008241320960223675,-0.0029927768337074667,-0.012767926789820194,0.004448880863632714,0.5155510902404785,0.4818094503134489,0.44352996349334717,0.015147232803142374,80.0,30.801599502563477,8.878240358829498,2.1916818618774414,6.554725979672577,-0.006040212583728134,0.5119023260697723,80.0,3.1495538184251632,6.321426110262052,666,0.33294129371643066,61.61200714111328,17.772102546691894,4.405269622802734,13.108358000872641
0.012278974056243896,-0.006998935027513653,-0.029318850487470627,0.006633867388780988,0.5432614684104919,0.5158378154039382,0.48687875270843506,0.012882824071035703,80.0,1.4138572216033936,0.528700602427125,0.2862940728664398,0.20140492996712892,-0.006098513235745486,0.5117193405441941,80.0,3.1522607141211627,6.326952843220904,667,0.43294310569763184,2.8365418910980225,1.0817158311605453,0.5880584120750427,0.39675407591545964
0.010345550253987312,-0.004119851905852556,-0.021300923079252243,0.006059728270076587,0.5008017420768738,0.46212234944105146,0.412537157535553,0.018314286980073428,80.0,1.1477066278457642,0.5603153843432664,0.3314270079135895,0.1637575759246498,-0.005925253338209586,0.511216184590012,80.0,3.152577588092535,6.32723000826873,668,0.3234734535217285,2.304408073425293,1.1381129257380962,0.6511954069137573,0.32368289430020314
0.00864862184971571,-0.0076342247368302195,-0.025263119488954544,0.006729370939434538,0.5461220741271973,0.5069926001131535,0.46897077560424805,0.016540814275031675,80.0,1.1327478885650635,0.31922086142003536,0.16930986940860748,0.1758725250194565,-0.005982822956371819,0.5116709458008409,80.0,3.1494944574572146,6.321187981547789,669,0.34180498123168945,2.2764081954956055,0.6638500258326531,0.3958091139793396,0.34617018390994697
0.009008564054965973,-0.009536827518604695,-0.028597965836524963,0.008942293701440944,0.5875273942947388,0.5422373227775097,0.5036797523498535,0.016817655323518827,80.0,1.1541777849197388,0.44756850246340035,0.20218494534492493,0.15984058983737112,-0.005964679574623005,0.5115826706364751,80.0,3.1421728770788757,6.306506768515334,670,0.3231689929962158,2.3189423084259033,0.9250554028898478,0.46831128001213074,0.3099065167937221
0.016149446368217468,-0.0056298873212654145,-0.027680449187755585,0.007206233951212716,0.554224967956543,0.5205162186175585,0.471175879240036,0.01592712759711377,80.0,1.6489644050598145,0.38347670771181586,0.13634006679058075,0.3048609629030938,-0.005961207674263278,0.5109867192693054,80.0,3.132994818175211,6.288131787693128,671,0.3377258777618408,3.3079612255096436,0.7886235013604164,0.29549381136894226,0.6056526601263499
0.008823946118354797,-0.005373958026757464,-0.030126353725790977,0.006207859881992219,0.5646423101425171,0.5185053046792746,0.481012225151062,0.016458040498106338,80.0,1.4094456434249878,0.43539010975509884,0.19284753501415253,0.24929510104794775,-0.0060022699245892,0.511203123882413,80.0,2.9763702911771834,5.974969186132773,672,0.3371551036834717,2.8303589820861816,0.8918982416391372,0.40905049443244934,0.4932739067476472
0.03681423142552376,-0.006752459675772116,-0.022665809839963913,0.008012094215351583,0.49307727813720703,0.4498296771198511,0.4031868577003479,0.017690782731125513,80.0,0.9292059540748596,0.280261086858809,0.13144534826278687,0.1594251762785066,-0.005999088389129612,0.5109102791026234,80.0,2.9701165648456658,5.962449513519184,673,0.3316617012023926,1.8768458366394043,0.5830236878246069,0.2872442603111267,0.31391509591340944
0.009416528977453709,-0.011667770682834089,-0.030015498399734497,0.009267146266666982,0.5479210615158081,0.5118371959775686,0.4796403646469116,0.017086117669091554,80.0,0.8474256992340088,0.3927848733961582,0.21785791218280792,0.11877091303084275,-0.0060505939452268655,0.5109452553838492,80.0,2.9612513602133834,5.944822815051305,674,0.3301541805267334,1.7057068347930908,0.8191420312970876,0.48522329330444336,0.228821160150708
0.010607272386550903,-0.01218481354881078,-0.030775871127843857,0.008803936533867004,0.531140923500061,0.484993788972497,0.44621536135673523,0.017302740245551975,80.0,0.6910044550895691,0.3014878507703543,0.14014410972595215,0.12607743646622513,-0.00612472236729809,0.510959433697164,80.0,2.9001142717916513,5.822697177318856,675,0.3352994918823242,1.3903298377990723,0.6370452024042607,0.3285645544528961,0.24179152613809193
0.04426358640193939,-0.0026819165563210846,-0.02710884064435959,0.011825268922166834,0.5393565893173218,0.48119099959731104,0.43046748638153076,0.017600347038162725,80.0,2.1225228309631348,1.0246840428560973,0.49627920985221863,0.3244607038043151,-0.006127631288109114,0.5107863566018641,80.0,2.8121765815895055,5.646824153644965,676,0.339127779006958,4.255680561065674,2.0643557384610176,1.0124439001083374,0.6476478503135391
0.030736111104488373,-0.004667160275857896,-0.027781538665294647,0.01091264213246658,0.5091811418533325,0.4757753200829029,0.4384336471557617,0.016292134273069896,80.0,0.9294459223747253,0.5094520445913077,0.274888277053833,0.12713564399472668,-0.006130913370085181,0.5108990798145533,80.0,2.718555844033137,5.459591498253867,677,0.245375394821167,1.868557095527649,1.0377539232373238,0.5469629764556885,0.25072648957861726
0.006422443315386772,-0.002082838397473097,-0.016882825642824173,0.00476129145278545,0.5096843242645264,0.4694116864353418,0.436339408159256,0.014252882653072712,80.0,31.663108825683594,11.297032964229583,2.8508710861206055,6.939549422111786,-0.006034691283275607,0.5103184806294739,80.0,2.8259472241271286,5.67417020268552,678,0.46151089668273926,63.33589172363281,22.607619875669478,5.738256454467773,13.875987657503575
0.01646725833415985,-0.0042856993211898954,-0.020877867937088013,0.00710200506701355,0.5662534236907959,0.5201149083673954,0.4672929048538208,0.01723432547286253,80.0,20.463024139404297,3.9946002189069985,0.4519256055355072,4.746301202648797,-0.006021776460198454,0.5103641959503293,80.0,2.8596368806194516,5.741524600109085,679,0.335599422454834,40.937965393066406,8.008174116909505,0.8814549446105957,9.490713527061214
0.003984879702329636,-0.004736928688362241,-0.020803086459636688,0.005779090648250432,0.49374154210090637,0.4472759857773781,0.4073899984359741,0.01607805686805361,80.0,3.410900115966797,1.7415099523961544,0.8545085787773132,0.523866543558557,-0.006020884670870148,0.5097562026232482,80.0,2.871721072645858,5.765679040452466,680,0.3370978832244873,6.830809116363525,3.501439259946346,1.7164005041122437,1.0453053026419064
0.020313765853643417,-0.0021617229387629775,-0.016804184764623642,0.0057071288248211945,0.511401891708374,0.48023605793714524,0.4501948952674866,0.01321487721819448,80.0,17.986865997314453,4.961687287688255,0.9218341112136841,4.346646173972992,-0.006007039606425679,0.509717408861965,80.0,2.9159267898555843,5.854062008267267,681,0.3420906066894531,35.986690521240234,9.937302675843238,1.8454017639160156,8.691055585602962
0.008374202996492386,-0.002043475967366248,-0.011948267929255962,0.0036892870280818275,0.5621257424354553,0.5231018267571926,0.49247339367866516,0.01549416954535936,80.0,20.279706954956055,5.997347448766232,1.7879341840744019,4.602869273274849,-0.0058618480512232065,0.5092671030424536,80.0,2.973332384133711,5.968573807181791,682,0.34009528160095215,40.5685920715332,12.009243842959403,3.573333740234375,9.205156627953631
0.007454764097929001,-0.005116326705319807,-0.02297617867588997,0.005734969532157776,0.5464997291564941,0.5102205872535706,0.4655635952949524,0.01646326066908659,80.0,20.327329635620117,5.375094953179359,1.2301801443099976,4.782282463586663,-0.005868762131343829,0.5092587047331036,80.0,3.0210684015788143,6.0640595024805535,683,0.3335559368133545,40.66441345214844,10.770626989006995,2.489912271499634,9.563862768712603
0.012726176530122757,-0.004687107121571899,-0.0220814049243927,0.006376585995245341,0.5441662669181824,0.5149693235754966,0.47963231801986694,0.015661655107420187,80.0,26.514080047607422,7.384797196090221,0.8434717655181885,6.31894390929794,-0.005845040847547353,0.5083575824163855,80.0,3.0895530129075057,6.2009632596951,684,0.33489322662353516,53.03878402709961,14.78926794230938,1.7294344902038574,12.636078690338588
0.011856911703944206,-0.0068680642521940175,-0.025215312838554382,0.0070040101581068945,0.5413095355033875,0.5047734282910824,0.4679926633834839,0.014381693350108322,80.0,1.3577957153320312,0.6237613063305616,0.4245697557926178,0.19629668739335526,-0.005857757437857799,0.5078010545559227,80.0,3.093261903548613,6.20839534364082,685,0.33566713333129883,2.728283166885376,1.2713542118668557,0.8749064207077026,0.3879833933769837
0.006223153322935104,-0.007987384835723787,-0.023797713220119476,0.007235320739429085,0.5596650242805481,0.5182994943112135,0.4778505563735962,0.015833524715047793,80.0,1.523493766784668,0.5782148212194442,0.27140000462532043,0.23122765614505636,-0.005867450065212325,0.5075053799077869,80.0,3.096443878756836,6.21477276580222,686,0.3355422019958496,3.0551302433013916,1.1827703997492791,0.5912198424339294,0.45622826427615526
0.014260100200772285,-0.008057553856633603,-0.024611325934529305,0.008246055282992677,0.5280348658561707,0.491743678599596,0.4525837302207947,0.018027412344536864,80.0,0.7971667051315308,0.2815412374213338,0.13902245461940765,0.12358074167888662,-0.005906563758500853,0.5072106425762177,80.0,3.093919818852097,6.209796978669241,687,0.3376195430755615,1.6050150394439697,0.5890324540436268,0.3249515891075134,0.23996904733806457
0.0077794622629880905,-0.006094643066171556,-0.020904231816530228,0.0058710331375015435,0.5890932083129883,0.5519099548459053,0.5113955736160278,0.01769828906550557,80.0,0.9628181457519531,0.3011636922135949,0.17275217175483704,0.1667351144159165,-0.005930844990361949,0.507979966249317,80.0,3.0859388377461583,6.193898965338246,688,0.3393690586090088,1.938226580619812,0.6255548678338527,0.36904430389404297,0.3277478065058962
0.006767753511667252,-0.0058089331374503676,-0.020508304238319397,0.005237836874188742,0.5318698883056641,0.48239870332181456,0.4272110164165497,0.01766965114517214,80.0,0.9817503094673157,0.39029578771442175,0.1766270250082016,0.1757323063958191,-0.00595486935984809,0.5073361709862948,80.0,3.0745878401324154,6.171232142994182,689,0.3371858596801758,1.9747703075408936,0.801857416331768,0.38059109449386597,0.34684220214022976
0.008118556812405586,-0.007253199705155566,-0.022912710905075073,0.0064994451321195934,0.5191019773483276,0.48348590470850467,0.4521942734718323,0.016688773296500006,80.0,1.2491083145141602,0.6246199768036604,0.30676156282424927,0.19022609330397713,-0.006009875406452921,0.5070933062471449,80.0,2.9306791308857503,5.883519878523425,690,0.3421196937561035,2.5060017108917236,1.2734160728752613,0.6472991704940796,0.37190248807591186
0.011252063326537609,-0.005649023404112085,-0.027975305914878845,0.0072027038943451175,0.5235774517059326,0.4767054907977581,0.4352215528488159,0.018292749896601273,80.0,1.5858685970306396,0.46417440995574,0.23213675618171692,0.23811120071923883,-0.005995156561257317,0.5067877414003015,80.0,2.9273831669799986,5.876892401674764,691,0.33276796340942383,3.1808278560638428,0.9491809740662575,0.491388738155365,0.4705857709701784
0.008661914616823196,-0.009718465007608756,-0.029824260622262955,0.008140282480286897,0.5332632064819336,0.4887263230979443,0.42524319887161255,0.018066108144335076,80.0,1.176435947418213,0.34567038547247647,0.1779336780309677,0.1934455901580191,-0.006052201311220414,0.507075899876654,80.0,2.907076598295942,5.836399116853254,692,0.33637118339538574,2.3621315956115723,0.7205522269010544,0.4031643867492676,0.37913450558602635
0.013651959598064423,-0.007696370279882103,-0.022821936756372452,0.007621942013031158,0.5142555236816406,0.4827716458588839,0.44931894540786743,0.01471216801988635,80.0,0.8204472661018372,0.3508087707683444,0.16909141838550568,0.12460662672368918,-0.006097556060529315,0.507062476247549,80.0,2.815439003996551,5.653214371258393,693,0.33931803703308105,1.6520164012908936,0.7266657128930092,0.3842591941356659,0.24244104305045552
0.019250189885497093,-0.0030276978737674653,-0.03290524706244469,0.010346941915596004,0.4929623603820801,0.4610453423112631,0.41896164417266846,0.016320925099623018,80.0,2.2072222232818604,0.6895158868283033,0.3432556688785553,0.2996550236897934,-0.0060897456893580955,0.5069388025291264,80.0,2.760125629145652,5.542569527933374,694,0.33257389068603516,4.424140930175781,1.3943080767989158,0.6819531917572021,0.5965602291629606
0.011407281272113323,-0.0062966137251351025,-0.018511205911636353,0.006018261546575027,0.48751235008239746,0.45475047938525676,0.4199768900871277,0.014386192335216803,80.0,3.0097696781158447,1.265416806191206,0.6757731437683105,0.3971050561378396,-0.0061372050383943135,0.5070732154026628,80.0,2.6781273772232237,5.378670632073656,695,0.4101114273071289,6.028310775756836,2.5525218546390533,1.3811893463134766,0.7917682592414773
0.012377654202282429,-0.001960361411329359,-0.01471446268260479,0.0059333102620821605,0.4994336664676666,0.4642861545085907,0.42517220973968506,0.015296792058337028,80.0,58.90807342529297,13.77364303469658,2.665971279144287,9.419199624989897,-0.006089047310932075,0.5067022580243647,80.0,2.8106325782723722,5.643577299291268,696,0.18669486045837402,117.82537841796875,27.560492485761642,5.32924747467041,18.83792730994826
0.01115146279335022,-0.00758389804395847,-0.02977776527404785,0.007151505145182381,0.5372911691665649,0.4917437765747309,0.4600149989128113,0.013708346749198956,80.0,1.158435344696045,0.6942742545157671,0.3832242786884308,0.17769283750131884,-0.006108574554906226,0.506731718543917,80.0,2.811404253900051,5.645160294258967,697,0.28814697265625,2.3268723487854004,1.4135511808097363,0.8156540393829346,0.35018438943377045
0.010070236399769783,-0.008780327887507156,-0.021434791386127472,0.006974661114094673,0.5329809188842773,0.4922945246100426,0.451992928981781,0.015621970181567003,80.0,5.028927326202393,2.3749150395393372,1.2931578159332275,0.8044738535635912,-0.006137143078900408,0.5068715902566909,80.0,2.8320794604457915,5.686570641657338,698,0.3287022113800049,10.073094367980957,4.777236607670784,2.6204395294189453,1.6029068542151708
0.006562109105288982,-0.007734344579512253,-0.028641439974308014,0.007935802806276177,0.5410982966423035,0.5048728149384261,0.46317440271377563,0.015556288931119539,80.0,20.573610305786133,5.223788227140903,1.280437707901001,4.647486059293305,-0.006181758089282083,0.5074925038702786,80.0,2.8787631957866258,5.780039760341867,699,0.3303239345550537,41.16111373901367,10.473142567276955,2.5903635025024414,9.291142655735912
0.00937400758266449,-0.0020211190450936554,-0.015348080545663834,0.004589885014447532,0.539690375328064,0.5059556059539319,0.46135449409484863,0.015802509768828944,80.0,27.075502395629883,7.840889345109463,1.6777297258377075,6.145507641441603,-0.006111293938884045,0.5073061133474112,80.0,2.955013363013045,5.9323954376969485,700,0.3427605628967285,54.160316467285156,15.69593994319439,3.3769302368164062,12.290584311728203
0.013529319316148758,-0.006931419303873554,-0.02628510072827339,0.007289476495729848,0.5437207221984863,0.5143303092569113,0.46924886107444763,0.014918174114821216,80.0,20.150285720825195,6.011441540718079,2.215378522872925,4.425693633158192,-0.006081579202611464,0.5078353097252548,80.0,3.0114182672947645,6.045156400674954,701,0.34179234504699707,40.31224822998047,12.047032523155213,4.447010517120361,8.849091669039742
0.002528626471757889,-0.01072976931463927,-0.025630101561546326,0.007899331718821114,0.5651741027832031,0.5239511586725711,0.48751580715179443,0.014641745530642576,80.0,16.578290939331055,3.603383705019951,0.5122821927070618,4.492824700540331,-0.0060094973347731865,0.5074179485179484,80.0,3.0424890922605994,6.107145539188757,702,0.32721590995788574,33.16827392578125,7.238705924153328,1.0730559825897217,8.982439126957972
0.003157777711749077,-0.008257568662520498,-0.02503490447998047,0.006474706427532214,0.5342528223991394,0.5064218625426292,0.471355140209198,0.014180084046684248,80.0,1.6184426546096802,0.7948155175894499,0.46967196464538574,0.2122786874024696,-0.005970452927751466,0.5069970262981952,80.0,3.047149596247822,6.116380039887503,703,0.3351612091064453,3.2464823722839355,1.616274607181549,0.9776511192321777,0.4191322666724675
0.00407637283205986,-0.010656098643084987,-0.02515031024813652,0.007064163598273592,0.5767086744308472,0.5362881403416395,0.4918387234210968,0.017158002302275693,80.0,1.2549927234649658,0.58762749992311,0.2694697678089142,0.22128731046829778,-0.005993082053260879,0.5070284050628544,80.0,3.0494512509703626,6.121029235078023,704,0.3355376720428467,2.5201025009155273,1.207292952388525,0.5785467624664307,0.43600044068603744
0.01669921725988388,-0.005895653337938711,-0.02090148627758026,0.006177949574406271,0.5252218246459961,0.48855863623321055,0.44931885600090027,0.014607680283513978,80.0,1.7164939641952515,0.4281708974391222,0.16268707811832428,0.21331098267122028,-0.0060004829826648355,0.5066706749722362,80.0,3.0446891491450367,6.111512678755447,705,0.3642764091491699,3.4434657096862793,0.8779042765498162,0.3578580319881439,0.4233313616531787
0.009566916152834892,-0.00799641495977994,-0.02671181969344616,0.007945559550992453,0.5963432788848877,0.5494196467101574,0.5130232572555542,0.016625862894085415,80.0,0.723081111907959,0.26840299237519505,0.16611157357692719,0.0980024130588815,-0.006024254477903015,0.5068094883002341,80.0,3.0421604012791064,6.106505502255634,706,0.3350851535797119,1.451587438583374,0.5637872066348791,0.35382163524627686,0.18795258618730462
0.036521200090646744,0.000452984991716221,-0.018667669966816902,0.009173897633817365,0.5258070230484009,0.47080217152833936,0.41906386613845825,0.021339165821668993,80.0,4.036627292633057,0.4503945318982005,0.1341574639081955,0.5812513520691619,-0.005918884300830543,0.505748827572912,80.0,3.0149575087651606,6.051867763685062,707,0.3366200923919678,8.082874298095703,0.9092991337180137,0.2886275053024292,1.1619992243758377
0.008302241563796997,-0.008805076207499951,-0.03073454089462757,0.0077837020839245695,0.559148907661438,0.5188626419752836,0.4601328670978546,0.019485892991592715,80.0,2.2936975955963135,0.5859398219734431,0.30223122239112854,0.36198353377286696,-0.005986202986241552,0.5048116496801377,80.0,2.8658644889555878,5.753797618651762,708,0.33418989181518555,4.597381591796875,1.1998670496046544,0.6498075723648071,0.7172023844554126
0.027210965752601624,-0.00015860144048929214,-0.01732424646615982,0.009307297606682592,0.5334513783454895,0.49705867283046246,0.44301435351371765,0.017767349393082697,80.0,0.7478058934211731,0.22414506347849966,0.12133178859949112,0.10483793695103504,-0.005914203634340083,0.5039714620672167,80.0,2.8532723566526546,5.728452551683411,709,0.33342909812927246,1.5058104991912842,0.45854850225150584,0.2691531777381897,0.20687272813168855
0.02476000040769577,-0.0017092702793888748,-0.023961197584867477,0.008654692234207964,0.5524286031723022,0.5058580152690411,0.4732505679130554,0.015012963942131119,80.0,1.648809552192688,0.4188084347173572,0.19321893155574799,0.22770674105284272,-0.0058883806541271035,0.5042806557118893,80.0,2.794043023935519,5.609948423394934,710,0.32884907722473145,3.307690143585205,0.851152564957738,0.41275978088378906,0.4501068906687676
0.011264218017458916,-0.004408720915671438,-0.027002111077308655,0.006021801519334475,0.5343106985092163,0.5049406562000514,0.46665847301483154,0.014473494955602937,80.0,1.6918827295303345,0.41396038588136436,0.21541504561901093,0.24882905465494903,-0.005887305321200983,0.5038120790384709,80.0,2.655302957174368,5.332456767505034,711,0.3476407527923584,3.3948919773101807,0.846837031468749,0.4502332806587219,0.4926897721786568
0.023134108632802963,-0.0035737428348511457,-0.028636636212468147,0.007279766555600255,0.5076487064361572,0.4800794556736946,0.4485752284526825,0.014485752012549915,80.0,2.265502691268921,1.0133269589394331,0.3842240273952484,0.3527430918777537,-0.005903513096360257,0.5030438970066607,80.0,2.558420907744207,5.138709721667692,712,0.3327045440673828,4.546107292175293,2.043403009325266,0.7748686075210571,0.70529100782085
0.010374302975833416,-0.004630220879334956,-0.020648466423153877,0.005964601766989264,0.5125712156295776,0.461945728585124,0.42658278346061707,0.01653797765765612,80.0,3.611069440841675,1.9905840411782265,0.6875320672988892,0.5723032331064009,-0.005907178445631871,0.5027125095129013,80.0,2.480305016868748,4.98247864384763,713,0.3273811340332031,7.262304782867432,3.999667462706566,1.402348279953003,1.1434734242983533
0.003780016675591469,-0.0018765427055768668,-0.01582525297999382,0.002931923614785313,0.50699782371521,0.47272830829024315,0.4404647648334503,0.014303063577781286,80.0,49.68457794189453,13.297452518343926,2.2374441623687744,8.545862826475787,-0.005860125072387745,0.5016170300543308,80.0,2.6072797946641217,5.236312181537971,714,0.320070743560791,99.38192749023438,26.60811253786087,4.487978935241699,17.09107769695767
0.004422234371304512,-0.01100453136023134,-0.0303703173995018,0.008212599131921797,0.5320729613304138,0.49983496144413947,0.4590368866920471,0.01626463038824183,80.0,0.9606266617774963,0.572043938934803,0.35790929198265076,0.10757609954799174,-0.005895687312091467,0.5019914165958762,80.0,2.6086858785236258,5.239202961539849,715,0.3310739994049072,1.9309356212615967,1.1760936446487904,0.7643671035766602,0.2080839772698037
0.016619861125946045,-0.003398569906130433,-0.013913005590438843,0.0060662768754852926,0.5378580093383789,0.5019161481410265,0.4733731746673584,0.013518603840864807,80.0,20.34734535217285,4.997653579711914,1.3523170948028564,4.706930397199924,-0.005856135002366501,0.502019205275923,80.0,2.6558418507920583,5.333436356695369,716,0.3467426300048828,40.7081298828125,10.012142565846442,2.7335128784179688,9.411392494891306
0.004607990384101868,-0.008920610323548317,-0.02622751146554947,0.007140517124565022,0.56646728515625,0.533447889611125,0.49612995982170105,0.01485298633386607,80.0,19.684511184692383,5.573773145675659,1.257888674736023,4.389860236189407,-0.005860267905547516,0.5020545710660517,80.0,2.7075335786053913,5.436828785737976,717,0.3380615711212158,39.39247512817383,11.176056489348412,2.5272250175476074,8.775284535386149
0.005714528262615204,-0.003812817099969834,-0.024482376873493195,0.004865663883499913,0.5529417991638184,0.5082915537059307,0.4738730490207672,0.01402799761356127,80.0,17.77667808532715,5.104370313882828,1.3732185363769531,4.32802428862058,-0.005845929694391089,0.5023954106457531,80.0,2.756214480219409,5.534168728701769,718,0.3340780735015869,35.56991958618164,10.226532030105592,2.7661068439483643,8.654168692161749
0.0057565681636333466,-0.0043841272941790525,-0.019012965261936188,0.005202787798240345,0.5599055290222168,0.521278390660882,0.4916025996208191,0.013003261952361596,80.0,29.16250228881836,8.507730647921562,2.481214761734009,5.560629226255178,-0.00584421925098286,0.5028898403272033,80.0,2.834917975248769,5.691582185577601,719,0.3291964530944824,58.33601379394531,17.034655028581618,4.999978542327881,11.11766248121826
0.010462304577231407,-0.008438941813074053,-0.01960742101073265,0.006480196770407382,0.6116437911987305,0.5712546303868293,0.5209102630615234,0.01608257264229238,80.0,1.1225874423980713,0.5165021043270827,0.3158479928970337,0.15237080496651698,-0.005866853299521607,0.5032687238305807,80.0,2.8372458248659966,5.696290730431675,720,0.3327927589416504,2.2569262981414795,1.0613071739673614,0.6714869737625122,0.29968151893372913
0.010091131553053856,-0.006000675359973684,-0.018275490030646324,0.006565086715050535,0.5618577003479004,0.5179410595446825,0.4745924472808838,0.01578174146587468,80.0,1.4187188148498535,0.5479868501424789,0.2669143080711365,0.19408110448013735,-0.005889584709133486,0.5030886709429323,80.0,2.83817564596422,5.69819223453477,721,0.3344693183898926,2.847551107406616,1.1183338820934297,0.5604475736618042,0.38246625250465033
0.007623925805091858,-0.006904053810285404,-0.022347792983055115,0.006204491466043313,0.5702193975448608,0.5251779094338417,0.4823257327079773,0.016581423611023306,80.0,2.2750067710876465,0.9833190642297268,0.34330177307128906,0.42222060382519716,-0.005903056592273061,0.5031917438954115,80.0,2.84351945660077,5.708908861018717,722,0.3342320919036865,4.561676979064941,1.9909497886896133,0.7045778036117554,0.842294668323567
0.01991099864244461,-0.0036786222364753483,-0.02517114393413067,0.008542989884878859,0.5485538244247437,0.5103568989783526,0.4740273356437683,0.014971582962660181,80.0,1.0389631986618042,0.25480864085257054,0.12575861811637878,0.1430190414202836,-0.005903948917082743,0.5034906160347163,80.0,2.840054376801475,5.701986463479699,723,0.3340480327606201,2.0881659984588623,0.5271816603839398,0.3123806118965149,0.2817071917209443
0.012728245928883553,-0.011558788121328689,-0.031177520751953125,0.009803452113557083,0.5637045502662659,0.5225855298340321,0.4874364733695984,0.015609201736708446,80.0,0.8709393739700317,0.29065738543868064,0.18018706142902374,0.10866957601840226,-0.005920344255689996,0.5037847608588636,80.0,2.827328800620511,5.676573984649032,724,0.3422417640686035,1.753004550933838,0.6148840624839067,0.3827335238456726,0.20807204577074417
0.008524198085069656,-0.0064358784351497885,-0.028043534606695175,0.007291738552806365,0.5417554974555969,0.5049082465469837,0.4633159339427948,0.017179621386803637,80.0,1.8210594654083252,0.42863627020269635,0.15779675543308258,0.3295526879024937,-0.005926261870830785,0.5037106860652566,80.0,2.710278606321662,5.442483948621899,725,0.4341287612915039,3.6513397693634033,0.8802424617111683,0.34630000591278076,0.652362851388364
0.005231015384197235,-0.010305897117359564,-0.029934082180261612,0.007479744919216417,0.5335077047348022,0.49721226245164873,0.4632149040699005,0.015505969101303606,80.0,0.9502745270729065,0.31608980987221,0.18913041055202484,0.14252520818090325,-0.005946827259496785,0.5028862597122788,80.0,2.6457393611725415,5.3134301001280555,726,0.31572556495666504,1.9092326164245605,0.6627356570214034,0.4108295440673828,0.2766610814110049
0.012325311079621315,-0.002342740574385971,-0.01509647537022829,0.005138178015383455,0.5613470673561096,0.5029946073889733,0.46068045496940613,0.0170088380142749,80.0,1.3577595949172974,0.6794376008212566,0.22591960430145264,0.24274690428069687,-0.005878854857175612,0.5028242523372173,80.0,2.631726025594398,5.285266244128348,727,0.32300257682800293,2.728825092315674,1.3736205756664277,0.4715389013290405,0.4833563585910313
0.017660953104496002,-0.005911207327153533,-0.028302757069468498,0.008008437494425478,0.5195597410202026,0.46878923699259756,0.43333688378334045,0.018454685096600917,80.0,0.9631892442703247,0.27318402715027335,0.13313566148281097,0.15422157107544116,-0.005919556158885826,0.5026958231441676,80.0,2.5724568860698485,5.166806799236685,728,0.21054744720458984,1.9355015754699707,0.5675662506371737,0.2853773236274719,0.3012709770703523
0.028922230005264282,-0.010328105743974447,-0.03149775415658951,0.011159794461038236,0.5362993478775024,0.5050010658800602,0.4767662286758423,0.013433939594131885,80.0,0.9779284596443176,0.5614495784044266,0.2702008783817291,0.16638950426432836,-0.005977171742997599,0.502510922409594,80.0,2.4765530806798486,4.975110719766469,729,0.40204644203186035,1.9899415969848633,1.1536553882062435,0.5946218967437744,0.3304162947147969
0.005933808628469706,-0.007031943678157404,-0.02620614878833294,0.006997405755535789,0.5266555547714233,0.48888811022043227,0.4254201352596283,0.020054930525537452,80.0,1.7742525339126587,0.8438910119235515,0.21373507380485535,0.3376594939874249,-0.0059781081707915296,0.501876054406166,80.0,2.4202645557764915,4.862522844124586,730,0.28342318534851074,3.61098575592041,1.711623676866293,0.46013736724853516,0.6738502832635718
0.02863188274204731,-0.00466267293668352,-0.030383452773094177,0.009852750594598697,0.49066323041915894,0.43999640382826327,0.3845866918563843,0.01932802346591742,80.0,2.556081533432007,1.580020634829998,0.9100100994110107,0.37407789789779833,-0.005965512018126902,0.5006430380828678,80.0,2.388521719159558,4.79898731796816,731,0.20138955116271973,5.11295747756958,3.1781665235757828,1.8504024744033813,0.7465628827372696
0.005606427788734436,-0.0014345567498821766,-0.013418166898190975,0.0037973882105208526,0.5287418365478516,0.48001655489206313,0.44665777683258057,0.015845612463044226,80.0,39.784996032714844,11.976887819170951,1.997457504272461,8.054656122619415,-0.005908370038610883,0.5000833043716847,80.0,2.5005392482820894,5.0228968993909655,732,0.19518613815307617,79.58370208740234,23.966245275735854,4.023500919342041,16.10915329079076
0.0079435333609581,-0.004043140803696587,-0.024048451334238052,0.0059762418706050865,0.5711013674736023,0.5238909900188446,0.4923027753829956,0.016024262570006893,80.0,1.4886353015899658,0.8432453952729702,0.43842002749443054,0.21915233383815833,-0.005906500495155342,0.5003525522202252,80.0,2.5024554431233548,5.026730934899301,733,0.1977999210357666,2.9897093772888184,1.7050548896193505,0.906451940536499,0.4361844314309923
0.007277347147464752,-0.004547288891626522,-0.018646150827407837,0.0053789646124514055,0.5755141973495483,0.5410245060920715,0.5154889822006226,0.012279706475612417,80.0,24.49941062927246,5.96532783806324,1.250468373298645,4.983840251707778,-0.0058863591369590716,0.5005885022394359,80.0,2.556344492986798,5.134473471332342,734,0.19077301025390625,49.012935638427734,11.95057078897953,2.520660877227783,9.967103549845813
0.012020153924822807,-0.0031556975736748427,-0.02078746072947979,0.006449004113320355,0.57301926612854,0.539102540910244,0.5077332258224487,0.013422748629493317,80.0,19.12552261352539,6.402397921681404,1.6660985946655273,4.636278708063027,-0.005873490777274127,0.5002614963315426,80.0,2.6175942281391467,5.256940663721412,735,0.2642078399658203,38.27824783325195,12.821889179944993,3.3445472717285156,9.273225390450904
0.00311872735619545,-0.0057299351727124305,-0.023773958906531334,0.0057747005929935,0.5631296038627625,0.5254665955901145,0.48922455310821533,0.016766094384403803,80.0,18.170320510864258,5.809042696654797,1.8226748704910278,4.339506243387116,-0.005881986837368459,0.5003865375183522,80.0,2.672499080558307,5.366769862245768,736,0.1969757080078125,36.35870361328125,11.640054666996003,3.673190116882324,8.677145462792838
0.015329433605074883,-0.0022317364811897276,-0.02352086640894413,0.005041983415128586,0.5587054491043091,0.520736700296402,0.4802028238773346,0.015222694076865642,80.0,28.92398452758789,8.27737416923046,1.6938362121582031,6.232014772896747,-0.005892660161247476,0.5003991902396083,80.0,2.7487353815892717,5.519264063384384,737,0.20288848876953125,57.85991287231445,16.569626480340958,3.402101993560791,12.462868491232687
0.006335424259305,-0.007755359838483855,-0.028876405209302902,0.007339320776032045,0.6205586791038513,0.5808374263346195,0.5493968725204468,0.014377469035668942,80.0,1.3925833702087402,0.5235949631780386,0.2545347511768341,0.22110084776608666,-0.005909430986997904,0.5008908090852201,80.0,2.751291736728512,5.524420147631317,738,0.2067241668701172,2.794830083847046,1.074317392706871,0.5677928924560547,0.43590821136217317
0.02875964343547821,-0.0065528089879080655,-0.030049361288547516,0.009497920366730505,0.5036368370056152,0.472355867177248,0.4295603036880493,0.014757606604421814,80.0,1.206517219543457,0.5101401805877686,0.2788754105567932,0.15915524617796478,-0.005892420519812731,0.500063013073057,80.0,2.7535034798560662,5.528793057002128,739,0.19157862663269043,2.4222307205200195,1.0428330928087235,0.6177647113800049,0.3112928649971481
0.005527682602405548,-0.003959338914137333,-0.014432169497013092,0.004856098277204413,0.5268775224685669,0.48790926337242124,0.4394610822200775,0.01893917778803387,80.0,2.3364768028259277,0.5113983070477843,0.21284796297550201,0.311606169762165,-0.005860576370643685,0.4998331657126546,80.0,2.7541562045337633,5.53003022108972,740,0.19994497299194336,4.682162284851074,1.04047347381711,0.4558544158935547,0.6192120783410711
0.007049337029457092,-0.009199057234218344,-0.025955908000469208,0.007103437709517718,0.5304864645004272,0.4841631390154362,0.4460129737854004,0.018517378275106494,80.0,0.7181277275085449,0.289140646904707,0.1677454710006714,0.10364156682078297,-0.00591223504926893,0.4999051821529865,80.0,2.7518709558704866,5.525564481418579,741,0.18864107131958008,1.4439148902893066,0.6063626680523158,0.37853923439979553,0.1991031771383758
0.008843961171805859,-0.007593776512658223,-0.022675415500998497,0.0074882414667836045,0.5218788981437683,0.48180749341845514,0.45241841673851013,0.014578071021790066,80.0,0.5915799140930176,0.2514763709157705,0.14969292283058167,0.0753701498884192,-0.005963851457752752,0.4999623077437282,80.0,2.7376963484259322,5.497319641940295,742,0.24814343452453613,1.1930789947509766,0.5277764435857535,0.3447267413139343,0.14253728667920695
0.01867860183119774,-0.006084071967052296,-0.02350606769323349,0.008202261465950336,0.5480223894119263,0.4964327994734049,0.4663218855857849,0.017411670332995486,80.0,1.101863980293274,0.30038970019668343,0.12739036977291107,0.15090851616721698,-0.006006797242269385,0.4996601290181279,80.0,2.5955659777401014,5.213138750199228,743,0.33606934547424316,2.21226167678833,0.6228762041777373,0.3067791163921356,0.29510376221238754
0.004887912422418594,-0.007716225576587021,-0.0268364530056715,0.007320979815116669,0.4991801977157593,0.4495380833745003,0.4154622256755829,0.017605451180062917,80.0,0.9372159838676453,0.32805423345416784,0.2003999948501587,0.13575217889506414,-0.0060330434741918,0.49895438803359865,80.0,2.5918559924596916,5.205757157288491,744,0.3389246463775635,1.8842930793762207,0.6805316802114248,0.4106937050819397,0.2648152112386693
0.008626652881503105,-0.0073116223327815534,-0.021695122122764587,0.0064850936679018605,0.48025795817375183,0.4361190002411604,0.4057193398475647,0.018269093428681934,80.0,1.425750732421875,0.26464605890214443,0.12898211181163788,0.22357059857845976,-0.006065529633895494,0.4986669377945364,80.0,2.539840967585333,5.101786331064999,745,0.3370206356048584,2.843853235244751,0.5526377394795418,0.29339849948883057,0.4406449743123961
-1.4901161193847656e-08,-0.016411450738087297,-0.04160376638174057,0.008523284019980839,0.4831664562225342,0.43952291160821916,0.4013420045375824,0.017667166656033975,80.0,1.4181731939315796,0.42455632593482734,0.23041114211082458,0.21086914378335786,-0.00617555781174451,0.49803896695375444,80.0,2.522056478898041,5.066424850761891,746,0.34996461868286133,2.8593599796295166,0.8907260142266751,0.5077134370803833,0.41349114409233423
0.005181076005101204,-0.003249091422185302,-0.012775861658155918,0.0040687478473985595,0.4951075315475464,0.4639108248054981,0.4150375425815582,0.017974580548792578,80.0,1.5440597534179688,0.8309834364801645,0.401006817817688,0.24984949900544354,-0.006160874104709364,0.4974716131836176,80.0,2.437183705567382,4.8966385880783205,747,0.35225772857666016,3.096822500228882,1.6777432717382907,0.8271301984786987,0.49691989412549104
0.007166747935116291,-0.00587158722919412,-0.02205479145050049,0.006119985116631606,0.45610296726226807,0.42370367981493473,0.36898165941238403,0.018025584543410616,80.0,0.7778626680374146,0.3697850925847888,0.20047560334205627,0.1066236705224247,-0.00619214349775575,0.4963152824901044,80.0,2.349555665594525,4.721421921424568,748,0.335263729095459,1.5636529922485352,0.7597874328494072,0.4372992515563965,0.2093296176034067
0.013346947729587555,-0.00047252520453184844,-0.020463986322283745,0.0067329186522748375,0.48640525341033936,0.43551523722708224,0.3939833641052246,0.019894282867781884,80.0,8.803293228149414,3.406410078704357,1.951161503791809,0.9359421258679405,-0.006071726620953995,0.495146648235619,80.0,2.378306373429484,4.778659130163491,749,0.3334944248199463,17.615480422973633,6.822475469112396,3.9171152114868164,1.870821152668515
0.017702177166938782,-0.0031502187775913626,-0.023987453430891037,0.006474535141314054,0.4606395959854126,0.42728245854377744,0.397817999124527,0.014711125222880449,80.0,35.7608642578125,11.69639278948307,2.214505910873413,8.2824142303693,-0.006027370229014196,0.49441521831974383,80.0,2.4891126206563783,5.000168283000589,750,0.34098100662231445,71.53398132324219,23.40763164162636,4.458498001098633,16.56390124374002
