t_s,segment,position_km,speed_ms,speed_kmh,speed_limit_ms,over_limit_ms,action,action_name,energy_kwh
0.0,0,0.000,15.000,54.00,1.00,0.00,0,Brake,0.0000
1.0,0,0.000,14.200,51.12,1.00,0.00,1,Coast,0.0000
2.0,0,0.000,14.192,51.09,1.00,0.00,1,Coast,0.0000
3.0,0,0.000,14.185,51.06,1.00,0.00,1,Coast,0.0000
4.0,0,0.000,14.177,51.04,1.00,0.00,1,Coast,0.0000
5.0,0,0.000,14.169,51.01,1.00,0.00,1,Coast,0.0000
6.0,0,0.000,14.162,50.98,1.00,0.00,1,Coast,0.0000
7.0,0,0.000,14.154,50.96,1.00,0.00,1,Coast,0.0000
8.0,1,0.100,14.147,50.93,11.10,3.05,1,Coast,0.0000
9.0,1,0.100,14.131,50.87,11.10,3.03,1,Coast,0.0000
10.0,1,0.100,14.116,50.82,11.10,3.02,1,Coast,0.0000
11.0,1,0.100,14.100,50.76,11.10,3.00,1,Coast,0.0000
12.0,1,0.100,14.085,50.71,11.10,2.98,1,Coast,0.0000
13.0,1,0.100,14.069,50.65,11.10,2.97,1,Coast,0.0000
14.0,1,0.100,14.054,50.59,11.10,2.95,1,Coast,0.0000
15.0,2,0.200,14.039,50.54,11.10,2.94,1,Coast,0.0000
16.0,2,0.200,13.961,50.26,11.10,2.86,1,Coast,0.0000
17.0,2,0.200,13.883,49.98,11.10,2.78,1,Coast,0.0000
18.0,2,0.200,13.806,49.70,11.10,2.71,1,Coast,0.0000
19.0,2,0.200,13.728,49.42,11.10,2.63,1,Coast,0.0000
20.0,2,0.200,13.650,49.14,11.10,2.55,1,Coast,0.0000
21.0,2,0.200,13.573,48.86,11.10,2.47,1,Coast,0.0000
22.0,3,0.300,13.496,48.58,11.10,2.40,1,Coast,0.0000
23.0,3,0.300,13.437,48.37,11.10,2.34,1,Coast,0.0000
24.0,3,0.300,13.378,48.16,11.10,2.28,1,Coast,0.0000
25.0,3,0.300,13.320,47.95,11.10,2.22,1,Coast,0.0000
26.0,3,0.300,13.261,47.74,11.10,2.16,1,Coast,0.0000
27.0,3,0.300,13.203,47.53,11.10,2.10,1,Coast,0.0000
28.0,3,0.300,13.144,47.32,11.10,2.04,1,Coast,0.0000
29.0,4,0.400,13.086,47.11,11.10,1.99,1,Coast,0.0000
30.0,4,0.400,13.075,47.07,11.10,1.98,1,Coast,0.0000
31.0,4,0.400,13.064,47.03,11.10,1.96,1,Coast,0.0000
32.0,4,0.400,13.053,46.99,11.10,1.95,1,Coast,0.0000
33.0,4,0.400,13.042,46.95,11.10,1.94,1,Coast,0.0000
34.0,4,0.400,13.031,46.91,11.10,1.93,1,Coast,0.0000
35.0,4,0.400,13.020,46.87,11.10,1.92,1,Coast,0.0000
36.0,4,0.400,13.009,46.83,11.10,1.91,1,Coast,0.0000
37.0,5,0.500,12.998,46.79,11.10,1.90,1,Coast,0.0000
38.0,5,0.500,13.045,46.96,11.10,1.94,1,Coast,0.0000
39.0,5,0.500,13.091,47.13,11.10,1.99,1,Coast,0.0000
40.0,5,0.500,13.138,47.30,11.10,2.04,1,Coast,0.0000
41.0,5,0.500,13.185,47.47,11.10,2.08,1,Coast,0.0000
42.0,5,0.500,13.232,47.63,11.10,2.13,1,Coast,0.0000
43.0,5,0.500,13.278,47.80,11.10,2.18,1,Coast,0.0000
44.0,5,0.500,13.325,47.97,11.10,2.22,1,Coast,0.0000
45.0,6,0.600,13.371,48.14,11.10,2.27,0,Brake,0.0000
46.0,6,0.600,12.571,45.26,11.10,1.47,0,Brake,0.0000
47.0,6,0.600,11.771,42.38,11.10,0.67,0,Brake,0.0000
48.0,6,0.600,10.971,39.50,11.10,0.00,3,Power,0.0000
49.0,6,0.600,11.519,41.47,11.10,0.42,3,Power,0.7938
50.0,6,0.600,12.067,43.44,11.10,0.97,0,Brake,1.6262
51.0,6,0.600,11.267,40.56,11.10,0.17,3,Power,1.6262
52.0,6,0.600,11.814,42.53,11.10,0.71,0,Brake,2.4408
53.0,7,0.700,11.014,39.65,11.10,0.00,3,Power,2.4408
54.0,7,0.700,11.489,41.36,11.10,0.39,3,Power,3.2351
55.0,7,0.700,11.963,43.07,11.10,0.86,0,Brake,4.0627
56.0,7,0.700,11.163,40.19,11.10,0.06,3,Power,4.0627
57.0,7,0.700,11.637,41.89,11.10,0.54,3,Power,4.8674
58.0,7,0.700,12.111,43.60,11.10,1.01,0,Brake,5.7056
59.0,7,0.700,11.311,40.72,11.10,0.21,3,Power,5.7056
60.0,7,0.700,11.785,42.43,11.10,0.69,3,Power,6.5208
61.0,7,0.700,12.259,44.13,11.10,1.16,0,Brake,7.3694
62.0,8,0.800,11.459,41.25,11.10,0.36,1,Coast,7.3694
63.0,8,0.800,11.373,40.94,11.10,0.27,1,Coast,7.3694
64.0,8,0.800,11.287,40.63,11.10,0.19,1,Coast,7.3694
65.0,8,0.800,11.201,40.32,11.10,0.10,3,Power,7.3694
66.0,8,0.800,11.715,42.17,11.10,0.62,1,Coast,8.1782
67.0,8,0.800,11.629,41.86,11.10,0.53,1,Coast,8.1782
68.0,8,0.800,11.542,41.55,11.10,0.44,1,Coast,8.1782
69.0,8,0.800,11.456,41.24,11.10,0.36,1,Coast,8.1782
70.0,9,0.900,11.370,40.93,11.10,0.27,0,Brake,8.1782
71.0,9,0.900,10.570,38.05,11.10,0.00,2,Cruise,8.1782
72.0,9,0.900,10.570,38.05,11.10,0.00,2,Cruise,8.2430
73.0,9,0.900,10.570,38.05,11.10,0.00,2,Cruise,8.3078
74.0,9,0.900,10.570,38.05,11.10,0.00,2,Cruise,8.3725
75.0,9,0.900,10.570,38.05,11.10,0.00,2,Cruise,8.4373
76.0,9,0.900,10.570,38.05,11.10,0.00,2,Cruise,8.5021
77.0,9,0.900,10.570,38.05,11.10,0.00,2,Cruise,8.5669
78.0,9,0.900,10.570,38.05,11.10,0.00,2,Cruise,8.6317
79.0,9,0.900,10.570,38.05,11.10,0.00,2,Cruise,8.6964
80.0,10,1.000,10.570,38.05,11.10,0.00,2,Cruise,8.7612
81.0,10,1.000,10.570,38.05,11.10,0.00,2,Cruise,8.8659
82.0,10,1.000,10.570,38.05,11.10,0.00,2,Cruise,8.9707
83.0,10,1.000,10.570,38.05,11.10,0.00,2,Cruise,9.0754
84.0,10,1.000,10.570,38.05,11.10,0.00,2,Cruise,9.1801
85.0,10,1.000,10.570,38.05,11.10,0.00,2,Cruise,9.2848
86.0,10,1.000,10.570,38.05,11.10,0.00,2,Cruise,9.3895
87.0,10,1.000,10.570,38.05,11.10,0.00,2,Cruise,9.4942
88.0,10,1.000,10.570,38.05,11.10,0.00,2,Cruise,9.5990
89.0,11,1.100,10.570,38.05,11.10,0.00,2,Cruise,9.7037
90.0,11,1.100,10.570,38.05,11.10,0.00,2,Cruise,9.8124
91.0,11,1.100,10.570,38.05,11.10,0.00,2,Cruise,9.9211
92.0,11,1.100,10.570,38.05,11.10,0.00,2,Cruise,10.0298
93.0,11,1.100,10.570,38.05,11.10,0.00,2,Cruise,10.1385
94.0,11,1.100,10.570,38.05,11.10,0.00,2,Cruise,10.2472
95.0,11,1.100,10.570,38.05,11.10,0.00,2,Cruise,10.3559
96.0,11,1.100,10.570,38.05,11.10,0.00,2,Cruise,10.4646
97.0,11,1.100,10.570,38.05,11.10,0.00,2,Cruise,10.5733
98.0,11,1.100,10.570,38.05,11.10,0.00,2,Cruise,10.6820
99.0,12,1.200,10.570,38.05,11.10,0.00,2,Cruise,10.7907
100.0,12,1.200,10.570,38.05,11.10,0.00,2,Cruise,10.8316
101.0,12,1.200,10.570,38.05,11.10,0.00,2,Cruise,10.8726
102.0,12,1.200,10.570,38.05,11.10,0.00,2,Cruise,10.9136
103.0,12,1.200,10.570,38.05,11.10,0.00,2,Cruise,10.9545
104.0,12,1.200,10.570,38.05,11.10,0.00,2,Cruise,10.9955
105.0,12,1.200,10.570,38.05,11.10,0.00,2,Cruise,11.0364
106.0,12,1.200,10.570,38.05,11.10,0.00,2,Cruise,11.0774
107.0,12,1.200,10.570,38.05,11.10,0.00,2,Cruise,11.1184
108.0,13,1.300,10.570,38.05,11.10,0.00,2,Cruise,11.1593
109.0,13,1.300,10.570,38.05,11.10,0.00,2,Cruise,11.2495
110.0,13,1.300,10.570,38.05,11.10,0.00,2,Cruise,11.3396
111.0,13,1.300,10.570,38.05,11.10,0.00,2,Cruise,11.4298
112.0,13,1.300,10.570,38.05,11.10,0.00,2,Cruise,11.5199
113.0,13,1.300,10.570,38.05,11.10,0.00,2,Cruise,11.6101
114.0,13,1.300,10.570,38.05,11.10,0.00,2,Cruise,11.7002
115.0,13,1.300,10.570,38.05,11.10,0.00,2,Cruise,11.7904
116.0,13,1.300,10.570,38.05,11.10,0.00,2,Cruise,11.8805
117.0,13,1.300,10.570,38.05,11.10,0.00,2,Cruise,11.9707
118.0,14,1.400,10.570,38.05,11.10,0.00,2,Cruise,12.0608
119.0,14,1.400,10.570,38.05,11.10,0.00,2,Cruise,12.0968
120.0,14,1.400,10.570,38.05,11.10,0.00,2,Cruise,12.1327
121.0,14,1.400,10.570,38.05,11.10,0.00,2,Cruise,12.1687
122.0,14,1.400,10.570,38.05,11.10,0.00,2,Cruise,12.2046
123.0,14,1.400,10.570,38.05,11.10,0.00,2,Cruise,12.2406
124.0,14,1.400,10.570,38.05,11.10,0.00,2,Cruise,12.2765
125.0,14,1.400,10.570,38.05,11.10,0.00,2,Cruise,12.3125
126.0,14,1.400,10.570,38.05,11.10,0.00,2,Cruise,12.3484
127.0,15,1.500,10.570,38.05,11.10,0.00,2,Cruise,12.3844
128.0,15,1.500,10.570,38.05,11.10,0.00,2,Cruise,12.4719
129.0,15,1.500,10.570,38.05,11.10,0.00,2,Cruise,12.5593
130.0,15,1.500,10.570,38.05,11.10,0.00,2,Cruise,12.6468
131.0,15,1.500,10.570,38.05,11.10,0.00,2,Cruise,12.7343
132.0,15,1.500,10.570,38.05,11.10,0.00,2,Cruise,12.8218
133.0,15,1.500,10.570,38.05,11.10,0.00,2,Cruise,12.9093
134.0,15,1.500,10.570,38.05,11.10,0.00,2,Cruise,12.9967
135.0,15,1.500,10.570,38.05,11.10,0.00,2,Cruise,13.0842
136.0,16,1.600,10.570,38.05,11.10,0.00,2,Cruise,13.1717
137.0,16,1.600,10.570,38.05,11.10,0.00,2,Cruise,13.2409
138.0,16,1.600,10.570,38.05,11.10,0.00,2,Cruise,13.3101
139.0,16,1.600,10.570,38.05,11.10,0.00,2,Cruise,13.3793
140.0,16,1.600,10.570,38.05,11.10,0.00,2,Cruise,13.4486
141.0,16,1.600,10.570,38.05,11.10,0.00,2,Cruise,13.5178
142.0,16,1.600,10.570,38.05,11.10,0.00,2,Cruise,13.5870
143.0,16,1.600,10.570,38.05,11.10,0.00,2,Cruise,13.6562
144.0,16,1.600,10.570,38.05,11.10,0.00,2,Cruise,13.7254
145.0,16,1.600,10.570,38.05,11.10,0.00,2,Cruise,13.7946
146.0,17,1.700,10.570,38.05,11.10,0.00,2,Cruise,13.8638
147.0,17,1.700,10.570,38.05,11.10,0.00,2,Cruise,13.9570
148.0,17,1.700,10.570,38.05,11.10,0.00,2,Cruise,14.0502
149.0,17,1.700,10.570,38.05,11.10,0.00,2,Cruise,14.1434
150.0,17,1.700,10.570,38.05,11.10,0.00,2,Cruise,14.2366
151.0,17,1.700,10.570,38.05,11.10,0.00,2,Cruise,14.3298
152.0,17,1.700,10.570,38.05,11.10,0.00,2,Cruise,14.4230
153.0,17,1.700,10.570,38.05,11.10,0.00,2,Cruise,14.5162
154.0,17,1.700,10.570,38.05,11.10,0.00,2,Cruise,14.6094
155.0,18,1.800,10.570,38.05,11.10,0.00,0,Brake,14.7026
156.0,18,1.800,9.770,35.17,11.10,0.00,3,Power,14.7026
157.0,18,1.800,10.370,37.33,11.10,0.00,0,Brake,15.7448
158.0,18,1.800,9.570,34.45,11.10,0.00,3,Power,15.7448
159.0,18,1.800,10.170,36.61,11.10,0.00,3,Power,16.7876
160.0,18,1.800,10.650,38.34,11.10,0.00,0,Brake,17.5224
161.0,18,1.800,9.850,35.46,11.10,0.00,3,Power,17.5224
162.0,18,1.800,10.450,37.62,11.10,0.00,0,Brake,18.5643
163.0,18,1.800,9.650,34.74,11.10,0.00,3,Power,18.5643
164.0,18,1.800,10.250,36.90,11.10,0.00,3,Power,19.6069
165.0,19,1.900,10.729,38.63,11.10,0.00,1,Coast,20.3473
166.0,19,1.900,10.736,38.65,11.10,0.00,1,Coast,20.3473
167.0,19,1.900,10.743,38.68,11.10,0.00,1,Coast,20.3473
168.0,19,1.900,10.751,38.70,11.10,0.00,1,Coast,20.3473
169.0,19,1.900,10.758,38.73,11.10,0.00,1,Coast,20.3473
170.0,19,1.900,10.765,38.75,11.10,0.00,1,Coast,20.3473
171.0,19,1.900,10.772,38.78,11.10,0.00,1,Coast,20.3473
172.0,19,1.900,10.779,38.80,11.10,0.00,1,Coast,20.3473
173.0,19,1.900,10.786,38.83,11.10,0.00,1,Coast,20.3473
174.0,19,1.900,10.793,38.85,11.10,0.00,1,Coast,20.3473
175.0,20,2.000,10.800,38.88,11.10,0.00,1,Coast,20.3473
176.0,20,2.000,10.754,38.72,11.10,0.00,1,Coast,20.3473
177.0,20,2.000,10.709,38.55,11.10,0.00,1,Coast,20.3473
178.0,20,2.000,10.663,38.39,11.10,0.00,1,Coast,20.3473
179.0,20,2.000,10.618,38.22,11.10,0.00,1,Coast,20.3473
180.0,20,2.000,10.572,38.06,11.10,0.00,1,Coast,20.3473
181.0,20,2.000,10.527,37.90,11.10,0.00,1,Coast,20.3473
182.0,20,2.000,10.481,37.73,11.10,0.00,1,Coast,20.3473
183.0,20,2.000,10.436,37.57,11.10,0.00,1,Coast,20.3473
184.0,21,2.100,10.391,37.41,11.10,0.00,1,Coast,20.3473
185.0,21,2.100,10.267,36.96,11.10,0.00,1,Coast,20.3473
186.0,21,2.100,10.143,36.51,11.10,0.00,1,Coast,20.3473
187.0,21,2.100,10.019,36.07,11.10,0.00,1,Coast,20.3473
188.0,21,2.100,9.896,35.62,11.10,0.00,3,Power,20.3473
189.0,21,2.100,10.496,37.78,11.10,0.00,1,Coast,21.3891
190.0,21,2.100,10.372,37.34,11.10,0.00,1,Coast,21.3891
191.0,21,2.100,10.248,36.89,11.10,0.00,1,Coast,21.3891
192.0,21,2.100,10.124,36.45,11.10,0.00,1,Coast,21.3891
193.0,21,2.100,10.000,36.00,11.10,0.00,1,Coast,21.3891
194.0,22,2.200,9.877,35.56,11.10,0.00,2,Cruise,21.3891
195.0,22,2.200,10.008,36.03,11.10,0.00,2,Cruise,21.3891
196.0,22,2.200,10.138,36.50,11.10,0.00,2,Cruise,21.3891
197.0,22,2.200,10.269,36.97,11.10,0.00,2,Cruise,21.3891
198.0,22,2.200,10.400,37.44,11.10,0.00,2,Cruise,21.3891
199.0,22,2.200,10.530,37.91,11.10,0.00,2,Cruise,21.3891
200.0,22,2.200,10.661,38.38,11.10,0.00,2,Cruise,21.3891
201.0,22,2.200,10.791,38.85,11.10,0.00,2,Cruise,21.3891
202.0,22,2.200,10.921,39.32,11.10,0.00,2,Cruise,21.3891
203.0,23,2.300,11.051,39.78,11.10,0.00,2,Cruise,21.3891
204.0,23,2.300,11.069,39.85,11.10,0.00,2,Cruise,21.3891
205.0,23,2.300,11.087,39.91,11.10,0.00,2,Cruise,21.3891
206.0,23,2.300,11.104,39.98,11.10,0.00,2,Cruise,21.3891
207.0,23,2.300,11.122,40.04,11.10,0.02,2,Cruise,21.3891
208.0,23,2.300,11.140,40.10,11.10,0.04,2,Cruise,21.3891
209.0,23,2.300,11.157,40.17,11.10,0.06,2,Cruise,21.3891
210.0,23,2.300,11.175,40.23,11.10,0.07,2,Cruise,21.3891
211.0,23,2.300,11.193,40.29,11.10,0.09,2,Cruise,21.3891
212.0,24,2.400,11.210,40.36,11.10,0.11,2,Cruise,21.3891
213.0,24,2.400,11.210,40.36,11.10,0.11,2,Cruise,21.4451
214.0,24,2.400,11.210,40.36,11.10,0.11,2,Cruise,21.5011
215.0,24,2.400,11.210,40.36,11.10,0.11,2,Cruise,21.5571
216.0,24,2.400,11.210,40.36,11.10,0.11,2,Cruise,21.6131
217.0,24,2.400,11.210,40.36,11.10,0.11,2,Cruise,21.6691
218.0,24,2.400,11.210,40.36,11.10,0.11,2,Cruise,21.7251
219.0,24,2.400,11.210,40.36,11.10,0.11,2,Cruise,21.7811
220.0,24,2.400,11.210,40.36,11.10,0.11,2,Cruise,21.8372
221.0,25,2.500,11.210,40.36,11.10,0.11,3,Power,21.8932
222.0,25,2.500,11.680,42.05,11.10,0.58,3,Power,22.7011
223.0,25,2.500,12.150,43.74,11.10,1.05,0,Brake,23.5421
224.0,25,2.500,11.350,40.86,11.10,0.25,3,Power,23.5421
225.0,25,2.500,11.820,42.55,11.10,0.72,3,Power,24.3599
226.0,25,2.500,12.290,44.24,11.10,1.19,0,Brake,25.2109
227.0,25,2.500,11.490,41.36,11.10,0.39,3,Power,25.2109
228.0,25,2.500,11.960,43.05,11.10,0.86,3,Power,26.0385
229.0,25,2.500,12.429,44.74,11.10,1.33,0,Brake,26.8992
230.0,26,2.600,11.629,41.86,11.10,0.53,1,Coast,26.8992
231.0,26,2.600,11.579,41.69,11.10,0.48,1,Coast,26.8992
232.0,26,2.600,11.530,41.51,11.10,0.43,1,Coast,26.8992
233.0,26,2.600,11.480,41.33,11.10,0.38,1,Coast,26.8992
234.0,26,2.600,11.431,41.15,11.10,0.33,1,Coast,26.8992
235.0,26,2.600,11.381,40.97,11.10,0.28,1,Coast,26.8992
236.0,26,2.600,11.332,40.79,11.10,0.23,1,Coast,26.8992
237.0,26,2.600,11.282,40.62,11.10,0.18,1,Coast,26.8992
238.0,27,2.700,11.233,40.44,11.10,0.13,2,Cruise,26.8992
239.0,27,2.700,11.233,40.44,11.10,0.13,2,Cruise,26.9453
240.0,27,2.700,11.233,40.44,11.10,0.13,2,Cruise,26.9914
241.0,27,2.700,11.233,40.44,11.10,0.13,2,Cruise,27.0374
242.0,27,2.700,11.233,40.44,11.10,0.13,2,Cruise,27.0835
243.0,27,2.700,11.233,40.44,11.10,0.13,2,Cruise,27.1295
244.0,27,2.700,11.233,40.44,11.10,0.13,2,Cruise,27.1756
245.0,27,2.700,11.233,40.44,11.10,0.13,2,Cruise,27.2216
246.0,27,2.700,11.233,40.44,11.10,0.13,2,Cruise,27.2677
247.0,28,2.800,11.233,40.44,3.00,8.23,3,Power,27.3138
248.0,28,2.800,11.744,42.28,3.00,8.74,0,Brake,28.1247
249.0,28,2.800,10.944,39.40,3.00,7.94,3,Power,28.1247
250.0,28,2.800,11.455,41.24,3.00,8.46,3,Power,28.9153
251.0,28,2.800,11.966,43.08,3.00,8.97,0,Brake,29.7419
252.0,28,2.800,11.166,40.20,3.00,8.17,3,Power,29.7419
253.0,28,2.800,11.677,42.04,3.00,8.68,0,Brake,30.5481
254.0,28,2.800,10.877,39.16,3.00,7.88,3,Power,30.5481
255.0,28,2.800,11.388,41.00,3.00,8.39,3,Power,31.3339
256.0,29,2.900,11.899,42.84,1.00,0.00,3,Power,32.1558
257.0,29,2.900,12.385,44.59,1.00,0.00,0,Brake,33.0129
258.0,29,2.900,11.585,41.71,1.00,0.00,3,Power,33.0129
259.0,29,2.900,12.071,43.46,1.00,0.00,3,Power,33.8479
260.0,29,2.900,12.557,45.21,1.00,0.00,0,Brake,34.7171
261.0,29,2.900,11.757,42.33,1.00,0.00,3,Power,34.7171
262.0,29,2.900,12.244,44.08,1.00,0.00,3,Power,35.5642
263.0,29,2.900,12.729,45.83,1.00,0.00,0,Brake,36.4456
264.0,30,3.000,11.929,42.95,3.00,8.93,1,Coast,36.4456
265.0,30,3.000,11.931,42.95,3.00,8.93,1,Coast,36.4456
266.0,30,3.000,11.933,42.96,3.00,8.93,1,Coast,36.4456
267.0,30,3.000,11.935,42.97,3.00,8.94,1,Coast,36.4456
268.0,30,3.000,11.937,42.97,3.00,8.94,1,Coast,36.4456
269.0,30,3.000,11.939,42.98,3.00,8.94,1,Coast,36.4456
270.0,30,3.000,11.941,42.99,3.00,8.94,1,Coast,36.4456
271.0,30,3.000,11.943,43.00,3.00,8.94,1,Coast,36.4456
272.0,30,3.000,11.945,43.00,3.00,8.95,1,Coast,36.4456
273.0,31,3.100,11.947,43.01,19.40,0.00,1,Coast,36.4456
274.0,31,3.100,11.837,42.61,19.40,0.00,1,Coast,36.4456
275.0,31,3.100,11.728,42.22,19.40,0.00,1,Coast,36.4456
276.0,31,3.100,11.618,41.82,19.40,0.00,1,Coast,36.4456
277.0,31,3.100,11.508,41.43,19.40,0.00,1,Coast,36.4456
278.0,31,3.100,11.399,41.04,19.40,0.00,1,Coast,36.4456
279.0,31,3.100,11.290,40.64,19.40,0.00,1,Coast,36.4456
280.0,31,3.100,11.180,40.25,19.40,0.00,1,Coast,36.4456
281.0,32,3.200,11.071,39.86,19.40,0.00,1,Coast,36.4456
282.0,32,3.200,11.003,39.61,19.40,0.00,1,Coast,36.4456
283.0,32,3.200,10.935,39.37,19.40,0.00,1,Coast,36.4456
284.0,32,3.200,10.867,39.12,19.40,0.00,1,Coast,36.4456
285.0,32,3.200,10.799,38.88,19.40,0.00,1,Coast,36.4456
286.0,32,3.200,10.731,38.63,19.40,0.00,1,Coast,36.4456
287.0,32,3.200,10.663,38.39,19.40,0.00,1,Coast,36.4456
288.0,32,3.200,10.595,38.14,19.40,0.00,1,Coast,36.4456
289.0,32,3.200,10.527,37.90,19.40,0.00,1,Coast,36.4456
290.0,32,3.200,10.460,37.66,19.40,0.00,2,Cruise,36.4456
291.0,33,3.300,10.460,37.66,19.40,0.00,2,Cruise,36.5288
292.0,33,3.300,10.460,37.66,19.40,0.00,2,Cruise,36.5904
293.0,33,3.300,10.460,37.66,19.40,0.00,2,Cruise,36.6520
294.0,33,3.300,10.460,37.66,19.40,0.00,2,Cruise,36.7135
295.0,33,3.300,10.460,37.66,19.40,0.00,2,Cruise,36.7751
296.0,33,3.300,10.460,37.66,19.40,0.00,2,Cruise,36.8367
297.0,33,3.300,10.460,37.66,19.40,0.00,2,Cruise,36.8983
298.0,33,3.300,10.460,37.66,19.40,0.00,2,Cruise,36.9598
299.0,33,3.300,10.460,37.66,19.40,0.00,2,Cruise,37.0214
300.0,34,3.400,10.460,37.66,19.40,0.00,2,Cruise,37.0830
301.0,34,3.400,10.460,37.66,19.40,0.00,2,Cruise,37.1172
302.0,34,3.400,10.460,37.66,19.40,0.00,2,Cruise,37.1515
303.0,34,3.400,10.460,37.66,19.40,0.00,2,Cruise,37.1858
304.0,34,3.400,10.460,37.66,19.40,0.00,2,Cruise,37.2200
305.0,34,3.400,10.460,37.66,19.40,0.00,2,Cruise,37.2543
306.0,34,3.400,10.460,37.66,19.40,0.00,2,Cruise,37.2886
307.0,34,3.400,10.460,37.66,19.40,0.00,2,Cruise,37.3228
308.0,34,3.400,10.460,37.66,19.40,0.00,2,Cruise,37.3571
309.0,34,3.400,10.460,37.66,19.40,0.00,2,Cruise,37.3913
310.0,35,3.500,10.460,37.66,19.40,0.00,2,Cruise,37.4256
311.0,35,3.500,10.460,37.66,19.40,0.00,2,Cruise,37.5150
312.0,35,3.500,10.460,37.66,19.40,0.00,2,Cruise,37.6045
313.0,35,3.500,10.460,37.66,19.40,0.00,2,Cruise,37.6939
314.0,35,3.500,10.460,37.66,19.40,0.00,2,Cruise,37.7834
315.0,35,3.500,10.460,37.66,19.40,0.00,2,Cruise,37.8728
316.0,35,3.500,10.460,37.66,19.40,0.00,2,Cruise,37.9622
317.0,35,3.500,10.460,37.66,19.40,0.00,2,Cruise,38.0517
318.0,35,3.500,10.460,37.66,19.40,0.00,2,Cruise,38.1411
319.0,36,3.600,10.460,37.66,19.40,0.00,2,Cruise,38.2305
320.0,36,3.600,10.460,37.66,19.40,0.00,2,Cruise,38.3368
321.0,36,3.600,10.460,37.66,19.40,0.00,2,Cruise,38.4431
322.0,36,3.600,10.460,37.66,19.40,0.00,2,Cruise,38.5494
323.0,36,3.600,10.460,37.66,19.40,0.00,2,Cruise,38.6557
324.0,36,3.600,10.460,37.66,19.40,0.00,2,Cruise,38.7620
325.0,36,3.600,10.460,37.66,19.40,0.00,2,Cruise,38.8684
326.0,36,3.600,10.460,37.66,19.40,0.00,2,Cruise,38.9747
327.0,36,3.600,10.460,37.66,19.40,0.00,2,Cruise,39.0810
328.0,36,3.600,10.460,37.66,19.40,0.00,2,Cruise,39.1873
329.0,37,3.700,10.460,37.66,19.40,0.00,2,Cruise,39.2936
330.0,37,3.700,10.460,37.66,19.40,0.00,2,Cruise,39.3646
331.0,37,3.700,10.460,37.66,19.40,0.00,2,Cruise,39.4355
332.0,37,3.700,10.460,37.66,19.40,0.00,2,Cruise,39.5065
333.0,37,3.700,10.460,37.66,19.40,0.00,2,Cruise,39.5775
334.0,37,3.700,10.460,37.66,19.40,0.00,2,Cruise,39.6485
335.0,37,3.700,10.460,37.66,19.40,0.00,2,Cruise,39.7195
336.0,37,3.700,10.460,37.66,19.40,0.00,2,Cruise,39.7905
337.0,37,3.700,10.460,37.66,19.40,0.00,2,Cruise,39.8615
338.0,38,3.800,10.460,37.66,19.40,0.00,2,Cruise,39.9325
339.0,38,3.800,10.460,37.66,19.40,0.00,2,Cruise,40.0306
340.0,38,3.800,10.460,37.66,19.40,0.00,2,Cruise,40.1287
341.0,38,3.800,10.460,37.66,19.40,0.00,2,Cruise,40.2268
342.0,38,3.800,10.460,37.66,19.40,0.00,2,Cruise,40.3249
343.0,38,3.800,10.460,37.66,19.40,0.00,2,Cruise,40.4230
344.0,38,3.800,10.460,37.66,19.40,0.00,2,Cruise,40.5211
345.0,38,3.800,10.460,37.66,19.40,0.00,2,Cruise,40.6192
346.0,38,3.800,10.460,37.66,19.40,0.00,2,Cruise,40.7173
347.0,38,3.800,10.460,37.66,19.40,0.00,2,Cruise,40.8154
348.0,39,3.900,10.460,37.66,19.40,0.00,2,Cruise,40.9135
349.0,39,3.900,10.460,37.66,19.40,0.00,2,Cruise,40.9707
350.0,39,3.900,10.460,37.66,19.40,0.00,2,Cruise,41.0279
351.0,39,3.900,10.460,37.66,19.40,0.00,2,Cruise,41.0851
352.0,39,3.900,10.460,37.66,19.40,0.00,2,Cruise,41.1423
353.0,39,3.900,10.460,37.66,19.40,0.00,2,Cruise,41.1995
354.0,39,3.900,10.460,37.66,19.40,0.00,2,Cruise,41.2567
355.0,39,3.900,10.460,37.66,19.40,0.00,2,Cruise,41.3139
356.0,39,3.900,10.460,37.66,19.40,0.00,2,Cruise,41.3711
357.0,39,3.900,10.460,37.66,19.40,0.00,2,Cruise,41.4283
358.0,40,4.000,10.460,37.66,19.40,0.00,2,Cruise,41.4855
359.0,40,4.000,10.460,37.66,19.40,0.00,2,Cruise,41.5660
360.0,40,4.000,10.460,37.66,19.40,0.00,2,Cruise,41.6464
361.0,40,4.000,10.460,37.66,19.40,0.00,2,Cruise,41.7269
362.0,40,4.000,10.460,37.66,19.40,0.00,2,Cruise,41.8073
363.0,40,4.000,10.460,37.66,19.40,0.00,2,Cruise,41.8878
364.0,40,4.000,10.460,37.66,19.40,0.00,2,Cruise,41.9682
365.0,40,4.000,10.460,37.66,19.40,0.00,2,Cruise,42.0487
366.0,40,4.000,10.460,37.66,19.40,0.00,2,Cruise,42.1292
367.0,41,4.100,10.460,37.66,19.40,0.00,2,Cruise,42.2096
368.0,41,4.100,10.460,37.66,19.40,0.00,2,Cruise,42.3038
369.0,41,4.100,10.460,37.66,19.40,0.00,2,Cruise,42.3979
370.0,41,4.100,10.460,37.66,19.40,0.00,2,Cruise,42.4921
371.0,41,4.100,10.460,37.66,19.40,0.00,2,Cruise,42.5862
372.0,41,4.100,10.460,37.66,19.40,0.00,2,Cruise,42.6804
373.0,41,4.100,10.460,37.66,19.40,0.00,2,Cruise,42.7745
374.0,41,4.100,10.460,37.66,19.40,0.00,2,Cruise,42.8687
375.0,41,4.100,10.460,37.66,19.40,0.00,2,Cruise,42.9629
376.0,41,4.100,10.460,37.66,19.40,0.00,2,Cruise,43.0570
377.0,42,4.200,10.460,37.66,19.40,0.00,2,Cruise,43.1512
378.0,42,4.200,10.460,37.66,19.40,0.00,2,Cruise,43.2097
379.0,42,4.200,10.460,37.66,19.40,0.00,2,Cruise,43.2682
380.0,42,4.200,10.460,37.66,19.40,0.00,2,Cruise,43.3267
381.0,42,4.200,10.460,37.66,19.40,0.00,2,Cruise,43.3853
382.0,42,4.200,10.460,37.66,19.40,0.00,2,Cruise,43.4438
383.0,42,4.200,10.460,37.66,19.40,0.00,2,Cruise,43.5023
384.0,42,4.200,10.460,37.66,19.40,0.00,2,Cruise,43.5608
385.0,42,4.200,10.460,37.66,19.40,0.00,2,Cruise,43.6194
386.0,43,4.300,10.460,37.66,19.40,0.00,2,Cruise,43.6779
387.0,43,4.300,10.460,37.66,19.40,0.00,2,Cruise,43.7671
388.0,43,4.300,10.460,37.66,19.40,0.00,2,Cruise,43.8564
389.0,43,4.300,10.460,37.66,19.40,0.00,2,Cruise,43.9457
390.0,43,4.300,10.460,37.66,19.40,0.00,2,Cruise,44.0349
391.0,43,4.300,10.460,37.66,19.40,0.00,2,Cruise,44.1242
392.0,43,4.300,10.460,37.66,19.40,0.00,2,Cruise,44.2134
393.0,43,4.300,10.460,37.66,19.40,0.00,2,Cruise,44.3027
394.0,43,4.300,10.460,37.66,19.40,0.00,2,Cruise,44.3919
395.0,43,4.300,10.460,37.66,19.40,0.00,2,Cruise,44.4812
396.0,44,4.400,10.460,37.66,19.40,0.00,2,Cruise,44.5704
397.0,44,4.400,10.460,37.66,19.40,0.00,2,Cruise,44.6029
398.0,44,4.400,10.460,37.66,19.40,0.00,2,Cruise,44.6354
399.0,44,4.400,10.460,37.66,19.40,0.00,2,Cruise,44.6678
400.0,44,4.400,10.460,37.66,19.40,0.00,2,Cruise,44.7003
401.0,44,4.400,10.460,37.66,19.40,0.00,2,Cruise,44.7327
402.0,44,4.400,10.460,37.66,19.40,0.00,2,Cruise,44.7652
403.0,44,4.400,10.460,37.66,19.40,0.00,2,Cruise,44.7976
404.0,44,4.400,10.460,37.66,19.40,0.00,2,Cruise,44.8301
405.0,45,4.500,10.460,37.66,19.40,0.00,2,Cruise,44.8625
406.0,45,4.500,10.460,37.66,19.40,0.00,2,Cruise,45.0328
407.0,45,4.500,10.460,37.66,19.40,0.00,2,Cruise,45.2031
408.0,45,4.500,10.460,37.66,19.40,0.00,2,Cruise,45.3734
409.0,45,4.500,10.460,37.66,19.40,0.00,2,Cruise,45.5437
410.0,45,4.500,10.460,37.66,19.40,0.00,2,Cruise,45.7139
411.0,45,4.500,10.460,37.66,19.40,0.00,2,Cruise,45.8842
412.0,45,4.500,10.460,37.66,19.40,0.00,2,Cruise,46.0545
413.0,45,4.500,10.460,37.66,19.40,0.00,2,Cruise,46.2248
414.0,45,4.500,10.460,37.66,19.40,0.00,2,Cruise,46.3951
415.0,46,4.600,10.460,37.66,19.40,0.00,2,Cruise,46.5653
416.0,46,4.600,10.460,37.66,19.40,0.00,2,Cruise,46.6310
417.0,46,4.600,10.460,37.66,19.40,0.00,2,Cruise,46.6966
418.0,46,4.600,10.460,37.66,19.40,0.00,2,Cruise,46.7623
419.0,46,4.600,10.460,37.66,19.40,0.00,2,Cruise,46.8279
420.0,46,4.600,10.460,37.66,19.40,0.00,2,Cruise,46.8936
421.0,46,4.600,10.460,37.66,19.40,0.00,2,Cruise,46.9592
422.0,46,4.600,10.460,37.66,19.40,0.00,2,Cruise,47.0248
423.0,46,4.600,10.460,37.66,19.40,0.00,2,Cruise,47.0905
424.0,46,4.600,10.460,37.66,19.40,0.00,2,Cruise,47.1561
425.0,47,4.700,10.460,37.66,19.40,0.00,2,Cruise,47.2218
426.0,47,4.700,10.460,37.66,19.40,0.00,2,Cruise,47.2963
427.0,47,4.700,10.460,37.66,19.40,0.00,2,Cruise,47.3708
428.0,47,4.700,10.460,37.66,19.40,0.00,2,Cruise,47.4454
429.0,47,4.700,10.460,37.66,19.40,0.00,2,Cruise,47.5199
430.0,47,4.700,10.460,37.66,19.40,0.00,2,Cruise,47.5945
431.0,47,4.700,10.460,37.66,19.40,0.00,2,Cruise,47.6690
432.0,47,4.700,10.460,37.66,19.40,0.00,2,Cruise,47.7436
433.0,47,4.700,10.460,37.66,19.40,0.00,2,Cruise,47.8181
434.0,48,4.800,10.460,37.66,19.40,0.00,2,Cruise,47.8927
435.0,48,4.800,10.460,37.66,19.40,0.00,2,Cruise,47.9346
436.0,48,4.800,10.460,37.66,19.40,0.00,2,Cruise,47.9765
437.0,48,4.800,10.460,37.66,19.40,0.00,2,Cruise,48.0185
438.0,48,4.800,10.460,37.66,19.40,0.00,2,Cruise,48.0604
439.0,48,4.800,10.460,37.66,19.40,0.00,2,Cruise,48.1023
440.0,48,4.800,10.460,37.66,19.40,0.00,2,Cruise,48.1443
441.0,48,4.800,10.460,37.66,19.40,0.00,2,Cruise,48.1862
442.0,48,4.800,10.460,37.66,19.40,0.00,2,Cruise,48.2281
443.0,48,4.800,10.460,37.66,19.40,0.00,2,Cruise,48.2701
444.0,49,4.900,10.460,37.66,19.40,0.00,2,Cruise,48.3120
445.0,49,4.900,10.460,37.66,19.40,0.00,2,Cruise,48.4162
446.0,49,4.900,10.460,37.66,19.40,0.00,2,Cruise,48.5203
447.0,49,4.900,10.460,37.66,19.40,0.00,2,Cruise,48.6245
448.0,49,4.900,10.460,37.66,19.40,0.00,2,Cruise,48.7286
449.0,49,4.900,10.460,37.66,19.40,0.00,2,Cruise,48.8327
450.0,49,4.900,10.460,37.66,19.40,0.00,2,Cruise,48.9369
451.0,49,4.900,10.460,37.66,19.40,0.00,2,Cruise,49.0410
452.0,49,4.900,10.460,37.66,19.40,0.00,2,Cruise,49.1452
453.0,50,5.000,10.460,37.66,19.40,0.00,2,Cruise,49.2493
454.0,50,5.000,10.460,37.66,19.40,0.00,2,Cruise,49.3733
455.0,50,5.000,10.460,37.66,19.40,0.00,2,Cruise,49.4973
456.0,50,5.000,10.460,37.66,19.40,0.00,2,Cruise,49.6212
457.0,50,5.000,10.460,37.66,19.40,0.00,2,Cruise,49.7452
458.0,50,5.000,10.460,37.66,19.40,0.00,2,Cruise,49.8692
459.0,50,5.000,10.460,37.66,19.40,0.00,2,Cruise,49.9931
460.0,50,5.000,10.460,37.66,19.40,0.00,2,Cruise,50.1171
461.0,50,5.000,10.460,37.66,19.40,0.00,2,Cruise,50.2411
462.0,50,5.000,10.460,37.66,19.40,0.00,2,Cruise,50.3650
463.0,51,5.100,10.460,37.66,19.40,0.00,2,Cruise,50.4890
464.0,51,5.100,10.460,37.66,19.40,0.00,2,Cruise,50.6223
465.0,51,5.100,10.460,37.66,19.40,0.00,2,Cruise,50.7557
466.0,51,5.100,10.460,37.66,19.40,0.00,2,Cruise,50.8890
467.0,51,5.100,10.460,37.66,19.40,0.00,2,Cruise,51.0223
468.0,51,5.100,10.460,37.66,19.40,0.00,2,Cruise,51.1557
469.0,51,5.100,10.460,37.66,19.40,0.00,2,Cruise,51.2890
470.0,51,5.100,10.460,37.66,19.40,0.00,2,Cruise,51.4223
471.0,51,5.100,10.460,37.66,19.40,0.00,2,Cruise,51.5556
472.0,52,5.200,10.460,37.66,19.40,0.00,2,Cruise,51.6890
473.0,52,5.200,10.460,37.66,19.40,0.00,2,Cruise,51.7191
474.0,52,5.200,10.460,37.66,19.40,0.00,2,Cruise,51.7493
475.0,52,5.200,10.460,37.66,19.40,0.00,2,Cruise,51.7795
476.0,52,5.200,10.460,37.66,19.40,0.00,2,Cruise,51.8097
477.0,52,5.200,10.460,37.66,19.40,0.00,2,Cruise,51.8398
478.0,52,5.200,10.460,37.66,19.40,0.00,2,Cruise,51.8700
479.0,52,5.200,10.460,37.66,19.40,0.00,2,Cruise,51.9002
480.0,52,5.200,10.460,37.66,19.40,0.00,2,Cruise,51.9303
481.0,52,5.200,10.460,37.66,19.40,0.00,2,Cruise,51.9605
482.0,53,5.300,10.460,37.66,19.40,0.00,2,Cruise,51.9907
483.0,53,5.300,10.460,37.66,19.40,0.00,2,Cruise,52.0944
484.0,53,5.300,10.460,37.66,19.40,0.00,2,Cruise,52.1981
485.0,53,5.300,10.460,37.66,19.40,0.00,2,Cruise,52.3019
486.0,53,5.300,10.460,37.66,19.40,0.00,2,Cruise,52.4056
487.0,53,5.300,10.460,37.66,19.40,0.00,2,Cruise,52.5094
488.0,53,5.300,10.460,37.66,19.40,0.00,2,Cruise,52.6131
489.0,53,5.300,10.460,37.66,19.40,0.00,2,Cruise,52.7168
490.0,53,5.300,10.460,37.66,19.40,0.00,2,Cruise,52.8206
491.0,54,5.400,10.460,37.66,19.40,0.00,2,Cruise,52.9243
492.0,54,5.400,10.460,37.66,19.40,0.00,2,Cruise,53.0201
493.0,54,5.400,10.460,37.66,19.40,0.00,2,Cruise,53.1158
494.0,54,5.400,10.460,37.66,19.40,0.00,2,Cruise,53.2116
495.0,54,5.400,10.460,37.66,19.40,0.00,2,Cruise,53.3073
496.0,54,5.400,10.460,37.66,19.40,0.00,2,Cruise,53.4031
497.0,54,5.400,10.460,37.66,19.40,0.00,2,Cruise,53.4989
498.0,54,5.400,10.460,37.66,19.40,0.00,2,Cruise,53.5946
499.0,54,5.400,10.460,37.66,19.40,0.00,2,Cruise,53.6904
500.0,54,5.400,10.460,37.66,19.40,0.00,2,Cruise,53.7861
501.0,55,5.500,10.460,37.66,19.40,0.00,2,Cruise,53.8819
502.0,55,5.500,10.460,37.66,19.40,0.00,2,Cruise,53.8865
503.0,55,5.500,10.460,37.66,19.40,0.00,2,Cruise,53.8911
504.0,55,5.500,10.460,37.66,19.40,0.00,2,Cruise,53.8957
505.0,55,5.500,10.460,37.66,19.40,0.00,2,Cruise,53.9003
506.0,55,5.500,10.460,37.66,19.40,0.00,2,Cruise,53.9049
507.0,55,5.500,10.460,37.66,19.40,0.00,2,Cruise,53.9095
508.0,55,5.500,10.460,37.66,19.40,0.00,2,Cruise,53.9141
509.0,55,5.500,10.460,37.66,19.40,0.00,2,Cruise,53.9187
510.0,55,5.500,10.460,37.66,19.40,0.00,2,Cruise,53.9232
511.0,56,5.600,10.460,37.66,19.40,0.00,2,Cruise,53.9278
512.0,56,5.600,10.611,38.20,19.40,0.00,2,Cruise,53.9278
513.0,56,5.600,10.762,38.74,19.40,0.00,2,Cruise,53.9278
514.0,56,5.600,10.913,39.29,19.40,0.00,2,Cruise,53.9278
515.0,56,5.600,11.064,39.83,19.40,0.00,2,Cruise,53.9278
516.0,56,5.600,11.215,40.37,19.40,0.00,2,Cruise,53.9278
517.0,56,5.600,11.365,40.91,19.40,0.00,2,Cruise,53.9278
518.0,56,5.600,11.516,41.46,19.40,0.00,2,Cruise,53.9278
519.0,56,5.600,11.666,42.00,19.40,0.00,2,Cruise,53.9278
520.0,57,5.700,11.816,42.54,19.40,0.00,3,Power,53.9278
521.0,57,5.700,12.073,43.46,19.40,0.00,3,Power,54.7710
522.0,57,5.700,12.330,44.39,19.40,0.00,3,Power,55.6322
523.0,57,5.700,12.586,45.31,19.40,0.00,3,Power,56.5116
524.0,57,5.700,12.842,46.23,19.40,0.00,3,Power,57.4091
525.0,57,5.700,13.098,47.15,19.40,0.00,3,Power,58.3246
526.0,57,5.700,13.354,48.07,19.40,0.00,3,Power,59.2582
527.0,57,5.700,13.609,48.99,19.40,0.00,3,Power,60.2099
528.0,58,5.800,13.864,49.91,19.40,0.00,2,Cruise,61.1795
529.0,58,5.800,13.864,49.91,19.40,0.00,2,Cruise,61.2707
530.0,58,5.800,13.864,49.91,19.40,0.00,2,Cruise,61.3619
531.0,58,5.800,13.864,49.91,19.40,0.00,2,Cruise,61.4531
532.0,58,5.800,13.864,49.91,19.40,0.00,2,Cruise,61.5444
533.0,58,5.800,13.864,49.91,19.40,0.00,2,Cruise,61.6356
534.0,58,5.800,13.864,49.91,19.40,0.00,2,Cruise,61.7268
535.0,59,5.900,13.864,49.91,19.40,0.00,1,Coast,61.8180
536.0,59,5.900,13.823,49.76,19.40,0.00,1,Coast,61.8180
537.0,59,5.900,13.782,49.62,19.40,0.00,1,Coast,61.8180
538.0,59,5.900,13.742,49.47,19.40,0.00,1,Coast,61.8180
539.0,59,5.900,13.701,49.32,19.40,0.00,1,Coast,61.8180
540.0,59,5.900,13.660,49.18,19.40,0.00,1,Coast,61.8180
541.0,59,5.900,13.619,49.03,19.40,0.00,1,Coast,61.8180
542.0,60,6.000,13.579,48.88,19.40,0.00,1,Coast,61.8180
543.0,60,6.000,13.516,48.66,19.40,0.00,1,Coast,61.8180
544.0,60,6.000,13.454,48.43,19.40,0.00,1,Coast,61.8180
545.0,60,6.000,13.392,48.21,19.40,0.00,1,Coast,61.8180
546.0,60,6.000,13.329,47.99,19.40,0.00,1,Coast,61.8180
547.0,60,6.000,13.267,47.76,19.40,0.00,1,Coast,61.8180
548.0,60,6.000,13.205,47.54,19.40,0.00,1,Coast,61.8180
549.0,60,6.000,13.143,47.31,19.40,0.00,1,Coast,61.8180
550.0,61,6.100,13.081,47.09,19.40,0.00,1,Coast,61.8180
551.0,61,6.100,12.986,46.75,19.40,0.00,1,Coast,61.8180
552.0,61,6.100,12.892,46.41,19.40,0.00,1,Coast,61.8180
553.0,61,6.100,12.797,46.07,19.40,0.00,1,Coast,61.8180
554.0,61,6.100,12.703,45.73,19.40,0.00,1,Coast,61.8180
555.0,61,6.100,12.609,45.39,19.40,0.00,1,Coast,61.8180
556.0,61,6.100,12.515,45.05,19.40,0.00,1,Coast,61.8180
557.0,62,6.200,12.421,44.71,19.40,0.00,1,Coast,61.8180
558.0,62,6.200,12.297,44.27,19.40,0.00,1,Coast,61.8180
559.0,62,6.200,12.173,43.82,19.40,0.00,1,Coast,61.8180
560.0,62,6.200,12.049,43.38,19.40,0.00,1,Coast,61.8180
561.0,62,6.200,11.925,42.93,19.40,0.00,1,Coast,61.8180
562.0,62,6.200,11.801,42.48,19.40,0.00,1,Coast,61.8180
563.0,62,6.200,11.678,42.04,19.40,0.00,1,Coast,61.8180
564.0,62,6.200,11.554,41.60,19.40,0.00,1,Coast,61.8180
565.0,62,6.200,11.431,41.15,19.40,0.00,1,Coast,61.8180
566.0,63,6.300,11.308,40.71,19.40,0.00,1,Coast,61.8180
567.0,63,6.300,11.406,41.06,19.40,0.00,1,Coast,61.8180
568.0,63,6.300,11.503,41.41,19.40,0.00,1,Coast,61.8180
569.0,63,6.300,11.601,41.76,19.40,0.00,1,Coast,61.8180
570.0,63,6.300,11.698,42.11,19.40,0.00,1,Coast,61.8180
571.0,63,6.300,11.796,42.46,19.40,0.00,1,Coast,61.8180
572.0,63,6.300,11.893,42.81,19.40,0.00,1,Coast,61.8180
573.0,63,6.300,11.990,43.16,19.40,0.00,1,Coast,61.8180
574.0,64,6.400,12.087,43.51,19.40,0.00,1,Coast,61.8180
575.0,64,6.400,12.129,43.67,19.40,0.00,1,Coast,61.8180
576.0,64,6.400,12.171,43.82,19.40,0.00,1,Coast,61.8180
577.0,64,6.400,12.213,43.97,19.40,0.00,1,Coast,61.8180
578.0,64,6.400,12.255,44.12,19.40,0.00,1,Coast,61.8180
579.0,64,6.400,12.297,44.27,19.40,0.00,1,Coast,61.8180
580.0,64,6.400,12.338,44.42,19.40,0.00,1,Coast,61.8180
581.0,64,6.400,12.380,44.57,19.40,0.00,1,Coast,61.8180
582.0,65,6.500,12.422,44.72,3.00,9.42,1,Coast,61.8180
583.0,65,6.500,12.402,44.65,3.00,9.40,1,Coast,61.8180
584.0,65,6.500,12.382,44.58,3.00,9.38,1,Coast,61.8180
585.0,65,6.500,12.363,44.51,3.00,9.36,1,Coast,61.8180
586.0,65,6.500,12.343,44.43,3.00,9.34,1,Coast,61.8180
587.0,65,6.500,12.323,44.36,3.00,9.32,1,Coast,61.8180
588.0,65,6.500,12.304,44.29,3.00,9.30,1,Coast,61.8180
589.0,65,6.500,12.284,44.22,3.00,9.28,1,Coast,61.8180
590.0,65,6.500,12.265,44.15,3.00,9.26,1,Coast,61.8180
591.0,66,6.600,12.245,44.08,1.00,0.00,0,Brake,61.8180
592.0,66,6.600,11.445,41.20,1.00,0.00,2,Cruise,61.8180
593.0,66,6.600,11.445,41.20,1.00,0.00,2,Cruise,61.8180
594.0,66,6.600,11.445,41.20,1.00,0.00,2,Cruise,61.8180
595.0,66,6.600,11.445,41.20,1.00,0.00,2,Cruise,61.8180
596.0,66,6.600,11.445,41.20,1.00,0.00,2,Cruise,61.8180
597.0,66,6.600,11.445,41.20,1.00,0.00,2,Cruise,61.8180
598.0,66,6.600,11.445,41.20,1.00,0.00,2,Cruise,61.8180
599.0,67,6.700,11.445,41.20,19.40,0.00,2,Cruise,61.8180
600.0,67,6.700,11.446,41.20,19.40,0.00,2,Cruise,61.8180
601.0,67,6.700,11.446,41.21,19.40,0.00,2,Cruise,61.8180
602.0,67,6.700,11.447,41.21,19.40,0.00,2,Cruise,61.8180
603.0,67,6.700,11.448,41.21,19.40,0.00,2,Cruise,61.8180
604.0,67,6.700,11.449,41.21,19.40,0.00,2,Cruise,61.8180
605.0,67,6.700,11.449,41.22,19.40,0.00,2,Cruise,61.8180
606.0,67,6.700,11.450,41.22,19.40,0.00,2,Cruise,61.8180
607.0,67,6.700,11.451,41.22,19.40,0.00,2,Cruise,61.8180
608.0,68,6.800,11.451,41.22,19.40,0.00,2,Cruise,61.8180
609.0,68,6.800,11.451,41.22,19.40,0.00,2,Cruise,61.8302
610.0,68,6.800,11.451,41.22,19.40,0.00,2,Cruise,61.8424
611.0,68,6.800,11.451,41.22,19.40,0.00,2,Cruise,61.8546
612.0,68,6.800,11.451,41.22,19.40,0.00,2,Cruise,61.8668
613.0,68,6.800,11.451,41.22,19.40,0.00,2,Cruise,61.8790
614.0,68,6.800,11.451,41.22,19.40,0.00,2,Cruise,61.8912
615.0,68,6.800,11.451,41.22,19.40,0.00,2,Cruise,61.9034
616.0,68,6.800,11.451,41.22,19.40,0.00,2,Cruise,61.9157
617.0,69,6.900,11.451,41.22,19.40,0.00,2,Cruise,61.9279
618.0,69,6.900,11.451,41.22,19.40,0.00,2,Cruise,62.0533
619.0,69,6.900,11.451,41.22,19.40,0.00,2,Cruise,62.1787
620.0,69,6.900,11.451,41.22,19.40,0.00,2,Cruise,62.3041
621.0,69,6.900,11.451,41.22,19.40,0.00,2,Cruise,62.4295
622.0,69,6.900,11.451,41.22,19.40,0.00,2,Cruise,62.5550
623.0,69,6.900,11.451,41.22,19.40,0.00,2,Cruise,62.6804
624.0,69,6.900,11.451,41.22,19.40,0.00,2,Cruise,62.8058
625.0,70,7.000,11.451,41.22,11.10,0.35,3,Power,62.9312
626.0,70,7.000,11.757,42.32,11.10,0.66,3,Power,63.7503
627.0,70,7.000,12.062,43.42,11.10,0.96,3,Power,64.5910
628.0,70,7.000,12.366,44.52,11.10,1.27,3,Power,65.4531
629.0,70,7.000,12.671,45.61,11.10,1.57,3,Power,66.3368
630.0,70,7.000,12.975,46.71,11.10,1.87,3,Power,67.2419
631.0,70,7.000,13.278,47.80,11.10,2.18,0,Brake,68.1685
632.0,70,7.000,12.478,44.92,11.10,1.38,3,Power,68.1685
633.0,71,7.100,12.782,46.02,11.10,1.68,2,Cruise,69.0600
634.0,71,7.100,12.906,46.46,11.10,1.81,2,Cruise,69.0600
635.0,71,7.100,13.030,46.91,11.10,1.93,2,Cruise,69.0600
636.0,71,7.100,13.154,47.35,11.10,2.05,2,Cruise,69.0600
637.0,71,7.100,13.277,47.80,11.10,2.18,2,Cruise,69.0600
638.0,71,7.100,13.401,48.24,11.10,2.30,2,Cruise,69.0600
639.0,71,7.100,13.524,48.69,11.10,2.42,2,Cruise,69.0600
640.0,71,7.100,13.647,49.13,11.10,2.55,2,Cruise,69.0600
641.0,72,7.200,13.770,49.57,11.10,2.67,0,Brake,69.0600
642.0,72,7.200,12.970,46.69,11.10,1.87,0,Brake,69.0600
643.0,72,7.200,12.170,43.81,11.10,1.07,2,Cruise,69.0600
644.0,72,7.200,12.170,43.81,11.10,1.07,2,Cruise,69.3107
645.0,72,7.200,12.170,43.81,11.10,1.07,2,Cruise,69.5613
646.0,72,7.200,12.170,43.81,11.10,1.07,2,Cruise,69.8120
647.0,72,7.200,12.170,43.81,11.10,1.07,2,Cruise,70.0626
648.0,72,7.200,12.170,43.81,11.10,1.07,2,Cruise,70.3133
649.0,73,7.300,12.170,43.81,11.10,1.07,2,Cruise,70.5639
650.0,73,7.300,12.170,43.81,11.10,1.07,2,Cruise,70.7514
651.0,73,7.300,12.170,43.81,11.10,1.07,2,Cruise,70.9389
652.0,73,7.300,12.170,43.81,11.10,1.07,2,Cruise,71.1264
653.0,73,7.300,12.170,43.81,11.10,1.07,2,Cruise,71.3139
654.0,73,7.300,12.170,43.81,11.10,1.07,2,Cruise,71.5014
655.0,73,7.300,12.170,43.81,11.10,1.07,2,Cruise,71.6889
656.0,73,7.300,12.170,43.81,11.10,1.07,2,Cruise,71.8764
657.0,74,7.400,12.170,43.81,11.10,1.07,2,Cruise,72.0639
658.0,74,7.400,12.170,43.81,11.10,1.07,2,Cruise,72.1533
659.0,74,7.400,12.170,43.81,11.10,1.07,2,Cruise,72.2428
660.0,74,7.400,12.170,43.81,11.10,1.07,2,Cruise,72.3322
661.0,74,7.400,12.170,43.81,11.10,1.07,2,Cruise,72.4216
662.0,74,7.400,12.170,43.81,11.10,1.07,2,Cruise,72.5110
663.0,74,7.400,12.170,43.81,11.10,1.07,2,Cruise,72.6004
664.0,74,7.400,12.170,43.81,11.10,1.07,2,Cruise,72.6898
665.0,75,7.500,12.170,43.81,11.10,1.07,2,Cruise,72.7793
666.0,75,7.500,12.170,43.81,11.10,1.07,2,Cruise,72.9408
667.0,75,7.500,12.170,43.81,11.10,1.07,2,Cruise,73.1024
668.0,75,7.500,12.170,43.81,11.10,1.07,2,Cruise,73.2639
669.0,75,7.500,12.170,43.81,11.10,1.07,2,Cruise,73.4255
670.0,75,7.500,12.170,43.81,11.10,1.07,2,Cruise,73.5870
671.0,75,7.500,12.170,43.81,11.10,1.07,2,Cruise,73.7486
672.0,75,7.500,12.170,43.81,11.10,1.07,2,Cruise,73.9101
673.0,75,7.500,12.170,43.81,11.10,1.07,2,Cruise,74.0717
674.0,76,7.600,12.170,43.81,11.10,1.07,2,Cruise,74.2332
675.0,76,7.600,12.170,43.81,11.10,1.07,2,Cruise,74.3032
676.0,76,7.600,12.170,43.81,11.10,1.07,2,Cruise,74.3732
677.0,76,7.600,12.170,43.81,11.10,1.07,2,Cruise,74.4432
678.0,76,7.600,12.170,43.81,11.10,1.07,2,Cruise,74.5132
679.0,76,7.600,12.170,43.81,11.10,1.07,2,Cruise,74.5832
680.0,76,7.600,12.170,43.81,11.10,1.07,2,Cruise,74.6532
681.0,76,7.600,12.170,43.81,11.10,1.07,2,Cruise,74.7232
682.0,77,7.700,12.170,43.81,11.10,1.07,2,Cruise,74.7932
683.0,77,7.700,12.170,43.81,11.10,1.07,2,Cruise,74.8390
684.0,77,7.700,12.170,43.81,11.10,1.07,2,Cruise,74.8847
685.0,77,7.700,12.170,43.81,11.10,1.07,2,Cruise,74.9305
686.0,77,7.700,12.170,43.81,11.10,1.07,2,Cruise,74.9762
687.0,77,7.700,12.170,43.81,11.10,1.07,2,Cruise,75.0219
688.0,77,7.700,12.170,43.81,11.10,1.07,2,Cruise,75.0677
689.0,77,7.700,12.170,43.81,11.10,1.07,2,Cruise,75.1134
690.0,78,7.800,12.170,43.81,11.10,1.07,2,Cruise,75.1592
691.0,78,7.800,12.170,43.81,11.10,1.07,2,Cruise,75.3340
692.0,78,7.800,12.170,43.81,11.10,1.07,2,Cruise,75.5088
693.0,78,7.800,12.170,43.81,11.10,1.07,2,Cruise,75.6836
694.0,78,7.800,12.170,43.81,11.10,1.07,2,Cruise,75.8585
695.0,78,7.800,12.170,43.81,11.10,1.07,2,Cruise,76.0333
696.0,78,7.800,12.170,43.81,11.10,1.07,2,Cruise,76.2081
697.0,78,7.800,12.170,43.81,11.10,1.07,2,Cruise,76.3829
698.0,79,7.900,12.170,43.81,11.10,1.07,2,Cruise,76.5578
699.0,79,7.900,12.170,43.81,11.10,1.07,2,Cruise,76.6150
700.0,79,7.900,12.170,43.81,11.10,1.07,2,Cruise,76.6722
701.0,79,7.900,12.170,43.81,11.10,1.07,2,Cruise,76.7295
702.0,79,7.900,12.170,43.81,11.10,1.07,2,Cruise,76.7867
703.0,79,7.900,12.170,43.81,11.10,1.07,2,Cruise,76.8439
704.0,79,7.900,12.170,43.81,11.10,1.07,2,Cruise,76.9012
705.0,79,7.900,12.170,43.81,11.10,1.07,2,Cruise,76.9584
706.0,79,7.900,12.170,43.81,11.10,1.07,2,Cruise,77.0156
707.0,80,8.000,12.170,43.81,11.10,1.07,1,Coast,77.0729
708.0,80,8.000,12.107,43.58,11.10,1.01,1,Coast,77.0729
709.0,80,8.000,12.043,43.36,11.10,0.94,1,Coast,77.0729
710.0,80,8.000,11.980,43.13,11.10,0.88,1,Coast,77.0729
711.0,80,8.000,11.917,42.90,11.10,0.82,1,Coast,77.0729
712.0,80,8.000,11.854,42.67,11.10,0.75,1,Coast,77.0729
713.0,80,8.000,11.791,42.45,11.10,0.69,1,Coast,77.0729
714.0,80,8.000,11.728,42.22,11.10,0.63,1,Coast,77.0729
715.0,81,8.100,11.665,42.00,11.10,0.57,2,Cruise,77.0729
716.0,81,8.100,11.665,42.00,11.10,0.57,2,Cruise,77.1772
717.0,81,8.100,11.665,42.00,11.10,0.57,2,Cruise,77.2816
718.0,81,8.100,11.665,42.00,11.10,0.57,2,Cruise,77.3859
719.0,81,8.100,11.665,42.00,11.10,0.57,2,Cruise,77.4903
720.0,81,8.100,11.665,42.00,11.10,0.57,2,Cruise,77.5947
721.0,81,8.100,11.665,42.00,11.10,0.57,2,Cruise,77.6990
722.0,81,8.100,11.665,42.00,11.10,0.57,2,Cruise,77.8034
723.0,82,8.200,11.665,42.00,11.10,0.57,2,Cruise,77.9077
724.0,82,8.200,11.665,42.00,11.10,0.57,2,Cruise,78.0503
725.0,82,8.200,11.665,42.00,11.10,0.57,2,Cruise,78.1929
726.0,82,8.200,11.665,42.00,11.10,0.57,2,Cruise,78.3355
727.0,82,8.200,11.665,42.00,11.10,0.57,2,Cruise,78.4781
728.0,82,8.200,11.665,42.00,11.10,0.57,2,Cruise,78.6207
729.0,82,8.200,11.665,42.00,11.10,0.57,2,Cruise,78.7633
730.0,82,8.200,11.665,42.00,11.10,0.57,2,Cruise,78.9059
731.0,82,8.200,11.665,42.00,11.10,0.57,2,Cruise,79.0484
732.0,83,8.300,11.665,42.00,11.10,0.57,2,Cruise,79.1910
733.0,83,8.300,11.665,42.00,11.10,0.57,2,Cruise,79.3561
734.0,83,8.300,11.665,42.00,11.10,0.57,2,Cruise,79.5212
735.0,83,8.300,11.665,42.00,11.10,0.57,2,Cruise,79.6863
736.0,83,8.300,11.665,42.00,11.10,0.57,2,Cruise,79.8513
737.0,83,8.300,11.665,42.00,11.10,0.57,2,Cruise,80.0164
738.0,83,8.300,11.665,42.00,11.10,0.57,2,Cruise,80.1815
739.0,83,8.300,11.665,42.00,11.10,0.57,2,Cruise,80.3465
740.0,83,8.300,11.665,42.00,11.10,0.57,2,Cruise,80.5116
741.0,84,8.400,11.665,42.00,11.10,0.57,2,Cruise,80.6767
742.0,84,8.400,11.938,42.98,11.10,0.84,2,Cruise,80.6767
743.0,84,8.400,12.211,43.96,11.10,1.11,2,Cruise,80.6767
744.0,84,8.400,12.483,44.94,11.10,1.38,2,Cruise,80.6767
745.0,84,8.400,12.755,45.92,11.10,1.66,2,Cruise,80.6767
746.0,84,8.400,13.027,46.90,11.10,1.93,2,Cruise,80.6767
747.0,84,8.400,13.298,47.87,11.10,2.20,2,Cruise,80.6767
748.0,84,8.400,13.570,48.85,11.10,2.47,2,Cruise,80.6767
749.0,85,8.500,13.840,49.83,11.10,2.74,3,Power,80.6767
750.0,85,8.500,13.973,50.30,11.10,2.87,3,Power,81.6583
751.0,85,8.500,14.105,50.78,11.10,3.01,3,Power,82.6493
752.0,85,8.500,14.237,51.25,11.10,3.14,3,Power,83.6496
753.0,85,8.500,14.369,51.73,11.10,3.27,3,Power,84.6593
754.0,85,8.500,14.499,52.20,11.10,3.40,3,Power,85.6750
755.0,85,8.500,14.624,52.64,11.10,3.52,0,Brake,86.6904
756.0,86,8.600,13.824,49.76,11.10,2.72,0,Brake,86.6904
757.0,86,8.600,13.024,46.88,11.10,1.92,0,Brake,86.6904
758.0,86,8.600,12.224,44.00,11.10,1.12,2,Cruise,86.6904
759.0,86,8.600,12.224,44.00,11.10,1.12,2,Cruise,86.9324
760.0,86,8.600,12.224,44.00,11.10,1.12,2,Cruise,87.1745
761.0,86,8.600,12.224,44.00,11.10,1.12,2,Cruise,87.4165
762.0,86,8.600,12.224,44.00,11.10,1.12,2,Cruise,87.6585
763.0,86,8.600,12.224,44.00,11.10,1.12,2,Cruise,87.9005
764.0,87,8.700,12.224,44.00,11.10,1.12,2,Cruise,88.1425
765.0,87,8.700,12.224,44.00,11.10,1.12,2,Cruise,88.2247
766.0,87,8.700,12.224,44.00,11.10,1.12,2,Cruise,88.3068
767.0,87,8.700,12.224,44.00,11.10,1.12,2,Cruise,88.3889
768.0,87,8.700,12.224,44.00,11.10,1.12,2,Cruise,88.4711
769.0,87,8.700,12.224,44.00,11.10,1.12,2,Cruise,88.5532
770.0,87,8.700,12.224,44.00,11.10,1.12,2,Cruise,88.6354
771.0,87,8.700,12.224,44.00,11.10,1.12,2,Cruise,88.7175
772.0,88,8.800,12.224,44.00,11.10,1.12,2,Cruise,88.7997
773.0,88,8.800,12.224,44.00,11.10,1.12,2,Cruise,88.9140
774.0,88,8.800,12.224,44.00,11.10,1.12,2,Cruise,89.0283
775.0,88,8.800,12.224,44.00,11.10,1.12,2,Cruise,89.1426
776.0,88,8.800,12.224,44.00,11.10,1.12,2,Cruise,89.2569
777.0,88,8.800,12.224,44.00,11.10,1.12,2,Cruise,89.3712
778.0,88,8.800,12.224,44.00,11.10,1.12,2,Cruise,89.4855
779.0,88,8.800,12.224,44.00,11.10,1.12,2,Cruise,89.5998
780.0,89,8.900,12.224,44.00,11.10,1.12,2,Cruise,89.7141
781.0,89,8.900,12.224,44.00,11.10,1.12,2,Cruise,89.8023
782.0,89,8.900,12.224,44.00,11.10,1.12,2,Cruise,89.8904
783.0,89,8.900,12.224,44.00,11.10,1.12,2,Cruise,89.9785
784.0,89,8.900,12.224,44.00,11.10,1.12,2,Cruise,90.0666
785.0,89,8.900,12.224,44.00,11.10,1.12,2,Cruise,90.1547
786.0,89,8.900,12.224,44.00,11.10,1.12,2,Cruise,90.2428
787.0,89,8.900,12.224,44.00,11.10,1.12,2,Cruise,90.3310
788.0,90,9.000,12.224,44.00,11.10,1.12,2,Cruise,90.4191
789.0,90,9.000,12.224,44.00,11.10,1.12,2,Cruise,90.5061
790.0,90,9.000,12.224,44.00,11.10,1.12,2,Cruise,90.5931
791.0,90,9.000,12.224,44.00,11.10,1.12,2,Cruise,90.6801
792.0,90,9.000,12.224,44.00,11.10,1.12,2,Cruise,90.7671
793.0,90,9.000,12.224,44.00,11.10,1.12,2,Cruise,90.8541
794.0,90,9.000,12.224,44.00,11.10,1.12,2,Cruise,90.9411
795.0,90,9.000,12.224,44.00,11.10,1.12,2,Cruise,91.0281
796.0,91,9.100,12.224,44.00,11.10,1.12,2,Cruise,91.1151
797.0,91,9.100,12.224,44.00,11.10,1.12,2,Cruise,91.2130
798.0,91,9.100,12.224,44.00,11.10,1.12,2,Cruise,91.3109
799.0,91,9.100,12.224,44.00,11.10,1.12,2,Cruise,91.4088
800.0,91,9.100,12.224,44.00,11.10,1.12,2,Cruise,91.5068
801.0,91,9.100,12.224,44.00,11.10,1.12,2,Cruise,91.6047
802.0,91,9.100,12.224,44.00,11.10,1.12,2,Cruise,91.7026
803.0,91,9.100,12.224,44.00,11.10,1.12,2,Cruise,91.8005
804.0,92,9.200,12.224,44.00,11.10,1.12,2,Cruise,91.8984
805.0,92,9.200,12.224,44.00,11.10,1.12,2,Cruise,92.0456
806.0,92,9.200,12.224,44.00,11.10,1.12,2,Cruise,92.1928
807.0,92,9.200,12.224,44.00,11.10,1.12,2,Cruise,92.3400
808.0,92,9.200,12.224,44.00,11.10,1.12,2,Cruise,92.4872
809.0,92,9.200,12.224,44.00,11.10,1.12,2,Cruise,92.6344
810.0,92,9.200,12.224,44.00,11.10,1.12,2,Cruise,92.7816
811.0,92,9.200,12.224,44.00,11.10,1.12,2,Cruise,92.9288
812.0,92,9.200,12.224,44.00,11.10,1.12,2,Cruise,93.0760
813.0,93,9.300,12.224,44.00,11.10,1.12,2,Cruise,93.2232
814.0,93,9.300,12.224,44.00,11.10,1.12,2,Cruise,93.2435
815.0,93,9.300,12.224,44.00,11.10,1.12,2,Cruise,93.2638
816.0,93,9.300,12.224,44.00,11.10,1.12,2,Cruise,93.2842
817.0,93,9.300,12.224,44.00,11.10,1.12,2,Cruise,93.3045
818.0,93,9.300,12.224,44.00,11.10,1.12,2,Cruise,93.3248
819.0,93,9.300,12.224,44.00,11.10,1.12,2,Cruise,93.3451
820.0,93,9.300,12.224,44.00,11.10,1.12,2,Cruise,93.3654
821.0,94,9.400,12.224,44.00,11.10,1.12,2,Cruise,93.3857
822.0,94,9.400,12.224,44.00,11.10,1.12,2,Cruise,93.6013
823.0,94,9.400,12.224,44.00,11.10,1.12,2,Cruise,93.8170
824.0,94,9.400,12.224,44.00,11.10,1.12,2,Cruise,94.0326
825.0,94,9.400,12.224,44.00,11.10,1.12,2,Cruise,94.2482
826.0,94,9.400,12.224,44.00,11.10,1.12,2,Cruise,94.4638
827.0,94,9.400,12.224,44.00,11.10,1.12,2,Cruise,94.6794
828.0,94,9.400,12.224,44.00,11.10,1.12,2,Cruise,94.8950
829.0,95,9.500,12.224,44.00,11.10,1.12,1,Coast,95.1106
830.0,95,9.500,12.098,43.55,11.10,1.00,1,Coast,95.1106
831.0,95,9.500,11.973,43.10,11.10,0.87,1,Coast,95.1106
832.0,95,9.500,11.848,42.65,11.10,0.75,1,Coast,95.1106
833.0,95,9.500,11.723,42.20,11.10,0.62,1,Coast,95.1106
834.0,95,9.500,11.598,41.75,11.10,0.50,1,Coast,95.1106
835.0,95,9.500,11.473,41.30,11.10,0.37,1,Coast,95.1106
836.0,95,9.500,11.349,40.85,11.10,0.25,1,Coast,95.1106
837.0,95,9.500,11.224,40.41,11.10,0.12,1,Coast,95.1106
838.0,96,9.600,11.100,39.96,11.10,0.00,1,Coast,95.1106
839.0,96,9.600,11.057,39.81,11.10,0.00,1,Coast,95.1106
840.0,96,9.600,11.015,39.65,11.10,0.00,1,Coast,95.1106
841.0,96,9.600,10.972,39.50,11.10,0.00,1,Coast,95.1106
842.0,96,9.600,10.930,39.35,11.10,0.00,1,Coast,95.1106
843.0,96,9.600,10.887,39.19,11.10,0.00,1,Coast,95.1106
844.0,96,9.600,10.845,39.04,11.10,0.00,1,Coast,95.1106
845.0,96,9.600,10.803,38.89,11.10,0.00,1,Coast,95.1106
846.0,96,9.600,10.760,38.74,11.10,0.00,1,Coast,95.1106
847.0,97,9.700,10.718,38.59,11.10,0.00,2,Cruise,95.1106
848.0,97,9.700,10.718,38.59,11.10,0.00,2,Cruise,95.2414
849.0,97,9.700,10.718,38.59,11.10,0.00,2,Cruise,95.3722
850.0,97,9.700,10.718,38.59,11.10,0.00,2,Cruise,95.5030
851.0,97,9.700,10.718,38.59,11.10,0.00,2,Cruise,95.6338
852.0,97,9.700,10.718,38.59,11.10,0.00,2,Cruise,95.7646
853.0,97,9.700,10.718,38.59,11.10,0.00,2,Cruise,95.8954
854.0,97,9.700,10.718,38.59,11.10,0.00,2,Cruise,96.0262
855.0,97,9.700,10.718,38.59,11.10,0.00,2,Cruise,96.1570
856.0,98,9.800,10.718,38.59,11.10,0.00,2,Cruise,96.2878
857.0,98,9.800,10.718,38.59,11.10,0.00,2,Cruise,96.3670
858.0,98,9.800,10.718,38.59,11.10,0.00,2,Cruise,96.4462
859.0,98,9.800,10.718,38.59,11.10,0.00,2,Cruise,96.5254
860.0,98,9.800,10.718,38.59,11.10,0.00,2,Cruise,96.6046
861.0,98,9.800,10.718,38.59,11.10,0.00,2,Cruise,96.6838
862.0,98,9.800,10.718,38.59,11.10,0.00,2,Cruise,96.7630
863.0,98,9.800,10.718,38.59,11.10,0.00,2,Cruise,96.8421
864.0,98,9.800,10.718,38.59,11.10,0.00,2,Cruise,96.9213
865.0,99,9.900,10.718,38.59,11.10,0.00,2,Cruise,97.0005
866.0,99,9.900,10.939,39.38,11.10,0.00,2,Cruise,97.0005
867.0,99,9.900,11.160,40.18,11.10,0.06,2,Cruise,97.0005
868.0,99,9.900,11.381,40.97,11.10,0.28,2,Cruise,97.0005
869.0,99,9.900,11.602,41.77,11.10,0.50,2,Cruise,97.0005
870.0,99,9.900,11.822,42.56,11.10,0.72,2,Cruise,97.0005
871.0,99,9.900,12.042,43.35,11.10,0.94,2,Cruise,97.0005
872.0,99,9.900,12.262,44.14,11.10,1.16,2,Cruise,97.0005
873.0,99,9.900,12.482,44.94,11.10,1.38,2,Cruise,97.0005
874.0,100,10.000,12.702,45.73,11.10,1.60,1,Coast,97.0005
875.0,100,10.000,12.584,45.30,11.10,1.48,1,Coast,97.0005
876.0,100,10.000,12.466,44.88,11.10,1.37,1,Coast,97.0005
877.0,100,10.000,12.349,44.46,11.10,1.25,1,Coast,97.0005
878.0,100,10.000,12.232,44.03,11.10,1.13,1,Coast,97.0005
879.0,100,10.000,12.115,43.61,11.10,1.01,1,Coast,97.0005
880.0,100,10.000,11.998,43.19,11.10,0.90,1,Coast,97.0005
881.0,100,10.000,11.881,42.77,11.10,0.78,1,Coast,97.0005
882.0,101,10.100,11.764,42.35,11.10,0.66,1,Coast,97.0005
883.0,101,10.100,11.546,41.57,11.10,0.45,1,Coast,97.0005
884.0,101,10.100,11.328,40.78,11.10,0.23,1,Coast,97.0005
885.0,101,10.100,11.111,40.00,11.10,0.01,3,Power,97.0005
886.0,101,10.100,11.494,41.38,11.10,0.39,1,Coast,97.7983
887.0,101,10.100,11.276,40.59,11.10,0.18,1,Coast,97.7983
888.0,101,10.100,11.059,39.81,11.10,0.00,3,Power,97.7983
889.0,101,10.100,11.442,41.19,11.10,0.34,1,Coast,98.5925
890.0,101,10.100,11.224,40.41,11.10,0.12,1,Coast,98.5925
891.0,102,10.200,11.007,39.63,1.00,0.00,1,Coast,98.5925
892.0,102,10.200,10.961,39.46,1.00,0.00,1,Coast,98.5925
893.0,102,10.200,10.915,39.29,1.00,0.00,1,Coast,98.5925
894.0,102,10.200,10.869,39.13,1.00,0.00,3,Power,98.5925
895.0,102,10.200,11.423,41.12,1.00,0.00,1,Coast,99.3792
896.0,102,10.200,11.376,40.95,1.00,0.00,1,Coast,99.3792
897.0,102,10.200,11.329,40.79,1.00,0.00,1,Coast,99.3792
898.0,102,10.200,11.283,40.62,1.00,0.00,1,Coast,99.3792
899.0,102,10.200,11.237,40.45,1.00,0.00,1,Coast,99.3792
900.0,103,10.300,11.190,40.28,11.10,0.09,1,Coast,99.3792
901.0,103,10.300,11.155,40.16,11.10,0.06,1,Coast,99.3792
902.0,103,10.300,11.120,40.03,11.10,0.02,1,Coast,99.3792
903.0,103,10.300,11.085,39.91,11.10,0.00,1,Coast,99.3792
904.0,103,10.300,11.051,39.78,11.10,0.00,1,Coast,99.3792
905.0,103,10.300,11.016,39.66,11.10,0.00,1,Coast,99.3792
906.0,103,10.300,10.981,39.53,11.10,0.00,1,Coast,99.3792
907.0,103,10.300,10.946,39.41,11.10,0.00,1,Coast,99.3792
908.0,103,10.300,10.912,39.28,11.10,0.00,1,Coast,99.3792
909.0,104,10.400,10.877,39.16,11.10,0.00,2,Cruise,99.3792
910.0,104,10.400,11.142,40.11,11.10,0.04,2,Cruise,99.3792
911.0,104,10.400,11.408,41.07,11.10,0.31,2,Cruise,99.3792
912.0,104,10.400,11.673,42.02,11.10,0.57,2,Cruise,99.3792
913.0,104,10.400,11.938,42.98,11.10,0.84,2,Cruise,99.3792
914.0,104,10.400,12.202,43.93,11.10,1.10,2,Cruise,99.3792
915.0,104,10.400,12.466,44.88,11.10,1.37,2,Cruise,99.3792
916.0,104,10.400,12.730,45.83,11.10,1.63,2,Cruise,99.3792
917.0,105,10.500,12.994,46.78,11.10,1.89,3,Power,99.3792
918.0,105,10.500,13.312,47.92,11.10,2.21,3,Power,100.3077
919.0,105,10.500,13.631,49.07,11.10,2.53,1,Coast,101.2586
920.0,105,10.500,13.349,48.06,11.10,2.25,3,Power,101.2586
921.0,105,10.500,13.667,49.20,11.10,2.57,1,Coast,102.2121
922.0,105,10.500,13.385,48.19,11.10,2.28,3,Power,102.2121
923.0,105,10.500,13.703,49.33,11.10,2.60,1,Coast,103.1682
924.0,105,10.500,13.421,48.32,11.10,2.32,3,Power,103.1682
925.0,106,10.600,13.739,49.46,11.10,2.64,1,Coast,104.1268
926.0,106,10.600,13.692,49.29,11.10,2.59,1,Coast,104.1268
927.0,106,10.600,13.645,49.12,11.10,2.55,1,Coast,104.1268
928.0,106,10.600,13.598,48.95,11.10,2.50,1,Coast,104.1268
929.0,106,10.600,13.551,48.79,11.10,2.45,1,Coast,104.1268
930.0,106,10.600,13.505,48.62,11.10,2.40,1,Coast,104.1268
931.0,106,10.600,13.458,48.45,11.10,2.36,1,Coast,104.1268
932.0,107,10.700,13.411,48.28,11.10,2.31,1,Coast,104.1268
933.0,107,10.700,13.375,48.15,11.10,2.27,1,Coast,104.1268
934.0,107,10.700,13.339,48.02,11.10,2.24,1,Coast,104.1268
935.0,107,10.700,13.303,47.89,11.10,2.20,1,Coast,104.1268
936.0,107,10.700,13.267,47.76,11.10,2.17,1,Coast,104.1268
937.0,107,10.700,13.231,47.63,11.10,2.13,1,Coast,104.1268
938.0,107,10.700,13.195,47.50,11.10,2.09,1,Coast,104.1268
939.0,107,10.700,13.159,47.37,11.10,2.06,1,Coast,104.1268
940.0,108,10.800,13.123,47.24,11.10,2.02,1,Coast,104.1268
941.0,108,10.800,13.119,47.23,11.10,2.02,1,Coast,104.1268
942.0,108,10.800,13.115,47.21,11.10,2.01,1,Coast,104.1268
943.0,108,10.800,13.111,47.20,11.10,2.01,1,Coast,104.1268
944.0,108,10.800,13.107,47.18,11.10,2.01,1,Coast,104.1268
945.0,108,10.800,13.103,47.17,11.10,2.00,1,Coast,104.1268
946.0,108,10.800,13.099,47.16,11.10,2.00,1,Coast,104.1268
947.0,109,10.900,13.095,47.14,11.10,1.99,1,Coast,104.1268
948.0,109,10.900,13.070,47.05,11.10,1.97,1,Coast,104.1268
949.0,109,10.900,13.046,46.96,11.10,1.95,1,Coast,104.1268
950.0,109,10.900,13.021,46.88,11.10,1.92,1,Coast,104.1268
951.0,109,10.900,12.997,46.79,11.10,1.90,1,Coast,104.1268
952.0,109,10.900,12.972,46.70,11.10,1.87,1,Coast,104.1268
953.0,109,10.900,12.948,46.61,11.10,1.85,1,Coast,104.1268
954.0,109,10.900,12.923,46.52,11.10,1.82,1,Coast,104.1268
955.0,110,11.000,12.899,46.44,11.10,1.80,1,Coast,104.1268
956.0,110,11.000,12.878,46.36,11.10,1.78,1,Coast,104.1268
957.0,110,11.000,12.856,46.28,11.10,1.76,1,Coast,104.1268
958.0,110,11.000,12.835,46.21,11.10,1.73,1,Coast,104.1268
959.0,110,11.000,12.814,46.13,11.10,1.71,1,Coast,104.1268
960.0,110,11.000,12.792,46.05,11.10,1.69,1,Coast,104.1268
961.0,110,11.000,12.771,45.98,11.10,1.67,1,Coast,104.1268
962.0,110,11.000,12.750,45.90,11.10,1.65,1,Coast,104.1268
963.0,111,11.100,12.728,45.82,11.10,1.63,3,Power,104.1268
964.0,111,11.100,13.313,47.93,11.10,2.21,3,Power,105.0459
965.0,111,11.100,13.897,50.03,11.10,2.80,1,Coast,106.0062
966.0,111,11.100,13.880,49.97,11.10,2.78,1,Coast,106.0062
967.0,111,11.100,13.863,49.91,11.10,2.76,1,Coast,106.0062
968.0,111,11.100,13.846,49.85,11.10,2.75,1,Coast,106.0062
969.0,111,11.100,13.830,49.79,11.10,2.73,1,Coast,106.0062
970.0,112,11.200,13.813,49.73,11.10,2.71,1,Coast,106.0062
971.0,112,11.200,13.739,49.46,11.10,2.64,1,Coast,106.0062
972.0,112,11.200,13.665,49.19,11.10,2.56,1,Coast,106.0062
973.0,112,11.200,13.591,48.93,11.10,2.49,1,Coast,106.0062
974.0,112,11.200,13.517,48.66,11.10,2.42,1,Coast,106.0062
975.0,112,11.200,13.443,48.40,11.10,2.34,1,Coast,106.0062
976.0,112,11.200,13.370,48.13,11.10,2.27,1,Coast,106.0062
977.0,113,11.300,13.296,47.87,11.10,2.20,1,Coast,106.0062
978.0,113,11.300,13.210,47.56,11.10,2.11,1,Coast,106.0062
979.0,113,11.300,13.124,47.25,11.10,2.02,1,Coast,106.0062
980.0,113,11.300,13.038,46.94,11.10,1.94,1,Coast,106.0062
981.0,113,11.300,12.952,46.63,11.10,1.85,1,Coast,106.0062
982.0,113,11.300,12.867,46.32,11.10,1.77,1,Coast,106.0062
983.0,113,11.300,12.781,46.01,11.10,1.68,1,Coast,106.0062
984.0,113,11.300,12.696,45.70,11.10,1.60,1,Coast,106.0062
985.0,114,11.400,12.610,45.40,11.10,1.51,1,Coast,106.0062
986.0,114,11.400,12.494,44.98,11.10,1.39,1,Coast,106.0062
987.0,114,11.400,12.377,44.56,11.10,1.28,3,Power,106.0062
988.0,114,11.400,12.861,46.30,11.10,1.76,1,Coast,106.8970
989.0,114,11.400,12.744,45.88,11.10,1.64,1,Coast,106.8970
990.0,114,11.400,12.627,45.46,11.10,1.53,1,Coast,106.8970
991.0,114,11.400,12.510,45.04,11.10,1.41,1,Coast,106.8970
992.0,114,11.400,12.393,44.62,11.10,1.29,3,Power,106.8970
993.0,115,11.500,12.877,46.36,11.10,1.78,1,Coast,107.7889
994.0,115,11.500,12.767,45.96,11.10,1.67,1,Coast,107.7889
995.0,115,11.500,12.656,45.56,11.10,1.56,1,Coast,107.7889
996.0,115,11.500,12.546,45.17,11.10,1.45,1,Coast,107.7889
997.0,115,11.500,12.436,44.77,11.10,1.34,1,Coast,107.7889
998.0,115,11.500,12.327,44.38,11.10,1.23,1,Coast,107.7889
999.0,115,11.500,12.217,43.98,11.10,1.12,1,Coast,107.7889
1000.0,115,11.500,12.107,43.59,11.10,1.01,1,Coast,107.7889
1001.0,116,11.600,11.998,43.19,11.10,0.90,1,Coast,107.7889
1002.0,116,11.600,11.991,43.17,11.10,0.89,1,Coast,107.7889
1003.0,116,11.600,11.984,43.14,11.10,0.88,1,Coast,107.7889
1004.0,116,11.600,11.977,43.12,11.10,0.88,1,Coast,107.7889
1005.0,116,11.600,11.970,43.09,11.10,0.87,1,Coast,107.7889
1006.0,116,11.600,11.963,43.07,11.10,0.86,1,Coast,107.7889
1007.0,116,11.600,11.956,43.04,11.10,0.86,1,Coast,107.7889
1008.0,116,11.600,11.949,43.02,11.10,0.85,1,Coast,107.7889
1009.0,116,11.600,11.942,42.99,11.10,0.84,1,Coast,107.7889
1010.0,117,11.700,11.935,42.97,11.10,0.83,1,Coast,107.7889
1011.0,117,11.700,11.916,42.90,11.10,0.82,1,Coast,107.7889
1012.0,117,11.700,11.896,42.83,11.10,0.80,1,Coast,107.7889
1013.0,117,11.700,11.877,42.76,11.10,0.78,1,Coast,107.7889
1014.0,117,11.700,11.858,42.69,11.10,0.76,1,Coast,107.7889
1015.0,117,11.700,11.839,42.62,11.10,0.74,1,Coast,107.7889
1016.0,117,11.700,11.820,42.55,11.10,0.72,1,Coast,107.7889
1017.0,117,11.700,11.801,42.48,11.10,0.70,1,Coast,107.7889
1018.0,118,11.800,11.782,42.41,11.10,0.68,1,Coast,107.7889
1019.0,118,11.800,11.711,42.16,11.10,0.61,1,Coast,107.7889
1020.0,118,11.800,11.640,41.91,11.10,0.54,1,Coast,107.7889
1021.0,118,11.800,11.570,41.65,11.10,0.47,1,Coast,107.7889
1022.0,118,11.800,11.499,41.40,11.10,0.40,1,Coast,107.7889
1023.0,118,11.800,11.429,41.14,11.10,0.33,1,Coast,107.7889
1024.0,118,11.800,11.359,40.89,11.10,0.26,1,Coast,107.7889
1025.0,118,11.800,11.289,40.64,11.10,0.19,1,Coast,107.7889
1026.0,118,11.800,11.219,40.39,11.10,0.12,1,Coast,107.7889
1027.0,119,11.900,11.148,40.13,11.10,0.05,1,Coast,107.7889
1028.0,119,11.900,11.083,39.90,11.10,0.00,1,Coast,107.7889
1029.0,119,11.900,11.017,39.66,11.10,0.00,1,Coast,107.7889
1030.0,119,11.900,10.951,39.43,11.10,0.00,1,Coast,107.7889
1031.0,119,11.900,10.886,39.19,11.10,0.00,1,Coast,107.7889
1032.0,119,11.900,10.820,38.95,11.10,0.00,1,Coast,107.7889
1033.0,119,11.900,10.755,38.72,11.10,0.00,1,Coast,107.7889
1034.0,119,11.900,10.690,38.48,11.10,0.00,1,Coast,107.7889
1035.0,119,11.900,10.624,38.25,11.10,0.00,1,Coast,107.7889
1036.0,120,12.000,10.559,38.01,11.10,0.00,1,Coast,107.7889
1037.0,120,12.000,10.520,37.87,11.10,0.00,1,Coast,107.7889
1038.0,120,12.000,10.482,37.73,11.10,0.00,1,Coast,107.7889
1039.0,120,12.000,10.443,37.59,11.10,0.00,1,Coast,107.7889
1040.0,120,12.000,10.404,37.46,11.10,0.00,1,Coast,107.7889
1041.0,120,12.000,10.366,37.32,11.10,0.00,1,Coast,107.7889
1042.0,120,12.000,10.327,37.18,11.10,0.00,1,Coast,107.7889
1043.0,120,12.000,10.289,37.04,11.10,0.00,1,Coast,107.7889
1044.0,120,12.000,10.250,36.90,11.10,0.00,1,Coast,107.7889
1045.0,121,12.100,10.212,36.76,11.10,0.00,1,Coast,107.7889
1046.0,121,12.100,10.180,36.65,11.10,0.00,1,Coast,107.7889
1047.0,121,12.100,10.148,36.53,11.10,0.00,1,Coast,107.7889
1048.0,121,12.100,10.116,36.42,11.10,0.00,1,Coast,107.7889
1049.0,121,12.100,10.084,36.30,11.10,0.00,1,Coast,107.7889
1050.0,121,12.100,10.052,36.19,11.10,0.00,1,Coast,107.7889
1051.0,121,12.100,10.021,36.07,11.10,0.00,1,Coast,107.7889
1052.0,121,12.100,9.989,35.96,11.10,0.00,1,Coast,107.7889
1053.0,121,12.100,9.957,35.85,11.10,0.00,1,Coast,107.7889
1054.0,121,12.100,9.925,35.73,11.10,0.00,1,Coast,107.7889
1055.0,122,12.200,9.894,35.62,11.10,0.00,1,Coast,107.7889
1056.0,122,12.200,9.928,35.74,11.10,0.00,1,Coast,107.7889
1057.0,122,12.200,9.962,35.86,11.10,0.00,1,Coast,107.7889
1058.0,122,12.200,9.995,35.98,11.10,0.00,1,Coast,107.7889
1059.0,122,12.200,10.029,36.10,11.10,0.00,1,Coast,107.7889
1060.0,122,12.200,10.063,36.23,11.10,0.00,1,Coast,107.7889
1061.0,122,12.200,10.097,36.35,11.10,0.00,1,Coast,107.7889
1062.0,122,12.200,10.130,36.47,11.10,0.00,1,Coast,107.7889
1063.0,122,12.200,10.164,36.59,11.10,0.00,1,Coast,107.7889
1064.0,122,12.200,10.198,36.71,11.10,0.00,1,Coast,107.7889
1065.0,123,12.300,10.231,36.83,11.10,0.00,3,Power,107.7889
1066.0,123,12.300,10.828,38.98,11.10,0.00,3,Power,108.5321
1067.0,123,12.300,11.424,41.13,11.10,0.32,1,Coast,109.3175
1068.0,123,12.300,11.420,41.11,11.10,0.32,1,Coast,109.3175
1069.0,123,12.300,11.416,41.10,11.10,0.32,1,Coast,109.3175
1070.0,123,12.300,11.411,41.08,11.10,0.31,1,Coast,109.3175
1071.0,123,12.300,11.407,41.06,11.10,0.31,1,Coast,109.3175
1072.0,123,12.300,11.403,41.05,11.10,0.30,1,Coast,109.3175
1073.0,123,12.300,11.398,41.03,11.10,0.30,1,Coast,109.3175
1074.0,124,12.400,11.394,41.02,11.10,0.29,3,Power,109.3175
1075.0,124,12.400,11.980,43.13,11.10,0.88,1,Coast,110.1424
1076.0,124,12.400,11.965,43.07,11.10,0.86,1,Coast,110.1424
1077.0,124,12.400,11.950,43.02,11.10,0.85,1,Coast,110.1424
1078.0,124,12.400,11.935,42.97,11.10,0.83,1,Coast,110.1424
1079.0,124,12.400,11.920,42.91,11.10,0.82,1,Coast,110.1424
1080.0,124,12.400,11.905,42.86,11.10,0.81,1,Coast,110.1424
1081.0,124,12.400,11.890,42.80,11.10,0.79,1,Coast,110.1424
1082.0,124,12.400,11.875,42.75,11.10,0.78,3,Power,110.1424
1083.0,125,12.500,12.461,44.86,11.10,1.36,3,Power,111.0014
1084.0,125,12.500,13.015,46.85,11.10,1.91,3,Power,111.9005
1085.0,125,12.500,13.568,48.85,11.10,2.47,1,Coast,112.8387
1086.0,125,12.500,13.521,48.68,11.10,2.42,1,Coast,112.8387
1087.0,125,12.500,13.474,48.51,11.10,2.37,1,Coast,112.8387
1088.0,125,12.500,13.427,48.34,11.10,2.33,1,Coast,112.8387
1089.0,125,12.500,13.380,48.17,11.10,2.28,1,Coast,112.8387
1090.0,126,12.600,13.333,48.00,11.10,2.23,3,Power,112.8387
1091.0,126,12.600,13.885,49.99,11.10,2.79,2,Cruise,113.7994
1092.0,126,12.600,13.885,49.99,11.10,2.79,2,Cruise,113.8794
1093.0,126,12.600,13.885,49.99,11.10,2.79,2,Cruise,113.9595
1094.0,126,12.600,13.885,49.99,11.10,2.79,2,Cruise,114.0396
1095.0,126,12.600,13.885,49.99,11.10,2.79,2,Cruise,114.1196
1096.0,126,12.600,13.885,49.99,11.10,2.79,2,Cruise,114.1997
1097.0,127,12.700,13.885,49.99,11.10,2.79,3,Power,114.2798
1098.0,127,12.700,14.352,51.67,11.10,3.25,3,Power,115.2764
1099.0,127,12.700,14.818,53.34,11.10,3.72,3,Power,116.3039
1100.0,127,12.700,15.264,54.95,11.10,4.16,0,Brake,117.3302
1101.0,127,12.700,14.464,52.07,11.10,3.36,3,Power,117.3302
1102.0,127,12.700,14.925,53.73,11.10,3.83,0,Brake,118.3575
1103.0,127,12.700,14.125,50.85,11.10,3.03,3,Power,118.3575
1104.0,128,12.800,14.592,52.53,11.10,3.49,0,Brake,119.3710
1105.0,128,12.800,13.792,49.65,11.10,2.69,3,Power,119.3710
1106.0,128,12.800,14.323,51.56,11.10,3.22,3,Power,120.3633
1107.0,128,12.800,14.853,53.47,11.10,3.75,0,Brake,121.3930
1108.0,128,12.800,14.053,50.59,11.10,2.95,3,Power,121.3930
1109.0,128,12.800,14.583,52.50,11.10,3.48,0,Brake,122.4037
1110.0,128,12.800,13.783,49.62,11.10,2.68,3,Power,122.4037
1111.0,129,12.900,14.314,51.53,11.10,3.21,3,Power,123.3954
1112.0,129,12.900,14.812,53.32,11.10,3.71,0,Brake,124.4234
1113.0,129,12.900,14.012,50.44,11.10,2.91,3,Power,124.4234
1114.0,129,12.900,14.511,52.24,11.10,3.41,0,Brake,125.4301
1115.0,129,12.900,13.711,49.36,11.10,2.61,3,Power,125.4301
1116.0,129,12.900,14.209,51.15,11.10,3.11,3,Power,126.4155
1117.0,129,12.900,14.708,52.95,11.10,3.61,0,Brake,127.4361
1118.0,130,13.000,13.908,50.07,11.10,2.81,3,Power,127.4361
1119.0,130,13.000,14.351,51.66,11.10,3.25,3,Power,128.4334
1120.0,130,13.000,14.792,53.25,11.10,3.69,0,Brake,129.4601
1121.0,130,13.000,13.992,50.37,11.10,2.89,3,Power,129.4601
1122.0,130,13.000,14.435,51.97,11.10,3.34,3,Power,130.4634
1123.0,130,13.000,14.873,53.54,11.10,3.77,0,Brake,131.4899
1124.0,130,13.000,14.073,50.66,11.10,2.97,3,Power,131.4899
1125.0,131,13.100,14.516,52.26,11.10,3.42,3,Power,132.4989
1126.0,131,13.100,14.936,53.77,11.10,3.84,0,Brake,133.5246
1127.0,131,13.100,14.136,50.89,11.10,3.04,3,Power,133.5246
1128.0,131,13.100,14.563,52.43,11.10,3.46,3,Power,134.5375
1129.0,131,13.100,14.981,53.93,11.10,3.88,0,Brake,135.5631
1130.0,131,13.100,14.181,51.05,11.10,3.08,3,Power,135.5631
1131.0,131,13.100,14.609,52.59,11.10,3.51,3,Power,136.5792
1132.0,132,13.200,15.024,54.09,11.10,3.92,0,Brake,137.6047
1133.0,132,13.200,14.224,51.21,11.10,3.12,2,Cruise,137.6047
1134.0,132,13.200,14.224,51.21,11.10,3.12,2,Cruise,137.6989
1135.0,132,13.200,14.224,51.21,11.10,3.12,2,Cruise,137.7930
1136.0,132,13.200,14.224,51.21,11.10,3.12,2,Cruise,137.8871
1137.0,132,13.200,14.224,51.21,11.10,3.12,2,Cruise,137.9812
1138.0,132,13.200,14.224,51.21,11.10,3.12,2,Cruise,138.0753
1139.0,133,13.300,14.224,51.21,11.10,3.12,2,Cruise,138.1695
1140.0,133,13.300,14.224,51.21,11.10,3.12,2,Cruise,138.2745
1141.0,133,13.300,14.224,51.21,11.10,3.12,2,Cruise,138.3795
1142.0,133,13.300,14.224,51.21,11.10,3.12,2,Cruise,138.4844
1143.0,133,13.300,14.224,51.21,11.10,3.12,2,Cruise,138.5894
1144.0,133,13.300,14.224,51.21,11.10,3.12,2,Cruise,138.6944
1145.0,133,13.300,14.224,51.21,11.10,3.12,2,Cruise,138.7994
1146.0,134,13.400,14.224,51.21,11.10,3.12,3,Power,138.9044
1147.0,134,13.400,14.742,53.07,11.10,3.64,3,Power,139.9268
1148.0,134,13.400,15.242,54.87,11.10,4.14,0,Brake,140.9550
1149.0,134,13.400,14.442,51.99,11.10,3.34,3,Power,140.9550
1150.0,134,13.400,14.955,53.84,11.10,3.86,0,Brake,141.9841
1151.0,134,13.400,14.155,50.96,11.10,3.06,3,Power,141.9841
1152.0,134,13.400,14.673,52.82,11.10,3.57,3,Power,143.0016
1153.0,135,13.500,15.176,54.63,11.10,4.08,3,Power,144.0300
1154.0,135,13.500,15.526,55.89,11.10,4.43,0,Brake,145.0528
1155.0,135,13.500,14.726,53.01,11.10,3.63,3,Power,145.0528
1156.0,135,13.500,15.094,54.34,11.10,3.99,3,Power,146.0765
1157.0,135,13.500,15.448,55.61,11.10,4.35,3,Power,147.0995
1158.0,135,13.500,15.787,56.83,11.10,4.69,0,Brake,148.1217
1159.0,136,13.600,14.987,53.95,11.10,3.89,0,Brake,148.1217
1160.0,136,13.600,14.187,51.07,11.10,3.09,3,Power,148.1217
1161.0,136,13.600,14.642,52.71,11.10,3.54,0,Brake,149.1392
1162.0,136,13.600,13.842,49.83,11.10,2.74,3,Power,149.1392
1163.0,136,13.600,14.297,51.47,11.10,3.20,3,Power,150.1324
1164.0,136,13.600,14.752,53.11,11.10,3.65,0,Brake,151.1577
1165.0,136,13.600,13.952,50.23,11.10,2.85,3,Power,151.1577
1166.0,137,13.700,14.407,51.87,11.10,3.31,0,Brake,152.1586
1167.0,137,13.700,13.607,48.99,11.10,2.51,3,Power,152.1586
1168.0,137,13.700,14.128,50.86,11.10,3.03,3,Power,153.1375
1169.0,137,13.700,14.648,52.73,11.10,3.55,0,Brake,154.1531
1170.0,137,13.700,13.848,49.85,11.10,2.75,3,Power,154.1531
1171.0,137,13.700,14.369,51.73,11.10,3.27,0,Brake,155.1490
1172.0,137,13.700,13.569,48.85,11.10,2.47,3,Power,155.1490
1173.0,137,13.700,14.089,50.72,11.10,2.99,3,Power,156.1252
1174.0,138,13.800,14.610,52.60,11.10,3.51,3,Power,157.1381
1175.0,138,13.800,15.055,54.20,11.10,3.96,0,Brake,158.1646
1176.0,138,13.800,14.255,51.32,11.10,3.16,3,Power,158.1646
1177.0,138,13.800,14.713,52.97,11.10,3.61,0,Brake,159.1870
1178.0,138,13.800,13.913,50.09,11.10,2.81,3,Power,159.1870
1179.0,138,13.800,14.372,51.74,11.10,3.27,3,Power,160.1853
1180.0,139,13.900,14.827,53.38,11.10,3.73,1,Coast,161.2125
1181.0,139,13.900,14.714,52.97,11.10,3.61,1,Coast,161.2125
1182.0,139,13.900,14.601,52.56,11.10,3.50,1,Coast,161.2125
1183.0,139,13.900,14.487,52.15,11.10,3.39,1,Coast,161.2125
1184.0,139,13.900,14.374,51.75,11.10,3.27,1,Coast,161.2125
1185.0,139,13.900,14.261,51.34,11.10,3.16,1,Coast,161.2125
1186.0,139,13.900,14.149,50.94,11.10,3.05,1,Coast,161.2125
1187.0,140,14.000,14.036,50.53,11.10,2.94,1,Coast,161.2125
1188.0,140,14.000,13.980,50.33,11.10,2.88,1,Coast,161.2125
1189.0,140,14.000,13.924,50.13,11.10,2.82,1,Coast,161.2125
1190.0,140,14.000,13.868,49.93,11.10,2.77,1,Coast,161.2125
1191.0,140,14.000,13.813,49.73,11.10,2.71,1,Coast,161.2125
1192.0,140,14.000,13.757,49.53,11.10,2.66,1,Coast,161.2125
1193.0,140,14.000,13.701,49.32,11.10,2.60,1,Coast,161.2125
1194.0,140,14.000,13.646,49.12,11.10,2.55,1,Coast,161.2125
1195.0,141,14.100,13.590,48.93,11.10,2.49,1,Coast,161.2125
1196.0,141,14.100,13.459,48.45,11.10,2.36,1,Coast,161.2125
1197.0,141,14.100,13.328,47.98,11.10,2.23,1,Coast,161.2125
1198.0,141,14.100,13.197,47.51,11.10,2.10,1,Coast,161.2125
1199.0,141,14.100,13.066,47.04,11.10,1.97,1,Coast,161.2125
1200.0,141,14.100,12.935,46.57,11.10,1.84,1,Coast,161.2125
1201.0,141,14.100,12.804,46.10,11.10,1.70,1,Coast,161.2125
1202.0,142,14.200,12.674,45.63,11.10,1.57,3,Power,161.2125
1203.0,142,14.200,13.140,47.30,11.10,2.04,3,Power,162.1235
1204.0,142,14.200,13.606,48.98,11.10,2.51,3,Power,163.0675
1205.0,142,14.200,14.071,50.65,11.10,2.97,1,Coast,164.0443
1206.0,142,14.200,13.935,50.17,11.10,2.84,1,Coast,164.0443
1207.0,142,14.200,13.800,49.68,11.10,2.70,1,Coast,164.0443
1208.0,142,14.200,13.665,49.19,11.10,2.56,3,Power,164.0443
1209.0,142,14.200,14.130,50.87,11.10,3.03,1,Coast,165.0253
1210.0,143,14.300,13.994,50.38,11.10,2.89,2,Cruise,165.0253
1211.0,143,14.300,13.994,50.38,11.10,2.89,2,Cruise,165.0549
1212.0,143,14.300,13.994,50.38,11.10,2.89,2,Cruise,165.0845
1213.0,143,14.300,13.994,50.38,11.10,2.89,2,Cruise,165.1141
1214.0,143,14.300,13.994,50.38,11.10,2.89,2,Cruise,165.1437
1215.0,143,14.300,13.994,50.38,11.10,2.89,2,Cruise,165.1733
1216.0,143,14.300,13.994,50.38,11.10,2.89,2,Cruise,165.2029
1217.0,144,14.400,13.994,50.38,11.10,2.89,2,Cruise,165.2325
1218.0,144,14.400,14.120,50.83,11.10,3.02,2,Cruise,165.2325
1219.0,144,14.400,14.247,51.29,11.10,3.15,2,Cruise,165.2325
1220.0,144,14.400,14.373,51.74,11.10,3.27,2,Cruise,165.2325
1221.0,144,14.400,14.499,52.20,11.10,3.40,2,Cruise,165.2325
1222.0,144,14.400,14.625,52.65,11.10,3.52,2,Cruise,165.2325
1223.0,144,14.400,14.750,53.10,11.10,3.65,2,Cruise,165.2325
1224.0,145,14.500,14.876,53.55,11.10,3.78,3,Power,165.2325
1225.0,145,14.500,15.230,54.83,11.10,4.13,3,Power,166.2557
1226.0,145,14.500,15.571,56.06,11.10,4.47,0,Brake,167.2781
1227.0,145,14.500,14.771,53.18,11.10,3.67,3,Power,167.2781
1228.0,145,14.500,15.130,54.47,11.10,4.03,3,Power,168.3015
1229.0,145,14.500,15.475,55.71,11.10,4.37,3,Power,169.3241
1230.0,146,14.600,15.806,56.90,11.10,4.71,0,Brake,170.3461
1231.0,146,14.600,15.006,54.02,11.10,3.91,3,Power,170.3461
1232.0,146,14.600,15.377,55.36,11.10,4.28,0,Brake,171.3697
1233.0,146,14.600,14.577,52.48,11.10,3.48,3,Power,171.3697
1234.0,146,14.600,14.966,53.88,11.10,3.87,3,Power,172.3943
1235.0,146,14.600,15.338,55.22,11.10,4.24,0,Brake,173.4180
1236.0,146,14.600,14.538,52.34,11.10,3.44,3,Power,173.4180
1237.0,147,14.700,14.928,53.74,11.10,3.83,0,Brake,174.4426
1238.0,147,14.700,14.128,50.86,11.10,3.03,3,Power,174.4426
1239.0,147,14.700,14.528,52.30,11.10,3.43,3,Power,175.4540
1240.0,147,14.700,14.918,53.71,11.10,3.82,0,Brake,176.4787
1241.0,147,14.700,14.118,50.83,11.10,3.02,3,Power,176.4787
1242.0,147,14.700,14.518,52.26,11.10,3.42,3,Power,177.4894
1243.0,147,14.700,14.909,53.67,11.10,3.81,0,Brake,178.5142
1244.0,148,14.800,14.109,50.79,11.10,3.01,1,Coast,178.5142
1245.0,148,14.800,14.056,50.60,11.10,2.96,1,Coast,178.5142
1246.0,148,14.800,14.003,50.41,11.10,2.90,1,Coast,178.5142
1247.0,148,14.800,13.951,50.22,11.10,2.85,1,Coast,178.5142
1248.0,148,14.800,13.898,50.03,11.10,2.80,1,Coast,178.5142
1249.0,148,14.800,13.845,49.84,11.10,2.75,1,Coast,178.5142
1250.0,148,14.800,13.793,49.65,11.10,2.69,1,Coast,178.5142
1251.0,149,14.900,13.740,49.47,11.10,2.64,1,Coast,178.5142
1252.0,149,14.900,13.706,49.34,11.10,2.61,1,Coast,178.5142
1253.0,149,14.900,13.671,49.22,11.10,2.57,1,Coast,178.5142
1254.0,149,14.900,13.637,49.09,11.10,2.54,1,Coast,178.5142
1255.0,149,14.900,13.603,48.97,11.10,2.50,1,Coast,178.5142
1256.0,149,14.900,13.568,48.85,11.10,2.47,1,Coast,178.5142
1257.0,149,14.900,13.534,48.72,11.10,2.43,1,Coast,178.5142
1258.0,150,15.000,13.500,48.60,11.10,2.40,3,Power,178.5142
1259.0,150,15.000,13.946,50.20,11.10,2.85,3,Power,179.4828
1260.0,150,15.000,14.391,51.81,11.10,3.29,1,Coast,180.4830
1261.0,150,15.000,14.237,51.25,11.10,3.14,1,Coast,180.4830
1262.0,150,15.000,14.082,50.69,11.10,2.98,3,Power,180.4830
1263.0,150,15.000,14.527,52.30,11.10,3.43,1,Coast,181.4927
1264.0,150,15.000,14.372,51.74,11.10,3.27,1,Coast,181.4927
1265.0,151,15.100,14.218,51.18,11.10,3.12,1,Coast,181.4927
1266.0,151,15.100,14.127,50.86,11.10,3.03,1,Coast,181.4927
1267.0,151,15.100,14.037,50.53,11.10,2.94,1,Coast,181.4927
1268.0,151,15.100,13.947,50.21,11.10,2.85,1,Coast,181.4927
1269.0,151,15.100,13.857,49.89,11.10,2.76,1,Coast,181.4927
1270.0,151,15.100,13.767,49.56,11.10,2.67,1,Coast,181.4927
1271.0,151,15.100,13.678,49.24,11.10,2.58,1,Coast,181.4927
1272.0,152,15.200,13.588,48.92,11.10,2.49,2,Cruise,181.4927
1273.0,152,15.200,13.597,48.95,11.10,2.50,2,Cruise,181.4927
1274.0,152,15.200,13.607,48.99,11.10,2.51,2,Cruise,181.4927
1275.0,152,15.200,13.616,49.02,11.10,2.52,2,Cruise,181.4927
1276.0,152,15.200,13.626,49.05,11.10,2.53,2,Cruise,181.4927
1277.0,152,15.200,13.635,49.09,11.10,2.54,2,Cruise,181.4927
1278.0,152,15.200,13.645,49.12,11.10,2.54,2,Cruise,181.4927
1279.0,152,15.200,13.654,49.16,11.10,2.55,2,Cruise,181.4927
1280.0,153,15.300,13.664,49.19,11.10,2.56,3,Power,181.4927
1281.0,153,15.300,14.171,51.02,11.10,3.07,3,Power,182.4751
1282.0,153,15.300,14.677,52.84,11.10,3.58,2,Cruise,183.4933
1283.0,153,15.300,14.677,52.84,11.10,3.58,2,Cruise,183.6557
1284.0,153,15.300,14.677,52.84,11.10,3.58,2,Cruise,183.8182
1285.0,153,15.300,14.677,52.84,11.10,3.58,2,Cruise,183.9807
1286.0,153,15.300,14.677,52.84,11.10,3.58,2,Cruise,184.1431
1287.0,154,15.400,14.677,52.84,11.10,3.58,3,Power,184.3056
1288.0,154,15.400,15.100,54.36,11.10,4.00,3,Power,185.3312
1289.0,154,15.400,15.506,55.82,11.10,4.41,3,Power,186.3560
1290.0,154,15.400,15.897,57.23,11.10,4.80,0,Brake,187.3798
1291.0,154,15.400,15.097,54.35,11.10,4.00,3,Power,187.3798
1292.0,154,15.400,15.503,55.81,11.10,4.40,3,Power,188.4045
1293.0,155,15.500,15.894,57.22,11.10,4.79,0,Brake,189.4284
1294.0,155,15.500,15.094,54.34,11.10,3.99,0,Brake,189.4284
1295.0,155,15.500,14.294,51.46,11.10,3.19,3,Power,189.4284
1296.0,155,15.500,14.771,53.17,11.10,3.67,0,Brake,190.4542
1297.0,155,15.500,13.971,50.29,11.10,2.87,3,Power,190.4542
1298.0,155,15.500,14.448,52.01,11.10,3.35,3,Power,191.4572
1299.0,155,15.500,14.919,53.71,11.10,3.82,0,Brake,192.4848
1300.0,156,15.600,14.119,50.83,11.10,3.02,3,Power,192.4848
1301.0,156,15.600,14.569,52.45,11.10,3.47,1,Coast,193.4973
1302.0,156,15.600,14.417,51.90,11.10,3.32,1,Coast,193.4973
1303.0,156,15.600,14.266,51.36,11.10,3.17,3,Power,193.4973
1304.0,156,15.600,14.715,52.97,11.10,3.61,1,Coast,194.5201
1305.0,156,15.600,14.563,52.43,11.10,3.46,1,Coast,194.5201
1306.0,156,15.600,14.412,51.88,11.10,3.31,1,Coast,194.5201
1307.0,157,15.700,14.260,51.34,11.10,3.16,1,Coast,194.5201
1308.0,157,15.700,14.051,50.58,11.10,2.95,1,Coast,194.5201
1309.0,157,15.700,13.842,49.83,11.10,2.74,1,Coast,194.5201
1310.0,157,15.700,13.634,49.08,11.10,2.53,1,Coast,194.5201
1311.0,157,15.700,13.425,48.33,11.10,2.33,1,Coast,194.5201
1312.0,157,15.700,13.217,47.58,11.10,2.12,3,Power,194.5201
1313.0,157,15.700,13.610,48.99,11.10,2.51,1,Coast,195.4670
1314.0,158,15.800,13.401,48.24,11.10,2.30,1,Coast,195.4670
1315.0,158,15.800,13.182,47.46,11.10,2.08,1,Coast,195.4670
1316.0,158,15.800,12.963,46.67,11.10,1.86,1,Coast,195.4670
1317.0,158,15.800,12.745,45.88,11.10,1.64,1,Coast,195.4670
1318.0,158,15.800,12.526,45.09,11.10,1.43,1,Coast,195.4670
1319.0,158,15.800,12.308,44.31,11.10,1.21,1,Coast,195.4670
1320.0,158,15.800,12.090,43.52,11.10,0.99,1,Coast,195.4670
1321.0,158,15.800,11.873,42.74,11.10,0.77,1,Coast,195.4670
1322.0,159,15.900,11.655,41.96,11.10,0.56,1,Coast,195.4670
1323.0,159,15.900,11.708,42.15,11.10,0.61,1,Coast,195.4670
1324.0,159,15.900,11.761,42.34,11.10,0.66,1,Coast,195.4670
1325.0,159,15.900,11.814,42.53,11.10,0.71,1,Coast,195.4670
1326.0,159,15.900,11.867,42.72,11.10,0.77,1,Coast,195.4670
1327.0,159,15.900,11.920,42.91,11.10,0.82,1,Coast,195.4670
1328.0,159,15.900,11.973,43.10,11.10,0.87,1,Coast,195.4670
1329.0,159,15.900,12.026,43.29,11.10,0.93,1,Coast,195.4670
1330.0,159,15.900,12.078,43.48,11.10,0.98,1,Coast,195.4670
1331.0,160,16.000,12.131,43.67,11.10,1.03,1,Coast,195.4670
1332.0,160,16.000,12.153,43.75,11.10,1.05,1,Coast,195.4670
1333.0,160,16.000,12.175,43.83,11.10,1.08,1,Coast,195.4670
1334.0,160,16.000,12.197,43.91,11.10,1.10,1,Coast,195.4670
1335.0,160,16.000,12.219,43.99,11.10,1.12,1,Coast,195.4670
1336.0,160,16.000,12.241,44.07,11.10,1.14,1,Coast,195.4670
1337.0,160,16.000,12.263,44.15,11.10,1.16,1,Coast,195.4670
1338.0,160,16.000,12.285,44.23,11.10,1.19,1,Coast,195.4670
1339.0,161,16.100,12.307,44.30,11.10,1.21,1,Coast,195.4670
1340.0,161,16.100,12.240,44.07,11.10,1.14,1,Coast,195.4670
1341.0,161,16.100,12.174,43.83,11.10,1.07,1,Coast,195.4670
1342.0,161,16.100,12.108,43.59,11.10,1.01,1,Coast,195.4670
1343.0,161,16.100,12.042,43.35,11.10,0.94,1,Coast,195.4670
1344.0,161,16.100,11.975,43.11,11.10,0.88,3,Power,195.4670
1345.0,161,16.100,12.509,45.03,11.10,1.41,1,Coast,196.3311
1346.0,161,16.100,12.443,44.79,11.10,1.34,1,Coast,196.3311
1347.0,162,16.200,12.376,44.55,11.10,1.28,2,Cruise,196.3311
1348.0,162,16.200,12.380,44.57,11.10,1.28,2,Cruise,196.3311
1349.0,162,16.200,12.384,44.58,11.10,1.28,2,Cruise,196.3311
1350.0,162,16.200,12.388,44.60,11.10,1.29,2,Cruise,196.3311
1351.0,162,16.200,12.392,44.61,11.10,1.29,2,Cruise,196.3311
1352.0,162,16.200,12.396,44.62,11.10,1.30,2,Cruise,196.3311
1353.0,162,16.200,12.399,44.64,11.10,1.30,2,Cruise,196.3311
1354.0,162,16.200,12.403,44.65,11.10,1.30,2,Cruise,196.3311
1355.0,163,16.300,12.407,44.67,11.10,1.31,2,Cruise,196.3311
1356.0,163,16.300,12.407,44.67,11.10,1.31,2,Cruise,196.3966
1357.0,163,16.300,12.407,44.67,11.10,1.31,2,Cruise,196.4621
1358.0,163,16.300,12.407,44.67,11.10,1.31,2,Cruise,196.5276
1359.0,163,16.300,12.407,44.67,11.10,1.31,2,Cruise,196.5932
1360.0,163,16.300,12.407,44.67,11.10,1.31,2,Cruise,196.6587
1361.0,163,16.300,12.407,44.67,11.10,1.31,2,Cruise,196.7242
1362.0,163,16.300,12.407,44.67,11.10,1.31,2,Cruise,196.7897
1363.0,164,16.400,12.407,44.67,11.10,1.31,3,Power,196.8552
1364.0,164,16.400,12.884,46.38,11.10,1.78,3,Power,197.7478
1365.0,164,16.400,13.360,48.10,11.10,2.26,3,Power,198.6741
1366.0,164,16.400,13.836,49.81,11.10,2.74,3,Power,199.6339
1367.0,164,16.400,14.311,51.52,11.10,3.21,3,Power,200.6274
1368.0,164,16.400,14.786,53.23,11.10,3.69,3,Power,201.6543
1369.0,164,16.400,15.241,54.87,11.10,4.14,0,Brake,202.6810
1370.0,165,16.500,14.441,51.99,11.10,3.34,3,Power,202.6810
1371.0,165,16.500,14.917,53.70,11.10,3.82,0,Brake,203.7087
1372.0,165,16.500,14.117,50.82,11.10,3.02,3,Power,203.7087
1373.0,165,16.500,14.598,52.55,11.10,3.50,2,Cruise,204.7222
1374.0,165,16.500,14.598,52.55,11.10,3.50,2,Cruise,204.9276
1375.0,165,16.500,14.598,52.55,11.10,3.50,2,Cruise,205.1331
1376.0,165,16.500,14.598,52.55,11.10,3.50,2,Cruise,205.3386
1377.0,166,16.600,14.598,52.55,11.10,3.50,0,Brake,205.5440
1378.0,166,16.600,13.798,49.67,11.10,2.70,3,Power,205.5440
1379.0,166,16.600,14.268,51.36,11.10,3.17,3,Power,206.5346
1380.0,166,16.600,14.737,53.05,11.10,3.64,0,Brake,207.5583
1381.0,166,16.600,13.937,50.17,11.10,2.84,3,Power,207.5583
1382.0,166,16.600,14.408,51.87,11.10,3.31,3,Power,208.5587
1383.0,166,16.600,14.874,53.54,11.10,3.77,0,Brake,209.5862
1384.0,167,16.700,14.074,50.66,11.10,2.97,3,Power,209.5862
1385.0,167,16.700,14.438,51.98,11.10,3.34,3,Power,210.5924
1386.0,167,16.700,14.797,53.27,11.10,3.70,1,Coast,211.6161
1387.0,167,16.700,14.561,52.42,11.10,3.46,3,Power,211.6161
1388.0,167,16.700,14.915,53.69,11.10,3.81,1,Coast,212.6395
1389.0,167,16.700,14.678,52.84,11.10,3.58,3,Power,212.6395
1390.0,167,16.700,15.027,54.10,11.10,3.93,1,Coast,213.6627
1391.0,168,16.800,14.790,53.25,11.10,3.69,1,Coast,213.6627
1392.0,168,16.800,14.659,52.77,11.10,3.56,1,Coast,213.6627
1393.0,168,16.800,14.527,52.30,11.10,3.43,1,Coast,213.6627
1394.0,168,16.800,14.396,51.83,11.10,3.30,1,Coast,213.6627
1395.0,168,16.800,14.265,51.35,11.10,3.16,1,Coast,213.6627
1396.0,168,16.800,14.134,50.88,11.10,3.03,1,Coast,213.6627
1397.0,168,16.800,14.003,50.41,11.10,2.90,1,Coast,213.6627
1398.0,169,16.900,13.872,49.94,11.10,2.77,2,Cruise,213.6627
1399.0,169,16.900,13.872,49.94,11.10,2.77,2,Cruise,213.7207
1400.0,169,16.900,13.872,49.94,11.10,2.77,2,Cruise,213.7787
1401.0,169,16.900,13.872,49.94,11.10,2.77,2,Cruise,213.8366
1402.0,169,16.900,13.872,49.94,11.10,2.77,2,Cruise,213.8946
1403.0,169,16.900,13.872,49.94,11.10,2.77,2,Cruise,213.9526
1404.0,169,16.900,13.872,49.94,11.10,2.77,2,Cruise,214.0106
1405.0,170,17.000,13.872,49.94,11.10,2.77,2,Cruise,214.0686
1406.0,170,17.000,13.872,49.94,11.10,2.77,2,Cruise,214.0888
1407.0,170,17.000,13.872,49.94,11.10,2.77,2,Cruise,214.1091
1408.0,170,17.000,13.872,49.94,11.10,2.77,2,Cruise,214.1293
1409.0,170,17.000,13.872,49.94,11.10,2.77,2,Cruise,214.1495
1410.0,170,17.000,13.872,49.94,11.10,2.77,2,Cruise,214.1697
1411.0,170,17.000,13.872,49.94,11.10,2.77,2,Cruise,214.1899
1412.0,171,17.100,13.872,49.94,11.10,2.77,3,Power,214.2102
1413.0,171,17.100,14.346,51.64,11.10,3.25,3,Power,215.2061
1414.0,171,17.100,14.818,53.35,11.10,3.72,0,Brake,216.2338
1415.0,171,17.100,14.018,50.47,11.10,2.92,3,Power,216.2338
1416.0,171,17.100,14.492,52.17,11.10,3.39,2,Cruise,217.2401
1417.0,171,17.100,14.492,52.17,11.10,3.39,2,Cruise,217.4565
1418.0,171,17.100,14.492,52.17,11.10,3.39,2,Cruise,217.6730
1419.0,172,17.200,14.492,52.17,11.10,3.39,2,Cruise,217.8894
1420.0,172,17.200,14.492,52.17,11.10,3.39,2,Cruise,218.0660
1421.0,172,17.200,14.492,52.17,11.10,3.39,2,Cruise,218.2425
1422.0,172,17.200,14.492,52.17,11.10,3.39,2,Cruise,218.4191
1423.0,172,17.200,14.492,52.17,11.10,3.39,2,Cruise,218.5956
1424.0,172,17.200,14.492,52.17,11.10,3.39,2,Cruise,218.7722
1425.0,172,17.200,14.492,52.17,11.10,3.39,2,Cruise,218.9488
1426.0,173,17.300,14.492,52.17,11.10,3.39,3,Power,219.1253
1427.0,173,17.300,14.926,53.73,11.10,3.83,0,Brake,220.1516
1428.0,173,17.300,14.126,50.85,11.10,3.03,3,Power,220.1516
1429.0,173,17.300,14.568,52.45,11.10,3.47,3,Power,221.1643
1430.0,173,17.300,15.000,54.00,11.10,3.90,0,Brake,222.1904
1431.0,173,17.300,14.200,51.12,11.10,3.10,3,Power,222.1904
1432.0,173,17.300,14.642,52.71,11.10,3.54,3,Power,223.2084
1433.0,174,17.400,15.070,54.25,11.10,3.97,1,Coast,224.2343
1434.0,174,17.400,14.929,53.74,11.10,3.83,1,Coast,224.2343
1435.0,174,17.400,14.788,53.24,11.10,3.69,1,Coast,224.2343
1436.0,174,17.400,14.647,52.73,11.10,3.55,1,Coast,224.2343
1437.0,174,17.400,14.507,52.23,11.10,3.41,1,Coast,224.2343
1438.0,174,17.400,14.367,51.72,11.10,3.27,1,Coast,224.2343
1439.0,174,17.400,14.226,51.22,11.10,3.13,1,Coast,224.2343
1440.0,175,17.500,14.086,50.71,11.10,2.99,1,Coast,224.2343
1441.0,175,17.500,13.988,50.36,11.10,2.89,1,Coast,224.2343
1442.0,175,17.500,13.889,50.00,11.10,2.79,1,Coast,224.2343
1443.0,175,17.500,13.791,49.65,11.10,2.69,1,Coast,224.2343
1444.0,175,17.500,13.693,49.29,11.10,2.59,1,Coast,224.2343
1445.0,175,17.500,13.595,48.94,11.10,2.49,1,Coast,224.2343
1446.0,175,17.500,13.497,48.59,11.10,2.40,1,Coast,224.2343
1447.0,176,17.600,13.399,48.24,11.10,2.30,3,Power,224.2343
1448.0,176,17.600,13.864,49.91,11.10,2.76,3,Power,225.1965
1449.0,176,17.600,14.328,51.58,11.10,3.23,3,Power,226.1915
1450.0,176,17.600,14.792,53.25,11.10,3.69,0,Brake,227.2189
1451.0,176,17.600,13.992,50.37,11.10,2.89,3,Power,227.2189
1452.0,176,17.600,14.456,52.04,11.10,3.36,3,Power,228.2230
1453.0,176,17.600,14.914,53.69,11.10,3.81,0,Brake,229.2501
1454.0,177,17.700,14.114,50.81,11.10,3.01,2,Cruise,229.2501
1455.0,177,17.700,14.114,50.81,11.10,3.01,2,Cruise,229.4009
1456.0,177,17.700,14.114,50.81,11.10,3.01,2,Cruise,229.5516
1457.0,177,17.700,14.114,50.81,11.10,3.01,2,Cruise,229.7024
1458.0,177,17.700,14.114,50.81,11.10,3.01,2,Cruise,229.8531
1459.0,177,17.700,14.114,50.81,11.10,3.01,2,Cruise,230.0038
1460.0,177,17.700,14.114,50.81,11.10,3.01,2,Cruise,230.1546
1461.0,178,17.800,14.114,50.81,11.10,3.01,2,Cruise,230.3053
1462.0,178,17.800,14.114,50.81,11.10,3.01,2,Cruise,230.3399
1463.0,178,17.800,14.114,50.81,11.10,3.01,2,Cruise,230.3746
1464.0,178,17.800,14.114,50.81,11.10,3.01,2,Cruise,230.4092
1465.0,178,17.800,14.114,50.81,11.10,3.01,2,Cruise,230.4438
1466.0,178,17.800,14.114,50.81,11.10,3.01,2,Cruise,230.4784
1467.0,178,17.800,14.114,50.81,11.10,3.01,2,Cruise,230.5131
1468.0,179,17.900,14.114,50.81,11.10,3.01,2,Cruise,230.5477
1469.0,179,17.900,14.114,50.81,11.10,3.01,2,Cruise,230.7324
1470.0,179,17.900,14.114,50.81,11.10,3.01,2,Cruise,230.9170
1471.0,179,17.900,14.114,50.81,11.10,3.01,2,Cruise,231.1017
1472.0,179,17.900,14.114,50.81,11.10,3.01,2,Cruise,231.2864
1473.0,179,17.900,14.114,50.81,11.10,3.01,2,Cruise,231.4710
1474.0,179,17.900,14.114,50.81,11.10,3.01,2,Cruise,231.6557
1475.0,180,18.000,14.114,50.81,11.10,3.01,1,Coast,231.8404
1476.0,180,18.000,13.869,49.93,11.10,2.77,3,Power,231.8404
1477.0,180,18.000,14.224,51.21,11.10,3.12,1,Coast,232.8319
1478.0,180,18.000,13.979,50.32,11.10,2.88,3,Power,232.8319
1479.0,180,18.000,14.334,51.60,11.10,3.23,1,Coast,233.8312
1480.0,180,18.000,14.088,50.72,11.10,2.99,1,Coast,233.8312
1481.0,180,18.000,13.843,49.83,11.10,2.74,3,Power,233.8312
1482.0,180,18.000,14.198,51.11,11.10,3.10,1,Coast,234.8208
1483.0,181,18.100,13.953,50.23,11.10,2.85,1,Coast,234.8208
1484.0,181,18.100,13.892,50.01,11.10,2.79,1,Coast,234.8208
1485.0,181,18.100,13.832,49.79,11.10,2.73,1,Coast,234.8208
1486.0,181,18.100,13.771,49.58,11.10,2.67,1,Coast,234.8208
1487.0,181,18.100,13.711,49.36,11.10,2.61,1,Coast,234.8208
1488.0,181,18.100,13.651,49.14,11.10,2.55,1,Coast,234.8208
1489.0,181,18.100,13.591,48.93,11.10,2.49,1,Coast,234.8208
1490.0,182,18.200,13.531,48.71,11.10,2.43,2,Cruise,234.8208
1491.0,182,18.200,13.531,48.71,11.10,2.43,2,Cruise,234.8494
1492.0,182,18.200,13.531,48.71,11.10,2.43,2,Cruise,234.8779
1493.0,182,18.200,13.531,48.71,11.10,2.43,2,Cruise,234.9065
1494.0,182,18.200,13.531,48.71,11.10,2.43,2,Cruise,234.9350
1495.0,182,18.200,13.531,48.71,11.10,2.43,2,Cruise,234.9636
1496.0,182,18.200,13.531,48.71,11.10,2.43,2,Cruise,234.9921
1497.0,183,18.300,13.531,48.71,11.10,2.43,1,Coast,235.0207
1498.0,183,18.300,13.412,48.28,11.10,2.31,1,Coast,235.0207
1499.0,183,18.300,13.294,47.86,11.10,2.19,1,Coast,235.0207
1500.0,183,18.300,13.176,47.43,11.10,2.08,1,Coast,235.0207
1501.0,183,18.300,13.058,47.01,11.10,1.96,1,Coast,235.0207
1502.0,183,18.300,12.940,46.58,11.10,1.84,3,Power,235.0207
1503.0,183,18.300,13.423,48.32,11.10,2.32,1,Coast,235.9511
1504.0,183,18.300,13.304,47.90,11.10,2.20,1,Coast,235.9511
1505.0,184,18.400,13.186,47.47,11.10,2.09,2,Cruise,235.9511
1506.0,184,18.400,13.186,47.47,11.10,2.09,2,Cruise,236.0261
1507.0,184,18.400,13.186,47.47,11.10,2.09,2,Cruise,236.1012
1508.0,184,18.400,13.186,47.47,11.10,2.09,2,Cruise,236.1762
1509.0,184,18.400,13.186,47.47,11.10,2.09,2,Cruise,236.2512
1510.0,184,18.400,13.186,47.47,11.10,2.09,2,Cruise,236.3262
1511.0,184,18.400,13.186,47.47,11.10,2.09,2,Cruise,236.4012
1512.0,185,18.500,13.186,47.47,11.10,2.09,2,Cruise,236.4762
1513.0,185,18.500,13.186,47.47,11.10,2.09,2,Cruise,236.5577
1514.0,185,18.500,13.186,47.47,11.10,2.09,2,Cruise,236.6391
1515.0,185,18.500,13.186,47.47,11.10,2.09,2,Cruise,236.7206
1516.0,185,18.500,13.186,47.47,11.10,2.09,2,Cruise,236.8021
1517.0,185,18.500,13.186,47.47,11.10,2.09,2,Cruise,236.8836
1518.0,185,18.500,13.186,47.47,11.10,2.09,2,Cruise,236.9650
1519.0,185,18.500,13.186,47.47,11.10,2.09,2,Cruise,237.0465
1520.0,186,18.600,13.186,47.47,11.10,2.09,3,Power,237.1280
1521.0,186,18.600,13.592,48.93,11.10,2.49,3,Power,238.0731
1522.0,186,18.600,13.997,50.39,11.10,2.90,3,Power,239.0468
1523.0,186,18.600,14.401,51.84,11.10,3.30,2,Cruise,240.0491
1524.0,186,18.600,14.401,51.84,11.10,3.30,2,Cruise,240.3810
1525.0,186,18.600,14.401,51.84,11.10,3.30,2,Cruise,240.7129
1526.0,186,18.600,14.401,51.84,11.10,3.30,2,Cruise,241.0448
1527.0,187,18.700,14.401,51.84,11.10,3.30,2,Cruise,241.3767
1528.0,187,18.700,14.401,51.84,11.10,3.30,2,Cruise,241.4120
1529.0,187,18.700,14.401,51.84,11.10,3.30,2,Cruise,241.4473
1530.0,187,18.700,14.401,51.84,11.10,3.30,2,Cruise,241.4826
1531.0,187,18.700,14.401,51.84,11.10,3.30,2,Cruise,241.5179
1532.0,187,18.700,14.401,51.84,11.10,3.30,2,Cruise,241.5532
1533.0,187,18.700,14.401,51.84,11.10,3.30,2,Cruise,241.5885
1534.0,188,18.800,14.401,51.84,11.10,3.30,2,Cruise,241.6238
1535.0,188,18.800,14.401,51.84,11.10,3.30,2,Cruise,241.9516
1536.0,188,18.800,14.401,51.84,11.10,3.30,2,Cruise,242.2793
1537.0,188,18.800,14.401,51.84,11.10,3.30,2,Cruise,242.6070
1538.0,188,18.800,14.401,51.84,11.10,3.30,2,Cruise,242.9348
1539.0,188,18.800,14.401,51.84,11.10,3.30,2,Cruise,243.2625
1540.0,188,18.800,14.401,51.84,11.10,3.30,2,Cruise,243.5903
1541.0,189,18.900,14.401,51.84,11.10,3.30,0,Brake,243.9180
1542.0,189,18.900,13.601,48.96,11.10,2.50,2,Cruise,243.9180
1543.0,189,18.900,13.601,48.96,11.10,2.50,2,Cruise,244.1880
1544.0,189,18.900,13.601,48.96,11.10,2.50,2,Cruise,244.4579
1545.0,189,18.900,13.601,48.96,11.10,2.50,2,Cruise,244.7279
1546.0,189,18.900,13.601,48.96,11.10,2.50,2,Cruise,244.9978
1547.0,189,18.900,13.601,48.96,11.10,2.50,2,Cruise,245.2678
1548.0,190,19.000,13.601,48.96,11.10,2.50,2,Cruise,245.5377
1549.0,190,19.000,13.601,48.96,11.10,2.50,2,Cruise,245.7183
1550.0,190,19.000,13.601,48.96,11.10,2.50,2,Cruise,245.8990
1551.0,190,19.000,13.601,48.96,11.10,2.50,2,Cruise,246.0796
1552.0,190,19.000,13.601,48.96,11.10,2.50,2,Cruise,246.2602
1553.0,190,19.000,13.601,48.96,11.10,2.50,2,Cruise,246.4408
1554.0,190,19.000,13.601,48.96,11.10,2.50,2,Cruise,246.6214
1555.0,190,19.000,13.601,48.96,11.10,2.50,2,Cruise,246.8020
1556.0,191,19.100,13.601,48.96,11.10,2.50,1,Coast,246.9826
1557.0,191,19.100,13.518,48.67,11.10,2.42,1,Coast,246.9826
1558.0,191,19.100,13.435,48.37,11.10,2.34,1,Coast,246.9826
1559.0,191,19.100,13.352,48.07,11.10,2.25,1,Coast,246.9826
1560.0,191,19.100,13.270,47.77,11.10,2.17,1,Coast,246.9826
1561.0,191,19.100,13.187,47.47,11.10,2.09,1,Coast,246.9826
1562.0,191,19.100,13.104,47.18,11.10,2.00,1,Coast,246.9826
1563.0,192,19.200,13.022,46.88,11.10,1.92,1,Coast,246.9826
1564.0,192,19.200,12.939,46.58,11.10,1.84,1,Coast,246.9826
1565.0,192,19.200,12.857,46.29,11.10,1.76,1,Coast,246.9826
1566.0,192,19.200,12.775,45.99,11.10,1.67,1,Coast,246.9826
1567.0,192,19.200,12.693,45.69,11.10,1.59,1,Coast,246.9826
1568.0,192,19.200,12.611,45.40,11.10,1.51,1,Coast,246.9826
1569.0,192,19.200,12.529,45.10,11.10,1.43,1,Coast,246.9826
1570.0,192,19.200,12.447,44.81,11.10,1.35,1,Coast,246.9826
1571.0,193,19.300,12.365,44.51,11.10,1.27,1,Coast,246.9826
1572.0,193,19.300,12.321,44.36,11.10,1.22,1,Coast,246.9826
1573.0,193,19.300,12.277,44.20,11.10,1.18,1,Coast,246.9826
1574.0,193,19.300,12.233,44.04,11.10,1.13,1,Coast,246.9826
1575.0,193,19.300,12.189,43.88,11.10,1.09,1,Coast,246.9826
1576.0,193,19.300,12.144,43.72,11.10,1.04,1,Coast,246.9826
1577.0,193,19.300,12.100,43.56,11.10,1.00,1,Coast,246.9826
1578.0,193,19.300,12.056,43.40,11.10,0.96,1,Coast,246.9826
1579.0,194,19.400,12.013,43.25,11.10,0.91,1,Coast,246.9826
1580.0,194,19.400,12.062,43.42,11.10,0.96,1,Coast,246.9826
1581.0,194,19.400,12.111,43.60,11.10,1.01,1,Coast,246.9826
1582.0,194,19.400,12.161,43.78,11.10,1.06,1,Coast,246.9826
1583.0,194,19.400,12.210,43.96,11.10,1.11,1,Coast,246.9826
1584.0,194,19.400,12.259,44.13,11.10,1.16,1,Coast,246.9826
1585.0,194,19.400,12.308,44.31,11.10,1.21,1,Coast,246.9826
1586.0,194,19.400,12.358,44.49,11.10,1.26,1,Coast,246.9826
1587.0,195,19.500,12.407,44.66,11.10,1.31,1,Coast,246.9826
1588.0,195,19.500,12.432,44.75,11.10,1.33,1,Coast,246.9826
1589.0,195,19.500,12.457,44.84,11.10,1.36,1,Coast,246.9826
1590.0,195,19.500,12.482,44.93,11.10,1.38,1,Coast,246.9826
1591.0,195,19.500,12.507,45.02,11.10,1.41,1,Coast,246.9826
1592.0,195,19.500,12.532,45.11,11.10,1.43,1,Coast,246.9826
1593.0,195,19.500,12.557,45.20,11.10,1.46,1,Coast,246.9826
1594.0,195,19.500,12.582,45.29,11.10,1.48,1,Coast,246.9826
1595.0,196,19.600,12.607,45.38,11.10,1.51,1,Coast,246.9826
1596.0,196,19.600,12.608,45.39,11.10,1.51,1,Coast,246.9826
1597.0,196,19.600,12.609,45.39,11.10,1.51,1,Coast,246.9826
1598.0,196,19.600,12.611,45.40,11.10,1.51,1,Coast,246.9826
1599.0,196,19.600,12.612,45.40,11.10,1.51,1,Coast,246.9826
1600.0,196,19.600,12.613,45.41,11.10,1.51,1,Coast,246.9826
1601.0,196,19.600,12.615,45.41,11.10,1.51,1,Coast,246.9826
1602.0,196,19.600,12.616,45.42,11.10,1.52,1,Coast,246.9826
1603.0,197,19.700,12.617,45.42,11.10,1.52,1,Coast,246.9826
1604.0,197,19.700,12.617,45.42,11.10,1.52,1,Coast,246.9826
1605.0,197,19.700,12.618,45.42,11.10,1.52,1,Coast,246.9826
1606.0,197,19.700,12.618,45.42,11.10,1.52,1,Coast,246.9826
1607.0,197,19.700,12.618,45.42,11.10,1.52,1,Coast,246.9826
1608.0,197,19.700,12.618,45.43,11.10,1.52,1,Coast,246.9826
1609.0,197,19.700,12.618,45.43,11.10,1.52,1,Coast,246.9826
1610.0,197,19.700,12.619,45.43,11.10,1.52,1,Coast,246.9826
1611.0,198,19.800,12.619,45.43,11.10,1.52,1,Coast,246.9826
1612.0,198,19.800,12.748,45.89,11.10,1.65,1,Coast,246.9826
1613.0,198,19.800,12.877,46.36,11.10,1.78,1,Coast,246.9826
1614.0,198,19.800,13.006,46.82,11.10,1.91,1,Coast,246.9826
1615.0,198,19.800,13.135,47.29,11.10,2.04,1,Coast,246.9826
1616.0,198,19.800,13.264,47.75,11.10,2.16,1,Coast,246.9826
1617.0,198,19.800,13.393,48.21,11.10,2.29,1,Coast,246.9826
1618.0,198,19.800,13.521,48.68,11.10,2.42,1,Coast,246.9826
1619.0,199,19.900,13.650,49.14,11.10,2.55,1,Coast,246.9826
1620.0,199,19.900,13.756,49.52,11.10,2.66,1,Coast,246.9826
1621.0,199,19.900,13.862,49.90,11.10,2.76,1,Coast,246.9826
1622.0,199,19.900,13.968,50.28,11.10,2.87,1,Coast,246.9826
1623.0,199,19.900,14.074,50.67,11.10,2.97,1,Coast,246.9826
1624.0,199,19.900,14.179,51.05,11.10,3.08,1,Coast,246.9826
1625.0,199,19.900,14.285,51.43,11.10,3.18,1,Coast,246.9826
1626.0,200,20.000,14.390,51.80,11.10,3.29,1,Coast,246.9826
1627.0,200,20.000,14.457,52.05,11.10,3.36,1,Coast,246.9826
1628.0,200,20.000,14.524,52.29,11.10,3.42,1,Coast,246.9826
1629.0,200,20.000,14.591,52.53,11.10,3.49,1,Coast,246.9826
1630.0,200,20.000,14.657,52.77,11.10,3.56,1,Coast,246.9826
1631.0,200,20.000,14.724,53.01,11.10,3.62,1,Coast,246.9826
1632.0,200,20.000,14.790,53.24,11.10,3.69,1,Coast,246.9826
1633.0,201,20.100,14.857,53.48,11.10,3.76,1,Coast,246.9826
1634.0,201,20.100,14.923,53.72,11.10,3.82,1,Coast,246.9826
1635.0,201,20.100,14.990,53.96,11.10,3.89,1,Coast,246.9826
1636.0,201,20.100,15.057,54.20,11.10,3.96,1,Coast,246.9826
1637.0,201,20.100,15.124,54.44,11.10,4.02,1,Coast,246.9826
1638.0,201,20.100,15.190,54.68,11.10,4.09,1,Coast,246.9826
1639.0,202,20.200,15.256,54.92,11.10,4.16,1,Coast,246.9826
1640.0,202,20.200,15.299,55.08,11.10,4.20,1,Coast,246.9826
1641.0,202,20.200,15.342,55.23,11.10,4.24,1,Coast,246.9826
1642.0,202,20.200,15.385,55.38,11.10,4.28,1,Coast,246.9826
1643.0,202,20.200,15.427,55.54,11.10,4.33,1,Coast,246.9826
1644.0,202,20.200,15.470,55.69,11.10,4.37,1,Coast,246.9826
1645.0,202,20.200,15.512,55.84,11.10,4.41,1,Coast,246.9826
1646.0,203,20.300,15.555,56.00,1.00,0.00,1,Coast,246.9826
1647.0,203,20.300,15.685,56.46,1.00,0.00,1,Coast,246.9826
1648.0,203,20.300,15.814,56.93,1.00,0.00,1,Coast,246.9826
1649.0,203,20.300,15.944,57.40,1.00,0.00,1,Coast,246.9826
1650.0,203,20.300,16.073,57.86,1.00,0.00,1,Coast,246.9826
1651.0,203,20.300,16.202,58.33,1.00,0.00,1,Coast,246.9826
1652.0,204,20.400,16.331,58.79,16.60,0.00,1,Coast,246.9826
1653.0,204,20.400,16.287,58.63,16.60,0.00,1,Coast,246.9826
1654.0,204,20.400,16.243,58.47,16.60,0.00,1,Coast,246.9826
1655.0,204,20.400,16.199,58.32,16.60,0.00,1,Coast,246.9826
1656.0,204,20.400,16.155,58.16,16.60,0.00,1,Coast,246.9826
1657.0,204,20.400,16.111,58.00,16.60,0.00,1,Coast,246.9826
1658.0,205,20.500,16.067,57.84,16.60,0.00,1,Coast,246.9826
1659.0,205,20.500,16.129,58.06,16.60,0.00,1,Coast,246.9826
1660.0,205,20.500,16.190,58.28,16.60,0.00,1,Coast,246.9826
1661.0,205,20.500,16.251,58.50,16.60,0.00,1,Coast,246.9826
1662.0,205,20.500,16.312,58.72,16.60,0.00,1,Coast,246.9826
1663.0,205,20.500,16.373,58.94,16.60,0.00,1,Coast,246.9826
1664.0,205,20.500,16.434,59.16,16.60,0.00,1,Coast,246.9826
1665.0,206,20.600,16.495,59.38,16.60,0.00,0,Brake,246.9826
1666.0,206,20.600,15.695,56.50,16.60,0.00,2,Cruise,246.9826
1667.0,206,20.600,15.695,56.50,16.60,0.00,2,Cruise,247.2414
1668.0,206,20.600,15.695,56.50,16.60,0.00,2,Cruise,247.5003
1669.0,206,20.600,15.695,56.50,16.60,0.00,2,Cruise,247.7591
1670.0,206,20.600,15.695,56.50,16.60,0.00,2,Cruise,248.0179
1671.0,207,20.700,15.695,56.50,16.60,0.00,2,Cruise,248.2768
1672.0,207,20.700,15.695,56.50,16.60,0.00,2,Cruise,248.3617
1673.0,207,20.700,15.695,56.50,16.60,0.00,2,Cruise,248.4466
1674.0,207,20.700,15.695,56.50,16.60,0.00,2,Cruise,248.5316
1675.0,207,20.700,15.695,56.50,16.60,0.00,2,Cruise,248.6165
1676.0,207,20.700,15.695,56.50,16.60,0.00,2,Cruise,248.7014
1677.0,208,20.800,15.695,56.50,16.60,0.00,2,Cruise,248.7864
1678.0,208,20.800,15.695,56.50,16.60,0.00,2,Cruise,249.1300
1679.0,208,20.800,15.695,56.50,16.60,0.00,2,Cruise,249.4736
1680.0,208,20.800,15.695,56.50,16.60,0.00,2,Cruise,249.8172
1681.0,208,20.800,15.695,56.50,16.60,0.00,2,Cruise,250.1608
1682.0,208,20.800,15.695,56.50,16.60,0.00,2,Cruise,250.5044
1683.0,208,20.800,15.695,56.50,16.60,0.00,2,Cruise,250.8480
1684.0,209,20.900,15.695,56.50,16.60,0.00,1,Coast,251.1916
1685.0,209,20.900,15.565,56.03,16.60,0.00,1,Coast,251.1916
1686.0,209,20.900,15.436,55.57,16.60,0.00,1,Coast,251.1916
1687.0,209,20.900,15.306,55.10,16.60,0.00,1,Coast,251.1916
1688.0,209,20.900,15.177,54.64,16.60,0.00,2,Cruise,251.1916
1689.0,209,20.900,15.177,54.64,16.60,0.00,2,Cruise,251.4219
1690.0,210,21.000,15.177,54.64,16.60,0.00,1,Coast,251.6522
1691.0,210,21.000,14.989,53.96,16.60,0.00,3,Power,251.6522
1692.0,210,21.000,15.375,55.35,16.60,0.00,1,Coast,252.6763
1693.0,210,21.000,15.187,54.67,16.60,0.00,1,Coast,252.6763
1694.0,210,21.000,14.999,54.00,16.60,0.00,3,Power,252.6763
1695.0,210,21.000,15.384,55.38,16.60,0.00,1,Coast,253.7004
1696.0,210,21.000,15.196,54.70,16.60,0.00,1,Coast,253.7004
1697.0,211,21.100,15.008,54.03,16.60,0.00,2,Cruise,253.7004
1698.0,211,21.100,15.008,54.03,16.60,0.00,2,Cruise,253.8582
1699.0,211,21.100,15.008,54.03,16.60,0.00,2,Cruise,254.0159
1700.0,211,21.100,15.008,54.03,16.60,0.00,2,Cruise,254.1737
1701.0,211,21.100,15.008,54.03,16.60,0.00,2,Cruise,254.3315
1702.0,211,21.100,15.008,54.03,16.60,0.00,2,Cruise,254.4893
1703.0,212,21.200,15.008,54.03,16.60,0.00,1,Coast,254.6470
1704.0,212,21.200,14.874,53.55,16.60,0.00,1,Coast,254.6470
1705.0,212,21.200,14.740,53.06,16.60,0.00,1,Coast,254.6470
1706.0,212,21.200,14.607,52.58,16.60,0.00,1,Coast,254.6470
1707.0,212,21.200,14.473,52.10,16.60,0.00,2,Cruise,254.6470
1708.0,212,21.200,14.473,52.10,16.60,0.00,2,Cruise,254.8739
1709.0,212,21.200,14.473,52.10,16.60,0.00,2,Cruise,255.1008
1710.0,213,21.300,14.473,52.10,16.60,0.00,1,Coast,255.3277
1711.0,213,21.300,14.443,51.99,16.60,0.00,1,Coast,255.3277
1712.0,213,21.300,14.412,51.88,16.60,0.00,1,Coast,255.3277
1713.0,213,21.300,14.382,51.77,16.60,0.00,1,Coast,255.3277
1714.0,213,21.300,14.351,51.66,16.60,0.00,1,Coast,255.3277
1715.0,213,21.300,14.321,51.55,16.60,0.00,1,Coast,255.3277
1716.0,213,21.300,14.290,51.45,16.60,0.00,1,Coast,255.3277
1717.0,214,21.400,14.260,51.34,16.60,0.00,1,Coast,255.3277
1718.0,214,21.400,14.096,50.75,16.60,0.00,1,Coast,255.3277
1719.0,214,21.400,13.933,50.16,16.60,0.00,1,Coast,255.3277
1720.0,214,21.400,13.769,49.57,16.60,0.00,1,Coast,255.3277
1721.0,214,21.400,13.606,48.98,16.60,0.00,1,Coast,255.3277
1722.0,214,21.400,13.443,48.40,16.60,0.00,1,Coast,255.3277
1723.0,214,21.400,13.280,47.81,16.60,0.00,1,Coast,255.3277
1724.0,215,21.500,13.118,47.22,16.60,0.00,1,Coast,255.3277
1725.0,215,21.500,12.914,46.49,16.60,0.00,1,Coast,255.3277
1726.0,215,21.500,12.710,45.75,16.60,0.00,1,Coast,255.3277
1727.0,215,21.500,12.506,45.02,16.60,0.00,1,Coast,255.3277
1728.0,215,21.500,12.303,44.29,16.60,0.00,1,Coast,255.3277
1729.0,215,21.500,12.099,43.56,16.60,0.00,1,Coast,255.3277
1730.0,215,21.500,11.896,42.83,16.60,0.00,1,Coast,255.3277
1731.0,215,21.500,11.693,42.10,16.60,0.00,1,Coast,255.3277
1732.0,215,21.500,11.491,41.37,16.60,0.00,1,Coast,255.3277
1733.0,216,21.600,11.289,40.64,16.60,0.00,1,Coast,255.3277
1734.0,216,21.600,11.287,40.63,16.60,0.00,1,Coast,255.3277
1735.0,216,21.600,11.286,40.63,16.60,0.00,1,Coast,255.3277
1736.0,216,21.600,11.284,40.62,16.60,0.00,1,Coast,255.3277
1737.0,216,21.600,11.283,40.62,16.60,0.00,1,Coast,255.3277
1738.0,216,21.600,11.282,40.61,16.60,0.00,1,Coast,255.3277
1739.0,216,21.600,11.280,40.61,16.60,0.00,1,Coast,255.3277
1740.0,216,21.600,11.279,40.60,16.60,0.00,1,Coast,255.3277
1741.0,217,21.700,11.277,40.60,16.60,0.00,1,Coast,255.3277
1742.0,217,21.700,11.287,40.63,16.60,0.00,1,Coast,255.3277
1743.0,217,21.700,11.296,40.67,16.60,0.00,1,Coast,255.3277
1744.0,217,21.700,11.306,40.70,16.60,0.00,1,Coast,255.3277
1745.0,217,21.700,11.315,40.74,16.60,0.00,1,Coast,255.3277
1746.0,217,21.700,11.325,40.77,16.60,0.00,1,Coast,255.3277
1747.0,217,21.700,11.334,40.80,16.60,0.00,1,Coast,255.3277
1748.0,217,21.700,11.344,40.84,16.60,0.00,1,Coast,255.3277
1749.0,217,21.700,11.353,40.87,16.60,0.00,1,Coast,255.3277
1750.0,218,21.800,11.363,40.91,16.60,0.00,1,Coast,255.3277
1751.0,218,21.800,11.288,40.64,16.60,0.00,1,Coast,255.3277
1752.0,218,21.800,11.214,40.37,16.60,0.00,1,Coast,255.3277
1753.0,218,21.800,11.139,40.10,16.60,0.00,1,Coast,255.3277
1754.0,218,21.800,11.065,39.83,16.60,0.00,1,Coast,255.3277
1755.0,218,21.800,10.991,39.57,16.60,0.00,1,Coast,255.3277
1756.0,218,21.800,10.916,39.30,16.60,0.00,1,Coast,255.3277
1757.0,218,21.800,10.842,39.03,16.60,0.00,1,Coast,255.3277
1758.0,218,21.800,10.768,38.77,16.60,0.00,1,Coast,255.3277
1759.0,219,21.900,10.694,38.50,16.60,0.00,1,Coast,255.3277
1760.0,219,21.900,10.647,38.33,16.60,0.00,1,Coast,255.3277
1761.0,219,21.900,10.599,38.16,16.60,0.00,1,Coast,255.3277
1762.0,219,21.900,10.551,37.98,16.60,0.00,1,Coast,255.3277
1763.0,219,21.900,10.503,37.81,16.60,0.00,1,Coast,255.3277
1764.0,219,21.900,10.456,37.64,16.60,0.00,1,Coast,255.3277
1765.0,219,21.900,10.408,37.47,16.60,0.00,1,Coast,255.3277
1766.0,219,21.900,10.360,37.30,16.60,0.00,1,Coast,255.3277
1767.0,219,21.900,10.313,37.13,16.60,0.00,1,Coast,255.3277
1768.0,219,21.900,10.265,36.96,16.60,0.00,1,Coast,255.3277
1769.0,220,22.000,10.218,36.78,16.60,0.00,1,Coast,255.3277
1770.0,220,22.000,10.198,36.71,16.60,0.00,1,Coast,255.3277
1771.0,220,22.000,10.178,36.64,16.60,0.00,1,Coast,255.3277
1772.0,220,22.000,10.158,36.57,16.60,0.00,1,Coast,255.3277
1773.0,220,22.000,10.138,36.50,16.60,0.00,1,Coast,255.3277
1774.0,220,22.000,10.118,36.43,16.60,0.00,1,Coast,255.3277
1775.0,220,22.000,10.099,36.35,16.60,0.00,1,Coast,255.3277
1776.0,220,22.000,10.079,36.28,16.60,0.00,1,Coast,255.3277
1777.0,220,22.000,10.059,36.21,16.60,0.00,1,Coast,255.3277
1778.0,220,22.000,10.039,36.14,16.60,0.00,2,Cruise,255.3277
1779.0,221,22.100,10.039,36.14,16.60,0.00,2,Cruise,255.3511
1780.0,221,22.100,10.039,36.14,16.60,0.00,2,Cruise,255.4558
1781.0,221,22.100,10.039,36.14,16.60,0.00,2,Cruise,255.5606
1782.0,221,22.100,10.039,36.14,16.60,0.00,2,Cruise,255.6653
1783.0,221,22.100,10.039,36.14,16.60,0.00,2,Cruise,255.7700
1784.0,221,22.100,10.039,36.14,16.60,0.00,2,Cruise,255.8748
1785.0,221,22.100,10.039,36.14,16.60,0.00,2,Cruise,255.9795
1786.0,221,22.100,10.039,36.14,16.60,0.00,2,Cruise,256.0842
1787.0,221,22.100,10.039,36.14,16.60,0.00,2,Cruise,256.1890
1788.0,221,22.100,10.039,36.14,16.60,0.00,2,Cruise,256.2937
1789.0,222,22.200,10.039,36.14,16.60,0.00,2,Cruise,256.3985
1790.0,222,22.200,10.055,36.20,16.60,0.00,2,Cruise,256.3985
1791.0,222,22.200,10.070,36.25,16.60,0.00,2,Cruise,256.3985
1792.0,222,22.200,10.085,36.31,16.60,0.00,2,Cruise,256.3985
1793.0,222,22.200,10.101,36.36,16.60,0.00,2,Cruise,256.3985
1794.0,222,22.200,10.116,36.42,16.60,0.00,2,Cruise,256.3985
1795.0,222,22.200,10.131,36.47,16.60,0.00,2,Cruise,256.3985
1796.0,222,22.200,10.147,36.53,16.60,0.00,2,Cruise,256.3985
1797.0,222,22.200,10.162,36.58,16.60,0.00,2,Cruise,256.3985
1798.0,222,22.200,10.177,36.64,16.60,0.00,2,Cruise,256.3985
1799.0,223,22.300,10.192,36.69,16.60,0.00,2,Cruise,256.3985
1800.0,223,22.300,10.192,36.69,16.60,0.00,2,Cruise,256.4897
1801.0,223,22.300,10.192,36.69,16.60,0.00,2,Cruise,256.5809
1802.0,223,22.300,10.192,36.69,16.60,0.00,2,Cruise,256.6721
1803.0,223,22.300,10.192,36.69,16.60,0.00,2,Cruise,256.7633
1804.0,223,22.300,10.192,36.69,16.60,0.00,2,Cruise,256.8545
1805.0,223,22.300,10.192,36.69,16.60,0.00,2,Cruise,256.9457
1806.0,223,22.300,10.192,36.69,16.60,0.00,2,Cruise,257.0369
1807.0,223,22.300,10.192,36.69,16.60,0.00,2,Cruise,257.1281
1808.0,224,22.400,10.192,36.69,16.60,0.00,2,Cruise,257.2193
1809.0,224,22.400,10.192,36.69,16.60,0.00,2,Cruise,257.2568
1810.0,224,22.400,10.192,36.69,16.60,0.00,2,Cruise,257.2944
1811.0,224,22.400,10.192,36.69,16.60,0.00,2,Cruise,257.3320
1812.0,224,22.400,10.192,36.69,16.60,0.00,2,Cruise,257.3695
1813.0,224,22.400,10.192,36.69,16.60,0.00,2,Cruise,257.4071
1814.0,224,22.400,10.192,36.69,16.60,0.00,2,Cruise,257.4446
1815.0,224,22.400,10.192,36.69,16.60,0.00,2,Cruise,257.4822
1816.0,224,22.400,10.192,36.69,16.60,0.00,2,Cruise,257.5198
1817.0,224,22.400,10.192,36.69,16.60,0.00,2,Cruise,257.5573
1818.0,225,22.500,10.192,36.69,16.60,0.00,2,Cruise,257.5949
1819.0,225,22.500,10.192,36.69,16.60,0.00,2,Cruise,257.7141
1820.0,225,22.500,10.192,36.69,16.60,0.00,2,Cruise,257.8332
1821.0,225,22.500,10.192,36.69,16.60,0.00,2,Cruise,257.9524
1822.0,225,22.500,10.192,36.69,16.60,0.00,2,Cruise,258.0716
1823.0,225,22.500,10.192,36.69,16.60,0.00,2,Cruise,258.1908
1824.0,225,22.500,10.192,36.69,16.60,0.00,2,Cruise,258.3099
1825.0,225,22.500,10.192,36.69,16.60,0.00,2,Cruise,258.4291
1826.0,225,22.500,10.192,36.69,16.60,0.00,2,Cruise,258.5483
1827.0,225,22.500,10.192,36.69,16.60,0.00,2,Cruise,258.6674
1828.0,226,22.600,10.192,36.69,16.60,0.00,2,Cruise,258.7866
1829.0,226,22.600,10.192,36.69,16.60,0.00,2,Cruise,258.8563
1830.0,226,22.600,10.192,36.69,16.60,0.00,2,Cruise,258.9261
1831.0,226,22.600,10.192,36.69,16.60,0.00,2,Cruise,258.9958
1832.0,226,22.600,10.192,36.69,16.60,0.00,2,Cruise,259.0655
1833.0,226,22.600,10.192,36.69,16.60,0.00,2,Cruise,259.1353
1834.0,226,22.600,10.192,36.69,16.60,0.00,2,Cruise,259.2050
1835.0,226,22.600,10.192,36.69,16.60,0.00,2,Cruise,259.2747
1836.0,226,22.600,10.192,36.69,16.60,0.00,2,Cruise,259.3445
1837.0,226,22.600,10.192,36.69,16.60,0.00,2,Cruise,259.4142
1838.0,227,22.700,10.192,36.69,16.60,0.00,2,Cruise,259.4839
1839.0,227,22.700,10.213,36.77,16.60,0.00,2,Cruise,259.4839
1840.0,227,22.700,10.234,36.84,16.60,0.00,2,Cruise,259.4839
1841.0,227,22.700,10.255,36.92,16.60,0.00,2,Cruise,259.4839
1842.0,227,22.700,10.276,36.99,16.60,0.00,2,Cruise,259.4839
1843.0,227,22.700,10.296,37.07,16.60,0.00,2,Cruise,259.4839
1844.0,227,22.700,10.317,37.14,16.60,0.00,2,Cruise,259.4839
1845.0,227,22.700,10.338,37.22,16.60,0.00,2,Cruise,259.4839
1846.0,227,22.700,10.359,37.29,16.60,0.00,2,Cruise,259.4839
1847.0,227,22.700,10.379,37.37,16.60,0.00,2,Cruise,259.4839
1848.0,228,22.800,10.400,37.44,16.60,0.00,2,Cruise,259.4839
1849.0,228,22.800,10.400,37.44,16.60,0.00,2,Cruise,259.5731
1850.0,228,22.800,10.400,37.44,16.60,0.00,2,Cruise,259.6624
1851.0,228,22.800,10.400,37.44,16.60,0.00,2,Cruise,259.7516
1852.0,228,22.800,10.400,37.44,16.60,0.00,2,Cruise,259.8409
1853.0,228,22.800,10.400,37.44,16.60,0.00,2,Cruise,259.9301
1854.0,228,22.800,10.400,37.44,16.60,0.00,2,Cruise,260.0193
1855.0,228,22.800,10.400,37.44,16.60,0.00,2,Cruise,260.1086
1856.0,228,22.800,10.400,37.44,16.60,0.00,2,Cruise,260.1978
1857.0,229,22.900,10.400,37.44,16.60,0.00,2,Cruise,260.2870
1858.0,229,22.900,10.400,37.44,16.60,0.00,2,Cruise,260.3781
1859.0,229,22.900,10.400,37.44,16.60,0.00,2,Cruise,260.4692
1860.0,229,22.900,10.400,37.44,16.60,0.00,2,Cruise,260.5603
1861.0,229,22.900,10.400,37.44,16.60,0.00,2,Cruise,260.6514
1862.0,229,22.900,10.400,37.44,16.60,0.00,2,Cruise,260.7425
1863.0,229,22.900,10.400,37.44,16.60,0.00,2,Cruise,260.8336
1864.0,229,22.900,10.400,37.44,16.60,0.00,2,Cruise,260.9247
1865.0,229,22.900,10.400,37.44,16.60,0.00,2,Cruise,261.0157
1866.0,229,22.900,10.400,37.44,16.60,0.00,2,Cruise,261.1068
1867.0,230,23.000,10.400,37.44,16.60,0.00,2,Cruise,261.1979
1868.0,230,23.000,10.400,37.44,16.60,0.00,2,Cruise,261.3185
1869.0,230,23.000,10.400,37.44,16.60,0.00,2,Cruise,261.4390
1870.0,230,23.000,10.400,37.44,16.60,0.00,2,Cruise,261.5596
1871.0,230,23.000,10.400,37.44,16.60,0.00,2,Cruise,261.6801
1872.0,230,23.000,10.400,37.44,16.60,0.00,2,Cruise,261.8007
1873.0,230,23.000,10.400,37.44,16.60,0.00,2,Cruise,261.9212
1874.0,230,23.000,10.400,37.44,16.60,0.00,2,Cruise,262.0417
1875.0,230,23.000,10.400,37.44,16.60,0.00,2,Cruise,262.1623
1876.0,231,23.100,10.400,37.44,16.60,0.00,2,Cruise,262.2828
1877.0,231,23.100,10.400,37.44,16.60,0.00,2,Cruise,262.3246
1878.0,231,23.100,10.400,37.44,16.60,0.00,2,Cruise,262.3663
1879.0,231,23.100,10.400,37.44,16.60,0.00,2,Cruise,262.4081
1880.0,231,23.100,10.400,37.44,16.60,0.00,2,Cruise,262.4498
1881.0,231,23.100,10.400,37.44,16.60,0.00,2,Cruise,262.4915
1882.0,231,23.100,10.400,37.44,16.60,0.00,2,Cruise,262.5333
1883.0,231,23.100,10.400,37.44,16.60,0.00,2,Cruise,262.5750
1884.0,231,23.100,10.400,37.44,16.60,0.00,2,Cruise,262.6168
1885.0,231,23.100,10.400,37.44,16.60,0.00,2,Cruise,262.6585
1886.0,232,23.200,10.400,37.44,16.60,0.00,2,Cruise,262.7002
1887.0,232,23.200,10.400,37.44,16.60,0.00,2,Cruise,262.8127
1888.0,232,23.200,10.400,37.44,16.60,0.00,2,Cruise,262.9252
1889.0,232,23.200,10.400,37.44,16.60,0.00,2,Cruise,263.0377
1890.0,232,23.200,10.400,37.44,16.60,0.00,2,Cruise,263.1502
1891.0,232,23.200,10.400,37.44,16.60,0.00,2,Cruise,263.2627
1892.0,232,23.200,10.400,37.44,16.60,0.00,2,Cruise,263.3752
1893.0,232,23.200,10.400,37.44,16.60,0.00,2,Cruise,263.4877
1894.0,232,23.200,10.400,37.44,16.60,0.00,2,Cruise,263.6002
1895.0,232,23.200,10.400,37.44,16.60,0.00,2,Cruise,263.7127
1896.0,233,23.300,10.400,37.44,16.60,0.00,2,Cruise,263.8252
1897.0,233,23.300,10.400,37.44,16.60,0.00,2,Cruise,263.9332
1898.0,233,23.300,10.400,37.44,16.60,0.00,2,Cruise,264.0413
1899.0,233,23.300,10.400,37.44,16.60,0.00,2,Cruise,264.1493
1900.0,233,23.300,10.400,37.44,16.60,0.00,2,Cruise,264.2573
1901.0,233,23.300,10.400,37.44,16.60,0.00,2,Cruise,264.3653
1902.0,233,23.300,10.400,37.44,16.60,0.00,2,Cruise,264.4733
1903.0,233,23.300,10.400,37.44,16.60,0.00,2,Cruise,264.5814
1904.0,233,23.300,10.400,37.44,16.60,0.00,2,Cruise,264.6894
1905.0,234,23.400,10.400,37.44,16.60,0.00,3,Power,264.7974
1906.0,234,23.400,10.859,39.09,16.60,0.00,3,Power,265.5477
1907.0,234,23.400,11.317,40.74,16.60,0.00,3,Power,266.3304
1908.0,234,23.400,11.775,42.39,16.60,0.00,3,Power,267.1454
1909.0,234,23.400,12.232,44.04,16.60,0.00,3,Power,267.9927
1910.0,234,23.400,12.689,45.68,16.60,0.00,2,Cruise,268.8722
1911.0,234,23.400,12.689,45.68,16.60,0.00,2,Cruise,269.0866
1912.0,234,23.400,12.689,45.68,16.60,0.00,2,Cruise,269.3010
1913.0,234,23.400,12.689,45.68,16.60,0.00,2,Cruise,269.5154
1914.0,235,23.500,12.689,45.68,16.60,0.00,2,Cruise,269.7298
1915.0,235,23.500,12.689,45.68,16.60,0.00,2,Cruise,269.8283
1916.0,235,23.500,12.689,45.68,16.60,0.00,2,Cruise,269.9269
1917.0,235,23.500,12.689,45.68,16.60,0.00,2,Cruise,270.0254
1918.0,235,23.500,12.689,45.68,16.60,0.00,2,Cruise,270.1240
1919.0,235,23.500,12.689,45.68,16.60,0.00,2,Cruise,270.2226
1920.0,235,23.500,12.689,45.68,16.60,0.00,2,Cruise,270.3211
1921.0,236,23.600,12.689,45.68,16.60,0.00,2,Cruise,270.4197
1922.0,236,23.600,12.689,45.68,16.60,0.00,2,Cruise,270.4602
1923.0,236,23.600,12.689,45.68,16.60,0.00,2,Cruise,270.5008
1924.0,236,23.600,12.689,45.68,16.60,0.00,2,Cruise,270.5414
1925.0,236,23.600,12.689,45.68,16.60,0.00,2,Cruise,270.5819
1926.0,236,23.600,12.689,45.68,16.60,0.00,2,Cruise,270.6225
1927.0,236,23.600,12.689,45.68,16.60,0.00,2,Cruise,270.6631
1928.0,236,23.600,12.689,45.68,16.60,0.00,2,Cruise,270.7037
1929.0,237,23.700,12.689,45.68,16.60,0.00,2,Cruise,270.7442
1930.0,237,23.700,12.689,45.68,16.60,0.00,2,Cruise,270.8025
1931.0,237,23.700,12.689,45.68,16.60,0.00,2,Cruise,270.8608
1932.0,237,23.700,12.689,45.68,16.60,0.00,2,Cruise,270.9191
1933.0,237,23.700,12.689,45.68,16.60,0.00,2,Cruise,270.9773
1934.0,237,23.700,12.689,45.68,16.60,0.00,2,Cruise,271.0356
1935.0,237,23.700,12.689,45.68,16.60,0.00,2,Cruise,271.0939
1936.0,237,23.700,12.689,45.68,16.60,0.00,2,Cruise,271.1522
1937.0,238,23.800,12.689,45.68,16.60,0.00,2,Cruise,271.2104
1938.0,238,23.800,12.689,45.68,16.60,0.00,2,Cruise,271.3638
1939.0,238,23.800,12.689,45.68,16.60,0.00,2,Cruise,271.5171
1940.0,238,23.800,12.689,45.68,16.60,0.00,2,Cruise,271.6704
1941.0,238,23.800,12.689,45.68,16.60,0.00,2,Cruise,271.8237
1942.0,238,23.800,12.689,45.68,16.60,0.00,2,Cruise,271.9771
1943.0,238,23.800,12.689,45.68,16.60,0.00,2,Cruise,272.1304
1944.0,238,23.800,12.689,45.68,16.60,0.00,2,Cruise,272.2837
1945.0,239,23.900,12.689,45.68,16.60,0.00,2,Cruise,272.4370
1946.0,239,23.900,12.689,45.68,16.60,0.00,2,Cruise,272.5484
1947.0,239,23.900,12.689,45.68,16.60,0.00,2,Cruise,272.6598
1948.0,239,23.900,12.689,45.68,16.60,0.00,2,Cruise,272.7712
1949.0,239,23.900,12.689,45.68,16.60,0.00,2,Cruise,272.8826
1950.0,239,23.900,12.689,45.68,16.60,0.00,2,Cruise,272.9940
1951.0,239,23.900,12.689,45.68,16.60,0.00,2,Cruise,273.1054
1952.0,239,23.900,12.689,45.68,16.60,0.00,2,Cruise,273.2167
1953.0,240,24.000,12.689,45.68,1.00,0.00,3,Power,273.3281
1954.0,240,24.000,13.187,47.47,1.00,0.00,3,Power,274.2414
1955.0,240,24.000,13.685,49.26,1.00,0.00,3,Power,275.1898
1956.0,240,24.000,14.182,51.05,1.00,0.00,3,Power,276.1733
1957.0,240,24.000,14.678,52.84,1.00,0.00,3,Power,277.1919
1958.0,240,24.000,15.160,54.57,1.00,0.00,3,Power,278.2196
1959.0,240,24.000,15.622,56.24,1.00,0.00,3,Power,279.2461
1960.0,241,24.100,16.067,57.84,22.20,0.00,1,Coast,280.2716
1961.0,241,24.100,15.977,57.52,22.20,0.00,1,Coast,280.2716
1962.0,241,24.100,15.888,57.20,22.20,0.00,1,Coast,280.2716
1963.0,241,24.100,15.799,56.88,22.20,0.00,1,Coast,280.2716
1964.0,241,24.100,15.710,56.56,22.20,0.00,1,Coast,280.2716
1965.0,241,24.100,15.622,56.24,22.20,0.00,1,Coast,280.2716
1966.0,242,24.200,15.533,55.92,22.20,0.00,1,Coast,280.2716
1967.0,242,24.200,15.422,55.52,22.20,0.00,1,Coast,280.2716
1968.0,242,24.200,15.312,55.12,22.20,0.00,1,Coast,280.2716
1969.0,242,24.200,15.202,54.73,22.20,0.00,1,Coast,280.2716
1970.0,242,24.200,15.091,54.33,22.20,0.00,1,Coast,280.2716
1971.0,242,24.200,14.981,53.93,22.20,0.00,1,Coast,280.2716
1972.0,242,24.200,14.872,53.54,22.20,0.00,1,Coast,280.2716
1973.0,243,24.300,14.762,53.14,22.20,0.00,1,Coast,280.2716
1974.0,243,24.300,14.653,52.75,22.20,0.00,1,Coast,280.2716
1975.0,243,24.300,14.545,52.36,22.20,0.00,1,Coast,280.2716
1976.0,243,24.300,14.436,51.97,22.20,0.00,1,Coast,280.2716
1977.0,243,24.300,14.328,51.58,22.20,0.00,1,Coast,280.2716
1978.0,243,24.300,14.220,51.19,22.20,0.00,1,Coast,280.2716
1979.0,243,24.300,14.112,50.80,22.20,0.00,1,Coast,280.2716
1980.0,244,24.400,14.004,50.41,22.20,0.00,1,Coast,280.2716
1981.0,244,24.400,13.937,50.17,22.20,0.00,1,Coast,280.2716
1982.0,244,24.400,13.871,49.93,22.20,0.00,1,Coast,280.2716
1983.0,244,24.400,13.804,49.70,22.20,0.00,1,Coast,280.2716
1984.0,244,24.400,13.738,49.46,22.20,0.00,1,Coast,280.2716
1985.0,244,24.400,13.672,49.22,22.20,0.00,1,Coast,280.2716
1986.0,244,24.400,13.606,48.98,22.20,0.00,1,Coast,280.2716
1987.0,245,24.500,13.540,48.74,22.20,0.00,2,Cruise,280.2716
1988.0,245,24.500,13.540,48.74,22.20,0.00,2,Cruise,280.3836
1989.0,245,24.500,13.540,48.74,22.20,0.00,2,Cruise,280.4956
1990.0,245,24.500,13.540,48.74,22.20,0.00,2,Cruise,280.6076
1991.0,245,24.500,13.540,48.74,22.20,0.00,2,Cruise,280.7195
1992.0,245,24.500,13.540,48.74,22.20,0.00,2,Cruise,280.8315
1993.0,245,24.500,13.540,48.74,22.20,0.00,2,Cruise,280.9435
1994.0,245,24.500,13.540,48.74,22.20,0.00,2,Cruise,281.0555
1995.0,246,24.600,13.540,48.74,22.20,0.00,2,Cruise,281.1674
1996.0,246,24.600,13.540,48.74,22.20,0.00,2,Cruise,281.3171
1997.0,246,24.600,13.540,48.74,22.20,0.00,2,Cruise,281.4667
1998.0,246,24.600,13.540,48.74,22.20,0.00,2,Cruise,281.6164
1999.0,246,24.600,13.540,48.74,22.20,0.00,2,Cruise,281.7660
2000.0,246,24.600,13.540,48.74,22.20,0.00,2,Cruise,281.9156
2001.0,246,24.600,13.540,48.74,22.20,0.00,2,Cruise,282.0653
2002.0,247,24.700,13.540,48.74,22.20,0.00,2,Cruise,282.2149
2003.0,247,24.700,13.540,48.74,22.20,0.00,2,Cruise,282.2858
2004.0,247,24.700,13.540,48.74,22.20,0.00,2,Cruise,282.3566
2005.0,247,24.700,13.540,48.74,22.20,0.00,2,Cruise,282.4275
2006.0,247,24.700,13.540,48.74,22.20,0.00,2,Cruise,282.4983
2007.0,247,24.700,13.540,48.74,22.20,0.00,2,Cruise,282.5692
2008.0,247,24.700,13.540,48.74,22.20,0.00,2,Cruise,282.6401
2009.0,248,24.800,13.540,48.74,22.20,0.00,3,Power,282.7109
2010.0,248,24.800,14.027,50.50,22.20,0.00,1,Coast,283.6838
2011.0,248,24.800,13.913,50.09,22.20,0.00,1,Coast,283.6838
2012.0,248,24.800,13.800,49.68,22.20,0.00,1,Coast,283.6838
2013.0,248,24.800,13.687,49.27,22.20,0.00,1,Coast,283.6838
2014.0,248,24.800,13.574,48.86,22.20,0.00,1,Coast,283.6838
2015.0,248,24.800,13.461,48.46,22.20,0.00,3,Power,283.6838
2016.0,248,24.800,13.948,50.21,22.20,0.00,1,Coast,284.6512
2017.0,249,24.900,13.834,49.80,22.20,0.00,1,Coast,284.6512
2018.0,249,24.900,13.694,49.30,22.20,0.00,1,Coast,284.6512
2019.0,249,24.900,13.554,48.80,22.20,0.00,1,Coast,284.6512
2020.0,249,24.900,13.414,48.29,22.20,0.00,1,Coast,284.6512
2021.0,249,24.900,13.275,47.79,22.20,0.00,1,Coast,284.6512
2022.0,249,24.900,13.135,47.29,22.20,0.00,1,Coast,284.6512
2023.0,249,24.900,12.996,46.78,22.20,0.00,1,Coast,284.6512
2024.0,250,25.000,12.856,46.28,22.20,0.00,1,Coast,284.6512
2025.0,250,25.000,12.765,45.95,22.20,0.00,1,Coast,284.6512
2026.0,250,25.000,12.674,45.63,22.20,0.00,3,Power,284.6512
2027.0,250,25.000,13.183,47.46,22.20,0.00,1,Coast,285.5638
2028.0,250,25.000,13.091,47.13,22.20,0.00,1,Coast,285.5638
2029.0,250,25.000,13.000,46.80,22.20,0.00,1,Coast,285.5638
2030.0,250,25.000,12.908,46.47,22.20,0.00,1,Coast,285.5638
2031.0,250,25.000,12.817,46.14,22.20,0.00,1,Coast,285.5638
2032.0,251,25.100,12.726,45.81,22.20,0.00,1,Coast,285.5638
2033.0,251,25.100,12.697,45.71,22.20,0.00,1,Coast,285.5638
2034.0,251,25.100,12.668,45.61,22.20,0.00,1,Coast,285.5638
2035.0,251,25.100,12.640,45.50,22.20,0.00,1,Coast,285.5638
2036.0,251,25.100,12.611,45.40,22.20,0.00,2,Cruise,285.5638
2037.0,251,25.100,12.611,45.40,22.20,0.00,2,Cruise,285.6062
2038.0,251,25.100,12.611,45.40,22.20,0.00,2,Cruise,285.6486
2039.0,251,25.100,12.611,45.40,22.20,0.00,2,Cruise,285.6910
2040.0,252,25.200,12.611,45.40,22.20,0.00,2,Cruise,285.7334
2041.0,252,25.200,12.611,45.40,22.20,0.00,2,Cruise,285.8224
2042.0,252,25.200,12.611,45.40,22.20,0.00,2,Cruise,285.9115
2043.0,252,25.200,12.611,45.40,22.20,0.00,2,Cruise,286.0005
2044.0,252,25.200,12.611,45.40,22.20,0.00,2,Cruise,286.0895
2045.0,252,25.200,12.611,45.40,22.20,0.00,2,Cruise,286.1785
2046.0,252,25.200,12.611,45.40,22.20,0.00,2,Cruise,286.2676
2047.0,252,25.200,12.611,45.40,22.20,0.00,2,Cruise,286.3566
2048.0,253,25.300,12.611,45.40,22.20,0.00,1,Coast,286.4456
2049.0,253,25.300,12.543,45.15,22.20,0.00,1,Coast,286.4456
2050.0,253,25.300,12.475,44.91,22.20,0.00,1,Coast,286.4456
2051.0,253,25.300,12.406,44.66,22.20,0.00,1,Coast,286.4456
2052.0,253,25.300,12.338,44.42,22.20,0.00,1,Coast,286.4456
2053.0,253,25.300,12.270,44.17,22.20,0.00,1,Coast,286.4456
2054.0,253,25.300,12.202,43.93,22.20,0.00,1,Coast,286.4456
2055.0,253,25.300,12.134,43.68,22.20,0.00,1,Coast,286.4456
2056.0,254,25.400,12.066,43.44,22.20,0.00,1,Coast,286.4456
2057.0,254,25.400,11.947,43.01,22.20,0.00,1,Coast,286.4456
2058.0,254,25.400,11.828,42.58,22.20,0.00,3,Power,286.4456
2059.0,254,25.400,12.309,44.31,22.20,0.00,1,Coast,287.2975
2060.0,254,25.400,12.189,43.88,22.20,0.00,1,Coast,287.2975
2061.0,254,25.400,12.070,43.45,22.20,0.00,1,Coast,287.2975
2062.0,254,25.400,11.950,43.02,22.20,0.00,1,Coast,287.2975
2063.0,254,25.400,11.831,42.59,22.20,0.00,3,Power,287.2975
2064.0,255,25.500,12.312,44.32,22.20,0.00,1,Coast,288.1496
2065.0,255,25.500,12.268,44.17,22.20,0.00,1,Coast,288.1496
2066.0,255,25.500,12.225,44.01,22.20,0.00,1,Coast,288.1496
2067.0,255,25.500,12.182,43.85,22.20,0.00,1,Coast,288.1496
2068.0,255,25.500,12.138,43.70,22.20,0.00,1,Coast,288.1496
2069.0,255,25.500,12.095,43.54,22.20,0.00,1,Coast,288.1496
2070.0,255,25.500,12.052,43.39,22.20,0.00,1,Coast,288.1496
2071.0,255,25.500,12.009,43.23,22.20,0.00,1,Coast,288.1496
2072.0,256,25.600,11.966,43.08,22.20,0.00,1,Coast,288.1496
2073.0,256,25.600,11.897,42.83,22.20,0.00,1,Coast,288.1496
2074.0,256,25.600,11.828,42.58,22.20,0.00,1,Coast,288.1496
2075.0,256,25.600,11.760,42.33,22.20,0.00,1,Coast,288.1496
2076.0,256,25.600,11.691,42.09,22.20,0.00,1,Coast,288.1496
2077.0,256,25.600,11.623,41.84,22.20,0.00,1,Coast,288.1496
2078.0,256,25.600,11.554,41.60,22.20,0.00,1,Coast,288.1496
2079.0,256,25.600,11.486,41.35,22.20,0.00,1,Coast,288.1496
2080.0,256,25.600,11.418,41.10,22.20,0.00,1,Coast,288.1496
2081.0,257,25.700,11.350,40.86,22.20,0.00,2,Cruise,288.1496
2082.0,257,25.700,11.353,40.87,22.20,0.00,2,Cruise,288.1496
2083.0,257,25.700,11.355,40.88,22.20,0.00,2,Cruise,288.1496
2084.0,257,25.700,11.358,40.89,22.20,0.00,2,Cruise,288.1496
2085.0,257,25.700,11.361,40.90,22.20,0.00,2,Cruise,288.1496
2086.0,257,25.700,11.364,40.91,22.20,0.00,2,Cruise,288.1496
2087.0,257,25.700,11.367,40.92,22.20,0.00,2,Cruise,288.1496
2088.0,257,25.700,11.370,40.93,22.20,0.00,2,Cruise,288.1496
2089.0,257,25.700,11.373,40.94,22.20,0.00,2,Cruise,288.1496
2090.0,258,25.800,11.376,40.95,22.20,0.00,3,Power,288.1496
2091.0,258,25.800,11.904,42.86,22.20,0.00,3,Power,288.9713
2092.0,258,25.800,12.433,44.76,22.20,0.00,1,Coast,289.8302
2093.0,258,25.800,12.360,44.50,22.20,0.00,1,Coast,289.8302
2094.0,258,25.800,12.288,44.24,22.20,0.00,3,Power,289.8302
2095.0,258,25.800,12.816,46.14,22.20,0.00,1,Coast,290.7162
2096.0,258,25.800,12.743,45.88,22.20,0.00,1,Coast,290.7162
2097.0,258,25.800,12.670,45.61,22.20,0.00,1,Coast,290.7162
2098.0,259,25.900,12.598,45.35,22.20,0.00,1,Coast,290.7162
2099.0,259,25.900,12.576,45.27,22.20,0.00,1,Coast,290.7162
2100.0,259,25.900,12.554,45.19,22.20,0.00,1,Coast,290.7162
2101.0,259,25.900,12.532,45.12,22.20,0.00,1,Coast,290.7162
2102.0,259,25.900,12.510,45.04,22.20,0.00,1,Coast,290.7162
2103.0,259,25.900,12.488,44.96,22.20,0.00,1,Coast,290.7162
2104.0,259,25.900,12.466,44.88,22.20,0.00,1,Coast,290.7162
2105.0,259,25.900,12.445,44.80,22.20,0.00,1,Coast,290.7162
2106.0,260,26.000,12.423,44.72,22.20,0.00,1,Coast,290.7162
2107.0,260,26.000,12.318,44.35,22.20,0.00,1,Coast,290.7162
2108.0,260,26.000,12.214,43.97,22.20,0.00,1,Coast,290.7162
2109.0,260,26.000,12.109,43.59,22.20,0.00,1,Coast,290.7162
2110.0,260,26.000,12.005,43.22,22.20,0.00,1,Coast,290.7162
2111.0,260,26.000,11.901,42.84,22.20,0.00,1,Coast,290.7162
2112.0,260,26.000,11.796,42.47,22.20,0.00,1,Coast,290.7162
2113.0,260,26.000,11.692,42.09,22.20,0.00,1,Coast,290.7162
2114.0,261,26.100,11.589,41.72,22.20,0.00,1,Coast,290.7162
2115.0,261,26.100,11.511,41.44,22.20,0.00,1,Coast,290.7162
2116.0,261,26.100,11.434,41.16,22.20,0.00,1,Coast,290.7162
2117.0,261,26.100,11.356,40.88,22.20,0.00,1,Coast,290.7162
2118.0,261,26.100,11.279,40.60,22.20,0.00,1,Coast,290.7162
2119.0,261,26.100,11.202,40.33,22.20,0.00,1,Coast,290.7162
2120.0,261,26.100,11.125,40.05,22.20,0.00,1,Coast,290.7162
2121.0,261,26.100,11.048,39.77,22.20,0.00,1,Coast,290.7162
2122.0,261,26.100,10.971,39.50,22.20,0.00,1,Coast,290.7162
2123.0,262,26.200,10.894,39.22,22.20,0.00,1,Coast,290.7162
2124.0,262,26.200,10.832,39.00,22.20,0.00,3,Power,290.7162
2125.0,262,26.200,11.370,40.93,22.20,0.00,1,Coast,291.4999
2126.0,262,26.200,11.308,40.71,22.20,0.00,1,Coast,291.4999
2127.0,262,26.200,11.246,40.48,22.20,0.00,1,Coast,291.4999
2128.0,262,26.200,11.183,40.26,22.20,0.00,1,Coast,291.4999
2129.0,262,26.200,11.121,40.04,22.20,0.00,1,Coast,291.4999
2130.0,262,26.200,11.059,39.81,22.20,0.00,1,Coast,291.4999
2131.0,262,26.200,10.997,39.59,22.20,0.00,1,Coast,291.4999
2132.0,263,26.300,10.935,39.37,22.20,0.00,1,Coast,291.4999
2133.0,263,26.300,10.936,39.37,22.20,0.00,1,Coast,291.4999
2134.0,263,26.300,10.937,39.37,22.20,0.00,1,Coast,291.4999
2135.0,263,26.300,10.938,39.38,22.20,0.00,1,Coast,291.4999
2136.0,263,26.300,10.939,39.38,22.20,0.00,1,Coast,291.4999
2137.0,263,26.300,10.940,39.38,22.20,0.00,1,Coast,291.4999
2138.0,263,26.300,10.941,39.39,22.20,0.00,1,Coast,291.4999
2139.0,263,26.300,10.942,39.39,22.20,0.00,1,Coast,291.4999
2140.0,263,26.300,10.943,39.40,22.20,0.00,1,Coast,291.4999
2141.0,264,26.400,10.944,39.40,22.20,0.00,1,Coast,291.4999
2142.0,264,26.400,10.914,39.29,22.20,0.00,1,Coast,291.4999
2143.0,264,26.400,10.884,39.18,22.20,0.00,1,Coast,291.4999
2144.0,264,26.400,10.854,39.08,22.20,0.00,1,Coast,291.4999
2145.0,264,26.400,10.825,38.97,22.20,0.00,1,Coast,291.4999
2146.0,264,26.400,10.795,38.86,22.20,0.00,1,Coast,291.4999
2147.0,264,26.400,10.765,38.75,22.20,0.00,1,Coast,291.4999
2148.0,264,26.400,10.735,38.65,22.20,0.00,1,Coast,291.4999
2149.0,264,26.400,10.706,38.54,22.20,0.00,1,Coast,291.4999
2150.0,265,26.500,10.676,38.43,22.20,0.00,1,Coast,291.4999
2151.0,265,26.500,10.613,38.21,22.20,0.00,1,Coast,291.4999
2152.0,265,26.500,10.551,37.98,22.20,0.00,1,Coast,291.4999
2153.0,265,26.500,10.489,37.76,22.20,0.00,1,Coast,291.4999
2154.0,265,26.500,10.426,37.53,22.20,0.00,1,Coast,291.4999
2155.0,265,26.500,10.364,37.31,22.20,0.00,1,Coast,291.4999
2156.0,265,26.500,10.302,37.09,22.20,0.00,1,Coast,291.4999
2157.0,265,26.500,10.240,36.86,22.20,0.00,1,Coast,291.4999
2158.0,265,26.500,10.178,36.64,22.20,0.00,1,Coast,291.4999
2159.0,265,26.500,10.116,36.42,22.20,0.00,1,Coast,291.4999
2160.0,266,26.600,10.054,36.19,22.20,0.00,1,Coast,291.4999
2161.0,266,26.600,9.983,35.94,22.20,0.00,1,Coast,291.4999
2162.0,266,26.600,9.912,35.68,22.20,0.00,1,Coast,291.4999
2163.0,266,26.600,9.841,35.43,22.20,0.00,1,Coast,291.4999
2164.0,266,26.600,9.770,35.17,22.20,0.00,1,Coast,291.4999
2165.0,266,26.600,9.699,34.92,22.20,0.00,1,Coast,291.4999
2166.0,266,26.600,9.628,34.66,22.20,0.00,3,Power,291.4999
2167.0,266,26.600,10.228,36.82,22.20,0.00,1,Coast,292.5425
2168.0,266,26.600,10.157,36.57,22.20,0.00,1,Coast,292.5425
2169.0,266,26.600,10.086,36.31,22.20,0.00,1,Coast,292.5425
2170.0,267,26.700,10.015,36.05,22.20,0.00,1,Coast,292.5425
2171.0,267,26.700,10.036,36.13,22.20,0.00,1,Coast,292.5425
2172.0,267,26.700,10.056,36.20,22.20,0.00,1,Coast,292.5425
2173.0,267,26.700,10.077,36.28,22.20,0.00,1,Coast,292.5425
2174.0,267,26.700,10.097,36.35,22.20,0.00,1,Coast,292.5425
2175.0,267,26.700,10.118,36.42,22.20,0.00,1,Coast,292.5425
2176.0,267,26.700,10.138,36.50,22.20,0.00,1,Coast,292.5425
2177.0,267,26.700,10.159,36.57,22.20,0.00,1,Coast,292.5425
2178.0,267,26.700,10.179,36.65,22.20,0.00,1,Coast,292.5425
2179.0,267,26.700,10.200,36.72,22.20,0.00,1,Coast,292.5425
2180.0,268,26.800,10.220,36.79,22.20,0.00,2,Cruise,292.5425
2181.0,268,26.800,10.249,36.90,22.20,0.00,2,Cruise,292.5425
2182.0,268,26.800,10.277,37.00,22.20,0.00,2,Cruise,292.5425
2183.0,268,26.800,10.306,37.10,22.20,0.00,2,Cruise,292.5425
2184.0,268,26.800,10.334,37.20,22.20,0.00,2,Cruise,292.5425
2185.0,268,26.800,10.362,37.30,22.20,0.00,2,Cruise,292.5425
2186.0,268,26.800,10.391,37.41,22.20,0.00,2,Cruise,292.5425
2187.0,268,26.800,10.419,37.51,22.20,0.00,2,Cruise,292.5425
2188.0,268,26.800,10.447,37.61,22.20,0.00,2,Cruise,292.5425
2189.0,269,26.900,10.475,37.71,22.20,0.00,2,Cruise,292.5425
2190.0,269,26.900,10.475,37.71,22.20,0.00,2,Cruise,292.5806
2191.0,269,26.900,10.475,37.71,22.20,0.00,2,Cruise,292.6187
2192.0,269,26.900,10.475,37.71,22.20,0.00,2,Cruise,292.6569
2193.0,269,26.900,10.475,37.71,22.20,0.00,2,Cruise,292.6950
2194.0,269,26.900,10.475,37.71,22.20,0.00,2,Cruise,292.7331
2195.0,269,26.900,10.475,37.71,22.20,0.00,2,Cruise,292.7712
2196.0,269,26.900,10.475,37.71,22.20,0.00,2,Cruise,292.8094
2197.0,269,26.900,10.475,37.71,22.20,0.00,2,Cruise,292.8475
2198.0,269,26.900,10.475,37.71,22.20,0.00,2,Cruise,292.8856
2199.0,270,27.000,10.475,37.71,22.20,0.00,3,Power,292.9238
2200.0,270,27.000,10.997,39.59,22.20,0.00,3,Power,293.6816
2201.0,270,27.000,11.518,41.46,22.20,0.00,1,Coast,294.4762
2202.0,270,27.000,11.438,41.18,22.20,0.00,1,Coast,294.4762
2203.0,270,27.000,11.358,40.89,22.20,0.00,1,Coast,294.4762
2204.0,270,27.000,11.279,40.60,22.20,0.00,1,Coast,294.4762
2205.0,270,27.000,11.199,40.32,22.20,0.00,1,Coast,294.4762
2206.0,270,27.000,11.120,40.03,22.20,0.00,1,Coast,294.4762
2207.0,270,27.000,11.040,39.75,22.20,0.00,3,Power,294.4762
2208.0,271,27.100,11.561,41.62,22.20,0.00,1,Coast,295.2739
2209.0,271,27.100,11.505,41.42,22.20,0.00,1,Coast,295.2739
2210.0,271,27.100,11.449,41.22,22.20,0.00,1,Coast,295.2739
2211.0,271,27.100,11.393,41.02,22.20,0.00,1,Coast,295.2739
2212.0,271,27.100,11.337,40.81,22.20,0.00,1,Coast,295.2739
2213.0,271,27.100,11.281,40.61,22.20,0.00,1,Coast,295.2739
2214.0,271,27.100,11.226,40.41,22.20,0.00,1,Coast,295.2739
2215.0,271,27.100,11.170,40.21,22.20,0.00,1,Coast,295.2739
2216.0,271,27.100,11.114,40.01,22.20,0.00,1,Coast,295.2739
2217.0,272,27.200,11.059,39.81,22.20,0.00,1,Coast,295.2739
2218.0,272,27.200,11.010,39.64,22.20,0.00,1,Coast,295.2739
2219.0,272,27.200,10.962,39.46,22.20,0.00,1,Coast,295.2739
2220.0,272,27.200,10.913,39.29,22.20,0.00,1,Coast,295.2739
2221.0,272,27.200,10.865,39.11,22.20,0.00,1,Coast,295.2739
2222.0,272,27.200,10.817,38.94,22.20,0.00,1,Coast,295.2739
2223.0,272,27.200,10.768,38.77,22.20,0.00,1,Coast,295.2739
2224.0,272,27.200,10.720,38.59,22.20,0.00,1,Coast,295.2739
2225.0,272,27.200,10.672,38.42,22.20,0.00,1,Coast,295.2739
2226.0,273,27.300,10.624,38.25,22.20,0.00,2,Cruise,295.2739
2227.0,273,27.300,10.624,38.25,22.20,0.00,2,Cruise,295.3212
2228.0,273,27.300,10.624,38.25,22.20,0.00,2,Cruise,295.3685
2229.0,273,27.300,10.624,38.25,22.20,0.00,2,Cruise,295.4158
2230.0,273,27.300,10.624,38.25,22.20,0.00,2,Cruise,295.4630
2231.0,273,27.300,10.624,38.25,22.20,0.00,2,Cruise,295.5103
2232.0,273,27.300,10.624,38.25,22.20,0.00,2,Cruise,295.5576
2233.0,273,27.300,10.624,38.25,22.20,0.00,2,Cruise,295.6049
2234.0,273,27.300,10.624,38.25,22.20,0.00,2,Cruise,295.6522
2235.0,274,27.400,10.624,38.25,22.20,0.00,2,Cruise,295.6994
2236.0,274,27.400,10.624,38.25,22.20,0.00,2,Cruise,295.7393
2237.0,274,27.400,10.624,38.25,22.20,0.00,2,Cruise,295.7792
2238.0,274,27.400,10.624,38.25,22.20,0.00,2,Cruise,295.8190
2239.0,274,27.400,10.624,38.25,22.20,0.00,2,Cruise,295.8589
2240.0,274,27.400,10.624,38.25,22.20,0.00,2,Cruise,295.8988
2241.0,274,27.400,10.624,38.25,22.20,0.00,2,Cruise,295.9386
2242.0,274,27.400,10.624,38.25,22.20,0.00,2,Cruise,295.9785
2243.0,274,27.400,10.624,38.25,22.20,0.00,2,Cruise,296.0184
2244.0,274,27.400,10.624,38.25,22.20,0.00,2,Cruise,296.0582
2245.0,275,27.500,10.624,38.25,22.20,0.00,1,Coast,296.0981
2246.0,275,27.500,10.564,38.03,22.20,0.00,1,Coast,296.0981
2247.0,275,27.500,10.505,37.82,22.20,0.00,1,Coast,296.0981
2248.0,275,27.500,10.445,37.60,22.20,0.00,2,Cruise,296.0981
2249.0,275,27.500,10.445,37.60,22.20,0.00,2,Cruise,296.1712
2250.0,275,27.500,10.445,37.60,22.20,0.00,2,Cruise,296.2444
2251.0,275,27.500,10.445,37.60,22.20,0.00,2,Cruise,296.3175
2252.0,275,27.500,10.445,37.60,22.20,0.00,2,Cruise,296.3906
2253.0,275,27.500,10.445,37.60,22.20,0.00,2,Cruise,296.4638
2254.0,276,27.600,10.445,37.60,22.20,0.00,2,Cruise,296.5369
2255.0,276,27.600,10.445,37.60,22.20,0.00,2,Cruise,296.5584
2256.0,276,27.600,10.445,37.60,22.20,0.00,2,Cruise,296.5800
2257.0,276,27.600,10.445,37.60,22.20,0.00,2,Cruise,296.6015
2258.0,276,27.600,10.445,37.60,22.20,0.00,2,Cruise,296.6230
2259.0,276,27.600,10.445,37.60,22.20,0.00,2,Cruise,296.6445
2260.0,276,27.600,10.445,37.60,22.20,0.00,2,Cruise,296.6660
2261.0,276,27.600,10.445,37.60,22.20,0.00,2,Cruise,296.6876
2262.0,276,27.600,10.445,37.60,22.20,0.00,2,Cruise,296.7091
2263.0,276,27.600,10.445,37.60,22.20,0.00,2,Cruise,296.7306
2264.0,277,27.700,10.445,37.60,22.20,0.00,1,Coast,296.7521
2265.0,277,27.700,10.376,37.35,22.20,0.00,1,Coast,296.7521
2266.0,277,27.700,10.307,37.11,22.20,0.00,1,Coast,296.7521
2267.0,277,27.700,10.239,36.86,22.20,0.00,1,Coast,296.7521
2268.0,277,27.700,10.170,36.61,22.20,0.00,1,Coast,296.7521
2269.0,277,27.700,10.102,36.37,22.20,0.00,1,Coast,296.7521
2270.0,277,27.700,10.033,36.12,22.20,0.00,1,Coast,296.7521
2271.0,277,27.700,9.965,35.87,22.20,0.00,1,Coast,296.7521
2272.0,277,27.700,9.896,35.63,22.20,0.00,1,Coast,296.7521
2273.0,277,27.700,9.828,35.38,22.20,0.00,1,Coast,296.7521
2274.0,278,27.800,9.759,35.13,22.20,0.00,1,Coast,296.7521
2275.0,278,27.800,9.736,35.05,22.20,0.00,1,Coast,296.7521
2276.0,278,27.800,9.712,34.96,22.20,0.00,1,Coast,296.7521
2277.0,278,27.800,9.688,34.88,22.20,0.00,1,Coast,296.7521
2278.0,278,27.800,9.664,34.79,22.20,0.00,1,Coast,296.7521
2279.0,278,27.800,9.640,34.71,22.20,0.00,1,Coast,296.7521
2280.0,278,27.800,9.617,34.62,22.20,0.00,1,Coast,296.7521
2281.0,278,27.800,9.593,34.53,22.20,0.00,1,Coast,296.7521
2282.0,278,27.800,9.569,34.45,22.20,0.00,1,Coast,296.7521
2283.0,278,27.800,9.546,34.36,22.20,0.00,1,Coast,296.7521
2284.0,279,27.900,9.522,34.28,22.20,0.00,1,Coast,296.7521
2285.0,279,27.900,9.486,34.15,22.20,0.00,1,Coast,296.7521
2286.0,279,27.900,9.450,34.02,22.20,0.00,1,Coast,296.7521
2287.0,279,27.900,9.414,33.89,22.20,0.00,1,Coast,296.7521
2288.0,279,27.900,9.378,33.76,22.20,0.00,1,Coast,296.7521
2289.0,279,27.900,9.342,33.63,22.20,0.00,1,Coast,296.7521
2290.0,279,27.900,9.306,33.50,22.20,0.00,1,Coast,296.7521
2291.0,279,27.900,9.270,33.37,22.20,0.00,1,Coast,296.7521
2292.0,279,27.900,9.234,33.24,22.20,0.00,1,Coast,296.7521
2293.0,279,27.900,9.198,33.11,22.20,0.00,1,Coast,296.7521
2294.0,279,27.900,9.163,32.99,22.20,0.00,1,Coast,296.7521
2295.0,280,28.000,9.127,32.86,22.20,0.00,1,Coast,296.7521
2296.0,280,28.000,9.092,32.73,22.20,0.00,1,Coast,296.7521
2297.0,280,28.000,9.057,32.60,22.20,0.00,1,Coast,296.7521
2298.0,280,28.000,9.022,32.48,22.20,0.00,1,Coast,296.7521
2299.0,280,28.000,8.987,32.35,22.20,0.00,1,Coast,296.7521
2300.0,280,28.000,8.952,32.23,22.20,0.00,1,Coast,296.7521
2301.0,280,28.000,8.917,32.10,22.20,0.00,1,Coast,296.7521
2302.0,280,28.000,8.882,31.98,22.20,0.00,1,Coast,296.7521
2303.0,280,28.000,8.847,31.85,22.20,0.00,1,Coast,296.7521
2304.0,280,28.000,8.813,31.73,22.20,0.00,1,Coast,296.7521
2305.0,280,28.000,8.778,31.60,22.20,0.00,1,Coast,296.7521
2306.0,281,28.100,8.743,31.48,22.20,0.00,1,Coast,296.7521
2307.0,281,28.100,8.787,31.63,22.20,0.00,1,Coast,296.7521
2308.0,281,28.100,8.831,31.79,22.20,0.00,1,Coast,296.7521
2309.0,281,28.100,8.875,31.95,22.20,0.00,1,Coast,296.7521
2310.0,281,28.100,8.918,32.11,22.20,0.00,1,Coast,296.7521
2311.0,281,28.100,8.962,32.26,22.20,0.00,1,Coast,296.7521
2312.0,281,28.100,9.006,32.42,22.20,0.00,1,Coast,296.7521
2313.0,281,28.100,9.049,32.58,22.20,0.00,1,Coast,296.7521
2314.0,281,28.100,9.093,32.74,22.20,0.00,1,Coast,296.7521
2315.0,281,28.100,9.137,32.89,22.20,0.00,1,Coast,296.7521
2316.0,281,28.100,9.180,33.05,22.20,0.00,1,Coast,296.7521
2317.0,282,28.200,9.224,33.21,22.20,0.00,1,Coast,296.7521
2318.0,282,28.200,9.238,33.26,22.20,0.00,1,Coast,296.7521
2319.0,282,28.200,9.252,33.31,22.20,0.00,1,Coast,296.7521
2320.0,282,28.200,9.266,33.36,22.20,0.00,1,Coast,296.7521
2321.0,282,28.200,9.280,33.41,22.20,0.00,1,Coast,296.7521
2322.0,282,28.200,9.294,33.46,22.20,0.00,1,Coast,296.7521
2323.0,282,28.200,9.308,33.51,22.20,0.00,1,Coast,296.7521
2324.0,282,28.200,9.322,33.56,22.20,0.00,1,Coast,296.7521
2325.0,282,28.200,9.336,33.61,22.20,0.00,1,Coast,296.7521
2326.0,282,28.200,9.350,33.66,22.20,0.00,1,Coast,296.7521
2327.0,282,28.200,9.364,33.71,22.20,0.00,1,Coast,296.7521
2328.0,283,28.300,9.378,33.76,22.20,0.00,2,Cruise,296.7521
2329.0,283,28.300,9.404,33.85,22.20,0.00,2,Cruise,296.7521
2330.0,283,28.300,9.429,33.95,22.20,0.00,2,Cruise,296.7521
2331.0,283,28.300,9.455,34.04,22.20,0.00,2,Cruise,296.7521
2332.0,283,28.300,9.481,34.13,22.20,0.00,2,Cruise,296.7521
2333.0,283,28.300,9.507,34.22,22.20,0.00,2,Cruise,296.7521
2334.0,283,28.300,9.532,34.32,22.20,0.00,2,Cruise,296.7521
2335.0,283,28.300,9.558,34.41,22.20,0.00,2,Cruise,296.7521
2336.0,283,28.300,9.583,34.50,22.20,0.00,2,Cruise,296.7521
2337.0,283,28.300,9.609,34.59,22.20,0.00,2,Cruise,296.7521
2338.0,284,28.400,9.634,34.68,22.20,0.00,2,Cruise,296.7521
2339.0,284,28.400,9.635,34.69,22.20,0.00,2,Cruise,296.7521
2340.0,284,28.400,9.635,34.69,22.20,0.00,2,Cruise,296.7521
2341.0,284,28.400,9.636,34.69,22.20,0.00,2,Cruise,296.7521
2342.0,284,28.400,9.636,34.69,22.20,0.00,2,Cruise,296.7521
2343.0,284,28.400,9.637,34.69,22.20,0.00,2,Cruise,296.7521
2344.0,284,28.400,9.637,34.69,22.20,0.00,2,Cruise,296.7521
2345.0,284,28.400,9.638,34.70,22.20,0.00,2,Cruise,296.7521
2346.0,284,28.400,9.638,34.70,22.20,0.00,2,Cruise,296.7521
2347.0,284,28.400,9.639,34.70,22.20,0.00,2,Cruise,296.7521
2348.0,284,28.400,9.639,34.70,22.20,0.00,2,Cruise,296.7521
2349.0,285,28.500,9.640,34.70,22.20,0.00,2,Cruise,296.7521
2350.0,285,28.500,9.659,34.77,22.20,0.00,2,Cruise,296.7521
2351.0,285,28.500,9.678,34.84,22.20,0.00,2,Cruise,296.7521
2352.0,285,28.500,9.697,34.91,22.20,0.00,2,Cruise,296.7521
2353.0,285,28.500,9.716,34.98,22.20,0.00,2,Cruise,296.7521
2354.0,285,28.500,9.735,35.05,22.20,0.00,2,Cruise,296.7521
2355.0,285,28.500,9.754,35.12,22.20,0.00,2,Cruise,296.7521
2356.0,285,28.500,9.773,35.18,22.20,0.00,2,Cruise,296.7521
2357.0,285,28.500,9.792,35.25,22.20,0.00,2,Cruise,296.7521
2358.0,285,28.500,9.811,35.32,22.20,0.00,2,Cruise,296.7521
2359.0,286,28.600,9.830,35.39,22.20,0.00,2,Cruise,296.7521
2360.0,286,28.600,9.830,35.39,22.20,0.00,2,Cruise,296.7947
2361.0,286,28.600,9.830,35.39,22.20,0.00,2,Cruise,296.8373
2362.0,286,28.600,9.830,35.39,22.20,0.00,2,Cruise,296.8799
2363.0,286,28.600,9.830,35.39,22.20,0.00,2,Cruise,296.9225
2364.0,286,28.600,9.830,35.39,22.20,0.00,2,Cruise,296.9651
2365.0,286,28.600,9.830,35.39,22.20,0.00,2,Cruise,297.0077
2366.0,286,28.600,9.830,35.39,22.20,0.00,2,Cruise,297.0503
2367.0,286,28.600,9.830,35.39,22.20,0.00,2,Cruise,297.0929
2368.0,286,28.600,9.830,35.39,22.20,0.00,2,Cruise,297.1355
2369.0,287,28.700,9.830,35.39,22.20,0.00,3,Power,297.1781
2370.0,287,28.700,10.430,37.55,22.20,0.00,3,Power,298.2201
2371.0,287,28.700,10.875,39.15,22.20,0.00,3,Power,298.9721
2372.0,287,28.700,11.320,40.75,22.20,0.00,3,Power,299.7554
2373.0,287,28.700,11.764,42.35,22.20,0.00,3,Power,300.5701
2374.0,287,28.700,12.207,43.95,22.20,0.00,1,Coast,301.4162
2375.0,287,28.700,12.051,43.38,22.20,0.00,1,Coast,301.4162
2376.0,287,28.700,11.894,42.82,22.20,0.00,3,Power,301.4162
2377.0,287,28.700,12.337,44.41,22.20,0.00,1,Coast,302.2714
2378.0,288,28.800,12.180,43.85,22.20,0.00,1,Coast,302.2714
2379.0,288,28.800,12.050,43.38,22.20,0.00,1,Coast,302.2714
2380.0,288,28.800,11.920,42.91,22.20,0.00,1,Coast,302.2714
2381.0,288,28.800,11.791,42.45,22.20,0.00,1,Coast,302.2714
2382.0,288,28.800,11.661,41.98,22.20,0.00,1,Coast,302.2714
2383.0,288,28.800,11.532,41.51,22.20,0.00,1,Coast,302.2714
2384.0,288,28.800,11.402,41.05,22.20,0.00,1,Coast,302.2714
2385.0,288,28.800,11.273,40.58,22.20,0.00,1,Coast,302.2714
2386.0,288,28.800,11.144,40.12,22.20,0.00,1,Coast,302.2714
2387.0,289,28.900,11.015,39.66,22.20,0.00,1,Coast,302.2714
2388.0,289,28.900,10.975,39.51,22.20,0.00,1,Coast,302.2714
2389.0,289,28.900,10.935,39.37,22.20,0.00,1,Coast,302.2714
2390.0,289,28.900,10.895,39.22,22.20,0.00,1,Coast,302.2714
2391.0,289,28.900,10.855,39.08,22.20,0.00,1,Coast,302.2714
2392.0,289,28.900,10.815,38.93,22.20,0.00,1,Coast,302.2714
2393.0,289,28.900,10.775,38.79,22.20,0.00,1,Coast,302.2714
2394.0,289,28.900,10.735,38.65,22.20,0.00,1,Coast,302.2714
2395.0,289,28.900,10.695,38.50,22.20,0.00,1,Coast,302.2714
2396.0,290,29.000,10.655,38.36,22.20,0.00,1,Coast,302.2714
2397.0,290,29.000,10.549,37.98,22.20,0.00,1,Coast,302.2714
2398.0,290,29.000,10.443,37.60,22.20,0.00,1,Coast,302.2714
2399.0,290,29.000,10.337,37.21,22.20,0.00,1,Coast,302.2714
2400.0,290,29.000,10.232,36.83,22.20,0.00,1,Coast,302.2714
2401.0,290,29.000,10.126,36.45,22.20,0.00,1,Coast,302.2714
2402.0,290,29.000,10.020,36.07,22.20,0.00,1,Coast,302.2714
2403.0,290,29.000,9.915,35.69,22.20,0.00,1,Coast,302.2714
2404.0,290,29.000,9.810,35.32,22.20,0.00,1,Coast,302.2714
2405.0,290,29.000,9.705,34.94,22.20,0.00,3,Power,302.2714
2406.0,291,29.100,10.305,37.10,22.20,0.00,2,Cruise,303.3138
2407.0,291,29.100,10.397,37.43,22.20,0.00,2,Cruise,303.3138
2408.0,291,29.100,10.489,37.76,22.20,0.00,2,Cruise,303.3138
2409.0,291,29.100,10.581,38.09,22.20,0.00,2,Cruise,303.3138
2410.0,291,29.100,10.674,38.43,22.20,0.00,1,Coast,303.3138
2411.0,291,29.100,10.766,38.76,22.20,0.00,1,Coast,303.3138
2412.0,291,29.100,10.858,39.09,22.20,0.00,1,Coast,303.3138
2413.0,291,29.100,10.950,39.42,22.20,0.00,1,Coast,303.3138
2414.0,291,29.100,11.041,39.75,22.20,0.00,1,Coast,303.3138
2415.0,292,29.200,11.133,40.08,22.20,0.00,1,Coast,303.3138
2416.0,292,29.200,11.069,39.85,22.20,0.00,1,Coast,303.3138
2417.0,292,29.200,11.005,39.62,22.20,0.00,1,Coast,303.3138
2418.0,292,29.200,10.940,39.39,22.20,0.00,1,Coast,303.3138
2419.0,292,29.200,10.876,39.15,22.20,0.00,1,Coast,303.3138
2420.0,292,29.200,10.812,38.92,22.20,0.00,1,Coast,303.3138
2421.0,292,29.200,10.748,38.69,22.20,0.00,1,Coast,303.3138
2422.0,292,29.200,10.684,38.46,22.20,0.00,1,Coast,303.3138
2423.0,292,29.200,10.621,38.23,22.20,0.00,1,Coast,303.3138
2424.0,293,29.300,10.557,38.00,22.20,0.00,1,Coast,303.3138
2425.0,293,29.300,10.515,37.85,22.20,0.00,1,Coast,303.3138
2426.0,293,29.300,10.473,37.70,22.20,0.00,1,Coast,303.3138
2427.0,293,29.300,10.431,37.55,22.20,0.00,1,Coast,303.3138
2428.0,293,29.300,10.389,37.40,22.20,0.00,1,Coast,303.3138
2429.0,293,29.300,10.347,37.25,22.20,0.00,1,Coast,303.3138
2430.0,293,29.300,10.305,37.10,22.20,0.00,1,Coast,303.3138
2431.0,293,29.300,10.263,36.95,22.20,0.00,1,Coast,303.3138
2432.0,293,29.300,10.221,36.80,22.20,0.00,1,Coast,303.3138
2433.0,293,29.300,10.180,36.65,22.20,0.00,1,Coast,303.3138
2434.0,294,29.400,10.138,36.50,22.20,0.00,1,Coast,303.3138
2435.0,294,29.400,10.086,36.31,22.20,0.00,1,Coast,303.3138
2436.0,294,29.400,10.034,36.12,22.20,0.00,1,Coast,303.3138
2437.0,294,29.400,9.983,35.94,22.20,0.00,1,Coast,303.3138
2438.0,294,29.400,9.931,35.75,22.20,0.00,1,Coast,303.3138
2439.0,294,29.400,9.879,35.57,22.20,0.00,1,Coast,303.3138
2440.0,294,29.400,9.828,35.38,22.20,0.00,1,Coast,303.3138
2441.0,294,29.400,9.776,35.19,22.20,0.00,1,Coast,303.3138
2442.0,294,29.400,9.725,35.01,22.20,0.00,1,Coast,303.3138
2443.0,294,29.400,9.673,34.82,22.20,0.00,1,Coast,303.3138
2444.0,295,29.500,9.622,34.64,22.20,0.00,1,Coast,303.3138
2445.0,295,29.500,9.579,34.48,22.20,0.00,1,Coast,303.3138
2446.0,295,29.500,9.536,34.33,22.20,0.00,1,Coast,303.3138
2447.0,295,29.500,9.493,34.17,22.20,0.00,1,Coast,303.3138
2448.0,295,29.500,9.450,34.02,22.20,0.00,1,Coast,303.3138
2449.0,295,29.500,9.407,33.87,22.20,0.00,1,Coast,303.3138
2450.0,295,29.500,9.364,33.71,22.20,0.00,1,Coast,303.3138
2451.0,295,29.500,9.322,33.56,22.20,0.00,1,Coast,303.3138
2452.0,295,29.500,9.279,33.40,22.20,0.00,1,Coast,303.3138
2453.0,295,29.500,9.236,33.25,22.20,0.00,1,Coast,303.3138
2454.0,296,29.600,9.193,33.10,22.20,0.00,1,Coast,303.3138
2455.0,296,29.600,9.219,33.19,22.20,0.00,1,Coast,303.3138
2456.0,296,29.600,9.244,33.28,22.20,0.00,1,Coast,303.3138
2457.0,296,29.600,9.270,33.37,22.20,0.00,1,Coast,303.3138
2458.0,296,29.600,9.295,33.46,22.20,0.00,1,Coast,303.3138
2459.0,296,29.600,9.321,33.55,22.20,0.00,1,Coast,303.3138
2460.0,296,29.600,9.346,33.65,22.20,0.00,1,Coast,303.3138
2461.0,296,29.600,9.371,33.74,22.20,0.00,1,Coast,303.3138
2462.0,296,29.600,9.397,33.83,22.20,0.00,1,Coast,303.3138
2463.0,296,29.600,9.422,33.92,22.20,0.00,1,Coast,303.3138
2464.0,296,29.600,9.447,34.01,22.20,0.00,1,Coast,303.3138
2465.0,297,29.700,9.473,34.10,22.20,0.00,2,Cruise,303.3138
2466.0,297,29.700,9.487,34.15,22.20,0.00,2,Cruise,303.3138
2467.0,297,29.700,9.502,34.21,22.20,0.00,2,Cruise,303.3138
2468.0,297,29.700,9.516,34.26,22.20,0.00,2,Cruise,303.3138
2469.0,297,29.700,9.531,34.31,22.20,0.00,2,Cruise,303.3138
2470.0,297,29.700,9.545,34.36,22.20,0.00,2,Cruise,303.3138
2471.0,297,29.700,9.560,34.42,22.20,0.00,2,Cruise,303.3138
2472.0,297,29.700,9.574,34.47,22.20,0.00,2,Cruise,303.3138
2473.0,297,29.700,9.589,34.52,22.20,0.00,2,Cruise,303.3138
2474.0,297,29.700,9.603,34.57,22.20,0.00,2,Cruise,303.3138
2475.0,297,29.700,9.618,34.62,22.20,0.00,2,Cruise,303.3138
2476.0,298,29.800,9.632,34.68,22.20,0.00,2,Cruise,303.3138
2477.0,298,29.800,9.632,34.68,22.20,0.00,2,Cruise,303.3207
2478.0,298,29.800,9.632,34.68,22.20,0.00,2,Cruise,303.3276
2479.0,298,29.800,9.632,34.68,22.20,0.00,2,Cruise,303.3345
2480.0,298,29.800,9.632,34.68,22.20,0.00,2,Cruise,303.3414
2481.0,298,29.800,9.632,34.68,22.20,0.00,2,Cruise,303.3483
2482.0,298,29.800,9.632,34.68,22.20,0.00,2,Cruise,303.3552
2483.0,298,29.800,9.632,34.68,22.20,0.00,2,Cruise,303.3621
2484.0,298,29.800,9.632,34.68,22.20,0.00,2,Cruise,303.3690
2485.0,298,29.800,9.632,34.68,22.20,0.00,2,Cruise,303.3760
2486.0,299,29.900,9.632,34.68,22.20,0.00,1,Coast,303.3829
2487.0,299,29.900,9.576,34.47,22.20,0.00,1,Coast,303.3829
2488.0,299,29.900,9.520,34.27,22.20,0.00,1,Coast,303.3829
2489.0,299,29.900,9.464,34.07,22.20,0.00,1,Coast,303.3829
2490.0,299,29.900,9.408,33.87,22.20,0.00,1,Coast,303.3829
2491.0,299,29.900,9.352,33.67,22.20,0.00,1,Coast,303.3829
2492.0,299,29.900,9.296,33.47,22.20,0.00,1,Coast,303.3829
2493.0,299,29.900,9.240,33.27,22.20,0.00,1,Coast,303.3829
2494.0,299,29.900,9.185,33.06,22.20,0.00,1,Coast,303.3829
2495.0,299,29.900,9.129,32.86,22.20,0.00,1,Coast,303.3829
2496.0,299,29.900,9.073,32.66,22.20,0.00,1,Coast,303.3829
2497.0,300,30.000,9.018,32.46,22.20,0.00,1,Coast,303.3829
2498.0,300,30.000,8.982,32.33,22.20,0.00,1,Coast,303.3829
2499.0,300,30.000,8.946,32.21,22.20,0.00,1,Coast,303.3829
2500.0,300,30.000,8.910,32.08,22.20,0.00,1,Coast,303.3829
2501.0,300,30.000,8.874,31.95,22.20,0.00,1,Coast,303.3829
2502.0,300,30.000,8.839,31.82,22.20,0.00,1,Coast,303.3829
2503.0,300,30.000,8.803,31.69,22.20,0.00,1,Coast,303.3829
2504.0,300,30.000,8.767,31.56,22.20,0.00,1,Coast,303.3829
2505.0,300,30.000,8.732,31.43,22.20,0.00,1,Coast,303.3829
2506.0,300,30.000,8.696,31.31,22.20,0.00,1,Coast,303.3829
2507.0,300,30.000,8.660,31.18,22.20,0.00,1,Coast,303.3829
2508.0,301,30.100,8.625,31.05,22.20,0.00,1,Coast,303.3829
2509.0,301,30.100,8.573,30.86,22.20,0.00,1,Coast,303.3829
2510.0,301,30.100,8.521,30.68,22.20,0.00,1,Coast,303.3829
2511.0,301,30.100,8.469,30.49,22.20,0.00,1,Coast,303.3829
2512.0,301,30.100,8.417,30.30,22.20,0.00,1,Coast,303.3829
2513.0,301,30.100,8.366,30.12,22.20,0.00,1,Coast,303.3829
2514.0,301,30.100,8.314,29.93,22.20,0.00,1,Coast,303.3829
2515.0,301,30.100,8.262,29.74,22.20,0.00,1,Coast,303.3829
2516.0,301,30.100,8.211,29.56,22.20,0.00,1,Coast,303.3829
2517.0,301,30.100,8.159,29.37,22.20,0.00,1,Coast,303.3829
2518.0,301,30.100,8.108,29.19,22.20,0.00,1,Coast,303.3829
2519.0,301,30.100,8.056,29.00,22.20,0.00,1,Coast,303.3829
2520.0,302,30.200,8.005,28.82,22.20,0.00,1,Coast,303.3829
2521.0,302,30.200,7.996,28.78,22.20,0.00,1,Coast,303.3829
2522.0,302,30.200,7.987,28.75,22.20,0.00,1,Coast,303.3829
2523.0,302,30.200,7.977,28.72,22.20,0.00,1,Coast,303.3829
2524.0,302,30.200,7.968,28.69,22.20,0.00,1,Coast,303.3829
2525.0,302,30.200,7.959,28.65,22.20,0.00,1,Coast,303.3829
2526.0,302,30.200,7.950,28.62,22.20,0.00,1,Coast,303.3829
2527.0,302,30.200,7.941,28.59,22.20,0.00,1,Coast,303.3829
2528.0,302,30.200,7.931,28.55,22.20,0.00,1,Coast,303.3829
2529.0,302,30.200,7.922,28.52,22.20,0.00,1,Coast,303.3829
2530.0,302,30.200,7.913,28.49,22.20,0.00,1,Coast,303.3829
2531.0,302,30.200,7.904,28.45,22.20,0.00,1,Coast,303.3829
2532.0,302,30.200,7.895,28.42,22.20,0.00,1,Coast,303.3829
2533.0,303,30.300,7.886,28.39,22.20,0.00,2,Cruise,303.3829
2534.0,303,30.300,7.980,28.73,22.20,0.00,2,Cruise,303.3829
2535.0,303,30.300,8.074,29.07,22.20,0.00,2,Cruise,303.3829
2536.0,303,30.300,8.168,29.40,22.20,0.00,2,Cruise,303.3829
2537.0,303,30.300,8.262,29.74,22.20,0.00,2,Cruise,303.3829
2538.0,303,30.300,8.356,30.08,22.20,0.00,2,Cruise,303.3829
2539.0,303,30.300,8.449,30.42,22.20,0.00,2,Cruise,303.3829
2540.0,303,30.300,8.543,30.75,22.20,0.00,2,Cruise,303.3829
2541.0,303,30.300,8.636,31.09,22.20,0.00,2,Cruise,303.3829
2542.0,303,30.300,8.730,31.43,22.20,0.00,2,Cruise,303.3829
2543.0,303,30.300,8.823,31.76,22.20,0.00,2,Cruise,303.3829
2544.0,303,30.300,8.917,32.10,22.20,0.00,2,Cruise,303.3829
2545.0,304,30.400,9.010,32.44,22.20,0.00,3,Power,303.3829
2546.0,304,30.400,9.610,34.60,22.20,0.00,3,Power,304.4276
2547.0,304,30.400,10.210,36.76,22.20,0.00,2,Cruise,305.4703
2548.0,304,30.400,10.210,36.76,22.20,0.00,2,Cruise,305.5775
2549.0,304,30.400,10.210,36.76,22.20,0.00,2,Cruise,305.6847
2550.0,304,30.400,10.210,36.76,22.20,0.00,2,Cruise,305.7918
2551.0,304,30.400,10.210,36.76,22.20,0.00,2,Cruise,305.8990
2552.0,304,30.400,10.210,36.76,22.20,0.00,2,Cruise,306.0062
2553.0,304,30.400,10.210,36.76,22.20,0.00,2,Cruise,306.1133
2554.0,304,30.400,10.210,36.76,22.20,0.00,2,Cruise,306.2205
2555.0,305,30.500,10.210,36.76,22.20,0.00,2,Cruise,306.3277
2556.0,305,30.500,10.283,37.02,22.20,0.00,2,Cruise,306.3277
2557.0,305,30.500,10.357,37.28,22.20,0.00,2,Cruise,306.3277
2558.0,305,30.500,10.430,37.55,22.20,0.00,2,Cruise,306.3277
2559.0,305,30.500,10.503,37.81,22.20,0.00,2,Cruise,306.3277
2560.0,305,30.500,10.576,38.08,22.20,0.00,2,Cruise,306.3277
2561.0,305,30.500,10.650,38.34,22.20,0.00,2,Cruise,306.3277
2562.0,305,30.500,10.723,38.60,22.20,0.00,2,Cruise,306.3277
2563.0,305,30.500,10.796,38.86,22.20,0.00,2,Cruise,306.3277
2564.0,306,30.600,10.868,39.13,22.20,0.00,2,Cruise,306.3277
2565.0,306,30.600,10.868,39.13,22.20,0.00,2,Cruise,306.4677
2566.0,306,30.600,10.868,39.13,22.20,0.00,2,Cruise,306.6077
2567.0,306,30.600,10.868,39.13,22.20,0.00,2,Cruise,306.7477
2568.0,306,30.600,10.868,39.13,22.20,0.00,2,Cruise,306.8878
2569.0,306,30.600,10.868,39.13,22.20,0.00,2,Cruise,307.0278
2570.0,306,30.600,10.868,39.13,22.20,0.00,2,Cruise,307.1678
2571.0,306,30.600,10.868,39.13,22.20,0.00,2,Cruise,307.3078
2572.0,306,30.600,10.868,39.13,22.20,0.00,2,Cruise,307.4478
2573.0,307,30.700,10.868,39.13,22.20,0.00,2,Cruise,307.5878
2574.0,307,30.700,10.868,39.13,22.20,0.00,2,Cruise,307.6941
2575.0,307,30.700,10.868,39.13,22.20,0.00,2,Cruise,307.8003
2576.0,307,30.700,10.868,39.13,22.20,0.00,2,Cruise,307.9066
2577.0,307,30.700,10.868,39.13,22.20,0.00,2,Cruise,308.0129
2578.0,307,30.700,10.868,39.13,22.20,0.00,2,Cruise,308.1191
2579.0,307,30.700,10.868,39.13,22.20,0.00,2,Cruise,308.2254
2580.0,307,30.700,10.868,39.13,22.20,0.00,2,Cruise,308.3316
2581.0,307,30.700,10.868,39.13,22.20,0.00,2,Cruise,308.4379
2582.0,307,30.700,10.868,39.13,22.20,0.00,2,Cruise,308.5441
2583.0,308,30.800,10.868,39.13,22.20,0.00,2,Cruise,308.6504
2584.0,308,30.800,10.868,39.13,22.20,0.00,2,Cruise,308.7450
2585.0,308,30.800,10.868,39.13,22.20,0.00,2,Cruise,308.8397
2586.0,308,30.800,10.868,39.13,22.20,0.00,2,Cruise,308.9343
2587.0,308,30.800,10.868,39.13,22.20,0.00,2,Cruise,309.0290
2588.0,308,30.800,10.868,39.13,22.20,0.00,2,Cruise,309.1236
2589.0,308,30.800,10.868,39.13,22.20,0.00,2,Cruise,309.2183
2590.0,308,30.800,10.868,39.13,22.20,0.00,2,Cruise,309.3129
2591.0,308,30.800,10.868,39.13,22.20,0.00,2,Cruise,309.4076
2592.0,309,30.900,10.868,39.13,22.20,0.00,2,Cruise,309.5022
2593.0,309,30.900,10.868,39.13,22.20,0.00,2,Cruise,309.6352
2594.0,309,30.900,10.868,39.13,22.20,0.00,2,Cruise,309.7681
2595.0,309,30.900,10.868,39.13,22.20,0.00,2,Cruise,309.9011
2596.0,309,30.900,10.868,39.13,22.20,0.00,2,Cruise,310.0341
2597.0,309,30.900,10.868,39.13,22.20,0.00,2,Cruise,310.1671
2598.0,309,30.900,10.868,39.13,22.20,0.00,2,Cruise,310.3000
2599.0,309,30.900,10.868,39.13,22.20,0.00,2,Cruise,310.4330
2600.0,309,30.900,10.868,39.13,22.20,0.00,2,Cruise,310.5660
2601.0,310,31.000,10.868,39.13,22.20,0.00,2,Cruise,310.6989
2602.0,310,31.000,10.868,39.13,22.20,0.00,2,Cruise,310.7109
2603.0,310,31.000,10.868,39.13,22.20,0.00,2,Cruise,310.7229
2604.0,310,31.000,10.868,39.13,22.20,0.00,2,Cruise,310.7349
2605.0,310,31.000,10.868,39.13,22.20,0.00,2,Cruise,310.7469
2606.0,310,31.000,10.868,39.13,22.20,0.00,2,Cruise,310.7588
2607.0,310,31.000,10.868,39.13,22.20,0.00,2,Cruise,310.7708
2608.0,310,31.000,10.868,39.13,22.20,0.00,2,Cruise,310.7828
2609.0,310,31.000,10.868,39.13,22.20,0.00,2,Cruise,310.7948
2610.0,311,31.100,10.868,39.13,22.20,0.00,2,Cruise,310.8068
2611.0,311,31.100,10.868,39.13,22.20,0.00,2,Cruise,310.8762
2612.0,311,31.100,10.868,39.13,22.20,0.00,2,Cruise,310.9456
2613.0,311,31.100,10.868,39.13,22.20,0.00,2,Cruise,311.0150
2614.0,311,31.100,10.868,39.13,22.20,0.00,2,Cruise,311.0844
2615.0,311,31.100,10.868,39.13,22.20,0.00,2,Cruise,311.1539
2616.0,311,31.100,10.868,39.13,22.20,0.00,2,Cruise,311.2233
2617.0,311,31.100,10.868,39.13,22.20,0.00,2,Cruise,311.2927
2618.0,311,31.100,10.868,39.13,22.20,0.00,2,Cruise,311.3621
2619.0,312,31.200,10.868,39.13,22.20,0.00,2,Cruise,311.4316
2620.0,312,31.200,10.868,39.13,22.20,0.00,2,Cruise,311.4864
2621.0,312,31.200,10.868,39.13,22.20,0.00,2,Cruise,311.5413
2622.0,312,31.200,10.868,39.13,22.20,0.00,2,Cruise,311.5962
2623.0,312,31.200,10.868,39.13,22.20,0.00,2,Cruise,311.6511
2624.0,312,31.200,10.868,39.13,22.20,0.00,2,Cruise,311.7060
2625.0,312,31.200,10.868,39.13,22.20,0.00,2,Cruise,311.7609
2626.0,312,31.200,10.868,39.13,22.20,0.00,2,Cruise,311.8158
2627.0,312,31.200,10.868,39.13,22.20,0.00,2,Cruise,311.8707
2628.0,312,31.200,10.868,39.13,22.20,0.00,2,Cruise,311.9256
2629.0,313,31.300,10.868,39.13,22.20,0.00,1,Coast,311.9805
2630.0,313,31.300,10.789,38.84,22.20,0.00,1,Coast,311.9805
2631.0,313,31.300,10.710,38.56,22.20,0.00,1,Coast,311.9805
2632.0,313,31.300,10.631,38.27,22.20,0.00,1,Coast,311.9805
2633.0,313,31.300,10.551,37.99,22.20,0.00,1,Coast,311.9805
2634.0,313,31.300,10.472,37.70,22.20,0.00,1,Coast,311.9805
2635.0,313,31.300,10.393,37.42,22.20,0.00,1,Coast,311.9805
2636.0,313,31.300,10.315,37.13,22.20,0.00,2,Cruise,311.9805
2637.0,313,31.300,10.315,37.13,22.20,0.00,2,Cruise,312.0761
2638.0,314,31.400,10.315,37.13,22.20,0.00,2,Cruise,312.1718
2639.0,314,31.400,10.315,37.13,22.20,0.00,2,Cruise,312.2240
2640.0,314,31.400,10.315,37.13,22.20,0.00,2,Cruise,312.2763
2641.0,314,31.400,10.315,37.13,22.20,0.00,2,Cruise,312.3285
2642.0,314,31.400,10.315,37.13,22.20,0.00,2,Cruise,312.3808
2643.0,314,31.400,10.315,37.13,22.20,0.00,2,Cruise,312.4330
2644.0,314,31.400,10.315,37.13,22.20,0.00,2,Cruise,312.4853
2645.0,314,31.400,10.315,37.13,22.20,0.00,2,Cruise,312.5375
2646.0,314,31.400,10.315,37.13,22.20,0.00,2,Cruise,312.5898
2647.0,314,31.400,10.315,37.13,22.20,0.00,2,Cruise,312.6420
2648.0,315,31.500,10.315,37.13,22.20,0.00,2,Cruise,312.6943
2649.0,315,31.500,10.315,37.13,22.20,0.00,2,Cruise,312.8103
2650.0,315,31.500,10.315,37.13,22.20,0.00,2,Cruise,312.9263
2651.0,315,31.500,10.315,37.13,22.20,0.00,2,Cruise,313.0423
2652.0,315,31.500,10.315,37.13,22.20,0.00,2,Cruise,313.1583
2653.0,315,31.500,10.315,37.13,22.20,0.00,2,Cruise,313.2743
2654.0,315,31.500,10.315,37.13,22.20,0.00,2,Cruise,313.3903
2655.0,315,31.500,10.315,37.13,22.20,0.00,2,Cruise,313.5063
2656.0,315,31.500,10.315,37.13,22.20,0.00,2,Cruise,313.6223
2657.0,316,31.600,10.315,37.13,22.20,0.00,2,Cruise,313.7383
2658.0,316,31.600,10.315,37.13,22.20,0.00,2,Cruise,313.7731
2659.0,316,31.600,10.315,37.13,22.20,0.00,2,Cruise,313.8078
2660.0,316,31.600,10.315,37.13,22.20,0.00,2,Cruise,313.8425
2661.0,316,31.600,10.315,37.13,22.20,0.00,2,Cruise,313.8773
2662.0,316,31.600,10.315,37.13,22.20,0.00,2,Cruise,313.9120
2663.0,316,31.600,10.315,37.13,22.20,0.00,2,Cruise,313.9467
2664.0,316,31.600,10.315,37.13,22.20,0.00,2,Cruise,313.9815
2665.0,316,31.600,10.315,37.13,22.20,0.00,2,Cruise,314.0162
2666.0,316,31.600,10.315,37.13,22.20,0.00,2,Cruise,314.0509
2667.0,317,31.700,10.315,37.13,22.20,0.00,2,Cruise,314.0857
2668.0,317,31.700,10.348,37.25,22.20,0.00,2,Cruise,314.0857
2669.0,317,31.700,10.382,37.37,22.20,0.00,2,Cruise,314.0857
2670.0,317,31.700,10.415,37.49,22.20,0.00,2,Cruise,314.0857
2671.0,317,31.700,10.448,37.61,22.20,0.00,2,Cruise,314.0857
2672.0,317,31.700,10.482,37.73,22.20,0.00,2,Cruise,314.0857
2673.0,317,31.700,10.515,37.85,22.20,0.00,2,Cruise,314.0857
2674.0,317,31.700,10.549,37.97,22.20,0.00,2,Cruise,314.0857
2675.0,317,31.700,10.582,38.09,22.20,0.00,2,Cruise,314.0857
2676.0,317,31.700,10.615,38.21,22.20,0.00,2,Cruise,314.0857
2677.0,318,31.800,10.648,38.33,22.20,0.00,2,Cruise,314.0857
2678.0,318,31.800,10.648,38.33,22.20,0.00,2,Cruise,314.1573
2679.0,318,31.800,10.648,38.33,22.20,0.00,2,Cruise,314.2288
2680.0,318,31.800,10.648,38.33,22.20,0.00,2,Cruise,314.3004
2681.0,318,31.800,10.648,38.33,22.20,0.00,2,Cruise,314.3720
2682.0,318,31.800,10.648,38.33,22.20,0.00,2,Cruise,314.4436
2683.0,318,31.800,10.648,38.33,22.20,0.00,2,Cruise,314.5152
2684.0,318,31.800,10.648,38.33,22.20,0.00,2,Cruise,314.5868
2685.0,318,31.800,10.648,38.33,22.20,0.00,2,Cruise,314.6584
2686.0,319,31.900,10.648,38.33,22.20,0.00,2,Cruise,314.7300
2687.0,319,31.900,10.648,38.33,22.20,0.00,2,Cruise,314.8624
2688.0,319,31.900,10.648,38.33,22.20,0.00,2,Cruise,314.9949
2689.0,319,31.900,10.648,38.33,22.20,0.00,2,Cruise,315.1273
2690.0,319,31.900,10.648,38.33,22.20,0.00,2,Cruise,315.2598
2691.0,319,31.900,10.648,38.33,22.20,0.00,2,Cruise,315.3922
2692.0,319,31.900,10.648,38.33,22.20,0.00,2,Cruise,315.5247
2693.0,319,31.900,10.648,38.33,22.20,0.00,2,Cruise,315.6572
2694.0,319,31.900,10.648,38.33,22.20,0.00,2,Cruise,315.7896
2695.0,320,32.000,10.648,38.33,22.20,0.00,2,Cruise,315.9221
2696.0,320,32.000,10.648,38.33,22.20,0.00,2,Cruise,316.0248
2697.0,320,32.000,10.648,38.33,22.20,0.00,2,Cruise,316.1276
2698.0,320,32.000,10.648,38.33,22.20,0.00,2,Cruise,316.2303
2699.0,320,32.000,10.648,38.33,22.20,0.00,2,Cruise,316.3331
2700.0,320,32.000,10.648,38.33,22.20,0.00,2,Cruise,316.4358
2701.0,320,32.000,10.648,38.33,22.20,0.00,2,Cruise,316.5386
2702.0,320,32.000,10.648,38.33,22.20,0.00,2,Cruise,316.6413
2703.0,320,32.000,10.648,38.33,22.20,0.00,2,Cruise,316.7441
2704.0,320,32.000,10.648,38.33,22.20,0.00,2,Cruise,316.8468
2705.0,321,32.100,10.648,38.33,22.20,0.00,2,Cruise,316.9496
2706.0,321,32.100,10.648,38.33,22.20,0.00,2,Cruise,317.0328
2707.0,321,32.100,10.648,38.33,22.20,0.00,2,Cruise,317.1161
2708.0,321,32.100,10.648,38.33,22.20,0.00,2,Cruise,317.1993
2709.0,321,32.100,10.648,38.33,22.20,0.00,2,Cruise,317.2825
2710.0,321,32.100,10.648,38.33,22.20,0.00,2,Cruise,317.3658
2711.0,321,32.100,10.648,38.33,22.20,0.00,2,Cruise,317.4490
2712.0,321,32.100,10.648,38.33,22.20,0.00,2,Cruise,317.5323
2713.0,321,32.100,10.648,38.33,22.20,0.00,2,Cruise,317.6155
2714.0,322,32.200,10.648,38.33,22.20,0.00,2,Cruise,317.6987
2715.0,322,32.200,10.648,38.33,22.20,0.00,2,Cruise,317.7168
2716.0,322,32.200,10.648,38.33,22.20,0.00,2,Cruise,317.7348
2717.0,322,32.200,10.648,38.33,22.20,0.00,2,Cruise,317.7529
2718.0,322,32.200,10.648,38.33,22.20,0.00,2,Cruise,317.7710
2719.0,322,32.200,10.648,38.33,22.20,0.00,2,Cruise,317.7890
2720.0,322,32.200,10.648,38.33,22.20,0.00,2,Cruise,317.8071
2721.0,322,32.200,10.648,38.33,22.20,0.00,2,Cruise,317.8251
2722.0,322,32.200,10.648,38.33,22.20,0.00,2,Cruise,317.8432
2723.0,322,32.200,10.648,38.33,22.20,0.00,2,Cruise,317.8612
2724.0,323,32.300,10.648,38.33,22.20,0.00,2,Cruise,317.8793
2725.0,323,32.300,10.648,38.33,22.20,0.00,2,Cruise,318.0702
2726.0,323,32.300,10.648,38.33,22.20,0.00,2,Cruise,318.2611
2727.0,323,32.300,10.648,38.33,22.20,0.00,2,Cruise,318.4520
2728.0,323,32.300,10.648,38.33,22.20,0.00,2,Cruise,318.6429
2729.0,323,32.300,10.648,38.33,22.20,0.00,2,Cruise,318.8338
2730.0,323,32.300,10.648,38.33,22.20,0.00,2,Cruise,319.0247
2731.0,323,32.300,10.648,38.33,22.20,0.00,2,Cruise,319.2156
2732.0,323,32.300,10.648,38.33,22.20,0.00,2,Cruise,319.4065
2733.0,324,32.400,10.648,38.33,22.20,0.00,2,Cruise,319.5974
2734.0,324,32.400,10.648,38.33,22.20,0.00,2,Cruise,319.7558
2735.0,324,32.400,10.648,38.33,22.20,0.00,2,Cruise,319.9141
2736.0,324,32.400,10.648,38.33,22.20,0.00,2,Cruise,320.0725
2737.0,324,32.400,10.648,38.33,22.20,0.00,2,Cruise,320.2309
2738.0,324,32.400,10.648,38.33,22.20,0.00,2,Cruise,320.3893
2739.0,324,32.400,10.648,38.33,22.20,0.00,2,Cruise,320.5476
2740.0,324,32.400,10.648,38.33,22.20,0.00,2,Cruise,320.7060
2741.0,324,32.400,10.648,38.33,22.20,0.00,2,Cruise,320.8644
2742.0,325,32.500,10.648,38.33,22.20,0.00,2,Cruise,321.0228
2743.0,325,32.500,10.648,38.33,22.20,0.00,2,Cruise,321.0477
2744.0,325,32.500,10.648,38.33,22.20,0.00,2,Cruise,321.0727
2745.0,325,32.500,10.648,38.33,22.20,0.00,2,Cruise,321.0976
2746.0,325,32.500,10.648,38.33,22.20,0.00,2,Cruise,321.1226
2747.0,325,32.500,10.648,38.33,22.20,0.00,2,Cruise,321.1476
2748.0,325,32.500,10.648,38.33,22.20,0.00,2,Cruise,321.1725
2749.0,325,32.500,10.648,38.33,22.20,0.00,2,Cruise,321.1975
2750.0,325,32.500,10.648,38.33,22.20,0.00,2,Cruise,321.2224
2751.0,325,32.500,10.648,38.33,22.20,0.00,2,Cruise,321.2474
2752.0,326,32.600,10.648,38.33,22.20,0.00,2,Cruise,321.2724
2753.0,326,32.600,10.648,38.33,22.20,0.00,2,Cruise,321.3220
2754.0,326,32.600,10.648,38.33,22.20,0.00,2,Cruise,321.3716
2755.0,326,32.600,10.648,38.33,22.20,0.00,2,Cruise,321.4212
2756.0,326,32.600,10.648,38.33,22.20,0.00,2,Cruise,321.4709
2757.0,326,32.600,10.648,38.33,22.20,0.00,2,Cruise,321.5205
2758.0,326,32.600,10.648,38.33,22.20,0.00,2,Cruise,321.5701
2759.0,326,32.600,10.648,38.33,22.20,0.00,2,Cruise,321.6198
2760.0,326,32.600,10.648,38.33,22.20,0.00,2,Cruise,321.6694
2761.0,327,32.700,10.648,38.33,22.20,0.00,2,Cruise,321.7190
2762.0,327,32.700,10.648,38.33,22.20,0.00,2,Cruise,321.8640
2763.0,327,32.700,10.648,38.33,22.20,0.00,2,Cruise,322.0090
2764.0,327,32.700,10.648,38.33,22.20,0.00,2,Cruise,322.1540
2765.0,327,32.700,10.648,38.33,22.20,0.00,2,Cruise,322.2989
2766.0,327,32.700,10.648,38.33,22.20,0.00,2,Cruise,322.4439
2767.0,327,32.700,10.648,38.33,22.20,0.00,2,Cruise,322.5889
2768.0,327,32.700,10.648,38.33,22.20,0.00,2,Cruise,322.7339
2769.0,327,32.700,10.648,38.33,22.20,0.00,2,Cruise,322.8789
2770.0,327,32.700,10.648,38.33,22.20,0.00,2,Cruise,323.0238
2771.0,328,32.800,10.648,38.33,22.20,0.00,2,Cruise,323.1688
2772.0,328,32.800,10.648,38.33,22.20,0.00,2,Cruise,323.1862
2773.0,328,32.800,10.648,38.33,22.20,0.00,2,Cruise,323.2036
2774.0,328,32.800,10.648,38.33,22.20,0.00,2,Cruise,323.2210
2775.0,328,32.800,10.648,38.33,22.20,0.00,2,Cruise,323.2385
2776.0,328,32.800,10.648,38.33,22.20,0.00,2,Cruise,323.2559
2777.0,328,32.800,10.648,38.33,22.20,0.00,2,Cruise,323.2733
2778.0,328,32.800,10.648,38.33,22.20,0.00,2,Cruise,323.2907
2779.0,328,32.800,10.648,38.33,22.20,0.00,2,Cruise,323.3081
2780.0,329,32.900,10.648,38.33,22.20,0.00,2,Cruise,323.3255
2781.0,329,32.900,10.648,38.33,22.20,0.00,2,Cruise,323.4424
2782.0,329,32.900,10.648,38.33,22.20,0.00,2,Cruise,323.5593
2783.0,329,32.900,10.648,38.33,22.20,0.00,2,Cruise,323.6762
2784.0,329,32.900,10.648,38.33,22.20,0.00,2,Cruise,323.7930
2785.0,329,32.900,10.648,38.33,22.20,0.00,2,Cruise,323.9099
2786.0,329,32.900,10.648,38.33,22.20,0.00,2,Cruise,324.0268
2787.0,329,32.900,10.648,38.33,22.20,0.00,2,Cruise,324.1437
2788.0,329,32.900,10.648,38.33,22.20,0.00,2,Cruise,324.2606
2789.0,330,33.000,10.648,38.33,22.20,0.00,2,Cruise,324.3775
2790.0,330,33.000,10.648,38.33,22.20,0.00,2,Cruise,324.3791
2791.0,330,33.000,10.648,38.33,22.20,0.00,2,Cruise,324.3808
2792.0,330,33.000,10.648,38.33,22.20,0.00,2,Cruise,324.3824
2793.0,330,33.000,10.648,38.33,22.20,0.00,2,Cruise,324.3840
2794.0,330,33.000,10.648,38.33,22.20,0.00,2,Cruise,324.3857
2795.0,330,33.000,10.648,38.33,22.20,0.00,2,Cruise,324.3873
2796.0,330,33.000,10.648,38.33,22.20,0.00,2,Cruise,324.3890
2797.0,330,33.000,10.648,38.33,22.20,0.00,2,Cruise,324.3906
2798.0,330,33.000,10.648,38.33,22.20,0.00,2,Cruise,324.3922
2799.0,331,33.100,10.648,38.33,22.20,0.00,2,Cruise,324.3939
2800.0,331,33.100,10.648,38.33,22.20,0.00,2,Cruise,324.4687
2801.0,331,33.100,10.648,38.33,22.20,0.00,2,Cruise,324.5435
2802.0,331,33.100,10.648,38.33,22.20,0.00,2,Cruise,324.6184
2803.0,331,33.100,10.648,38.33,22.20,0.00,2,Cruise,324.6932
2804.0,331,33.100,10.648,38.33,22.20,0.00,2,Cruise,324.7680
2805.0,331,33.100,10.648,38.33,22.20,0.00,2,Cruise,324.8428
2806.0,331,33.100,10.648,38.33,22.20,0.00,2,Cruise,324.9176
2807.0,331,33.100,10.648,38.33,22.20,0.00,2,Cruise,324.9925
2808.0,332,33.200,10.648,38.33,22.20,0.00,2,Cruise,325.0673
2809.0,332,33.200,10.648,38.33,22.20,0.00,2,Cruise,325.1197
2810.0,332,33.200,10.648,38.33,22.20,0.00,2,Cruise,325.1721
2811.0,332,33.200,10.648,38.33,22.20,0.00,2,Cruise,325.2245
2812.0,332,33.200,10.648,38.33,22.20,0.00,2,Cruise,325.2769
2813.0,332,33.200,10.648,38.33,22.20,0.00,2,Cruise,325.3293
2814.0,332,33.200,10.648,38.33,22.20,0.00,2,Cruise,325.3818
2815.0,332,33.200,10.648,38.33,22.20,0.00,2,Cruise,325.4342
2816.0,332,33.200,10.648,38.33,22.20,0.00,2,Cruise,325.4866
2817.0,333,33.300,10.648,38.33,1.00,0.00,3,Power,325.5390
2818.0,333,33.300,11.206,40.34,1.00,0.00,3,Power,326.3104
2819.0,333,33.300,11.764,42.35,1.00,0.00,3,Power,327.1211
2820.0,333,33.300,12.320,44.35,1.00,0.00,3,Power,327.9711
2821.0,333,33.300,12.876,46.36,1.00,0.00,3,Power,328.8604
2822.0,333,33.300,13.432,48.36,1.00,0.00,3,Power,329.7889
2823.0,333,33.300,13.987,50.35,1.00,0.00,3,Power,330.7566
2824.0,333,33.300,14.541,52.35,1.00,0.00,1,Coast,331.7635
2825.0,334,33.400,14.495,52.18,22.20,0.00,1,Coast,331.7635
2826.0,334,33.400,14.386,51.79,22.20,0.00,1,Coast,331.7635
2827.0,334,33.400,14.277,51.40,22.20,0.00,1,Coast,331.7635
2828.0,334,33.400,14.169,51.01,22.20,0.00,1,Coast,331.7635
2829.0,334,33.400,14.060,50.62,22.20,0.00,1,Coast,331.7635
2830.0,334,33.400,13.952,50.23,22.20,0.00,1,Coast,331.7635
2831.0,334,33.400,13.844,49.84,22.20,0.00,1,Coast,331.7635
2832.0,335,33.500,13.736,49.45,22.20,0.00,1,Coast,331.7635
2833.0,335,33.500,13.647,49.13,22.20,0.00,1,Coast,331.7635
2834.0,335,33.500,13.558,48.81,22.20,0.00,2,Cruise,331.7635
2835.0,335,33.500,13.558,48.81,22.20,0.00,2,Cruise,331.9048
2836.0,335,33.500,13.558,48.81,22.20,0.00,2,Cruise,332.0461
2837.0,335,33.500,13.558,48.81,22.20,0.00,2,Cruise,332.1875
2838.0,335,33.500,13.558,48.81,22.20,0.00,2,Cruise,332.3288
2839.0,335,33.500,13.558,48.81,22.20,0.00,2,Cruise,332.4701
2840.0,336,33.600,13.558,48.81,22.20,0.00,2,Cruise,332.6114
2841.0,336,33.600,13.558,48.81,22.20,0.00,2,Cruise,332.6695
2842.0,336,33.600,13.558,48.81,22.20,0.00,2,Cruise,332.7277
2843.0,336,33.600,13.558,48.81,22.20,0.00,2,Cruise,332.7858
2844.0,336,33.600,13.558,48.81,22.20,0.00,2,Cruise,332.8439
2845.0,336,33.600,13.558,48.81,22.20,0.00,2,Cruise,332.9021
2846.0,336,33.600,13.558,48.81,22.20,0.00,2,Cruise,332.9602
2847.0,337,33.700,13.558,48.81,22.20,0.00,2,Cruise,333.0184
2848.0,337,33.700,13.558,48.81,22.20,0.00,2,Cruise,333.1184
2849.0,337,33.700,13.558,48.81,22.20,0.00,2,Cruise,333.2185
2850.0,337,33.700,13.558,48.81,22.20,0.00,2,Cruise,333.3186
2851.0,337,33.700,13.558,48.81,22.20,0.00,2,Cruise,333.4187
2852.0,337,33.700,13.558,48.81,22.20,0.00,2,Cruise,333.5188
2853.0,337,33.700,13.558,48.81,22.20,0.00,2,Cruise,333.6189
2854.0,337,33.700,13.558,48.81,22.20,0.00,2,Cruise,333.7190
2855.0,338,33.800,13.558,48.81,22.20,0.00,2,Cruise,333.8191
2856.0,338,33.800,13.558,48.81,22.20,0.00,2,Cruise,333.9597
2857.0,338,33.800,13.558,48.81,22.20,0.00,2,Cruise,334.1003
2858.0,338,33.800,13.558,48.81,22.20,0.00,2,Cruise,334.2409
2859.0,338,33.800,13.558,48.81,22.20,0.00,2,Cruise,334.3815
2860.0,338,33.800,13.558,48.81,22.20,0.00,2,Cruise,334.5221
2861.0,338,33.800,13.558,48.81,22.20,0.00,2,Cruise,334.6627
2862.0,339,33.900,13.558,48.81,22.20,0.00,3,Power,334.8033
2863.0,339,33.900,14.026,50.49,22.20,0.00,1,Coast,335.7768
2864.0,339,33.900,13.893,50.02,22.20,0.00,1,Coast,335.7768
2865.0,339,33.900,13.761,49.54,22.20,0.00,2,Cruise,335.7768
2866.0,339,33.900,13.761,49.54,22.20,0.00,2,Cruise,335.9912
2867.0,339,33.900,13.761,49.54,22.20,0.00,2,Cruise,336.2056
2868.0,339,33.900,13.761,49.54,22.20,0.00,2,Cruise,336.4199
2869.0,340,34.000,13.761,49.54,22.20,0.00,1,Coast,336.6343
2870.0,340,34.000,13.668,49.21,22.20,0.00,1,Coast,336.6343
2871.0,340,34.000,13.576,48.87,22.20,0.00,1,Coast,336.6343
2872.0,340,34.000,13.484,48.54,22.20,0.00,1,Coast,336.6343
2873.0,340,34.000,13.392,48.21,22.20,0.00,1,Coast,336.6343
2874.0,340,34.000,13.300,47.88,22.20,0.00,1,Coast,336.6343
2875.0,340,34.000,13.208,47.55,22.20,0.00,1,Coast,336.6343
2876.0,340,34.000,13.116,47.22,22.20,0.00,2,Cruise,336.6343
2877.0,341,34.100,13.116,47.22,22.20,0.00,2,Cruise,336.7757
2878.0,341,34.100,13.116,47.22,22.20,0.00,2,Cruise,336.8813
2879.0,341,34.100,13.116,47.22,22.20,0.00,2,Cruise,336.9869
2880.0,341,34.100,13.116,47.22,22.20,0.00,2,Cruise,337.0926
2881.0,341,34.100,13.116,47.22,22.20,0.00,2,Cruise,337.1982
2882.0,341,34.100,13.116,47.22,22.20,0.00,2,Cruise,337.3038
2883.0,341,34.100,13.116,47.22,22.20,0.00,2,Cruise,337.4094
2884.0,342,34.200,13.116,47.22,22.20,0.00,2,Cruise,337.5150
2885.0,342,34.200,13.116,47.22,22.20,0.00,2,Cruise,337.6628
2886.0,342,34.200,13.116,47.22,22.20,0.00,2,Cruise,337.8106
2887.0,342,34.200,13.116,47.22,22.20,0.00,2,Cruise,337.9584
2888.0,342,34.200,13.116,47.22,22.20,0.00,2,Cruise,338.1062
2889.0,342,34.200,13.116,47.22,22.20,0.00,2,Cruise,338.2540
2890.0,342,34.200,13.116,47.22,22.20,0.00,2,Cruise,338.4017
2891.0,342,34.200,13.116,47.22,22.20,0.00,2,Cruise,338.5495
2892.0,343,34.300,13.116,47.22,22.20,0.00,1,Coast,338.6973
2893.0,343,34.300,13.045,46.96,22.20,0.00,1,Coast,338.6973
2894.0,343,34.300,12.974,46.71,22.20,0.00,1,Coast,338.6973
2895.0,343,34.300,12.903,46.45,22.20,0.00,1,Coast,338.6973
2896.0,343,34.300,12.832,46.19,22.20,0.00,1,Coast,338.6973
2897.0,343,34.300,12.761,45.94,22.20,0.00,1,Coast,338.6973
2898.0,343,34.300,12.690,45.68,22.20,0.00,1,Coast,338.6973
2899.0,343,34.300,12.619,45.43,22.20,0.00,1,Coast,338.6973
2900.0,344,34.400,12.548,45.17,22.20,0.00,1,Coast,338.6973
2901.0,344,34.400,12.508,45.03,22.20,0.00,1,Coast,338.6973
2902.0,344,34.400,12.468,44.89,22.20,0.00,1,Coast,338.6973
2903.0,344,34.400,12.429,44.74,22.20,0.00,2,Cruise,338.6973
2904.0,344,34.400,12.429,44.74,22.20,0.00,2,Cruise,338.7556
2905.0,344,34.400,12.429,44.74,22.20,0.00,2,Cruise,338.8138
2906.0,344,34.400,12.429,44.74,22.20,0.00,2,Cruise,338.8721
2907.0,344,34.400,12.429,44.74,22.20,0.00,2,Cruise,338.9303
2908.0,345,34.500,12.429,44.74,22.20,0.00,1,Coast,338.9886
2909.0,345,34.500,12.355,44.48,22.20,0.00,1,Coast,338.9886
2910.0,345,34.500,12.282,44.21,22.20,0.00,2,Cruise,338.9886
2911.0,345,34.500,12.282,44.21,22.20,0.00,2,Cruise,339.0944
2912.0,345,34.500,12.282,44.21,22.20,0.00,2,Cruise,339.2001
2913.0,345,34.500,12.282,44.21,22.20,0.00,2,Cruise,339.3059
2914.0,345,34.500,12.282,44.21,22.20,0.00,2,Cruise,339.4117
2915.0,345,34.500,12.282,44.21,22.20,0.00,2,Cruise,339.5175
2916.0,346,34.600,12.282,44.21,22.20,0.00,1,Coast,339.6233
2917.0,346,34.600,12.194,43.90,22.20,0.00,1,Coast,339.6233
2918.0,346,34.600,12.107,43.59,22.20,0.00,2,Cruise,339.6233
2919.0,346,34.600,12.107,43.59,22.20,0.00,2,Cruise,339.7475
2920.0,346,34.600,12.107,43.59,22.20,0.00,2,Cruise,339.8718
2921.0,346,34.600,12.107,43.59,22.20,0.00,2,Cruise,339.9961
2922.0,346,34.600,12.107,43.59,22.20,0.00,2,Cruise,340.1203
2923.0,346,34.600,12.107,43.59,22.20,0.00,2,Cruise,340.2446
2924.0,347,34.700,12.107,43.59,22.20,0.00,1,Coast,340.3688
2925.0,347,34.700,12.065,43.43,22.20,0.00,1,Coast,340.3688
2926.0,347,34.700,12.023,43.28,22.20,0.00,1,Coast,340.3688
2927.0,347,34.700,11.981,43.13,22.20,0.00,1,Coast,340.3688
2928.0,347,34.700,11.939,42.98,22.20,0.00,1,Coast,340.3688
2929.0,347,34.700,11.897,42.83,22.20,0.00,1,Coast,340.3688
2930.0,347,34.700,11.855,42.68,22.20,0.00,1,Coast,340.3688
2931.0,347,34.700,11.813,42.53,22.20,0.00,1,Coast,340.3688
2932.0,348,34.800,11.771,42.38,22.20,0.00,2,Cruise,340.3688
2933.0,348,34.800,11.771,42.38,22.20,0.00,2,Cruise,340.4213
2934.0,348,34.800,11.771,42.38,22.20,0.00,2,Cruise,340.4738
2935.0,348,34.800,11.771,42.38,22.20,0.00,2,Cruise,340.5262
2936.0,348,34.800,11.771,42.38,22.20,0.00,2,Cruise,340.5787
2937.0,348,34.800,11.771,42.38,22.20,0.00,2,Cruise,340.6311
2938.0,348,34.800,11.771,42.38,22.20,0.00,2,Cruise,340.6836
2939.0,348,34.800,11.771,42.38,22.20,0.00,2,Cruise,340.7360
2940.0,348,34.800,11.771,42.38,22.20,0.00,2,Cruise,340.7885
2941.0,349,34.900,11.771,42.38,22.20,0.00,2,Cruise,340.8410
2942.0,349,34.900,11.771,42.38,22.20,0.00,2,Cruise,340.9212
2943.0,349,34.900,11.771,42.38,22.20,0.00,2,Cruise,341.0013
2944.0,349,34.900,11.771,42.38,22.20,0.00,2,Cruise,341.0815
2945.0,349,34.900,11.771,42.38,22.20,0.00,2,Cruise,341.1617
2946.0,349,34.900,11.771,42.38,22.20,0.00,2,Cruise,341.2419
2947.0,349,34.900,11.771,42.38,22.20,0.00,2,Cruise,341.3221
2948.0,349,34.900,11.771,42.38,22.20,0.00,2,Cruise,341.4023
2949.0,350,35.000,11.771,42.38,22.20,0.00,2,Cruise,341.4825
2950.0,350,35.000,11.771,42.38,22.20,0.00,2,Cruise,341.5930
2951.0,350,35.000,11.771,42.38,22.20,0.00,2,Cruise,341.7035
2952.0,350,35.000,11.771,42.38,22.20,0.00,2,Cruise,341.8140
2953.0,350,35.000,11.771,42.38,22.20,0.00,2,Cruise,341.9246
2954.0,350,35.000,11.771,42.38,22.20,0.00,2,Cruise,342.0351
2955.0,350,35.000,11.771,42.38,22.20,0.00,2,Cruise,342.1456
2956.0,350,35.000,11.771,42.38,22.20,0.00,2,Cruise,342.2561
2957.0,350,35.000,11.771,42.38,22.20,0.00,2,Cruise,342.3667
2958.0,351,35.100,11.771,42.38,22.20,0.00,2,Cruise,342.4772
2959.0,351,35.100,11.771,42.38,22.20,0.00,2,Cruise,342.5054
2960.0,351,35.100,11.771,42.38,22.20,0.00,2,Cruise,342.5336
2961.0,351,35.100,11.771,42.38,22.20,0.00,2,Cruise,342.5618
2962.0,351,35.100,11.771,42.38,22.20,0.00,2,Cruise,342.5900
2963.0,351,35.100,11.771,42.38,22.20,0.00,2,Cruise,342.6182
2964.0,351,35.100,11.771,42.38,22.20,0.00,2,Cruise,342.6464
2965.0,351,35.100,11.771,42.38,22.20,0.00,2,Cruise,342.6746
2966.0,352,35.200,11.771,42.38,22.20,0.00,2,Cruise,342.7028
2967.0,352,35.200,11.771,42.38,22.20,0.00,2,Cruise,342.7794
2968.0,352,35.200,11.771,42.38,22.20,0.00,2,Cruise,342.8561
2969.0,352,35.200,11.771,42.38,22.20,0.00,2,Cruise,342.9328
2970.0,352,35.200,11.771,42.38,22.20,0.00,2,Cruise,343.0095
2971.0,352,35.200,11.771,42.38,22.20,0.00,2,Cruise,343.0861
2972.0,352,35.200,11.771,42.38,22.20,0.00,2,Cruise,343.1628
2973.0,352,35.200,11.771,42.38,22.20,0.00,2,Cruise,343.2395
2974.0,352,35.200,11.771,42.38,22.20,0.00,2,Cruise,343.3162
2975.0,353,35.300,11.771,42.38,22.20,0.00,2,Cruise,343.3929
2976.0,353,35.300,11.771,42.38,22.20,0.00,2,Cruise,343.5106
2977.0,353,35.300,11.771,42.38,22.20,0.00,2,Cruise,343.6283
2978.0,353,35.300,11.771,42.38,22.20,0.00,2,Cruise,343.7460
2979.0,353,35.300,11.771,42.38,22.20,0.00,2,Cruise,343.8637
2980.0,353,35.300,11.771,42.38,22.20,0.00,2,Cruise,343.9814
2981.0,353,35.300,11.771,42.38,22.20,0.00,2,Cruise,344.0991
2982.0,353,35.300,11.771,42.38,22.20,0.00,2,Cruise,344.2168
2983.0,354,35.400,11.771,42.38,22.20,0.00,2,Cruise,344.3345
2984.0,354,35.400,11.771,42.38,22.20,0.00,2,Cruise,344.3939
2985.0,354,35.400,11.771,42.38,22.20,0.00,2,Cruise,344.4533
2986.0,354,35.400,11.771,42.38,22.20,0.00,2,Cruise,344.5127
2987.0,354,35.400,11.771,42.38,22.20,0.00,2,Cruise,344.5721
2988.0,354,35.400,11.771,42.38,22.20,0.00,2,Cruise,344.6316
2989.0,354,35.400,11.771,42.38,22.20,0.00,2,Cruise,344.6910
2990.0,354,35.400,11.771,42.38,22.20,0.00,2,Cruise,344.7504
2991.0,354,35.400,11.771,42.38,22.20,0.00,2,Cruise,344.8098
2992.0,355,35.500,11.771,42.38,22.20,0.00,2,Cruise,344.8692
2993.0,355,35.500,11.771,42.38,22.20,0.00,2,Cruise,344.9796
2994.0,355,35.500,11.771,42.38,22.20,0.00,2,Cruise,345.0900
2995.0,355,35.500,11.771,42.38,22.20,0.00,2,Cruise,345.2003
2996.0,355,35.500,11.771,42.38,22.20,0.00,2,Cruise,345.3107
2997.0,355,35.500,11.771,42.38,22.20,0.00,2,Cruise,345.4211
2998.0,355,35.500,11.771,42.38,22.20,0.00,2,Cruise,345.5315
2999.0,355,35.500,11.771,42.38,22.20,0.00,2,Cruise,345.6418
3000.0,356,35.600,11.771,42.38,22.20,0.00,2,Cruise,345.7522
3001.0,356,35.600,11.771,42.38,22.20,0.00,2,Cruise,345.8094
3002.0,356,35.600,11.771,42.38,22.20,0.00,2,Cruise,345.8666
3003.0,356,35.600,11.771,42.38,22.20,0.00,2,Cruise,345.9238
3004.0,356,35.600,11.771,42.38,22.20,0.00,2,Cruise,345.9810
3005.0,356,35.600,11.771,42.38,22.20,0.00,2,Cruise,346.0382
3006.0,356,35.600,11.771,42.38,22.20,0.00,2,Cruise,346.0954
3007.0,356,35.600,11.771,42.38,22.20,0.00,2,Cruise,346.1526
3008.0,356,35.600,11.771,42.38,22.20,0.00,2,Cruise,346.2098
3009.0,357,35.700,11.771,42.38,22.20,0.00,2,Cruise,346.2670
3010.0,357,35.700,11.771,42.38,22.20,0.00,2,Cruise,346.3236
3011.0,357,35.700,11.771,42.38,22.20,0.00,2,Cruise,346.3801
3012.0,357,35.700,11.771,42.38,22.20,0.00,2,Cruise,346.4367
3013.0,357,35.700,11.771,42.38,22.20,0.00,2,Cruise,346.4933
3014.0,357,35.700,11.771,42.38,22.20,0.00,2,Cruise,346.5498
3015.0,357,35.700,11.771,42.38,22.20,0.00,2,Cruise,346.6064
3016.0,357,35.700,11.771,42.38,22.20,0.00,2,Cruise,346.6630
3017.0,358,35.800,11.771,42.38,22.20,0.00,2,Cruise,346.7195
3018.0,358,35.800,11.771,42.38,22.20,0.00,2,Cruise,346.8803
3019.0,358,35.800,11.771,42.38,22.20,0.00,2,Cruise,347.0411
3020.0,358,35.800,11.771,42.38,22.20,0.00,2,Cruise,347.2018
3021.0,358,35.800,11.771,42.38,22.20,0.00,2,Cruise,347.3626
3022.0,358,35.800,11.771,42.38,22.20,0.00,2,Cruise,347.5234
3023.0,358,35.800,11.771,42.38,22.20,0.00,2,Cruise,347.6842
3024.0,358,35.800,11.771,42.38,22.20,0.00,2,Cruise,347.8449
3025.0,358,35.800,11.771,42.38,22.20,0.00,2,Cruise,348.0057
3026.0,359,35.900,11.771,42.38,22.20,0.00,3,Power,348.1665
3027.0,359,35.900,12.202,43.93,22.20,0.00,3,Power,349.0126
3028.0,359,35.900,12.632,45.47,22.20,0.00,1,Coast,349.8891
3029.0,359,35.900,12.461,44.86,22.20,0.00,1,Coast,349.8891
3030.0,359,35.900,12.291,44.25,22.20,0.00,3,Power,349.8891
3031.0,359,35.900,12.721,45.80,22.20,0.00,1,Coast,350.7718
3032.0,359,35.900,12.551,45.18,22.20,0.00,1,Coast,350.7718
3033.0,359,35.900,12.380,44.57,22.20,0.00,3,Power,350.7718
3034.0,360,36.000,12.810,46.12,22.20,0.00,1,Coast,351.6609
3035.0,360,36.000,12.729,45.82,22.20,0.00,1,Coast,351.6609
3036.0,360,36.000,12.647,45.53,22.20,0.00,1,Coast,351.6609
3037.0,360,36.000,12.566,45.24,22.20,0.00,1,Coast,351.6609
3038.0,360,36.000,12.484,44.94,22.20,0.00,1,Coast,351.6609
3039.0,360,36.000,12.403,44.65,22.20,0.00,1,Coast,351.6609
3040.0,360,36.000,12.322,44.36,22.20,0.00,1,Coast,351.6609
3041.0,360,36.000,12.241,44.07,22.20,0.00,1,Coast,351.6609
3042.0,361,36.100,12.160,43.77,22.20,0.00,1,Coast,351.6609
3043.0,361,36.100,12.141,43.71,22.20,0.00,1,Coast,351.6609
3044.0,361,36.100,12.121,43.64,22.20,0.00,1,Coast,351.6609
3045.0,361,36.100,12.102,43.57,22.20,0.00,1,Coast,351.6609
3046.0,361,36.100,12.083,43.50,22.20,0.00,1,Coast,351.6609
3047.0,361,36.100,12.064,43.43,22.20,0.00,1,Coast,351.6609
3048.0,361,36.100,12.046,43.36,22.20,0.00,1,Coast,351.6609
3049.0,361,36.100,12.027,43.30,22.20,0.00,1,Coast,351.6609
3050.0,362,36.200,12.008,43.23,22.20,0.00,1,Coast,351.6609
3051.0,362,36.200,11.967,43.08,22.20,0.00,1,Coast,351.6609
3052.0,362,36.200,11.925,42.93,22.20,0.00,1,Coast,351.6609
3053.0,362,36.200,11.884,42.78,22.20,0.00,1,Coast,351.6609
3054.0,362,36.200,11.843,42.64,22.20,0.00,1,Coast,351.6609
3055.0,362,36.200,11.802,42.49,22.20,0.00,1,Coast,351.6609
3056.0,362,36.200,11.761,42.34,22.20,0.00,1,Coast,351.6609
3057.0,362,36.200,11.721,42.19,22.20,0.00,1,Coast,351.6609
3058.0,362,36.200,11.680,42.05,22.20,0.00,1,Coast,351.6609
3059.0,363,36.300,11.639,41.90,22.20,0.00,2,Cruise,351.6609
3060.0,363,36.300,11.639,41.90,22.20,0.00,2,Cruise,351.7404
3061.0,363,36.300,11.639,41.90,22.20,0.00,2,Cruise,351.8199
3062.0,363,36.300,11.639,41.90,22.20,0.00,2,Cruise,351.8994
3063.0,363,36.300,11.639,41.90,22.20,0.00,2,Cruise,351.9789
3064.0,363,36.300,11.639,41.90,22.20,0.00,2,Cruise,352.0583
3065.0,363,36.300,11.639,41.90,22.20,0.00,2,Cruise,352.1378
3066.0,363,36.300,11.639,41.90,22.20,0.00,2,Cruise,352.2173
3067.0,364,36.400,11.639,41.90,22.20,0.00,2,Cruise,352.2968
3068.0,364,36.400,11.639,41.90,22.20,0.00,2,Cruise,352.3134
3069.0,364,36.400,11.639,41.90,22.20,0.00,2,Cruise,352.3299
3070.0,364,36.400,11.639,41.90,22.20,0.00,2,Cruise,352.3465
3071.0,364,36.400,11.639,41.90,22.20,0.00,2,Cruise,352.3630
3072.0,364,36.400,11.639,41.90,22.20,0.00,2,Cruise,352.3796
3073.0,364,36.400,11.639,41.90,22.20,0.00,2,Cruise,352.3961
3074.0,364,36.400,11.639,41.90,22.20,0.00,2,Cruise,352.4127
3075.0,364,36.400,11.639,41.90,22.20,0.00,2,Cruise,352.4293
3076.0,365,36.500,11.639,41.90,22.20,0.00,2,Cruise,352.4458
3077.0,365,36.500,11.639,41.90,22.20,0.00,2,Cruise,352.5727
3078.0,365,36.500,11.639,41.90,22.20,0.00,2,Cruise,352.6996
3079.0,365,36.500,11.639,41.90,22.20,0.00,2,Cruise,352.8265
3080.0,365,36.500,11.639,41.90,22.20,0.00,2,Cruise,352.9534
3081.0,365,36.500,11.639,41.90,22.20,0.00,2,Cruise,353.0803
3082.0,365,36.500,11.639,41.90,22.20,0.00,2,Cruise,353.2072
3083.0,365,36.500,11.639,41.90,22.20,0.00,2,Cruise,353.3341
3084.0,366,36.600,11.639,41.90,22.20,0.00,2,Cruise,353.4610
3085.0,366,36.600,11.639,41.90,22.20,0.00,2,Cruise,353.5090
3086.0,366,36.600,11.639,41.90,22.20,0.00,2,Cruise,353.5571
3087.0,366,36.600,11.639,41.90,22.20,0.00,2,Cruise,353.6051
3088.0,366,36.600,11.639,41.90,22.20,0.00,2,Cruise,353.6532
3089.0,366,36.600,11.639,41.90,22.20,0.00,2,Cruise,353.7013
3090.0,366,36.600,11.639,41.90,22.20,0.00,2,Cruise,353.7493
3091.0,366,36.600,11.639,41.90,22.20,0.00,2,Cruise,353.7974
3092.0,366,36.600,11.639,41.90,22.20,0.00,2,Cruise,353.8454
3093.0,367,36.700,11.639,41.90,22.20,0.00,3,Power,353.8935
3094.0,367,36.700,12.106,43.58,22.20,0.00,2,Cruise,354.7316
3095.0,367,36.700,12.106,43.58,22.20,0.00,2,Cruise,354.9213
3096.0,367,36.700,12.106,43.58,22.20,0.00,2,Cruise,355.1111
3097.0,367,36.700,12.106,43.58,22.20,0.00,2,Cruise,355.3009
3098.0,367,36.700,12.106,43.58,22.20,0.00,2,Cruise,355.4906
3099.0,367,36.700,12.106,43.58,22.20,0.00,2,Cruise,355.6804
3100.0,367,36.700,12.106,43.58,22.20,0.00,2,Cruise,355.8702
3101.0,368,36.800,12.106,43.58,22.20,0.00,3,Power,356.0599
3102.0,368,36.800,12.550,45.18,22.20,0.00,3,Power,356.9301
3103.0,368,36.800,12.992,46.77,22.20,0.00,2,Cruise,357.8316
3104.0,368,36.800,12.992,46.77,22.20,0.00,2,Cruise,358.0726
3105.0,368,36.800,12.992,46.77,22.20,0.00,2,Cruise,358.3135
3106.0,368,36.800,12.992,46.77,22.20,0.00,2,Cruise,358.5545
3107.0,368,36.800,12.992,46.77,22.20,0.00,2,Cruise,358.7955
3108.0,368,36.800,12.992,46.77,22.20,0.00,2,Cruise,359.0364
3109.0,369,36.900,12.992,46.77,22.20,0.00,2,Cruise,359.2774
3110.0,369,36.900,12.992,46.77,22.20,0.00,2,Cruise,359.4150
3111.0,369,36.900,12.992,46.77,22.20,0.00,2,Cruise,359.5526
3112.0,369,36.900,12.992,46.77,22.20,0.00,2,Cruise,359.6901
3113.0,369,36.900,12.992,46.77,22.20,0.00,2,Cruise,359.8277
3114.0,369,36.900,12.992,46.77,22.20,0.00,2,Cruise,359.9653
3115.0,369,36.900,12.992,46.77,22.20,0.00,2,Cruise,360.1029
3116.0,369,36.900,12.992,46.77,22.20,0.00,2,Cruise,360.2404
3117.0,370,37.000,12.992,46.77,22.20,0.00,1,Coast,360.3780
3118.0,370,37.000,12.921,46.51,22.20,0.00,1,Coast,360.3780
3119.0,370,37.000,12.849,46.26,22.20,0.00,1,Coast,360.3780
3120.0,370,37.000,12.778,46.00,22.20,0.00,1,Coast,360.3780
3121.0,370,37.000,12.706,45.74,22.20,0.00,1,Coast,360.3780
3122.0,370,37.000,12.635,45.49,22.20,0.00,1,Coast,360.3780
3123.0,370,37.000,12.564,45.23,22.20,0.00,1,Coast,360.3780
3124.0,370,37.000,12.493,44.97,22.20,0.00,1,Coast,360.3780
3125.0,371,37.100,12.422,44.72,22.20,0.00,1,Coast,360.3780
3126.0,371,37.100,12.377,44.56,22.20,0.00,1,Coast,360.3780
3127.0,371,37.100,12.333,44.40,22.20,0.00,1,Coast,360.3780
3128.0,371,37.100,12.289,44.24,22.20,0.00,1,Coast,360.3780
3129.0,371,37.100,12.245,44.08,22.20,0.00,1,Coast,360.3780
3130.0,371,37.100,12.200,43.92,22.20,0.00,1,Coast,360.3780
3131.0,371,37.100,12.156,43.76,22.20,0.00,1,Coast,360.3780
3132.0,371,37.100,12.112,43.60,22.20,0.00,2,Cruise,360.3780
3133.0,372,37.200,12.112,43.60,22.20,0.00,2,Cruise,360.4407
3134.0,372,37.200,12.112,43.60,22.20,0.00,2,Cruise,360.5287
3135.0,372,37.200,12.112,43.60,22.20,0.00,2,Cruise,360.6167
3136.0,372,37.200,12.112,43.60,22.20,0.00,2,Cruise,360.7046
3137.0,372,37.200,12.112,43.60,22.20,0.00,2,Cruise,360.7926
3138.0,372,37.200,12.112,43.60,22.20,0.00,2,Cruise,360.8806
3139.0,372,37.200,12.112,43.60,22.20,0.00,2,Cruise,360.9685
3140.0,372,37.200,12.112,43.60,22.20,0.00,2,Cruise,361.0565
3141.0,373,37.300,12.112,43.60,22.20,0.00,2,Cruise,361.1445
3142.0,373,37.300,12.112,43.60,22.20,0.00,2,Cruise,361.2977
3143.0,373,37.300,12.112,43.60,22.20,0.00,2,Cruise,361.4509
3144.0,373,37.300,12.112,43.60,22.20,0.00,2,Cruise,361.6042
3145.0,373,37.300,12.112,43.60,22.20,0.00,2,Cruise,361.7574
3146.0,373,37.300,12.112,43.60,22.20,0.00,2,Cruise,361.9107
3147.0,373,37.300,12.112,43.60,22.20,0.00,2,Cruise,362.0639
3148.0,373,37.300,12.112,43.60,22.20,0.00,2,Cruise,362.2172
3149.0,374,37.400,12.112,43.60,22.20,0.00,2,Cruise,362.3704
3150.0,374,37.400,12.112,43.60,22.20,0.00,2,Cruise,362.4052
3151.0,374,37.400,12.112,43.60,22.20,0.00,2,Cruise,362.4399
3152.0,374,37.400,12.112,43.60,22.20,0.00,2,Cruise,362.4747
3153.0,374,37.400,12.112,43.60,22.20,0.00,2,Cruise,362.5095
3154.0,374,37.400,12.112,43.60,22.20,0.00,2,Cruise,362.5443
3155.0,374,37.400,12.112,43.60,22.20,0.00,2,Cruise,362.5790
3156.0,374,37.400,12.112,43.60,22.20,0.00,2,Cruise,362.6138
3157.0,375,37.500,12.112,43.60,22.20,0.00,2,Cruise,362.6486
3158.0,375,37.500,12.112,43.60,22.20,0.00,2,Cruise,362.6982
3159.0,375,37.500,12.112,43.60,22.20,0.00,2,Cruise,362.7479
3160.0,375,37.500,12.112,43.60,22.20,0.00,2,Cruise,362.7975
3161.0,375,37.500,12.112,43.60,22.20,0.00,2,Cruise,362.8471
3162.0,375,37.500,12.112,43.60,22.20,0.00,2,Cruise,362.8967
3163.0,375,37.500,12.112,43.60,22.20,0.00,2,Cruise,362.9464
3164.0,375,37.500,12.112,43.60,22.20,0.00,2,Cruise,362.9960
3165.0,375,37.500,12.112,43.60,22.20,0.00,2,Cruise,363.0456
3166.0,376,37.600,12.112,43.60,22.20,0.00,2,Cruise,363.0953
3167.0,376,37.600,12.124,43.65,22.20,0.00,2,Cruise,363.0953
3168.0,376,37.600,12.136,43.69,22.20,0.00,2,Cruise,363.0953
3169.0,376,37.600,12.147,43.73,22.20,0.00,2,Cruise,363.0953
3170.0,376,37.600,12.159,43.77,22.20,0.00,2,Cruise,363.0953
3171.0,376,37.600,12.171,43.81,22.20,0.00,2,Cruise,363.0953
3172.0,376,37.600,12.182,43.86,22.20,0.00,2,Cruise,363.0953
3173.0,376,37.600,12.194,43.90,22.20,0.00,2,Cruise,363.0953
3174.0,377,37.700,12.205,43.94,22.20,0.00,2,Cruise,363.0953
3175.0,377,37.700,12.205,43.94,22.20,0.00,2,Cruise,363.1827
3176.0,377,37.700,12.205,43.94,22.20,0.00,2,Cruise,363.2702
3177.0,377,37.700,12.205,43.94,22.20,0.00,2,Cruise,363.3577
3178.0,377,37.700,12.205,43.94,22.20,0.00,2,Cruise,363.4452
3179.0,377,37.700,12.205,43.94,22.20,0.00,2,Cruise,363.5326
3180.0,377,37.700,12.205,43.94,22.20,0.00,2,Cruise,363.6201
3181.0,377,37.700,12.205,43.94,22.20,0.00,2,Cruise,363.7076
3182.0,378,37.800,12.205,43.94,22.20,0.00,2,Cruise,363.7951
3183.0,378,37.800,12.205,43.94,22.20,0.00,2,Cruise,363.8691
3184.0,378,37.800,12.205,43.94,22.20,0.00,2,Cruise,363.9431
3185.0,378,37.800,12.205,43.94,22.20,0.00,2,Cruise,364.0171
3186.0,378,37.800,12.205,43.94,22.20,0.00,2,Cruise,364.0911
3187.0,378,37.800,12.205,43.94,22.20,0.00,2,Cruise,364.1651
3188.0,378,37.800,12.205,43.94,22.20,0.00,2,Cruise,364.2391
3189.0,378,37.800,12.205,43.94,22.20,0.00,2,Cruise,364.3131
3190.0,379,37.900,12.205,43.94,22.20,0.00,2,Cruise,364.3871
3191.0,379,37.900,12.205,43.94,22.20,0.00,2,Cruise,364.4393
3192.0,379,37.900,12.205,43.94,22.20,0.00,2,Cruise,364.4915
3193.0,379,37.900,12.205,43.94,22.20,0.00,2,Cruise,364.5437
3194.0,379,37.900,12.205,43.94,22.20,0.00,2,Cruise,364.5960
3195.0,379,37.900,12.205,43.94,22.20,0.00,2,Cruise,364.6482
3196.0,379,37.900,12.205,43.94,22.20,0.00,2,Cruise,364.7004
3197.0,379,37.900,12.205,43.94,22.20,0.00,2,Cruise,364.7526
3198.0,380,38.000,12.205,43.94,22.20,0.00,2,Cruise,364.8049
3199.0,380,38.000,12.205,43.94,22.20,0.00,2,Cruise,364.9047
3200.0,380,38.000,12.205,43.94,22.20,0.00,2,Cruise,365.0045
3201.0,380,38.000,12.205,43.94,22.20,0.00,2,Cruise,365.1043
3202.0,380,38.000,12.205,43.94,22.20,0.00,2,Cruise,365.2041
3203.0,380,38.000,12.205,43.94,22.20,0.00,2,Cruise,365.3039
3204.0,380,38.000,12.205,43.94,22.20,0.00,2,Cruise,365.4037
3205.0,380,38.000,12.205,43.94,22.20,0.00,2,Cruise,365.5035
3206.0,380,38.000,12.205,43.94,22.20,0.00,2,Cruise,365.6033
3207.0,381,38.100,12.205,43.94,22.20,0.00,2,Cruise,365.7031
3208.0,381,38.100,12.205,43.94,22.20,0.00,2,Cruise,365.7582
3209.0,381,38.100,12.205,43.94,22.20,0.00,2,Cruise,365.8132
3210.0,381,38.100,12.205,43.94,22.20,0.00,2,Cruise,365.8683
3211.0,381,38.100,12.205,43.94,22.20,0.00,2,Cruise,365.9234
3212.0,381,38.100,12.205,43.94,22.20,0.00,2,Cruise,365.9785
3213.0,381,38.100,12.205,43.94,22.20,0.00,2,Cruise,366.0335
3214.0,381,38.100,12.205,43.94,22.20,0.00,2,Cruise,366.0886
3215.0,382,38.200,12.205,43.94,22.20,0.00,2,Cruise,366.1437
3216.0,382,38.200,12.205,43.94,22.20,0.00,2,Cruise,366.3174
3217.0,382,38.200,12.205,43.94,22.20,0.00,2,Cruise,366.4912
3218.0,382,38.200,12.205,43.94,22.20,0.00,2,Cruise,366.6649
3219.0,382,38.200,12.205,43.94,22.20,0.00,2,Cruise,366.8387
3220.0,382,38.200,12.205,43.94,22.20,0.00,2,Cruise,367.0125
3221.0,382,38.200,12.205,43.94,22.20,0.00,2,Cruise,367.1862
3222.0,382,38.200,12.205,43.94,22.20,0.00,2,Cruise,367.3600
3223.0,383,38.300,12.205,43.94,22.20,0.00,2,Cruise,367.5337
3224.0,383,38.300,12.205,43.94,22.20,0.00,2,Cruise,367.6917
3225.0,383,38.300,12.205,43.94,22.20,0.00,2,Cruise,367.8496
3226.0,383,38.300,12.205,43.94,22.20,0.00,2,Cruise,368.0075
3227.0,383,38.300,12.205,43.94,22.20,0.00,2,Cruise,368.1654
3228.0,383,38.300,12.205,43.94,22.20,0.00,2,Cruise,368.3233
3229.0,383,38.300,12.205,43.94,22.20,0.00,2,Cruise,368.4813
3230.0,383,38.300,12.205,43.94,22.20,0.00,2,Cruise,368.6392
3231.0,384,38.400,12.205,43.94,22.20,0.00,2,Cruise,368.7971
3232.0,384,38.400,12.205,43.94,22.20,0.00,2,Cruise,368.8781
3233.0,384,38.400,12.205,43.94,22.20,0.00,2,Cruise,368.9591
3234.0,384,38.400,12.205,43.94,22.20,0.00,2,Cruise,369.0401
3235.0,384,38.400,12.205,43.94,22.20,0.00,2,Cruise,369.1211
3236.0,384,38.400,12.205,43.94,22.20,0.00,2,Cruise,369.2021
3237.0,384,38.400,12.205,43.94,22.20,0.00,2,Cruise,369.2830
3238.0,384,38.400,12.205,43.94,22.20,0.00,2,Cruise,369.3640
3239.0,385,38.500,12.205,43.94,22.20,0.00,2,Cruise,369.4450
3240.0,385,38.500,12.205,43.94,22.20,0.00,2,Cruise,369.4640
3241.0,385,38.500,12.205,43.94,22.20,0.00,2,Cruise,369.4830
3242.0,385,38.500,12.205,43.94,22.20,0.00,2,Cruise,369.5020
3243.0,385,38.500,12.205,43.94,22.20,0.00,2,Cruise,369.5210
3244.0,385,38.500,12.205,43.94,22.20,0.00,2,Cruise,369.5399
3245.0,385,38.500,12.205,43.94,22.20,0.00,2,Cruise,369.5589
3246.0,385,38.500,12.205,43.94,22.20,0.00,2,Cruise,369.5779
3247.0,385,38.500,12.205,43.94,22.20,0.00,2,Cruise,369.5969
3248.0,386,38.600,12.205,43.94,22.20,0.00,2,Cruise,369.6159
3249.0,386,38.600,12.205,43.94,22.20,0.00,2,Cruise,369.7010
3250.0,386,38.600,12.205,43.94,22.20,0.00,2,Cruise,369.7860
3251.0,386,38.600,12.205,43.94,22.20,0.00,2,Cruise,369.8711
3252.0,386,38.600,12.205,43.94,22.20,0.00,2,Cruise,369.9562
3253.0,386,38.600,12.205,43.94,22.20,0.00,2,Cruise,370.0413
3254.0,386,38.600,12.205,43.94,22.20,0.00,2,Cruise,370.1263
3255.0,386,38.600,12.205,43.94,22.20,0.00,2,Cruise,370.2114
3256.0,387,38.700,12.205,43.94,22.20,0.00,2,Cruise,370.2965
3257.0,387,38.700,12.205,43.94,22.20,0.00,2,Cruise,370.4991
3258.0,387,38.700,12.205,43.94,22.20,0.00,2,Cruise,370.7018
3259.0,387,38.700,12.205,43.94,22.20,0.00,2,Cruise,370.9044
3260.0,387,38.700,12.205,43.94,22.20,0.00,2,Cruise,371.1071
3261.0,387,38.700,12.205,43.94,22.20,0.00,2,Cruise,371.3097
3262.0,387,38.700,12.205,43.94,22.20,0.00,2,Cruise,371.5124
3263.0,387,38.700,12.205,43.94,22.20,0.00,2,Cruise,371.7150
3264.0,388,38.800,12.205,43.94,22.20,0.00,2,Cruise,371.9177
3265.0,388,38.800,12.205,43.94,22.20,0.00,2,Cruise,371.9938
3266.0,388,38.800,12.205,43.94,22.20,0.00,2,Cruise,372.0700
3267.0,388,38.800,12.205,43.94,22.20,0.00,2,Cruise,372.1461
3268.0,388,38.800,12.205,43.94,22.20,0.00,2,Cruise,372.2222
3269.0,388,38.800,12.205,43.94,22.20,0.00,2,Cruise,372.2984
3270.0,388,38.800,12.205,43.94,22.20,0.00,2,Cruise,372.3745
3271.0,388,38.800,12.205,43.94,22.20,0.00,2,Cruise,372.4506
3272.0,389,38.900,12.205,43.94,22.20,0.00,2,Cruise,372.5268
3273.0,389,38.900,12.205,43.94,22.20,0.00,2,Cruise,372.5872
3274.0,389,38.900,12.205,43.94,22.20,0.00,2,Cruise,372.6477
3275.0,389,38.900,12.205,43.94,22.20,0.00,2,Cruise,372.7081
3276.0,389,38.900,12.205,43.94,22.20,0.00,2,Cruise,372.7686
3277.0,389,38.900,12.205,43.94,22.20,0.00,2,Cruise,372.8290
3278.0,389,38.900,12.205,43.94,22.20,0.00,2,Cruise,372.8894
3279.0,389,38.900,12.205,43.94,22.20,0.00,2,Cruise,372.9499
3280.0,390,39.000,12.205,43.94,22.20,0.00,1,Coast,373.0103
3281.0,390,39.000,12.087,43.51,22.20,0.00,1,Coast,373.0103
3282.0,390,39.000,11.969,43.09,22.20,0.00,2,Cruise,373.0103
3283.0,390,39.000,11.969,43.09,22.20,0.00,2,Cruise,373.1763
3284.0,390,39.000,11.969,43.09,22.20,0.00,2,Cruise,373.3423
3285.0,390,39.000,11.969,43.09,22.20,0.00,2,Cruise,373.5083
3286.0,390,39.000,11.969,43.09,22.20,0.00,2,Cruise,373.6743
3287.0,390,39.000,11.969,43.09,22.20,0.00,2,Cruise,373.8403
3288.0,390,39.000,11.969,43.09,22.20,0.00,2,Cruise,374.0063
3289.0,391,39.100,11.969,43.09,1.00,0.00,3,Power,374.1723
3290.0,391,39.100,12.541,45.15,1.00,0.00,3,Power,375.0374
3291.0,391,39.100,13.112,47.20,1.00,0.00,3,Power,375.9428
3292.0,391,39.100,13.683,49.26,1.00,0.00,3,Power,376.8885
3293.0,391,39.100,14.253,51.31,1.00,0.00,1,Coast,377.8745
3294.0,391,39.100,14.222,51.20,1.00,0.00,1,Coast,377.8745
3295.0,391,39.100,14.191,51.09,1.00,0.00,1,Coast,377.8745
3296.0,392,39.200,14.161,50.98,16.60,0.00,1,Coast,377.8745
3297.0,392,39.200,14.096,50.75,16.60,0.00,1,Coast,377.8745
3298.0,392,39.200,14.031,50.51,16.60,0.00,1,Coast,377.8745
3299.0,392,39.200,13.967,50.28,16.60,0.00,1,Coast,377.8745
3300.0,392,39.200,13.902,50.05,16.60,0.00,1,Coast,377.8745
3301.0,392,39.200,13.838,49.82,16.60,0.00,1,Coast,377.8745
3302.0,392,39.200,13.773,49.58,16.60,0.00,1,Coast,377.8745
3303.0,393,39.300,13.709,49.35,16.60,0.00,2,Cruise,377.8745
3304.0,393,39.300,13.709,49.35,16.60,0.00,2,Cruise,377.9289
3305.0,393,39.300,13.709,49.35,16.60,0.00,2,Cruise,377.9833
3306.0,393,39.300,13.709,49.35,16.60,0.00,2,Cruise,378.0377
3307.0,393,39.300,13.709,49.35,16.60,0.00,2,Cruise,378.0921
3308.0,393,39.300,13.709,49.35,16.60,0.00,2,Cruise,378.1466
3309.0,393,39.300,13.709,49.35,16.60,0.00,2,Cruise,378.2010
3310.0,393,39.300,13.709,49.35,16.60,0.00,2,Cruise,378.2554
3311.0,394,39.400,13.709,49.35,16.60,0.00,3,Power,378.3098
3312.0,394,39.400,14.218,51.19,16.60,0.00,2,Cruise,379.2955
3313.0,394,39.400,14.218,51.19,16.60,0.00,2,Cruise,379.4487
3314.0,394,39.400,14.218,51.19,16.60,0.00,2,Cruise,379.6019
3315.0,394,39.400,14.218,51.19,16.60,0.00,2,Cruise,379.7551
3316.0,394,39.400,14.218,51.19,16.60,0.00,2,Cruise,379.9083
3317.0,394,39.400,14.218,51.19,16.60,0.00,2,Cruise,380.0615
3318.0,395,39.500,14.218,51.19,16.60,0.00,2,Cruise,380.2147
3319.0,395,39.500,14.218,51.19,16.60,0.00,2,Cruise,380.3387
3320.0,395,39.500,14.218,51.19,16.60,0.00,2,Cruise,380.4627
3321.0,395,39.500,14.218,51.19,16.60,0.00,2,Cruise,380.5866
3322.0,395,39.500,14.218,51.19,16.60,0.00,2,Cruise,380.7106
3323.0,395,39.500,14.218,51.19,16.60,0.00,2,Cruise,380.8346
3324.0,395,39.500,14.218,51.19,16.60,0.00,2,Cruise,380.9585
3325.0,396,39.600,14.218,51.19,16.60,0.00,2,Cruise,381.0825
3326.0,396,39.600,14.218,51.19,16.60,0.00,2,Cruise,381.2527
3327.0,396,39.600,14.218,51.19,16.60,0.00,2,Cruise,381.4228
3328.0,396,39.600,14.218,51.19,16.60,0.00,2,Cruise,381.5930
3329.0,396,39.600,14.218,51.19,16.60,0.00,2,Cruise,381.7632
3330.0,396,39.600,14.218,51.19,16.60,0.00,2,Cruise,381.9333
3331.0,396,39.600,14.218,51.19,16.60,0.00,2,Cruise,382.1035
3332.0,397,39.700,14.218,51.19,16.60,0.00,3,Power,382.2737
3333.0,397,39.700,14.693,52.90,16.60,0.00,1,Coast,383.2941
3334.0,397,39.700,14.568,52.44,16.60,0.00,3,Power,383.2941
3335.0,397,39.700,15.032,54.12,16.60,0.00,1,Coast,384.3213
3336.0,397,39.700,14.906,53.66,16.60,0.00,1,Coast,384.3213
3337.0,397,39.700,14.781,53.21,16.60,0.00,1,Coast,384.3213
3338.0,397,39.700,14.655,52.76,16.60,0.00,1,Coast,384.3213
3339.0,398,39.800,14.530,52.31,16.60,0.00,1,Coast,384.3213
3340.0,398,39.800,14.416,51.90,16.60,0.00,1,Coast,384.3213
3341.0,398,39.800,14.303,51.49,16.60,0.00,1,Coast,384.3213
3342.0,398,39.800,14.190,51.08,16.60,0.00,1,Coast,384.3213
3343.0,398,39.800,14.077,50.68,16.60,0.00,1,Coast,384.3213
3344.0,398,39.800,13.965,50.27,16.60,0.00,1,Coast,384.3213
3345.0,398,39.800,13.852,49.87,16.60,0.00,1,Coast,384.3213
3346.0,399,39.900,13.740,49.46,16.60,0.00,2,Cruise,384.3213
3347.0,399,39.900,13.740,49.46,16.60,0.00,2,Cruise,384.3888
3348.0,399,39.900,13.740,49.46,16.60,0.00,2,Cruise,384.4564
3349.0,399,39.900,13.740,49.46,16.60,0.00,2,Cruise,384.5239
3350.0,399,39.900,13.740,49.46,16.60,0.00,2,Cruise,384.5915
3351.0,399,39.900,13.740,49.46,16.60,0.00,2,Cruise,384.6590
3352.0,399,39.900,13.740,49.46,16.60,0.00,2,Cruise,384.7265
3353.0,400,40.000,13.740,49.46,16.60,0.00,1,Coast,384.7941
3354.0,400,40.000,13.630,49.07,16.60,0.00,1,Coast,384.7941
3355.0,400,40.000,13.520,48.67,16.60,0.00,3,Power,384.7941
3356.0,400,40.000,14.011,50.44,16.60,0.00,1,Coast,385.7658
3357.0,400,40.000,13.901,50.04,16.60,0.00,1,Coast,385.7658
3358.0,400,40.000,13.791,49.65,16.60,0.00,1,Coast,385.7658
3359.0,400,40.000,13.682,49.25,16.60,0.00,1,Coast,385.7658
3360.0,401,40.100,13.572,48.86,16.60,0.00,1,Coast,385.7658
3361.0,401,40.100,13.475,48.51,16.60,0.00,1,Coast,385.7658
3362.0,401,40.100,13.378,48.16,16.60,0.00,1,Coast,385.7658
3363.0,401,40.100,13.281,47.81,16.60,0.00,3,Power,385.7658
3364.0,401,40.100,13.785,49.63,16.60,0.00,1,Coast,386.7211
3365.0,401,40.100,13.688,49.28,16.60,0.00,1,Coast,386.7211
3366.0,401,40.100,13.590,48.93,16.60,0.00,1,Coast,386.7211
3367.0,401,40.100,13.493,48.58,16.60,0.00,1,Coast,386.7211
3368.0,402,40.200,13.396,48.23,16.60,0.00,1,Coast,386.7211
3369.0,402,40.200,13.346,48.05,16.60,0.00,1,Coast,386.7211
3370.0,402,40.200,13.296,47.87,16.60,0.00,1,Coast,386.7211
3371.0,402,40.200,13.246,47.69,16.60,0.00,2,Cruise,386.7211
3372.0,402,40.200,13.246,47.69,16.60,0.00,2,Cruise,386.7991
3373.0,402,40.200,13.246,47.69,16.60,0.00,2,Cruise,386.8771
3374.0,402,40.200,13.246,47.69,16.60,0.00,2,Cruise,386.9552
3375.0,403,40.300,13.246,47.69,16.60,0.00,1,Coast,387.0332
3376.0,403,40.300,13.099,47.16,16.60,0.00,1,Coast,387.0332
3377.0,403,40.300,12.953,46.63,16.60,0.00,3,Power,387.0332
3378.0,403,40.300,13.406,48.26,16.60,0.00,1,Coast,387.9635
3379.0,403,40.300,13.259,47.73,16.60,0.00,1,Coast,387.9635
3380.0,403,40.300,13.112,47.20,16.60,0.00,1,Coast,387.9635
3381.0,403,40.300,12.966,46.68,16.60,0.00,3,Power,387.9635
3382.0,403,40.300,13.419,48.31,16.60,0.00,1,Coast,388.8948
3383.0,404,40.400,13.273,47.78,16.60,0.00,1,Coast,388.8948
3384.0,404,40.400,13.265,47.75,16.60,0.00,1,Coast,388.8948
3385.0,404,40.400,13.258,47.73,16.60,0.00,1,Coast,388.8948
3386.0,404,40.400,13.251,47.70,16.60,0.00,1,Coast,388.8948
3387.0,404,40.400,13.243,47.68,16.60,0.00,1,Coast,388.8948
3388.0,404,40.400,13.236,47.65,16.60,0.00,1,Coast,388.8948
3389.0,404,40.400,13.229,47.62,16.60,0.00,1,Coast,388.8948
3390.0,405,40.500,13.221,47.60,16.60,0.00,2,Cruise,388.8948
3391.0,405,40.500,13.221,47.60,16.60,0.00,2,Cruise,389.0366
3392.0,405,40.500,13.221,47.60,16.60,0.00,2,Cruise,389.1784
3393.0,405,40.500,13.221,47.60,16.60,0.00,2,Cruise,389.3202
3394.0,405,40.500,13.221,47.60,16.60,0.00,2,Cruise,389.4620
3395.0,405,40.500,13.221,47.60,16.60,0.00,2,Cruise,389.6038
3396.0,405,40.500,13.221,47.60,16.60,0.00,2,Cruise,389.7456
3397.0,405,40.500,13.221,47.60,16.60,0.00,2,Cruise,389.8875
3398.0,406,40.600,13.221,47.60,16.60,0.00,2,Cruise,390.0293
3399.0,406,40.600,13.221,47.60,16.60,0.00,2,Cruise,390.1233
3400.0,406,40.600,13.221,47.60,16.60,0.00,2,Cruise,390.2173
3401.0,406,40.600,13.221,47.60,16.60,0.00,2,Cruise,390.3113
3402.0,406,40.600,13.221,47.60,16.60,0.00,2,Cruise,390.4053
3403.0,406,40.600,13.221,47.60,16.60,0.00,2,Cruise,390.4993
3404.0,406,40.600,13.221,47.60,16.60,0.00,2,Cruise,390.5933
3405.0,407,40.700,13.221,47.60,16.60,0.00,2,Cruise,390.6873
3406.0,407,40.700,13.221,47.60,16.60,0.00,2,Cruise,390.7850
3407.0,407,40.700,13.221,47.60,16.60,0.00,2,Cruise,390.8827
3408.0,407,40.700,13.221,47.60,16.60,0.00,2,Cruise,390.9803
3409.0,407,40.700,13.221,47.60,16.60,0.00,2,Cruise,391.0780
3410.0,407,40.700,13.221,47.60,16.60,0.00,2,Cruise,391.1757
3411.0,407,40.700,13.221,47.60,16.60,0.00,2,Cruise,391.2733
3412.0,407,40.700,13.221,47.60,16.60,0.00,2,Cruise,391.3710
3413.0,408,40.800,13.221,47.60,16.60,0.00,2,Cruise,391.4687
3414.0,408,40.800,13.221,47.60,16.60,0.00,2,Cruise,391.5817
3415.0,408,40.800,13.221,47.60,16.60,0.00,2,Cruise,391.6948
3416.0,408,40.800,13.221,47.60,16.60,0.00,2,Cruise,391.8079
3417.0,408,40.800,13.221,47.60,16.60,0.00,2,Cruise,391.9209
3418.0,408,40.800,13.221,47.60,16.60,0.00,2,Cruise,392.0340
3419.0,408,40.800,13.221,47.60,16.60,0.00,2,Cruise,392.1471
3420.0,408,40.800,13.221,47.60,16.60,0.00,2,Cruise,392.2602
3421.0,409,40.900,13.221,47.60,16.60,0.00,2,Cruise,392.3732
3422.0,409,40.900,13.221,47.60,16.60,0.00,2,Cruise,392.5439
3423.0,409,40.900,13.221,47.60,16.60,0.00,2,Cruise,392.7146
3424.0,409,40.900,13.221,47.60,16.60,0.00,2,Cruise,392.8853
3425.0,409,40.900,13.221,47.60,16.60,0.00,2,Cruise,393.0559
3426.0,409,40.900,13.221,47.60,16.60,0.00,2,Cruise,393.2266
3427.0,409,40.900,13.221,47.60,16.60,0.00,2,Cruise,393.3973
3428.0,410,41.000,13.221,47.60,16.60,0.00,2,Cruise,393.5679
3429.0,410,41.000,13.221,47.60,16.60,0.00,2,Cruise,393.6880
3430.0,410,41.000,13.221,47.60,16.60,0.00,2,Cruise,393.8081
3431.0,410,41.000,13.221,47.60,16.60,0.00,2,Cruise,393.9282
3432.0,410,41.000,13.221,47.60,16.60,0.00,2,Cruise,394.0483
3433.0,410,41.000,13.221,47.60,16.60,0.00,2,Cruise,394.1684
3434.0,410,41.000,13.221,47.60,16.60,0.00,2,Cruise,394.2885
3435.0,410,41.000,13.221,47.60,16.60,0.00,2,Cruise,394.4086
3436.0,411,41.100,13.221,47.60,16.60,0.00,2,Cruise,394.5287
3437.0,411,41.100,13.221,47.60,16.60,0.00,2,Cruise,394.6362
3438.0,411,41.100,13.221,47.60,16.60,0.00,2,Cruise,394.7436
3439.0,411,41.100,13.221,47.60,16.60,0.00,2,Cruise,394.8510
3440.0,411,41.100,13.221,47.60,16.60,0.00,2,Cruise,394.9585
3441.0,411,41.100,13.221,47.60,16.60,0.00,2,Cruise,395.0659
3442.0,411,41.100,13.221,47.60,16.60,0.00,2,Cruise,395.1734
3443.0,412,41.200,13.221,47.60,16.60,0.00,2,Cruise,395.2808
3444.0,412,41.200,13.221,47.60,16.60,0.00,2,Cruise,395.3662
3445.0,412,41.200,13.221,47.60,16.60,0.00,2,Cruise,395.4515
3446.0,412,41.200,13.221,47.60,16.60,0.00,2,Cruise,395.5369
3447.0,412,41.200,13.221,47.60,16.60,0.00,2,Cruise,395.6222
3448.0,412,41.200,13.221,47.60,16.60,0.00,2,Cruise,395.7075
3449.0,412,41.200,13.221,47.60,16.60,0.00,2,Cruise,395.7929
3450.0,412,41.200,13.221,47.60,16.60,0.00,2,Cruise,395.8782
3451.0,413,41.300,13.221,47.60,16.60,0.00,2,Cruise,395.9636
3452.0,413,41.300,13.221,47.60,16.60,0.00,2,Cruise,396.1120
3453.0,413,41.300,13.221,47.60,16.60,0.00,2,Cruise,396.2605
3454.0,413,41.300,13.221,47.60,16.60,0.00,2,Cruise,396.4090
3455.0,413,41.300,13.221,47.60,16.60,0.00,2,Cruise,396.5574
3456.0,413,41.300,13.221,47.60,16.60,0.00,2,Cruise,396.7059
3457.0,413,41.300,13.221,47.60,16.60,0.00,2,Cruise,396.8544
3458.0,414,41.400,13.221,47.60,16.60,0.00,1,Coast,397.0028
3459.0,414,41.400,13.137,47.29,16.60,0.00,1,Coast,397.0028
3460.0,414,41.400,13.052,46.99,16.60,0.00,1,Coast,397.0028
3461.0,414,41.400,12.968,46.68,16.60,0.00,1,Coast,397.0028
3462.0,414,41.400,12.884,46.38,16.60,0.00,2,Cruise,397.0028
3463.0,414,41.400,12.884,46.38,16.60,0.00,2,Cruise,397.1305
3464.0,414,41.400,12.884,46.38,16.60,0.00,2,Cruise,397.2582
3465.0,414,41.400,12.884,46.38,16.60,0.00,2,Cruise,397.3858
3466.0,415,41.500,12.884,46.38,16.60,0.00,2,Cruise,397.5135
3467.0,415,41.500,12.884,46.38,16.60,0.00,2,Cruise,397.6956
3468.0,415,41.500,12.884,46.38,16.60,0.00,2,Cruise,397.8777
3469.0,415,41.500,12.884,46.38,16.60,0.00,2,Cruise,398.0599
3470.0,415,41.500,12.884,46.38,16.60,0.00,2,Cruise,398.2420
3471.0,415,41.500,12.884,46.38,16.60,0.00,2,Cruise,398.4241
3472.0,415,41.500,12.884,46.38,16.60,0.00,2,Cruise,398.6062
3473.0,415,41.500,12.884,46.38,16.60,0.00,2,Cruise,398.7883
3474.0,416,41.600,12.884,46.38,16.60,0.00,2,Cruise,398.9704
3475.0,416,41.600,12.893,46.41,16.60,0.00,2,Cruise,398.9704
3476.0,416,41.600,12.902,46.45,16.60,0.00,2,Cruise,398.9704
3477.0,416,41.600,12.911,46.48,16.60,0.00,2,Cruise,398.9704
3478.0,416,41.600,12.920,46.51,16.60,0.00,2,Cruise,398.9704
3479.0,416,41.600,12.929,46.55,16.60,0.00,2,Cruise,398.9704
3480.0,416,41.600,12.939,46.58,16.60,0.00,2,Cruise,398.9704
3481.0,416,41.600,12.948,46.61,16.60,0.00,2,Cruise,398.9704
3482.0,417,41.700,12.957,46.64,16.60,0.00,2,Cruise,398.9704
3483.0,417,41.700,12.957,46.64,16.60,0.00,2,Cruise,399.0612
3484.0,417,41.700,12.957,46.64,16.60,0.00,2,Cruise,399.1519
3485.0,417,41.700,12.957,46.64,16.60,0.00,2,Cruise,399.2427
3486.0,417,41.700,12.957,46.64,16.60,0.00,2,Cruise,399.3334
3487.0,417,41.700,12.957,46.64,16.60,0.00,2,Cruise,399.4241
3488.0,417,41.700,12.957,46.64,16.60,0.00,2,Cruise,399.5149
3489.0,418,41.800,12.957,46.64,16.60,0.00,2,Cruise,399.6056
3490.0,418,41.800,12.957,46.64,16.60,0.00,2,Cruise,399.7010
3491.0,418,41.800,12.957,46.64,16.60,0.00,2,Cruise,399.7965
3492.0,418,41.800,12.957,46.64,16.60,0.00,2,Cruise,399.8919
3493.0,418,41.800,12.957,46.64,16.60,0.00,2,Cruise,399.9873
3494.0,418,41.800,12.957,46.64,16.60,0.00,2,Cruise,400.0827
3495.0,418,41.800,12.957,46.64,16.60,0.00,2,Cruise,400.1782
3496.0,418,41.800,12.957,46.64,16.60,0.00,2,Cruise,400.2736
3497.0,419,41.900,12.957,46.64,16.60,0.00,2,Cruise,400.3690
3498.0,419,41.900,12.957,46.64,16.60,0.00,2,Cruise,400.4884
3499.0,419,41.900,12.957,46.64,16.60,0.00,2,Cruise,400.6079
3500.0,419,41.900,12.957,46.64,16.60,0.00,2,Cruise,400.7273
3501.0,419,41.900,12.957,46.64,16.60,0.00,2,Cruise,400.8467
3502.0,419,41.900,12.957,46.64,16.60,0.00,2,Cruise,400.9661
3503.0,419,41.900,12.957,46.64,16.60,0.00,2,Cruise,401.0855
3504.0,419,41.900,12.957,46.64,16.60,0.00,2,Cruise,401.2049
3505.0,420,42.000,12.957,46.64,16.60,0.00,2,Cruise,401.3244
3506.0,420,42.000,12.957,46.64,16.60,0.00,2,Cruise,401.4053
3507.0,420,42.000,12.957,46.64,16.60,0.00,2,Cruise,401.4862
3508.0,420,42.000,12.957,46.64,16.60,0.00,2,Cruise,401.5672
3509.0,420,42.000,12.957,46.64,16.60,0.00,2,Cruise,401.6481
3510.0,420,42.000,12.957,46.64,16.60,0.00,2,Cruise,401.7291
3511.0,420,42.000,12.957,46.64,16.60,0.00,2,Cruise,401.8100
3512.0,421,42.100,12.957,46.64,16.60,0.00,2,Cruise,401.8910
3513.0,421,42.100,12.957,46.64,16.60,0.00,2,Cruise,401.9392
3514.0,421,42.100,12.957,46.64,16.60,0.00,2,Cruise,401.9873
3515.0,421,42.100,12.957,46.64,16.60,0.00,2,Cruise,402.0355
3516.0,421,42.100,12.957,46.64,16.60,0.00,2,Cruise,402.0837
3517.0,421,42.100,12.957,46.64,16.60,0.00,2,Cruise,402.1319
3518.0,421,42.100,12.957,46.64,16.60,0.00,2,Cruise,402.1800
3519.0,421,42.100,12.957,46.64,16.60,0.00,2,Cruise,402.2282
3520.0,422,42.200,12.957,46.64,16.60,0.00,2,Cruise,402.2764
3521.0,422,42.200,12.957,46.64,16.60,0.00,2,Cruise,402.3923
3522.0,422,42.200,12.957,46.64,16.60,0.00,2,Cruise,402.5081
3523.0,422,42.200,12.957,46.64,16.60,0.00,2,Cruise,402.6239
3524.0,422,42.200,12.957,46.64,16.60,0.00,2,Cruise,402.7398
3525.0,422,42.200,12.957,46.64,16.60,0.00,2,Cruise,402.8556
3526.0,422,42.200,12.957,46.64,16.60,0.00,2,Cruise,402.9715
3527.0,422,42.200,12.957,46.64,16.60,0.00,2,Cruise,403.0873
3528.0,423,42.300,12.957,46.64,16.60,0.00,2,Cruise,403.2032
3529.0,423,42.300,12.957,46.64,16.60,0.00,2,Cruise,403.4423
3530.0,423,42.300,12.957,46.64,16.60,0.00,2,Cruise,403.6815
3531.0,423,42.300,12.957,46.64,16.60,0.00,2,Cruise,403.9206
3532.0,423,42.300,12.957,46.64,16.60,0.00,2,Cruise,404.1598
3533.0,423,42.300,12.957,46.64,16.60,0.00,2,Cruise,404.3989
3534.0,423,42.300,12.957,46.64,16.60,0.00,2,Cruise,404.6381
3535.0,423,42.300,12.957,46.64,16.60,0.00,2,Cruise,404.8772
3536.0,424,42.400,12.957,46.64,16.60,0.00,2,Cruise,405.1164
3537.0,424,42.400,13.210,47.56,16.60,0.00,2,Cruise,405.1164
3538.0,424,42.400,13.463,48.47,16.60,0.00,2,Cruise,405.1164
3539.0,424,42.400,13.716,49.38,16.60,0.00,2,Cruise,405.1164
3540.0,424,42.400,13.968,50.29,16.60,0.00,2,Cruise,405.1164
3541.0,424,42.400,14.220,51.19,16.60,0.00,2,Cruise,405.1164
3542.0,424,42.400,14.472,52.10,16.60,0.00,2,Cruise,405.1164
3543.0,425,42.500,14.723,53.00,16.60,0.00,2,Cruise,405.1164
3544.0,425,42.500,14.723,53.00,16.60,0.00,2,Cruise,405.5901
3545.0,425,42.500,14.723,53.00,16.60,0.00,2,Cruise,406.0638
3546.0,425,42.500,14.723,53.00,16.60,0.00,2,Cruise,406.5376
3547.0,425,42.500,14.723,53.00,16.60,0.00,2,Cruise,407.0113
3548.0,425,42.500,14.723,53.00,16.60,0.00,2,Cruise,407.4850
3549.0,425,42.500,14.723,53.00,16.60,0.00,2,Cruise,407.9588
3550.0,426,42.600,14.723,53.00,16.60,0.00,2,Cruise,408.4325
3551.0,426,42.600,14.723,53.00,16.60,0.00,2,Cruise,408.6057
3552.0,426,42.600,14.723,53.00,16.60,0.00,2,Cruise,408.7790
3553.0,426,42.600,14.723,53.00,16.60,0.00,2,Cruise,408.9522
3554.0,426,42.600,14.723,53.00,16.60,0.00,2,Cruise,409.1254
3555.0,426,42.600,14.723,53.00,16.60,0.00,2,Cruise,409.2986
3556.0,427,42.700,14.723,53.00,16.60,0.00,2,Cruise,409.4718
3557.0,427,42.700,14.723,53.00,16.60,0.00,2,Cruise,409.5832
3558.0,427,42.700,14.723,53.00,16.60,0.00,2,Cruise,409.6945
3559.0,427,42.700,14.723,53.00,16.60,0.00,2,Cruise,409.8059
3560.0,427,42.700,14.723,53.00,16.60,0.00,2,Cruise,409.9172
3561.0,427,42.700,14.723,53.00,16.60,0.00,2,Cruise,410.0286
3562.0,427,42.700,14.723,53.00,16.60,0.00,2,Cruise,410.1400
3563.0,428,42.800,14.723,53.00,16.60,0.00,2,Cruise,410.2513
3564.0,428,42.800,14.723,53.00,16.60,0.00,2,Cruise,410.4084
3565.0,428,42.800,14.723,53.00,16.60,0.00,2,Cruise,410.5655
3566.0,428,42.800,14.723,53.00,16.60,0.00,2,Cruise,410.7226
3567.0,428,42.800,14.723,53.00,16.60,0.00,2,Cruise,410.8796
3568.0,428,42.800,14.723,53.00,16.60,0.00,2,Cruise,411.0367
3569.0,428,42.800,14.723,53.00,16.60,0.00,2,Cruise,411.1938
3570.0,429,42.900,14.723,53.00,16.60,0.00,2,Cruise,411.3509
3571.0,429,42.900,14.723,53.00,16.60,0.00,2,Cruise,411.5254
3572.0,429,42.900,14.723,53.00,16.60,0.00,2,Cruise,411.6999
3573.0,429,42.900,14.723,53.00,16.60,0.00,2,Cruise,411.8745
3574.0,429,42.900,14.723,53.00,16.60,0.00,2,Cruise,412.0490
3575.0,429,42.900,14.723,53.00,16.60,0.00,2,Cruise,412.2235
3576.0,429,42.900,14.723,53.00,16.60,0.00,2,Cruise,412.3980
3577.0,430,43.000,14.723,53.00,16.60,0.00,2,Cruise,412.5726
3578.0,430,43.000,14.723,53.00,16.60,0.00,2,Cruise,412.7391
3579.0,430,43.000,14.723,53.00,16.60,0.00,2,Cruise,412.9055
3580.0,430,43.000,14.723,53.00,16.60,0.00,2,Cruise,413.0720
3581.0,430,43.000,14.723,53.00,16.60,0.00,2,Cruise,413.2385
3582.0,430,43.000,14.723,53.00,16.60,0.00,2,Cruise,413.4050
3583.0,430,43.000,14.723,53.00,16.60,0.00,2,Cruise,413.5715
3584.0,431,43.100,14.723,53.00,16.60,0.00,1,Coast,413.7380
3585.0,431,43.100,14.664,52.79,16.60,0.00,1,Coast,413.7380
3586.0,431,43.100,14.604,52.57,16.60,0.00,1,Coast,413.7380
3587.0,431,43.100,14.544,52.36,16.60,0.00,1,Coast,413.7380
3588.0,431,43.100,14.484,52.14,16.60,0.00,1,Coast,413.7380
3589.0,431,43.100,14.425,51.93,16.60,0.00,1,Coast,413.7380
3590.0,431,43.100,14.365,51.71,16.60,0.00,1,Coast,413.7380
3591.0,432,43.200,14.306,51.50,16.60,0.00,1,Coast,413.7380
3592.0,432,43.200,14.244,51.28,16.60,0.00,1,Coast,413.7380
3593.0,432,43.200,14.182,51.06,16.60,0.00,1,Coast,413.7380
3594.0,432,43.200,14.121,50.84,16.60,0.00,1,Coast,413.7380
3595.0,432,43.200,14.060,50.61,16.60,0.00,1,Coast,413.7380
3596.0,432,43.200,13.998,50.39,16.60,0.00,1,Coast,413.7380
3597.0,432,43.200,13.937,50.17,16.60,0.00,1,Coast,413.7380
3598.0,433,43.300,13.876,49.95,22.20,0.00,1,Coast,413.7380
3599.0,433,43.300,13.833,49.80,22.20,0.00,1,Coast,413.7380
3600.0,433,43.300,13.790,49.65,22.20,0.00,1,Coast,413.7380
3601.0,433,43.300,13.748,49.49,22.20,0.00,1,Coast,413.7380
3602.0,433,43.300,13.705,49.34,22.20,0.00,1,Coast,413.7380
3603.0,433,43.300,13.663,49.19,22.20,0.00,1,Coast,413.7380
3604.0,433,43.300,13.621,49.03,22.20,0.00,1,Coast,413.7380
3605.0,434,43.400,13.578,48.88,1.00,0.00,1,Coast,413.7380
3606.0,434,43.400,13.493,48.57,1.00,0.00,1,Coast,413.7380
3607.0,434,43.400,13.407,48.27,1.00,0.00,1,Coast,413.7380
3608.0,434,43.400,13.322,47.96,1.00,0.00,1,Coast,413.7380
3609.0,434,43.400,13.237,47.65,1.00,0.00,1,Coast,413.7380
3610.0,434,43.400,13.152,47.35,1.00,0.00,1,Coast,413.7380
3611.0,434,43.400,13.067,47.04,1.00,0.00,1,Coast,413.7380
3612.0,435,43.500,12.982,46.73,22.20,0.00,2,Cruise,413.7380
3613.0,435,43.500,13.034,46.92,22.20,0.00,2,Cruise,413.7380
3614.0,435,43.500,13.087,47.11,22.20,0.00,2,Cruise,413.7380
3615.0,435,43.500,13.139,47.30,22.20,0.00,2,Cruise,413.7380
3616.0,435,43.500,13.192,47.49,22.20,0.00,2,Cruise,413.7380
3617.0,435,43.500,13.244,47.68,22.20,0.00,2,Cruise,413.7380
3618.0,435,43.500,13.296,47.87,22.20,0.00,2,Cruise,413.7380
3619.0,435,43.500,13.349,48.05,22.20,0.00,2,Cruise,413.7380
3620.0,436,43.600,13.401,48.24,22.20,0.00,2,Cruise,413.7380
3621.0,436,43.600,13.416,48.30,22.20,0.00,2,Cruise,413.7380
3622.0,436,43.600,13.431,48.35,22.20,0.00,2,Cruise,413.7380
3623.0,436,43.600,13.446,48.41,22.20,0.00,2,Cruise,413.7380
3624.0,436,43.600,13.462,48.46,22.20,0.00,2,Cruise,413.7380
3625.0,436,43.600,13.477,48.52,22.20,0.00,2,Cruise,413.7380
3626.0,436,43.600,13.492,48.57,22.20,0.00,2,Cruise,413.7380
3627.0,437,43.700,13.507,48.63,22.20,0.00,2,Cruise,413.7380
3628.0,437,43.700,13.623,49.04,22.20,0.00,2,Cruise,413.7380
3629.0,437,43.700,13.738,49.46,22.20,0.00,2,Cruise,413.7380
3630.0,437,43.700,13.853,49.87,22.20,0.00,2,Cruise,413.7380
3631.0,437,43.700,13.969,50.29,22.20,0.00,2,Cruise,413.7380
3632.0,437,43.700,14.084,50.70,22.20,0.00,2,Cruise,413.7380
3633.0,437,43.700,14.199,51.12,22.20,0.00,2,Cruise,413.7380
3634.0,437,43.700,14.313,51.53,22.20,0.00,2,Cruise,413.7380
3635.0,438,43.800,14.428,51.94,22.20,0.00,1,Coast,413.7380
3636.0,438,43.800,14.252,51.31,22.20,0.00,1,Coast,413.7380
3637.0,438,43.800,14.076,50.67,22.20,0.00,1,Coast,413.7380
3638.0,438,43.800,13.900,50.04,22.20,0.00,1,Coast,413.7380
3639.0,438,43.800,13.724,49.41,22.20,0.00,1,Coast,413.7380
3640.0,438,43.800,13.549,48.78,22.20,0.00,1,Coast,413.7380
3641.0,438,43.800,13.374,48.15,22.20,0.00,1,Coast,413.7380
3642.0,439,43.900,13.199,47.52,22.20,0.00,3,Power,413.7380
3643.0,439,43.900,13.532,48.71,22.20,0.00,3,Power,414.6814
3644.0,439,43.900,13.864,49.91,22.20,0.00,3,Power,415.6483
3645.0,439,43.900,14.196,51.11,22.20,0.00,3,Power,416.6387
3646.0,439,43.900,14.528,52.30,22.20,0.00,1,Coast,417.6525
3647.0,439,43.900,14.259,51.33,22.20,0.00,3,Power,417.6525
3648.0,439,43.900,14.591,52.53,22.20,0.00,1,Coast,418.6707
3649.0,440,44.000,14.322,51.56,22.20,0.00,2,Cruise,418.6707
3650.0,440,44.000,14.322,51.56,22.20,0.00,2,Cruise,418.8796
3651.0,440,44.000,14.322,51.56,22.20,0.00,2,Cruise,419.0884
3652.0,440,44.000,14.322,51.56,22.20,0.00,2,Cruise,419.2972
3653.0,440,44.000,14.322,51.56,22.20,0.00,2,Cruise,419.5060
3654.0,440,44.000,14.322,51.56,22.20,0.00,2,Cruise,419.7148
3655.0,440,44.000,14.322,51.56,22.20,0.00,2,Cruise,419.9236
3656.0,441,44.100,14.322,51.56,22.20,0.00,2,Cruise,420.1324
3657.0,441,44.100,14.322,51.56,22.20,0.00,2,Cruise,420.1977
3658.0,441,44.100,14.322,51.56,22.20,0.00,2,Cruise,420.2629
3659.0,441,44.100,14.322,51.56,22.20,0.00,2,Cruise,420.3281
3660.0,441,44.100,14.322,51.56,22.20,0.00,2,Cruise,420.3934
3661.0,441,44.100,14.322,51.56,22.20,0.00,2,Cruise,420.4586
3662.0,441,44.100,14.322,51.56,22.20,0.00,2,Cruise,420.5239
3663.0,442,44.200,14.322,51.56,22.20,0.00,2,Cruise,420.5891
3664.0,442,44.200,14.641,52.71,22.20,0.00,2,Cruise,420.5891
3665.0,442,44.200,14.959,53.85,22.20,0.00,2,Cruise,420.5891
3666.0,442,44.200,15.277,55.00,22.20,0.00,2,Cruise,420.5891
3667.0,442,44.200,15.594,56.14,22.20,0.00,2,Cruise,420.5891
3668.0,442,44.200,15.911,57.28,22.20,0.00,2,Cruise,420.5891
3669.0,443,44.300,16.227,58.42,22.20,0.00,3,Power,420.5891
3670.0,443,44.300,16.406,59.06,22.20,0.00,3,Power,421.6058
3671.0,443,44.300,16.579,59.68,22.20,0.00,3,Power,422.6222
3672.0,443,44.300,16.745,60.28,22.20,0.00,3,Power,423.6384
3673.0,443,44.300,16.907,60.86,22.20,0.00,3,Power,424.6544
3674.0,443,44.300,17.063,61.43,22.20,0.00,3,Power,425.6702
3675.0,444,44.400,17.215,61.97,22.20,0.00,1,Coast,426.6858
3676.0,444,44.400,17.007,61.22,22.20,0.00,1,Coast,426.6858
3677.0,444,44.400,16.800,60.48,22.20,0.00,1,Coast,426.6858
3678.0,444,44.400,16.592,59.73,22.20,0.00,1,Coast,426.6858
3679.0,444,44.400,16.386,58.99,22.20,0.00,1,Coast,426.6858
3680.0,444,44.400,16.179,58.24,22.20,0.00,1,Coast,426.6858
3681.0,445,44.500,15.973,57.50,22.20,0.00,1,Coast,426.6858
3682.0,445,44.500,15.863,57.11,22.20,0.00,1,Coast,426.6858
3683.0,445,44.500,15.754,56.72,22.20,0.00,1,Coast,426.6858
3684.0,445,44.500,15.645,56.32,22.20,0.00,1,Coast,426.6858
3685.0,445,44.500,15.536,55.93,22.20,0.00,1,Coast,426.6858
3686.0,445,44.500,15.428,55.54,22.20,0.00,1,Coast,426.6858
3687.0,445,44.500,15.319,55.15,22.20,0.00,1,Coast,426.6858
3688.0,446,44.600,15.210,54.76,22.20,0.00,1,Coast,426.6858
3689.0,446,44.600,15.156,54.56,22.20,0.00,1,Coast,426.6858
3690.0,446,44.600,15.101,54.36,22.20,0.00,1,Coast,426.6858
3691.0,446,44.600,15.047,54.17,22.20,0.00,1,Coast,426.6858
3692.0,446,44.600,14.992,53.97,22.20,0.00,1,Coast,426.6858
3693.0,446,44.600,14.938,53.78,22.20,0.00,1,Coast,426.6858
3694.0,447,44.700,14.884,53.58,22.20,0.00,2,Cruise,426.6858
3695.0,447,44.700,14.884,53.58,22.20,0.00,2,Cruise,426.8234
3696.0,447,44.700,14.884,53.58,22.20,0.00,2,Cruise,426.9611
3697.0,447,44.700,14.884,53.58,22.20,0.00,2,Cruise,427.0987
3698.0,447,44.700,14.884,53.58,22.20,0.00,2,Cruise,427.2364
3699.0,447,44.700,14.884,53.58,22.20,0.00,2,Cruise,427.3740
3700.0,447,44.700,14.884,53.58,22.20,0.00,2,Cruise,427.5117
3701.0,448,44.800,14.884,53.58,22.20,0.00,2,Cruise,427.6493
3702.0,448,44.800,14.884,53.58,22.20,0.00,2,Cruise,427.8128
3703.0,448,44.800,14.884,53.58,22.20,0.00,2,Cruise,427.9762
3704.0,448,44.800,14.884,53.58,22.20,0.00,2,Cruise,428.1397
3705.0,448,44.800,14.884,53.58,22.20,0.00,2,Cruise,428.3031
3706.0,448,44.800,14.884,53.58,22.20,0.00,2,Cruise,428.4665
3707.0,448,44.800,14.884,53.58,22.20,0.00,2,Cruise,428.6300
3708.0,449,44.900,14.884,53.58,22.20,0.00,2,Cruise,428.7934
3709.0,449,44.900,14.884,53.58,22.20,0.00,2,Cruise,428.9665
3710.0,449,44.900,14.884,53.58,22.20,0.00,2,Cruise,429.1396
3711.0,449,44.900,14.884,53.58,22.20,0.00,2,Cruise,429.3127
3712.0,449,44.900,14.884,53.58,22.20,0.00,2,Cruise,429.4858
3713.0,449,44.900,14.884,53.58,22.20,0.00,2,Cruise,429.6589
3714.0,449,44.900,14.884,53.58,22.20,0.00,2,Cruise,429.8320
3715.0,450,45.000,14.884,53.58,22.20,0.00,2,Cruise,430.0051
3716.0,450,45.000,14.884,53.58,22.20,0.00,2,Cruise,430.1669
3717.0,450,45.000,14.884,53.58,22.20,0.00,2,Cruise,430.3288
3718.0,450,45.000,14.884,53.58,22.20,0.00,2,Cruise,430.4907
3719.0,450,45.000,14.884,53.58,22.20,0.00,2,Cruise,430.6526
3720.0,450,45.000,14.884,53.58,22.20,0.00,2,Cruise,430.8145
3721.0,451,45.100,14.884,53.58,22.20,0.00,2,Cruise,430.9764
3722.0,451,45.100,14.884,53.58,22.20,0.00,2,Cruise,431.1263
3723.0,451,45.100,14.884,53.58,22.20,0.00,2,Cruise,431.2761
3724.0,451,45.100,14.884,53.58,22.20,0.00,2,Cruise,431.4260
3725.0,451,45.100,14.884,53.58,22.20,0.00,2,Cruise,431.5759
3726.0,451,45.100,14.884,53.58,22.20,0.00,2,Cruise,431.7257
3727.0,451,45.100,14.884,53.58,22.20,0.00,2,Cruise,431.8756
3728.0,452,45.200,14.884,53.58,22.20,0.00,2,Cruise,432.0255
3729.0,452,45.200,14.884,53.58,22.20,0.00,2,Cruise,432.1921
3730.0,452,45.200,14.884,53.58,22.20,0.00,2,Cruise,432.3588
3731.0,452,45.200,14.884,53.58,22.20,0.00,2,Cruise,432.5254
3732.0,452,45.200,14.884,53.58,22.20,0.00,2,Cruise,432.6921
3733.0,452,45.200,14.884,53.58,22.20,0.00,2,Cruise,432.8587
3734.0,452,45.200,14.884,53.58,22.20,0.00,2,Cruise,433.0254
3735.0,453,45.300,14.884,53.58,22.20,0.00,1,Coast,433.1920
3736.0,453,45.300,14.764,53.15,22.20,0.00,1,Coast,433.1920
3737.0,453,45.300,14.644,52.72,22.20,0.00,1,Coast,433.1920
3738.0,453,45.300,14.524,52.29,22.20,0.00,1,Coast,433.1920
3739.0,453,45.300,14.405,51.86,22.20,0.00,1,Coast,433.1920
3740.0,453,45.300,14.286,51.43,22.20,0.00,1,Coast,433.1920
3741.0,453,45.300,14.167,51.00,22.20,0.00,2,Cruise,433.1920
3742.0,454,45.400,14.167,51.00,22.20,0.00,2,Cruise,433.3904
3743.0,454,45.400,14.167,51.00,22.20,0.00,2,Cruise,433.5579
3744.0,454,45.400,14.167,51.00,22.20,0.00,2,Cruise,433.7254
3745.0,454,45.400,14.167,51.00,22.20,0.00,2,Cruise,433.8929
3746.0,454,45.400,14.167,51.00,22.20,0.00,2,Cruise,434.0604
3747.0,454,45.400,14.167,51.00,22.20,0.00,2,Cruise,434.2279
3748.0,454,45.400,14.167,51.00,22.20,0.00,2,Cruise,434.3954
3749.0,455,45.500,14.167,51.00,22.20,0.00,1,Coast,434.5629
3750.0,455,45.500,14.019,50.47,22.20,0.00,1,Coast,434.5629
3751.0,455,45.500,13.871,49.94,22.20,0.00,3,Power,434.5629
3752.0,455,45.500,14.324,51.57,22.20,0.00,1,Coast,435.5580
3753.0,455,45.500,14.176,51.04,22.20,0.00,1,Coast,435.5580
3754.0,455,45.500,14.029,50.50,22.20,0.00,1,Coast,435.5580
3755.0,455,45.500,13.881,49.97,22.20,0.00,3,Power,435.5580
3756.0,456,45.600,14.334,51.60,22.20,0.00,2,Cruise,436.5539
3757.0,456,45.600,14.334,51.60,22.20,0.00,2,Cruise,436.6141
3758.0,456,45.600,14.334,51.60,22.20,0.00,2,Cruise,436.6743
3759.0,456,45.600,14.334,51.60,22.20,0.00,2,Cruise,436.7345
3760.0,456,45.600,14.334,51.60,22.20,0.00,2,Cruise,436.7946
3761.0,456,45.600,14.334,51.60,22.20,0.00,2,Cruise,436.8548
3762.0,456,45.600,14.334,51.60,22.20,0.00,2,Cruise,436.9150
3763.0,457,45.700,14.334,51.60,22.20,0.00,2,Cruise,436.9752
3764.0,457,45.700,14.334,51.60,22.20,0.00,2,Cruise,437.0163
3765.0,457,45.700,14.334,51.60,22.20,0.00,2,Cruise,437.0574
3766.0,457,45.700,14.334,51.60,22.20,0.00,2,Cruise,437.0985
3767.0,457,45.700,14.334,51.60,22.20,0.00,2,Cruise,437.1396
3768.0,457,45.700,14.334,51.60,22.20,0.00,2,Cruise,437.1808
3769.0,457,45.700,14.334,51.60,22.20,0.00,2,Cruise,437.2219
3770.0,458,45.800,14.334,51.60,22.20,0.00,2,Cruise,437.2630
3771.0,458,45.800,14.334,51.60,22.20,0.00,2,Cruise,437.4615
3772.0,458,45.800,14.334,51.60,22.20,0.00,2,Cruise,437.6600
3773.0,458,45.800,14.334,51.60,22.20,0.00,2,Cruise,437.8585
3774.0,458,45.800,14.334,51.60,22.20,0.00,2,Cruise,438.0570
3775.0,458,45.800,14.334,51.60,22.20,0.00,2,Cruise,438.2555
3776.0,458,45.800,14.334,51.60,22.20,0.00,2,Cruise,438.4540
3777.0,459,45.900,14.334,51.60,22.20,0.00,2,Cruise,438.6525
3778.0,459,45.900,14.334,51.60,22.20,0.00,2,Cruise,438.8221
3779.0,459,45.900,14.334,51.60,22.20,0.00,2,Cruise,438.9918
3780.0,459,45.900,14.334,51.60,22.20,0.00,2,Cruise,439.1614
3781.0,459,45.900,14.334,51.60,22.20,0.00,2,Cruise,439.3311
3782.0,459,45.900,14.334,51.60,22.20,0.00,2,Cruise,439.5007
3783.0,459,45.900,14.334,51.60,22.20,0.00,2,Cruise,439.6703
3784.0,460,46.000,14.334,51.60,22.20,0.00,2,Cruise,439.8400
3785.0,460,46.000,14.334,51.60,22.20,0.00,2,Cruise,440.0192
3786.0,460,46.000,14.334,51.60,22.20,0.00,2,Cruise,440.1984
3787.0,460,46.000,14.334,51.60,22.20,0.00,2,Cruise,440.3776
3788.0,460,46.000,14.334,51.60,22.20,0.00,2,Cruise,440.5568
3789.0,460,46.000,14.334,51.60,22.20,0.00,2,Cruise,440.7360
3790.0,460,46.000,14.334,51.60,22.20,0.00,2,Cruise,440.9152
3791.0,461,46.100,14.334,51.60,22.20,0.00,2,Cruise,441.0944
3792.0,461,46.100,14.334,51.60,22.20,0.00,2,Cruise,441.3004
3793.0,461,46.100,14.334,51.60,22.20,0.00,2,Cruise,441.5064
3794.0,461,46.100,14.334,51.60,22.20,0.00,2,Cruise,441.7124
3795.0,461,46.100,14.334,51.60,22.20,0.00,2,Cruise,441.9184
3796.0,461,46.100,14.334,51.60,22.20,0.00,2,Cruise,442.1244
3797.0,461,46.100,14.334,51.60,22.20,0.00,2,Cruise,442.3304
3798.0,462,46.200,14.334,51.60,22.20,0.00,2,Cruise,442.5364
3799.0,462,46.200,14.334,51.60,22.20,0.00,2,Cruise,442.7656
3800.0,462,46.200,14.334,51.60,22.20,0.00,2,Cruise,442.9949
3801.0,462,46.200,14.334,51.60,22.20,0.00,2,Cruise,443.2241
3802.0,462,46.200,14.334,51.60,22.20,0.00,2,Cruise,443.4534
3803.0,462,46.200,14.334,51.60,22.20,0.00,2,Cruise,443.6827
3804.0,462,46.200,14.334,51.60,22.20,0.00,2,Cruise,443.9119
3805.0,463,46.300,14.334,51.60,22.20,0.00,2,Cruise,444.1412
3806.0,463,46.300,14.334,51.60,22.20,0.00,2,Cruise,444.2507
3807.0,463,46.300,14.334,51.60,22.20,0.00,2,Cruise,444.3601
3808.0,463,46.300,14.334,51.60,22.20,0.00,2,Cruise,444.4696
3809.0,463,46.300,14.334,51.60,22.20,0.00,2,Cruise,444.5790
3810.0,463,46.300,14.334,51.60,22.20,0.00,2,Cruise,444.6885
3811.0,463,46.300,14.334,51.60,22.20,0.00,2,Cruise,444.7979
3812.0,464,46.400,14.334,51.60,22.20,0.00,2,Cruise,444.9074
3813.0,464,46.400,14.334,51.60,22.20,0.00,2,Cruise,445.0237
3814.0,464,46.400,14.334,51.60,22.20,0.00,2,Cruise,445.1400
3815.0,464,46.400,14.334,51.60,22.20,0.00,2,Cruise,445.2563
3816.0,464,46.400,14.334,51.60,22.20,0.00,2,Cruise,445.3726
3817.0,464,46.400,14.334,51.60,22.20,0.00,2,Cruise,445.4889
3818.0,464,46.400,14.334,51.60,22.20,0.00,2,Cruise,445.6052
3819.0,465,46.500,14.334,51.60,22.20,0.00,2,Cruise,445.7216
3820.0,465,46.500,14.334,51.60,22.20,0.00,2,Cruise,445.9292
3821.0,465,46.500,14.334,51.60,22.20,0.00,2,Cruise,446.1369
3822.0,465,46.500,14.334,51.60,22.20,0.00,2,Cruise,446.3445
3823.0,465,46.500,14.334,51.60,22.20,0.00,2,Cruise,446.5522
3824.0,465,46.500,14.334,51.60,22.20,0.00,2,Cruise,446.7599
3825.0,465,46.500,14.334,51.60,22.20,0.00,2,Cruise,446.9675
3826.0,466,46.600,14.334,51.60,22.20,0.00,2,Cruise,447.1752
3827.0,466,46.600,14.334,51.60,22.20,0.00,2,Cruise,447.3394
3828.0,466,46.600,14.334,51.60,22.20,0.00,2,Cruise,447.5036
3829.0,466,46.600,14.334,51.60,22.20,0.00,2,Cruise,447.6679
3830.0,466,46.600,14.334,51.60,22.20,0.00,2,Cruise,447.8321
3831.0,466,46.600,14.334,51.60,22.20,0.00,2,Cruise,447.9963
3832.0,466,46.600,14.334,51.60,22.20,0.00,2,Cruise,448.1606
3833.0,467,46.700,14.334,51.60,22.20,0.00,2,Cruise,448.3248
3834.0,467,46.700,14.334,51.60,22.20,0.00,2,Cruise,448.4741
3835.0,467,46.700,14.334,51.60,22.20,0.00,2,Cruise,448.6235
3836.0,467,46.700,14.334,51.60,22.20,0.00,2,Cruise,448.7728
3837.0,467,46.700,14.334,51.60,22.20,0.00,2,Cruise,448.9221
3838.0,467,46.700,14.334,51.60,22.20,0.00,2,Cruise,449.0714
3839.0,467,46.700,14.334,51.60,22.20,0.00,2,Cruise,449.2208
3840.0,468,46.800,14.334,51.60,22.20,0.00,2,Cruise,449.3701
3841.0,468,46.800,14.334,51.60,22.20,0.00,2,Cruise,449.5401
3842.0,468,46.800,14.334,51.60,22.20,0.00,2,Cruise,449.7101
3843.0,468,46.800,14.334,51.60,22.20,0.00,2,Cruise,449.8801
3844.0,468,46.800,14.334,51.60,22.20,0.00,2,Cruise,450.0502
3845.0,468,46.800,14.334,51.60,22.20,0.00,2,Cruise,450.2202
3846.0,468,46.800,14.334,51.60,22.20,0.00,2,Cruise,450.3902
3847.0,469,46.900,14.334,51.60,22.20,0.00,2,Cruise,450.5602
3848.0,469,46.900,14.334,51.60,22.20,0.00,2,Cruise,450.7608
3849.0,469,46.900,14.334,51.60,22.20,0.00,2,Cruise,450.9613
3850.0,469,46.900,14.334,51.60,22.20,0.00,2,Cruise,451.1619
3851.0,469,46.900,14.334,51.60,22.20,0.00,2,Cruise,451.3625
3852.0,469,46.900,14.334,51.60,22.20,0.00,2,Cruise,451.5631
3853.0,469,46.900,14.334,51.60,22.20,0.00,2,Cruise,451.7636
3854.0,470,47.000,14.334,51.60,22.20,0.00,2,Cruise,451.9642
3855.0,470,47.000,14.334,51.60,22.20,0.00,2,Cruise,452.1694
3856.0,470,47.000,14.334,51.60,22.20,0.00,2,Cruise,452.3746
3857.0,470,47.000,14.334,51.60,22.20,0.00,2,Cruise,452.5798
3858.0,470,47.000,14.334,51.60,22.20,0.00,2,Cruise,452.7851
3859.0,470,47.000,14.334,51.60,22.20,0.00,2,Cruise,452.9903
3860.0,471,47.100,14.334,51.60,22.20,0.00,2,Cruise,453.1955
3861.0,471,47.100,14.334,51.60,22.20,0.00,2,Cruise,453.3545
3862.0,471,47.100,14.334,51.60,22.20,0.00,2,Cruise,453.5136
3863.0,471,47.100,14.334,51.60,22.20,0.00,2,Cruise,453.6727
3864.0,471,47.100,14.334,51.60,22.20,0.00,2,Cruise,453.8317
3865.0,471,47.100,14.334,51.60,22.20,0.00,2,Cruise,453.9908
3866.0,471,47.100,14.334,51.60,22.20,0.00,2,Cruise,454.1499
3867.0,472,47.200,14.334,51.60,22.20,0.00,2,Cruise,454.3089
3868.0,472,47.200,14.334,51.60,22.20,0.00,2,Cruise,454.5614
3869.0,472,47.200,14.334,51.60,22.20,0.00,2,Cruise,454.8139
3870.0,472,47.200,14.334,51.60,22.20,0.00,2,Cruise,455.0664
3871.0,472,47.200,14.334,51.60,22.20,0.00,2,Cruise,455.3190
3872.0,472,47.200,14.334,51.60,22.20,0.00,2,Cruise,455.5715
3873.0,472,47.200,14.334,51.60,22.20,0.00,2,Cruise,455.8240
3874.0,473,47.300,14.334,51.60,22.20,0.00,2,Cruise,456.0765
3875.0,473,47.300,14.334,51.60,22.20,0.00,2,Cruise,456.1554
3876.0,473,47.300,14.334,51.60,22.20,0.00,2,Cruise,456.2343
3877.0,473,47.300,14.334,51.60,22.20,0.00,2,Cruise,456.3131
3878.0,473,47.300,14.334,51.60,22.20,0.00,2,Cruise,456.3920
3879.0,473,47.300,14.334,51.60,22.20,0.00,2,Cruise,456.4709
3880.0,473,47.300,14.334,51.60,22.20,0.00,2,Cruise,456.5498
3881.0,474,47.400,14.334,51.60,22.20,0.00,1,Coast,456.6287
3882.0,474,47.400,14.284,51.42,22.20,0.00,1,Coast,456.6287
3883.0,474,47.400,14.234,51.24,22.20,0.00,1,Coast,456.6287
3884.0,474,47.400,14.184,51.06,22.20,0.00,1,Coast,456.6287
3885.0,474,47.400,14.134,50.88,22.20,0.00,1,Coast,456.6287
3886.0,474,47.400,14.084,50.70,22.20,0.00,1,Coast,456.6287
3887.0,474,47.400,14.034,50.52,22.20,0.00,1,Coast,456.6287
3888.0,475,47.500,13.985,50.35,22.20,0.00,2,Cruise,456.6287
3889.0,475,47.500,13.985,50.35,22.20,0.00,2,Cruise,456.7926
3890.0,475,47.500,13.985,50.35,22.20,0.00,2,Cruise,456.9565
3891.0,475,47.500,13.985,50.35,22.20,0.00,2,Cruise,457.1203
3892.0,475,47.500,13.985,50.35,22.20,0.00,2,Cruise,457.2842
3893.0,475,47.500,13.985,50.35,22.20,0.00,2,Cruise,457.4481
3894.0,475,47.500,13.985,50.35,22.20,0.00,2,Cruise,457.6120
3895.0,475,47.500,13.985,50.35,22.20,0.00,2,Cruise,457.7758
3896.0,476,47.600,13.985,50.35,22.20,0.00,1,Coast,457.9397
3897.0,476,47.600,13.875,49.95,22.20,0.00,1,Coast,457.9397
3898.0,476,47.600,13.765,49.56,22.20,0.00,1,Coast,457.9397
3899.0,476,47.600,13.656,49.16,22.20,0.00,1,Coast,457.9397
3900.0,476,47.600,13.547,48.77,22.20,0.00,1,Coast,457.9397
3901.0,476,47.600,13.437,48.37,22.20,0.00,2,Cruise,457.9397
3902.0,476,47.600,13.437,48.37,22.20,0.00,2,Cruise,458.1122
3903.0,477,47.700,13.437,48.37,22.20,0.00,1,Coast,458.2847
3904.0,477,47.700,13.317,47.94,22.20,0.00,1,Coast,458.2847
3905.0,477,47.700,13.197,47.51,22.20,0.00,1,Coast,458.2847
3906.0,477,47.700,13.076,47.08,22.20,0.00,1,Coast,458.2847
3907.0,477,47.700,12.956,46.64,22.20,0.00,1,Coast,458.2847
3908.0,477,47.700,12.836,46.21,22.20,0.00,1,Coast,458.2847
3909.0,477,47.700,12.717,45.78,22.20,0.00,1,Coast,458.2847
3910.0,477,47.700,12.597,45.35,22.20,0.00,1,Coast,458.2847
3911.0,478,47.800,12.478,44.92,22.20,0.00,2,Cruise,458.2847
3912.0,478,47.800,12.564,45.23,22.20,0.00,2,Cruise,458.2847
3913.0,478,47.800,12.651,45.54,22.20,0.00,2,Cruise,458.2847
3914.0,478,47.800,12.738,45.86,22.20,0.00,2,Cruise,458.2847
3915.0,478,47.800,12.824,46.17,22.20,0.00,2,Cruise,458.2847
3916.0,478,47.800,12.910,46.48,22.20,0.00,2,Cruise,458.2847
3917.0,478,47.800,12.997,46.79,22.20,0.00,1,Coast,458.2847
3918.0,479,47.900,13.083,47.10,22.20,0.00,1,Coast,458.2847
3919.0,479,47.900,12.866,46.32,22.20,0.00,1,Coast,458.2847
3920.0,479,47.900,12.649,45.54,22.20,0.00,1,Coast,458.2847
3921.0,479,47.900,12.433,44.76,22.20,0.00,1,Coast,458.2847
3922.0,479,47.900,12.216,43.98,22.20,0.00,3,Power,458.2847
3923.0,479,47.900,12.600,45.36,22.20,0.00,1,Coast,459.1606
3924.0,479,47.900,12.384,44.58,22.20,0.00,1,Coast,459.1606
3925.0,479,47.900,12.168,43.80,22.20,0.00,3,Power,459.1606
3926.0,480,48.000,12.551,45.19,22.20,0.00,1,Coast,460.0330
3927.0,480,48.000,12.570,45.25,22.20,0.00,1,Coast,460.0330
3928.0,480,48.000,12.589,45.32,22.20,0.00,1,Coast,460.0330
3929.0,480,48.000,12.607,45.39,22.20,0.00,1,Coast,460.0330
3930.0,480,48.000,12.626,45.45,22.20,0.00,1,Coast,460.0330
3931.0,480,48.000,12.644,45.52,22.20,0.00,1,Coast,460.0330
3932.0,480,48.000,12.663,45.59,22.20,0.00,1,Coast,460.0330
3933.0,480,48.000,12.681,45.65,22.20,0.00,1,Coast,460.0330
3934.0,481,48.100,12.699,45.72,22.20,0.00,2,Cruise,460.0330
3935.0,481,48.100,12.717,45.78,22.20,0.00,2,Cruise,460.0330
3936.0,481,48.100,12.735,45.84,22.20,0.00,2,Cruise,460.0330
3937.0,481,48.100,12.752,45.91,22.20,0.00,2,Cruise,460.0330
3938.0,481,48.100,12.770,45.97,22.20,0.00,2,Cruise,460.0330
3939.0,481,48.100,12.787,46.03,22.20,0.00,2,Cruise,460.0330
3940.0,481,48.100,12.805,46.10,22.20,0.00,2,Cruise,460.0330
3941.0,481,48.100,12.822,46.16,22.20,0.00,2,Cruise,460.0330
3942.0,482,48.200,12.840,46.22,22.20,0.00,2,Cruise,460.0330
3943.0,482,48.200,12.840,46.22,22.20,0.00,2,Cruise,460.1327
3944.0,482,48.200,12.840,46.22,22.20,0.00,2,Cruise,460.2325
3945.0,482,48.200,12.840,46.22,22.20,0.00,2,Cruise,460.3322
3946.0,482,48.200,12.840,46.22,22.20,0.00,2,Cruise,460.4319
3947.0,482,48.200,12.840,46.22,22.20,0.00,2,Cruise,460.5317
3948.0,482,48.200,12.840,46.22,22.20,0.00,2,Cruise,460.6314
3949.0,482,48.200,12.840,46.22,22.20,0.00,2,Cruise,460.7311
3950.0,483,48.300,12.840,46.22,22.20,0.00,2,Cruise,460.8308
3951.0,483,48.300,12.840,46.22,22.20,0.00,2,Cruise,460.9261
3952.0,483,48.300,12.840,46.22,22.20,0.00,2,Cruise,461.0213
3953.0,483,48.300,12.840,46.22,22.20,0.00,2,Cruise,461.1166
3954.0,483,48.300,12.840,46.22,22.20,0.00,2,Cruise,461.2118
3955.0,483,48.300,12.840,46.22,22.20,0.00,2,Cruise,461.3070
3956.0,483,48.300,12.840,46.22,22.20,0.00,2,Cruise,461.4023
3957.0,483,48.300,12.840,46.22,22.20,0.00,2,Cruise,461.4975
3958.0,484,48.400,12.840,46.22,22.20,0.00,1,Coast,461.5928
3959.0,484,48.400,12.723,45.80,22.20,0.00,1,Coast,461.5928
3960.0,484,48.400,12.605,45.38,22.20,0.00,1,Coast,461.5928
3961.0,484,48.400,12.488,44.96,22.20,0.00,1,Coast,461.5928
3962.0,484,48.400,12.371,44.54,22.20,0.00,1,Coast,461.5928
3963.0,484,48.400,12.254,44.12,22.20,0.00,3,Power,461.5928
3964.0,484,48.400,12.738,45.86,22.20,0.00,1,Coast,462.4749
3965.0,484,48.400,12.620,45.43,22.20,0.00,1,Coast,462.4749
3966.0,485,48.500,12.503,45.01,22.20,0.00,1,Coast,462.4749
3967.0,485,48.500,12.412,44.68,22.20,0.00,1,Coast,462.4749
3968.0,485,48.500,12.321,44.35,22.20,0.00,1,Coast,462.4749
3969.0,485,48.500,12.230,44.03,22.20,0.00,1,Coast,462.4749
3970.0,485,48.500,12.138,43.70,22.20,0.00,1,Coast,462.4749
3971.0,485,48.500,12.047,43.37,22.20,0.00,1,Coast,462.4749
3972.0,485,48.500,11.957,43.04,22.20,0.00,1,Coast,462.4749
3973.0,485,48.500,11.866,42.72,22.20,0.00,1,Coast,462.4749
3974.0,486,48.600,11.775,42.39,22.20,0.00,1,Coast,462.4749
3975.0,486,48.600,11.719,42.19,22.20,0.00,1,Coast,462.4749
3976.0,486,48.600,11.663,41.99,22.20,0.00,1,Coast,462.4749
3977.0,486,48.600,11.607,41.79,22.20,0.00,1,Coast,462.4749
3978.0,486,48.600,11.551,41.58,22.20,0.00,1,Coast,462.4749
3979.0,486,48.600,11.496,41.38,22.20,0.00,1,Coast,462.4749
3980.0,486,48.600,11.440,41.18,22.20,0.00,1,Coast,462.4749
3981.0,486,48.600,11.384,40.98,22.20,0.00,1,Coast,462.4749
3982.0,486,48.600,11.329,40.78,22.20,0.00,2,Cruise,462.4749
3983.0,487,48.700,11.329,40.78,22.20,0.00,1,Coast,462.5489
3984.0,487,48.700,11.281,40.61,22.20,0.00,1,Coast,462.5489
3985.0,487,48.700,11.233,40.44,22.20,0.00,1,Coast,462.5489
3986.0,487,48.700,11.185,40.26,22.20,0.00,1,Coast,462.5489
3987.0,487,48.700,11.137,40.09,22.20,0.00,1,Coast,462.5489
3988.0,487,48.700,11.089,39.92,22.20,0.00,1,Coast,462.5489
3989.0,487,48.700,11.041,39.75,22.20,0.00,1,Coast,462.5489
3990.0,487,48.700,10.993,39.58,22.20,0.00,1,Coast,462.5489
3991.0,487,48.700,10.945,39.40,22.20,0.00,1,Coast,462.5489
3992.0,488,48.800,10.898,39.23,22.20,0.00,2,Cruise,462.5489
3993.0,488,48.800,10.902,39.25,22.20,0.00,2,Cruise,462.5489
3994.0,488,48.800,10.906,39.26,22.20,0.00,2,Cruise,462.5489
3995.0,488,48.800,10.909,39.27,22.20,0.00,2,Cruise,462.5489
3996.0,488,48.800,10.913,39.29,22.20,0.00,2,Cruise,462.5489
3997.0,488,48.800,10.917,39.30,22.20,0.00,2,Cruise,462.5489
3998.0,488,48.800,10.921,39.32,22.20,0.00,2,Cruise,462.5489
3999.0,488,48.800,10.925,39.33,22.20,0.00,2,Cruise,462.5489
4000.0,488,48.800,10.929,39.34,22.20,0.00,2,Cruise,462.5489
4001.0,489,48.900,10.933,39.36,22.20,0.00,2,Cruise,462.5489
4002.0,489,48.900,10.933,39.36,22.20,0.00,2,Cruise,462.6234
4003.0,489,48.900,10.933,39.36,22.20,0.00,2,Cruise,462.6978
4004.0,489,48.900,10.933,39.36,22.20,0.00,2,Cruise,462.7723
4005.0,489,48.900,10.933,39.36,22.20,0.00,2,Cruise,462.8468
4006.0,489,48.900,10.933,39.36,22.20,0.00,2,Cruise,462.9213
4007.0,489,48.900,10.933,39.36,22.20,0.00,2,Cruise,462.9958
4008.0,489,48.900,10.933,39.36,22.20,0.00,2,Cruise,463.0702
4009.0,489,48.900,10.933,39.36,22.20,0.00,2,Cruise,463.1447
4010.0,490,49.000,10.933,39.36,22.20,0.00,2,Cruise,463.2192
4011.0,490,49.000,10.933,39.36,22.20,0.00,2,Cruise,463.2936
4012.0,490,49.000,10.933,39.36,22.20,0.00,2,Cruise,463.3679
4013.0,490,49.000,10.933,39.36,22.20,0.00,2,Cruise,463.4423
4014.0,490,49.000,10.933,39.36,22.20,0.00,2,Cruise,463.5167
4015.0,490,49.000,10.933,39.36,22.20,0.00,2,Cruise,463.5910
4016.0,490,49.000,10.933,39.36,22.20,0.00,2,Cruise,463.6654
4017.0,490,49.000,10.933,39.36,22.20,0.00,2,Cruise,463.7398
4018.0,490,49.000,10.933,39.36,22.20,0.00,2,Cruise,463.8141
4019.0,491,49.100,10.933,39.36,22.20,0.00,2,Cruise,463.8885
4020.0,491,49.100,10.975,39.51,22.20,0.00,2,Cruise,463.8885
4021.0,491,49.100,11.018,39.66,22.20,0.00,2,Cruise,463.8885
4022.0,491,49.100,11.061,39.82,22.20,0.00,2,Cruise,463.8885
4023.0,491,49.100,11.103,39.97,22.20,0.00,2,Cruise,463.8885
4024.0,491,49.100,11.146,40.12,22.20,0.00,2,Cruise,463.8885
4025.0,491,49.100,11.188,40.28,22.20,0.00,2,Cruise,463.8885
4026.0,491,49.100,11.230,40.43,22.20,0.00,2,Cruise,463.8885
4027.0,491,49.100,11.273,40.58,22.20,0.00,2,Cruise,463.8885
4028.0,492,49.200,11.315,40.73,22.20,0.00,2,Cruise,463.8885
4029.0,492,49.200,11.316,40.74,22.20,0.00,2,Cruise,463.8885
4030.0,492,49.200,11.318,40.74,22.20,0.00,2,Cruise,463.8885
4031.0,492,49.200,11.319,40.75,22.20,0.00,2,Cruise,463.8885
4032.0,492,49.200,11.320,40.75,22.20,0.00,2,Cruise,463.8885
4033.0,492,49.200,11.322,40.76,22.20,0.00,2,Cruise,463.8885
4034.0,492,49.200,11.323,40.76,22.20,0.00,2,Cruise,463.8885
4035.0,492,49.200,11.324,40.77,22.20,0.00,2,Cruise,463.8885
4036.0,492,49.200,11.326,40.77,22.20,0.00,2,Cruise,463.8885
4037.0,493,49.300,11.327,40.78,22.20,0.00,2,Cruise,463.8885
4038.0,493,49.300,11.327,40.78,22.20,0.00,2,Cruise,463.9864
4039.0,493,49.300,11.327,40.78,22.20,0.00,2,Cruise,464.0844
4040.0,493,49.300,11.327,40.78,22.20,0.00,2,Cruise,464.1823
4041.0,493,49.300,11.327,40.78,22.20,0.00,2,Cruise,464.2802
4042.0,493,49.300,11.327,40.78,22.20,0.00,2,Cruise,464.3782
4043.0,493,49.300,11.327,40.78,22.20,0.00,2,Cruise,464.4761
4044.0,493,49.300,11.327,40.78,22.20,0.00,2,Cruise,464.5741
4045.0,493,49.300,11.327,40.78,22.20,0.00,2,Cruise,464.6720
4046.0,494,49.400,11.327,40.78,22.20,0.00,2,Cruise,464.7699
4047.0,494,49.400,11.327,40.78,22.20,0.00,2,Cruise,464.8116
4048.0,494,49.400,11.327,40.78,22.20,0.00,2,Cruise,464.8533
4049.0,494,49.400,11.327,40.78,22.20,0.00,2,Cruise,464.8950
4050.0,494,49.400,11.327,40.78,22.20,0.00,2,Cruise,464.9368
4051.0,494,49.400,11.327,40.78,22.20,0.00,2,Cruise,464.9785
4052.0,494,49.400,11.327,40.78,22.20,0.00,2,Cruise,465.0202
4053.0,494,49.400,11.327,40.78,22.20,0.00,2,Cruise,465.0619
4054.0,495,49.500,11.327,40.78,22.20,0.00,2,Cruise,465.1036
4055.0,495,49.500,11.327,40.78,22.20,0.00,2,Cruise,465.1124
4056.0,495,49.500,11.327,40.78,22.20,0.00,2,Cruise,465.1213
4057.0,495,49.500,11.327,40.78,22.20,0.00,2,Cruise,465.1301
4058.0,495,49.500,11.327,40.78,22.20,0.00,2,Cruise,465.1390
4059.0,495,49.500,11.327,40.78,22.20,0.00,2,Cruise,465.1478
4060.0,495,49.500,11.327,40.78,22.20,0.00,2,Cruise,465.1567
4061.0,495,49.500,11.327,40.78,22.20,0.00,2,Cruise,465.1655
4062.0,495,49.500,11.327,40.78,22.20,0.00,2,Cruise,465.1743
4063.0,496,49.600,11.327,40.78,22.20,0.00,2,Cruise,465.1832
4064.0,496,49.600,11.327,40.78,22.20,0.00,2,Cruise,465.2058
4065.0,496,49.600,11.327,40.78,22.20,0.00,2,Cruise,465.2285
4066.0,496,49.600,11.327,40.78,22.20,0.00,2,Cruise,465.2511
4067.0,496,49.600,11.327,40.78,22.20,0.00,2,Cruise,465.2737
4068.0,496,49.600,11.327,40.78,22.20,0.00,2,Cruise,465.2964
4069.0,496,49.600,11.327,40.78,22.20,0.00,2,Cruise,465.3190
4070.0,496,49.600,11.327,40.78,22.20,0.00,2,Cruise,465.3417
4071.0,496,49.600,11.327,40.78,22.20,0.00,2,Cruise,465.3643
4072.0,497,49.700,11.327,40.78,22.20,0.00,2,Cruise,465.3869
4073.0,497,49.700,11.371,40.94,22.20,0.00,2,Cruise,465.3869
4074.0,497,49.700,11.416,41.10,22.20,0.00,2,Cruise,465.3869
4075.0,497,49.700,11.460,41.26,22.20,0.00,2,Cruise,465.3869
4076.0,497,49.700,11.505,41.42,22.20,0.00,2,Cruise,465.3869
4077.0,497,49.700,11.549,41.58,22.20,0.00,2,Cruise,465.3869
4078.0,497,49.700,11.594,41.74,22.20,0.00,2,Cruise,465.3869
4079.0,497,49.700,11.638,41.90,22.20,0.00,2,Cruise,465.3869
4080.0,497,49.700,11.682,42.06,22.20,0.00,2,Cruise,465.3869
4081.0,498,49.800,11.726,42.22,22.20,0.00,2,Cruise,465.3869
4082.0,498,49.800,11.739,42.26,22.20,0.00,2,Cruise,465.3869
4083.0,498,49.800,11.751,42.30,22.20,0.00,2,Cruise,465.3869
4084.0,498,49.800,11.763,42.35,22.20,0.00,2,Cruise,465.3869
4085.0,498,49.800,11.776,42.39,22.20,0.00,2,Cruise,465.3869
4086.0,498,49.800,11.788,42.44,22.20,0.00,2,Cruise,465.3869
4087.0,498,49.800,11.800,42.48,22.20,0.00,2,Cruise,465.3869
4088.0,498,49.800,11.813,42.53,22.20,0.00,2,Cruise,465.3869
4089.0,499,49.900,11.825,42.57,22.20,0.00,2,Cruise,465.3869
4090.0,499,49.900,11.825,42.57,22.20,0.00,2,Cruise,465.4428
4091.0,499,49.900,11.825,42.57,22.20,0.00,2,Cruise,465.4988
4092.0,499,49.900,11.825,42.57,22.20,0.00,2,Cruise,465.5547
4093.0,499,49.900,11.825,42.57,22.20,0.00,2,Cruise,465.6106
4094.0,499,49.900,11.825,42.57,22.20,0.00,2,Cruise,465.6665
4095.0,499,49.900,11.825,42.57,22.20,0.00,2,Cruise,465.7224
4096.0,499,49.900,11.825,42.57,22.20,0.00,2,Cruise,465.7783
4097.0,499,49.900,11.825,42.57,22.20,0.00,2,Cruise,465.8342
4098.0,500,50.000,11.825,42.57,22.20,0.00,2,Cruise,465.8901
4099.0,500,50.000,11.825,42.57,22.20,0.00,2,Cruise,465.9728
4100.0,500,50.000,11.825,42.57,22.20,0.00,2,Cruise,466.0556
4101.0,500,50.000,11.825,42.57,22.20,0.00,2,Cruise,466.1383
4102.0,500,50.000,11.825,42.57,22.20,0.00,2,Cruise,466.2210
4103.0,500,50.000,11.825,42.57,22.20,0.00,2,Cruise,466.3037
4104.0,500,50.000,11.825,42.57,22.20,0.00,2,Cruise,466.3865
4105.0,500,50.000,11.825,42.57,22.20,0.00,2,Cruise,466.4692
4106.0,501,50.100,11.825,42.57,22.20,0.00,2,Cruise,466.5519
4107.0,501,50.100,11.825,42.57,22.20,0.00,2,Cruise,466.6035
4108.0,501,50.100,11.825,42.57,22.20,0.00,2,Cruise,466.6551
4109.0,501,50.100,11.825,42.57,22.20,0.00,2,Cruise,466.7067
4110.0,501,50.100,11.825,42.57,22.20,0.00,2,Cruise,466.7584
4111.0,501,50.100,11.825,42.57,22.20,0.00,2,Cruise,466.8100
4112.0,501,50.100,11.825,42.57,22.20,0.00,2,Cruise,466.8616
4113.0,501,50.100,11.825,42.57,22.20,0.00,2,Cruise,466.9132
4114.0,501,50.100,11.825,42.57,22.20,0.00,2,Cruise,466.9648
4115.0,502,50.200,11.825,42.57,22.20,0.00,2,Cruise,467.0164
4116.0,502,50.200,11.825,42.57,22.20,0.00,2,Cruise,467.0884
4117.0,502,50.200,11.825,42.57,22.20,0.00,2,Cruise,467.1605
4118.0,502,50.200,11.825,42.57,22.20,0.00,2,Cruise,467.2325
4119.0,502,50.200,11.825,42.57,22.20,0.00,2,Cruise,467.3045
4120.0,502,50.200,11.825,42.57,22.20,0.00,2,Cruise,467.3766
4121.0,502,50.200,11.825,42.57,22.20,0.00,2,Cruise,467.4486
4122.0,502,50.200,11.825,42.57,22.20,0.00,2,Cruise,467.5206
4123.0,503,50.300,11.825,42.57,22.20,0.00,2,Cruise,467.5927
4124.0,503,50.300,11.825,42.57,22.20,0.00,2,Cruise,467.6244
4125.0,503,50.300,11.825,42.57,22.20,0.00,2,Cruise,467.6562
4126.0,503,50.300,11.825,42.57,22.20,0.00,2,Cruise,467.6879
4127.0,503,50.300,11.825,42.57,22.20,0.00,2,Cruise,467.7197
4128.0,503,50.300,11.825,42.57,22.20,0.00,2,Cruise,467.7515
4129.0,503,50.300,11.825,42.57,22.20,0.00,2,Cruise,467.7832
4130.0,503,50.300,11.825,42.57,22.20,0.00,2,Cruise,467.8150
4131.0,503,50.300,11.825,42.57,22.20,0.00,2,Cruise,467.8467
4132.0,504,50.400,11.825,42.57,22.20,0.00,2,Cruise,467.8785
4133.0,504,50.400,11.825,42.57,22.20,0.00,2,Cruise,468.0252
4134.0,504,50.400,11.825,42.57,22.20,0.00,2,Cruise,468.1719
4135.0,504,50.400,11.825,42.57,22.20,0.00,2,Cruise,468.3186
4136.0,504,50.400,11.825,42.57,22.20,0.00,2,Cruise,468.4654
4137.0,504,50.400,11.825,42.57,22.20,0.00,2,Cruise,468.6121
4138.0,504,50.400,11.825,42.57,22.20,0.00,2,Cruise,468.7588
4139.0,504,50.400,11.825,42.57,22.20,0.00,2,Cruise,468.9055
4140.0,505,50.500,11.825,42.57,22.20,0.00,2,Cruise,469.0522
4141.0,505,50.500,11.825,42.57,22.20,0.00,2,Cruise,469.1480
4142.0,505,50.500,11.825,42.57,22.20,0.00,2,Cruise,469.2438
4143.0,505,50.500,11.825,42.57,22.20,0.00,2,Cruise,469.3396
4144.0,505,50.500,11.825,42.57,22.20,0.00,2,Cruise,469.4354
4145.0,505,50.500,11.825,42.57,22.20,0.00,2,Cruise,469.5312
4146.0,505,50.500,11.825,42.57,22.20,0.00,2,Cruise,469.6270
4147.0,505,50.500,11.825,42.57,22.20,0.00,2,Cruise,469.7228
4148.0,505,50.500,11.825,42.57,22.20,0.00,2,Cruise,469.8185
4149.0,506,50.600,11.825,42.57,22.20,0.00,2,Cruise,469.9143
4150.0,506,50.600,11.825,42.57,22.20,0.00,2,Cruise,470.0235
4151.0,506,50.600,11.825,42.57,22.20,0.00,2,Cruise,470.1326
4152.0,506,50.600,11.825,42.57,22.20,0.00,2,Cruise,470.2418
4153.0,506,50.600,11.825,42.57,22.20,0.00,2,Cruise,470.3509
4154.0,506,50.600,11.825,42.57,22.20,0.00,2,Cruise,470.4600
4155.0,506,50.600,11.825,42.57,22.20,0.00,2,Cruise,470.5692
4156.0,506,50.600,11.825,42.57,22.20,0.00,2,Cruise,470.6783
4157.0,507,50.700,11.825,42.57,1.00,0.00,3,Power,470.7875
4158.0,507,50.700,12.360,44.50,1.00,0.00,3,Power,471.6411
4159.0,507,50.700,12.894,46.42,1.00,0.00,3,Power,472.5324
4160.0,507,50.700,13.428,48.34,1.00,0.00,3,Power,473.4614
4161.0,507,50.700,13.962,50.26,1.00,0.00,3,Power,474.4281
4162.0,507,50.700,14.494,52.18,1.00,0.00,3,Power,475.4325
4163.0,507,50.700,15.019,54.07,1.00,0.00,3,Power,476.4619
4164.0,508,50.800,15.523,55.88,22.20,0.00,1,Coast,477.4900
4165.0,508,50.800,15.439,55.58,22.20,0.00,1,Coast,477.4900
4166.0,508,50.800,15.356,55.28,22.20,0.00,1,Coast,477.4900
4167.0,508,50.800,15.272,54.98,22.20,0.00,1,Coast,477.4900
4168.0,508,50.800,15.189,54.68,22.20,0.00,1,Coast,477.4900
4169.0,508,50.800,15.106,54.38,22.20,0.00,1,Coast,477.4900
4170.0,508,50.800,15.023,54.08,22.20,0.00,1,Coast,477.4900
4171.0,509,50.900,14.940,53.78,22.20,0.00,1,Coast,477.4900
4172.0,509,50.900,14.887,53.59,22.20,0.00,1,Coast,477.4900
4173.0,509,50.900,14.833,53.40,22.20,0.00,1,Coast,477.4900
4174.0,509,50.900,14.780,53.21,22.20,0.00,1,Coast,477.4900
4175.0,509,50.900,14.727,53.02,22.20,0.00,1,Coast,477.4900
4176.0,509,50.900,14.674,52.83,22.20,0.00,1,Coast,477.4900
4177.0,509,50.900,14.621,52.63,22.20,0.00,1,Coast,477.4900
4178.0,510,51.000,14.568,52.44,22.20,0.00,2,Cruise,477.4900
4179.0,510,51.000,14.568,52.44,22.20,0.00,2,Cruise,477.6510
4180.0,510,51.000,14.568,52.44,22.20,0.00,2,Cruise,477.8121
4181.0,510,51.000,14.568,52.44,22.20,0.00,2,Cruise,477.9731
4182.0,510,51.000,14.568,52.44,22.20,0.00,2,Cruise,478.1342
4183.0,510,51.000,14.568,52.44,22.20,0.00,2,Cruise,478.2952
4184.0,510,51.000,14.568,52.44,22.20,0.00,2,Cruise,478.4563
4185.0,511,51.100,14.568,52.44,22.20,0.00,2,Cruise,478.6173
4186.0,511,51.100,14.568,52.44,22.20,0.00,2,Cruise,478.8080
4187.0,511,51.100,14.568,52.44,22.20,0.00,2,Cruise,478.9986
4188.0,511,51.100,14.568,52.44,22.20,0.00,2,Cruise,479.1892
4189.0,511,51.100,14.568,52.44,22.20,0.00,2,Cruise,479.3799
4190.0,511,51.100,14.568,52.44,22.20,0.00,2,Cruise,479.5705
4191.0,512,51.200,14.568,52.44,22.20,0.00,2,Cruise,479.7612
4192.0,512,51.200,14.568,52.44,22.20,0.00,2,Cruise,479.7924
4193.0,512,51.200,14.568,52.44,22.20,0.00,2,Cruise,479.8237
4194.0,512,51.200,14.568,52.44,22.20,0.00,2,Cruise,479.8550
4195.0,512,51.200,14.568,52.44,22.20,0.00,2,Cruise,479.8863
4196.0,512,51.200,14.568,52.44,22.20,0.00,2,Cruise,479.9176
4197.0,512,51.200,14.568,52.44,22.20,0.00,2,Cruise,479.9489
4198.0,513,51.300,14.568,52.44,22.20,0.00,2,Cruise,479.9801
4199.0,513,51.300,14.568,52.44,22.20,0.00,2,Cruise,480.1228
4200.0,513,51.300,14.568,52.44,22.20,0.00,2,Cruise,480.2655
4201.0,513,51.300,14.568,52.44,22.20,0.00,2,Cruise,480.4081
4202.0,513,51.300,14.568,52.44,22.20,0.00,2,Cruise,480.5508
4203.0,513,51.300,14.568,52.44,22.20,0.00,2,Cruise,480.6935
4204.0,513,51.300,14.568,52.44,22.20,0.00,2,Cruise,480.8361
4205.0,514,51.400,14.568,52.44,22.20,0.00,1,Coast,480.9788
4206.0,514,51.400,14.406,51.86,22.20,0.00,1,Coast,480.9788
4207.0,514,51.400,14.245,51.28,22.20,0.00,1,Coast,480.9788
4208.0,514,51.400,14.083,50.70,22.20,0.00,1,Coast,480.9788
4209.0,514,51.400,13.922,50.12,22.20,0.00,3,Power,480.9788
4210.0,514,51.400,14.361,51.70,22.20,0.00,1,Coast,481.9770
4211.0,514,51.400,14.200,51.12,22.20,0.00,1,Coast,481.9770
4212.0,515,51.500,14.039,50.54,22.20,0.00,1,Coast,481.9770
4213.0,515,51.500,13.954,50.23,22.20,0.00,1,Coast,481.9770
4214.0,515,51.500,13.869,49.93,22.20,0.00,1,Coast,481.9770
4215.0,515,51.500,13.785,49.62,22.20,0.00,1,Coast,481.9770
4216.0,515,51.500,13.700,49.32,22.20,0.00,1,Coast,481.9770
4217.0,515,51.500,13.616,49.02,22.20,0.00,1,Coast,481.9770
4218.0,515,51.500,13.532,48.71,22.20,0.00,1,Coast,481.9770
4219.0,516,51.600,13.447,48.41,22.20,0.00,1,Coast,481.9770
4220.0,516,51.600,13.386,48.19,22.20,0.00,1,Coast,481.9770
4221.0,516,51.600,13.324,47.97,22.20,0.00,1,Coast,481.9770
4222.0,516,51.600,13.262,47.74,22.20,0.00,1,Coast,481.9770
4223.0,516,51.600,13.201,47.52,22.20,0.00,1,Coast,481.9770
4224.0,516,51.600,13.140,47.30,22.20,0.00,1,Coast,481.9770
4225.0,516,51.600,13.078,47.08,22.20,0.00,1,Coast,481.9770
4226.0,516,51.600,13.017,46.86,22.20,0.00,1,Coast,481.9770
4227.0,517,51.700,12.956,46.64,22.20,0.00,1,Coast,481.9770
4228.0,517,51.700,12.909,46.47,22.20,0.00,1,Coast,481.9770
4229.0,517,51.700,12.862,46.30,22.20,0.00,1,Coast,481.9770
4230.0,517,51.700,12.816,46.14,22.20,0.00,1,Coast,481.9770
4231.0,517,51.700,12.769,45.97,22.20,0.00,1,Coast,481.9770
4232.0,517,51.700,12.723,45.80,22.20,0.00,1,Coast,481.9770
4233.0,517,51.700,12.676,45.64,22.20,0.00,1,Coast,481.9770
4234.0,517,51.700,12.630,45.47,22.20,0.00,1,Coast,481.9770
4235.0,518,51.800,12.584,45.30,22.20,0.00,2,Cruise,481.9770
4236.0,518,51.800,12.584,45.30,22.20,0.00,2,Cruise,482.0000
4237.0,518,51.800,12.584,45.30,22.20,0.00,2,Cruise,482.0230
4238.0,518,51.800,12.584,45.30,22.20,0.00,2,Cruise,482.0460
4239.0,518,51.800,12.584,45.30,22.20,0.00,2,Cruise,482.0690
4240.0,518,51.800,12.584,45.30,22.20,0.00,2,Cruise,482.0919
4241.0,518,51.800,12.584,45.30,22.20,0.00,2,Cruise,482.1149
4242.0,518,51.800,12.584,45.30,22.20,0.00,2,Cruise,482.1379
4243.0,519,51.900,12.584,45.30,22.20,0.00,3,Power,482.1609
4244.0,519,51.900,13.122,47.24,22.20,0.00,1,Coast,483.0682
4245.0,519,51.900,13.060,47.02,22.20,0.00,1,Coast,483.0682
4246.0,519,51.900,12.999,46.79,22.20,0.00,1,Coast,483.0682
4247.0,519,51.900,12.937,46.57,22.20,0.00,1,Coast,483.0682
4248.0,519,51.900,12.875,46.35,22.20,0.00,1,Coast,483.0682
4249.0,519,51.900,12.813,46.13,22.20,0.00,1,Coast,483.0682
4250.0,520,52.000,12.752,45.91,22.20,0.00,2,Cruise,483.0682
4251.0,520,52.000,12.752,45.91,22.20,0.00,2,Cruise,483.1070
4252.0,520,52.000,12.752,45.91,22.20,0.00,2,Cruise,483.1458
4253.0,520,52.000,12.752,45.91,22.20,0.00,2,Cruise,483.1846
4254.0,520,52.000,12.752,45.91,22.20,0.00,2,Cruise,483.2234
4255.0,520,52.000,12.752,45.91,22.20,0.00,2,Cruise,483.2622
4256.0,520,52.000,12.752,45.91,22.20,0.00,2,Cruise,483.3011
4257.0,520,52.000,12.752,45.91,22.20,0.00,2,Cruise,483.3399
4258.0,521,52.100,12.752,45.91,22.20,0.00,3,Power,483.3787
4259.0,521,52.100,13.289,47.84,22.20,0.00,2,Cruise,484.2978
4260.0,521,52.100,13.289,47.84,22.20,0.00,2,Cruise,484.3965
4261.0,521,52.100,13.289,47.84,22.20,0.00,2,Cruise,484.4952
4262.0,521,52.100,13.289,47.84,22.20,0.00,2,Cruise,484.5940
4263.0,521,52.100,13.289,47.84,22.20,0.00,2,Cruise,484.6927
4264.0,521,52.100,13.289,47.84,22.20,0.00,2,Cruise,484.7914
4265.0,521,52.100,13.289,47.84,22.20,0.00,2,Cruise,484.8901
4266.0,522,52.200,13.289,47.84,22.20,0.00,3,Power,484.9889
4267.0,522,52.200,13.789,49.64,22.20,0.00,1,Coast,485.9446
4268.0,522,52.200,13.689,49.28,22.20,0.00,1,Coast,485.9446
4269.0,522,52.200,13.589,48.92,22.20,0.00,1,Coast,485.9446
4270.0,522,52.200,13.489,48.56,22.20,0.00,1,Coast,485.9446
4271.0,522,52.200,13.389,48.20,22.20,0.00,1,Coast,485.9446
4272.0,522,52.200,13.289,47.84,22.20,0.00,3,Power,485.9446
4273.0,523,52.300,13.789,49.64,22.20,0.00,1,Coast,486.9003
4274.0,523,52.300,13.766,49.56,22.20,0.00,1,Coast,486.9003
4275.0,523,52.300,13.743,49.47,22.20,0.00,1,Coast,486.9003
4276.0,523,52.300,13.720,49.39,22.20,0.00,1,Coast,486.9003
4277.0,523,52.300,13.696,49.31,22.20,0.00,1,Coast,486.9003
4278.0,523,52.300,13.673,49.22,22.20,0.00,1,Coast,486.9003
4279.0,523,52.300,13.650,49.14,22.20,0.00,1,Coast,486.9003
4280.0,523,52.300,13.627,49.06,22.20,0.00,1,Coast,486.9003
4281.0,524,52.400,13.604,48.97,22.20,0.00,2,Cruise,486.9003
4282.0,524,52.400,13.604,48.97,22.20,0.00,2,Cruise,487.0227
4283.0,524,52.400,13.604,48.97,22.20,0.00,2,Cruise,487.1451
4284.0,524,52.400,13.604,48.97,22.20,0.00,2,Cruise,487.2675
4285.0,524,52.400,13.604,48.97,22.20,0.00,2,Cruise,487.3899
4286.0,524,52.400,13.604,48.97,22.20,0.00,2,Cruise,487.5123
4287.0,524,52.400,13.604,48.97,22.20,0.00,2,Cruise,487.6347
4288.0,525,52.500,13.604,48.97,22.20,0.00,2,Cruise,487.7571
4289.0,525,52.500,13.604,48.97,22.20,0.00,2,Cruise,487.8738
4290.0,525,52.500,13.604,48.97,22.20,0.00,2,Cruise,487.9905
4291.0,525,52.500,13.604,48.97,22.20,0.00,2,Cruise,488.1072
4292.0,525,52.500,13.604,48.97,22.20,0.00,2,Cruise,488.2238
4293.0,525,52.500,13.604,48.97,22.20,0.00,2,Cruise,488.3405
4294.0,525,52.500,13.604,48.97,22.20,0.00,2,Cruise,488.4572
4295.0,526,52.600,13.604,48.97,22.20,0.00,2,Cruise,488.5739
4296.0,526,52.600,13.604,48.97,22.20,0.00,2,Cruise,488.6546
4297.0,526,52.600,13.604,48.97,22.20,0.00,2,Cruise,488.7353
4298.0,526,52.600,13.604,48.97,22.20,0.00,2,Cruise,488.8160
4299.0,526,52.600,13.604,48.97,22.20,0.00,2,Cruise,488.8967
4300.0,526,52.600,13.604,48.97,22.20,0.00,2,Cruise,488.9774
4301.0,526,52.600,13.604,48.97,22.20,0.00,2,Cruise,489.0581
4302.0,526,52.600,13.604,48.97,22.20,0.00,2,Cruise,489.1389
4303.0,527,52.700,13.604,48.97,22.20,0.00,2,Cruise,489.2196
4304.0,527,52.700,13.604,48.97,22.20,0.00,2,Cruise,489.3074
4305.0,527,52.700,13.604,48.97,22.20,0.00,2,Cruise,489.3952
4306.0,527,52.700,13.604,48.97,22.20,0.00,2,Cruise,489.4831
4307.0,527,52.700,13.604,48.97,22.20,0.00,2,Cruise,489.5709
4308.0,527,52.700,13.604,48.97,22.20,0.00,2,Cruise,489.6587
4309.0,527,52.700,13.604,48.97,22.20,0.00,2,Cruise,489.7466
4310.0,528,52.800,13.604,48.97,22.20,0.00,3,Power,489.8344
4311.0,528,52.800,14.089,50.72,22.20,0.00,1,Coast,490.8118
4312.0,528,52.800,13.973,50.30,22.20,0.00,3,Power,490.8118
4313.0,528,52.800,14.457,52.05,22.20,0.00,1,Coast,491.8152
4314.0,528,52.800,14.341,51.63,22.20,0.00,1,Coast,491.8152
4315.0,528,52.800,14.225,51.21,22.20,0.00,1,Coast,491.8152
4316.0,528,52.800,14.109,50.79,22.20,0.00,1,Coast,491.8152
4317.0,529,52.900,13.994,50.38,22.20,0.00,1,Coast,491.8152
4318.0,529,52.900,13.943,50.20,22.20,0.00,1,Coast,491.8152
4319.0,529,52.900,13.893,50.01,22.20,0.00,2,Cruise,491.8152
4320.0,529,52.900,13.893,50.01,22.20,0.00,2,Cruise,491.8976
4321.0,529,52.900,13.893,50.01,22.20,0.00,2,Cruise,491.9801
4322.0,529,52.900,13.893,50.01,22.20,0.00,2,Cruise,492.0626
4323.0,529,52.900,13.893,50.01,22.20,0.00,2,Cruise,492.1450
4324.0,530,53.000,13.893,50.01,22.20,0.00,2,Cruise,492.2275
4325.0,530,53.000,13.893,50.01,22.20,0.00,2,Cruise,492.3330
4326.0,530,53.000,13.893,50.01,22.20,0.00,2,Cruise,492.4385
4327.0,530,53.000,13.893,50.01,22.20,0.00,2,Cruise,492.5440
4328.0,530,53.000,13.893,50.01,22.20,0.00,2,Cruise,492.6495
4329.0,530,53.000,13.893,50.01,22.20,0.00,2,Cruise,492.7550
4330.0,530,53.000,13.893,50.01,22.20,0.00,2,Cruise,492.8605
4331.0,531,53.100,13.893,50.01,22.20,0.00,1,Coast,492.9660
4332.0,531,53.100,13.804,49.70,22.20,0.00,1,Coast,492.9660
4333.0,531,53.100,13.716,49.38,22.20,0.00,1,Coast,492.9660
4334.0,531,53.100,13.628,49.06,22.20,0.00,2,Cruise,492.9660
4335.0,531,53.100,13.628,49.06,22.20,0.00,2,Cruise,493.1072
4336.0,531,53.100,13.628,49.06,22.20,0.00,2,Cruise,493.2483
4337.0,531,53.100,13.628,49.06,22.20,0.00,2,Cruise,493.3894
4338.0,531,53.100,13.628,49.06,22.20,0.00,2,Cruise,493.5306
4339.0,532,53.200,13.628,49.06,22.20,0.00,1,Coast,493.6717
4340.0,532,53.200,13.563,48.83,22.20,0.00,1,Coast,493.6717
4341.0,532,53.200,13.499,48.59,22.20,0.00,1,Coast,493.6717
4342.0,532,53.200,13.434,48.36,22.20,0.00,1,Coast,493.6717
4343.0,532,53.200,13.369,48.13,22.20,0.00,2,Cruise,493.6717
4344.0,532,53.200,13.369,48.13,22.20,0.00,2,Cruise,493.7731
4345.0,532,53.200,13.369,48.13,22.20,0.00,2,Cruise,493.8744
4346.0,533,53.300,13.369,48.13,22.20,0.00,2,Cruise,493.9758
4347.0,533,53.300,13.369,48.13,22.20,0.00,2,Cruise,494.0857
4348.0,533,53.300,13.369,48.13,22.20,0.00,2,Cruise,494.1956
4349.0,533,53.300,13.369,48.13,22.20,0.00,2,Cruise,494.3055
4350.0,533,53.300,13.369,48.13,22.20,0.00,2,Cruise,494.4154
4351.0,533,53.300,13.369,48.13,22.20,0.00,2,Cruise,494.5253
4352.0,533,53.300,13.369,48.13,22.20,0.00,2,Cruise,494.6352
4353.0,533,53.300,13.369,48.13,22.20,0.00,2,Cruise,494.7451
4354.0,534,53.400,13.369,48.13,22.20,0.00,1,Coast,494.8550
4355.0,534,53.400,13.256,47.72,22.20,0.00,1,Coast,494.8550
4356.0,534,53.400,13.143,47.31,22.20,0.00,1,Coast,494.8550
4357.0,534,53.400,13.029,46.91,22.20,0.00,1,Coast,494.8550
4358.0,534,53.400,12.916,46.50,22.20,0.00,3,Power,494.8550
4359.0,534,53.400,13.403,48.25,22.20,0.00,1,Coast,495.7839
4360.0,534,53.400,13.290,47.84,22.20,0.00,1,Coast,495.7839
4361.0,535,53.500,13.176,47.44,22.20,0.00,1,Coast,495.7839
4362.0,535,53.500,13.161,47.38,22.20,0.00,1,Coast,495.7839
4363.0,535,53.500,13.145,47.32,22.20,0.00,1,Coast,495.7839
4364.0,535,53.500,13.129,47.27,22.20,0.00,1,Coast,495.7839
4365.0,535,53.500,13.114,47.21,22.20,0.00,1,Coast,495.7839
4366.0,535,53.500,13.098,47.15,22.20,0.00,1,Coast,495.7839
4367.0,535,53.500,13.082,47.10,22.20,0.00,1,Coast,495.7839
4368.0,535,53.500,13.067,47.04,22.20,0.00,1,Coast,495.7839
4369.0,536,53.600,13.051,46.98,22.20,0.00,1,Coast,495.7839
4370.0,536,53.600,12.998,46.79,22.20,0.00,1,Coast,495.7839
4371.0,536,53.600,12.944,46.60,22.20,0.00,1,Coast,495.7839
4372.0,536,53.600,12.891,46.41,22.20,0.00,1,Coast,495.7839
4373.0,536,53.600,12.837,46.21,22.20,0.00,1,Coast,495.7839
4374.0,536,53.600,12.784,46.02,22.20,0.00,1,Coast,495.7839
4375.0,536,53.600,12.730,45.83,22.20,0.00,1,Coast,495.7839
4376.0,536,53.600,12.677,45.64,22.20,0.00,1,Coast,495.7839
4377.0,537,53.700,12.624,45.45,22.20,0.00,3,Power,495.7839
4378.0,537,53.700,13.102,47.17,22.20,0.00,1,Coast,496.6919
4379.0,537,53.700,12.980,46.73,22.20,0.00,1,Coast,496.6919
4380.0,537,53.700,12.858,46.29,22.20,0.00,1,Coast,496.6919
4381.0,537,53.700,12.736,45.85,22.20,0.00,1,Coast,496.6919
4382.0,537,53.700,12.614,45.41,22.20,0.00,3,Power,496.6919
4383.0,537,53.700,13.093,47.13,22.20,0.00,1,Coast,497.5992
4384.0,538,53.800,12.970,46.69,22.20,0.00,1,Coast,497.5992
4385.0,538,53.800,12.969,46.69,22.20,0.00,1,Coast,497.5992
4386.0,538,53.800,12.968,46.69,22.20,0.00,1,Coast,497.5992
4387.0,538,53.800,12.967,46.68,22.20,0.00,1,Coast,497.5992
4388.0,538,53.800,12.966,46.68,22.20,0.00,1,Coast,497.5992
4389.0,538,53.800,12.965,46.67,22.20,0.00,1,Coast,497.5992
4390.0,538,53.800,12.964,46.67,22.20,0.00,1,Coast,497.5992
4391.0,538,53.800,12.962,46.66,22.20,0.00,1,Coast,497.5992
4392.0,539,53.900,12.961,46.66,22.20,0.00,2,Cruise,497.5992
4393.0,539,53.900,12.964,46.67,22.20,0.00,2,Cruise,497.5992
4394.0,539,53.900,12.967,46.68,22.20,0.00,2,Cruise,497.5992
4395.0,539,53.900,12.969,46.69,22.20,0.00,2,Cruise,497.5992
4396.0,539,53.900,12.972,46.70,22.20,0.00,2,Cruise,497.5992
4397.0,539,53.900,12.974,46.71,22.20,0.00,2,Cruise,497.5992
4398.0,539,53.900,12.977,46.72,22.20,0.00,2,Cruise,497.5992
4399.0,539,53.900,12.980,46.73,22.20,0.00,2,Cruise,497.5992
4400.0,540,54.000,12.982,46.74,22.20,0.00,2,Cruise,497.5992
4401.0,540,54.000,12.982,46.74,22.20,0.00,2,Cruise,497.7237
4402.0,540,54.000,12.982,46.74,22.20,0.00,2,Cruise,497.8482
4403.0,540,54.000,12.982,46.74,22.20,0.00,2,Cruise,497.9727
4404.0,540,54.000,12.982,46.74,22.20,0.00,2,Cruise,498.0971
4405.0,540,54.000,12.982,46.74,22.20,0.00,2,Cruise,498.2216
4406.0,540,54.000,12.982,46.74,22.20,0.00,2,Cruise,498.3461
4407.0,540,54.000,12.982,46.74,22.20,0.00,2,Cruise,498.4706
4408.0,541,54.100,12.982,46.74,22.20,0.00,2,Cruise,498.5951
4409.0,541,54.100,12.982,46.74,22.20,0.00,2,Cruise,498.7214
4410.0,541,54.100,12.982,46.74,22.20,0.00,2,Cruise,498.8476
4411.0,541,54.100,12.982,46.74,22.20,0.00,2,Cruise,498.9738
4412.0,541,54.100,12.982,46.74,22.20,0.00,2,Cruise,499.1001
4413.0,541,54.100,12.982,46.74,22.20,0.00,2,Cruise,499.2263
4414.0,541,54.100,12.982,46.74,22.20,0.00,2,Cruise,499.3526
4415.0,542,54.200,12.982,46.74,22.20,0.00,2,Cruise,499.4788
4416.0,542,54.200,12.982,46.74,22.20,0.00,2,Cruise,499.5595
4417.0,542,54.200,12.982,46.74,22.20,0.00,2,Cruise,499.6402
4418.0,542,54.200,12.982,46.74,22.20,0.00,2,Cruise,499.7209
4419.0,542,54.200,12.982,46.74,22.20,0.00,2,Cruise,499.8015
4420.0,542,54.200,12.982,46.74,22.20,0.00,2,Cruise,499.8822
4421.0,542,54.200,12.982,46.74,22.20,0.00,2,Cruise,499.9629
4422.0,542,54.200,12.982,46.74,22.20,0.00,2,Cruise,500.0435
4423.0,543,54.300,12.982,46.74,22.20,0.00,3,Power,500.1242
4424.0,543,54.300,13.476,48.51,22.20,0.00,2,Cruise,501.0580
4425.0,543,54.300,13.476,48.51,22.20,0.00,2,Cruise,501.2273
4426.0,543,54.300,13.476,48.51,22.20,0.00,2,Cruise,501.3965
4427.0,543,54.300,13.476,48.51,22.20,0.00,2,Cruise,501.5657
4428.0,543,54.300,13.476,48.51,22.20,0.00,2,Cruise,501.7350
4429.0,543,54.300,13.476,48.51,22.20,0.00,2,Cruise,501.9042
4430.0,544,54.400,13.476,48.51,22.20,0.00,2,Cruise,502.0734
4431.0,544,54.400,13.476,48.51,22.20,0.00,2,Cruise,502.1082
4432.0,544,54.400,13.476,48.51,22.20,0.00,2,Cruise,502.1430
4433.0,544,54.400,13.476,48.51,22.20,0.00,2,Cruise,502.1778
4434.0,544,54.400,13.476,48.51,22.20,0.00,2,Cruise,502.2127
4435.0,544,54.400,13.476,48.51,22.20,0.00,2,Cruise,502.2475
4436.0,544,54.400,13.476,48.51,22.20,0.00,2,Cruise,502.2823
4437.0,544,54.400,13.476,48.51,22.20,0.00,2,Cruise,502.3171
4438.0,545,54.500,13.476,48.51,22.20,0.00,3,Power,502.3519
4439.0,545,54.500,13.953,50.23,22.20,0.00,1,Coast,503.3200
4440.0,545,54.500,13.830,49.79,22.20,0.00,1,Coast,503.3200
4441.0,545,54.500,13.707,49.34,22.20,0.00,1,Coast,503.3200
4442.0,545,54.500,13.584,48.90,22.20,0.00,1,Coast,503.3200
4443.0,545,54.500,13.461,48.46,22.20,0.00,3,Power,503.3200
4444.0,545,54.500,13.939,50.18,22.20,0.00,1,Coast,504.2870
4445.0,546,54.600,13.815,49.74,22.20,0.00,1,Coast,504.2870
4446.0,546,54.600,13.756,49.52,22.20,0.00,1,Coast,504.2870
4447.0,546,54.600,13.696,49.31,22.20,0.00,1,Coast,504.2870
4448.0,546,54.600,13.637,49.09,22.20,0.00,1,Coast,504.2870
4449.0,546,54.600,13.577,48.88,22.20,0.00,1,Coast,504.2870
4450.0,546,54.600,13.518,48.66,22.20,0.00,1,Coast,504.2870
4451.0,546,54.600,13.459,48.45,22.20,0.00,1,Coast,504.2870
4452.0,547,54.700,13.400,48.24,22.20,0.00,2,Cruise,504.2870
4453.0,547,54.700,13.400,48.24,22.20,0.00,2,Cruise,504.4331
4454.0,547,54.700,13.400,48.24,22.20,0.00,2,Cruise,504.5793
4455.0,547,54.700,13.400,48.24,22.20,0.00,2,Cruise,504.7254
4456.0,547,54.700,13.400,48.24,22.20,0.00,2,Cruise,504.8716
4457.0,547,54.700,13.400,48.24,22.20,0.00,2,Cruise,505.0177
4458.0,547,54.700,13.400,48.24,22.20,0.00,2,Cruise,505.1639
4459.0,547,54.700,13.400,48.24,22.20,0.00,2,Cruise,505.3100
4460.0,548,54.800,13.400,48.24,22.20,0.00,1,Coast,505.4561
4461.0,548,54.800,13.322,47.96,22.20,0.00,1,Coast,505.4561
4462.0,548,54.800,13.245,47.68,22.20,0.00,1,Coast,505.4561
4463.0,548,54.800,13.168,47.40,22.20,0.00,1,Coast,505.4561
4464.0,548,54.800,13.091,47.13,22.20,0.00,1,Coast,505.4561
4465.0,548,54.800,13.014,46.85,22.20,0.00,1,Coast,505.4561
4466.0,548,54.800,12.937,46.57,22.20,0.00,1,Coast,505.4561
4467.0,548,54.800,12.860,46.30,22.20,0.00,1,Coast,505.4561
4468.0,549,54.900,12.783,46.02,22.20,0.00,2,Cruise,505.4561
4469.0,549,54.900,12.783,46.02,22.20,0.00,2,Cruise,505.4686
4470.0,549,54.900,12.783,46.02,22.20,0.00,2,Cruise,505.4810
4471.0,549,54.900,12.783,46.02,22.20,0.00,2,Cruise,505.4934
4472.0,549,54.900,12.783,46.02,22.20,0.00,2,Cruise,505.5058
4473.0,549,54.900,12.783,46.02,22.20,0.00,2,Cruise,505.5182
4474.0,549,54.900,12.783,46.02,22.20,0.00,2,Cruise,505.5306
4475.0,550,55.000,12.783,46.02,22.20,0.00,2,Cruise,505.5430
4476.0,550,55.000,12.783,46.02,22.20,0.00,2,Cruise,505.6402
4477.0,550,55.000,12.783,46.02,22.20,0.00,2,Cruise,505.7374
4478.0,550,55.000,12.783,46.02,22.20,0.00,2,Cruise,505.8346
4479.0,550,55.000,12.783,46.02,22.20,0.00,2,Cruise,505.9318
4480.0,550,55.000,12.783,46.02,22.20,0.00,2,Cruise,506.0290
4481.0,550,55.000,12.783,46.02,22.20,0.00,2,Cruise,506.1262
4482.0,550,55.000,12.783,46.02,22.20,0.00,2,Cruise,506.2234
4483.0,551,55.100,12.783,46.02,22.20,0.00,1,Coast,506.3206
4484.0,551,55.100,12.674,45.62,22.20,0.00,1,Coast,506.3206
4485.0,551,55.100,12.564,45.23,22.20,0.00,1,Coast,506.3206
4486.0,551,55.100,12.455,44.84,22.20,0.00,1,Coast,506.3206
4487.0,551,55.100,12.346,44.44,22.20,0.00,1,Coast,506.3206
4488.0,551,55.100,12.237,44.05,22.20,0.00,1,Coast,506.3206
4489.0,551,55.100,12.128,43.66,22.20,0.00,1,Coast,506.3206
4490.0,551,55.100,12.019,43.27,22.20,0.00,1,Coast,506.3206
4491.0,552,55.200,11.910,42.88,22.20,0.00,1,Coast,506.3206
4492.0,552,55.200,11.884,42.78,22.20,0.00,1,Coast,506.3206
4493.0,552,55.200,11.858,42.69,22.20,0.00,1,Coast,506.3206
4494.0,552,55.200,11.832,42.60,22.20,0.00,1,Coast,506.3206
4495.0,552,55.200,11.806,42.50,22.20,0.00,1,Coast,506.3206
4496.0,552,55.200,11.780,42.41,22.20,0.00,1,Coast,506.3206
4497.0,552,55.200,11.755,42.32,22.20,0.00,1,Coast,506.3206
4498.0,552,55.200,11.729,42.22,22.20,0.00,1,Coast,506.3206
4499.0,552,55.200,11.703,42.13,22.20,0.00,1,Coast,506.3206
4500.0,553,55.300,11.677,42.04,22.20,0.00,1,Coast,506.3206
4501.0,553,55.300,11.554,41.59,22.20,0.00,1,Coast,506.3206
4502.0,553,55.300,11.431,41.15,22.20,0.00,1,Coast,506.3206
4503.0,553,55.300,11.308,40.71,22.20,0.00,1,Coast,506.3206
4504.0,553,55.300,11.185,40.27,22.20,0.00,1,Coast,506.3206
4505.0,553,55.300,11.062,39.82,22.20,0.00,1,Coast,506.3206
4506.0,553,55.300,10.940,39.38,22.20,0.00,1,Coast,506.3206
4507.0,553,55.300,10.817,38.94,22.20,0.00,1,Coast,506.3206
4508.0,553,55.300,10.695,38.50,22.20,0.00,1,Coast,506.3206
4509.0,554,55.400,10.573,38.06,22.20,0.00,1,Coast,506.3206
4510.0,554,55.400,10.590,38.12,22.20,0.00,1,Coast,506.3206
4511.0,554,55.400,10.607,38.18,22.20,0.00,1,Coast,506.3206
4512.0,554,55.400,10.623,38.24,22.20,0.00,1,Coast,506.3206
4513.0,554,55.400,10.640,38.30,22.20,0.00,1,Coast,506.3206
4514.0,554,55.400,10.657,38.37,22.20,0.00,1,Coast,506.3206
4515.0,554,55.400,10.674,38.43,22.20,0.00,1,Coast,506.3206
4516.0,554,55.400,10.690,38.49,22.20,0.00,1,Coast,506.3206
4517.0,554,55.400,10.707,38.55,22.20,0.00,1,Coast,506.3206
4518.0,555,55.500,10.724,38.61,22.20,0.00,1,Coast,506.3206
4519.0,555,55.500,10.805,38.90,22.20,0.00,1,Coast,506.3206
4520.0,555,55.500,10.885,39.19,22.20,0.00,1,Coast,506.3206
4521.0,555,55.500,10.966,39.48,22.20,0.00,1,Coast,506.3206
4522.0,555,55.500,11.047,39.77,22.20,0.00,1,Coast,506.3206
4523.0,555,55.500,11.127,40.06,22.20,0.00,1,Coast,506.3206
4524.0,555,55.500,11.208,40.35,22.20,0.00,1,Coast,506.3206
4525.0,555,55.500,11.288,40.64,22.20,0.00,1,Coast,506.3206
4526.0,555,55.500,11.368,40.93,22.20,0.00,1,Coast,506.3206
4527.0,556,55.600,11.448,41.21,22.20,0.00,1,Coast,506.3206
4528.0,556,55.600,11.591,41.73,22.20,0.00,1,Coast,506.3206
4529.0,556,55.600,11.733,42.24,22.20,0.00,1,Coast,506.3206
4530.0,556,55.600,11.876,42.75,22.20,0.00,1,Coast,506.3206
4531.0,556,55.600,12.018,43.26,22.20,0.00,1,Coast,506.3206
4532.0,556,55.600,12.160,43.78,22.20,0.00,1,Coast,506.3206
4533.0,556,55.600,12.302,44.29,22.20,0.00,1,Coast,506.3206
4534.0,556,55.600,12.444,44.80,22.20,0.00,1,Coast,506.3206
4535.0,557,55.700,12.585,45.31,22.20,0.00,1,Coast,506.3206
4536.0,557,55.700,12.589,45.32,22.20,0.00,1,Coast,506.3206
4537.0,557,55.700,12.594,45.34,22.20,0.00,1,Coast,506.3206
4538.0,557,55.700,12.598,45.35,22.20,0.00,1,Coast,506.3206
4539.0,557,55.700,12.602,45.37,22.20,0.00,1,Coast,506.3206
4540.0,557,55.700,12.606,45.38,22.20,0.00,1,Coast,506.3206
4541.0,557,55.700,12.611,45.40,22.20,0.00,1,Coast,506.3206
4542.0,557,55.700,12.615,45.41,22.20,0.00,1,Coast,506.3206
4543.0,558,55.800,12.619,45.43,22.20,0.00,1,Coast,506.3206
4544.0,558,55.800,12.630,45.47,22.20,0.00,1,Coast,506.3206
4545.0,558,55.800,12.640,45.50,22.20,0.00,1,Coast,506.3206
4546.0,558,55.800,12.650,45.54,22.20,0.00,1,Coast,506.3206
4547.0,558,55.800,12.661,45.58,22.20,0.00,1,Coast,506.3206
4548.0,558,55.800,12.671,45.61,22.20,0.00,1,Coast,506.3206
4549.0,558,55.800,12.681,45.65,22.20,0.00,1,Coast,506.3206
4550.0,558,55.800,12.691,45.69,22.20,0.00,1,Coast,506.3206
4551.0,559,55.900,12.702,45.73,22.20,0.00,1,Coast,506.3206
4552.0,559,55.900,12.683,45.66,22.20,0.00,1,Coast,506.3206
4553.0,559,55.900,12.665,45.60,22.20,0.00,1,Coast,506.3206
4554.0,559,55.900,12.647,45.53,22.20,0.00,1,Coast,506.3206
4555.0,559,55.900,12.629,45.46,22.20,0.00,1,Coast,506.3206
4556.0,559,55.900,12.611,45.40,22.20,0.00,1,Coast,506.3206
4557.0,559,55.900,12.593,45.33,22.20,0.00,1,Coast,506.3206
4558.0,559,55.900,12.575,45.27,22.20,0.00,1,Coast,506.3206
4559.0,560,56.000,12.557,45.21,22.20,0.00,1,Coast,506.3206
4560.0,560,56.000,12.661,45.58,22.20,0.00,1,Coast,506.3206
4561.0,560,56.000,12.765,45.95,22.20,0.00,1,Coast,506.3206
4562.0,560,56.000,12.869,46.33,22.20,0.00,1,Coast,506.3206
4563.0,560,56.000,12.973,46.70,22.20,0.00,1,Coast,506.3206
4564.0,560,56.000,13.076,47.07,22.20,0.00,1,Coast,506.3206
4565.0,560,56.000,13.180,47.45,22.20,0.00,1,Coast,506.3206
4566.0,560,56.000,13.283,47.82,22.20,0.00,1,Coast,506.3206
4567.0,561,56.100,13.386,48.19,22.20,0.00,1,Coast,506.3206
4568.0,561,56.100,13.329,47.99,22.20,0.00,1,Coast,506.3206
4569.0,561,56.100,13.273,47.78,22.20,0.00,1,Coast,506.3206
4570.0,561,56.100,13.216,47.58,22.20,0.00,1,Coast,506.3206
4571.0,561,56.100,13.159,47.37,22.20,0.00,1,Coast,506.3206
4572.0,561,56.100,13.102,47.17,22.20,0.00,1,Coast,506.3206
4573.0,561,56.100,13.046,46.96,22.20,0.00,1,Coast,506.3206
4574.0,562,56.200,12.989,46.76,22.20,0.00,1,Coast,506.3206
4575.0,562,56.200,12.962,46.66,22.20,0.00,1,Coast,506.3206
4576.0,562,56.200,12.934,46.56,22.20,0.00,1,Coast,506.3206
4577.0,562,56.200,12.906,46.46,22.20,0.00,1,Coast,506.3206
4578.0,562,56.200,12.879,46.36,22.20,0.00,1,Coast,506.3206
4579.0,562,56.200,12.851,46.27,22.20,0.00,1,Coast,506.3206
4580.0,562,56.200,12.824,46.17,22.20,0.00,1,Coast,506.3206
4581.0,562,56.200,12.797,46.07,22.20,0.00,1,Coast,506.3206
4582.0,563,56.300,12.769,45.97,22.20,0.00,1,Coast,506.3206
4583.0,563,56.300,12.760,45.94,22.20,0.00,1,Coast,506.3206
4584.0,563,56.300,12.751,45.91,22.20,0.00,1,Coast,506.3206
4585.0,563,56.300,12.743,45.87,22.20,0.00,1,Coast,506.3206
4586.0,563,56.300,12.734,45.84,22.20,0.00,1,Coast,506.3206
4587.0,563,56.300,12.725,45.81,22.20,0.00,1,Coast,506.3206
4588.0,563,56.300,12.716,45.78,22.20,0.00,1,Coast,506.3206
4589.0,563,56.300,12.707,45.75,22.20,0.00,1,Coast,506.3206
4590.0,564,56.400,12.698,45.71,22.20,0.00,2,Cruise,506.3206
4591.0,564,56.400,12.733,45.84,22.20,0.00,2,Cruise,506.3206
4592.0,564,56.400,12.768,45.97,22.20,0.00,2,Cruise,506.3206
4593.0,564,56.400,12.804,46.09,22.20,0.00,2,Cruise,506.3206
4594.0,564,56.400,12.839,46.22,22.20,0.00,2,Cruise,506.3206
4595.0,564,56.400,12.873,46.34,22.20,0.00,2,Cruise,506.3206
4596.0,564,56.400,12.908,46.47,22.20,0.00,2,Cruise,506.3206
4597.0,564,56.400,12.943,46.60,22.20,0.00,2,Cruise,506.3206
4598.0,565,56.500,12.978,46.72,22.20,0.00,2,Cruise,506.3206
4599.0,565,56.500,13.041,46.95,22.20,0.00,2,Cruise,506.3206
4600.0,565,56.500,13.104,47.17,22.20,0.00,2,Cruise,506.3206
4601.0,565,56.500,13.166,47.40,22.20,0.00,2,Cruise,506.3206
4602.0,565,56.500,13.229,47.62,22.20,0.00,2,Cruise,506.3206
4603.0,565,56.500,13.292,47.85,22.20,0.00,2,Cruise,506.3206
4604.0,565,56.500,13.354,48.07,22.20,0.00,2,Cruise,506.3206
4605.0,566,56.600,13.416,48.30,22.20,0.00,2,Cruise,506.3206
4606.0,566,56.600,13.416,48.30,22.20,0.00,2,Cruise,506.5039
4607.0,566,56.600,13.416,48.30,22.20,0.00,2,Cruise,506.6871
4608.0,566,56.600,13.416,48.30,22.20,0.00,2,Cruise,506.8703
4609.0,566,56.600,13.416,48.30,22.20,0.00,2,Cruise,507.0536
4610.0,566,56.600,13.416,48.30,22.20,0.00,2,Cruise,507.2368
4611.0,566,56.600,13.416,48.30,22.20,0.00,2,Cruise,507.4200
4612.0,566,56.600,13.416,48.30,22.20,0.00,2,Cruise,507.6033
4613.0,567,56.700,13.416,48.30,22.20,0.00,2,Cruise,507.7865
4614.0,567,56.700,13.416,48.30,22.20,0.00,2,Cruise,507.9931
4615.0,567,56.700,13.416,48.30,22.20,0.00,2,Cruise,508.1997
4616.0,567,56.700,13.416,48.30,22.20,0.00,2,Cruise,508.4063
4617.0,567,56.700,13.416,48.30,22.20,0.00,2,Cruise,508.6129
4618.0,567,56.700,13.416,48.30,22.20,0.00,2,Cruise,508.8195
4619.0,567,56.700,13.416,48.30,22.20,0.00,2,Cruise,509.0261
4620.0,568,56.800,13.416,48.30,22.20,0.00,2,Cruise,509.2326
4621.0,568,56.800,13.416,48.30,22.20,0.00,2,Cruise,509.3450
4622.0,568,56.800,13.416,48.30,22.20,0.00,2,Cruise,509.4574
4623.0,568,56.800,13.416,48.30,22.20,0.00,2,Cruise,509.5698
4624.0,568,56.800,13.416,48.30,22.20,0.00,2,Cruise,509.6822
4625.0,568,56.800,13.416,48.30,22.20,0.00,2,Cruise,509.7946
4626.0,568,56.800,13.416,48.30,22.20,0.00,2,Cruise,509.9070
4627.0,568,56.800,13.416,48.30,22.20,0.00,2,Cruise,510.0194
4628.0,569,56.900,13.416,48.30,22.20,0.00,2,Cruise,510.1318
4629.0,569,56.900,13.416,48.30,22.20,0.00,2,Cruise,510.2893
4630.0,569,56.900,13.416,48.30,22.20,0.00,2,Cruise,510.4469
4631.0,569,56.900,13.416,48.30,22.20,0.00,2,Cruise,510.6045
4632.0,569,56.900,13.416,48.30,22.20,0.00,2,Cruise,510.7620
4633.0,569,56.900,13.416,48.30,22.20,0.00,2,Cruise,510.9196
4634.0,569,56.900,13.416,48.30,22.20,0.00,2,Cruise,511.0772
4635.0,570,57.000,13.416,48.30,22.20,0.00,2,Cruise,511.2347
4636.0,570,57.000,13.416,48.30,22.20,0.00,2,Cruise,511.3589
4637.0,570,57.000,13.416,48.30,22.20,0.00,2,Cruise,511.4831
4638.0,570,57.000,13.416,48.30,22.20,0.00,2,Cruise,511.6073
4639.0,570,57.000,13.416,48.30,22.20,0.00,2,Cruise,511.7315
4640.0,570,57.000,13.416,48.30,22.20,0.00,2,Cruise,511.8557
4641.0,570,57.000,13.416,48.30,22.20,0.00,2,Cruise,511.9800
4642.0,570,57.000,13.416,48.30,22.20,0.00,2,Cruise,512.1042
4643.0,571,57.100,13.416,48.30,22.20,0.00,2,Cruise,512.2284
4644.0,571,57.100,13.416,48.30,22.20,0.00,2,Cruise,512.4523
4645.0,571,57.100,13.416,48.30,22.20,0.00,2,Cruise,512.6763
4646.0,571,57.100,13.416,48.30,22.20,0.00,2,Cruise,512.9002
4647.0,571,57.100,13.416,48.30,22.20,0.00,2,Cruise,513.1242
4648.0,571,57.100,13.416,48.30,22.20,0.00,2,Cruise,513.3482
4649.0,571,57.100,13.416,48.30,22.20,0.00,2,Cruise,513.5721
4650.0,572,57.200,13.416,48.30,22.20,0.00,2,Cruise,513.7961
4651.0,572,57.200,13.416,48.30,22.20,0.00,2,Cruise,513.7991
4652.0,572,57.200,13.416,48.30,22.20,0.00,2,Cruise,513.8021
4653.0,572,57.200,13.416,48.30,22.20,0.00,2,Cruise,513.8051
4654.0,572,57.200,13.416,48.30,22.20,0.00,2,Cruise,513.8081
4655.0,572,57.200,13.416,48.30,22.20,0.00,2,Cruise,513.8111
4656.0,572,57.200,13.416,48.30,22.20,0.00,2,Cruise,513.8141
4657.0,572,57.200,13.416,48.30,22.20,0.00,2,Cruise,513.8171
4658.0,573,57.300,13.416,48.30,22.20,0.00,2,Cruise,513.8201
4659.0,573,57.300,13.416,48.30,22.20,0.00,2,Cruise,513.8240
4660.0,573,57.300,13.416,48.30,22.20,0.00,2,Cruise,513.8279
4661.0,573,57.300,13.416,48.30,22.20,0.00,2,Cruise,513.8318
4662.0,573,57.300,13.416,48.30,22.20,0.00,2,Cruise,513.8357
4663.0,573,57.300,13.416,48.30,22.20,0.00,2,Cruise,513.8397
4664.0,573,57.300,13.416,48.30,22.20,0.00,2,Cruise,513.8436
4665.0,574,57.400,13.416,48.30,22.20,0.00,2,Cruise,513.8475
4666.0,574,57.400,13.416,48.30,22.20,0.00,2,Cruise,513.9509
4667.0,574,57.400,13.416,48.30,22.20,0.00,2,Cruise,514.0544
4668.0,574,57.400,13.416,48.30,22.20,0.00,2,Cruise,514.1578
4669.0,574,57.400,13.416,48.30,22.20,0.00,2,Cruise,514.2612
4670.0,574,57.400,13.416,48.30,22.20,0.00,2,Cruise,514.3647
4671.0,574,57.400,13.416,48.30,22.20,0.00,2,Cruise,514.4681
4672.0,574,57.400,13.416,48.30,22.20,0.00,2,Cruise,514.5715
4673.0,575,57.500,13.416,48.30,22.20,0.00,2,Cruise,514.6750
4674.0,575,57.500,13.463,48.47,22.20,0.00,2,Cruise,514.6750
4675.0,575,57.500,13.509,48.63,22.20,0.00,2,Cruise,514.6750
4676.0,575,57.500,13.555,48.80,22.20,0.00,2,Cruise,514.6750
4677.0,575,57.500,13.601,48.96,22.20,0.00,2,Cruise,514.6750
4678.0,575,57.500,13.646,49.13,22.20,0.00,2,Cruise,514.6750
4679.0,575,57.500,13.692,49.29,22.20,0.00,2,Cruise,514.6750
4680.0,576,57.600,13.738,49.46,22.20,0.00,2,Cruise,514.6750
4681.0,576,57.600,13.738,49.46,22.20,0.00,2,Cruise,514.8432
4682.0,576,57.600,13.738,49.46,22.20,0.00,2,Cruise,515.0114
4683.0,576,57.600,13.738,49.46,22.20,0.00,2,Cruise,515.1796
4684.0,576,57.600,13.738,49.46,22.20,0.00,2,Cruise,515.3478
4685.0,576,57.600,13.738,49.46,22.20,0.00,2,Cruise,515.5161
4686.0,576,57.600,13.738,49.46,22.20,0.00,2,Cruise,515.6843
4687.0,577,57.700,13.738,49.46,22.20,0.00,2,Cruise,515.8525
4688.0,577,57.700,13.774,49.59,22.20,0.00,2,Cruise,515.8525
4689.0,577,57.700,13.810,49.72,22.20,0.00,2,Cruise,515.8525
4690.0,577,57.700,13.846,49.84,22.20,0.00,2,Cruise,515.8525
4691.0,577,57.700,13.881,49.97,22.20,0.00,2,Cruise,515.8525
4692.0,577,57.700,13.917,50.10,22.20,0.00,2,Cruise,515.8525
4693.0,577,57.700,13.953,50.23,22.20,0.00,2,Cruise,515.8525
4694.0,578,57.800,13.988,50.36,22.20,0.00,2,Cruise,515.8525
4695.0,578,57.800,13.988,50.36,22.20,0.00,2,Cruise,515.9339
4696.0,578,57.800,13.988,50.36,22.20,0.00,2,Cruise,516.0152
4697.0,578,57.800,13.988,50.36,22.20,0.00,2,Cruise,516.0966
4698.0,578,57.800,13.988,50.36,22.20,0.00,2,Cruise,516.1779
4699.0,578,57.800,13.988,50.36,22.20,0.00,2,Cruise,516.2593
4700.0,578,57.800,13.988,50.36,22.20,0.00,2,Cruise,516.3406
4701.0,578,57.800,13.988,50.36,22.20,0.00,2,Cruise,516.4220
4702.0,579,57.900,13.988,50.36,22.20,0.00,2,Cruise,516.5034
4703.0,579,57.900,13.988,50.36,22.20,0.00,2,Cruise,516.6930
4704.0,579,57.900,13.988,50.36,22.20,0.00,2,Cruise,516.8826
4705.0,579,57.900,13.988,50.36,22.20,0.00,2,Cruise,517.0722
4706.0,579,57.900,13.988,50.36,22.20,0.00,2,Cruise,517.2619
4707.0,579,57.900,13.988,50.36,22.20,0.00,2,Cruise,517.4515
4708.0,579,57.900,13.988,50.36,22.20,0.00,2,Cruise,517.6411
4709.0,580,58.000,13.988,50.36,22.20,0.00,2,Cruise,517.8307
4710.0,580,58.000,13.988,50.36,22.20,0.00,2,Cruise,517.9401
4711.0,580,58.000,13.988,50.36,22.20,0.00,2,Cruise,518.0495
4712.0,580,58.000,13.988,50.36,22.20,0.00,2,Cruise,518.1589
4713.0,580,58.000,13.988,50.36,22.20,0.00,2,Cruise,518.2683
4714.0,580,58.000,13.988,50.36,22.20,0.00,2,Cruise,518.3777
4715.0,580,58.000,13.988,50.36,22.20,0.00,2,Cruise,518.4871
4716.0,581,58.100,13.988,50.36,22.20,0.00,2,Cruise,518.5965
4717.0,581,58.100,13.988,50.36,22.20,0.00,2,Cruise,518.7587
4718.0,581,58.100,13.988,50.36,22.20,0.00,2,Cruise,518.9209
4719.0,581,58.100,13.988,50.36,22.20,0.00,2,Cruise,519.0831
4720.0,581,58.100,13.988,50.36,22.20,0.00,2,Cruise,519.2453
4721.0,581,58.100,13.988,50.36,22.20,0.00,2,Cruise,519.4075
4722.0,581,58.100,13.988,50.36,22.20,0.00,2,Cruise,519.5697
4723.0,582,58.200,13.988,50.36,22.20,0.00,2,Cruise,519.7319
4724.0,582,58.200,13.988,50.36,22.20,0.00,2,Cruise,519.8553
4725.0,582,58.200,13.988,50.36,22.20,0.00,2,Cruise,519.9787
4726.0,582,58.200,13.988,50.36,22.20,0.00,2,Cruise,520.1021
4727.0,582,58.200,13.988,50.36,22.20,0.00,2,Cruise,520.2254
4728.0,582,58.200,13.988,50.36,22.20,0.00,2,Cruise,520.3488
4729.0,582,58.200,13.988,50.36,22.20,0.00,2,Cruise,520.4722
4730.0,583,58.300,13.988,50.36,22.20,0.00,2,Cruise,520.5956
4731.0,583,58.300,13.988,50.36,22.20,0.00,2,Cruise,520.7410
4732.0,583,58.300,13.988,50.36,22.20,0.00,2,Cruise,520.8863
4733.0,583,58.300,13.988,50.36,22.20,0.00,2,Cruise,521.0317
4734.0,583,58.300,13.988,50.36,22.20,0.00,2,Cruise,521.1771
4735.0,583,58.300,13.988,50.36,22.20,0.00,2,Cruise,521.3225
4736.0,583,58.300,13.988,50.36,22.20,0.00,2,Cruise,521.4679
4737.0,584,58.400,13.988,50.36,22.20,0.00,2,Cruise,521.6132
4738.0,584,58.400,13.988,50.36,22.20,0.00,2,Cruise,521.8853
4739.0,584,58.400,13.988,50.36,22.20,0.00,2,Cruise,522.1573
4740.0,584,58.400,13.988,50.36,22.20,0.00,2,Cruise,522.4293
4741.0,584,58.400,13.988,50.36,22.20,0.00,2,Cruise,522.7014
4742.0,584,58.400,13.988,50.36,22.20,0.00,2,Cruise,522.9734
4743.0,584,58.400,13.988,50.36,22.20,0.00,2,Cruise,523.2454
4744.0,585,58.500,13.988,50.36,22.20,0.00,2,Cruise,523.5174
4745.0,585,58.500,13.988,50.36,22.20,0.00,2,Cruise,523.6871
4746.0,585,58.500,13.988,50.36,22.20,0.00,2,Cruise,523.8567
4747.0,585,58.500,13.988,50.36,22.20,0.00,2,Cruise,524.0263
4748.0,585,58.500,13.988,50.36,22.20,0.00,2,Cruise,524.1959
4749.0,585,58.500,13.988,50.36,22.20,0.00,2,Cruise,524.3655
4750.0,585,58.500,13.988,50.36,22.20,0.00,2,Cruise,524.5351
4751.0,585,58.500,13.988,50.36,22.20,0.00,2,Cruise,524.7048
4752.0,586,58.600,13.988,50.36,22.20,0.00,2,Cruise,524.8744
4753.0,586,58.600,13.988,50.36,22.20,0.00,2,Cruise,525.0102
4754.0,586,58.600,13.988,50.36,22.20,0.00,2,Cruise,525.1460
4755.0,586,58.600,13.988,50.36,22.20,0.00,2,Cruise,525.2818
4756.0,586,58.600,13.988,50.36,22.20,0.00,2,Cruise,525.4177
4757.0,586,58.600,13.988,50.36,22.20,0.00,2,Cruise,525.5535
4758.0,586,58.600,13.988,50.36,22.20,0.00,2,Cruise,525.6893
4759.0,587,58.700,13.988,50.36,1.00,0.00,2,Cruise,525.8251
4760.0,587,58.700,13.988,50.36,1.00,0.00,2,Cruise,525.8350
4761.0,587,58.700,13.988,50.36,1.00,0.00,2,Cruise,525.8448
4762.0,587,58.700,13.988,50.36,1.00,0.00,2,Cruise,525.8547
4763.0,587,58.700,13.988,50.36,1.00,0.00,2,Cruise,525.8645
4764.0,587,58.700,13.988,50.36,1.00,0.00,2,Cruise,525.8744
4765.0,587,58.700,13.988,50.36,1.00,0.00,2,Cruise,525.8842
4766.0,588,58.800,13.988,50.36,22.20,0.00,2,Cruise,525.8941
4767.0,588,58.800,14.034,50.52,22.20,0.00,2,Cruise,525.8941
4768.0,588,58.800,14.079,50.69,22.20,0.00,2,Cruise,525.8941
4769.0,588,58.800,14.125,50.85,22.20,0.00,2,Cruise,525.8941
4770.0,588,58.800,14.170,51.01,22.20,0.00,2,Cruise,525.8941
4771.0,588,58.800,14.216,51.18,22.20,0.00,2,Cruise,525.8941
4772.0,588,58.800,14.261,51.34,22.20,0.00,2,Cruise,525.8941
4773.0,589,58.900,14.306,51.50,22.20,0.00,2,Cruise,525.8941
4774.0,589,58.900,14.306,51.50,22.20,0.00,2,Cruise,526.2985
4775.0,589,58.900,14.306,51.50,22.20,0.00,2,Cruise,526.7030
4776.0,589,58.900,14.306,51.50,22.20,0.00,2,Cruise,527.1074
4777.0,589,58.900,14.306,51.50,22.20,0.00,2,Cruise,527.5119
4778.0,589,58.900,14.306,51.50,22.20,0.00,2,Cruise,527.9164
4779.0,589,58.900,14.306,51.50,22.20,0.00,2,Cruise,528.3208
4780.0,590,59.000,14.306,51.50,22.20,0.00,2,Cruise,528.7253
4781.0,590,59.000,14.327,51.58,22.20,0.00,2,Cruise,528.7253
4782.0,590,59.000,14.347,51.65,22.20,0.00,2,Cruise,528.7253
4783.0,590,59.000,14.368,51.72,22.20,0.00,2,Cruise,528.7253
4784.0,590,59.000,14.388,51.80,22.20,0.00,2,Cruise,528.7253
4785.0,590,59.000,14.408,51.87,22.20,0.00,2,Cruise,528.7253
4786.0,590,59.000,14.429,51.94,22.20,0.00,2,Cruise,528.7253
4787.0,591,59.100,14.449,52.02,22.20,0.00,2,Cruise,528.7253
4788.0,591,59.100,14.449,52.02,22.20,0.00,2,Cruise,529.0885
4789.0,591,59.100,14.449,52.02,22.20,0.00,2,Cruise,529.4517
4790.0,591,59.100,14.449,52.02,22.20,0.00,2,Cruise,529.8149
4791.0,591,59.100,14.449,52.02,22.20,0.00,2,Cruise,530.1781
4792.0,591,59.100,14.449,52.02,22.20,0.00,2,Cruise,530.5413
4793.0,591,59.100,14.449,52.02,22.20,0.00,2,Cruise,530.9045
4794.0,592,59.200,14.449,52.02,22.20,0.00,2,Cruise,531.2677
4795.0,592,59.200,14.544,52.36,22.20,0.00,2,Cruise,531.2677
4796.0,592,59.200,14.640,52.70,22.20,0.00,2,Cruise,531.2677
4797.0,592,59.200,14.735,53.05,22.20,0.00,2,Cruise,531.2677
4798.0,592,59.200,14.830,53.39,22.20,0.00,2,Cruise,531.2677
4799.0,592,59.200,14.925,53.73,22.20,0.00,2,Cruise,531.2677
4800.0,592,59.200,15.020,54.07,22.20,0.00,2,Cruise,531.2677
4801.0,593,59.300,15.115,54.41,22.20,0.00,2,Cruise,531.2677
4802.0,593,59.300,15.115,54.41,22.20,0.00,2,Cruise,531.4004
4803.0,593,59.300,15.115,54.41,22.20,0.00,2,Cruise,531.5331
4804.0,593,59.300,15.115,54.41,22.20,0.00,2,Cruise,531.6658
4805.0,593,59.300,15.115,54.41,22.20,0.00,2,Cruise,531.7985
4806.0,593,59.300,15.115,54.41,22.20,0.00,2,Cruise,531.9312
4807.0,594,59.400,15.115,54.41,22.20,0.00,2,Cruise,532.0639
4808.0,594,59.400,15.115,54.41,22.20,0.00,2,Cruise,532.1775
4809.0,594,59.400,15.115,54.41,22.20,0.00,2,Cruise,532.2911
4810.0,594,59.400,15.115,54.41,22.20,0.00,2,Cruise,532.4047
4811.0,594,59.400,15.115,54.41,22.20,0.00,2,Cruise,532.5183
4812.0,594,59.400,15.115,54.41,22.20,0.00,2,Cruise,532.6320
4813.0,594,59.400,15.115,54.41,22.20,0.00,2,Cruise,532.7456
4814.0,595,59.500,15.115,54.41,22.20,0.00,1,Coast,532.8592
4815.0,595,59.500,15.066,54.24,22.20,0.00,1,Coast,532.8592
4816.0,595,59.500,15.017,54.06,22.20,0.00,1,Coast,532.8592
4817.0,595,59.500,14.968,53.88,22.20,0.00,1,Coast,532.8592
4818.0,595,59.500,14.919,53.71,22.20,0.00,1,Coast,532.8592
4819.0,595,59.500,14.870,53.53,22.20,0.00,1,Coast,532.8592
4820.0,595,59.500,14.821,53.36,22.20,0.00,1,Coast,532.8592
4821.0,596,59.600,14.772,53.18,22.20,0.00,1,Coast,532.8592
4822.0,596,59.600,14.609,52.59,22.20,0.00,1,Coast,532.8592
4823.0,596,59.600,14.445,52.00,22.20,0.00,1,Coast,532.8592
4824.0,596,59.600,14.282,51.41,22.20,0.00,1,Coast,532.8592
4825.0,596,59.600,14.119,50.83,22.20,0.00,1,Coast,532.8592
4826.0,596,59.600,13.956,50.24,22.20,0.00,1,Coast,532.8592
4827.0,596,59.600,13.793,49.66,22.20,0.00,1,Coast,532.8592
4828.0,597,59.700,13.631,49.07,22.20,0.00,1,Coast,532.8592
4829.0,597,59.700,13.535,48.73,22.20,0.00,1,Coast,532.8592
4830.0,597,59.700,13.440,48.38,22.20,0.00,1,Coast,532.8592
4831.0,597,59.700,13.345,48.04,22.20,0.00,1,Coast,532.8592
4832.0,597,59.700,13.250,47.70,22.20,0.00,1,Coast,532.8592
4833.0,597,59.700,13.155,47.36,22.20,0.00,1,Coast,532.8592
4834.0,597,59.700,13.060,47.02,22.20,0.00,1,Coast,532.8592
4835.0,598,59.800,12.966,46.68,22.20,0.00,2,Cruise,532.8592
4836.0,598,59.800,13.055,47.00,22.20,0.00,2,Cruise,532.8592
4837.0,598,59.800,13.144,47.32,22.20,0.00,2,Cruise,532.8592
4838.0,598,59.800,13.233,47.64,22.20,0.00,2,Cruise,532.8592
4839.0,598,59.800,13.322,47.96,22.20,0.00,2,Cruise,532.8592
4840.0,598,59.800,13.411,48.28,22.20,0.00,2,Cruise,532.8592
4841.0,598,59.800,13.500,48.60,22.20,0.00,2,Cruise,532.8592
4842.0,598,59.800,13.589,48.92,22.20,0.00,2,Cruise,532.8592
4843.0,599,59.900,13.678,49.24,22.20,0.00,2,Cruise,532.8592
4844.0,599,59.900,13.812,49.72,22.20,0.00,2,Cruise,532.8592
4845.0,599,59.900,13.947,50.21,22.20,0.00,2,Cruise,532.8592
4846.0,599,59.900,14.081,50.69,22.20,0.00,2,Cruise,532.8592
4847.0,599,59.900,14.216,51.18,22.20,0.00,2,Cruise,532.8592
4848.0,599,59.900,14.350,51.66,22.20,0.00,2,Cruise,532.8592
4849.0,599,59.900,14.484,52.14,22.20,0.00,2,Cruise,532.8592
4850.0,600,60.000,14.618,52.62,22.20,0.00,2,Cruise,532.8592
4851.0,600,60.000,14.672,52.82,22.20,0.00,2,Cruise,532.8592
4852.0,600,60.000,14.726,53.01,22.20,0.00,2,Cruise,532.8592
4853.0,600,60.000,14.780,53.21,22.20,0.00,2,Cruise,532.8592
4854.0,600,60.000,14.835,53.40,22.20,0.00,2,Cruise,532.8592
4855.0,600,60.000,14.889,53.60,22.20,0.00,2,Cruise,532.8592
4856.0,601,60.100,14.943,53.79,22.20,0.00,2,Cruise,532.8592
4857.0,601,60.100,15.180,54.65,22.20,0.00,2,Cruise,532.8592
4858.0,601,60.100,15.416,55.50,22.20,0.00,2,Cruise,532.8592
4859.0,601,60.100,15.653,56.35,22.20,0.00,2,Cruise,532.8592
4860.0,601,60.100,15.889,57.20,22.20,0.00,2,Cruise,532.8592
4861.0,601,60.100,16.125,58.05,22.20,0.00,2,Cruise,532.8592
4862.0,601,60.100,16.360,58.90,22.20,0.00,2,Cruise,532.8592
4863.0,602,60.200,16.595,59.74,22.20,0.00,3,Power,532.8592
4864.0,602,60.200,16.472,59.30,22.20,0.00,3,Power,533.8666
4865.0,602,60.200,16.353,58.87,22.20,0.00,3,Power,534.8740
4866.0,602,60.200,16.238,58.46,22.20,0.00,3,Power,535.8816
4867.0,602,60.200,16.127,58.06,22.20,0.00,3,Power,536.8892
4868.0,602,60.200,16.020,57.67,22.20,0.00,3,Power,537.8970
4869.0,603,60.300,15.916,57.30,22.20,0.00,2,Cruise,538.9048
4870.0,603,60.300,15.916,57.30,22.20,0.00,2,Cruise,539.1765
4871.0,603,60.300,15.916,57.30,22.20,0.00,2,Cruise,539.4482
4872.0,603,60.300,15.916,57.30,22.20,0.00,2,Cruise,539.7199
4873.0,603,60.300,15.916,57.30,22.20,0.00,2,Cruise,539.9916
4874.0,603,60.300,15.916,57.30,22.20,0.00,2,Cruise,540.2633
4875.0,604,60.400,15.916,57.30,22.20,0.00,2,Cruise,540.5350
4876.0,604,60.400,15.916,57.30,22.20,0.00,2,Cruise,540.8947
4877.0,604,60.400,15.916,57.30,22.20,0.00,2,Cruise,541.2543
4878.0,604,60.400,15.916,57.30,22.20,0.00,2,Cruise,541.6140
4879.0,604,60.400,15.916,57.30,22.20,0.00,2,Cruise,541.9737
4880.0,604,60.400,15.916,57.30,22.20,0.00,2,Cruise,542.3333
4881.0,604,60.400,15.916,57.30,22.20,0.00,2,Cruise,542.6930
4882.0,605,60.500,15.916,57.30,22.20,0.00,2,Cruise,543.0527
4883.0,605,60.500,15.916,57.30,22.20,0.00,2,Cruise,543.1121
4884.0,605,60.500,15.916,57.30,22.20,0.00,2,Cruise,543.1715
4885.0,605,60.500,15.916,57.30,22.20,0.00,2,Cruise,543.2309
4886.0,605,60.500,15.916,57.30,22.20,0.00,2,Cruise,543.2903
4887.0,605,60.500,15.916,57.30,22.20,0.00,2,Cruise,543.3497
4888.0,606,60.600,15.916,57.30,22.20,0.00,2,Cruise,543.4091
4889.0,606,60.600,15.916,57.30,22.20,0.00,2,Cruise,543.4832
4890.0,606,60.600,15.916,57.30,22.20,0.00,2,Cruise,543.5574
4891.0,606,60.600,15.916,57.30,22.20,0.00,2,Cruise,543.6315
4892.0,606,60.600,15.916,57.30,22.20,0.00,2,Cruise,543.7056
4893.0,606,60.600,15.916,57.30,22.20,0.00,2,Cruise,543.7798
4894.0,607,60.700,15.916,57.30,22.20,0.00,2,Cruise,543.8539
4895.0,607,60.700,15.916,57.30,22.20,0.00,2,Cruise,544.1842
4896.0,607,60.700,15.916,57.30,22.20,0.00,2,Cruise,544.5145
4897.0,607,60.700,15.916,57.30,22.20,0.00,2,Cruise,544.8447
4898.0,607,60.700,15.916,57.30,22.20,0.00,2,Cruise,545.1750
4899.0,607,60.700,15.916,57.30,22.20,0.00,2,Cruise,545.5053
4900.0,608,60.800,15.916,57.30,22.20,0.00,2,Cruise,545.8356
4901.0,608,60.800,15.916,57.30,22.20,0.00,2,Cruise,545.9399
4902.0,608,60.800,15.916,57.30,22.20,0.00,2,Cruise,546.0441
4903.0,608,60.800,15.916,57.30,22.20,0.00,2,Cruise,546.1484
4904.0,608,60.800,15.916,57.30,22.20,0.00,2,Cruise,546.2527
4905.0,608,60.800,15.916,57.30,22.20,0.00,2,Cruise,546.3569
4906.0,608,60.800,15.916,57.30,22.20,0.00,2,Cruise,546.4612
4907.0,609,60.900,15.916,57.30,22.20,0.00,2,Cruise,546.5655
4908.0,609,60.900,15.916,57.30,22.20,0.00,2,Cruise,546.8202
4909.0,609,60.900,15.916,57.30,22.20,0.00,2,Cruise,547.0749
4910.0,609,60.900,15.916,57.30,22.20,0.00,2,Cruise,547.3297
4911.0,609,60.900,15.916,57.30,22.20,0.00,2,Cruise,547.5844
4912.0,609,60.900,15.916,57.30,22.20,0.00,2,Cruise,547.8391
4913.0,610,61.000,15.916,57.30,22.20,0.00,2,Cruise,548.0938
4914.0,610,61.000,15.916,57.30,22.20,0.00,2,Cruise,548.0947
4915.0,610,61.000,15.916,57.30,22.20,0.00,2,Cruise,548.0956
4916.0,610,61.000,15.916,57.30,22.20,0.00,2,Cruise,548.0965
4917.0,610,61.000,15.916,57.30,22.20,0.00,2,Cruise,548.0974
4918.0,610,61.000,15.916,57.30,22.20,0.00,2,Cruise,548.0982
4919.0,611,61.100,15.916,57.30,22.20,0.00,3,Power,548.0991
4920.0,611,61.100,16.208,58.35,22.20,0.00,2,Cruise,549.1195
4921.0,611,61.100,16.208,58.35,22.20,0.00,2,Cruise,549.5937
4922.0,611,61.100,16.208,58.35,22.20,0.00,2,Cruise,550.0680
4923.0,611,61.100,16.208,58.35,22.20,0.00,2,Cruise,550.5423
4924.0,611,61.100,16.208,58.35,22.20,0.00,2,Cruise,551.0166
4925.0,612,61.200,16.208,58.35,22.20,0.00,3,Power,551.4908
4926.0,612,61.200,16.295,58.66,22.20,0.00,3,Power,552.5047
4927.0,612,61.200,16.379,58.97,22.20,0.00,3,Power,553.5184
4928.0,612,61.200,16.461,59.26,22.20,0.00,3,Power,554.5320
4929.0,612,61.200,16.539,59.54,22.20,0.00,3,Power,555.5455
4930.0,612,61.200,16.615,59.82,22.20,0.00,3,Power,556.5590
4931.0,612,61.200,16.689,60.08,22.20,0.00,3,Power,557.5723
4932.0,613,61.300,16.760,60.34,22.20,0.00,1,Coast,558.5856
4933.0,613,61.300,16.673,60.02,22.20,0.00,1,Coast,558.5856
4934.0,613,61.300,16.586,59.71,22.20,0.00,3,Power,558.5856
4935.0,613,61.300,17.017,61.26,22.20,0.00,1,Coast,559.6098
4936.0,613,61.300,16.929,60.95,22.20,0.00,1,Coast,559.6098
4937.0,614,61.400,16.842,60.63,22.20,0.00,2,Cruise,559.6098
4938.0,614,61.400,16.842,60.63,22.20,0.00,2,Cruise,559.7576
4939.0,614,61.400,16.842,60.63,22.20,0.00,2,Cruise,559.9055
4940.0,614,61.400,16.842,60.63,22.20,0.00,2,Cruise,560.0533
4941.0,614,61.400,16.842,60.63,22.20,0.00,2,Cruise,560.2011
4942.0,614,61.400,16.842,60.63,22.20,0.00,2,Cruise,560.3489
4943.0,615,61.500,16.842,60.63,22.20,0.00,3,Power,560.4967
4944.0,615,61.500,17.223,62.00,22.20,0.00,3,Power,561.5193
4945.0,615,61.500,17.593,63.33,22.20,0.00,1,Coast,562.5412
4946.0,615,61.500,17.463,62.87,22.20,0.00,3,Power,562.5412
4947.0,615,61.500,17.825,64.17,22.20,0.00,1,Coast,563.5628
4948.0,615,61.500,17.695,63.70,22.20,0.00,1,Coast,563.5628
4949.0,616,61.600,17.565,63.23,22.20,0.00,2,Cruise,563.5628
4950.0,616,61.600,17.565,63.23,22.20,0.00,2,Cruise,563.6778
4951.0,616,61.600,17.565,63.23,22.20,0.00,2,Cruise,563.7927
4952.0,616,61.600,17.565,63.23,22.20,0.00,2,Cruise,563.9076
4953.0,616,61.600,17.565,63.23,22.20,0.00,2,Cruise,564.0225
4954.0,616,61.600,17.565,63.23,22.20,0.00,2,Cruise,564.1374
4955.0,617,61.700,17.565,63.23,22.20,0.00,2,Cruise,564.2524
4956.0,617,61.700,17.565,63.23,22.20,0.00,2,Cruise,564.5134
4957.0,617,61.700,17.565,63.23,22.20,0.00,2,Cruise,564.7744
4958.0,617,61.700,17.565,63.23,22.20,0.00,2,Cruise,565.0354
4959.0,617,61.700,17.565,63.23,22.20,0.00,2,Cruise,565.2964
4960.0,617,61.700,17.565,63.23,22.20,0.00,2,Cruise,565.5574
4961.0,618,61.800,17.565,63.23,22.20,0.00,2,Cruise,565.8185
4962.0,618,61.800,17.565,63.23,22.20,0.00,2,Cruise,566.0478
4963.0,618,61.800,17.565,63.23,22.20,0.00,2,Cruise,566.2771
4964.0,618,61.800,17.565,63.23,22.20,0.00,2,Cruise,566.5064
4965.0,618,61.800,17.565,63.23,22.20,0.00,2,Cruise,566.7357
4966.0,619,61.900,17.565,63.23,22.20,0.00,3,Power,566.9651
4967.0,619,61.900,17.919,64.51,22.20,0.00,2,Cruise,567.9864
4968.0,619,61.900,17.919,64.51,22.20,0.00,2,Cruise,568.2722
4969.0,619,61.900,17.919,64.51,22.20,0.00,2,Cruise,568.5581
4970.0,619,61.900,17.919,64.51,22.20,0.00,2,Cruise,568.8439
4971.0,619,61.900,17.919,64.51,22.20,0.00,2,Cruise,569.1298
4972.0,620,62.000,17.919,64.51,22.20,0.00,2,Cruise,569.4156
4973.0,620,62.000,17.919,64.51,22.20,0.00,2,Cruise,569.5930
4974.0,620,62.000,17.919,64.51,22.20,0.00,2,Cruise,569.7705
4975.0,620,62.000,17.919,64.51,22.20,0.00,2,Cruise,569.9479
4976.0,620,62.000,17.919,64.51,22.20,0.00,2,Cruise,570.1253
4977.0,621,62.100,17.919,64.51,22.20,0.00,1,Coast,570.3027
4978.0,621,62.100,17.744,63.88,22.20,0.00,1,Coast,570.3027
4979.0,621,62.100,17.568,63.24,22.20,0.00,1,Coast,570.3027
4980.0,621,62.100,17.393,62.61,22.20,0.00,1,Coast,570.3027
4981.0,621,62.100,17.218,61.98,22.20,0.00,1,Coast,570.3027
4982.0,621,62.100,17.043,61.35,22.20,0.00,1,Coast,570.3027
4983.0,622,62.200,16.868,60.73,22.20,0.00,1,Coast,570.3027
4984.0,622,62.200,16.748,60.29,22.20,0.00,1,Coast,570.3027
4985.0,622,62.200,16.628,59.86,22.20,0.00,1,Coast,570.3027
4986.0,622,62.200,16.508,59.43,22.20,0.00,1,Coast,570.3027
4987.0,622,62.200,16.388,59.00,22.20,0.00,1,Coast,570.3027
4988.0,622,62.200,16.269,58.57,22.20,0.00,1,Coast,570.3027
4989.0,623,62.300,16.149,58.14,22.20,0.00,1,Coast,570.3027
4990.0,623,62.300,16.010,57.63,22.20,0.00,1,Coast,570.3027
4991.0,623,62.300,15.870,57.13,22.20,0.00,1,Coast,570.3027
4992.0,623,62.300,15.731,56.63,22.20,0.00,3,Power,570.3027
4993.0,623,62.300,16.138,58.10,22.20,0.00,1,Coast,571.3269
4994.0,623,62.300,15.999,57.60,22.20,0.00,1,Coast,571.3269
4995.0,624,62.400,15.859,57.09,22.20,0.00,1,Coast,571.3269
4996.0,624,62.400,15.824,56.97,22.20,0.00,1,Coast,571.3269
4997.0,624,62.400,15.789,56.84,22.20,0.00,1,Coast,571.3269
4998.0,624,62.400,15.755,56.72,22.20,0.00,1,Coast,571.3269
4999.0,624,62.400,15.720,56.59,22.20,0.00,1,Coast,571.3269
5000.0,624,62.400,15.685,56.47,22.20,0.00,1,Coast,571.3269
5001.0,624,62.400,15.650,56.34,22.20,0.00,1,Coast,571.3269
5002.0,625,62.500,15.616,56.22,22.20,0.00,1,Coast,571.3269
5003.0,625,62.500,15.586,56.11,22.20,0.00,1,Coast,571.3269
5004.0,625,62.500,15.557,56.01,22.20,0.00,1,Coast,571.3269
5005.0,625,62.500,15.528,55.90,22.20,0.00,1,Coast,571.3269
5006.0,625,62.500,15.499,55.80,22.20,0.00,1,Coast,571.3269
5007.0,625,62.500,15.470,55.69,22.20,0.00,1,Coast,571.3269
5008.0,626,62.600,15.441,55.59,22.20,0.00,2,Cruise,571.3269
5009.0,626,62.600,15.441,55.59,22.20,0.00,2,Cruise,571.3529
5010.0,626,62.600,15.441,55.59,22.20,0.00,2,Cruise,571.3788
5011.0,626,62.600,15.441,55.59,22.20,0.00,2,Cruise,571.4047
5012.0,626,62.600,15.441,55.59,22.20,0.00,2,Cruise,571.4306
5013.0,626,62.600,15.441,55.59,22.20,0.00,2,Cruise,571.4565
5014.0,626,62.600,15.441,55.59,22.20,0.00,2,Cruise,571.4824
5015.0,627,62.700,15.441,55.59,22.20,0.00,3,Power,571.5083
5016.0,627,62.700,15.807,56.90,22.20,0.00,3,Power,572.5314
5017.0,627,62.700,16.159,58.17,22.20,0.00,3,Power,573.5537
5018.0,627,62.700,16.499,59.40,22.20,0.00,3,Power,574.5755
5019.0,627,62.700,16.827,60.58,22.20,0.00,3,Power,575.5967
5020.0,627,62.700,17.145,61.72,22.20,0.00,3,Power,576.6173
5021.0,628,62.800,17.453,62.83,22.20,0.00,1,Coast,577.6375
5022.0,628,62.800,17.382,62.58,22.20,0.00,1,Coast,577.6375
5023.0,628,62.800,17.312,62.32,22.20,0.00,1,Coast,577.6375
5024.0,628,62.800,17.241,62.07,22.20,0.00,1,Coast,577.6375
5025.0,628,62.800,17.170,61.81,22.20,0.00,1,Coast,577.6375
5026.0,628,62.800,17.100,61.56,22.20,0.00,1,Coast,577.6375
5027.0,629,62.900,17.029,61.31,22.20,0.00,2,Cruise,577.6375
5028.0,629,62.900,17.029,61.31,22.20,0.00,2,Cruise,577.7212
5029.0,629,62.900,17.029,61.31,22.20,0.00,2,Cruise,577.8050
5030.0,629,62.900,17.029,61.31,22.20,0.00,2,Cruise,577.8887
5031.0,629,62.900,17.029,61.31,22.20,0.00,2,Cruise,577.9724
5032.0,630,63.000,17.029,61.31,22.20,0.00,2,Cruise,578.0561
5033.0,630,63.000,17.029,61.31,22.20,0.00,2,Cruise,578.4034
5034.0,630,63.000,17.029,61.31,22.20,0.00,2,Cruise,578.7506
5035.0,630,63.000,17.029,61.31,22.20,0.00,2,Cruise,579.0979
5036.0,630,63.000,17.029,61.31,22.20,0.00,2,Cruise,579.4452
5037.0,630,63.000,17.029,61.31,22.20,0.00,2,Cruise,579.7924
5038.0,631,63.100,17.029,61.31,22.20,0.00,2,Cruise,580.1397
5039.0,631,63.100,17.029,61.31,22.20,0.00,2,Cruise,580.3326
5040.0,631,63.100,17.029,61.31,22.20,0.00,2,Cruise,580.5254
5041.0,631,63.100,17.029,61.31,22.20,0.00,2,Cruise,580.7183
5042.0,631,63.100,17.029,61.31,22.20,0.00,2,Cruise,580.9111
5043.0,631,63.100,17.029,61.31,22.20,0.00,2,Cruise,581.1040
5044.0,632,63.200,17.029,61.31,22.20,0.00,2,Cruise,581.2968
5045.0,632,63.200,17.029,61.31,22.20,0.00,2,Cruise,581.4918
5046.0,632,63.200,17.029,61.31,22.20,0.00,2,Cruise,581.6868
5047.0,632,63.200,17.029,61.31,22.20,0.00,2,Cruise,581.8818
5048.0,632,63.200,17.029,61.31,22.20,0.00,2,Cruise,582.0768
5049.0,632,63.200,17.029,61.31,22.20,0.00,2,Cruise,582.2718
5050.0,633,63.300,17.029,61.31,22.20,0.00,2,Cruise,582.4668
5051.0,633,63.300,17.029,61.31,22.20,0.00,2,Cruise,582.5821
5052.0,633,63.300,17.029,61.31,22.20,0.00,2,Cruise,582.6975
5053.0,633,63.300,17.029,61.31,22.20,0.00,2,Cruise,582.8128
5054.0,633,63.300,17.029,61.31,22.20,0.00,2,Cruise,582.9282
5055.0,633,63.300,17.029,61.31,22.20,0.00,2,Cruise,583.0435
5056.0,634,63.400,17.029,61.31,22.20,0.00,2,Cruise,583.1589
5057.0,634,63.400,17.029,61.31,22.20,0.00,2,Cruise,583.4684
5058.0,634,63.400,17.029,61.31,22.20,0.00,2,Cruise,583.7780
5059.0,634,63.400,17.029,61.31,22.20,0.00,2,Cruise,584.0876
5060.0,634,63.400,17.029,61.31,22.20,0.00,2,Cruise,584.3971
5061.0,634,63.400,17.029,61.31,22.20,0.00,2,Cruise,584.7067
5062.0,635,63.500,17.029,61.31,22.20,0.00,2,Cruise,585.0163
5063.0,635,63.500,17.029,61.31,22.20,0.00,2,Cruise,585.1129
5064.0,635,63.500,17.029,61.31,22.20,0.00,2,Cruise,585.2096
5065.0,635,63.500,17.029,61.31,22.20,0.00,2,Cruise,585.3062
5066.0,635,63.500,17.029,61.31,22.20,0.00,2,Cruise,585.4029
5067.0,635,63.500,17.029,61.31,22.20,0.00,2,Cruise,585.4996
5068.0,636,63.600,17.029,61.31,22.20,0.00,2,Cruise,585.5962
5069.0,636,63.600,17.029,61.31,22.20,0.00,2,Cruise,585.7957
5070.0,636,63.600,17.029,61.31,22.20,0.00,2,Cruise,585.9952
5071.0,636,63.600,17.029,61.31,22.20,0.00,2,Cruise,586.1947
5072.0,636,63.600,17.029,61.31,22.20,0.00,2,Cruise,586.3942
5073.0,636,63.600,17.029,61.31,22.20,0.00,2,Cruise,586.5937
5074.0,637,63.700,17.029,61.31,22.20,0.00,2,Cruise,586.7933
5075.0,637,63.700,17.029,61.31,22.20,0.00,2,Cruise,587.0883
5076.0,637,63.700,17.029,61.31,22.20,0.00,2,Cruise,587.3833
5077.0,637,63.700,17.029,61.31,22.20,0.00,2,Cruise,587.6784
5078.0,637,63.700,17.029,61.31,22.20,0.00,2,Cruise,587.9734
5079.0,638,63.800,17.029,61.31,22.20,0.00,2,Cruise,588.2685
5080.0,638,63.800,17.029,61.31,22.20,0.00,2,Cruise,588.5115
5081.0,638,63.800,17.029,61.31,22.20,0.00,2,Cruise,588.7545
5082.0,638,63.800,17.029,61.31,22.20,0.00,2,Cruise,588.9974
5083.0,638,63.800,17.029,61.31,22.20,0.00,2,Cruise,589.2404
5084.0,638,63.800,17.029,61.31,22.20,0.00,2,Cruise,589.4834
5085.0,639,63.900,17.029,61.31,22.20,0.00,2,Cruise,589.7264
5086.0,639,63.900,17.029,61.31,22.20,0.00,2,Cruise,590.0902
5087.0,639,63.900,17.029,61.31,22.20,0.00,2,Cruise,590.4540
5088.0,639,63.900,17.029,61.31,22.20,0.00,2,Cruise,590.8178
5089.0,639,63.900,17.029,61.31,22.20,0.00,2,Cruise,591.1816
5090.0,639,63.900,17.029,61.31,22.20,0.00,2,Cruise,591.5454
5091.0,640,64.000,17.029,61.31,22.20,0.00,2,Cruise,591.9092
5092.0,640,64.000,17.029,61.31,22.20,0.00,2,Cruise,592.0906
5093.0,640,64.000,17.029,61.31,22.20,0.00,2,Cruise,592.2721
5094.0,640,64.000,17.029,61.31,22.20,0.00,2,Cruise,592.4535
5095.0,640,64.000,17.029,61.31,22.20,0.00,2,Cruise,592.6349
5096.0,640,64.000,17.029,61.31,22.20,0.00,2,Cruise,592.8164
5097.0,641,64.100,17.029,61.31,22.20,0.00,2,Cruise,592.9978
5098.0,641,64.100,17.029,61.31,22.20,0.00,2,Cruise,593.2236
5099.0,641,64.100,17.029,61.31,22.20,0.00,2,Cruise,593.4495
5100.0,641,64.100,17.029,61.31,22.20,0.00,2,Cruise,593.6754
5101.0,641,64.100,17.029,61.31,22.20,0.00,2,Cruise,593.9012
5102.0,641,64.100,17.029,61.31,22.20,0.00,2,Cruise,594.1271
5103.0,642,64.200,17.029,61.31,22.20,0.00,1,Coast,594.3530
5104.0,642,64.200,16.853,60.67,22.20,0.00,1,Coast,594.3530
5105.0,642,64.200,16.677,60.04,22.20,0.00,1,Coast,594.3530
5106.0,642,64.200,16.502,59.41,22.20,0.00,1,Coast,594.3530
5107.0,642,64.200,16.326,58.78,22.20,0.00,1,Coast,594.3530
5108.0,642,64.200,16.151,58.14,22.20,0.00,1,Coast,594.3530
5109.0,643,64.300,15.976,57.51,22.20,0.00,1,Coast,594.3530
5110.0,643,64.300,15.944,57.40,22.20,0.00,1,Coast,594.3530
5111.0,643,64.300,15.912,57.28,22.20,0.00,1,Coast,594.3530
5112.0,643,64.300,15.880,57.17,22.20,0.00,1,Coast,594.3530
5113.0,643,64.300,15.848,57.05,22.20,0.00,1,Coast,594.3530
5114.0,643,64.300,15.816,56.94,22.20,0.00,1,Coast,594.3530
5115.0,644,64.400,15.784,56.82,22.20,0.00,1,Coast,594.3530
5116.0,644,64.400,15.595,56.14,22.20,0.00,1,Coast,594.3530
5117.0,644,64.400,15.407,55.46,22.20,0.00,1,Coast,594.3530
5118.0,644,64.400,15.218,54.79,22.20,0.00,1,Coast,594.3530
5119.0,644,64.400,15.030,54.11,22.20,0.00,1,Coast,594.3530
5120.0,644,64.400,14.842,53.43,22.20,0.00,1,Coast,594.3530
5121.0,644,64.400,14.654,52.75,22.20,0.00,1,Coast,594.3530
5122.0,645,64.500,14.466,52.08,22.20,0.00,1,Coast,594.3530
5123.0,645,64.500,14.538,52.34,22.20,0.00,1,Coast,594.3530
5124.0,645,64.500,14.610,52.60,22.20,0.00,1,Coast,594.3530
5125.0,645,64.500,14.681,52.85,22.20,0.00,1,Coast,594.3530
5126.0,645,64.500,14.753,53.11,22.20,0.00,1,Coast,594.3530
5127.0,645,64.500,14.824,53.37,22.20,0.00,1,Coast,594.3530
5128.0,645,64.500,14.895,53.62,22.20,0.00,1,Coast,594.3530
5129.0,646,64.600,14.967,53.88,22.20,0.00,2,Cruise,594.3530
5130.0,646,64.600,14.982,53.94,22.20,0.00,2,Cruise,594.3530
5131.0,646,64.600,14.998,53.99,22.20,0.00,2,Cruise,594.3530
5132.0,646,64.600,15.014,54.05,22.20,0.00,2,Cruise,594.3530
5133.0,646,64.600,15.030,54.11,22.20,0.00,2,Cruise,594.3530
5134.0,646,64.600,15.045,54.16,22.20,0.00,2,Cruise,594.3530
5135.0,647,64.700,15.061,54.22,22.20,0.00,2,Cruise,594.3530
5136.0,647,64.700,15.061,54.22,22.20,0.00,2,Cruise,594.4796
5137.0,647,64.700,15.061,54.22,22.20,0.00,2,Cruise,594.6062
5138.0,647,64.700,15.061,54.22,22.20,0.00,2,Cruise,594.7328
5139.0,647,64.700,15.061,54.22,22.20,0.00,2,Cruise,594.8594
5140.0,647,64.700,15.061,54.22,22.20,0.00,2,Cruise,594.9860
5141.0,647,64.700,15.061,54.22,22.20,0.00,2,Cruise,595.1126
5142.0,648,64.800,15.061,54.22,22.20,0.00,2,Cruise,595.2392
5143.0,648,64.800,15.493,55.77,22.20,0.00,2,Cruise,595.2392
5144.0,648,64.800,15.923,57.32,22.20,0.00,2,Cruise,595.2392
5145.0,648,64.800,16.354,58.87,22.20,0.00,2,Cruise,595.2392
5146.0,648,64.800,16.783,60.42,22.20,0.00,2,Cruise,595.2392
5147.0,648,64.800,17.212,61.96,22.20,0.00,2,Cruise,595.2392
5148.0,649,64.900,17.641,63.51,22.20,0.00,2,Cruise,595.2392
5149.0,649,64.900,17.641,63.51,22.20,0.00,2,Cruise,595.8658
5150.0,649,64.900,17.641,63.51,22.20,0.00,2,Cruise,596.4923
5151.0,649,64.900,17.641,63.51,22.20,0.00,2,Cruise,597.1189
5152.0,649,64.900,17.641,63.51,22.20,0.00,2,Cruise,597.7454
5153.0,649,64.900,17.641,63.51,22.20,0.00,2,Cruise,598.3720
5154.0,650,65.000,17.641,63.51,22.20,0.00,1,Coast,598.9985
5155.0,650,65.000,17.197,61.91,22.20,0.00,3,Power,598.9985
5156.0,650,65.000,17.253,62.11,22.20,0.00,1,Coast,600.0113
5157.0,650,65.000,16.810,60.52,22.20,0.00,3,Power,600.0113
5158.0,650,65.000,16.878,60.76,22.20,0.00,3,Power,601.0245
5159.0,650,65.000,16.944,61.00,22.20,0.00,3,Power,602.0376
5160.0,651,65.100,17.008,61.23,22.20,0.00,1,Coast,603.0506
5161.0,651,65.100,16.974,61.11,22.20,0.00,1,Coast,603.0506
5162.0,651,65.100,16.941,60.99,22.20,0.00,1,Coast,603.0506
5163.0,651,65.100,16.907,60.86,22.20,0.00,1,Coast,603.0506
5164.0,651,65.100,16.873,60.74,22.20,0.00,1,Coast,603.0506
5165.0,651,65.100,16.839,60.62,22.20,0.00,1,Coast,603.0506
5166.0,652,65.200,16.805,60.50,22.20,0.00,1,Coast,603.0506
5167.0,652,65.200,16.664,59.99,22.20,0.00,1,Coast,603.0506
5168.0,652,65.200,16.522,59.48,22.20,0.00,1,Coast,603.0506
5169.0,652,65.200,16.381,58.97,22.20,0.00,1,Coast,603.0506
5170.0,652,65.200,16.240,58.46,22.20,0.00,1,Coast,603.0506
5171.0,652,65.200,16.099,57.95,22.20,0.00,1,Coast,603.0506
5172.0,653,65.300,15.958,57.45,22.20,0.00,1,Coast,603.0506
5173.0,653,65.300,15.919,57.31,22.20,0.00,1,Coast,603.0506
5174.0,653,65.300,15.881,57.17,22.20,0.00,1,Coast,603.0506
5175.0,653,65.300,15.843,57.03,22.20,0.00,1,Coast,603.0506
5176.0,653,65.300,15.805,56.90,22.20,0.00,1,Coast,603.0506
5177.0,653,65.300,15.766,56.76,22.20,0.00,1,Coast,603.0506
5178.0,654,65.400,15.728,56.62,22.20,0.00,1,Coast,603.0506
5179.0,654,65.400,15.767,56.76,22.20,0.00,1,Coast,603.0506
5180.0,654,65.400,15.806,56.90,22.20,0.00,1,Coast,603.0506
5181.0,654,65.400,15.845,57.04,22.20,0.00,1,Coast,603.0506
5182.0,654,65.400,15.884,57.18,22.20,0.00,1,Coast,603.0506
5183.0,654,65.400,15.922,57.32,22.20,0.00,1,Coast,603.0506
5184.0,655,65.500,15.961,57.46,22.20,0.00,1,Coast,603.0506
5185.0,655,65.500,15.914,57.29,22.20,0.00,1,Coast,603.0506
5186.0,655,65.500,15.868,57.12,22.20,0.00,1,Coast,603.0506
5187.0,655,65.500,15.821,56.96,22.20,0.00,1,Coast,603.0506
5188.0,655,65.500,15.775,56.79,22.20,0.00,1,Coast,603.0506
5189.0,655,65.500,15.728,56.62,22.20,0.00,1,Coast,603.0506
5190.0,655,65.500,15.682,56.46,22.20,0.00,1,Coast,603.0506
5191.0,656,65.600,15.636,56.29,22.20,0.00,1,Coast,603.0506
5192.0,656,65.600,15.680,56.45,22.20,0.00,1,Coast,603.0506
5193.0,656,65.600,15.724,56.61,22.20,0.00,1,Coast,603.0506
5194.0,656,65.600,15.768,56.76,22.20,0.00,1,Coast,603.0506
5195.0,656,65.600,15.812,56.92,22.20,0.00,1,Coast,603.0506
5196.0,656,65.600,15.856,57.08,22.20,0.00,1,Coast,603.0506
5197.0,657,65.700,15.900,57.24,22.20,0.00,1,Coast,603.0506
5198.0,657,65.700,15.927,57.34,22.20,0.00,1,Coast,603.0506
5199.0,657,65.700,15.954,57.44,22.20,0.00,1,Coast,603.0506
5200.0,657,65.700,15.982,57.53,22.20,0.00,1,Coast,603.0506
5201.0,657,65.700,16.009,57.63,22.20,0.00,1,Coast,603.0506
5202.0,657,65.700,16.036,57.73,22.20,0.00,1,Coast,603.0506
5203.0,658,65.800,16.064,57.83,22.20,0.00,1,Coast,603.0506
5204.0,658,65.800,16.037,57.73,22.20,0.00,1,Coast,603.0506
5205.0,658,65.800,16.011,57.64,22.20,0.00,1,Coast,603.0506
5206.0,658,65.800,15.985,57.55,22.20,0.00,1,Coast,603.0506
5207.0,658,65.800,15.959,57.45,22.20,0.00,1,Coast,603.0506
5208.0,658,65.800,15.933,57.36,22.20,0.00,1,Coast,603.0506
5209.0,659,65.900,15.907,57.27,22.20,0.00,1,Coast,603.0506
5210.0,659,65.900,15.941,57.39,22.20,0.00,1,Coast,603.0506
5211.0,659,65.900,15.975,57.51,22.20,0.00,1,Coast,603.0506
5212.0,659,65.900,16.010,57.63,22.20,0.00,1,Coast,603.0506
5213.0,659,65.900,16.044,57.76,22.20,0.00,1,Coast,603.0506
5214.0,659,65.900,16.078,57.88,22.20,0.00,1,Coast,603.0506
5215.0,659,65.900,16.112,58.00,22.20,0.00,1,Coast,603.0506
5216.0,660,66.000,16.146,58.12,22.20,0.00,1,Coast,603.0506
5217.0,660,66.000,16.144,58.12,22.20,0.00,1,Coast,603.0506
5218.0,660,66.000,16.142,58.11,22.20,0.00,1,Coast,603.0506
5219.0,660,66.000,16.140,58.10,22.20,0.00,1,Coast,603.0506
5220.0,660,66.000,16.138,58.10,22.20,0.00,1,Coast,603.0506
5221.0,660,66.000,16.136,58.09,22.20,0.00,1,Coast,603.0506
5222.0,661,66.100,16.134,58.08,22.20,0.00,1,Coast,603.0506
5223.0,661,66.100,16.072,57.86,22.20,0.00,1,Coast,603.0506
5224.0,661,66.100,16.011,57.64,22.20,0.00,1,Coast,603.0506
5225.0,661,66.100,15.950,57.42,22.20,0.00,1,Coast,603.0506
5226.0,661,66.100,15.889,57.20,22.20,0.00,1,Coast,603.0506
5227.0,661,66.100,15.828,56.98,22.20,0.00,1,Coast,603.0506
5228.0,662,66.200,15.767,56.76,22.20,0.00,1,Coast,603.0506
5229.0,662,66.200,15.737,56.65,22.20,0.00,1,Coast,603.0506
5230.0,662,66.200,15.708,56.55,22.20,0.00,1,Coast,603.0506
5231.0,662,66.200,15.678,56.44,22.20,0.00,1,Coast,603.0506
5232.0,662,66.200,15.649,56.34,22.20,0.00,1,Coast,603.0506
5233.0,662,66.200,15.619,56.23,22.20,0.00,1,Coast,603.0506
5234.0,662,66.200,15.590,56.12,22.20,0.00,1,Coast,603.0506
5235.0,663,66.300,15.561,56.02,22.20,0.00,1,Coast,603.0506
5236.0,663,66.300,15.564,56.03,22.20,0.00,1,Coast,603.0506
5237.0,663,66.300,15.567,56.04,22.20,0.00,1,Coast,603.0506
5238.0,663,66.300,15.570,56.05,22.20,0.00,1,Coast,603.0506
5239.0,663,66.300,15.574,56.06,22.20,0.00,1,Coast,603.0506
5240.0,663,66.300,15.577,56.08,22.20,0.00,1,Coast,603.0506
5241.0,664,66.400,15.580,56.09,22.20,0.00,1,Coast,603.0506
5242.0,664,66.400,15.481,55.73,22.20,0.00,1,Coast,603.0506
5243.0,664,66.400,15.381,55.37,22.20,0.00,1,Coast,603.0506
5244.0,664,66.400,15.282,55.01,22.20,0.00,1,Coast,603.0506
5245.0,664,66.400,15.183,54.66,22.20,0.00,1,Coast,603.0506
5246.0,664,66.400,15.084,54.30,22.20,0.00,1,Coast,603.0506
5247.0,665,66.500,14.985,53.95,22.20,0.00,1,Coast,603.0506
5248.0,665,66.500,14.856,53.48,22.20,0.00,1,Coast,603.0506
5249.0,665,66.500,14.728,53.02,22.20,0.00,1,Coast,603.0506
5250.0,665,66.500,14.599,52.56,22.20,0.00,1,Coast,603.0506
5251.0,665,66.500,14.471,52.10,22.20,0.00,1,Coast,603.0506
5252.0,665,66.500,14.343,51.64,22.20,0.00,1,Coast,603.0506
5253.0,665,66.500,14.215,51.18,22.20,0.00,1,Coast,603.0506
5254.0,666,66.600,14.088,50.72,22.20,0.00,1,Coast,603.0506
5255.0,666,66.600,14.032,50.51,22.20,0.00,1,Coast,603.0506
5256.0,666,66.600,13.976,50.31,22.20,0.00,1,Coast,603.0506
5257.0,666,66.600,13.920,50.11,22.20,0.00,1,Coast,603.0506
5258.0,666,66.600,13.864,49.91,22.20,0.00,1,Coast,603.0506
5259.0,666,66.600,13.809,49.71,22.20,0.00,1,Coast,603.0506
5260.0,666,66.600,13.753,49.51,22.20,0.00,1,Coast,603.0506
5261.0,666,66.600,13.698,49.31,22.20,0.00,1,Coast,603.0506
5262.0,667,66.700,13.642,49.11,22.20,0.00,2,Cruise,603.0506
5263.0,667,66.700,13.750,49.50,22.20,0.00,2,Cruise,603.0506
5264.0,667,66.700,13.857,49.89,22.20,0.00,2,Cruise,603.0506
5265.0,667,66.700,13.964,50.27,22.20,0.00,2,Cruise,603.0506
5266.0,667,66.700,14.072,50.66,22.20,0.00,2,Cruise,603.0506
5267.0,667,66.700,14.179,51.04,22.20,0.00,2,Cruise,603.0506
5268.0,667,66.700,14.285,51.43,22.20,0.00,2,Cruise,603.0506
5269.0,668,66.800,14.392,51.81,22.20,0.00,2,Cruise,603.0506
5270.0,668,66.800,14.392,51.81,22.20,0.00,2,Cruise,603.0867
5271.0,668,66.800,14.392,51.81,22.20,0.00,2,Cruise,603.1228
5272.0,668,66.800,14.392,51.81,22.20,0.00,2,Cruise,603.1589
5273.0,668,66.800,14.392,51.81,22.20,0.00,2,Cruise,603.1950
5274.0,668,66.800,14.392,51.81,22.20,0.00,2,Cruise,603.2311
5275.0,668,66.800,14.392,51.81,22.20,0.00,2,Cruise,603.2672
5276.0,669,66.900,14.392,51.81,22.20,0.00,1,Coast,603.3033
5277.0,669,66.900,14.316,51.54,22.20,0.00,1,Coast,603.3033
5278.0,669,66.900,14.241,51.27,22.20,0.00,1,Coast,603.3033
5279.0,669,66.900,14.165,50.99,22.20,0.00,1,Coast,603.3033
5280.0,669,66.900,14.090,50.72,22.20,0.00,1,Coast,603.3033
5281.0,669,66.900,14.014,50.45,22.20,0.00,1,Coast,603.3033
5282.0,669,66.900,13.939,50.18,22.20,0.00,1,Coast,603.3033
5283.0,670,67.000,13.864,49.91,22.20,0.00,3,Power,603.3033
5284.0,670,67.000,14.347,51.65,22.20,0.00,1,Coast,604.2990
5285.0,670,67.000,14.229,51.22,22.20,0.00,1,Coast,604.2990
5286.0,670,67.000,14.111,50.80,22.20,0.00,3,Power,604.2990
5287.0,670,67.000,14.594,52.54,22.20,0.00,1,Coast,605.3121
5288.0,670,67.000,14.476,52.11,22.20,0.00,1,Coast,605.3121
5289.0,670,67.000,14.358,51.69,22.20,0.00,1,Coast,605.3121
5290.0,671,67.100,14.240,51.26,22.20,0.00,1,Coast,605.3121
5291.0,671,67.100,14.178,51.04,22.20,0.00,2,Cruise,605.3121
5292.0,671,67.100,14.178,51.04,22.20,0.00,2,Cruise,605.4145
5293.0,671,67.100,14.178,51.04,22.20,0.00,2,Cruise,605.5169
5294.0,671,67.100,14.178,51.04,22.20,0.00,2,Cruise,605.6193
5295.0,671,67.100,14.178,51.04,22.20,0.00,2,Cruise,605.7217
5296.0,671,67.100,14.178,51.04,22.20,0.00,2,Cruise,605.8240
5297.0,672,67.200,14.178,51.04,22.20,0.00,2,Cruise,605.9264
5298.0,672,67.200,14.182,51.06,22.20,0.00,2,Cruise,605.9264
5299.0,672,67.200,14.186,51.07,22.20,0.00,2,Cruise,605.9264
5300.0,672,67.200,14.191,51.09,22.20,0.00,2,Cruise,605.9264
5301.0,672,67.200,14.195,51.10,22.20,0.00,2,Cruise,605.9264
5302.0,672,67.200,14.199,51.12,22.20,0.00,2,Cruise,605.9264
5303.0,672,67.200,14.203,51.13,22.20,0.00,2,Cruise,605.9264
5304.0,673,67.300,14.207,51.14,22.20,0.00,2,Cruise,605.9264
5305.0,673,67.300,14.207,51.14,22.20,0.00,2,Cruise,605.9447
5306.0,673,67.300,14.207,51.14,22.20,0.00,2,Cruise,605.9629
5307.0,673,67.300,14.207,51.14,22.20,0.00,2,Cruise,605.9811
5308.0,673,67.300,14.207,51.14,22.20,0.00,2,Cruise,605.9993
5309.0,673,67.300,14.207,51.14,22.20,0.00,2,Cruise,606.0175
5310.0,673,67.300,14.207,51.14,22.20,0.00,2,Cruise,606.0358
5311.0,674,67.400,14.207,51.14,22.20,0.00,2,Cruise,606.0540
5312.0,674,67.400,14.207,51.14,22.20,0.00,2,Cruise,606.2560
5313.0,674,67.400,14.207,51.14,22.20,0.00,2,Cruise,606.4580
5314.0,674,67.400,14.207,51.14,22.20,0.00,2,Cruise,606.6601
5315.0,674,67.400,14.207,51.14,22.20,0.00,2,Cruise,606.8621
5316.0,674,67.400,14.207,51.14,22.20,0.00,2,Cruise,607.0641
5317.0,674,67.400,14.207,51.14,22.20,0.00,2,Cruise,607.2661
5318.0,675,67.500,14.207,51.14,22.20,0.00,2,Cruise,607.4682
5319.0,675,67.500,14.207,51.14,22.20,0.00,2,Cruise,607.6206
5320.0,675,67.500,14.207,51.14,22.20,0.00,2,Cruise,607.7730
5321.0,675,67.500,14.207,51.14,22.20,0.00,2,Cruise,607.9255
5322.0,675,67.500,14.207,51.14,22.20,0.00,2,Cruise,608.0779
5323.0,675,67.500,14.207,51.14,22.20,0.00,2,Cruise,608.2304
5324.0,675,67.500,14.207,51.14,22.20,0.00,2,Cruise,608.3828
5325.0,676,67.600,14.207,51.14,22.20,0.00,3,Power,608.5353
5326.0,676,67.600,14.697,52.91,22.20,0.00,1,Coast,609.5554
5327.0,676,67.600,14.587,52.51,22.20,0.00,1,Coast,609.5554
5328.0,676,67.600,14.476,52.12,22.20,0.00,1,Coast,609.5554
5329.0,676,67.600,14.366,51.72,22.20,0.00,1,Coast,609.5554
5330.0,676,67.600,14.256,51.32,22.20,0.00,3,Power,609.5554
5331.0,676,67.600,14.746,53.09,22.20,0.00,1,Coast,610.5790
5332.0,677,67.700,14.636,52.69,22.20,0.00,1,Coast,610.5790
5333.0,677,67.700,14.463,52.07,22.20,0.00,1,Coast,610.5790
5334.0,677,67.700,14.291,51.45,22.20,0.00,1,Coast,610.5790
5335.0,677,67.700,14.118,50.83,22.20,0.00,1,Coast,610.5790
5336.0,677,67.700,13.946,50.21,22.20,0.00,3,Power,610.5790
5337.0,677,67.700,14.374,51.75,22.20,0.00,1,Coast,611.5786
5338.0,677,67.700,14.202,51.13,22.20,0.00,1,Coast,611.5786
5339.0,678,67.800,14.030,50.51,22.20,0.00,2,Cruise,611.5786
5340.0,678,67.800,14.030,50.51,22.20,0.00,2,Cruise,611.6517
5341.0,678,67.800,14.030,50.51,22.20,0.00,2,Cruise,611.7249
5342.0,678,67.800,14.030,50.51,22.20,0.00,2,Cruise,611.7980
5343.0,678,67.800,14.030,50.51,22.20,0.00,2,Cruise,611.8712
5344.0,678,67.800,14.030,50.51,22.20,0.00,2,Cruise,611.9444
5345.0,678,67.800,14.030,50.51,22.20,0.00,2,Cruise,612.0175
5346.0,679,67.900,14.030,50.51,22.20,0.00,2,Cruise,612.0907
5347.0,679,67.900,14.073,50.66,22.20,0.00,2,Cruise,612.0907
5348.0,679,67.900,14.115,50.81,22.20,0.00,2,Cruise,612.0907
5349.0,679,67.900,14.158,50.97,22.20,0.00,2,Cruise,612.0907
5350.0,679,67.900,14.200,51.12,22.20,0.00,2,Cruise,612.0907
5351.0,679,67.900,14.243,51.27,22.20,0.00,2,Cruise,612.0907
5352.0,679,67.900,14.285,51.43,22.20,0.00,2,Cruise,612.0907
5353.0,680,68.000,14.328,51.58,22.20,0.00,2,Cruise,612.0907
5354.0,680,68.000,14.328,51.58,22.20,0.00,2,Cruise,612.1604
5355.0,680,68.000,14.328,51.58,22.20,0.00,2,Cruise,612.2301
5356.0,680,68.000,14.328,51.58,22.20,0.00,2,Cruise,612.2998
5357.0,680,68.000,14.328,51.58,22.20,0.00,2,Cruise,612.3695
5358.0,680,68.000,14.328,51.58,22.20,0.00,2,Cruise,612.4393
5359.0,680,68.000,14.328,51.58,22.20,0.00,2,Cruise,612.5090
5360.0,681,68.100,14.328,51.58,22.20,0.00,2,Cruise,612.5787
5361.0,681,68.100,14.328,51.58,22.20,0.00,2,Cruise,612.7390
5362.0,681,68.100,14.328,51.58,22.20,0.00,2,Cruise,612.8992
5363.0,681,68.100,14.328,51.58,22.20,0.00,2,Cruise,613.0595
5364.0,681,68.100,14.328,51.58,22.20,0.00,2,Cruise,613.2197
5365.0,681,68.100,14.328,51.58,22.20,0.00,2,Cruise,613.3799
5366.0,681,68.100,14.328,51.58,22.20,0.00,2,Cruise,613.5402
5367.0,682,68.200,14.328,51.58,22.20,0.00,2,Cruise,613.7004
5368.0,682,68.200,14.328,51.58,22.20,0.00,2,Cruise,613.9853
5369.0,682,68.200,14.328,51.58,22.20,0.00,2,Cruise,614.2701
5370.0,682,68.200,14.328,51.58,22.20,0.00,2,Cruise,614.5549
5371.0,682,68.200,14.328,51.58,22.20,0.00,2,Cruise,614.8397
5372.0,682,68.200,14.328,51.58,22.20,0.00,2,Cruise,615.1245
5373.0,682,68.200,14.328,51.58,22.20,0.00,2,Cruise,615.4093
5374.0,683,68.300,14.328,51.58,22.20,0.00,2,Cruise,615.6942
5375.0,683,68.300,14.328,51.58,22.20,0.00,2,Cruise,616.0677
5376.0,683,68.300,14.328,51.58,22.20,0.00,2,Cruise,616.4412
5377.0,683,68.300,14.328,51.58,22.20,0.00,2,Cruise,616.8147
5378.0,683,68.300,14.328,51.58,22.20,0.00,2,Cruise,617.1882
5379.0,683,68.300,14.328,51.58,22.20,0.00,2,Cruise,617.5617
5380.0,683,68.300,14.328,51.58,22.20,0.00,2,Cruise,617.9352
5381.0,684,68.400,14.328,51.58,22.20,0.00,2,Cruise,618.3087
5382.0,684,68.400,14.328,51.58,22.20,0.00,2,Cruise,618.5758
5383.0,684,68.400,14.328,51.58,22.20,0.00,2,Cruise,618.8430
5384.0,684,68.400,14.328,51.58,22.20,0.00,2,Cruise,619.1102
5385.0,684,68.400,14.328,51.58,22.20,0.00,2,Cruise,619.3773
5386.0,684,68.400,14.328,51.58,22.20,0.00,2,Cruise,619.6445
5387.0,684,68.400,14.328,51.58,22.20,0.00,2,Cruise,619.9116
5388.0,685,68.500,14.328,51.58,22.20,0.00,2,Cruise,620.1788
5389.0,685,68.500,14.351,51.66,22.20,0.00,2,Cruise,620.1788
5390.0,685,68.500,14.375,51.75,22.20,0.00,2,Cruise,620.1788
5391.0,685,68.500,14.398,51.83,22.20,0.00,2,Cruise,620.1788
5392.0,685,68.500,14.422,51.92,22.20,0.00,2,Cruise,620.1788
5393.0,685,68.500,14.445,52.00,22.20,0.00,2,Cruise,620.1788
5394.0,685,68.500,14.468,52.09,22.20,0.00,2,Cruise,620.1788
5395.0,686,68.600,14.492,52.17,22.20,0.00,2,Cruise,620.1788
5396.0,686,68.600,14.492,52.17,22.20,0.00,2,Cruise,620.4254
5397.0,686,68.600,14.492,52.17,22.20,0.00,2,Cruise,620.6721
5398.0,686,68.600,14.492,52.17,22.20,0.00,2,Cruise,620.9187
5399.0,686,68.600,14.492,52.17,22.20,0.00,2,Cruise,621.1654
5400.0,686,68.600,14.492,52.17,22.20,0.00,2,Cruise,621.4121
5401.0,686,68.600,14.492,52.17,22.20,0.00,2,Cruise,621.6587
5402.0,687,68.700,14.492,52.17,22.20,0.00,2,Cruise,621.9054
5403.0,687,68.700,14.492,52.17,22.20,0.00,2,Cruise,622.1965
5404.0,687,68.700,14.492,52.17,22.20,0.00,2,Cruise,622.4876
5405.0,687,68.700,14.492,52.17,22.20,0.00,2,Cruise,622.7788
5406.0,687,68.700,14.492,52.17,22.20,0.00,2,Cruise,623.0699
5407.0,687,68.700,14.492,52.17,22.20,0.00,2,Cruise,623.3611
5408.0,687,68.700,14.492,52.17,22.20,0.00,2,Cruise,623.6522
5409.0,688,68.800,14.492,52.17,22.20,0.00,2,Cruise,623.9433
5410.0,688,68.800,14.492,52.17,22.20,0.00,2,Cruise,624.0152
5411.0,688,68.800,14.492,52.17,22.20,0.00,2,Cruise,624.0870
5412.0,688,68.800,14.492,52.17,22.20,0.00,2,Cruise,624.1589
5413.0,688,68.800,14.492,52.17,22.20,0.00,2,Cruise,624.2307
5414.0,688,68.800,14.492,52.17,22.20,0.00,2,Cruise,624.3026
5415.0,688,68.800,14.492,52.17,22.20,0.00,2,Cruise,624.3744
5416.0,689,68.900,14.492,52.17,22.20,0.00,2,Cruise,624.4463
5417.0,689,68.900,14.492,52.17,22.20,0.00,2,Cruise,624.7251
5418.0,689,68.900,14.492,52.17,22.20,0.00,2,Cruise,625.0040
5419.0,689,68.900,14.492,52.17,22.20,0.00,2,Cruise,625.2829
5420.0,689,68.900,14.492,52.17,22.20,0.00,2,Cruise,625.5617
5421.0,689,68.900,14.492,52.17,22.20,0.00,2,Cruise,625.8406
5422.0,690,69.000,14.492,52.17,22.20,0.00,2,Cruise,626.1194
5423.0,690,69.000,14.492,52.17,22.20,0.00,2,Cruise,626.2296
5424.0,690,69.000,14.492,52.17,22.20,0.00,2,Cruise,626.3397
5425.0,690,69.000,14.492,52.17,22.20,0.00,2,Cruise,626.4499
5426.0,690,69.000,14.492,52.17,22.20,0.00,2,Cruise,626.5600
5427.0,690,69.000,14.492,52.17,22.20,0.00,2,Cruise,626.6702
5428.0,690,69.000,14.492,52.17,22.20,0.00,2,Cruise,626.7803
5429.0,691,69.100,14.492,52.17,22.20,0.00,2,Cruise,626.8905
5430.0,691,69.100,14.492,52.17,22.20,0.00,2,Cruise,626.9858
5431.0,691,69.100,14.492,52.17,22.20,0.00,2,Cruise,627.0811
5432.0,691,69.100,14.492,52.17,22.20,0.00,2,Cruise,627.1764
5433.0,691,69.100,14.492,52.17,22.20,0.00,2,Cruise,627.2717
5434.0,691,69.100,14.492,52.17,22.20,0.00,2,Cruise,627.3670
5435.0,691,69.100,14.492,52.17,22.20,0.00,2,Cruise,627.4623
5436.0,692,69.200,14.492,52.17,22.20,0.00,2,Cruise,627.5576
5437.0,692,69.200,14.492,52.17,22.20,0.00,2,Cruise,627.6043
5438.0,692,69.200,14.492,52.17,22.20,0.00,2,Cruise,627.6511
5439.0,692,69.200,14.492,52.17,22.20,0.00,2,Cruise,627.6978
5440.0,692,69.200,14.492,52.17,22.20,0.00,2,Cruise,627.7446
5441.0,692,69.200,14.492,52.17,22.20,0.00,2,Cruise,627.7913
5442.0,692,69.200,14.492,52.17,22.20,0.00,2,Cruise,627.8381
5443.0,693,69.300,14.492,52.17,22.20,0.00,2,Cruise,627.8849
5444.0,693,69.300,14.582,52.50,22.20,0.00,2,Cruise,627.8849
5445.0,693,69.300,14.672,52.82,22.20,0.00,2,Cruise,627.8849
5446.0,693,69.300,14.762,53.14,22.20,0.00,2,Cruise,627.8849
5447.0,693,69.300,14.852,53.47,22.20,0.00,2,Cruise,627.8849
5448.0,693,69.300,14.942,53.79,22.20,0.00,2,Cruise,627.8849
5449.0,693,69.300,15.032,54.11,22.20,0.00,2,Cruise,627.8849
5450.0,694,69.400,15.121,54.44,22.20,0.00,2,Cruise,627.8849
5451.0,694,69.400,15.121,54.44,22.20,0.00,2,Cruise,627.9264
5452.0,694,69.400,15.121,54.44,22.20,0.00,2,Cruise,627.9679
5453.0,694,69.400,15.121,54.44,22.20,0.00,2,Cruise,628.0094
5454.0,694,69.400,15.121,54.44,22.20,0.00,2,Cruise,628.0510
5455.0,694,69.400,15.121,54.44,22.20,0.00,2,Cruise,628.0925
5456.0,694,69.400,15.121,54.44,22.20,0.00,2,Cruise,628.1340
5457.0,695,69.500,15.121,54.44,22.20,0.00,2,Cruise,628.1756
5458.0,695,69.500,15.121,54.44,22.20,0.00,2,Cruise,628.3872
5459.0,695,69.500,15.121,54.44,22.20,0.00,2,Cruise,628.5989
5460.0,695,69.500,15.121,54.44,22.20,0.00,2,Cruise,628.8106
5461.0,695,69.500,15.121,54.44,22.20,0.00,2,Cruise,629.0223
5462.0,695,69.500,15.121,54.44,22.20,0.00,2,Cruise,629.2340
5463.0,696,69.600,15.121,54.44,22.20,0.00,3,Power,629.4457
5464.0,696,69.600,15.381,55.37,22.20,0.00,3,Power,630.4655
5465.0,696,69.600,15.631,56.27,22.20,0.00,3,Power,631.4848
5466.0,696,69.600,15.872,57.14,22.20,0.00,3,Power,632.5037
5467.0,696,69.600,16.104,57.97,22.20,0.00,3,Power,633.5222
5468.0,696,69.600,16.328,58.78,22.20,0.00,3,Power,634.5403
5469.0,697,69.700,16.544,59.56,22.20,0.00,1,Coast,635.5581
5470.0,697,69.700,16.527,59.50,22.20,0.00,1,Coast,635.5581
5471.0,697,69.700,16.510,59.44,22.20,0.00,1,Coast,635.5581
5472.0,697,69.700,16.494,59.38,22.20,0.00,1,Coast,635.5581
5473.0,697,69.700,16.477,59.32,22.20,0.00,1,Coast,635.5581
5474.0,697,69.700,16.461,59.26,22.20,0.00,1,Coast,635.5581
5475.0,697,69.700,16.444,59.20,22.20,0.00,1,Coast,635.5581
5476.0,698,69.800,16.427,59.14,22.20,0.00,2,Cruise,635.5581
5477.0,698,69.800,16.560,59.62,22.20,0.00,2,Cruise,635.5581
5478.0,698,69.800,16.693,60.09,22.20,0.00,2,Cruise,635.5581
5479.0,698,69.800,16.825,60.57,22.20,0.00,2,Cruise,635.5581
5480.0,698,69.800,16.958,61.05,22.20,0.00,2,Cruise,635.5581
5481.0,698,69.800,17.090,61.52,22.20,0.00,2,Cruise,635.5581
5482.0,699,69.900,17.222,62.00,22.20,0.00,1,Coast,635.5581
5483.0,699,69.900,16.789,60.44,22.20,0.00,1,Coast,635.5581
5484.0,699,69.900,16.356,58.88,22.20,0.00,1,Coast,635.5581
5485.0,699,69.900,15.925,57.33,22.20,0.00,3,Power,635.5581
5486.0,699,69.900,16.033,57.72,22.20,0.00,3,Power,636.5727
5487.0,699,69.900,16.138,58.10,22.20,0.00,3,Power,637.5871
5488.0,700,70.000,16.239,58.46,11.10,5.14,1,Coast,638.6014
5489.0,700,70.000,16.242,58.47,11.10,5.14,1,Coast,638.6014
5490.0,700,70.000,16.245,58.48,11.10,5.15,1,Coast,638.6014
5491.0,700,70.000,16.248,58.49,11.10,5.15,1,Coast,638.6014
5492.0,700,70.000,16.251,58.50,11.10,5.15,1,Coast,638.6014
5493.0,700,70.000,16.255,58.52,11.10,5.15,1,Coast,638.6014
5494.0,701,70.100,16.258,58.53,11.10,5.16,1,Coast,638.6014
5495.0,701,70.100,16.337,58.81,11.10,5.24,1,Coast,638.6014
5496.0,701,70.100,16.417,59.10,11.10,5.32,1,Coast,638.6014
5497.0,701,70.100,16.496,59.39,11.10,5.40,1,Coast,638.6014
5498.0,701,70.100,16.576,59.67,11.10,5.48,1,Coast,638.6014
5499.0,701,70.100,16.655,59.96,11.10,5.56,1,Coast,638.6014
5500.0,702,70.200,16.734,60.24,11.10,5.63,1,Coast,638.6014
5501.0,702,70.200,16.506,59.42,11.10,5.41,1,Coast,638.6014
5502.0,702,70.200,16.277,58.60,11.10,5.18,1,Coast,638.6014
5503.0,702,70.200,16.049,57.78,11.10,4.95,1,Coast,638.6014
5504.0,702,70.200,15.821,56.95,11.10,4.72,1,Coast,638.6014
5505.0,702,70.200,15.593,56.13,11.10,4.49,1,Coast,638.6014
5506.0,703,70.300,15.366,55.32,11.10,4.27,1,Coast,638.6014
5507.0,703,70.300,15.404,55.45,11.10,4.30,1,Coast,638.6014
5508.0,703,70.300,15.442,55.59,11.10,4.34,1,Coast,638.6014
5509.0,703,70.300,15.479,55.73,11.10,4.38,1,Coast,638.6014
5510.0,703,70.300,15.517,55.86,11.10,4.42,1,Coast,638.6014
5511.0,703,70.300,15.555,56.00,11.10,4.46,1,Coast,638.6014
5512.0,704,70.400,15.593,56.13,11.10,4.49,1,Coast,638.6014
5513.0,704,70.400,15.571,56.06,11.10,4.47,1,Coast,638.6014
5514.0,704,70.400,15.549,55.98,11.10,4.45,1,Coast,638.6014
5515.0,704,70.400,15.527,55.90,11.10,4.43,1,Coast,638.6014
5516.0,704,70.400,15.505,55.82,11.10,4.40,1,Coast,638.6014
5517.0,704,70.400,15.483,55.74,11.10,4.38,1,Coast,638.6014
5518.0,704,70.400,15.461,55.66,11.10,4.36,1,Coast,638.6014
5519.0,705,70.500,15.439,55.58,11.10,4.34,1,Coast,638.6014
5520.0,705,70.500,15.402,55.45,11.10,4.30,1,Coast,638.6014
5521.0,705,70.500,15.365,55.31,11.10,4.26,1,Coast,638.6014
5522.0,705,70.500,15.328,55.18,11.10,4.23,1,Coast,638.6014
5523.0,705,70.500,15.291,55.05,11.10,4.19,1,Coast,638.6014
5524.0,705,70.500,15.254,54.91,11.10,4.15,1,Coast,638.6014
5525.0,706,70.600,15.217,54.78,11.10,4.12,1,Coast,638.6014
5526.0,706,70.600,15.221,54.80,11.10,4.12,1,Coast,638.6014
5527.0,706,70.600,15.226,54.81,11.10,4.13,1,Coast,638.6014
5528.0,706,70.600,15.230,54.83,11.10,4.13,1,Coast,638.6014
5529.0,706,70.600,15.234,54.84,11.10,4.13,1,Coast,638.6014
5530.0,706,70.600,15.238,54.86,11.10,4.14,1,Coast,638.6014
5531.0,706,70.600,15.242,54.87,11.10,4.14,1,Coast,638.6014
5532.0,707,70.700,15.247,54.89,11.10,4.15,1,Coast,638.6014
5533.0,707,70.700,15.123,54.44,11.10,4.02,1,Coast,638.6014
5534.0,707,70.700,15.000,54.00,11.10,3.90,1,Coast,638.6014
5535.0,707,70.700,14.877,53.56,11.10,3.78,3,Power,638.6014
5536.0,707,70.700,15.331,55.19,11.10,4.23,1,Coast,639.6279
5537.0,707,70.700,15.208,54.75,11.10,4.11,1,Coast,639.6279
5538.0,707,70.700,15.084,54.30,11.10,3.98,1,Coast,639.6279
5539.0,708,70.800,14.961,53.86,11.10,3.86,1,Coast,639.6279
5540.0,708,70.800,14.961,53.86,11.10,3.86,1,Coast,639.6279
5541.0,708,70.800,14.961,53.86,11.10,3.86,1,Coast,639.6279
5542.0,708,70.800,14.961,53.86,11.10,3.86,1,Coast,639.6279
5543.0,708,70.800,14.961,53.86,11.10,3.86,1,Coast,639.6279
5544.0,708,70.800,14.961,53.86,11.10,3.86,1,Coast,639.6279
5545.0,709,70.900,14.961,53.86,11.10,3.86,3,Power,639.6279
5546.0,709,70.900,15.454,55.64,11.10,4.35,1,Coast,640.6557
5547.0,709,70.900,15.373,55.34,11.10,4.27,1,Coast,640.6557
5548.0,709,70.900,15.291,55.05,11.10,4.19,3,Power,640.6557
5549.0,709,70.900,15.772,56.78,11.10,4.67,1,Coast,641.6827
5550.0,709,70.900,15.690,56.48,11.10,4.59,1,Coast,641.6827
5551.0,709,70.900,15.608,56.19,11.10,4.51,1,Coast,641.6827
5552.0,710,71.000,15.526,55.89,11.10,4.43,1,Coast,641.6827
5553.0,710,71.000,15.446,55.61,11.10,4.35,1,Coast,641.6827
5554.0,710,71.000,15.366,55.32,11.10,4.27,1,Coast,641.6827
5555.0,710,71.000,15.287,55.03,11.10,4.19,1,Coast,641.6827
5556.0,710,71.000,15.207,54.75,11.10,4.11,1,Coast,641.6827
5557.0,710,71.000,15.127,54.46,11.10,4.03,1,Coast,641.6827
5558.0,711,71.100,15.048,54.17,11.10,3.95,1,Coast,641.6827
5559.0,711,71.100,14.979,53.92,11.10,3.88,1,Coast,641.6827
5560.0,711,71.100,14.910,53.67,11.10,3.81,1,Coast,641.6827
5561.0,711,71.100,14.840,53.43,11.10,3.74,1,Coast,641.6827
5562.0,711,71.100,14.771,53.18,11.10,3.67,1,Coast,641.6827
5563.0,711,71.100,14.703,52.93,11.10,3.60,1,Coast,641.6827
5564.0,711,71.100,14.634,52.68,11.10,3.53,1,Coast,641.6827
5565.0,712,71.200,14.565,52.43,11.10,3.47,1,Coast,641.6827
5566.0,712,71.200,14.521,52.28,11.10,3.42,1,Coast,641.6827
5567.0,712,71.200,14.478,52.12,11.10,3.38,1,Coast,641.6827
5568.0,712,71.200,14.434,51.96,11.10,3.33,1,Coast,641.6827
5569.0,712,71.200,14.391,51.81,11.10,3.29,1,Coast,641.6827
5570.0,712,71.200,14.347,51.65,11.10,3.25,1,Coast,641.6827
5571.0,712,71.200,14.304,51.49,11.10,3.20,1,Coast,641.6827
5572.0,713,71.300,14.261,51.34,11.10,3.16,3,Power,641.6827
5573.0,713,71.300,14.749,53.10,11.10,3.65,3,Power,642.7066
5574.0,713,71.300,15.219,54.79,11.10,4.12,3,Power,643.7338
5575.0,713,71.300,15.670,56.41,11.10,4.57,1,Coast,644.7599
5576.0,713,71.300,15.557,56.00,11.10,4.46,3,Power,644.7599
5577.0,713,71.300,15.995,57.58,11.10,4.90,1,Coast,645.7853
5578.0,713,71.300,15.881,57.17,11.10,4.78,1,Coast,645.7853
5579.0,714,71.400,15.767,56.76,11.10,4.67,2,Cruise,645.7853
5580.0,714,71.400,15.790,56.85,11.10,4.69,2,Cruise,645.7853
5581.0,714,71.400,15.813,56.93,11.10,4.71,2,Cruise,645.7853
5582.0,714,71.400,15.836,57.01,11.10,4.74,2,Cruise,645.7853
5583.0,714,71.400,15.859,57.09,11.10,4.76,2,Cruise,645.7853
5584.0,714,71.400,15.882,57.18,11.10,4.78,2,Cruise,645.7853
5585.0,715,71.500,15.905,57.26,11.10,4.80,3,Power,645.7853
5586.0,715,71.500,16.319,58.75,11.10,5.22,3,Power,646.8096
5587.0,715,71.500,16.720,60.19,11.10,5.62,3,Power,647.8331
5588.0,715,71.500,17.107,61.58,11.10,6.01,3,Power,648.8559
5589.0,715,71.500,17.482,62.93,11.10,6.38,1,Coast,649.8781
5590.0,715,71.500,17.354,62.47,11.10,6.25,1,Coast,649.8781
5591.0,716,71.600,17.226,62.01,11.10,6.13,2,Cruise,649.8781
5592.0,716,71.600,17.226,62.01,11.10,6.13,2,Cruise,649.9876
5593.0,716,71.600,17.226,62.01,11.10,6.13,2,Cruise,650.0971
5594.0,716,71.600,17.226,62.01,11.10,6.13,2,Cruise,650.2066
5595.0,716,71.600,17.226,62.01,11.10,6.13,2,Cruise,650.3162
5596.0,716,71.600,17.226,62.01,11.10,6.13,2,Cruise,650.4257
5597.0,717,71.700,17.226,62.01,11.10,6.13,3,Power,650.5352
5598.0,717,71.700,17.573,63.26,11.10,6.47,3,Power,651.5565
5599.0,717,71.700,17.910,64.47,11.10,6.81,3,Power,652.5773
5600.0,717,71.700,18.237,65.65,11.10,7.14,3,Power,653.5976
5601.0,717,71.700,18.554,66.80,11.10,7.45,1,Coast,654.6175
5602.0,718,71.800,18.401,66.24,11.10,7.30,1,Coast,654.6175
5603.0,718,71.800,18.294,65.86,11.10,7.19,1,Coast,654.6175
5604.0,718,71.800,18.187,65.47,11.10,7.09,1,Coast,654.6175
5605.0,718,71.800,18.081,65.09,11.10,6.98,1,Coast,654.6175
5606.0,718,71.800,17.975,64.71,11.10,6.87,1,Coast,654.6175
5607.0,718,71.800,17.869,64.33,11.10,6.77,1,Coast,654.6175
5608.0,719,71.900,17.763,63.95,11.10,6.66,1,Coast,654.6175
5609.0,719,71.900,17.657,63.56,11.10,6.56,1,Coast,654.6175
5610.0,719,71.900,17.551,63.18,11.10,6.45,1,Coast,654.6175
5611.0,719,71.900,17.445,62.80,11.10,6.35,1,Coast,654.6175
5612.0,719,71.900,17.340,62.42,11.10,6.24,2,Cruise,654.6175
5613.0,720,72.000,17.340,62.42,11.10,6.24,1,Coast,654.8326
5614.0,720,72.000,17.133,61.68,11.10,6.03,1,Coast,654.8326
5615.0,720,72.000,16.927,60.94,11.10,5.83,1,Coast,654.8326
5616.0,720,72.000,16.721,60.20,11.10,5.62,3,Power,654.8326
5617.0,720,72.000,17.030,61.31,11.10,5.93,1,Coast,655.8530
5618.0,720,72.000,16.824,60.57,11.10,5.72,3,Power,655.8530
5619.0,721,72.100,17.129,61.66,11.10,6.03,1,Coast,656.8733
5620.0,721,72.100,17.048,61.37,11.10,5.95,1,Coast,656.8733
5621.0,721,72.100,16.966,61.08,11.10,5.87,1,Coast,656.8733
5622.0,721,72.100,16.885,60.78,11.10,5.78,1,Coast,656.8733
5623.0,721,72.100,16.803,60.49,11.10,5.70,1,Coast,656.8733
5624.0,721,72.100,16.722,60.20,11.10,5.62,1,Coast,656.8733
5625.0,722,72.200,16.641,59.91,11.10,5.54,1,Coast,656.8733
5626.0,722,72.200,16.563,59.63,11.10,5.46,1,Coast,656.8733
5627.0,722,72.200,16.485,59.35,11.10,5.39,1,Coast,656.8733
5628.0,722,72.200,16.408,59.07,11.10,5.31,1,Coast,656.8733
5629.0,722,72.200,16.330,58.79,11.10,5.23,1,Coast,656.8733
5630.0,722,72.200,16.252,58.51,11.10,5.15,1,Coast,656.8733
5631.0,723,72.300,16.175,58.23,11.10,5.07,1,Coast,656.8733
5632.0,723,72.300,16.090,57.92,11.10,4.99,1,Coast,656.8733
5633.0,723,72.300,16.004,57.62,11.10,4.90,1,Coast,656.8733
5634.0,723,72.300,15.919,57.31,11.10,4.82,1,Coast,656.8733
5635.0,723,72.300,15.835,57.00,11.10,4.73,1,Coast,656.8733
5636.0,723,72.300,15.750,56.70,11.10,4.65,1,Coast,656.8733
5637.0,723,72.300,15.665,56.39,11.10,4.57,1,Coast,656.8733
5638.0,724,72.400,15.581,56.09,11.10,4.48,1,Coast,656.8733
5639.0,724,72.400,15.504,55.82,11.10,4.40,1,Coast,656.8733
5640.0,724,72.400,15.428,55.54,11.10,4.33,1,Coast,656.8733
5641.0,724,72.400,15.352,55.27,11.10,4.25,1,Coast,656.8733
5642.0,724,72.400,15.276,54.99,11.10,4.18,1,Coast,656.8733
5643.0,724,72.400,15.200,54.72,11.10,4.10,3,Power,656.8733
5644.0,725,72.500,15.689,56.48,11.10,4.59,1,Coast,657.9007
5645.0,725,72.500,15.609,56.19,11.10,4.51,1,Coast,657.9007
5646.0,725,72.500,15.529,55.90,11.10,4.43,1,Coast,657.9007
5647.0,725,72.500,15.448,55.61,11.10,4.35,1,Coast,657.9007
5648.0,725,72.500,15.368,55.33,11.10,4.27,1,Coast,657.9007
5649.0,725,72.500,15.288,55.04,11.10,4.19,1,Coast,657.9007
5650.0,725,72.500,15.208,54.75,11.10,4.11,1,Coast,657.9007
5651.0,726,72.600,15.128,54.46,11.10,4.03,1,Coast,657.9007
5652.0,726,72.600,15.010,54.04,11.10,3.91,1,Coast,657.9007
5653.0,726,72.600,14.893,53.61,11.10,3.79,1,Coast,657.9007
5654.0,726,72.600,14.775,53.19,11.10,3.67,1,Coast,657.9007
5655.0,726,72.600,14.657,52.77,11.10,3.56,1,Coast,657.9007
5656.0,726,72.600,14.540,52.34,11.10,3.44,1,Coast,657.9007
5657.0,727,72.700,14.422,51.92,11.10,3.32,1,Coast,657.9007
5658.0,727,72.700,14.366,51.72,11.10,3.27,1,Coast,657.9007
5659.0,727,72.700,14.309,51.51,11.10,3.21,1,Coast,657.9007
5660.0,727,72.700,14.252,51.31,11.10,3.15,1,Coast,657.9007
5661.0,727,72.700,14.195,51.10,11.10,3.10,1,Coast,657.9007
5662.0,727,72.700,14.138,50.90,11.10,3.04,1,Coast,657.9007
5663.0,727,72.700,14.082,50.69,11.10,2.98,1,Coast,657.9007
5664.0,728,72.800,14.025,50.49,11.10,2.93,1,Coast,657.9007
5665.0,728,72.800,13.968,50.28,11.10,2.87,1,Coast,657.9007
5666.0,728,72.800,13.910,50.08,11.10,2.81,1,Coast,657.9007
5667.0,728,72.800,13.853,49.87,11.10,2.75,1,Coast,657.9007
5668.0,728,72.800,13.795,49.66,11.10,2.70,1,Coast,657.9007
5669.0,728,72.800,13.738,49.46,11.10,2.64,1,Coast,657.9007
5670.0,728,72.800,13.681,49.25,11.10,2.58,1,Coast,657.9007
5671.0,728,72.800,13.624,49.05,11.10,2.52,1,Coast,657.9007
5672.0,729,72.900,13.567,48.84,11.10,2.47,2,Cruise,657.9007
5673.0,729,72.900,13.600,48.96,11.10,2.50,2,Cruise,657.9007
5674.0,729,72.900,13.633,49.08,11.10,2.53,2,Cruise,657.9007
5675.0,729,72.900,13.666,49.20,11.10,2.57,2,Cruise,657.9007
5676.0,729,72.900,13.699,49.32,11.10,2.60,2,Cruise,657.9007
5677.0,729,72.900,13.732,49.43,11.10,2.63,2,Cruise,657.9007
5678.0,729,72.900,13.765,49.55,11.10,2.66,2,Cruise,657.9007
5679.0,730,73.000,13.798,49.67,11.10,2.70,2,Cruise,657.9007
5680.0,730,73.000,13.798,49.67,11.10,2.70,2,Cruise,657.9158
5681.0,730,73.000,13.798,49.67,11.10,2.70,2,Cruise,657.9309
5682.0,730,73.000,13.798,49.67,11.10,2.70,2,Cruise,657.9460
5683.0,730,73.000,13.798,49.67,11.10,2.70,2,Cruise,657.9611
5684.0,730,73.000,13.798,49.67,11.10,2.70,2,Cruise,657.9762
5685.0,730,73.000,13.798,49.67,11.10,2.70,2,Cruise,657.9913
5686.0,731,73.100,13.798,49.67,11.10,2.70,2,Cruise,658.0064
5687.0,731,73.100,13.798,49.67,11.10,2.70,2,Cruise,658.0429
5688.0,731,73.100,13.798,49.67,11.10,2.70,2,Cruise,658.0794
5689.0,731,73.100,13.798,49.67,11.10,2.70,2,Cruise,658.1160
5690.0,731,73.100,13.798,49.67,11.10,2.70,2,Cruise,658.1525
5691.0,731,73.100,13.798,49.67,11.10,2.70,2,Cruise,658.1890
5692.0,731,73.100,13.798,49.67,11.10,2.70,2,Cruise,658.2256
5693.0,732,73.200,13.798,49.67,11.10,2.70,1,Coast,658.2621
5694.0,732,73.200,13.806,49.70,11.10,2.71,1,Coast,658.2621
5695.0,732,73.200,13.814,49.73,11.10,2.71,1,Coast,658.2621
5696.0,732,73.200,13.823,49.76,11.10,2.72,1,Coast,658.2621
5697.0,732,73.200,13.831,49.79,11.10,2.73,1,Coast,658.2621
5698.0,732,73.200,13.839,49.82,11.10,2.74,1,Coast,658.2621
5699.0,732,73.200,13.848,49.85,11.10,2.75,1,Coast,658.2621
5700.0,732,73.200,13.856,49.88,11.10,2.76,1,Coast,658.2621
5701.0,733,73.300,13.864,49.91,11.10,2.76,1,Coast,658.2621
5702.0,733,73.300,13.822,49.76,11.10,2.72,1,Coast,658.2621
5703.0,733,73.300,13.780,49.61,11.10,2.68,1,Coast,658.2621
5704.0,733,73.300,13.738,49.46,11.10,2.64,1,Coast,658.2621
5705.0,733,73.300,13.696,49.31,11.10,2.60,1,Coast,658.2621
5706.0,733,73.300,13.654,49.15,11.10,2.55,1,Coast,658.2621
5707.0,733,73.300,13.612,49.00,11.10,2.51,1,Coast,658.2621
5708.0,734,73.400,13.570,48.85,11.10,2.47,1,Coast,658.2621
5709.0,734,73.400,13.536,48.73,11.10,2.44,1,Coast,658.2621
5710.0,734,73.400,13.503,48.61,11.10,2.40,1,Coast,658.2621
5711.0,734,73.400,13.469,48.49,11.10,2.37,1,Coast,658.2621
5712.0,734,73.400,13.436,48.37,11.10,2.34,1,Coast,658.2621
5713.0,734,73.400,13.403,48.25,11.10,2.30,1,Coast,658.2621
5714.0,734,73.400,13.369,48.13,11.10,2.27,1,Coast,658.2621
5715.0,735,73.500,13.336,48.01,11.10,2.24,2,Cruise,658.2621
5716.0,735,73.500,13.400,48.24,11.10,2.30,2,Cruise,658.2621
5717.0,735,73.500,13.464,48.47,11.10,2.36,2,Cruise,658.2621
5718.0,735,73.500,13.528,48.70,11.10,2.43,2,Cruise,658.2621
5719.0,735,73.500,13.592,48.93,11.10,2.49,2,Cruise,658.2621
5720.0,735,73.500,13.656,49.16,11.10,2.56,2,Cruise,658.2621
5721.0,735,73.500,13.720,49.39,11.10,2.62,2,Cruise,658.2621
5722.0,735,73.500,13.783,49.62,11.10,2.68,2,Cruise,658.2621
5723.0,736,73.600,13.847,49.85,11.10,2.75,2,Cruise,658.2621
5724.0,736,73.600,13.951,50.22,11.10,2.85,2,Cruise,658.2621
5725.0,736,73.600,14.055,50.60,11.10,2.96,2,Cruise,658.2621
5726.0,736,73.600,14.160,50.97,11.10,3.06,2,Cruise,658.2621
5727.0,736,73.600,14.264,51.35,11.10,3.16,2,Cruise,658.2621
5728.0,736,73.600,14.367,51.72,11.10,3.27,2,Cruise,658.2621
5729.0,736,73.600,14.471,52.10,11.10,3.37,2,Cruise,658.2621
5730.0,737,73.700,14.575,52.47,11.10,3.47,2,Cruise,658.2621
5731.0,737,73.700,14.611,52.60,11.10,3.51,2,Cruise,658.2621
5732.0,737,73.700,14.648,52.73,11.10,3.55,2,Cruise,658.2621
5733.0,737,73.700,14.685,52.87,11.10,3.58,2,Cruise,658.2621
5734.0,737,73.700,14.722,53.00,11.10,3.62,2,Cruise,658.2621
5735.0,737,73.700,14.758,53.13,11.10,3.66,2,Cruise,658.2621
5736.0,737,73.700,14.795,53.26,11.10,3.69,2,Cruise,658.2621
5737.0,738,73.800,14.831,53.39,11.10,3.73,2,Cruise,658.2621
5738.0,738,73.800,14.831,53.39,11.10,3.73,2,Cruise,658.4436
5739.0,738,73.800,14.831,53.39,11.10,3.73,2,Cruise,658.6252
5740.0,738,73.800,14.831,53.39,11.10,3.73,2,Cruise,658.8067
5741.0,738,73.800,14.831,53.39,11.10,3.73,2,Cruise,658.9882
5742.0,738,73.800,14.831,53.39,11.10,3.73,2,Cruise,659.1698
5743.0,739,73.900,14.831,53.39,11.10,3.73,1,Coast,659.3513
5744.0,739,73.900,14.702,52.93,11.10,3.60,1,Coast,659.3513
5745.0,739,73.900,14.573,52.46,11.10,3.47,1,Coast,659.3513
5746.0,739,73.900,14.444,52.00,11.10,3.34,1,Coast,659.3513
5747.0,739,73.900,14.316,51.54,11.10,3.22,1,Coast,659.3513
5748.0,739,73.900,14.187,51.07,11.10,3.09,1,Coast,659.3513
5749.0,739,73.900,14.059,50.61,11.10,2.96,1,Coast,659.3513
5750.0,740,74.000,13.931,50.15,11.10,2.83,2,Cruise,659.3513
5751.0,740,74.000,13.963,50.27,11.10,2.86,2,Cruise,659.3513
5752.0,740,74.000,13.996,50.39,11.10,2.90,2,Cruise,659.3513
5753.0,740,74.000,14.029,50.50,11.10,2.93,2,Cruise,659.3513
5754.0,740,74.000,14.061,50.62,11.10,2.96,2,Cruise,659.3513
5755.0,740,74.000,14.094,50.74,11.10,2.99,2,Cruise,659.3513
5756.0,740,74.000,14.126,50.85,11.10,3.03,2,Cruise,659.3513
5757.0,741,74.100,14.159,50.97,11.10,3.06,3,Power,659.3513
5758.0,741,74.100,14.566,52.44,11.10,3.47,3,Power,660.3651
5759.0,741,74.100,14.962,53.86,11.10,3.86,3,Power,661.3900
5760.0,741,74.100,15.342,55.23,11.10,4.24,2,Cruise,662.4139
5761.0,741,74.100,15.342,55.23,11.10,4.24,2,Cruise,662.7654
5762.0,741,74.100,15.342,55.23,11.10,4.24,2,Cruise,663.1169
5763.0,741,74.100,15.342,55.23,11.10,4.24,2,Cruise,663.4684
5764.0,742,74.200,15.342,55.23,11.10,4.24,2,Cruise,663.8200
5765.0,742,74.200,15.342,55.23,11.10,4.24,2,Cruise,663.9638
5766.0,742,74.200,15.342,55.23,11.10,4.24,2,Cruise,664.1076
5767.0,742,74.200,15.342,55.23,11.10,4.24,2,Cruise,664.2514
5768.0,742,74.200,15.342,55.23,11.10,4.24,2,Cruise,664.3952
5769.0,742,74.200,15.342,55.23,11.10,4.24,2,Cruise,664.5391
5770.0,742,74.200,15.342,55.23,11.10,4.24,2,Cruise,664.6829
5771.0,743,74.300,15.342,55.23,11.10,4.24,2,Cruise,664.8267
5772.0,743,74.300,15.596,56.15,11.10,4.50,2,Cruise,664.8267
5773.0,743,74.300,15.850,57.06,11.10,4.75,2,Cruise,664.8267
5774.0,743,74.300,16.104,57.97,11.10,5.00,2,Cruise,664.8267
5775.0,743,74.300,16.358,58.89,11.10,5.26,2,Cruise,664.8267
5776.0,743,74.300,16.611,59.80,11.10,5.51,2,Cruise,664.8267
5777.0,744,74.400,16.863,60.71,11.10,5.76,3,Power,664.8267
5778.0,744,74.400,17.140,61.70,11.10,6.04,2,Cruise,665.8461
5779.0,744,74.400,17.140,61.70,11.10,6.04,2,Cruise,666.3172
5780.0,744,74.400,17.140,61.70,11.10,6.04,2,Cruise,666.7883
5781.0,744,74.400,17.140,61.70,11.10,6.04,2,Cruise,667.2593
5782.0,744,74.400,17.140,61.70,11.10,6.04,2,Cruise,667.7304
5783.0,745,74.500,17.140,61.70,11.10,6.04,3,Power,668.2015
5784.0,745,74.500,17.296,62.26,11.10,6.20,3,Power,669.2172
5785.0,745,74.500,17.447,62.81,11.10,6.35,3,Power,670.2327
5786.0,745,74.500,17.593,63.34,11.10,6.49,3,Power,671.2480
5787.0,745,74.500,17.735,63.85,11.10,6.64,3,Power,672.2632
5788.0,746,74.600,17.873,64.34,11.10,6.77,1,Coast,673.2783
5789.0,746,74.600,17.703,63.73,11.10,6.60,1,Coast,673.2783
5790.0,746,74.600,17.532,63.12,11.10,6.43,1,Coast,673.2783
5791.0,746,74.600,17.362,62.50,11.10,6.26,1,Coast,673.2783
5792.0,746,74.600,17.192,61.89,11.10,6.09,1,Coast,673.2783
5793.0,746,74.600,17.022,61.28,11.10,5.92,1,Coast,673.2783
5794.0,747,74.700,16.853,60.67,11.10,5.75,1,Coast,673.2783
5795.0,747,74.700,16.853,60.67,11.10,5.75,1,Coast,673.2783
5796.0,747,74.700,16.854,60.67,11.10,5.75,1,Coast,673.2783
5797.0,747,74.700,16.854,60.68,11.10,5.75,1,Coast,673.2783
5798.0,747,74.700,16.855,60.68,11.10,5.75,1,Coast,673.2783
5799.0,747,74.700,16.855,60.68,11.10,5.76,1,Coast,673.2783
5800.0,748,74.800,16.856,60.68,1.00,0.00,1,Coast,673.2783
5801.0,748,74.800,16.841,60.63,1.00,0.00,1,Coast,673.2783
5802.0,748,74.800,16.826,60.57,1.00,0.00,1,Coast,673.2783
5803.0,748,74.800,16.810,60.52,1.00,0.00,1,Coast,673.2783
5804.0,748,74.800,16.795,60.46,1.00,0.00,1,Coast,673.2783
5805.0,748,74.800,16.780,60.41,1.00,0.00,1,Coast,673.2783
