collect_speed,collect_time,lens_stat/max,lens_stat/mean,lens_stat/min,lens_stat/std,n_collected_episodes,n_collected_steps,pred_dist_std_array_stat/0/max,pred_dist_std_array_stat/0/mean,pred_dist_std_array_stat/0/min,pred_dist_std_array_stat/0/std,returns_stat/max,returns_stat/mean,returns_stat/min,returns_stat/std,step
6721.330717810723,0.304701566696167,,,,,0.0,2048.0,1.2053149938583374,1.1382299661636353,1.0636236667633057,0.019646836444735527,,,,,2048
6014.678021120853,0.3405003547668457,,,,,0.0,2048.0,1.179212212562561,1.1477868556976318,1.1266863346099854,0.011818572878837585,,,,,4096
5991.69567813398,0.34180641174316406,,,,,0.0,2048.0,1.24124014377594,1.132699728012085,1.037290096282959,0.04785533249378204,,,,,6144
6018.841845493262,0.34026479721069336,,,,,0.0,2048.0,1.2754937410354614,1.20833158493042,0.9775960445404053,0.05171108990907669,,,,,8192
6139.829492992036,0.3335597515106201,,,,,0.0,2048.0,1.2408514022827148,1.156505823135376,0.9476009011268616,0.05582676827907562,,,,,10240
6194.819239711762,0.3305988311767578,,,,,0.0,2048.0,1.3229665756225586,1.0649118423461914,0.8194382786750793,0.11182617396116257,,,,,12288
6186.725729340572,0.33103132247924805,,,,,0.0,2048.0,1.2818368673324585,1.03216552734375,0.702532172203064,0.1120293140411377,,,,,14336
6008.989483139025,0.340822696685791,,,,,0.0,2048.0,1.378847599029541,1.1568987369537354,0.8096431493759155,0.18234558403491974,,,,,16384
6179.37783622294,0.3314249515533447,,,,,0.0,2048.0,1.2249796390533447,1.094359040260315,0.9767075777053833,0.05035760998725891,,,,,18432
6160.410414113257,0.3324453830718994,,,,,0.0,2048.0,0.9755565524101257,0.9015316367149353,0.7871140837669373,0.03823746740818024,,,,,20480
6172.424352734822,0.3317983150482178,,,,,0.0,2048.0,0.9709494113922119,0.8281579613685608,0.7302840352058411,0.05299317464232445,,,,,22528
6169.91500105227,0.33193325996398926,,,,,0.0,2048.0,1.0237946510314941,0.8660404682159424,0.6949133276939392,0.07514409720897675,,,,,24576
6168.417456395276,0.3320138454437256,,,,,0.0,2048.0,0.9629036784172058,0.8501331210136414,0.708192765712738,0.06013976037502289,,,,,26624
5990.584174973813,0.3418698310852051,,,,,0.0,2048.0,1.000623345375061,0.7939279079437256,0.6943187117576599,0.058049071580171585,,,,,28672
6032.575165124567,0.3394901752471924,,,,,0.0,2048.0,0.8772786259651184,0.7181901335716248,0.6142890453338623,0.0507933609187603,,,,,30720
6045.588300043635,0.3387594223022461,,,,,0.0,2048.0,0.8246577978134155,0.6792096495628357,0.5871520638465881,0.04472930729389191,,,,,32768
6080.005118851203,0.3368418216705322,,,,,0.0,2048.0,0.9371733069419861,0.6903178691864014,0.5582918524742126,0.07145874202251434,,,,,34816
6089.44001678685,0.3363199234008789,,,,,0.0,2048.0,0.842436671257019,0.6727187633514404,0.5575881004333496,0.051664143800735474,,,,,36864
6052.156452606111,0.3383917808532715,,,,,0.0,2048.0,0.9530451893806458,0.663910984992981,0.5375120043754578,0.06684840470552444,,,,,38912
6090.217145190748,0.3362770080566406,,,,,0.0,2048.0,0.9176703691482544,0.6764311194419861,0.5074536800384521,0.07187022268772125,,,,,40960
6112.58817920338,0.33504629135131836,,,,,0.0,2048.0,0.9175539612770081,0.6481209397315979,0.4955592155456543,0.08053750544786453,,,,,43008
6165.097097071233,0.33219265937805176,,,,,0.0,2048.0,0.834420919418335,0.6346288919448853,0.5052862763404846,0.05367986485362053,,,,,45056
6090.661924564557,0.33625245094299316,,,,,0.0,2048.0,0.8091925382614136,0.601521372795105,0.5106662511825562,0.045304618775844574,,,,,47104
6093.344932766981,0.3361043930053711,,,,,0.0,2048.0,0.7101210355758667,0.571179986000061,0.38262614607810974,0.06909504532814026,,,,,49152
6057.39733867385,0.33809900283813477,,,,,0.0,2048.0,0.8544313907623291,0.5753076076507568,0.3540697395801544,0.07803165912628174,,,,,51200
6079.338155320842,0.33687877655029297,,,,,0.0,2048.0,0.9176469445228577,0.6208922863006592,0.38381344079971313,0.08008164167404175,,,,,53248
6097.921432049897,0.33585214614868164,,,,,0.0,2048.0,0.8608269095420837,0.49718594551086426,0.23475418984889984,0.13107936084270477,,,,,55296
6048.112497157224,0.33861804008483887,,,,,0.0,2048.0,0.8664823174476624,0.5642554759979248,0.32456105947494507,0.08945499360561371,,,,,57344
6062.972525137882,0.33778810501098633,,,,,0.0,2048.0,0.9231511354446411,0.6083863973617554,0.3091048002243042,0.14411397278308868,,,,,59392
6106.734728959153,0.33536744117736816,199.0,145.75,58.0,39.60034722069997,8.0,2048.0,1.4786999225616455,0.8991082906723022,0.2638152837753296,0.42167386412620544,-671.8499083508606,-2342.0086545505283,-4465.6605774109885,1250.8283302591524,61440
6152.296343832187,0.3328838348388672,,,,,0.0,2048.0,1.4805248975753784,1.362486481666565,0.7196739315986633,0.10973677784204483,,,,,63488
6182.010566352766,0.3312838077545166,,,,,0.0,2048.0,1.4809314012527466,1.329251766204834,0.8227930068969727,0.11559856683015823,,,,,65536
6119.795439114696,0.3346517086029053,,,,,0.0,2048.0,1.4124925136566162,1.0189845561981201,0.5868348479270935,0.16852106153964996,,,,,67584
6059.08078459698,0.33800506591796875,,,,,0.0,2048.0,1.4239141941070557,1.0715440511703491,0.5098061561584473,0.18215298652648926,,,,,69632
6071.886732649752,0.3372921943664551,,,,,0.0,2048.0,1.4227358102798462,1.2681338787078857,0.6761798858642578,0.13902845978736877,,,,,71680
5872.720691550601,0.34873104095458984,,,,,0.0,2048.0,1.4233845472335815,1.2911003828048706,0.7907549738883972,0.10296078771352768,,,,,73728
6056.688349635045,0.3381385803222656,,,,,0.0,2048.0,1.4214636087417603,1.239131212234497,0.5040203928947449,0.15157753229141235,,,,,75776
6036.186894136843,0.33928704261779785,,,,,0.0,2048.0,1.4283626079559326,1.2315025329589844,0.43992453813552856,0.14853356778621674,,,,,77824
6140.224489460393,0.333538293838501,,,,,0.0,2048.0,1.4524301290512085,0.8840005397796631,0.22645090520381927,0.41886159777641296,,,,,79872
6154.187273559648,0.3327815532684326,,,,,0.0,2048.0,1.341070294380188,1.0870673656463623,0.2490805685520172,0.2072141021490097,,,,,81920
6079.742618966394,0.3368563652038574,,,,,0.0,2048.0,1.286997675895691,0.8453273177146912,0.5279337763786316,0.1471605896949768,,,,,83968
5959.67826650441,0.3436427116394043,,,,,0.0,2048.0,0.9155293107032776,0.6265968084335327,0.3154045343399048,0.131376251578331,,,,,86016
5846.798150519103,0.3502771854400635,,,,,0.0,2048.0,0.990574836730957,0.5825222730636597,0.2933451235294342,0.12113971263170242,,,,,88064
5795.215228781188,0.3533949851989746,,,,,0.0,2048.0,1.2867319583892822,0.7736669778823853,0.32219651341438293,0.18515731394290924,,,,,90112
5835.799192629037,0.3509373664855957,,,,,0.0,2048.0,1.1667665243148804,0.6503540277481079,0.4224376380443573,0.07461396604776382,,,,,92160
5802.351484677015,0.35296034812927246,,,,,0.0,2048.0,0.9793134927749634,0.6735846996307373,0.49637970328330994,0.0747857317328453,,,,,94208
6046.507493784509,0.33870792388916016,,,,,0.0,2048.0,1.0342673063278198,0.6615906953811646,0.4544481039047241,0.08906925469636917,,,,,96256
6310.606595699352,0.32453298568725586,,,,,0.0,2048.0,1.1259512901306152,0.606837272644043,0.3572064936161041,0.1334218680858612,,,,,98304
6063.56313777311,0.3377552032470703,,,,,0.0,2048.0,0.9698615670204163,0.599966287612915,0.47154727578163147,0.04564641788601875,,,,,100352
6096.874027260829,0.3359098434448242,,,,,0.0,2048.0,0.9598053097724915,0.5843955278396606,0.46331632137298584,0.06402087956666946,,,,,102400
5915.810687107016,0.3461909294128418,,,,,0.0,2048.0,0.755961537361145,0.6077307462692261,0.3869369924068451,0.041617441922426224,,,,,104448
6003.0264093242595,0.34116125106811523,,,,,0.0,2048.0,0.8144360780715942,0.5109688639640808,0.27999773621559143,0.10742440074682236,,,,,106496
5842.860936810236,0.350513219833374,,,,,0.0,2048.0,1.0431790351867676,0.5866312980651855,0.2569522559642792,0.12016776204109192,,,,,108544
5911.198256492906,0.34646105766296387,,,,,0.0,2048.0,0.9785109162330627,0.6122307777404785,0.26380622386932373,0.09848414361476898,,,,,110592
5919.695916894831,0.345963716506958,,,,,0.0,2048.0,0.8497623801231384,0.5037441253662109,0.19925649464130402,0.13237182796001434,,,,,112640
5924.235820864642,0.34569859504699707,,,,,0.0,2048.0,1.4653239250183105,0.682005763053894,0.26360002160072327,0.2768775224685669,,,,,114688
6354.761588835657,0.3222780227661133,246.0,171.5,117.0,48.685213360937425,4.0,2048.0,1.4933382272720337,0.641946017742157,0.2259262353181839,0.28837788105010986,750.393994231744,-538.2892817958248,-1373.1798564448545,833.9421828493787,116736
6023.188816837571,0.34001922607421875,58.0,37.25,1.0,22.00426095100674,4.0,2048.0,1.4931819438934326,1.2300987243652344,0.21326634287834167,0.41281160712242126,1260.7826537456585,554.237065229783,-338.7700090633401,593.6734020250425,118784
6083.9324118832355,0.3366243839263916,,,,,0.0,2048.0,1.4906699657440186,1.3096346855163574,0.5223031640052795,0.17365390062332153,,,,,120832
6104.482381434273,0.3354911804199219,,,,,0.0,2048.0,1.4861360788345337,1.0310856103897095,0.4550568759441376,0.26062288880348206,,,,,122880
5931.775494053678,0.3452591896057129,,,,,0.0,2048.0,1.4824227094650269,1.2620517015457153,0.3900643587112427,0.24110767245292664,,,,,124928
5993.802815643456,0.3416862487792969,,,,,0.0,2048.0,1.4846221208572388,0.9738368988037109,0.3581087589263916,0.2568717896938324,,,,,126976
6173.249426329002,0.3317539691925049,,,,,0.0,2048.0,1.4839260578155518,1.0064892768859863,0.4068431258201599,0.3360149562358856,,,,,129024
6053.150158024361,0.3383362293243408,,,,,0.0,2048.0,1.3122433423995972,0.8554807901382446,0.3974970877170563,0.2503276467323303,,,,,131072
6095.537161416588,0.3359835147857666,,,,,0.0,2048.0,1.4322986602783203,0.9611834287643433,0.3414146304130554,0.24086274206638336,,,,,133120
6105.692974419155,0.33542466163635254,,,,,0.0,2048.0,1.4786760807037354,1.0671923160552979,0.24489615857601166,0.25595584511756897,,,,,135168
6056.491912159751,0.3381495475769043,,,,,0.0,2048.0,1.4651288986206055,0.7324918508529663,0.1857517957687378,0.3893144726753235,,,,,137216
6066.457946908555,0.33759403228759766,,,,,0.0,2048.0,1.3849884271621704,0.9890726804733276,0.4515436887741089,0.23032833635807037,,,,,139264
6101.61618908193,0.335648775100708,,,,,0.0,2048.0,0.940834641456604,0.6511684656143188,0.3958309292793274,0.11339797079563141,,,,,141312
6120.292516585121,0.3346245288848877,,,,,0.0,2048.0,0.7902304530143738,0.47255438566207886,0.2260318547487259,0.12627437710762024,,,,,143360
6083.897939887231,0.3366262912750244,,,,,0.0,2048.0,1.2980014085769653,0.5916375517845154,0.24238453805446625,0.22072534263134003,,,,,145408
6088.261750470089,0.33638501167297363,,,,,0.0,2048.0,1.2394287586212158,0.7240498661994934,0.26758599281311035,0.22093768417835236,,,,,147456
6104.018231185589,0.33551669120788574,,,,,0.0,2048.0,1.0576292276382446,0.6379814147949219,0.31061258912086487,0.09872739017009735,,,,,149504
5926.434785608381,0.34557032585144043,,,,,0.0,2048.0,1.0272433757781982,0.6819659471511841,0.25965648889541626,0.13128536939620972,,,,,151552
6031.617849511744,0.33954405784606934,,,,,0.0,2048.0,1.2722820043563843,0.708470344543457,0.2362491339445114,0.16306141018867493,,,,,153600
6056.440669696555,0.3381524085998535,,,,,0.0,2048.0,1.3041383028030396,0.7028087377548218,0.2516810894012451,0.17142698168754578,,,,,155648
6085.402144004806,0.33654308319091797,,,,,0.0,2048.0,0.8724383115768433,0.6303327083587646,0.32917314767837524,0.1160430982708931,,,,,157696
6147.580698882906,0.33313918113708496,,,,,0.0,2048.0,0.9879588484764099,0.5827288627624512,0.372376412153244,0.09431055188179016,,,,,159744
6058.4995909247355,0.33803749084472656,,,,,0.0,2048.0,0.7966538667678833,0.6029171347618103,0.24892473220825195,0.09679681807756424,,,,,161792
6199.164724391265,0.3303670883178711,,,,,0.0,2048.0,1.2003480195999146,0.4558234214782715,0.17920158803462982,0.1661655306816101,,,,,163840
5963.2818654453995,0.34343504905700684,,,,,0.0,2048.0,1.189663052558899,0.8099513053894043,0.31065869331359863,0.199308842420578,,,,,165888
6295.796656679312,0.32529640197753906,,,,,0.0,2048.0,1.0583826303482056,0.7247961163520813,0.19815601408481598,0.10885652154684067,,,,,167936
5974.717219140942,0.34277772903442383,,,,,0.0,2048.0,0.9613534212112427,0.5047686696052551,0.16750429570674896,0.19326290488243103,,,,,169984
6096.696610026339,0.3359196186065674,,,,,0.0,2048.0,0.9475317001342773,0.551252007484436,0.2607594430446625,0.12038438022136688,,,,,172032
6056.57304783319,0.33814501762390137,246.0,244.5,243.0,1.5,2.0,2048.0,0.9334267377853394,0.5634080171585083,0.19886235892772675,0.15987952053546906,-824.851552397614,-1184.691240899482,-1544.53092940135,359.839688501868,174080
6060.773719043251,0.33791065216064453,108.0,70.66666666666667,18.0,32.0190915271221,6.0,2048.0,1.337738037109375,0.9124122858047485,0.1841236650943756,0.290407657623291,69.35681560632611,-734.6566002214887,-1558.6524391815092,539.6211628790442,176128
6045.720204190652,0.33875203132629395,,,,,0.0,2048.0,1.3427112102508545,0.9735057353973389,0.5498159527778625,0.17797128856182098,,,,,178176
6080.560316219859,0.3368110656738281,,,,,0.0,2048.0,1.2997578382492065,0.6558404564857483,0.3090224266052246,0.16976061463356018,,,,,180224
6031.694084751915,0.3395397663116455,,,,,0.0,2048.0,1.3598183393478394,0.779116153717041,0.2929895520210266,0.22936008870601654,,,,,182272
6081.348095758953,0.33676743507385254,,,,,0.0,2048.0,1.3680566549301147,0.8455398082733154,0.35480746626853943,0.19299690425395966,,,,,184320
6087.075313072218,0.33645057678222656,,,,,0.0,2048.0,1.3618428707122803,0.8746965527534485,0.3741946816444397,0.2386205643415451,,,,,186368
6100.541519152935,0.3357079029083252,,,,,0.0,2048.0,1.3994044065475464,0.9450982213020325,0.2195316106081009,0.2632830739021301,,,,,188416
6132.448030498274,0.33396124839782715,,,,,0.0,2048.0,1.340539574623108,0.9379716515541077,0.2062460333108902,0.21080096065998077,,,,,190464
6101.516506183959,0.33565425872802734,,,,,0.0,2048.0,1.2476966381072998,0.5219664573669434,0.08483762294054031,0.35077914595603943,,,,,192512
5922.663213707036,0.34579038619995117,,,,,0.0,2048.0,1.183959722518921,0.6626408100128174,0.26523593068122864,0.13619130849838257,,,,,194560
6133.323759848915,0.33391356468200684,,,,,0.0,2048.0,0.9614779353141785,0.6099952459335327,0.23460321128368378,0.1625550389289856,,,,,196608
6147.822689431677,0.3331260681152344,,,,,0.0,2048.0,0.881145715713501,0.44731074571609497,0.16647471487522125,0.16618263721466064,,,,,198656
6143.812505721871,0.333343505859375,,,,,0.0,2048.0,0.9113267660140991,0.5340949296951294,0.16651275753974915,0.14256928861141205,,,,,200704
6103.311296824975,0.3355555534362793,,,,,0.0,2048.0,0.9679321050643921,0.6596693992614746,0.3184930980205536,0.1366811990737915,,,,,202752
6102.821309594433,0.3355824947357178,,,,,0.0,2048.0,0.9649406671524048,0.662433385848999,0.3364003896713257,0.11746443063020706,,,,,204800
6137.026478720288,0.333712100982666,,,,,0.0,2048.0,0.9912986755371094,0.6584882736206055,0.28524211049079895,0.15542469918727875,,,,,206848
6070.882575939616,0.33734798431396484,,,,,0.0,2048.0,1.289048433303833,0.6801499128341675,0.24626576900482178,0.1983812004327774,,,,,208896
6147.743490427626,0.3331303596496582,,,,,0.0,2048.0,1.2361156940460205,0.7404626607894897,0.23897333443164825,0.17614126205444336,,,,,210944
5790.995770316168,0.3536524772644043,,,,,0.0,2048.0,1.0404499769210815,0.5591751337051392,0.21650244295597076,0.16536061465740204,,,,,212992
5983.777911680438,0.3422586917877197,,,,,0.0,2048.0,0.9366307854652405,0.6054787635803223,0.15340781211853027,0.17829538881778717,,,,,215040
6056.035030798592,0.33817505836486816,,,,,0.0,2048.0,0.9338085651397705,0.43758219480514526,0.12556634843349457,0.18753930926322937,,,,,217088
6037.158389816452,0.3392324447631836,,,,,0.0,2048.0,1.2282133102416992,0.7800294160842896,0.24683699011802673,0.18360523879528046,,,,,219136
6015.036018365957,0.34048008918762207,,,,,0.0,2048.0,1.103723168373108,0.6350061893463135,0.23386798799037933,0.17458561062812805,,,,,221184
5995.2083975432715,0.34160614013671875,,,,,0.0,2048.0,1.0040438175201416,0.5933055281639099,0.2541365623474121,0.11890392750501633,,,,,223232
5896.003448398938,0.3473539352416992,,,,,0.0,2048.0,0.951188862323761,0.5231832265853882,0.12074977159500122,0.21595552563667297,,,,,225280
6035.139386785825,0.33934593200683594,108.0,61.625,27.0,29.32975238558962,8.0,2048.0,1.3198606967926025,0.7942497730255127,0.14740371704101562,0.3597916066646576,943.2855743175877,695.2994020654071,247.22887898556132,210.06789140411294,227328
6065.969575294156,0.33762121200561523,,,,,0.0,2048.0,1.306306004524231,0.7944139242172241,0.2504284679889679,0.19169124960899353,,,,,229376
6027.233332888947,0.33979105949401855,,,,,0.0,2048.0,1.2039358615875244,0.6261860728263855,0.15475155413150787,0.2022782266139984,,,,,231424
6056.487641921367,0.3381497859954834,,,,,0.0,2048.0,1.3536779880523682,0.8601847887039185,0.16094563901424408,0.20663250982761383,,,,,233472
6049.96548324027,0.3385143280029297,,,,,0.0,2048.0,1.305909276008606,0.7403202652931213,0.12105784565210342,0.25638407468795776,,,,,235520
6039.323106949563,0.3391108512878418,,,,,0.0,2048.0,1.4441295862197876,0.9954710006713867,0.19721853733062744,0.3288900554180145,,,,,237568
6071.14860221164,0.33733320236206055,,,,,0.0,2048.0,1.4158025979995728,0.9673895835876465,0.20592156052589417,0.27076807618141174,,,,,239616
5955.538063041827,0.34388160705566406,,,,,0.0,2048.0,1.2610362768173218,0.628581702709198,0.0567055344581604,0.3765467405319214,,,,,241664
5919.34102003633,0.34598445892333984,,,,,0.0,2048.0,1.2830917835235596,0.6856348514556885,0.05638810247182846,0.2518170475959778,,,,,243712
5957.888430580361,0.3437459468841553,,,,,0.0,2048.0,1.3087968826293945,0.7508563995361328,0.2598823308944702,0.19305475056171417,,,,,245760
6137.052786200314,0.3337106704711914,,,,,0.0,2048.0,0.8852310180664062,0.47856032848358154,0.153128981590271,0.17352242767810822,,,,,247808
6109.114734884449,0.3352367877960205,,,,,0.0,2048.0,0.906745433807373,0.5158650875091553,0.1631806492805481,0.14449703693389893,,,,,249856
5921.507777639141,0.3458578586578369,,,,,0.0,2048.0,0.9784610271453857,0.628248929977417,0.2258094847202301,0.15811243653297424,,,,,251904
6000.766058458665,0.341289758682251,,,,,0.0,2048.0,0.9709562063217163,0.5893909931182861,0.21672236919403076,0.13374672830104828,,,,,253952
5795.219138536477,0.3533947467803955,,,,,0.0,2048.0,0.9694292545318604,0.5733791589736938,0.1485232263803482,0.14070476591587067,,,,,256000
6159.11178478652,0.3325154781341553,,,,,0.0,2048.0,1.0280979871749878,0.620374321937561,0.15478084981441498,0.18799255788326263,,,,,258048
6117.672867949845,0.33476781845092773,,,,,0.0,2048.0,0.9024711847305298,0.6201627850532532,0.15133219957351685,0.143482506275177,,,,,260096
6124.066833398448,0.33441829681396484,,,,,0.0,2048.0,0.9791449904441833,0.5378301739692688,0.1462157815694809,0.1890506148338318,,,,,262144
5900.685413449543,0.3470783233642578,,,,,0.0,2048.0,0.8867965936660767,0.45874521136283875,0.060870543122291565,0.24708494544029236,,,,,264192
6102.769280173237,0.335585355758667,,,,,0.0,2048.0,1.1003609895706177,0.49186888337135315,0.07869742065668106,0.20082053542137146,,,,,266240
5826.57603095231,0.35149288177490234,,,,,0.0,2048.0,1.1530812978744507,0.7873111367225647,0.15972688794136047,0.13675668835639954,,,,,268288
5922.209967727502,0.34581685066223145,,,,,0.0,2048.0,1.1019905805587769,0.5629487037658691,0.09354358911514282,0.20050141215324402,,,,,270336
6067.760655746969,0.3375215530395508,,,,,0.0,2048.0,0.9765487909317017,0.5377360582351685,0.16932658851146698,0.16175155341625214,,,,,272384
6073.9003377793115,0.33718037605285645,249.0,229.5,198.0,17.576025337563287,6.0,2048.0,1.2171825170516968,0.43553242087364197,0.06415653228759766,0.26761728525161743,-471.25591477926093,-826.9321157854283,-1208.2358198922168,263.3946400324726,274432
5898.716138433416,0.34719419479370117,48.0,48.0,48.0,0.0,2.0,2048.0,1.2920889854431152,0.6659432053565979,0.06406992673873901,0.34861356019973755,-672.4982484642563,-673.3449830213145,-674.1917175783727,0.8467345570581983,276480
5940.040807492115,0.34477877616882324,,,,,0.0,2048.0,1.0849268436431885,0.6256421804428101,0.12661540508270264,0.19797085225582123,,,,,278528
5894.8502991710775,0.34742188453674316,,,,,0.0,2048.0,1.2318735122680664,0.4842762351036072,0.05168958753347397,0.2627277970314026,,,,,280576
5776.252623877691,0.3545551300048828,,,,,0.0,2048.0,1.301257848739624,0.6740614175796509,0.05086653307080269,0.2855002284049988,,,,,282624
5870.605532626531,0.34885668754577637,,,,,0.0,2048.0,1.4066510200500488,0.9169594645500183,0.09157875925302505,0.34188273549079895,,,,,284672
5888.2637523537815,0.3478105068206787,,,,,0.0,2048.0,1.4043855667114258,0.9613843560218811,0.08025304228067398,0.3018698990345001,,,,,286720
6205.3716186246365,0.33003664016723633,,,,,0.0,2048.0,1.2975225448608398,0.8181701898574829,0.03114965558052063,0.3036472201347351,,,,,288768
6106.604490201278,0.3353745937347412,,,,,0.0,2048.0,1.2742862701416016,0.5049928426742554,0.02714434824883938,0.3812994062900543,,,,,290816
5798.109890881306,0.35321855545043945,,,,,0.0,2048.0,1.4219862222671509,0.7694153189659119,0.11264819651842117,0.23173931241035461,,,,,292864
5922.283462362878,0.3458125591278076,,,,,0.0,2048.0,1.1383757591247559,0.5395834445953369,0.06324824690818787,0.24813419580459595,,,,,294912
5818.903106057937,0.3519563674926758,,,,,0.0,2048.0,1.0923619270324707,0.4832485318183899,0.07366931438446045,0.22451695799827576,,,,,296960
5780.46617694956,0.3542966842651367,,,,,0.0,2048.0,1.1751270294189453,0.6417903900146484,0.09716247022151947,0.2227785587310791,,,,,299008
5808.389699259712,0.35259342193603516,,,,,0.0,2048.0,1.1772342920303345,0.6800958514213562,0.1715945601463318,0.22497542202472687,,,,,301056
5798.720486043137,0.3531813621520996,,,,,0.0,2048.0,1.0642081499099731,0.6190134286880493,0.12882842123508453,0.21112744510173798,,,,,303104
6087.329818859811,0.33643651008605957,,,,,0.0,2048.0,1.2756295204162598,0.5403640270233154,0.09219804406166077,0.21163274347782135,,,,,305152
6013.659015236586,0.3405580520629883,,,,,0.0,2048.0,1.2862534523010254,0.7493786811828613,0.14722822606563568,0.15475504100322723,,,,,307200
6026.239662359638,0.3398470878601074,,,,,0.0,2048.0,0.9781649708747864,0.5004779100418091,0.10142482072114944,0.19369545578956604,,,,,309248
5935.164974659624,0.3450620174407959,,,,,0.0,2048.0,0.9198131561279297,0.6087729930877686,0.08740606158971786,0.12981349229812622,,,,,311296
5936.09601760249,0.34500789642333984,,,,,0.0,2048.0,0.8521249890327454,0.40767601132392883,0.08719631284475327,0.21212534606456757,,,,,313344
6011.373824221612,0.34068751335144043,,,,,0.0,2048.0,1.1696722507476807,0.5716543793678284,0.14595972001552582,0.17343240976333618,,,,,315392
6048.231735644494,0.338611364364624,,,,,0.0,2048.0,1.0712882280349731,0.5975768566131592,0.11696387082338333,0.1690639853477478,,,,,317440
5998.867673329488,0.341397762298584,,,,,0.0,2048.0,1.1281975507736206,0.5288190841674805,0.1269189417362213,0.1582210808992386,,,,,319488
6048.240252859206,0.3386108875274658,,,,,0.0,2048.0,0.962306022644043,0.5085276365280151,0.10531676560640335,0.21740397810935974,,,,,321536
5879.361021524512,0.34833717346191406,190.0,116.625,73.0,40.29868949482105,8.0,2048.0,1.4286434650421143,0.6074706315994263,0.06412623822689056,0.38254350423812866,-1127.6812266607012,-1460.3314056310055,-1654.7463128119912,157.0710725880431,323584
5859.596845752953,0.34951210021972656,,,,,0.0,2048.0,1.230456829071045,0.7631593942642212,0.11273722350597382,0.2980567514896393,,,,,325632
5887.852077385746,0.34783482551574707,,,,,0.0,2048.0,1.2522668838500977,0.5669536590576172,0.09823551028966904,0.22491532564163208,,,,,327680
5935.587394070724,0.34503746032714844,,,,,0.0,2048.0,1.3094589710235596,0.7271591424942017,0.11904474347829819,0.232600599527359,,,,,329728
5959.566628670382,0.34364914894104004,,,,,0.0,2048.0,1.336165428161621,0.7046253681182861,0.07583026587963104,0.27948588132858276,,,,,331776
5971.398654026762,0.342968225479126,,,,,0.0,2048.0,1.395437479019165,0.9893755912780762,0.23383867740631104,0.3084322512149811,,,,,333824
5931.251228724323,0.3452897071838379,,,,,0.0,2048.0,1.3942736387252808,0.9673895835876465,0.08398983627557755,0.2913142144680023,,,,,335872
5966.744759609206,0.34323573112487793,,,,,0.0,2048.0,1.359489917755127,0.8118454813957214,0.038941431790590286,0.3292611539363861,,,,,337920
5981.598674150106,0.34238338470458984,,,,,0.0,2048.0,1.3173987865447998,0.5599419474601746,0.04069369658827782,0.3922635316848755,,,,,339968
6087.390213187839,0.33643317222595215,,,,,0.0,2048.0,1.3047329187393188,0.7441916465759277,0.2719734013080597,0.1890522688627243,,,,,342016
6022.230255662797,0.3400733470916748,,,,,0.0,2048.0,1.153601884841919,0.5467315912246704,0.11234256625175476,0.23003651201725006,,,,,344064
5935.944241779276,0.3450167179107666,,,,,0.0,2048.0,0.9635716080665588,0.4792495667934418,0.1257925182580948,0.1830320805311203,,,,,346112
5875.416013400702,0.3485710620880127,,,,,0.0,2048.0,1.0370718240737915,0.5905179381370544,0.17534683644771576,0.18634456396102905,,,,,348160
6050.70273354376,0.3384730815887451,,,,,0.0,2048.0,0.9117109179496765,0.5976219177246094,0.19084718823432922,0.14685095846652985,,,,,350208
6050.70273354376,0.3384730815887451,,,,,0.0,2048.0,0.9582746028900146,0.6087901592254639,0.24180468916893005,0.14654769003391266,,,,,352256
6050.225418042769,0.3384997844696045,,,,,0.0,2048.0,1.057267427444458,0.5819243788719177,0.1719713658094406,0.16253727674484253,,,,,354304
6149.217806380489,0.3330504894256592,,,,,0.0,2048.0,1.0547691583633423,0.6383066773414612,0.20333239436149597,0.15534313023090363,,,,,356352
6038.295733936184,0.3391685485839844,,,,,0.0,2048.0,0.9498835206031799,0.5597124099731445,0.17977328598499298,0.17910894751548767,,,,,358400
5814.928566544884,0.35219693183898926,,,,,0.0,2048.0,0.932074248790741,0.5145894885063171,0.1519204080104828,0.22096286714076996,,,,,360448
5793.151614473953,0.35352087020874023,,,,,0.0,2048.0,1.4142069816589355,0.5296498537063599,0.16045956313610077,0.19573086500167847,,,,,362496
5890.953163479653,0.34765172004699707,,,,,0.0,2048.0,1.4009230136871338,0.7672462463378906,0.1403237283229828,0.2020367830991745,,,,,364544
5813.740017583483,0.35226893424987793,,,,,0.0,2048.0,1.196467638015747,0.5518949031829834,0.11620612442493439,0.18366362154483795,,,,,366592
5965.277923650806,0.3433201313018799,,,,,0.0,2048.0,1.060415267944336,0.49708324670791626,0.12026388198137283,0.22463302314281464,,,,,368640
5904.335693252647,0.3468637466430664,228.0,172.5,131.0,35.298725189445584,8.0,2048.0,1.4077903032302856,0.5087231397628784,0.13207358121871948,0.32577940821647644,-926.5530210720069,-1136.4341128912492,-1350.8629510064543,126.14250523716301,370688
5889.289153958434,0.3477499485015869,,,,,0.0,2048.0,1.407389521598816,0.7836704850196838,0.13429705798625946,0.3042122721672058,,,,,372736
5927.837580154083,0.3454885482788086,,,,,0.0,2048.0,1.335819125175476,0.5746234655380249,0.14338278770446777,0.19911767542362213,,,,,374784
5921.756791114126,0.3458433151245117,,,,,0.0,2048.0,1.3611090183258057,0.49653929471969604,0.09640394896268845,0.23154476284980774,,,,,376832
6192.635387972643,0.3307154178619385,,,,,0.0,2048.0,1.372061014175415,0.6035938262939453,0.1083800345659256,0.25661566853523254,,,,,378880
6064.17098974519,0.3377213478088379,,,,,0.0,2048.0,1.3800410032272339,0.7296781539916992,0.19039037823677063,0.28512290120124817,,,,,380928
6058.426949555277,0.3380415439605713,,,,,0.0,2048.0,1.312970757484436,0.8696813583374023,0.1176101565361023,0.26528051495552063,,,,,382976
5994.589190954592,0.3416414260864258,,,,,0.0,2048.0,1.2483375072479248,0.759314775466919,0.0940316915512085,0.24855346977710724,,,,,385024
6012.9476001576395,0.34059834480285645,,,,,0.0,2048.0,1.1830618381500244,0.4891078472137451,0.06338107585906982,0.35802000761032104,,,,,387072
5920.050856311897,0.34594297409057617,,,,,0.0,2048.0,1.1972064971923828,0.6353827714920044,0.18384025990962982,0.18924053013324738,,,,,389120
5887.351687297685,0.34786438941955566,,,,,0.0,2048.0,1.0879789590835571,0.6987584829330444,0.24632468819618225,0.18105363845825195,,,,,391168
5981.440397521617,0.3423924446105957,,,,,0.0,2048.0,0.920392632484436,0.4832170605659485,0.13268379867076874,0.19026027619838715,,,,,393216
5918.125718758052,0.3460555076599121,,,,,0.0,2048.0,0.9269111752510071,0.5836917757987976,0.16644713282585144,0.17311498522758484,,,,,395264
6057.388795649365,0.33809947967529297,,,,,0.0,2048.0,0.9075968861579895,0.6383094787597656,0.28042957186698914,0.11717472225427628,,,,,397312
6059.986985391017,0.3379545211791992,,,,,0.0,2048.0,0.9323398470878601,0.5455077886581421,0.11772888898849487,0.1510014683008194,,,,,399360
6016.552714578589,0.3403942584991455,,,,,0.0,2048.0,0.9612067937850952,0.5212695598602295,0.08627059310674667,0.17830580472946167,,,,,401408
6056.6499152133065,0.33814072608947754,,,,,0.0,2048.0,0.9729220271110535,0.5996420383453369,0.2933485507965088,0.08667304366827011,,,,,403456
6023.395770968975,0.3400075435638428,,,,,0.0,2048.0,0.9684014320373535,0.4831506013870239,0.1155402809381485,0.20750583708286285,,,,,405504
6043.563655602898,0.33887290954589844,,,,,0.0,2048.0,0.8914353847503662,0.5797617435455322,0.09795718640089035,0.19914627075195312,,,,,407552
6028.4092471870135,0.3397247791290283,,,,,0.0,2048.0,0.8693723082542419,0.43931156396865845,0.10063067823648453,0.17891241610050201,,,,,409600
5821.332256254422,0.3518095016479492,,,,,0.0,2048.0,0.8283855319023132,0.6239228248596191,0.11320877820253372,0.14016900956630707,,,,,411648
5772.7899871236905,0.3547677993774414,,,,,0.0,2048.0,0.9530066251754761,0.5112186670303345,0.18551510572433472,0.11986730247735977,,,,,413696
6127.17704894646,0.33424854278564453,,,,,0.0,2048.0,0.9110250473022461,0.45620274543762207,0.1090570017695427,0.17212186753749847,,,,,415744
5842.479428398475,0.3505361080169678,255.0,214.125,169.0,27.57914746688157,8.0,2048.0,1.175598382949829,0.37480419874191284,0.0868307426571846,0.22737905383110046,778.3183365193984,402.53262531201494,141.3241312626236,216.85633546988723,417792
5860.752237030002,0.3494431972503662,,,,,0.0,2048.0,1.1761555671691895,0.6027796864509583,0.09320880472660065,0.3165075480937958,,,,,419840
6048.989861703124,0.33856892585754395,,,,,0.0,2048.0,0.9342095851898193,0.5346099734306335,0.17349785566329956,0.09690972417593002,,,,,421888
6054.570913027787,0.3382568359375,,,,,0.0,2048.0,0.948661208152771,0.42342132329940796,0.10456296056509018,0.1501857340335846,,,,,423936
6031.287519071722,0.33956265449523926,,,,,0.0,2048.0,0.8864229321479797,0.5546443462371826,0.11170505732297897,0.1512971669435501,,,,,425984
6034.274513109719,0.33939456939697266,,,,,0.0,2048.0,0.9379123449325562,0.5312467813491821,0.0967840701341629,0.1717839390039444,,,,,428032
6038.584381950752,0.33915233612060547,,,,,0.0,2048.0,0.9040063619613647,0.5585234761238098,0.14471007883548737,0.09143765270709991,,,,,430080
6050.387355932418,0.33849072456359863,,,,,0.0,2048.0,0.8460380434989929,0.4523336589336395,0.12388233840465546,0.11307110637426376,,,,,432128
6039.828431003752,0.3390824794769287,,,,,0.0,2048.0,0.9730008840560913,0.43221861124038696,0.06874603033065796,0.27306067943573,,,,,434176
6051.879296849405,0.3384072780609131,,,,,0.0,2048.0,0.913438081741333,0.5363459587097168,0.09554152935743332,0.14889052510261536,,,,,436224
6016.017570546923,0.3404245376586914,,,,,0.0,2048.0,0.8636624217033386,0.6627517938613892,0.23793365061283112,0.11334557086229324,,,,,438272
6024.3166780865395,0.33995556831359863,,,,,0.0,2048.0,0.8990417718887329,0.4864560067653656,0.19284440577030182,0.1331341415643692,,,,,440320
6039.654318209942,0.3390922546386719,,,,,0.0,2048.0,0.9403541684150696,0.5660763382911682,0.17811262607574463,0.1447053998708725,,,,,442368
6047.418452158853,0.3386569023132324,,,,,0.0,2048.0,0.9490544199943542,0.6144810318946838,0.19902698695659637,0.11530862003564835,,,,,444416
6068.090706990932,0.33750319480895996,,,,,0.0,2048.0,0.9408432245254517,0.5719221830368042,0.22526466846466064,0.12174411118030548,,,,,446464
5831.1364638877485,0.35121798515319824,,,,,0.0,2048.0,0.8882537484169006,0.5458927750587463,0.269663006067276,0.09338673204183578,,,,,448512
5944.192391237405,0.34453797340393066,,,,,0.0,2048.0,0.9253790378570557,0.5835028886795044,0.20603635907173157,0.09514982253313065,,,,,450560
5909.681350857495,0.34654998779296875,,,,,0.0,2048.0,0.9305717945098877,0.5022493004798889,0.10931217670440674,0.22936026751995087,,,,,452608
5969.340422471298,0.34308648109436035,,,,,0.0,2048.0,0.9396482706069946,0.6775838136672974,0.18980060517787933,0.18662375211715698,,,,,454656
5900.162576474314,0.3471090793609619,,,,,0.0,2048.0,0.8798856139183044,0.3486652076244354,0.12536068260669708,0.13847504556179047,,,,,456704
5935.144470393146,0.3450632095336914,,,,,0.0,2048.0,1.0098708868026733,0.5743542909622192,0.17520560324192047,0.27719148993492126,,,,,458752
5959.153191639917,0.3436729907989502,,,,,0.0,2048.0,0.9634174108505249,0.5650157928466797,0.1869131326675415,0.17664414644241333,,,,,460800
5930.669730294009,0.3453235626220703,,,,,0.0,2048.0,0.8639020323753357,0.4858555793762207,0.14822763204574585,0.13464565575122833,,,,,462848
6230.5860944445085,0.3287010192871094,248.0,216.16666666666666,166.0,30.17403224996988,6.0,2048.0,0.9742168188095093,0.3993813395500183,0.09039667248725891,0.18158024549484253,921.7784680437281,747.8516023327946,667.6546132052143,82.12581765911997,464896
6015.2424126137585,0.3404684066772461,11.0,7.5,4.0,3.5,2.0,2048.0,0.9740355014801025,0.5015053749084473,0.09043987840414047,0.1930120438337326,768.1922263921808,679.8511115480101,591.5099967038394,88.3411148441707,466944
6329.350202887061,0.32357192039489746,,,,,0.0,2048.0,0.688973069190979,0.4825672507286072,0.2934954762458801,0.054397594183683395,,,,,468992
5928.344876325088,0.345458984375,,,,,0.0,2048.0,0.8139896392822266,0.43737030029296875,0.14704102277755737,0.11899358034133911,,,,,471040
5880.890583109461,0.34824657440185547,,,,,0.0,2048.0,0.6455788612365723,0.4061124324798584,0.1348242610692978,0.12554672360420227,,,,,473088
5890.565349085516,0.3476746082305908,,,,,0.0,2048.0,0.7871907949447632,0.4762081503868103,0.14518339931964874,0.13072283565998077,,,,,475136
5851.617512478209,0.3499886989593506,,,,,0.0,2048.0,0.8106876015663147,0.30417826771736145,0.1411585807800293,0.12147040665149689,,,,,477184
5865.094021109037,0.349184513092041,,,,,0.0,2048.0,0.7622166872024536,0.29482704401016235,0.1368378847837448,0.14774487912654877,,,,,479232
6111.740103210218,0.33509278297424316,,,,,0.0,2048.0,0.9155671000480652,0.31920915842056274,0.04990832507610321,0.1744106262922287,,,,,481280
5949.9896390427575,0.34420228004455566,,,,,0.0,2048.0,0.8860120177268982,0.45068663358688354,0.0500682108104229,0.19454340636730194,,,,,483328
6049.905829223732,0.3385176658630371,,,,,0.0,2048.0,1.0445243120193481,0.7467095851898193,0.26405763626098633,0.21078914403915405,,,,,485376
5959.583167344843,0.34364819526672363,,,,,0.0,2048.0,0.9508127570152283,0.5389758944511414,0.15184374153614044,0.18977707624435425,,,,,487424
6012.960227360228,0.34059762954711914,,,,,0.0,2048.0,0.8723544478416443,0.5365806818008423,0.1569608896970749,0.12845687568187714,,,,,489472
5961.088571069694,0.34356141090393066,,,,,0.0,2048.0,0.8110668063163757,0.6352940797805786,0.18114487826824188,0.1009187251329422,,,,,491520
6145.236576955545,0.3332662582397461,,,,,0.0,2048.0,0.8325325846672058,0.5553500652313232,0.16827929019927979,0.10970256477594376,,,,,493568
5944.867057503704,0.344498872756958,,,,,0.0,2048.0,0.9609758853912354,0.5042214393615723,0.20480415225028992,0.0987909659743309,,,,,495616
6014.442187397162,0.3405137062072754,,,,,0.0,2048.0,0.8903193473815918,0.5493911504745483,0.19863420724868774,0.1445947140455246,,,,,497664
6106.1226550959855,0.3354010581970215,,,,,0.0,2048.0,0.8658023476600647,0.4886746406555176,0.1619616448879242,0.1844663918018341,,,,,499712
6150.89982979278,0.3329594135284424,,,,,0.0,2048.0,0.8400121927261353,0.6709823608398438,0.21163080632686615,0.09752001613378525,,,,,501760
6052.365402189437,0.3383800983428955,,,,,0.0,2048.0,0.8150908350944519,0.4025297462940216,0.1098710224032402,0.17358386516571045,,,,,503808
5746.936566450213,0.35636377334594727,,,,,0.0,2048.0,1.0071873664855957,0.3864472210407257,0.10625194013118744,0.23082157969474792,,,,,505856
5922.532541082281,0.3457980155944824,,,,,0.0,2048.0,1.1057075262069702,0.5423484444618225,0.15268728137016296,0.28180405497550964,,,,,507904
6066.770717402866,0.33757662773132324,,,,,0.0,2048.0,1.0110969543457031,0.5357316732406616,0.2015414983034134,0.15989048779010773,,,,,509952
5928.181222912353,0.34546852111816406,,,,,0.0,2048.0,0.8157501220703125,0.4738359749317169,0.17033879458904266,0.12334933876991272,,,,,512000
6128.366055299828,0.3341836929321289,180.0,128.875,65.0,36.202339358113306,8.0,2048.0,1.0383089780807495,0.4353014826774597,0.08564841002225876,0.2442365437746048,1369.993704856381,1133.911257983792,867.400006861844,171.25738427849257,514048
6221.272272179475,0.329193115234375,,,,,0.0,2048.0,0.9664515256881714,0.5032612085342407,0.25010085105895996,0.10670590400695801,,,,,516096
5901.897616755746,0.34700703620910645,,,,,0.0,2048.0,0.7196316719055176,0.4318407475948334,0.12307959049940109,0.10297981649637222,,,,,518144
5939.64239623179,0.3448019027709961,,,,,0.0,2048.0,0.9976116418838501,0.35962873697280884,0.13462956249713898,0.14902159571647644,,,,,520192
5996.321617497386,0.34154272079467773,,,,,0.0,2048.0,0.9936144351959229,0.3828151226043701,0.1270904541015625,0.1448291838169098,,,,,522240
6158.621628326147,0.33254194259643555,,,,,0.0,2048.0,0.8945327997207642,0.35160428285598755,0.15088993310928345,0.13478393852710724,,,,,524288
6139.6056842174485,0.3335719108581543,,,,,0.0,2048.0,0.920385479927063,0.275892972946167,0.11513794213533401,0.17734593152999878,,,,,526336
6139.614460724752,0.3335714340209961,,,,,0.0,2048.0,1.0194573402404785,0.26936644315719604,0.11442551016807556,0.2041212022304535,,,,,528384
6036.513519363371,0.33926868438720703,,,,,0.0,2048.0,0.9159040451049805,0.3849793076515198,0.08803898841142654,0.21549704670906067,,,,,530432
5981.548691151976,0.34238624572753906,,,,,0.0,2048.0,1.123928189277649,0.5935173034667969,0.15557925403118134,0.20811910927295685,,,,,532480
6074.488785800156,0.33714771270751953,,,,,0.0,2048.0,1.0997251272201538,0.6115124225616455,0.16914625465869904,0.17726242542266846,,,,,534528
6124.870294366788,0.33437442779541016,,,,,0.0,2048.0,0.8756818771362305,0.4800134301185608,0.1511029601097107,0.15033145248889923,,,,,536576
6043.010942224436,0.33890390396118164,,,,,0.0,2048.0,0.906853973865509,0.5871151089668274,0.14546436071395874,0.1432897448539734,,,,,538624
5654.695336651131,0.36217689514160156,,,,,0.0,2048.0,0.9433218240737915,0.5752705931663513,0.17916417121887207,0.13870012760162354,,,,,540672
5823.9648091535255,0.3516504764556885,,,,,0.0,2048.0,0.791382372379303,0.5274115800857544,0.22381900250911713,0.09265141934156418,,,,,542720
5816.9407615577875,0.35207509994506836,,,,,0.0,2048.0,0.829075276851654,0.5025648474693298,0.18336570262908936,0.14266808331012726,,,,,544768
5809.257817366093,0.3525407314300537,,,,,0.0,2048.0,0.8987470865249634,0.6528698205947876,0.16393297910690308,0.1611710488796234,,,,,546816
6081.851865068239,0.33673954010009766,,,,,0.0,2048.0,0.9178237318992615,0.5208057761192322,0.11754734069108963,0.23667635023593903,,,,,548864
6115.338433521707,0.33489561080932617,,,,,0.0,2048.0,0.9174657464027405,0.4895215630531311,0.09941495209932327,0.23826074600219727,,,,,550912
5973.026325323112,0.34287476539611816,,,,,0.0,2048.0,1.2626667022705078,0.39910998940467834,0.12088360637426376,0.19633831083774567,,,,,552960
6083.070729159659,0.3366720676422119,,,,,0.0,2048.0,1.2827345132827759,0.7173664569854736,0.12163709104061127,0.23401524126529694,,,,,555008
6144.370627824984,0.3333132266998291,,,,,0.0,2048.0,1.0554496049880981,0.5743975639343262,0.12284901738166809,0.1736157238483429,,,,,557056
6178.7511145573635,0.33145856857299805,,,,,0.0,2048.0,0.6501297950744629,0.4783836305141449,0.16882359981536865,0.09702376276254654,,,,,559104
6066.312283987497,0.3376021385192871,156.0,105.125,46.0,37.16327992790733,8.0,2048.0,0.9947810173034668,0.42060020565986633,0.07027612626552582,0.22978006303310394,1819.9870873018976,1069.3219176727387,604.9120203447026,398.42662102855513,561152
6162.726336277929,0.3323204517364502,,,,,0.0,2048.0,0.7156128883361816,0.46984928846359253,0.13462316989898682,0.11619594693183899,,,,,563200
6146.256687950956,0.33321094512939453,,,,,0.0,2048.0,0.6540939211845398,0.45108741521835327,0.1375301629304886,0.09707620739936829,,,,,565248
6143.9091810299815,0.33333826065063477,,,,,0.0,2048.0,0.9436925649642944,0.3447938561439514,0.12701523303985596,0.16149084270000458,,,,,567296
6165.694497919152,0.33216047286987305,,,,,0.0,2048.0,0.8420801162719727,0.33090245723724365,0.08772444725036621,0.12342440336942673,,,,,569344
6097.921432049897,0.33585214614868164,,,,,0.0,2048.0,0.8955552577972412,0.40202534198760986,0.13728466629981995,0.14175036549568176,,,,,571392
6155.647037240873,0.33270263671875,,,,,0.0,2048.0,0.9777018427848816,0.3206826150417328,0.10443896800279617,0.20340071618556976,,,,,573440
5999.923580368157,0.3413376808166504,,,,,0.0,2048.0,0.9477463960647583,0.30000612139701843,0.07487025856971741,0.18820995092391968,,,,,575488
5974.351539363556,0.34279870986938477,,,,,0.0,2048.0,0.9937148690223694,0.39411094784736633,0.0714956521987915,0.22044169902801514,,,,,577536
5935.755558334963,0.3450276851654053,,,,,0.0,2048.0,1.2450467348098755,0.6047277450561523,0.17760241031646729,0.20780834555625916,,,,,579584
6138.425472587327,0.3336360454559326,,,,,0.0,2048.0,1.4675887823104858,0.6603735685348511,0.1401645839214325,0.33600521087646484,,,,,581632
6123.2548533758,0.33446264266967773,,,,,0.0,2048.0,0.8984307050704956,0.46809470653533936,0.09903643280267715,0.17791055142879486,,,,,583680
6122.211818738387,0.334519624710083,,,,,0.0,2048.0,0.8893580436706543,0.5973923206329346,0.16179920732975006,0.16504043340682983,,,,,585728
6149.975043368751,0.3330094814300537,,,,,0.0,2048.0,0.9455820322036743,0.5590178966522217,0.11466831713914871,0.18294411897659302,,,,,587776
6096.4456471827325,0.3359334468841553,,,,,0.0,2048.0,0.9161008596420288,0.5531560778617859,0.11991874128580093,0.1073671281337738,,,,,589824
6162.248866359962,0.33234620094299316,,,,,0.0,2048.0,0.9055278301239014,0.5770106315612793,0.08032696694135666,0.17918415367603302,,,,,591872
6001.688445019853,0.34123730659484863,,,,,0.0,2048.0,0.9754524230957031,0.5582797527313232,0.08534695208072662,0.2572636008262634,,,,,593920
6072.719490538079,0.3372459411621094,,,,,0.0,2048.0,0.9339748024940491,0.5729060769081116,0.06864053755998611,0.23730705678462982,,,,,595968
6011.293895026194,0.34069204330444336,,,,,0.0,2048.0,0.8891337513923645,0.37172549962997437,0.05057603865861893,0.20880292356014252,,,,,598016
5993.576980023584,0.34169912338256836,,,,,0.0,2048.0,1.2454791069030762,0.503829300403595,0.06420517712831497,0.27674007415771484,,,,,600064
6085.096070868178,0.3365600109100342,,,,,0.0,2048.0,0.9281430244445801,0.5538662075996399,0.11861144751310349,0.16413414478302002,,,,,602112
6029.941161646474,0.33963847160339355,,,,,0.0,2048.0,0.8166606426239014,0.4757080078125,0.12032537162303925,0.10745023190975189,,,,,604160
6129.861710979458,0.33410215377807617,255.0,212.83333333333334,137.0,41.143718300070496,6.0,2048.0,0.9306403398513794,0.3981667757034302,0.06106659024953842,0.15091747045516968,1188.9348475354338,712.3915380579182,200.1455115089493,359.7009833186812,606208
5978.5512391494385,0.3425579071044922,38.0,22.0,6.0,16.0,2.0,2048.0,1.0427762269973755,0.5137624144554138,0.06110050901770592,0.21789772808551788,914.9073673598006,909.1659715499952,903.42457574019,5.741395809805283,608256
5898.011408859581,0.34723567962646484,,,,,0.0,2048.0,0.7119140028953552,0.4578489065170288,0.11050545424222946,0.14263176918029785,,,,,610304
5972.5030485027955,0.34290480613708496,,,,,0.0,2048.0,0.8753126263618469,0.3186577260494232,0.09003178030252457,0.16575759649276733,,,,,612352
5890.064497725896,0.3477041721343994,,,,,0.0,2048.0,0.870893120765686,0.33711108565330505,0.08303196728229523,0.16575685143470764,,,,,614400
5989.748729870735,0.3419175148010254,,,,,0.0,2048.0,1.3315153121948242,0.4278358221054077,0.09332624822854996,0.26761868596076965,,,,,616448
6158.785005144309,0.3325331211090088,,,,,0.0,2048.0,1.380223274230957,0.7623436450958252,0.10639038681983948,0.3679406940937042,,,,,618496
6111.435723072304,0.3351094722747803,,,,,0.0,2048.0,1.1800602674484253,0.304944783449173,0.08896941691637039,0.21927207708358765,,,,,620544
6065.489848170948,0.3376479148864746,,,,,0.0,2048.0,0.7922146320343018,0.26802390813827515,0.049887195229530334,0.16421763598918915,,,,,622592
6115.529999074476,0.3348851203918457,,,,,0.0,2048.0,0.7915077209472656,0.40996184945106506,0.047367822378873825,0.20903347432613373,,,,,624640
6122.464907460269,0.3345057964324951,,,,,0.0,2048.0,1.2791497707366943,0.6780492067337036,0.17432233691215515,0.24707433581352234,,,,,626688
6188.860824500871,0.3309171199798584,,,,,0.0,2048.0,0.9560707211494446,0.4883999526500702,0.15647870302200317,0.17830419540405273,,,,,628736
6158.996966366171,0.3325216770172119,,,,,0.0,2048.0,0.924913227558136,0.4777598977088928,0.052200354635715485,0.22331173717975616,,,,,630784
5965.2199280140385,0.3433234691619873,,,,,0.0,2048.0,0.9421796798706055,0.5752202272415161,0.049717530608177185,0.21826733648777008,,,,,632832
5992.7281575953,0.341747522354126,,,,,0.0,2048.0,0.8336716294288635,0.5588335990905762,0.04829775169491768,0.19182409346103668,,,,,634880
5948.489835206879,0.34428906440734863,,,,,0.0,2048.0,0.9552542567253113,0.5113584995269775,0.08917779475450516,0.16404856741428375,,,,,636928
6027.1614393448235,0.3397951126098633,,,,,0.0,2048.0,0.9593477845191956,0.6479443907737732,0.03989005833864212,0.23263181746006012,,,,,638976
6164.951083360247,0.3322005271911621,,,,,0.0,2048.0,0.9764953255653381,0.4632474184036255,0.042437706142663956,0.30663350224494934,,,,,641024
6271.604595317799,0.3265511989593506,,,,,0.0,2048.0,0.9367390275001526,0.39274293184280396,0.03743031620979309,0.26721900701522827,,,,,643072
6025.698566868928,0.3398776054382324,,,,,0.0,2048.0,0.944040060043335,0.506068229675293,0.04089727625250816,0.24796850979328156,,,,,645120
6031.105429300022,0.3395729064941406,,,,,0.0,2048.0,0.9295381903648376,0.6654856204986572,0.08129905164241791,0.17888827621936798,,,,,647168
6139.127402514703,0.33359789848327637,,,,,0.0,2048.0,0.8198768496513367,0.5059502124786377,0.14219866693019867,0.13161209225654602,,,,,649216
6270.473794475809,0.32661008834838867,249.0,218.4,171.0,26.62029301115974,5.0,2048.0,1.0992649793624878,0.39773672819137573,0.041231051087379456,0.15586547553539276,691.4371579662147,82.08828833040293,-443.2834282045825,382.351725568697,651264
6116.030738450475,0.334857702255249,35.0,25.666666666666668,12.0,9.877021593352701,3.0,2048.0,1.0995872020721436,0.5210408568382263,0.04138237610459328,0.256142795085907,576.6198000485244,376.24775159858,273.28294572998743,141.70259931147604,653312
6102.509146373953,0.3355996608734131,,,,,0.0,2048.0,1.0374672412872314,0.5243369340896606,0.1005094051361084,0.20572605729103088,,,,,655360
6199.330259385129,0.33035826683044434,,,,,0.0,2048.0,1.0246312618255615,0.4264134466648102,0.11573292315006256,0.1917322725057602,,,,,657408
6179.889086333492,0.33139753341674805,,,,,0.0,2048.0,0.9475391507148743,0.35942989587783813,0.10135263949632645,0.22308646142482758,,,,,659456
5783.334438840604,0.35412096977233887,,,,,0.0,2048.0,0.5671454071998596,0.306998074054718,0.06483036279678345,0.10253749787807465,,,,,661504
5988.629598696017,0.3419814109802246,,,,,0.0,2048.0,0.603458046913147,0.30787020921707153,0.13433071970939636,0.09168213605880737,,,,,663552
6022.766505590908,0.3400430679321289,,,,,0.0,2048.0,1.0067949295043945,0.2829231023788452,0.1010294035077095,0.15694311261177063,,,,,665600
5909.388632973952,0.34656715393066406,,,,,0.0,2048.0,1.0572803020477295,0.41483479738235474,0.03697784245014191,0.26452139019966125,,,,,667648
6065.6611705755995,0.33763837814331055,,,,,0.0,2048.0,0.9734513759613037,0.5454391837120056,0.034049514681100845,0.1830373853445053,,,,,669696
6258.098319188758,0.3272559642791748,,,,,0.0,2048.0,1.1252515316009521,0.6340104341506958,0.17192450165748596,0.18802250921726227,,,,,671744
5786.451108157611,0.3539302349090576,,,,,0.0,2048.0,0.9745407104492188,0.41455501317977905,0.06547274440526962,0.17534320056438446,,,,,673792
6077.346741802771,0.336989164352417,,,,,0.0,2048.0,0.993078887462616,0.5627292394638062,0.08129299432039261,0.20639768242835999,,,,,675840
6107.147188344716,0.3353447914123535,,,,,0.0,2048.0,0.9703494906425476,0.5099334716796875,0.06736946851015091,0.1892871856689453,,,,,677888
5809.776455143653,0.3525092601776123,,,,,0.0,2048.0,0.9457706809043884,0.5610736012458801,0.07786333560943604,0.15792332589626312,,,,,679936
6180.253681559824,0.3313779830932617,,,,,0.0,2048.0,0.9317197203636169,0.604789674282074,0.06641659140586853,0.20750008523464203,,,,,681984
6017.543192838859,0.34033823013305664,,,,,0.0,2048.0,0.9385442137718201,0.5263873338699341,0.053899120539426804,0.30098769068717957,,,,,684032
5854.68053716251,0.3498055934906006,,,,,0.0,2048.0,0.9178241491317749,0.5724649429321289,0.0587380975484848,0.2505000829696655,,,,,686080
5955.162341457328,0.3439033031463623,,,,,0.0,2048.0,0.9839229583740234,0.32022470235824585,0.05352228879928589,0.22626399993896484,,,,,688128
6146.538157484237,0.33319568634033203,,,,,0.0,2048.0,0.9811429381370544,0.4632534384727478,0.05496908724308014,0.1910862922668457,,,,,690176
5840.528950614178,0.35065317153930664,,,,,0.0,2048.0,0.8586537837982178,0.5562594532966614,0.09932254254817963,0.11381085216999054,,,,,692224
6191.898852868118,0.33075475692749023,,,,,0.0,2048.0,0.7767089605331421,0.4971599280834198,0.17601536214351654,0.08915726840496063,,,,,694272
6072.393228275653,0.3372640609741211,242.0,160.5,107.0,46.84638015186801,6.0,2048.0,1.3706170320510864,0.48803746700286865,0.04154438525438309,0.28830641508102417,-1617.5330807313908,-1888.5240175811862,-2055.787269402951,147.39887207022326,696320
6082.846731631114,0.3366844654083252,8.0,7.5,7.0,0.5,2.0,2048.0,1.3655362129211426,0.7602536678314209,0.04158462956547737,0.3563674986362457,-498.1497745022448,-1053.3971265437933,-1608.6444785853419,555.2473520415485,698368
6075.580078735591,0.33708715438842773,,,,,0.0,2048.0,1.299370288848877,0.7033671140670776,0.13390587270259857,0.29288792610168457,,,,,700416
6105.085448393156,0.33545804023742676,,,,,0.0,2048.0,1.218517541885376,0.4640123248100281,0.09376535564661026,0.27069592475891113,,,,,702464
6115.826078536633,0.3348689079284668,,,,,0.0,2048.0,1.030530333518982,0.5448676347732544,0.07695414125919342,0.25137007236480713,,,,,704512
5930.219352130684,0.3453497886657715,,,,,0.0,2048.0,1.3185529708862305,0.3832521438598633,0.06786061078310013,0.22835414111614227,,,,,706560
6080.637793681469,0.3368067741394043,,,,,0.0,2048.0,1.3812499046325684,0.7705129384994507,0.08611694723367691,0.4126226007938385,,,,,708608
6028.244253123623,0.3397340774536133,,,,,0.0,2048.0,1.3520770072937012,0.40540969371795654,0.08039911091327667,0.2700342535972595,,,,,710656
6144.511273010798,0.33330559730529785,,,,,0.0,2048.0,1.1301133632659912,0.30422794818878174,0.09439098089933395,0.21729347109794617,,,,,712704
5835.684218464136,0.35094428062438965,,,,,0.0,2048.0,1.0679916143417358,0.38630980253219604,0.02904946729540825,0.2829672396183014,,,,,714752
5912.072966135058,0.34640979766845703,,,,,0.0,2048.0,1.211151123046875,0.6035149097442627,0.07874977588653564,0.20639841258525848,,,,,716800
6040.431533402294,0.3390486240386963,,,,,0.0,2048.0,0.908687949180603,0.52436763048172,0.09389912337064743,0.16995105147361755,,,,,718848
6012.644563204995,0.34061551094055176,,,,,0.0,2048.0,0.9851406216621399,0.4577910304069519,0.10306114703416824,0.20223288238048553,,,,,720896
6119.46845849487,0.3346695899963379,,,,,0.0,2048.0,0.9907686114311218,0.5661336183547974,0.08512768894433975,0.21835249662399292,,,,,722944
6075.5199185209285,0.33709049224853516,,,,,0.0,2048.0,0.9928569793701172,0.5384478569030762,0.062167976051568985,0.21839219331741333,,,,,724992
5830.087684100504,0.35128116607666016,,,,,0.0,2048.0,0.9166633486747742,0.5699889063835144,0.067604660987854,0.16714520752429962,,,,,727040
5859.301074872752,0.3495297431945801,,,,,0.0,2048.0,0.9694142937660217,0.6031925082206726,0.047460928559303284,0.22687576711177826,,,,,729088
6137.7280887154975,0.33367395401000977,,,,,0.0,2048.0,0.9737180471420288,0.4396936893463135,0.03810137137770653,0.2759615480899811,,,,,731136
6101.02680707895,0.3356812000274658,,,,,0.0,2048.0,0.9082311391830444,0.44590532779693604,0.04925333335995674,0.25134027004241943,,,,,733184
6081.0940898961035,0.33678150177001953,,,,,0.0,2048.0,0.8538005352020264,0.29441457986831665,0.04423695057630539,0.1663942039012909,,,,,735232
6021.3521943053975,0.34012293815612793,,,,,0.0,2048.0,0.8470538854598999,0.5033692121505737,0.07752272486686707,0.11834551393985748,,,,,737280
5996.497426861721,0.34153270721435547,,,,,0.0,2048.0,0.8007852435112,0.5109879374504089,0.061521559953689575,0.12586377561092377,,,,,739328
5957.913224656654,0.34374451637268066,222.0,172.33333333333334,139.0,35.798820588890294,3.0,2048.0,1.1502903699874878,0.397306352853775,0.028135955333709717,0.17520946264266968,-491.7122236688657,-499.2973779592132,-508.49640141982445,6.9464900474024,741376
6164.132649700223,0.3322446346282959,79.0,48.2,28.0,18.26909959467078,5.0,2048.0,1.1425551176071167,0.5825139284133911,0.028104491531848907,0.3025819659233093,-524.6246872405474,-1259.8191062368164,-2450.3143822299307,709.0718109115485,743424
6174.722686707712,0.33167481422424316,,,,,0.0,2048.0,1.0963153839111328,0.5291184186935425,0.0661475732922554,0.23586730659008026,,,,,745472
5834.071093349923,0.351041316986084,,,,,0.0,2048.0,1.194685459136963,0.43647462129592896,0.0586761012673378,0.2638503313064575,,,,,747520
6050.924369913645,0.33846068382263184,,,,,0.0,2048.0,1.1302155256271362,0.4564184546470642,0.060397494584321976,0.22155889868736267,,,,,749568
6011.512653665651,0.3406796455383301,,,,,0.0,2048.0,1.1507785320281982,0.44433659315109253,0.05848569795489311,0.20947113633155823,,,,,751616
6068.909560548255,0.33745765686035156,,,,,0.0,2048.0,1.1158560514450073,0.5833888649940491,0.1294141262769699,0.20004498958587646,,,,,753664
6058.755986152922,0.33802318572998047,,,,,0.0,2048.0,1.091510534286499,0.43348950147628784,0.13874107599258423,0.19075439870357513,,,,,755712
5972.291272045153,0.34291696548461914,,,,,0.0,2048.0,1.0969361066818237,0.4301201105117798,0.018660418689250946,0.2788713872432709,,,,,757760
6077.058675544852,0.3370051383972168,,,,,0.0,2048.0,1.0761598348617554,0.464812308549881,0.018332021310925484,0.26435819268226624,,,,,759808
6113.732367370499,0.33498358726501465,,,,,0.0,2048.0,0.8412501215934753,0.587108850479126,0.11056777834892273,0.1239757388830185,,,,,761856
6077.574634458342,0.3369765281677246,,,,,0.0,2048.0,0.9543845057487488,0.49907881021499634,0.03369978070259094,0.1680448055267334,,,,,763904
6100.957475505428,0.33568501472473145,,,,,0.0,2048.0,0.9824950695037842,0.5467479228973389,0.029853204265236855,0.22502374649047852,,,,,765952
6115.408092334111,0.33489179611206055,,,,,0.0,2048.0,0.9452760815620422,0.5426745414733887,0.04416380822658539,0.2184125930070877,,,,,768000
5957.355407849621,0.3437767028808594,,,,,0.0,2048.0,0.9179353713989258,0.5275854468345642,0.0716913491487503,0.14312878251075745,,,,,770048
5980.85318112097,0.342426061630249,,,,,0.0,2048.0,0.892661988735199,0.5869842767715454,0.05193093791604042,0.21451838314533234,,,,,772096
5983.2444142609875,0.3422892093658447,,,,,0.0,2048.0,0.9448189735412598,0.4605340361595154,0.04996347054839134,0.2637123465538025,,,,,774144
5853.467706533924,0.34987807273864746,,,,,0.0,2048.0,0.8000544309616089,0.4704318642616272,0.0413900651037693,0.2472492754459381,,,,,776192
5960.451576686754,0.3435981273651123,,,,,0.0,2048.0,0.8339667916297913,0.3598698377609253,0.042861636728048325,0.18329760432243347,,,,,778240
6169.43198562418,0.33195924758911133,,,,,0.0,2048.0,0.7686861157417297,0.5546351671218872,0.10538235306739807,0.10868795961141586,,,,,780288
6121.984929397083,0.3345320224761963,,,,,0.0,2048.0,0.7468689680099487,0.512742280960083,0.10569465160369873,0.11345113068819046,,,,,782336
6094.788945572198,0.33602476119995117,252.0,167.0,64.0,66.1261420821347,6.0,2048.0,1.3640494346618652,0.5115293264389038,0.06798457354307175,0.29334643483161926,-1179.201578818021,-1490.1972900431638,-1797.2844189835964,221.72546811600068,784384
6186.315817068024,0.3310532569885254,88.0,49.0,10.0,39.0,2.0,2048.0,1.3694429397583008,0.9455509185791016,0.06773576885461807,0.3587832748889923,-703.3603700091202,-951.0218213148662,-1198.6832726206121,247.66145130574597,786432
6022.964984500739,0.34003186225891113,,,,,0.0,2048.0,1.262698769569397,0.6627395153045654,0.11151766031980515,0.19995777308940887,,,,,788480
6184.525315708382,0.3311491012573242,,,,,0.0,2048.0,1.0953410863876343,0.5534064769744873,0.07467574626207352,0.23280063271522522,,,,,790528
5979.200432120593,0.34252071380615234,,,,,0.0,2048.0,1.1295958757400513,0.45769748091697693,0.09035947918891907,0.28685757517814636,,,,,792576
5970.53950177936,0.343017578125,,,,,0.0,2048.0,1.239285945892334,0.5411708950996399,0.19633927941322327,0.18963846564292908,,,,,794624
5983.744565304466,0.34226059913635254,,,,,0.0,2048.0,1.1751495599746704,0.5346564054489136,0.15089662373065948,0.2356560230255127,,,,,796672
6045.145824947008,0.33878421783447266,,,,,0.0,2048.0,1.1469767093658447,0.4437258243560791,0.06163604184985161,0.20202255249023438,,,,,798720
6034.193973768267,0.3393990993499756,,,,,0.0,2048.0,0.944267749786377,0.2346574366092682,0.05887446179986,0.15014463663101196,,,,,800768
5865.867012475476,0.3491384983062744,,,,,0.0,2048.0,0.818416953086853,0.3833540678024292,0.035524994134902954,0.2019469290971756,,,,,802816
5883.839245986082,0.3480720520019531,,,,,0.0,2048.0,0.8322202563285828,0.5073420405387878,0.030268527567386627,0.19680626690387726,,,,,804864
5828.572566959545,0.35137248039245605,,,,,0.0,2048.0,0.826749324798584,0.6156158447265625,0.28084415197372437,0.10888482630252838,,,,,806912
5860.988168764994,0.3494291305541992,,,,,0.0,2048.0,0.9467952847480774,0.5241585969924927,0.06215653568506241,0.13643117249011993,,,,,808960
5867.774328735851,0.34902501106262207,,,,,0.0,2048.0,0.9232021570205688,0.562716007232666,0.04782463610172272,0.21410560607910156,,,,,811008
5871.616765746682,0.3487966060638428,,,,,0.0,2048.0,0.9272966980934143,0.5267623662948608,0.044734206050634384,0.2276822179555893,,,,,813056
6115.1251132801735,0.33490729331970215,,,,,0.0,2048.0,0.8971096277236938,0.549160361289978,0.042621053755283356,0.13882407546043396,,,,,815104
6122.866401459235,0.3344838619232178,,,,,0.0,2048.0,0.9361668229103088,0.6187660694122314,0.03594902530312538,0.20797759294509888,,,,,817152
6115.586600284637,0.3348820209503174,,,,,0.0,2048.0,0.9680296778678894,0.451938271522522,0.050728894770145416,0.28684428334236145,,,,,819200
6086.6051803852515,0.33647656440734863,,,,,0.0,2048.0,0.917003870010376,0.49956458806991577,0.02381553314626217,0.21908079087734222,,,,,821248
6135.711392224231,0.3337836265563965,,,,,0.0,2048.0,0.7193999886512756,0.3348158001899719,0.025194915011525154,0.17566505074501038,,,,,823296
6110.022926630798,0.3351869583129883,,,,,0.0,2048.0,0.8280075788497925,0.5150460004806519,0.1547672599554062,0.08277520537376404,,,,,825344
6084.949511535636,0.33656811714172363,,,,,0.0,2048.0,0.6586201190948486,0.46897029876708984,0.18756990134716034,0.07702567428350449,,,,,827392
5994.463691696593,0.34164857864379883,245.0,170.28571428571428,50.0,70.20116866286952,7.0,2048.0,0.8944041132926941,0.40434420108795166,0.08629325032234192,0.1684652417898178,-146.2345238849981,-734.4770989251277,-1070.895768470607,300.7786279877727,829440
5921.11592999106,0.34588074684143066,13.0,13.0,13.0,0.0,1.0,2048.0,0.956171989440918,0.5177014470100403,0.0875004306435585,0.23229481279850006,-731.3973757674848,-731.3973757674848,-731.3973757674848,0.0,831488
5934.652410495917,0.3450918197631836,,,,,0.0,2048.0,0.9126030206680298,0.4778406620025635,0.1913600116968155,0.15832360088825226,,,,,833536
5605.225096199837,0.3653733730316162,,,,,0.0,2048.0,0.6638548374176025,0.4151152968406677,0.13737380504608154,0.11054913699626923,,,,,835584
5761.982426825955,0.35543322563171387,,,,,0.0,2048.0,0.8056367039680481,0.36173713207244873,0.12378835678100586,0.1379445642232895,,,,,837632
5749.298293804097,0.3562173843383789,,,,,0.0,2048.0,0.8928243517875671,0.42866531014442444,0.09584813565015793,0.20799300074577332,,,,,839680
6094.118734769021,0.3360617160797119,,,,,0.0,2048.0,1.1090891361236572,0.47764647006988525,0.10317402333021164,0.2307598888874054,,,,,841728
5892.258372352408,0.34757471084594727,,,,,0.0,2048.0,1.0738141536712646,0.39148348569869995,0.0721748098731041,0.2188618928194046,,,,,843776
5951.465458720141,0.3441169261932373,,,,,0.0,2048.0,1.0489890575408936,0.40419673919677734,0.09447318315505981,0.17134526371955872,,,,,845824
5945.336123071471,0.34447169303894043,,,,,0.0,2048.0,1.0107989311218262,0.511760950088501,0.09887058287858963,0.21428343653678894,,,,,847872
5910.84031044878,0.3464820384979248,,,,,0.0,2048.0,0.8036686182022095,0.5674052238464355,0.2391509860754013,0.10456152260303497,,,,,849920
5947.913188888188,0.34432244300842285,,,,,0.0,2048.0,0.874046802520752,0.5659871101379395,0.05199456587433815,0.11131183058023453,,,,,851968
5989.31856654086,0.34194207191467285,,,,,0.0,2048.0,0.936507523059845,0.5272876024246216,0.04372326657176018,0.2076220065355301,,,,,854016
6064.153865486301,0.3377223014831543,,,,,0.0,2048.0,0.9294484853744507,0.5692686438560486,0.04910869523882866,0.21141597628593445,,,,,856064
5985.2705425594995,0.34217333793640137,,,,,0.0,2048.0,0.8836109042167664,0.5442142486572266,0.0612543448805809,0.12175305187702179,,,,,858112
6000.1624680343975,0.3413240909576416,,,,,0.0,2048.0,0.9122213125228882,0.5547441840171814,0.06025462970137596,0.18915173411369324,,,,,860160
6048.568183866607,0.338592529296875,,,,,0.0,2048.0,0.9431881904602051,0.5204429626464844,0.06701412051916122,0.24469538033008575,,,,,862208
6050.626017044722,0.33847737312316895,,,,,0.0,2048.0,0.8055841326713562,0.5704481601715088,0.0915314331650734,0.16217128932476044,,,,,864256
6031.85503214322,0.33953070640563965,,,,,0.0,2048.0,0.7770822644233704,0.35054004192352295,0.0496668666601181,0.15242217481136322,,,,,866304
6057.294823970428,0.3381047248840332,,,,,0.0,2048.0,0.7331254482269287,0.41927236318588257,0.04710014909505844,0.12943978607654572,,,,,868352
6156.1896636860165,0.3326733112335205,,,,,0.0,2048.0,0.6877713203430176,0.4384518265724182,0.17457863688468933,0.08747193217277527,,,,,870400
6017.610641514404,0.340334415435791,151.0,142.5,134.0,8.5,2.0,2048.0,0.9535378217697144,0.40691670775413513,0.15758562088012695,0.09495773166418076,-685.9975586867916,-687.1012346447845,-688.2049106027774,1.1036759579928912,872448
6082.50645926035,0.3367033004760742,119.0,82.16666666666667,36.0,27.901115071305345,6.0,2048.0,0.9675297141075134,0.44912612438201904,0.16202479600906372,0.1263095587491989,-566.2452357275043,-764.9385067800164,-1008.7371142794465,167.87351237923642,874496
6263.026203563754,0.3269984722137451,,,,,0.0,2048.0,0.9949598908424377,0.44571366906166077,0.15405261516571045,0.17983049154281616,,,,,876544
6129.813593732271,0.3341047763824463,,,,,0.0,2048.0,0.9802762866020203,0.4582805037498474,0.11743085831403732,0.1673523634672165,,,,,878592
6114.115309249182,0.3349626064300537,,,,,0.0,2048.0,1.011953592300415,0.3446396589279175,0.08427318185567856,0.1719992309808731,,,,,880640
6097.640068969874,0.33586764335632324,,,,,0.0,2048.0,1.0112336874008179,0.34705057740211487,0.09078328311443329,0.18751853704452515,,,,,882688
5874.355263742779,0.3486340045928955,,,,,0.0,2048.0,1.072203516960144,0.4628664255142212,0.18857118487358093,0.16501502692699432,,,,,884736
6019.449200086894,0.34023046493530273,,,,,0.0,2048.0,1.081871747970581,0.3231409192085266,0.088909812271595,0.17985597252845764,,,,,886784
5964.196904704045,0.3433823585510254,,,,,0.0,2048.0,0.8297629952430725,0.329914391040802,0.08891426771879196,0.17594978213310242,,,,,888832
6007.682473029916,0.3408968448638916,,,,,0.0,2048.0,0.9975771307945251,0.5096901655197144,0.10816344618797302,0.17416508495807648,,,,,890880
6132.351715536671,0.3339664936065674,,,,,0.0,2048.0,0.9249927401542664,0.5000792145729065,0.1566610485315323,0.17141544818878174,,,,,892928
6140.439564461524,0.333526611328125,,,,,0.0,2048.0,0.847769558429718,0.5776445865631104,0.04987901449203491,0.11139434576034546,,,,,894976
6148.311128384728,0.3330996036529541,,,,,0.0,2048.0,0.888427197933197,0.5239694118499756,0.06322871148586273,0.15789365768432617,,,,,897024
5920.263024333224,0.3459305763244629,,,,,0.0,2048.0,0.9585448503494263,0.6050583124160767,0.05978808179497719,0.17055146396160126,,,,,899072
6063.734351351962,0.33774566650390625,,,,,0.0,2048.0,0.9285950064659119,0.501316487789154,0.07567930221557617,0.17375823855400085,,,,,901120
6180.818444451001,0.3313477039337158,,,,,0.0,2048.0,0.9007706642150879,0.4887479841709137,0.08441507071256638,0.17252348363399506,,,,,903168
6135.435295663807,0.3337986469268799,,,,,0.0,2048.0,0.9342334866523743,0.6097803115844727,0.07073048502206802,0.22475436329841614,,,,,905216
6125.324517742897,0.3343496322631836,,,,,0.0,2048.0,0.9146642684936523,0.4803057312965393,0.06627906858921051,0.21844373643398285,,,,,907264
6140.43517502518,0.3335268497467041,,,,,0.0,2048.0,0.7445605993270874,0.4051571488380432,0.0356387123465538,0.2218557596206665,,,,,909312
6123.761224248283,0.33443498611450195,,,,,0.0,2048.0,0.7718819379806519,0.34978222846984863,0.03412909805774689,0.21965579688549042,,,,,911360
6065.596923539709,0.33764195442199707,,,,,0.0,2048.0,0.8155200481414795,0.456415057182312,0.135712668299675,0.1282612681388855,,,,,913408
6152.375660185733,0.33287954330444336,218.0,218.0,218.0,0.0,1.0,2048.0,0.9719968438148499,0.40984398126602173,0.09711559861898422,0.12162496894598007,-287.38350719619837,-287.38350719619837,-287.38350719619837,0.0,915456
6094.689485622738,0.3360302448272705,251.0,170.85714285714286,31.0,71.21281700735092,7.0,2048.0,0.9855735301971436,0.4382397532463074,0.05958012118935585,0.18944062292575836,121.80669429672503,-74.14762551586067,-238.578279229754,137.75594185048007,917504
6018.200881928866,0.3403010368347168,,,,,0.0,2048.0,0.9800082445144653,0.5441257357597351,0.07704965025186539,0.2096540480852127,,,,,919552
5954.695852061768,0.3439302444458008,,,,,0.0,2048.0,0.9909159541130066,0.4960775673389435,0.08449462056159973,0.1903761625289917,,,,,921600
5834.098829979211,0.3510396480560303,,,,,0.0,2048.0,0.9864721298217773,0.41662299633026123,0.0717373639345169,0.17171429097652435,,,,,923648
5888.211280774535,0.34781360626220703,,,,,0.0,2048.0,0.9986864328384399,0.3227568566799164,0.06594651192426682,0.18207912147045135,,,,,925696
5966.052687800128,0.3432755470275879,,,,,0.0,2048.0,0.9994219541549683,0.25979626178741455,0.0835089161992073,0.16006705164909363,,,,,927744
6087.360015874028,0.33643484115600586,,,,,0.0,2048.0,1.0202341079711914,0.32032567262649536,0.08092406392097473,0.1397349089384079,,,,,929792
6141.273671251328,0.3334813117980957,,,,,0.0,2048.0,0.9227325916290283,0.26230210065841675,0.06762761622667313,0.12813910841941833,,,,,931840
6107.294818926928,0.33533668518066406,,,,,0.0,2048.0,0.9889724850654602,0.3807450532913208,0.04746146500110626,0.2421237975358963,,,,,933888
6108.888815243465,0.3352491855621338,,,,,0.0,2048.0,0.997059166431427,0.6008503437042236,0.09941419959068298,0.16905467212200165,,,,,935936
5915.769945731523,0.3461933135986328,,,,,0.0,2048.0,0.9781343936920166,0.6491696238517761,0.06653555482625961,0.12981274724006653,,,,,937984
5973.778177114483,0.3428316116333008,,,,,0.0,2048.0,0.9761582612991333,0.5355364680290222,0.10888703912496567,0.18005521595478058,,,,,940032
6272.61671026132,0.32649850845336914,,,,,0.0,2048.0,0.9985181093215942,0.5977469682693481,0.12422218918800354,0.20783554017543793,,,,,942080
6128.9388664016715,0.3341524600982666,,,,,0.0,2048.0,0.987974226474762,0.5542263388633728,0.09707998484373093,0.20991352200508118,,,,,944128
6101.356153573512,0.3356630802154541,,,,,0.0,2048.0,0.9772374033927917,0.43698573112487793,0.07422500103712082,0.2674051821231842,,,,,946176
6122.054739710914,0.33452820777893066,,,,,0.0,2048.0,0.9778531789779663,0.6670583486557007,0.06824713945388794,0.19957372546195984,,,,,948224
6086.924345119192,0.3364589214324951,,,,,0.0,2048.0,0.9423289895057678,0.5862627029418945,0.14750592410564423,0.16160717606544495,,,,,950272
6098.6660873244755,0.33581113815307617,,,,,0.0,2048.0,0.9315997362136841,0.47081828117370605,0.03688047081232071,0.221859410405159,,,,,952320
5959.814718426097,0.34363484382629395,,,,,0.0,2048.0,0.9390201568603516,0.4668295383453369,0.030156012624502182,0.2728404402732849,,,,,954368
5882.505536376965,0.34815096855163574,,,,,0.0,2048.0,0.9117153882980347,0.44392645359039307,0.06706111878156662,0.17247626185417175,,,,,956416
5968.597981639647,0.34312915802001953,225.0,200.0,175.0,25.0,2.0,2048.0,0.9568498730659485,0.31137409806251526,0.016180220991373062,0.17840337753295898,-240.0687808498659,-283.38910815755446,-326.709435465243,43.32032730768856,958464
5888.001403808928,0.3478260040283203,167.0,130.0,41.0,45.62163229580167,6.0,2048.0,0.9656049013137817,0.40090155601501465,0.01983111910521984,0.25474777817726135,-449.27052140286685,-638.0736004902661,-915.9901082915226,143.88663573475586,960512
5921.699638628803,0.34584665298461914,,,,,0.0,2048.0,1.0582754611968994,0.4630638659000397,0.02739851176738739,0.2254881113767624,,,,,962560
5873.431437934998,0.34868884086608887,,,,,0.0,2048.0,1.0451014041900635,0.4853149652481079,0.026666520163416862,0.28465813398361206,,,,,964608
5856.600549529218,0.34969091415405273,,,,,0.0,2048.0,0.9953169226646423,0.29125767946243286,0.022349858656525612,0.20196691155433655,,,,,966656
5881.977860587162,0.34818220138549805,,,,,0.0,2048.0,0.9982526898384094,0.27213966846466064,0.02128610573709011,0.18052467703819275,,,,,968704
6222.890262587684,0.32910752296447754,,,,,0.0,2048.0,1.0026981830596924,0.33477145433425903,0.052262596786022186,0.20307877659797668,,,,,970752
6055.868521087837,0.3381843566894531,,,,,0.0,2048.0,0.989473819732666,0.3711337447166443,0.033123619854450226,0.1756809949874878,,,,,972800
6116.614312131995,0.3348257541656494,,,,,0.0,2048.0,0.835960328578949,0.2514879107475281,0.01902691088616848,0.14043793082237244,,,,,974848
6088.576773355789,0.3363676071166992,,,,,0.0,2048.0,0.9948710203170776,0.399919331073761,0.029988786205649376,0.24965599179267883,,,,,976896
6088.447307950198,0.33637475967407227,,,,,0.0,2048.0,0.9913972020149231,0.5838940143585205,0.05768946558237076,0.17789413034915924,,,,,978944
6066.655031407008,0.337583065032959,,,,,0.0,2048.0,0.9888216257095337,0.6766100525856018,0.1898394674062729,0.12227032333612442,,,,,980992
6151.437214401777,0.332930326461792,,,,,0.0,2048.0,0.995326578617096,0.5957392454147339,0.13045185804367065,0.19229315221309662,,,,,983040
5941.943239137713,0.3446683883666992,,,,,0.0,2048.0,0.9899199604988098,0.665496826171875,0.14810459315776825,0.1862754225730896,,,,,985088
6008.405250784631,0.34085583686828613,,,,,0.0,2048.0,0.9779641032218933,0.49931931495666504,0.059732794761657715,0.23079654574394226,,,,,987136
5911.112833612261,0.346466064453125,,,,,0.0,2048.0,0.9798646569252014,0.5088793635368347,0.03012438863515854,0.32667145133018494,,,,,989184
5823.795022549581,0.35166072845458984,,,,,0.0,2048.0,0.9796684384346008,0.6386786699295044,0.07593287527561188,0.2105385959148407,,,,,991232
5849.425908864025,0.35011982917785645,,,,,0.0,2048.0,0.9816412329673767,0.6317811012268066,0.038034066557884216,0.1919947862625122,,,,,993280
6049.3050936381815,0.33855128288269043,,,,,0.0,2048.0,0.94681715965271,0.4008822739124298,0.035043828189373016,0.25499340891838074,,,,,995328
6256.056434574188,0.3273627758026123,,,,,0.0,2048.0,0.959344744682312,0.606728196144104,0.08010882139205933,0.21033614873886108,,,,,997376
5961.920177679067,0.34351348876953125,,,,,0.0,2048.0,0.8552725315093994,0.42427629232406616,0.01697000488638878,0.19359354674816132,,,,,999424
6051.150285230431,0.33844804763793945,254.0,158.6,32.0,81.97950963503014,5.0,2048.0,0.9641954898834229,0.2892933487892151,0.01878046616911888,0.2184428870677948,-282.79185176092176,-425.9557783350709,-540.146486382577,94.71621903393824,1001472
5953.272066605077,0.3440124988555908,44.0,21.666666666666668,10.0,15.797327481430381,3.0,2048.0,1.0253183841705322,0.4211047887802124,0.03651633486151695,0.20506545901298523,-374.8785674018129,-422.1914811726867,-458.7729484791812,35.08028650113003,1003520
6172.95219698407,0.3317699432373047,,,,,0.0,2048.0,1.0228008031845093,0.48573142290115356,0.031383443623781204,0.27607619762420654,,,,,1005568
6120.510558495497,0.3346126079559326,,,,,0.0,2048.0,0.9690843224525452,0.2667939066886902,0.016041085124015808,0.1969360113143921,,,,,1007616
6152.869230119061,0.332852840423584,,,,,0.0,2048.0,0.9965651631355286,0.24058446288108826,0.021855177357792854,0.1678532212972641,,,,,1009664
6119.738759970477,0.3346548080444336,,,,,0.0,2048.0,0.9974571466445923,0.2771329879760742,0.03573056310415268,0.18227195739746094,,,,,1011712
6160.039321286145,0.33246541023254395,,,,,0.0,2048.0,0.9862309098243713,0.36247584223747253,0.04252006113529205,0.1783718466758728,,,,,1013760
5985.416510120239,0.3421649932861328,,,,,0.0,2048.0,0.7631924748420715,0.24456211924552917,0.029015105217695236,0.13100562989711761,,,,,1015808
6015.608902608721,0.34044766426086426,,,,,0.0,2048.0,0.9711351990699768,0.43452709913253784,0.033204589039087296,0.27544066309928894,,,,,1017856
6132.583752170337,0.333953857421875,,,,,0.0,2048.0,0.9819300770759583,0.6149773597717285,0.15781675279140472,0.17738492786884308,,,,,1019904
6169.188290949466,0.3319723606109619,,,,,0.0,2048.0,0.9739053845405579,0.6220605969429016,0.06686001271009445,0.16802987456321716,,,,,1021952
6144.889288854202,0.3332850933074951,,,,,0.0,2048.0,0.9394184947013855,0.5853885412216187,0.16804175078868866,0.17151284217834473,,,,,1024000
6146.252290194041,0.33321118354797363,,,,,0.0,2048.0,0.9509087204933167,0.6462622284889221,0.13648678362369537,0.16752022504806519,,,,,1026048
6147.14516389888,0.333162784576416,,,,,0.0,2048.0,0.9777748584747314,0.4725379943847656,0.030971122905611992,0.2328881025314331,,,,,1028096
6131.038631547467,0.33403801918029785,,,,,0.0,2048.0,0.9736638069152832,0.5347772836685181,0.03141048550605774,0.31631526350975037,,,,,1030144
6133.490176701556,0.333904504776001,,,,,0.0,2048.0,0.9716390371322632,0.6389232873916626,0.13268709182739258,0.12732647359371185,,,,,1032192
6150.675213234578,0.33297157287597656,,,,,0.0,2048.0,0.8346858620643616,0.5793668627738953,0.025690069422125816,0.17845699191093445,,,,,1034240
6212.197400403398,0.32967400550842285,,,,,0.0,2048.0,0.9159855246543884,0.41867363452911377,0.0244918055832386,0.24449454247951508,,,,,1036288
5951.906697782188,0.34409141540527344,,,,,0.0,2048.0,0.9140417575836182,0.5996038317680359,0.1631975919008255,0.158370703458786,,,,,1038336
6054.515435607729,0.3382599353790283,206.0,206.0,206.0,0.0,1.0,2048.0,0.8049027323722839,0.4010242819786072,0.021473124623298645,0.19734196364879608,-1271.0796610133746,-1271.0796610133746,-1271.0796610133746,0.0,1040384
6178.8355590018555,0.3314540386199951,245.0,166.0,45.0,67.12674578735364,7.0,2048.0,1.1407318115234375,0.41074448823928833,0.02172696217894554,0.2976134419441223,-751.1444847510841,-951.1672357105487,-1183.0355191505878,146.2396836255288,1042432
6089.953762790596,0.3362915515899658,,,,,0.0,2048.0,1.1430538892745972,0.5803039073944092,0.03871637582778931,0.2329029142856598,,,,,1044480
6155.386786956787,0.332716703414917,,,,,0.0,2048.0,0.9917162656784058,0.39265620708465576,0.032868120819330215,0.21359334886074066,,,,,1046528
6101.109140369194,0.3356766700744629,,,,,0.0,2048.0,1.2074034214019775,0.2965325117111206,0.023722467944025993,0.22263939678668976,,,,,1048576
6155.086864772644,0.3327329158782959,,,,,0.0,2048.0,1.0972453355789185,0.3674812316894531,0.04354175180196762,0.22500130534172058,,,,,1050624
6179.35116462593,0.33142638206481934,,,,,0.0,2048.0,0.9864271879196167,0.4802967309951782,0.11274383962154388,0.1864340454339981,,,,,1052672
6150.159978406259,0.33299946784973145,,,,,0.0,2048.0,0.9768161177635193,0.40224045515060425,0.0523153617978096,0.18927101790905,,,,,1054720
6137.785101574329,0.33367085456848145,,,,,0.0,2048.0,0.974196195602417,0.33639082312583923,0.03876815736293793,0.17512135207653046,,,,,1056768
6180.440442117108,0.33136796951293945,,,,,0.0,2048.0,0.9792919158935547,0.4582982659339905,0.03670696169137955,0.2561803162097931,,,,,1058816
6079.884624286457,0.33684849739074707,,,,,0.0,2048.0,0.9435275197029114,0.5839986801147461,0.1119057834148407,0.1722445785999298,,,,,1060864
6087.860467160031,0.3364071846008301,,,,,0.0,2048.0,0.9504840970039368,0.6011475324630737,0.1901034265756607,0.11437352001667023,,,,,1062912
6050.80076301249,0.3384675979614258,,,,,0.0,2048.0,0.8972407579421997,0.5982621908187866,0.20205150544643402,0.128107488155365,,,,,1064960
6081.744215041917,0.3367455005645752,,,,,0.0,2048.0,0.9513030648231506,0.6000690460205078,0.04942823573946953,0.15795542299747467,,,,,1067008
6103.072797637191,0.3355686664581299,,,,,0.0,2048.0,0.9788784980773926,0.43204325437545776,0.04347248002886772,0.23859389126300812,,,,,1069056
6091.448004237808,0.3362090587615967,,,,,0.0,2048.0,0.9719401597976685,0.5822764039039612,0.04260307550430298,0.2558363974094391,,,,,1071104
6122.92313855304,0.33448076248168945,,,,,0.0,2048.0,0.9071322679519653,0.6273452639579773,0.2780580222606659,0.12327922880649567,,,,,1073152
6175.828093545456,0.3316154479980469,,,,,0.0,2048.0,0.9510299563407898,0.5143429040908813,0.05108114331960678,0.1970730870962143,,,,,1075200
6135.1986612451765,0.33381152153015137,,,,,0.0,2048.0,0.924458384513855,0.49091213941574097,0.04815696179866791,0.24728403985500336,,,,,1077248
6162.545065837144,0.33233022689819336,,,,,0.0,2048.0,0.9552841782569885,0.5041802525520325,0.07344423234462738,0.17810982465744019,,,,,1079296
6089.383898525564,0.3363230228424072,254.0,198.0,142.0,56.0,2.0,2048.0,0.7681046724319458,0.32938578724861145,0.02424672618508339,0.1931840181350708,-260.6660621299011,-346.39931372270627,-432.13256531551144,85.73325159280517,1081344
6107.789867675396,0.3353095054626465,197.0,130.33333333333334,33.0,61.63783109602594,6.0,2048.0,0.989536464214325,0.35812681913375854,0.02545621246099472,0.22784635424613953,-213.47464072212756,-340.1863545022928,-446.7175781712151,88.57447537837113,1083392
6168.785129308488,0.33199405670166016,,,,,0.0,2048.0,0.9911583065986633,0.4798349142074585,0.04877590760588646,0.18790088593959808,,,,,1085440
5973.217385741355,0.3428637981414795,,,,,0.0,2048.0,0.9908709526062012,0.370516836643219,0.05784930661320686,0.20169766247272491,,,,,1087488
6030.969927768229,0.3395805358886719,,,,,0.0,2048.0,0.9870430827140808,0.35056763887405396,0.0483781062066555,0.20034876465797424,,,,,1089536
5988.020098708976,0.34201622009277344,,,,,0.0,2048.0,0.9898480176925659,0.456711083650589,0.05436528101563454,0.19928407669067383,,,,,1091584
5912.357811185798,0.3463931083679199,,,,,0.0,2048.0,0.9710873365402222,0.5068825483322144,0.07312514632940292,0.15281489491462708,,,,,1093632
5963.435042494138,0.3434262275695801,,,,,0.0,2048.0,0.9092776775360107,0.37192440032958984,0.05416027456521988,0.16732217371463776,,,,,1095680
5876.513327951619,0.34850597381591797,,,,,0.0,2048.0,0.9655315279960632,0.42733776569366455,0.05001596361398697,0.22987069189548492,,,,,1097728
5951.861333739827,0.34409403800964355,,,,,0.0,2048.0,0.9854163527488708,0.5642293691635132,0.05491914227604866,0.22135338187217712,,,,,1099776
5947.867885700358,0.34432506561279297,,,,,0.0,2048.0,0.9602862000465393,0.6104103326797485,0.09680262207984924,0.13327056169509888,,,,,1101824
5828.264101758602,0.351391077041626,,,,,0.0,2048.0,0.911427915096283,0.5979542136192322,0.1872037649154663,0.12686538696289062,,,,,1103872
5892.787894379033,0.34754347801208496,,,,,0.0,2048.0,0.9015955328941345,0.6387085914611816,0.2626885175704956,0.12237053364515305,,,,,1105920
6009.132406189663,0.34081459045410156,,,,,0.0,2048.0,0.989946186542511,0.5052800178527832,0.06365551054477692,0.22135677933692932,,,,,1107968
6036.70017822105,0.33925819396972656,,,,,0.0,2048.0,1.013782024383545,0.5439762473106384,0.03167738765478134,0.26729366183280945,,,,,1110016
6033.02003904988,0.3394651412963867,,,,,0.0,2048.0,0.8852419257164001,0.6255066394805908,0.40307459235191345,0.1160639077425003,,,,,1112064
6152.261092775944,0.3328857421875,,,,,0.0,2048.0,0.8766300082206726,0.5731832385063171,0.03538714721798897,0.17660044133663177,,,,,1114112
6163.756685466627,0.33226490020751953,,,,,0.0,2048.0,0.9858216643333435,0.44044744968414307,0.02905314788222313,0.2335730642080307,,,,,1116160
6164.561747275444,0.33222150802612305,,,,,0.0,2048.0,1.0433295965194702,0.502316951751709,0.09834114462137222,0.17945270240306854,,,,,1118208
6161.806830547587,0.3323700428009033,212.0,212.0,212.0,0.0,1.0,2048.0,0.8228387832641602,0.37398651242256165,0.032618146389722824,0.19220852851867676,-982.668264344909,-982.668264344909,-982.668264344909,0.0,1120256
6120.615224130941,0.3346068859100342,247.0,161.71428571428572,49.0,79.70250809051349,7.0,2048.0,1.0294033288955688,0.39965808391571045,0.03164466843008995,0.26117128133773804,-609.5109023068579,-941.5565399376192,-1266.409809868995,206.9252699146071,1122304
6059.379971868462,0.33798837661743164,,,,,0.0,2048.0,1.0327438116073608,0.5811100602149963,0.09340666979551315,0.17400118708610535,,,,,1124352
6030.49148669245,0.33960747718811035,,,,,0.0,2048.0,1.0142539739608765,0.45598334074020386,0.0661255270242691,0.24678935110569,,,,,1126400
5915.998104662311,0.3461799621582031,,,,,0.0,2048.0,0.9976474642753601,0.3591093420982361,0.03738552704453468,0.23736479878425598,,,,,1128448
5941.244580561538,0.3447089195251465,,,,,0.0,2048.0,1.0016753673553467,0.5235523581504822,0.05954659730195999,0.21130719780921936,,,,,1130496
6129.774225637351,0.3341069221496582,,,,,0.0,2048.0,0.9911853671073914,0.5999583005905151,0.16101820766925812,0.1153327003121376,,,,,1132544
6172.207031339817,0.33180999755859375,,,,,0.0,2048.0,0.9612632989883423,0.4864615201950073,0.07933204621076584,0.14377160370349884,,,,,1134592
6112.509885405578,0.3350505828857422,,,,,0.0,2048.0,0.9721088409423828,0.519905149936676,0.07646527886390686,0.1941765546798706,,,,,1136640
6155.558814340053,0.33270740509033203,,,,,0.0,2048.0,0.98193359375,0.5694868564605713,0.06884226948022842,0.23340588808059692,,,,,1138688
6199.048407792242,0.33037328720092773,,,,,0.0,2048.0,1.0318752527236938,0.6674482822418213,0.12799648940563202,0.12958268821239471,,,,,1140736
5947.921425905576,0.34432196617126465,,,,,0.0,2048.0,1.0150237083435059,0.7018228769302368,0.40521520376205444,0.11078386008739471,,,,,1142784
5981.577847799368,0.34238457679748535,,,,,0.0,2048.0,0.9130160212516785,0.6497331261634827,0.365615576505661,0.12937244772911072,,,,,1144832
6031.228232822629,0.3395659923553467,,,,,0.0,2048.0,1.106380581855774,0.5012950897216797,0.03515284135937691,0.2447190284729004,,,,,1146880
6065.0059146613985,0.3376748561859131,,,,,0.0,2048.0,1.0481239557266235,0.4984564185142517,0.02874523028731346,0.301169216632843,,,,,1148928
6118.431071324782,0.33472633361816406,,,,,0.0,2048.0,0.9104419350624084,0.6740656495094299,0.41293230652809143,0.1330171823501587,,,,,1150976
6143.30720703389,0.3333709239959717,,,,,0.0,2048.0,0.9353240728378296,0.6192002296447754,0.024834375828504562,0.19803673028945923,,,,,1153024
6081.399760565185,0.3367645740509033,,,,,0.0,2048.0,0.9790115356445312,0.5214070081710815,0.02555471658706665,0.25001096725463867,,,,,1155072
5819.52203136062,0.35191893577575684,,,,,0.0,2048.0,0.9647368788719177,0.6177598237991333,0.07048354297876358,0.19532766938209534,,,,,1157120
5812.583420003965,0.3523390293121338,191.0,191.0,191.0,0.0,1.0,2048.0,0.8372558355331421,0.35210108757019043,0.03065187856554985,0.2207738757133484,-1674.9812939966273,-1674.9812939966273,-1674.9812939966273,0.0,1159168
5876.091235390893,0.34853100776672363,245.0,159.0,34.0,82.7750825171095,7.0,2048.0,0.9930080771446228,0.3854290246963501,0.026731882244348526,0.25186777114868164,-1287.4570148825915,-1482.0925019031122,-1637.5055011711906,122.5260593752818,1161216
6177.0182910167205,0.33155155181884766,,,,,0.0,2048.0,0.9869440793991089,0.5332964658737183,0.09039933979511261,0.1984836608171463,,,,,1163264
6130.058562129937,0.3340914249420166,,,,,0.0,2048.0,0.9935149550437927,0.40224790573120117,0.05534784868359566,0.228910893201828,,,,,1165312
6122.102735225237,0.33452558517456055,,,,,0.0,2048.0,0.9818174839019775,0.3502013385295868,0.03909683600068092,0.21376924216747284,,,,,1167360
6165.889231361143,0.3321499824523926,,,,,0.0,2048.0,0.9398947358131409,0.49680763483047485,0.04200804978609085,0.20568720996379852,,,,,1169408
6136.5179117677735,0.3337397575378418,,,,,0.0,2048.0,0.9262750744819641,0.5714963674545288,0.15809237957000732,0.12351982295513153,,,,,1171456
6098.311054568586,0.3358306884765625,,,,,0.0,2048.0,0.8968389630317688,0.39324021339416504,0.052036214619874954,0.14527800679206848,,,,,1173504
6135.794664318047,0.33377909660339355,,,,,0.0,2048.0,0.9355264902114868,0.4141704738140106,0.057304516434669495,0.21656052768230438,,,,,1175552
6156.935379639956,0.33263301849365234,,,,,0.0,2048.0,0.9901668429374695,0.586635410785675,0.08608724176883698,0.20909081399440765,,,,,1177600
5980.124526772922,0.3424677848815918,,,,,0.0,2048.0,0.9867648482322693,0.6496363282203674,0.23747991025447845,0.15480896830558777,,,,,1179648
6002.883776576416,0.3411693572998047,,,,,0.0,2048.0,0.985438346862793,0.6810998320579529,0.21465149521827698,0.14268775284290314,,,,,1181696
6014.49693286328,0.34051060676574707,,,,,0.0,2048.0,0.9383044838905334,0.6136661767959595,0.07777386158704758,0.1802772432565689,,,,,1183744
6104.434661798242,0.335493803024292,,,,,0.0,2048.0,0.9801312685012817,0.45070192217826843,0.019423197954893112,0.25337693095207214,,,,,1185792
6095.597718710505,0.3359801769256592,,,,,0.0,2048.0,0.9875285029411316,0.5775794386863708,0.030885130167007446,0.29178792238235474,,,,,1187840
5909.795193421708,0.3465433120727539,,,,,0.0,2048.0,0.9476204514503479,0.631355881690979,0.17750969529151917,0.17249459028244019,,,,,1189888
5982.519343742579,0.3423306941986084,,,,,0.0,2048.0,0.9659284949302673,0.593697190284729,0.018162859603762627,0.2161831557750702,,,,,1191936
5846.742435761917,0.3502805233001709,,,,,0.0,2048.0,0.9798389673233032,0.574864387512207,0.019274460151791573,0.2504556179046631,,,,,1193984
5816.881675328853,0.3520786762237549,,,,,0.0,2048.0,0.9766829609870911,0.6176044940948486,0.05272510275244713,0.22252586483955383,,,,,1196032
6015.372995881644,0.34046101570129395,247.0,185.5,124.0,61.5,2.0,2048.0,0.8773436546325684,0.3489132523536682,0.028926072642207146,0.2330988198518753,-1506.9554058443412,-1775.6724988066385,-2044.389591768936,268.71709296229744,1198080
6087.394527114269,0.33643293380737305,211.0,146.33333333333334,47.0,70.68631802234118,6.0,2048.0,0.9660585522651672,0.41356727480888367,0.027383578941226006,0.262868732213974,-1343.9894822735112,-1527.250657658942,-1624.371717156552,93.75271646490619,1200128
5828.505334581823,0.3513765335083008,,,,,0.0,2048.0,0.9714918732643127,0.49120116233825684,0.05528451129794121,0.21674470603466034,,,,,1202176
5907.035747121931,0.34670519828796387,,,,,0.0,2048.0,0.983508825302124,0.39204931259155273,0.04018840193748474,0.24806655943393707,,,,,1204224
6166.562041542413,0.33211374282836914,,,,,0.0,2048.0,0.995794951915741,0.31646353006362915,0.03772902116179466,0.22011980414390564,,,,,1206272
5998.58280970451,0.3414139747619629,,,,,0.0,2048.0,0.9857713580131531,0.4915338158607483,0.03509340435266495,0.22202154994010925,,,,,1208320
5993.0124654213105,0.34173130989074707,,,,,0.0,2048.0,0.9445738792419434,0.5546118021011353,0.08208787441253662,0.1484651416540146,,,,,1210368
5890.747130724835,0.34766387939453125,,,,,0.0,2048.0,0.9733407497406006,0.36143893003463745,0.06073107197880745,0.1863923817873001,,,,,1212416
6044.5417808383045,0.3388180732727051,,,,,0.0,2048.0,0.9966068863868713,0.3470193147659302,0.039868611842393875,0.21609236299991608,,,,,1214464
5873.736669969387,0.34867072105407715,,,,,0.0,2048.0,0.9991577863693237,0.5029670000076294,0.0438154973089695,0.257335901260376,,,,,1216512
5850.573307424427,0.3500511646270752,,,,,0.0,2048.0,0.9929903149604797,0.6573824882507324,0.08232171833515167,0.2296048253774643,,,,,1218560
5891.300623906518,0.34763121604919434,,,,,0.0,2048.0,0.979271411895752,0.7361732125282288,0.22315949201583862,0.1337658017873764,,,,,1220608
6068.257889501763,0.337493896484375,,,,,0.0,2048.0,0.9739913940429688,0.6430627703666687,0.1476607620716095,0.18591952323913574,,,,,1222656
5985.896167952006,0.34213757514953613,,,,,0.0,2048.0,0.9491264820098877,0.49080440402030945,0.018687779083848,0.27131980657577515,,,,,1224704
5990.8390321129555,0.3418552875518799,,,,,0.0,2048.0,0.9867922067642212,0.48496076464653015,0.019138114526867867,0.32594218850135803,,,,,1226752
5954.423423036238,0.3439459800720215,,,,,0.0,2048.0,0.9908499717712402,0.686194658279419,0.17279212176799774,0.1693379431962967,,,,,1228800
6049.65870368701,0.338531494140625,,,,,0.0,2048.0,0.967803418636322,0.6142237186431885,0.017790645360946655,0.2296166867017746,,,,,1230848
6042.883407339873,0.3389110565185547,,,,,0.0,2048.0,0.9815998077392578,0.5045225620269775,0.015109362080693245,0.2796748876571655,,,,,1232896
5999.085528475271,0.3413853645324707,,,,,0.0,2048.0,0.981071949005127,0.6073701977729797,0.046592194586992264,0.2266359180212021,,,,,1234944
5957.553730747037,0.3437652587890625,150.0,150.0,150.0,0.0,1.0,2048.0,0.9554173350334167,0.3566874861717224,0.021593576297163963,0.2477196753025055,-1995.9955417649958,-1995.9955417649958,-1995.9955417649958,0.0,1236992
5892.0643728367595,0.34758615493774414,245.0,156.14285714285714,37.0,83.2713783300096,7.0,2048.0,0.9112557172775269,0.3725277781486511,0.019395967945456505,0.2625722885131836,-1516.273862416279,-1666.4864246850034,-1795.6027446855537,99.28025740561111,1239040
5974.5260627643,0.3427886962890625,,,,,0.0,2048.0,0.9951399564743042,0.4785577058792114,0.039703499525785446,0.22149896621704102,,,,,1241088
5974.816957758627,0.3427720069885254,,,,,0.0,2048.0,0.9893702268600464,0.368408203125,0.0343378446996212,0.2297983467578888,,,,,1243136
5968.904890092098,0.343111515045166,,,,,0.0,2048.0,1.0571162700653076,0.2709878385066986,0.019585419446229935,0.2334645539522171,,,,,1245184
5949.565167281714,0.3442268371582031,,,,,0.0,2048.0,1.0444992780685425,0.5222054719924927,0.019651394337415695,0.3043917119503021,,,,,1247232
5914.857485966739,0.34624671936035156,,,,,0.0,2048.0,1.005849838256836,0.6075189113616943,0.07103096693754196,0.20953057706356049,,,,,1249280
6056.257057990337,0.3381626605987549,,,,,0.0,2048.0,0.7646290063858032,0.3789663314819336,0.05328107997775078,0.20175278186798096,,,,,1251328
6041.497875261461,0.3389887809753418,,,,,0.0,2048.0,0.864057719707489,0.2941267490386963,0.03230171650648117,0.1810140758752823,,,,,1253376
6085.268502651256,0.3365504741668701,,,,,0.0,2048.0,0.9943444132804871,0.38821399211883545,0.02444390580058098,0.23539192974567413,,,,,1255424
6043.163991191968,0.338895320892334,,,,,0.0,2048.0,0.9954100251197815,0.567071795463562,0.06473445147275925,0.2285589575767517,,,,,1257472
6061.81303363238,0.33785271644592285,,,,,0.0,2048.0,0.9950889348983765,0.6315842866897583,0.08236716687679291,0.18297316133975983,,,,,1259520
6068.339340728899,0.33748936653137207,,,,,0.0,2048.0,0.9438361525535583,0.6270735263824463,0.3123130798339844,0.12491586804389954,,,,,1261568
6036.5092772507605,0.33926892280578613,,,,,0.0,2048.0,0.9600268006324768,0.504813551902771,0.03201445937156677,0.22158032655715942,,,,,1263616
6058.268853772447,0.33805036544799805,,,,,0.0,2048.0,0.9744988679885864,0.4049878418445587,0.011651198379695415,0.28568872809410095,,,,,1265664
6257.729040454814,0.32727527618408203,,,,,0.0,2048.0,0.9901772141456604,0.5831204652786255,0.015270103700459003,0.25924041867256165,,,,,1267712
5859.656802949633,0.34950852394104004,,,,,0.0,2048.0,0.9379926919937134,0.6178175210952759,0.03000066988170147,0.17889726161956787,,,,,1269760
6018.407493429797,0.3402893543243408,,,,,0.0,2048.0,0.97329181432724,0.5319715738296509,0.029065100476145744,0.23001566529273987,,,,,1271808
6071.31595326394,0.3373239040374756,,,,,0.0,2048.0,0.9767372012138367,0.5619924068450928,0.0329299122095108,0.27369487285614014,,,,,1273856
6029.073545431064,0.3396873474121094,251.0,251.0,251.0,0.0,1.0,2048.0,0.9104378819465637,0.45516806840896606,0.025485526770353317,0.21880486607551575,-1932.3093366080059,-1932.3093366080059,-1932.3093366080059,0.0,1275904
5965.460202993864,0.3433096408843994,151.0,150.0,149.0,0.816496580927726,3.0,2048.0,0.7835276126861572,0.299685537815094,0.029929613694548607,0.20073871314525604,-1487.7003654683463,-1730.2740420426792,-1921.1643946692175,180.6952141655168,1277952
5918.18280227745,0.3460521697998047,127.0,96.75,66.0,24.0351305384431,4.0,2048.0,0.9871710538864136,0.4106389284133911,0.025403721258044243,0.23079928755760193,-1095.0563503880971,-1263.943597864421,-1466.8762590414744,155.8370361054414,1280000
5945.545992159295,0.34445953369140625,,,,,0.0,2048.0,1.0083719491958618,0.40712738037109375,0.047991156578063965,0.2657790780067444,,,,,1282048
5941.5979990703645,0.34468841552734375,,,,,0.0,2048.0,0.9997203350067139,0.3313673734664917,0.032628774642944336,0.21917670965194702,,,,,1284096
6024.840622464059,0.33992600440979004,,,,,0.0,2048.0,0.9386911392211914,0.37293267250061035,0.03413335606455803,0.21270452439785004,,,,,1286144
5823.8818888775895,0.3516554832458496,,,,,0.0,2048.0,0.9531682133674622,0.5220859050750732,0.038186829537153244,0.2279103398323059,,,,,1288192
6111.909699582053,0.3350834846496582,,,,,0.0,2048.0,0.8654534220695496,0.49718549847602844,0.1015171930193901,0.14672216773033142,,,,,1290240
5829.296401959853,0.35132884979248047,,,,,0.0,2048.0,0.7686046361923218,0.3508879840373993,0.049652349203825,0.16935527324676514,,,,,1292288
5841.545737815286,0.35059213638305664,,,,,0.0,2048.0,0.9122175574302673,0.34381842613220215,0.04651559144258499,0.19568319618701935,,,,,1294336
5987.302216782417,0.3420572280883789,,,,,0.0,2048.0,0.9732863903045654,0.4569080173969269,0.040214844048023224,0.2672122120857239,,,,,1296384
5962.027765631528,0.3435072898864746,,,,,0.0,2048.0,1.0602450370788574,0.6549503803253174,0.131578266620636,0.19520288705825806,,,,,1298432
6043.227763883173,0.33889174461364746,,,,,0.0,2048.0,1.087595820426941,0.6680853366851807,0.23963132500648499,0.14468468725681305,,,,,1300480
6029.454419364031,0.33966588973999023,,,,,0.0,2048.0,1.171201229095459,0.6516221761703491,0.10476154088973999,0.17602841556072235,,,,,1302528
6006.951467798229,0.3409383296966553,,,,,0.0,2048.0,1.194778323173523,0.46035706996917725,0.020473217591643333,0.2676534950733185,,,,,1304576
6032.1388287308955,0.33951473236083984,,,,,0.0,2048.0,0.9897760152816772,0.5009191036224365,0.02024117112159729,0.31004950404167175,,,,,1306624
6014.614849559964,0.3405039310455322,,,,,0.0,2048.0,0.9538145661354065,0.6682558655738831,0.2661382257938385,0.14100559055805206,,,,,1308672
6096.060589200452,0.3359546661376953,,,,,0.0,2048.0,0.9799435138702393,0.5685850381851196,0.04375418275594711,0.2273281216621399,,,,,1310720
6089.815604083823,0.33629918098449707,,,,,0.0,2048.0,0.979345977306366,0.540812611579895,0.048363443464040756,0.24890877306461334,,,,,1312768
6066.359409461192,0.337599515914917,,,,,0.0,2048.0,0.9752794504165649,0.5703281760215759,0.0362171046435833,0.2746957540512085,,,,,1314816
6049.718352830148,0.3385281562805176,241.0,198.66666666666666,117.0,57.76004001229762,3.0,2048.0,0.8902143836021423,0.34271836280822754,0.020717693492770195,0.24445036053657532,-816.8249585722974,-879.3631638204107,-985.4396447243738,75.4074009712326,1316864
6078.808991610614,0.33690810203552246,244.0,183.8,20.0,83.2379721040824,5.0,2048.0,0.9844942092895508,0.370408296585083,0.021338781341910362,0.24243515729904175,-728.0278005363127,-994.9482414018275,-1277.335844114075,181.06727558809925,1318912
6082.0628701749365,0.3367278575897217,,,,,0.0,2048.0,0.9817970395088196,0.49844855070114136,0.06852851808071136,0.21592728793621063,,,,,1320960
6075.966851422735,0.3370656967163086,,,,,0.0,2048.0,0.9812247157096863,0.37462475895881653,0.026344062760472298,0.23891624808311462,,,,,1323008
5980.274406876184,0.34245920181274414,,,,,0.0,2048.0,1.004468321800232,0.3023974895477295,0.026106007397174835,0.2211984097957611,,,,,1325056
5973.416766166421,0.3428523540496826,,,,,0.0,2048.0,0.9650838971138,0.45293089747428894,0.027065174654126167,0.27796244621276855,,,,,1327104
5973.678473174572,0.3428373336791992,,,,,0.0,2048.0,1.1310210227966309,0.6325417757034302,0.10479588061571121,0.14995509386062622,,,,,1329152
5947.818464827976,0.3443279266357422,,,,,0.0,2048.0,1.0936279296875,0.5130800604820251,0.030177131295204163,0.2128414809703827,,,,,1331200
5965.385632825288,0.34331393241882324,,,,,0.0,2048.0,0.9964991807937622,0.39524945616722107,0.02581573836505413,0.2171957641839981,,,,,1333248
5986.576162512736,0.3420987129211426,,,,,0.0,2048.0,0.9892391562461853,0.45506614446640015,0.028873195871710777,0.2495136559009552,,,,,1335296
5988.483474378647,0.34198975563049316,,,,,0.0,2048.0,0.9897592663764954,0.6149156093597412,0.07871168851852417,0.1984051913022995,,,,,1337344
5916.829403904173,0.3461313247680664,,,,,0.0,2048.0,0.9830800294876099,0.669743537902832,0.10297437012195587,0.13837288320064545,,,,,1339392
5974.1396317982435,0.34281086921691895,,,,,0.0,2048.0,0.9732204079627991,0.6410483121871948,0.12740567326545715,0.12851151823997498,,,,,1341440
5936.370874657308,0.34499192237854004,,,,,0.0,2048.0,0.9830129742622375,0.53010493516922,0.03390546515583992,0.25508442521095276,,,,,1343488
6072.144262239458,0.337277889251709,,,,,0.0,2048.0,0.9924147725105286,0.49777552485466003,0.028325319290161133,0.30496394634246826,,,,,1345536
6080.65931554898,0.3368055820465088,,,,,0.0,2048.0,0.9894024133682251,0.6763776540756226,0.027261357754468918,0.2005557119846344,,,,,1347584
6034.147346711119,0.3394017219543457,,,,,0.0,2048.0,0.9991149306297302,0.5700476169586182,0.08088915050029755,0.19673039019107819,,,,,1349632
5920.805754046891,0.3458988666534424,,,,,0.0,2048.0,0.9996981024742126,0.5676477551460266,0.06456390023231506,0.25642943382263184,,,,,1351680
6032.27438279321,0.3395071029663086,,,,,0.0,2048.0,1.0096571445465088,0.6302260756492615,0.04739254340529442,0.25508368015289307,,,,,1353728
5985.929538313377,0.3421356678009033,188.0,188.0,188.0,0.0,1.0,2048.0,0.9768716096878052,0.3860759139060974,0.02226763404905796,0.2577345669269562,-391.82202255101583,-391.82202255101583,-391.82202255101583,0.0,1355776
5945.122154157707,0.3444840908050537,111.0,99.0,92.0,8.524474568362947,3.0,2048.0,0.8712549805641174,0.3026602864265442,0.020473839715123177,0.23074370622634888,-190.03841072054547,-226.15735543834032,-286.00637454973673,42.620807464778984,1357824
6017.007872603773,0.34036850929260254,107.0,68.5,37.0,25.975950415721076,4.0,2048.0,1.021264672279358,0.42438656091690063,0.021889306604862213,0.23361650109291077,-145.63354041408456,-260.4781796321757,-370.104214412425,104.26201104151124,1359872
5999.454242463608,0.34136438369750977,,,,,0.0,2048.0,1.0251550674438477,0.4180343747138977,0.03785390406847,0.23119764029979706,,,,,1361920
6016.472647604319,0.34039878845214844,,,,,0.0,2048.0,1.020593523979187,0.3075554370880127,0.035144489258527756,0.20731785893440247,,,,,1363968
6042.29256595399,0.3389441967010498,,,,,0.0,2048.0,0.9432502388954163,0.3518567681312561,0.031005186960101128,0.23643846809864044,,,,,1366016
6033.261569516837,0.33945155143737793,,,,,0.0,2048.0,0.9987213611602783,0.5578324198722839,0.026193395256996155,0.23294399678707123,,,,,1368064
6028.434631690719,0.3397233486175537,,,,,0.0,2048.0,0.9973503351211548,0.5655829906463623,0.072917141020298,0.20715339481830597,,,,,1370112
6057.380252648978,0.33809995651245117,,,,,0.0,2048.0,1.0001766681671143,0.49999600648880005,0.035507626831531525,0.24399971961975098,,,,,1372160
8680.103507233138,0.23594188690185547,,,,,0.0,2048.0,0.9861984252929688,0.47489815950393677,0.02986171469092369,0.25170910358428955,,,,,1374208
8691.266063028854,0.23563885688781738,,,,,0.0,2048.0,0.9949521422386169,0.6001368761062622,0.04616173729300499,0.20000508427619934,,,,,1376256
8707.565088784388,0.2351977825164795,,,,,0.0,2048.0,0.9874358773231506,0.6500105261802673,0.10516063123941422,0.1738816350698471,,,,,1378304
8722.995160173283,0.23478174209594727,,,,,0.0,2048.0,0.9911642670631409,0.6722800731658936,0.1411440521478653,0.1391182392835617,,,,,1380352
8710.779232289553,0.23511099815368652,,,,,0.0,2048.0,0.9974039793014526,0.5907595753669739,0.05395764857530594,0.22785666584968567,,,,,1382400
8342.901284952555,0.24547815322875977,,,,,0.0,2048.0,0.991706907749176,0.507513701915741,0.03793761879205704,0.2899857759475708,,,,,1384448
8339.062243467522,0.2455911636352539,,,,,0.0,2048.0,1.1345252990722656,0.6586636304855347,0.03696446120738983,0.29593145847320557,,,,,1386496
8357.845578140614,0.2450392246246338,,,,,0.0,2048.0,1.1376477479934692,0.7087154388427734,0.07254522293806076,0.2121698558330536,,,,,1388544
8348.41494756689,0.2453160285949707,,,,,0.0,2048.0,1.0156716108322144,0.6701864004135132,0.04513894394040108,0.253710001707077,,,,,1390592
8344.408710113617,0.24543380737304688,,,,,0.0,2048.0,0.9960257411003113,0.629048228263855,0.05525553971529007,0.2745780050754547,,,,,1392640
8346.27348391071,0.24537897109985352,227.0,227.0,227.0,0.0,1.0,2048.0,0.975244402885437,0.5010364055633545,0.029252244159579277,0.26425835490226746,-1130.2621880350175,-1130.2621880350175,-1130.2621880350175,0.0,1394688
8250.23131750186,0.24823546409606934,157.0,130.33333333333334,100.0,23.414145771781257,3.0,2048.0,0.9497948884963989,0.3535715937614441,0.029282504692673683,0.22755680978298187,-1245.6683064857586,-1351.8344685037375,-1507.5277060155602,112.49380630581906,1396736
8433.203504862136,0.24284958839416504,169.0,123.75,78.0,33.87753680538182,4.0,2048.0,1.1714026927947998,0.3843182921409607,0.030577726662158966,0.24125820398330688,-660.5162221115555,-943.3445511924928,-1112.7042103589267,171.26045212113377,1398784
8454.052604488063,0.24225068092346191,,,,,0.0,2048.0,1.1839934587478638,0.449079304933548,0.03706047683954239,0.273132860660553,,,,,1400832
8450.268553350228,0.24235916137695312,,,,,0.0,2048.0,1.1655867099761963,0.4142981469631195,0.03242846205830574,0.27826133370399475,,,,,1402880
8659.66219196974,0.23649883270263672,,,,,0.0,2048.0,0.9171344637870789,0.3413909077644348,0.03747352957725525,0.2116442322731018,,,,,1404928
8724.075984335137,0.23475265502929688,,,,,0.0,2048.0,0.8936739563941956,0.45933589339256287,0.03887304291129112,0.23092404007911682,,,,,1406976
8139.109326410142,0.25162458419799805,,,,,0.0,2048.0,0.8747984170913696,0.5356138348579407,0.08664426952600479,0.19363723695278168,,,,,1409024
8463.248229256264,0.2419874668121338,,,,,0.0,2048.0,0.8508279919624329,0.40342676639556885,0.038907237350940704,0.2035515159368515,,,,,1411072
8331.677581991024,0.24580883979797363,,,,,0.0,2048.0,1.0654629468917847,0.3895951509475708,0.03932257741689682,0.24832698702812195,,,,,1413120
8372.949603037288,0.2445971965789795,,,,,0.0,2048.0,1.2416319847106934,0.5184452533721924,0.03532380983233452,0.317516028881073,,,,,1415168
8460.239126195424,0.24207353591918945,,,,,0.0,2048.0,1.2562270164489746,0.7521146535873413,0.12254675477743149,0.209729865193367,,,,,1417216
8459.772531825336,0.24208688735961914,,,,,0.0,2048.0,1.1418750286102295,0.7965530753135681,0.18117225170135498,0.13721434772014618,,,,,1419264
8660.744841826776,0.23646926879882812,,,,,0.0,2048.0,1.056168794631958,0.7354738712310791,0.055248111486434937,0.21366900205612183,,,,,1421312
8711.804018413588,0.23508334159851074,,,,,0.0,2048.0,0.9946482181549072,0.5725622177124023,0.038743555545806885,0.2997589707374573,,,,,1423360
8469.965993665719,0.24179553985595703,,,,,0.0,2048.0,1.2317802906036377,0.59175705909729,0.04707222059369087,0.3421768844127655,,,,,1425408
8338.398463936881,0.24561071395874023,,,,,0.0,2048.0,1.2557833194732666,0.7844205498695374,0.08169188350439072,0.169484943151474,,,,,1427456
8266.475665677697,0.24774765968322754,,,,,0.0,2048.0,1.216038703918457,0.6459428668022156,0.10147740691900253,0.2557832896709442,,,,,1429504
8306.709040553294,0.24654769897460938,,,,,0.0,2048.0,1.2375776767730713,0.6447348594665527,0.09103745222091675,0.25499507784843445,,,,,1431552
8313.043731394706,0.24635982513427734,,,,,0.0,2048.0,0.9878380298614502,0.5962756872177124,0.03714899346232414,0.27283617854118347,,,,,1433600
8274.621851718419,0.24750375747680664,220.0,171.0,90.0,57.69459824512748,3.0,2048.0,0.9732642769813538,0.3897436857223511,0.03262212127447128,0.24257630109786987,-1166.0086250233617,-1244.6885485298008,-1312.982722972692,60.44967165454294,1435648
8304.163416353043,0.24662327766418457,239.0,143.66666666666666,9.0,97.92967998631582,3.0,2048.0,1.0045437812805176,0.3462052047252655,0.031625427305698395,0.22060266137123108,-602.9485161731228,-938.1912720723216,-1163.9685673690137,241.7614385568953,1437696
8314.757686369598,0.2463090419769287,53.0,31.5,10.0,21.5,2.0,2048.0,1.0244717597961426,0.4913023114204407,0.042846836149692535,0.2211650162935257,-736.893981864265,-808.6677445980007,-880.4415073317364,71.77376273373568,1439744
8339.92045655344,0.24556589126586914,,,,,0.0,2048.0,1.0288434028625488,0.40913501381874084,0.049849532544612885,0.2668805718421936,,,,,1441792
8321.741506721382,0.24610233306884766,,,,,0.0,2048.0,0.9992371201515198,0.2777690291404724,0.042552921921014786,0.2163972556591034,,,,,1443840
8337.33825489155,0.24564194679260254,,,,,0.0,2048.0,0.9784230589866638,0.3913843631744385,0.0412241630256176,0.25033795833587646,,,,,1445888
8325.669515895946,0.2459862232208252,,,,,0.0,2048.0,1.0029363632202148,0.5319305658340454,0.04497767612338066,0.208536759018898,,,,,1447936
8398.811243346408,0.24384403228759766,,,,,0.0,2048.0,0.9091678261756897,0.49061310291290283,0.05523025617003441,0.20924705266952515,,,,,1449984
8338.495595804123,0.24560785293579102,,,,,0.0,2048.0,1.0202795267105103,0.4105549454689026,0.04961477220058441,0.23586337268352509,,,,,1452032
8461.38916776334,0.24204063415527344,,,,,0.0,2048.0,0.9942906498908997,0.487490713596344,0.035094115883111954,0.27821028232574463,,,,,1454080
8504.78468770668,0.24080562591552734,,,,,0.0,2048.0,1.1954041719436646,0.6347241401672363,0.09257450699806213,0.1945711374282837,,,,,1456128
8676.587673091162,0.2360374927520752,,,,,0.0,2048.0,1.2623159885406494,0.7194300293922424,0.09329045563936234,0.17183510959148407,,,,,1458176
8749.427913433989,0.23407244682312012,,,,,0.0,2048.0,1.2228844165802002,0.7073200941085815,0.17537882924079895,0.16876700520515442,,,,,1460224
8781.090143330153,0.23322844505310059,,,,,0.0,2048.0,1.1541005373001099,0.5405844449996948,0.047082364559173584,0.28709349036216736,,,,,1462272
8767.046464679453,0.23360204696655273,,,,,0.0,2048.0,1.058783769607544,0.53724205493927,0.043462321162223816,0.28716543316841125,,,,,1464320
8476.995579889137,0.24159502983093262,,,,,0.0,2048.0,0.9968437552452087,0.5803410410881042,0.041269220411777496,0.28641289472579956,,,,,1466368
8508.558736246538,0.24069881439208984,,,,,0.0,2048.0,0.993743896484375,0.6150754690170288,0.07832001894712448,0.1960548460483551,,,,,1468416
8333.447737534174,0.2457566261291504,,,,,0.0,2048.0,0.9872074127197266,0.6708639860153198,0.1061500608921051,0.22172194719314575,,,,,1470464
8514.65651376183,0.24052643775939941,,,,,0.0,2048.0,0.986690104007721,0.594262957572937,0.09146517515182495,0.23997701704502106,,,,,1472512
8686.115953958179,0.2357785701751709,202.0,202.0,202.0,0.0,1.0,2048.0,0.9633204936981201,0.49341505765914917,0.029686681926250458,0.2757600247859955,-1507.256735227507,-1507.256735227507,-1507.256735227507,0.0,1474560
8700.747309736807,0.235382080078125,122.0,84.33333333333333,26.0,41.82768886223043,3.0,2048.0,0.9356660842895508,0.36268970370292664,0.032469071447849274,0.18643280863761902,-1940.3388379348285,-2106.898640399735,-2209.4945222720453,118.82685710994481,1476608
8605.838180958412,0.2379779815673828,193.0,137.25,45.0,58.49946580952684,4.0,2048.0,0.9882270693778992,0.33688560128211975,0.029745759442448616,0.20772509276866913,-730.7356316256376,-1251.2057976394335,-1994.2352676976109,527.2237692377271,1478656
8691.002257249555,0.23564600944519043,,,,,0.0,2048.0,0.9876644015312195,0.3703279495239258,0.05510428175330162,0.21332934498786926,,,,,1480704
8698.30679637605,0.23544812202453613,,,,,0.0,2048.0,1.060370922088623,0.33173173666000366,0.03133689612150192,0.22708159685134888,,,,,1482752
8712.970447691856,0.23505187034606934,,,,,0.0,2048.0,1.0800058841705322,0.3342764377593994,0.03567386046051979,0.2216947078704834,,,,,1484800
8710.346420922837,0.2351226806640625,,,,,0.0,2048.0,1.0209827423095703,0.3945803642272949,0.0358118936419487,0.23823164403438568,,,,,1486848
8707.812246379235,0.23519110679626465,,,,,0.0,2048.0,0.999015212059021,0.4571370482444763,0.05461028590798378,0.17884838581085205,,,,,1488896
8649.30341061043,0.23678207397460938,,,,,0.0,2048.0,0.9949998259544373,0.4110773801803589,0.04121915623545647,0.19572226703166962,,,,,1490944
8647.88406310688,0.23682093620300293,,,,,0.0,2048.0,0.9825748205184937,0.41356217861175537,0.04135812819004059,0.2239789366722107,,,,,1492992
8640.351040320269,0.23702740669250488,,,,,0.0,2048.0,0.9936493039131165,0.46531227231025696,0.03657969832420349,0.2489243894815445,,,,,1495040
8678.042760143739,0.23599791526794434,,,,,0.0,2048.0,1.1178231239318848,0.6016939878463745,0.09493201225996017,0.1794688105583191,,,,,1497088
8642.385227948418,0.23697161674499512,,,,,0.0,2048.0,1.1177735328674316,0.7057526111602783,0.15962471067905426,0.15422838926315308,,,,,1499136
8649.364374618,0.23678040504455566,,,,,0.0,2048.0,1.1494488716125488,0.6811995506286621,0.09084902703762054,0.20115534961223602,,,,,1501184
8638.917252823509,0.23706674575805664,,,,,0.0,2048.0,1.0421146154403687,0.5392791032791138,0.04352018982172012,0.2990235388278961,,,,,1503232
8638.482865705264,0.23707866668701172,,,,,0.0,2048.0,1.2280300855636597,0.5825999975204468,0.0478505976498127,0.28634530305862427,,,,,1505280
8650.88004189515,0.236738920211792,,,,,0.0,2048.0,1.3121886253356934,0.6266010403633118,0.04949866607785225,0.2568725049495697,,,,,1507328
8718.18785351303,0.23491120338439941,,,,,0.0,2048.0,1.0859642028808594,0.6135140657424927,0.0892651379108429,0.19470684230327606,,,,,1509376
8707.591569284168,0.2351970672607422,,,,,0.0,2048.0,1.2338372468948364,0.6678678393363953,0.14064906537532806,0.19171425700187683,,,,,1511424
8073.019174271402,0.25368452072143555,,,,,0.0,2048.0,1.1406720876693726,0.5780898332595825,0.08328449726104736,0.21762225031852722,,,,,1513472
8308.492709943377,0.24649477005004883,169.0,169.0,169.0,0.0,1.0,2048.0,1.1365309953689575,0.5105262398719788,0.048993244767189026,0.2774365544319153,95.04773115461728,95.04773115461728,95.04773115461728,0.0,1515520
8355.67489076258,0.2451028823852539,118.0,84.33333333333333,19.0,46.2048578494609,3.0,2048.0,0.9896568655967712,0.41962164640426636,0.0523228645324707,0.20320402085781097,857.6678721890321,659.099821348955,509.43699072808704,146.3101206895447,1517568
8315.071585664282,0.24629974365234375,237.0,156.0,87.0,61.82232606429493,3.0,2048.0,1.0686137676239014,0.3733713626861572,0.05277680233120918,0.23826563358306885,987.58323418574,722.8153207416472,398.3385674511319,244.2351032450074,1519616
8334.822349525717,0.24571609497070312,9.0,9.0,9.0,0.0,1.0,2048.0,1.075006127357483,0.46179598569869995,0.052490949630737305,0.2292756736278534,858.7753239156914,858.7753239156914,858.7753239156914,0.0,1521664
8474.177329676617,0.24167537689208984,,,,,0.0,2048.0,1.1525510549545288,0.4167707860469818,0.03679327294230461,0.30183303356170654,,,,,1523712
8253.44970113445,0.2481386661529541,,,,,0.0,2048.0,1.0575507879257202,0.3417925238609314,0.04055408015847206,0.22276371717453003,,,,,1525760
8711.39760886034,0.23509430885314941,,,,,0.0,2048.0,1.0004897117614746,0.42479732632637024,0.03906525298953056,0.2328752726316452,,,,,1527808
8698.985068822762,0.2354297637939453,,,,,0.0,2048.0,0.9812856316566467,0.5032051205635071,0.06214343011379242,0.17723387479782104,,,,,1529856
8674.116896480342,0.23610472679138184,,,,,0.0,2048.0,0.9950652718544006,0.5035046339035034,0.09652253985404968,0.13760606944561005,,,,,1531904
8728.082684733969,0.23464488983154297,,,,,0.0,2048.0,1.1260545253753662,0.44610396027565,0.09069174528121948,0.1853616088628769,,,,,1533952
8445.972982513065,0.24248242378234863,,,,,0.0,2048.0,1.1412922143936157,0.5235010981559753,0.05148961395025253,0.22133849561214447,,,,,1536000
