actor_loss/max,actor_loss/mean,actor_loss/min,actor_loss/std,ent_loss/max,ent_loss/mean,ent_loss/min,ent_loss/std,gradient_steps,loss/max,loss/mean,loss/min,loss/std,smoothed_loss/actor_loss,smoothed_loss/ent_loss,smoothed_loss/gradient_steps,smoothed_loss/loss,smoothed_loss/vf_loss,step,train_time,vf_loss/max,vf_loss/mean,vf_loss/min,vf_loss/std
0.014270821586251259,-0.019718974840361624,-0.045887332409620285,0.01288442080629313,1.3810956478118896,1.3702975809574127,1.3641602993011475,0.0027142366597082933,80.0,10195.1416015625,7794.482556152344,5009.3642578125,1051.12478518536,-0.019718974840361624,1.3702975809574127,80.0,7794.482556152344,15589.03193359375,1,0.43171048164367676,20390.296875,15589.03193359375,10018.7548828125,2102.2506664843054
0.012585915625095367,-0.026640158041846006,-0.05665817856788635,0.013249841084143657,1.379695177078247,1.3602553695440291,1.3489645719528198,0.0068651215641660915,80.0,3599.146240234375,2920.6237854003907,2435.02294921875,269.0435327953732,-0.023179566441103815,1.365276475250721,80.0,5357.553170776368,10715.180029296875,2,0.22403931617736816,7198.33642578125,5841.328125,4870.126953125,538.0798848476666
0.00487385131418705,-0.019289989973185585,-0.04282906651496887,0.012745471781643862,1.3699710369110107,1.3351551055908204,1.3203480243682861,0.00999276142838284,80.0,1948.1715087890625,1501.1822647094727,1106.9642333984375,173.80628525802396,-0.02188304095179774,1.3552360186974208,80.0,4072.0962020874026,8144.263288370767,3,0.21873021125793457,3896.407958984375,3002.429806518555,2213.95361328125,347.61072586372757
0.011362498626112938,-0.017969489423558117,-0.04530082643032074,0.011791709679887337,1.3344738483428955,1.3011558935046197,1.2795162200927734,0.010898954366944809,80.0,2163.161865234375,1577.1498390197753,1004.7702026367188,241.2740916338927,-0.020904653069737836,1.3417159873992204,80.0,3448.359611320496,6896.7878738403315,4,0.3287649154663086,4326.3583984375,3154.3616302490236,2009.592041015625,482.55157222533245
0.021872494369745255,-0.018565933406352996,-0.04222728684544563,0.011539679945379692,1.3404483795166016,1.2954865515232086,1.257017731666565,0.01713281162286711,80.0,726.52197265625,503.6781135559082,326.59991455078125,70.90166764318622,-0.02043690913706087,1.332470100224018,80.0,2859.4233117675785,5718.914153137206,5,0.38172078132629395,1453.0255126953125,1007.419270324707,653.249755859375,141.79879850399945
0.03615344315767288,-0.0076099952915683385,-0.03224755451083183,0.011676577044433072,1.3218673467636108,1.297298826277256,1.2757632732391357,0.011846793680808022,80.0,2102.2431640625,1472.5586860656738,629.9878540039062,309.12358352546676,-0.01829909016281211,1.3266082212328911,80.0,2628.2792074839276,5256.621550496419,6,0.4009084701538086,4204.4921875,2945.1585372924806,1260.0660400390625,618.2456954988728
0.04324539378285408,-0.005379687575623393,-0.030427701771259308,0.01256586065381836,1.3023889064788818,1.2657199576497078,1.200061559677124,0.02417274067939481,80.0,568.9281616210938,281.5285981178284,90.43439483642578,96.17913800819214,-0.016453461221785152,1.317909897863865,80.0,2293.0291204316277,4586.117510632106,7,0.49980950355529785,1137.8935546875,563.0932714462281,180.89617919921875,192.3628980618653
0.010060561820864677,-0.011649064091034233,-0.029474686831235886,0.008810955412492525,1.2720507383346558,1.238363765180111,1.194941759109497,0.017228652211174245,80.0,264.51910400390625,124.79033699035645,36.92827606201172,51.45753721054101,-0.01585291158044129,1.3079666312783957,80.0,2021.9992725014688,4044.056414067745,8,0.3221917152404785,529.0916137695312,249.628738117218,73.9091567993164,102.92233301464249
0.017508190125226974,-0.011468541470821946,-0.032855499535799026,0.010859786947520123,1.346996784210205,1.3079069018363954,1.2640938758850098,0.02429579369197166,80.0,181.1542510986328,81.9241144657135,21.934242248535156,33.08528114910682,-0.01536575934603914,1.307959994673729,80.0,1806.4353660530514,3612.9276263078054,9,0.31990790367126465,362.3505859375,163.89732422828675,43.89264678955078,66.1744777170171
0.015879087150096893,-0.007013362791622057,-0.027612583711743355,0.009442703934069326,1.2091267108917236,1.1547062307596208,1.1046496629714966,0.030214074809304832,80.0,89.65487670898438,31.713314628601076,7.989439964294434,23.382520833344515,-0.014530519690597432,1.292634618282318,80.0,1628.9631609106066,3257.9812386751173,10,0.38736987113952637,179.3338623046875,63.463749980926515,16.03996467590332,46.75334040115613
0.016446419060230255,-0.004180956637719646,-0.02216203510761261,0.006813748789079583,1.1265062093734741,1.0658241555094718,0.9774290323257446,0.04135737757268334,80.0,79.47290802001953,30.972819977998732,5.532599925994873,22.78263265994722,-0.013589650322153996,1.2720154853029684,80.0,1483.691311734915,2967.4352458910507,11,0.39522719383239746,158.9671630859375,61.97531805038452,11.09740161895752,45.55757591330517
0.032486122101545334,-0.0014709940587636083,-0.030567342415452003,0.013057520747929808,1.1925623416900635,1.1435484752058982,1.0920488834381104,0.023598316003570943,80.0,91.5737075805664,28.870114195346833,8.066624641418457,24.153176515159988,-0.012579762300204798,1.2613099011282125,80.0,1362.456211939951,2724.9628122170766,12,0.3116121292114258,183.17245483398438,57.76604180335998,16.146574020385742,48.29974041542665
0.01805092580616474,-0.0049021584636648186,-0.032301679253578186,0.009603399308727924,1.2048091888427734,1.1411915704607964,1.0828133821487427,0.03962453584652939,80.0,59.81490707397461,15.127249145507813,4.742321014404297,14.044473981951462,-0.011989177389701722,1.2520700295384113,80.0,1258.8155224942243,2517.6800671614133,13,0.3992288112640381,119.6530990600586,30.28712649345398,9.495527267456055,28.08274181354745
0.02342773601412773,-0.0018787083972711116,-0.021286185830831528,0.0075874113798441,1.1339926719665527,1.1118403494358062,1.091827392578125,0.011348872604322007,80.0,63.294944763183594,24.455038130283356,8.272591590881348,13.866468504248639,-0.011267001033099536,1.2420536238167965,80.0,1170.6469164682287,2341.341210261413,14,0.4322383403778076,126.61253356933594,48.936070561409,16.586811065673828,27.72661148190187
0.0103229321539402,-0.001645316489157267,-0.010349661111831665,0.004092363433399859,1.0712828636169434,1.0535257041454316,1.035203218460083,0.0096891647476316,80.0,66.62457275390625,35.05195906162262,12.12161636352539,15.726781933801618,-0.010625555396836718,1.2294850958387056,80.0,1094.940585974455,2189.9270148595174,15,0.4290926456451416,133.27012634277344,70.12827923297883,24.277835845947266,31.45143700296143
0.009548667818307877,-0.008093207702040672,-0.028842968866229057,0.008656372688949782,1.0057041645050049,0.9365915693342686,0.8925910592079163,0.032414223257186486,80.0,60.9642219543457,31.977595591545104,12.051355361938477,14.765017692512192,-0.010467283665911964,1.2111792504321783,80.0,1028.505399075523,2057.055958274007,16,0.3256101608276367,121.94900512695312,63.990109491348264,24.104900360107422,29.523592493153142
0.005860999226570129,-0.006741959555074573,-0.035880766808986664,0.00717188592472481,1.0221394300460815,0.998905336856842,0.9815192222595215,0.008507217719717936,80.0,64.75574493408203,17.002773690223695,5.471858978271484,11.9725700923085,-0.010248146953509764,1.1986925496336291,80.0,969.0052446410936,1938.0549612816642,17,0.4034461975097656,129.53170776367188,34.03900940418244,10.96995735168457,23.94037878630993
0.00536363385617733,-0.0026905510225333274,-0.01671416312456131,0.0036792672814064346,0.9911803007125854,0.9582739390432835,0.930338978767395,0.018139906419564266,80.0,31.627395629882812,13.37925081551075,3.407841444015503,8.135777542185503,-0.00982828051289996,1.1853359601563878,80.0,915.9149116507833,1831.8731883416574,18,0.40651965141296387,63.274070739746094,26.78304836153984,6.836816787719727,16.26902818190267
0.01606861874461174,-0.004420574847608804,-0.021997369825839996,0.007455740382708939,1.0128239393234253,0.9812906675040722,0.9524900913238525,0.012679653649277773,80.0,40.5987434387207,11.461269104480744,4.354002952575684,6.825269734903744,-0.009543664425253057,1.1745967342273187,80.0,868.3120883588728,1736.6667576504383,19,0.5051445960998535,81.2166748046875,22.95100520849228,8.735021591186523,13.647627649049912
0.013968368992209435,-0.012450609332881868,-0.04302337020635605,0.009163440184219185,1.0127031803131104,0.9840915776789189,0.9340992569923401,0.01756008010436738,80.0,32.80980682373047,7.890344010293484,1.9515684843063354,6.761765088416078,-0.009689011670634498,1.1650714763998986,80.0,825.2910011414439,1650.6246833212674,20,0.41324591636657715,65.63801574707031,15.825271067023277,3.960789918899536,13.515366442509823
0.03574077785015106,-0.007665212434949354,-0.03267386928200722,0.014974721306096948,0.9655014872550964,0.921107291430235,0.8848233222961426,0.021918490387827422,80.0,47.956512451171875,17.853625732660294,4.83881139755249,10.34916149786945,-0.009592640278459016,1.153454134258486,80.0,786.8416023124541,1573.7254604954096,21,0.4086611270904541,95.9122314453125,35.74100397825241,9.725496292114258,20.67792887535415
0.012046393007040024,-0.005353215534705668,-0.02482878416776657,0.00694715512474414,0.9488081336021423,0.9063088476657868,0.8768789768218994,0.019420111098544954,80.0,34.17078399658203,14.907977256178857,3.081317186355591,9.32469588482885,-0.009399939153742954,1.1422202575951816,80.0,751.7537102644416,1503.5490662559869,22,0.40302610397338867,68.35601806640625,29.844787228107453,6.193404674530029,18.643726218508544
0.01966944895684719,-0.00552597195492126,-0.024081941694021225,0.008445692840228008,0.8855992555618286,0.8573929466307163,0.8391565084457397,0.011095209170629474,80.0,28.125402450561523,11.81715938448906,3.023768663406372,6.807081490892707,-0.009231505797272445,1.129836461466292,80.0,719.5825558783566,1439.2061728781982,23,0.4064502716064453,56.270652770996094,23.66251856684685,6.097743511199951,13.609721490569187
0.007295362651348114,-0.002911707473685965,-0.011496510356664658,0.004153049358809207,0.8338326215744019,0.797427811473608,0.7685360908508301,0.014428355412887034,80.0,26.136327743530273,10.06631041765213,2.190359354019165,6.731816708298888,-0.00896818086712301,1.11598610104993,80.0,690.0193789841607,1380.0790153755497,24,0.42339348793029785,52.29310607910156,20.154392814636232,4.390525817871094,13.461036971203681
0.07606012374162674,0.00919210579013452,-0.03082725778222084,0.021418661315844027,0.8401883840560913,0.7436679229140282,0.6074165105819702,0.06238096162823752,80.0,33.603355407714844,10.09667123556137,3.87888503074646,6.1410029176818295,-0.008241769400832709,1.1010933739244937,80.0,662.8224706742168,1325.68344802773,25,0.4381113052368164,67.21662902832031,20.189831680059434,7.79867696762085,12.267181768373037
0.03376153111457825,-0.0030815099540632217,-0.026344411075115204,0.011110907255178456,0.9280163645744324,0.8424476705491543,0.7236112356185913,0.04727459106614438,80.0,7.343838691711426,3.6233934074640275,2.170112133026123,1.3509836148994947,-0.008043297883649268,1.0911454622562116,80.0,637.4686600101109,1274.975230750327,26,0.43410515785217285,14.70623779296875,7.269798815250397,4.334721088409424,2.7040914817838555
0.027733273804187775,-0.0006953392294235528,-0.02000342309474945,0.009065059297743198,0.7396621704101562,0.6882181607186795,0.6169441938400269,0.025584878766725272,80.0,6.113546371459961,2.642847093939781,1.0770478248596191,1.3940905898483784,-0.007771151266826093,1.0762222288659327,80.0,613.9565928650674,1227.9502536587142,27,0.4049561023712158,12.240701675415039,5.300849276781082,2.1764888763427734,2.781712667867524
0.01214849017560482,0.0003588817024137825,-0.011653631925582886,0.004192339598134487,0.8266331553459167,0.804862305521965,0.7753214240074158,0.011057750362789116,80.0,770.3446655273438,330.28576278686523,103.94524383544922,147.5681411284492,-0.007480792946496098,1.0665308030322194,80.0,603.825491790846,1207.6872769584613,28,0.4062821865081787,1540.7078857421875,660.5869060516358,207.90512084960938,295.136150597842
0.000546380877494812,-0.0004633594071492553,-0.003111734986305237,0.0006440689507329295,0.7943767309188843,0.7538001134991645,0.7179668545722961,0.012963884569307046,80.0,15698.4677734375,6840.193356323242,2457.057373046875,4104.338707858812,-0.0072388124796220685,1.0557469861517692,80.0,818.8726595333424,1637.7809161571595,29,0.38205885887145996,31396.951171875,13680.402813720702,4914.1357421875,8208.676923303818
0.0006559919565916061,-0.00025410561938770114,-0.0015996573492884636,0.0004240722873235963,0.7716141939163208,0.7404979094862938,0.7061060667037964,0.012796131975507725,80.0,38731.0,30292.992822265624,21136.87109375,4107.688273125211,-0.007005988917614257,1.0452386835962535,80.0,1801.3433316244184,3602.721597858171,30,0.38349342346191406,77462.015625,60586.0013671875,42273.7578125,8215.376459329373
0.008150815963745117,-0.006701832350518089,-0.026552263647317886,0.006935320503067083,0.9048073291778564,0.8834448218345642,0.860212504863739,0.009310622267198317,80.0,784.064697265625,438.7612277984619,139.6319580078125,142.54324016320425,-0.006996177415449864,1.040019526765231,80.0,1757.3890702106778,3514.812950413362,31,0.39110231399536133,1568.1474609375,877.5535270690918,279.30816650390625,285.08434915071246
0.013362135738134384,-0.003109217103337869,-0.016405656933784485,0.005638332036702628,1.0119764804840088,0.9819345720112324,0.9487916231155396,0.012062464041884094,80.0,1821.974365234375,1310.5791343688966,712.8440551757812,200.64229924693097,-0.006874709905696363,1.0382043719291687,80.0,1743.426259715622,3486.8870498022993,32,0.5455935001373291,3643.95263671875,2621.184130859375,1425.7139892578125,401.28439024960016
0.012728765606880188,-0.0019296520506031812,-0.01633692905306816,0.004188140796283107,1.1831424236297607,1.1611257806420325,1.1287662982940674,0.010531973509863811,80.0,1128.240234375,663.8137615203857,313.06109619140625,183.6484065877292,-0.006724859667663237,1.0419292631022858,80.0,1710.7107294672817,3421.4557635761566,33,0.3101639747619629,2256.50390625,1327.6546043395997,626.16943359375,367.295058333463
0.005900003015995026,-0.007578517269575968,-0.030382197350263596,0.007325452607065708,1.2034320831298828,1.1820607975125312,1.154955267906189,0.010589286913571938,80.0,4384.8779296875,2753.711003112793,1670.351806640625,547.0280236945341,-0.006749967244190082,1.0460507788202342,80.0,1741.3872081039144,3482.808853426312,34,0.4888801574707031,8769.779296875,5507.460818481445,3340.7158203125,1094.0504520173174
0.006237674504518509,-0.0025140291021671147,-0.013108871877193451,0.0041823203797667135,1.1304084062576294,1.106977453827858,1.0818758010864258,0.009282304160047565,80.0,342.1875915527344,131.79354009628295,32.65700912475586,64.08149492310756,-0.006628940440132283,1.0477915409633092,80.0,1695.3988175894108,3390.8318647594956,35,0.45140647888183594,684.3973388671875,263.614250087738,65.35691833496094,128.1596488284981
0.012543227523565292,-0.008123266912298277,-0.02740202471613884,0.008221645086795654,1.1515233516693115,1.1093043446540833,1.050720453262329,0.02473540253628054,80.0,82.61308288574219,14.537844449281693,4.694756031036377,16.460840265002336,-0.00667044950880356,1.0495002299547196,80.0,1648.708235002185,3297.4508163335418,36,0.39934325218200684,165.24717712402344,29.114121425151826,9.414250373840332,32.915241824197274
0.0060402825474739075,-0.007845431077294051,-0.02310868725180626,0.007330951483367652,1.1425163745880127,1.1114044025540353,1.0719020366668701,0.01596107726851327,80.0,177.88648986816406,35.17794401645661,9.637965202331543,41.479802876483575,-0.0067022057674114115,1.051173315700647,80.0,1605.0993082187867,3210.2330593130873,37,0.282001256942749,355.7950744628906,70.39380657672882,19.339048385620117,82.95343113205159
0.01980118826031685,-0.011621786787873133,-0.03119736723601818,0.009744626442311092,1.146911382675171,1.125083115696907,1.085963249206543,0.015891518792194862,80.0,274.68951416015625,122.94819478988647,49.75014877319336,48.88043958286396,-0.006831668425844616,1.053118310437391,80.0,1566.0953315496051,3132.225403381256,38,0.4035987854003906,549.4024047851562,245.94213390350342,99.52468872070312,97.75331701359288
0.004894061014056206,-0.0013679480995051562,-0.00700013991445303,0.0023004729641970803,0.933935821056366,0.8773197658360005,0.8300048112869263,0.021003595716345077,80.0,671.2552490234375,417.91603088378906,186.14828491210938,96.10716049477642,-0.006691573032861551,1.0486106554476116,80.0,1536.654836660738,3073.3440429561406,39,0.3453347682952881,1342.531494140625,835.8523468017578,372.32666015625,192.2127226442875
0.005616333335638046,-0.006080047588329762,-0.023361429572105408,0.006415304417862155,1.1971182823181152,1.1680940836668015,1.1492986679077148,0.011457214081634269,80.0,379.0107727050781,142.74641289711,32.63263702392578,74.81925558368488,-0.006676284896748257,1.0515977411530912,80.0,1501.8071260666472,3003.648650595769,40,0.32286500930786133,758.0458374023438,285.5283485412598,65.31611633300781,149.63169973000316
0.006077287718653679,-0.0041923664859496055,-0.023383233696222305,0.0062547348490688175,1.1727864742279053,1.134680064022541,1.107905387878418,0.013173847529294347,80.0,306.535400390625,150.68455715179442,58.270816802978516,54.95031235581281,-0.006615701520875119,1.0536241392718582,80.0,1468.852917068724,2937.7401516445525,41,0.38522887229919434,613.0929565429688,301.4001935958862,116.58036804199219,109.89552514873652
0.013853490352630615,-0.002747125388123095,-0.023638160899281502,0.005632205030613516,0.9230411052703857,0.8645948864519596,0.772635281085968,0.028140047056545093,80.0,13.37019157409668,3.931328573822975,1.8280649185180664,2.499263309596287,-0.006523592565333404,1.0491234427761464,80.0,1433.9738316283692,2867.981706207139,42,0.3576059341430664,26.75812339782715,7.8854432731866835,3.6838769912719727,4.997169212334679
0.006162106990814209,-0.004740837175631896,-0.022965388372540474,0.006662160171064522,0.8239400386810303,0.7590781651437283,0.7050905823707581,0.02975013382118169,80.0,33.8226318359375,11.095556855201721,2.506606340408325,6.067792819215752,-0.0064821331376659274,1.0423782037614389,80.0,1400.883639191784,2801.8011031993597,43,0.253373384475708,67.66033172607422,22.215776872634887,5.061581611633301,12.129725272016307
0.005426613613963127,-0.0029819191782735287,-0.01478075236082077,0.0047089651899471195,1.071118950843811,1.038060762733221,0.9959394335746765,0.017894438707515153,80.0,463.5767822265625,184.6734125137329,65.3883285522461,96.9905207741448,-0.006402582820407009,1.0422800801017067,80.0,1373.2424976763737,2746.5186588655815,44,0.2537205219268799,927.174560546875,369.37355251312255,130.7957000732422,193.97712818934232
0.008446809835731983,-0.007359887746861205,-0.028434623032808304,0.008090079889890809,0.9942785501480103,0.9739178881049156,0.9358707666397095,0.015645436902104775,80.0,70.30118560791016,29.65538298487663,6.6691460609436035,13.932625710619604,-0.006423856263217102,1.0407609202795558,80.0,1343.3850062387849,2686.8036878702374,45,0.2509801387786865,140.62527465820312,59.3449640750885,13.400094985961914,27.86203055377153
0.008320081979036331,-0.006583211221732199,-0.032469742000103,0.00825215952077405,1.0061447620391846,0.9840836629271508,0.9642302393913269,0.00906482339604317,80.0,122.1007080078125,25.255263435840607,4.297696113586426,29.853653103087726,-0.006427320501445692,1.0395288059892862,80.0,1314.7300118300252,2629.49368107578,46,0.24983811378479004,244.2213134765625,50.543375325202945,8.651726722717285,59.699358637516056
0.019275518134236336,-0.0027925353264436127,-0.018542826175689697,0.006131765403741498,0.9619909524917603,0.9211374156177043,0.8789096474647522,0.019724904279343366,80.0,190.708984375,38.96170898079872,6.7602314949035645,45.88239790511543,-0.006349984646658414,1.0370098402366994,80.0,1287.5860053864246,2575.205462898092,47,0.2934260368347168,381.436279296875,77.9474267244339,13.532873153686523,91.76214941869318
0.010447731241583824,-0.0038754683104343713,-0.017821932211518288,0.005484226496255793,0.8756052851676941,0.8326679088175297,0.8002748489379883,0.019579817986307806,80.0,209.01904296875,45.72033199071884,7.3002753257751465,50.252952071730725,-0.006298432222987079,1.0327527166654666,80.0,1261.7138038573476,2523.4608713222046,48,0.27935266494750977,418.0542907714844,91.46506725549698,14.64237117767334,100.50198223804162
0.009191785007715225,-0.00863842836697586,-0.027360592037439346,0.007566223903709176,0.903673529624939,0.8888065919280053,0.8714494109153748,0.007294917392872119,80.0,15.252725601196289,4.0127525851130486,1.6915005445480347,2.573770783843031,-0.006346187246333789,1.0298150406504163,80.0,1236.0464354640367,2472.126171052821,49,0.25222086906433105,30.52315902709961,8.060558122396468,3.4127449989318848,5.140870349556661
0.012235600501298904,-0.0021006386930821465,-0.0196414515376091,0.006401709040647377,0.8761187791824341,0.8442309096455574,0.8189595937728882,0.014613894345826772,80.0,130.62405395507812,40.33803863823414,3.8213789463043213,32.00184397066665,-0.006261276275268755,1.0261033580303192,80.0,1212.1322675275205,2424.297590883732,50,0.35724377632141113,261.26397705078125,80.6971625983715,7.65798807144165,63.999844412675664
0.02554076910018921,-0.0018181801598984749,-0.026199867948889732,0.006660965045433522,0.9418026804924011,0.9045799471437931,0.8801673054695129,0.011900412648934372,80.0,26.016191482543945,8.76816564053297,0.6588605046272278,5.855315256310582,-0.006174156743594829,1.023720546052152,80.0,1188.5368929807169,2377.1066196756037,51,0.42281007766723633,52.04505157470703,17.558059269189833,1.333258032798767,11.70934845669258
0.01812920533120632,-0.0034660393255762758,-0.019704805687069893,0.006387122627404779,0.7520688772201538,0.708285927027464,0.6476219296455383,0.0280609074422587,80.0,55.64147186279297,10.181510415673255,1.5911277532577515,12.179028084083017,-0.006122077562479087,1.0176544956862925,80.0,1165.8762125467738,2331.7850331167188,52,0.4644663333892822,111.30082702636719,20.38411861360073,3.1884984970092773,24.35459406704037
0.01310614962130785,-0.0019989920721855013,-0.015921398997306824,0.006679545948471692,0.8860635161399841,0.8426453463733197,0.7929994463920593,0.02029009732048902,80.0,86.08964538574219,15.846706199645997,4.3697357177734375,18.161231088568233,-0.006044283496624492,1.014352436265293,80.0,1144.177542615696,2288.3874714262643,53,0.30242085456848145,172.19549560546875,31.714263522624968,8.757603645324707,36.320145480387524
0.009147362783551216,-0.0019523939583450556,-0.013660766184329987,0.004538456952236475,0.9238138794898987,0.889820409566164,0.8473317623138428,0.015824191594598597,80.0,32.091949462890625,5.949263226985932,2.504149913787842,5.804440106824449,-0.005968507764434132,1.0120462876227165,80.0,1123.0992411455345,2246.2306706142094,54,0.2909567356109619,64.20175170898438,11.920227575302125,5.043280601501465,11.6070459719793
0.011182423681020737,-0.0043768796371296045,-0.025336377322673798,0.008164048110316952,0.7178417444229126,0.6499114342033863,0.5574684739112854,0.034847179195119204,80.0,24.206296920776367,5.363856013119221,1.0362638235092163,5.914743421745258,-0.005939569071210413,1.0054620175605469,80.0,1102.7767795976724,2205.5855577668276,55,0.2962944507598877,48.426692962646484,10.74946400821209,2.0850472450256348,11.822738093355978
0.07171867787837982,0.0385417535318993,-0.00570012629032135,0.016827074603622035,0.8023461103439331,0.6407768808305263,0.5951610803604126,0.03393913857202752,80.0,16412.685546875,12304.571899414062,9247.2626953125,1630.7102713453676,-0.005145259739012025,0.9989497829760824,80.0,1302.8088353086794,2605.6479459651882,56,0.3049931526184082,32825.34375,24609.079296875,18494.45703125,3261.4376941486853
0.0007462687790393829,-0.00025496668531559407,-0.0022999532520771027,0.0005832626249183162,0.7814550399780273,0.738658095151186,0.6836100816726685,0.02074825902901628,80.0,22468.37109375,15939.402197265625,11206.361328125,2605.3221590048015,-0.005059465124034895,0.9943832621370491,80.0,1559.5911749921345,3119.2123704500364,57,0.28882646560668945,44936.7578125,31878.82014160156,22412.73828125,5210.644467744658
7.450580596923828e-09,-0.007517294748686254,-0.023396700620651245,0.005292664580697063,0.7279178500175476,0.700904093682766,0.6636542677879333,0.012775905246655166,80.0,13467.60546875,7371.224291992187,2446.67236328125,2483.342962371829,-0.005101841496873712,0.9893232764740442,80.0,1659.791745974894,3319.61349394157,58,0.24430298805236816,26935.2265625,14742.477532958985,4893.4052734375,4966.680981007802
0.021989185363054276,-0.00931348234298639,-0.03464774042367935,0.009868861567044748,0.9097979068756104,0.8665584154427052,0.8227643966674805,0.018788844031843294,80.0,1597.2110595703125,898.6183647155761,329.5656433105469,271.0398885749132,-0.005173225240028164,0.9872425161175808,80.0,1646.890502224736,3293.811107237056,59,0.23290109634399414,3194.4541015625,1797.2726783752441,659.1904296875,542.0761439694263
0.010879362002015114,-0.007035199098754674,-0.029546864330768585,0.007947497516018798,1.1053324937820435,1.0637632369995118,1.0371949672698975,0.014215191498419284,80.0,3031.135498046875,1947.2840866088868,1080.41748046875,415.79225416477453,-0.005204258137673606,0.988517861465613,80.0,1651.8970619644717,3303.824313992659,60,0.2614414691925049,6062.29296875,3894.6035125732424,2160.857666015625,831.5834341341084
0.0034507010132074356,-0.009041971387341618,-0.03465224802494049,0.007925090393309598,0.9063247442245483,0.8717809520661831,0.8133680820465088,0.018316617242826932,80.0,592.9583129882812,315.3581974506378,63.69137954711914,126.81044740565714,-0.005267171469635377,0.9866041416393928,80.0,1629.9865887757203,3260.0034551253084,61,0.29641079902648926,1185.9346923828125,630.751923084259,127.4605941772461,253.6147682869626
0.008877366781234741,-0.0042773849447257815,-0.018375514075160027,0.005649421794031743,1.1052381992340088,1.0747582942247391,1.029395341873169,0.014844557758074266,80.0,1210.568359375,708.3372604370118,262.5006408691406,174.058947125225,-0.005251207170846512,0.9880259828101242,80.0,1615.1212770283219,3230.2728278967643,62,0.24452567100524902,2421.15869140625,1416.7045669555664,525.0255737304688,348.1171000478097
0.005548832938075066,-0.0036210380552802236,-0.020405566319823265,0.0046985073790640885,0.9908914566040039,0.9592354692518711,0.9199879169464111,0.012953227154509478,80.0,453.31494140625,143.22457785606383,45.17213821411133,103.03597761440251,-0.005225331470599429,0.9875689905314218,80.0,1591.7578373589208,3183.5458875073323,63,0.25037312507629395,906.648193359375,286.47558336257936,90.36619567871094,206.06722427658784
0.013979504816234112,-0.014731405460042878,-0.043950118124485016,0.011411550673649972,1.1084957122802734,1.0468644604086876,0.9914307594299316,0.022662496923118464,80.0,100.45850372314453,37.293789744377136,21.366466522216797,15.116783005951252,-0.0053738638766844815,0.9884954822482541,80.0,1567.469336614944,3134.9692014589905,64,0.2566962242126465,200.93792724609375,74.63798041343689,42.79267883300781,30.22686216792829
0.005551669746637344,-0.021671766915824266,-0.043740659952163696,0.011311716778399036,1.133488655090332,1.0994190573692322,1.0634527206420898,0.01495973087872171,80.0,87.211669921875,54.63212199211121,40.24464416503906,9.594707138276915,-0.005624600846517402,0.9902019987885768,80.0,1544.1949179284388,3088.4208995158856,65,0.2595643997192383,174.44491577148438,109.32957515716552,80.5328369140625,19.18025656188717
0.0029007457196712494,-0.021961033606203273,-0.047882068902254105,0.01350072771158984,1.1145973205566406,1.0807694375514985,1.0405243635177612,0.01494120110501995,80.0,90.97163391113281,33.276970052719115,17.965688705444336,17.753185676931906,-0.00587212255499749,0.9915742327092272,80.0,1521.3022217485036,3042.6360294934475,66,0.25779175758361816,181.960205078125,66.61947803497314,36.00754165649414,35.488563387448934
0.015493132174015045,0.003826180874602869,-0.007863670587539673,0.0049613603229174,0.8676647543907166,0.810986690223217,0.7629768252372742,0.022513629852377516,80.0,680.628662109375,305.46922969818115,139.93508911132812,125.05974808215349,-0.005727371757540769,0.9888788962542121,80.0,1503.1554606731256,3006.3421637250417,67,0.2696683406829834,1361.2711181640625,610.9470230102539,279.8824768066406,250.1160251627505
0.022302325814962387,-0.0037742781103588642,-0.026240792125463486,0.007146840885827128,1.1594843864440918,1.1138391271233559,1.084326982498169,0.012456428107689672,80.0,315.01910400390625,97.94733879566192,21.836376190185547,81.55427068573873,-0.005698649792141035,0.9907165467081701,80.0,1482.4906353513984,2965.0124922261516,68,0.3991847038269043,630.0604248046875,195.92450180053712,43.678985595703125,163.10369963220217
0.04997570440173149,-0.001830094982869923,-0.020813103765249252,0.010513918333570816,0.943301260471344,0.8598541960120201,0.7433395385742188,0.05233838434705134,80.0,2.5208563804626465,1.0897365845739841,0.7614660859107971,0.30118083772606363,-0.005642583780412468,0.9888199909009795,80.0,1461.021057108401,2922.073185533911,69,0.3997800350189209,5.060459136962891,2.2003304615616797,1.534925937652588,0.6066991878402334
0.06422007083892822,0.00371253278281074,-0.02063596621155739,0.015376589492564123,0.6812208890914917,0.5543289452791214,0.3638165295124054,0.07837210965839096,80.0,3.552980899810791,1.0115860886871815,0.550595760345459,0.6339449588928961,-0.005508939258080708,0.9826129759635245,80.0,1440.1637789509764,2880.358237650522,70,0.40156030654907227,7.118643760681152,2.0268336966633798,1.117012858390808,1.2546731145220853
0.017029117792844772,-0.004970277706161141,-0.02179306000471115,0.0070062102235008165,0.7738903760910034,0.7203796446323395,0.6662405729293823,0.026565494898745858,80.0,22.167251586914062,3.7628317669034006,1.1534467935562134,3.8228231972023843,-0.0055013524756593055,0.9789195487616769,80.0,1419.9327796948626,2839.8961499610837,71,0.40063977241516113,44.34969711303711,7.550011700391769,2.3259024620056152,7.642465861109185
0.005940664559602737,-0.008055930223781616,-0.028159819543361664,0.0072918717765254135,0.9588017463684082,0.9060190059244633,0.8722917437553406,0.020145761543367842,80.0,135.4706268310547,27.747513756155968,3.207202672958374,29.630039038991544,-0.005536832722161005,0.9779070412222709,80.0,1400.5968732234917,2801.2243876040393,72,0.39659976959228516,270.96734619140625,55.52926025390625,6.448763847351074,59.254785648062615
0.012494100257754326,-0.006471345323370769,-0.02822447568178177,0.00866552339670267,0.905078649520874,0.8697267070412635,0.8242461085319519,0.017237293323164114,80.0,12.05795669555664,2.2155450128018854,0.7037418484687805,2.41485372384334,-0.00554963426464333,0.9764251188362297,80.0,1381.4409646178658,2762.912566229435,73,0.39831972122192383,24.133317947387695,4.461427257955075,1.4655020236968994,4.823619319652184
0.008284211158752441,-0.004310896288370713,-0.018864527344703674,0.0066730666739119706,0.9376670122146606,0.8803417250514031,0.8367346525192261,0.027309585727855246,80.0,68.7186050415039,15.471481892466546,2.974311113357544,17.428162780070135,-0.005532894562261268,0.9751266945958943,80.0,1362.9819175540092,2725.9944125286024,74,0.44423937797546387,137.455810546875,30.96919236779213,5.982285976409912,34.8507118731176
0.009423188865184784,-0.004292526785866358,-0.02189931645989418,0.0058154997427559835,0.9332118630409241,0.894593532383442,0.8539183139801025,0.015425535475402869,80.0,104.5101089477539,22.611618542671202,4.847805976867676,24.077626272273275,-0.005516356325242669,0.9740529190997282,80.0,1345.1103135671913,2690.251149883846,75,0.44466519355773926,209.03753662109375,45.249714171886446,9.718870162963867,48.15096319127018
0.006485143676400185,-0.0048659744090400634,-0.018091216683387756,0.0058817970703917595,0.9804529547691345,0.9514160133898258,0.9065756797790527,0.01572581872655801,80.0,63.787879943847656,18.987008213996887,2.420064926147461,16.52620405663784,-0.00550779866845053,0.9737550650772296,80.0,1327.6613227072808,2655.353144969693,76,0.45850539207458496,127.59980773925781,38.002776408195494,4.859275817871094,33.04727920871343
0.0120945880189538,-0.005355501954909414,-0.03090943954885006,0.00814021514664628,0.8998565673828125,0.8638578303158283,0.8300962448120117,0.01667224891879773,80.0,16.37795639038086,3.8624905079603193,1.5328638553619385,3.069421017930144,-0.0055058207890538915,0.9723278282621464,80.0,1310.4691300813156,2620.968727102198,77,0.42673826217651367,32.77324676513672,7.752969172596932,3.103027820587158,6.134286388643986
0.016757585108280182,-0.0058236679411493245,-0.026307636871933937,0.008181592433119875,0.8322737812995911,0.7743175648152828,0.7382615804672241,0.026900408435318303,80.0,45.60519027709961,10.542172756791114,1.6970572471618652,10.72232444507748,-0.005509895752542295,0.9697892351410327,80.0,1293.8033998592064,2587.637223923684,78,0.4175257682800293,91.2256851196289,21.111479178071022,3.4299423694610596,21.439222700216348
0.020085185766220093,-0.0018943780683912336,-0.022262798622250557,0.0069282895088307005,0.8933736085891724,0.8320760414004326,0.7647391557693481,0.03512595672459506,80.0,1.1348152160644531,0.4754978772252798,0.29848650097846985,0.16312186409113688,-0.00546412970590747,0.9680460301569744,80.0,1277.4321605936116,2554.894618887133,79,0.442457914352417,2.286228656768799,0.971426036208868,0.6128525137901306,0.32661859513600205
0.01819724589586258,-0.004574552504345774,-0.024387769401073456,0.008109406555634222,0.624732255935669,0.575637786462903,0.4972095787525177,0.021472146662824015,80.0,28.54804039001465,5.865832909196615,0.9866470694541931,6.466877850730888,-0.005453009990887948,0.9631409271107987,80.0,1261.5375814975564,2523.1053402465304,80,0.40653109550476074,57.107940673828125,11.752327638864518,2.0158562660217285,12.929019344506708
0.022278983145952225,-0.010195826779818163,-0.028802067041397095,0.009066555614535649,1.0482356548309326,0.989456008374691,0.9321138858795166,0.020985433456012163,80.0,37.43817138671875,13.116251546144486,6.2532548904418945,7.428791452884553,-0.005511563284578445,0.9634658046572665,80.0,1246.1249724858108,2492.280245723226,81,0.4437291622161865,74.89716339111328,26.27268385887146,12.545755386352539,14.850147053026895
0.007173310965299606,-0.011088033724809066,-0.030552981421351433,0.009031759278945251,0.9955371022224426,0.9501939699053764,0.9016359448432922,0.018041948272002777,80.0,22.11307144165039,6.14633107483387,2.499116897583008,4.282772210403376,-0.005579569021654428,0.9633039530139507,80.0,1231.0032817368965,2462.036996898173,82,0.438399076461792,44.24546432495117,12.333842068910599,5.05133056640625,8.556243572479069
0.0127900131046772,-0.004132177826249972,-0.014408960938453674,0.004661877563146242,0.6036299467086792,0.5545570932328701,0.5010800361633301,0.024302038032783427,80.0,15.834443092346191,3.8315562307834625,1.6319721937179565,3.1465597079970777,-0.005562130573517025,0.9583792920527329,80.0,1216.2180802247744,2432.466460404922,83,0.28745317459106445,31.680200576782227,7.682467958331108,3.292184591293335,6.290801857886929
0.010388650000095367,-4.447970422916114e-05,-0.008209194988012314,0.0033936106080976903,0.6897015571594238,0.6592396751046181,0.6288629770278931,0.010809895638950347,80.0,2267.241455078125,976.1006088256836,385.9396667480469,448.6417306221108,-0.00549644425364455,0.9548181061366838,80.0,1213.3595388985948,2426.7491750308536,84,0.24906015396118164,4534.49462890625,1952.2144889831543,771.8893432617188,897.2835488860514
0.00026389211416244507,-0.0002605165645945817,-0.0008742213249206543,0.0002579252184994276,0.6866894364356995,0.644115237146616,0.594230055809021,0.016809817321559433,80.0,29234.5,19743.68214111328,10817.466796875,3680.5208686125693,-0.005434845104361609,0.9511627782662125,80.0,1431.3633342187677,2862.7565554854536,85,0.2657196521759033,58469.01171875,39487.37651367187,21634.947265625,7361.041176570531
0.00014913827180862427,-0.00015650950372219085,-0.0012725898995995522,0.00024878561924339323,1.0360482931137085,1.0047129057347775,0.9589142799377441,0.018159665576273545,80.0,21670.623046875,12710.177923583984,7535.77099609375,2880.061086459361,-0.005373469109005337,0.9517854541670098,80.0,1562.5123410718516,3125.054452607807,86,0.39932966232299805,43341.265625,25420.375708007814,15071.5625,5760.121962215105
0.01044311374425888,-0.002134211704833433,-0.016895469278097153,0.004289986390190885,1.2091741561889648,1.1877053067088128,1.1658258438110352,0.009097305745761277,80.0,4266.8818359375,2484.0139038085936,1159.47607421875,762.2446675989252,-0.005336236265279223,0.954497176610019,80.0,1573.1043130573314,3146.2383765429004,87,0.30005931854248047,8533.787109375,4968.055834960937,2318.97265625,1524.4865569212711
0.005315348505973816,-0.0027229884697590025,-0.018970102071762085,0.004472978859097399,0.8006685972213745,0.7609981440007687,0.7176923751831055,0.013614836410021479,80.0,1033.8555908203125,403.05703020095825,89.0158920288086,193.0558802500703,-0.0053065402676028585,0.9522983239667322,80.0,1559.8083212066908,3119.646289589197,88,0.30414271354675293,2067.727294921875,806.1347246170044,178.06268310546875,386.10975450131616
0.0025298260152339935,-0.0008911640790756792,-0.009403448551893234,0.002048323066624009,0.961850643157959,0.918929374217987,0.8853554725646973,0.016783469602795736,80.0,1434.3568115234375,682.899621963501,167.6865234375,242.44825143412876,-0.00525692929919244,0.9519233919470833,80.0,1549.9554144736214,3099.9403695460205,89,0.3912501335144043,2868.7314453125,1365.81940574646,335.3946838378906,484.8952149874859
0.0020635556429624557,-0.0027525847661308946,-0.01350381039083004,0.0036899447999561436,0.9943076372146606,0.9608131505548954,0.9239873290061951,0.015112674964677317,80.0,519.9188842773438,158.60066242218016,28.321109771728516,141.83268158303184,-0.00522910324882509,0.9520221670427257,80.0,1534.4959172286055,3069.02132153194,90,0.303757905960083,1039.8568115234375,317.2260482788086,56.685245513916016,283.6616020589891
0.03822280094027519,-0.009468861611094326,-0.035002700984478,0.012591246336019513,1.00278639793396,0.9166507601737977,0.8429294228553772,0.04320289976224509,80.0,48.59349822998047,17.62784343957901,8.255805015563965,8.125627582496127,-0.005275694000058818,0.9516334702639462,80.0,1517.827037296858,3035.6836472013583,91,0.3792569637298584,97.20602416992188,35.29295744895935,16.584518432617188,16.247538080601505
0.005250554997473955,-0.01378352676401846,-0.031147560104727745,0.009333167024460454,1.0648043155670166,1.0377075240015983,1.0062199831008911,0.014304951537490724,80.0,74.57304382324219,24.386392652988434,12.979721069335938,13.036495315709384,-0.005368170443145336,0.9525690578045729,80.0,1501.5939868115984,3003.2177500175476,92,0.38938331604003906,149.1630859375,48.82110629081726,26.000940322875977,26.06051892633276
0.0005619749426841736,-0.00919077907456085,-0.03066161647439003,0.007628013365525786,1.1135809421539307,1.0729618474841118,1.0176286697387695,0.019168737260928184,80.0,120.88493347167969,24.72349597811699,5.299513816833496,27.732269174354144,-0.005409273761762707,0.9538636039301593,80.0,1485.7136589531738,2971.4572025213274,93,0.2864048480987549,241.7917938232422,49.48683286905289,10.64249324798584,55.45592331319419
0.004872824065387249,0.000148775358684361,-0.004766885191202164,0.0017820254548715992,0.6298350095748901,0.5843742452561855,0.5285218954086304,0.024466180865632035,80.0,331.3583068847656,136.6662404537201,45.21071243286133,66.11487225561841,-0.0053501455796302905,0.9499328660719256,80.0,1471.3620906712647,2942.7538691993805,94,0.2429945468902588,662.7318115234375,273.3438702583313,90.44230651855469,132.22891220521453
0.022821206599473953,-0.007516019896138459,-0.03188115730881691,0.009672485722685328,0.9153330326080322,0.8833177417516709,0.8330633640289307,0.015127052320732665,80.0,139.4500732421875,30.289627784490584,5.345854759216309,32.51126499763636,-0.005372944256646166,0.9492316542369755,80.0,1456.192906851404,2912.415533251645,95,0.2535974979400635,278.9184875488281,60.61195416450501,10.71496868133545,65.01541433381196
0.02105265110731125,-0.002623109787236899,-0.024997981265187263,0.007874710359239,0.7493260502815247,0.6923447325825691,0.5982716679573059,0.029145266667577645,80.0,12.32286548614502,4.278766296803951,1.1522046327590942,2.556278687395022,-0.005344300147589821,0.9465557488030755,80.0,1441.0688012206265,2882.1672112979068,96,0.2522280216217041,24.65427589416504,8.576625692844392,2.3399882316589355,5.110211800282975
0.00989777222275734,-0.0029327934549655764,-0.017872381955385208,0.0052667961319131625,0.5370104312896729,0.4650319330394268,0.4050319492816925,0.023354266663187552,80.0,5.888313293457031,1.9886972710490227,0.9637248516082764,1.1470017957683827,-0.0053194392538514264,0.9415915857539656,80.0,1426.2329238603215,2852.49530768429,97,0.2481522560119629,11.787147521972656,3.992560777068138,1.9384398460388184,2.290278012068937
0.019494792446494102,-0.007511584501480683,-0.02771631069481373,0.008807601056415322,0.7888470888137817,0.7198665089905262,0.6482341289520264,0.03524332461886676,80.0,34.402130126953125,4.472696119546891,0.9158880114555359,7.797495895403363,-0.005341808082908868,0.9393290849706651,80.0,1411.725166434395,2823.4797924302134,98,0.2492830753326416,68.81787872314453,8.974812784790993,1.8693161010742188,15.588762642685143
0.018298359587788582,-0.0028272364055737854,-0.02299846149981022,0.006935610973968249,0.8897815346717834,0.8392169266939163,0.7911407947540283,0.022618892119111944,80.0,23.10175132751465,5.628733931481838,1.3329124450683594,4.157086599352796,-0.005316408368996392,0.9383178510486779,80.0,1397.522172166689,2795.0737329794374,99,0.25077319145202637,46.21955108642578,11.279906803369522,2.707365036010742,8.312301513145876
0.014401577413082123,-0.0027004920586477963,-0.018267754465341568,0.0066543763073547485,0.9149171113967896,0.8874080546200276,0.851292610168457,0.015028249571931933,80.0,34.774009704589844,5.427836635708809,1.2535057067871094,7.191367030918702,-0.005290249205892906,0.9378087530843914,80.0,1383.601228811379,2767.231783873476,100,0.25160765647888184,69.56617736816406,10.878822383284568,2.530944347381592,14.38081486089298
0.008171098306775093,-0.002848142362199724,-0.014159339480102062,0.00477724036864818,0.7680341005325317,0.7340560644865036,0.697676420211792,0.015150148096353807,80.0,60.450260162353516,15.40915880203247,5.8157148361206055,13.753819246707012,-0.005121540881111286,0.9314463379196825,80.0,1305.8104948378761,2611.649851487197,101,0.2722938060760498,120.91387939453125,30.838694965839387,11.643377304077148,27.504952304350958
0.0020006634294986725,-0.0049081941950134935,-0.020687144249677658,0.005144990322551535,0.8485395908355713,0.8133043460547924,0.7800398468971252,0.01366193643184949,80.0,180.81240844726562,37.4593642115593,4.256829738616943,46.80480713496384,-0.0049042212426429616,0.9259768276847901,80.0,1276.9788506259883,2553.9860183444393,102,0.38069820404052734,361.6416015625,74.94481072425842,8.538265228271484,93.60451125275857
0.015301629900932312,-0.005901968578109517,-0.022558806464076042,0.00646222064673387,0.8877137303352356,0.8349467799067497,0.7570224404335022,0.028650015672152987,80.0,10.158672332763672,2.0840882673859595,0.8556913733482361,1.903416642176372,-0.004770341028692201,0.9209747444279492,80.0,1261.9878688615672,2524.0036870733575,103,0.5195188522338867,20.333637237548828,4.196679410338402,1.7605088949203491,3.8039489097295234
0.013929501175880432,-0.001281259796814993,-0.014898221008479595,0.005401964393511974,0.6760561466217041,0.6024747759103775,0.5404905080795288,0.028806466552208497,80.0,56.78459167480469,9.44372229129076,1.4667493104934692,12.615907665427573,-0.00460345873242477,0.9139879332520069,80.0,1246.3108076942826,2492.649091335036,104,0.43877482414245605,113.58133697509766,18.902056416869165,2.939697504043579,25.230537622915318
0.03917234018445015,-0.0008612208242993802,-0.010770312510430813,0.006061579063183734,0.789779782295227,0.5945544809103012,0.45434606075286865,0.05936755709414906,80.0,11.022794723510742,1.8151674889028073,0.7220156788825989,2.201648233130989,-0.004426411606604234,0.9069786125458777,80.0,1241.2921782336123,2482.611338116534,105,0.2547290325164795,22.05986785888672,3.6439484745264052,1.4614307880401611,4.403322896435684
0.020164087414741516,-0.0018366935022640974,-0.023778414353728294,0.008990297411060862,0.6398341059684753,0.5859890438616275,0.5291919112205505,0.02660809516429728,80.0,113.24883270263672,30.515249240398408,10.0145902633667,22.41642777485078,-0.004368678588711192,0.8998655147217215,80.0,1226.8717438653598,2453.7702116602736,106,0.25766587257385254,226.51107788085938,61.04589166641235,20.027095794677734,44.831536151695445
0.009310202673077583,-0.007696208142442628,-0.0263630710542202,0.007674992270867589,0.9974751472473145,0.9528370216488838,0.9162994027137756,0.017388811590638993,80.0,55.626670837402344,10.892435783147812,3.0715787410736084,11.163992144502421,-0.004391843794379385,0.8967366853617134,80.0,1224.1653822420128,2448.357472152956,107,0.2520463466644287,111.27261352539062,21.819320714473726,6.188796043395996,22.32216662947025
0.008805125020444393,-0.006508445407962427,-0.0268847793340683,0.008160990724282552,0.7820875644683838,0.7255702033638954,0.6677548885345459,0.02851126834138128,80.0,19.012283325195312,4.299253296852112,1.5747315883636475,4.140704563665062,-0.004340437607548666,0.8916087497435512,80.0,1222.960471405078,2445.9474451205206,108,0.25244855880737305,38.04021072387695,8.626034873723984,3.1503283977508545,8.275180454484628
0.009252769872546196,-0.0005260121426545084,-0.010017547756433487,0.004011218025844138,0.7159661054611206,0.6836891427636147,0.6433128118515015,0.015260334591753336,80.0,3680.598876953125,1834.627306365967,652.1013793945312,672.429663460052,-0.004231012314266991,0.8853665721528233,80.0,1240.48750332408,2481.001165359683,109,0.25623536109924316,7361.21142578125,3669.2693481445312,1304.225341796875,1344.8594330733656
0.0004972703754901886,0.00010347795323468744,-0.00015109404921531677,0.0001348300172766299,0.5406933426856995,0.4962636955082417,0.4637443423271179,0.018161208730438496,80.0,35405.53125,23264.202783203124,13829.302734375,6170.283596077547,-0.004159843906818424,0.8787821468003096,80.0,1472.8123980098253,2945.65068655128,110,0.26038050651550293,70811.0703125,46528.41586914063,27658.615234375,12340.56702569068
0.0005510970950126648,-0.00013269116752780973,-0.001786951906979084,0.00038998226910763893,0.867096483707428,0.8073874123394489,0.7432293891906738,0.025167485587748506,80.0,31090.44921875,17967.251379394533,9528.12890625,4504.883598807314,-0.004119361252116505,0.8761977793686093,80.0,1652.1751836039905,3304.376121359058,111,0.26021504402160645,62180.9140625,35934.518798828125,19056.2734375,9009.766895558605
0.005122195929288864,-0.0009750626224558801,-0.010333342477679253,0.002571284907550572,1.0182240009307861,0.9757492303848266,0.9476090669631958,0.013750638171060718,80.0,4593.52734375,2251.8653213500975,987.7869873046875,925.1158442453712,-0.004114401937753428,0.8745197869203986,80.0,1674.4051356755383,3348.835982089706,112,0.26512718200683594,9187.07421875,4503.752114868164,1975.596435546875,1850.2303088469762
0.001718161627650261,-0.0003174589539412409,-0.0035958178341388702,0.0008369603178249174,0.8076281547546387,0.7529406227171421,0.7033444046974182,0.01812632573166315,80.0,1862.8529052734375,859.1891220092773,377.0841979980469,351.44109078732197,-0.004068554942656192,0.870637277442962,80.0,1682.845754404176,3365.717050201602,113,0.2573122978210449,3725.720703125,1718.3939376831054,754.1854248046875,702.8815798839747
0.004631428979337215,-0.0033380185079295186,-0.015312282368540764,0.00459332084256486,1.0772526264190674,1.0232102312147617,0.9673480987548828,0.019222927894802504,80.0,476.95355224609375,134.2032419860363,6.8232951164245605,84.75487885499258,-0.004083148043762776,0.8697509762607516,80.0,1683.9432364427337,3367.9120257501077,114,0.25443267822265625,953.927978515625,268.4336254119873,13.685707092285156,169.5069582127908
0.0034328363835811615,-0.001796299300622195,-0.014037273824214935,0.0027238838010154227,0.7682965397834778,0.7364849776029587,0.6838796734809875,0.019226781130064582,80.0,2809.946533203125,1088.7080471038819,352.0616149902344,711.7190932922811,-0.0040846578718774255,0.8665805689953266,80.0,1694.4797973231564,3388.985087188429,115,0.25565028190612793,5619.908203125,2177.4344230651855,704.1491088867188,1423.4357924987776
0.0065817926079034805,-0.01786230894504115,-0.040443021804094315,0.009774192678870643,0.9188685417175293,0.8697181843221188,0.8266333341598511,0.019183675871269498,80.0,279.0611877441406,117.77528891563415,61.796993255615234,50.58140028371682,-0.004182348884307431,0.8659118351452052,80.0,1695.3377742563973,3390.7012230493497,116,0.2570321559906006,558.1400146484375,235.6036955833435,123.62995147705078,101.14959185609831
0.005076639354228973,-0.009151557297445833,-0.03434054180979729,0.007683488051789107,1.0053253173828125,0.9594087190926075,0.9176322221755981,0.019802630413601644,80.0,145.57601928710938,37.72716543674469,14.428406715393066,33.490819862353995,-0.004206444861731143,0.865516868967563,80.0,1695.5450181738624,3391.1157511794045,117,0.2561676502227783,291.17181396484375,75.49182240962982,28.894201278686523,66.9742047962643
0.008461124263703823,-0.0006057816324755549,-0.010569676756858826,0.0033918735581798384,0.7565730810165405,0.6878437899053097,0.611463189125061,0.02976452045726333,80.0,749.4615478515625,341.3411283493042,132.79588317871094,140.70034943155903,-0.004185597167830565,0.8628125674761832,80.0,1698.8246369492003,3397.674892936237,118,0.26303529739379883,1498.9361572265625,682.6972240447998,265.6141052246094,281.3977117336959
0.004093455150723457,-0.0009961723000742495,-0.006269065663218498,0.0016944213145098474,0.8854157328605652,0.82842231169343,0.7806211709976196,0.020801887620182733,80.0,311.44049072265625,112.34195585250855,34.545257568359375,65.12677208740058,-0.004151353142355219,0.8612838839180769,80.0,1699.8334438166808,3399.6924076052983,119,0.32320666313171387,622.8978881835938,224.702472114563,69.11726379394531,130.25246729675627
0.0183107852935791,-0.0036331604060251266,-0.024905405938625336,0.00789564211285686,0.9841905832290649,0.9370132125914097,0.87795090675354,0.019468805328692676,80.0,261.9507141113281,90.15057905316353,6.125269412994385,52.22903252297573,-0.004063178653086651,0.8608131002672016,80.0,1700.6560461671095,3401.337426535405,120,0.41800570487976074,523.9217529296875,180.3271640777588,12.291168212890625,104.45551887497753
0.010545603930950165,-0.0019132068089675158,-0.020831696689128876,0.005443734713793475,0.5148168802261353,0.4694709587842226,0.4276847243309021,0.019332497769727612,80.0,39.8972282409668,9.334775111079216,3.317389488220215,8.783203431579631,-0.004005658596826833,0.8562967369407417,80.0,1700.5708576608931,3401.1668441562438,121,0.3824043273925781,79.80442810058594,18.682766062021255,6.647924423217773,17.564644977707903
0.013082727789878845,-0.002026286366162822,-0.014084100723266602,0.004304747781687556,0.657282829284668,0.5774431474506855,0.5022361874580383,0.029005610330866675,80.0,24.42584228515625,3.357287700474262,0.7590429186820984,5.270699096725539,-0.003972389305141405,0.8530080799385905,80.0,1700.455350765336,3400.935698052608,122,0.5202124118804932,48.86363220214844,6.730176864564418,1.503443956375122,10.540547534013497
0.022648561745882034,0.004279494087677449,-0.015310406684875488,0.008050831782666683,0.8181167840957642,0.747611491382122,0.6533875465393066,0.04763583538183841,80.0,76.66914367675781,25.228986647725105,3.7490999698638916,16.308153818911542,-0.0038743346447154174,0.8519102653861046,80.0,1700.5894690379685,3401.203716536187,123,0.4299905300140381,153.3453826904297,50.46436692476273,7.532780647277832,32.61541540593167
0.03477008640766144,-0.0009661189222242683,-0.01875494420528412,0.008933066876223075,0.8158899545669556,0.7705880053341388,0.6761904954910278,0.02835635019690735,80.0,15.276895523071289,3.334812492132187,0.8178601861000061,2.813214531190468,-0.0038548787592008003,0.8516418673247097,80.0,1700.5221540587136,3401.0690422975645,124,0.5429954528808594,30.569759368896484,6.686968952417374,1.6345117092132568,5.625715526036653
0.01869516260921955,0.00034038738813251256,-0.021715249866247177,0.0079871116348258,0.8059550523757935,0.7396505907177925,0.6927276849746704,0.01970623553724364,80.0,89.78076934814453,17.13393153846264,3.667057752609253,20.371788748029424,-0.003943395943220821,0.8516016940027472,80.0,1700.5925266617423,3401.2099637365563,125,0.3943212032318115,179.5741729736328,34.28197557926178,7.3472185134887695,40.74125947919743
0.0068743228912353516,-0.0037163895671255887,-0.01565028727054596,0.004748090394682607,0.8211965560913086,0.7679865784943104,0.7246981859207153,0.019165859912150057,80.0,288.4854736328125,59.46699792146683,6.130268573760986,73.16811530993462,-0.0039497447393514445,0.8508570830821989,80.0,1701.1509627068826,3402.326833630107,126,0.23422837257385254,576.9873046875,118.95678817033767,12.289676666259766,146.33388274550532
0.01680624857544899,-0.0015703506534919143,-0.02358141914010048,0.008336528343760299,0.8389391303062439,0.7880877301096916,0.6563836336135864,0.0349384187235838,80.0,14.542821884155273,2.669777988642454,0.7929531931877136,2.787567038055599,-0.003958494853592129,0.8518557787761093,80.0,1701.1512320158292,3402.3274097216054,127,0.2686116695404053,29.101184844970703,5.358458426594734,1.5914502143859863,5.573953528112228
0.06173417717218399,-0.004910546116298065,-0.039749566465616226,0.014571245695964125,0.6840206384658813,0.6159172736108303,0.5440351963043213,0.03433494847560441,80.0,62.1451301574707,15.267848208546638,1.454302430152893,14.627849318053267,-0.004011189131779247,0.8499663284569979,80.0,1698.0010528700464,3396.0271190178623,128,0.31084775924682617,124.30226135253906,30.55783567726612,2.9586713314056396,29.248847666647894
0.005976135842502117,-0.00019242621492594482,-0.005453753285109997,0.0025915353612272836,0.5755438804626465,0.4958827219903469,0.45047035813331604,0.03181161804907651,80.0,24.64080810546875,3.8988966926932336,1.4216126203536987,4.015268650213098,-0.0040084797998570145,0.8473871545419098,80.0,1629.6381082737407,3259.301171839409,129,0.3061795234680176,49.29069519042969,7.808095875382423,2.847320556640625,8.02963825861109
0.010319720022380352,-0.003100130311213434,-0.017574751749634743,0.006101879030240182,0.6668239831924438,0.6182775996625424,0.5752801299095154,0.018348776694656732,80.0,88.64716339111328,19.710764610767363,5.016979694366455,20.267619652044093,-0.0040369400467752704,0.8461649514436722,80.0,1326.905287697192,2653.8355591172503,130,0.39936137199401855,177.3065948486328,39.4400949716568,10.048221588134766,40.5316268338136
0.003818623721599579,-0.007729210064280778,-0.02412131428718567,0.0065333623185751385,1.0162317752838135,0.9491441294550895,0.8935908675193787,0.02426077095550469,80.0,15.667037963867188,3.393476460874081,1.3867864608764648,3.208509544267717,-0.004047213823912898,0.8468219445198776,80.0,1322.5516101838166,2645.1282377886696,131,0.4472370147705078,31.35456657409668,6.821394211053848,2.822568893432617,6.413356126051086
0.013477788306772709,-0.002652496797963977,-0.020261049270629883,0.005538569493204146,0.7455621957778931,0.6777045346796513,0.6043139696121216,0.028687278047712338,80.0,21.34368324279785,4.24775282740593,1.3390945196151733,4.681100730192113,-0.00404264662085916,0.8437796441465616,80.0,1309.4882963684013,2619.001540127508,132,0.4402480125427246,42.70235061645508,8.514364743232727,2.699570655822754,9.358921611749908
0.05232703685760498,0.027231560717336834,-0.006386328488588333,0.012807386474169747,0.5914231538772583,0.47967076003551484,0.40498650074005127,0.031169514010866036,80.0,15673.71875,8627.910775756836,4016.174560546875,3316.3257243138273,-0.0037510344931797595,0.8369650939404965,80.0,1389.1292665107658,2778.2827622725886,133,0.4382641315460205,31347.4453125,17255.776818847655,8032.283203125,6632.665544423437
0.000854169949889183,-2.7444737497717142e-05,-0.0013509318232536316,0.0004391473319778823,0.42926716804504395,0.37916985861957075,0.3389299511909485,0.01836552501806689,80.0,41980.79296875,26686.290979003905,15481.3056640625,4880.3668293474075,-0.003675523767858977,0.828936184551567,80.0,1628.4550662696772,3256.934053990118,134,0.4315683841705322,83961.59375,53372.58999023437,30962.62109375,9760.733487726306
0.0018538068979978561,-0.0007582754478789866,-0.005338609218597412,0.0013697393771228805,0.7837445139884949,0.7262515731155872,0.6690095067024231,0.025651564524010073,80.0,13742.8603515625,5969.706234741211,1838.1767578125,2185.2279426249784,-0.003657966231316095,0.8251289257444442,80.0,1686.8341932161263,3373.692196309797,135,0.41327404975891113,27485.734375,11939.428482055664,3676.364501953125,4370.455086692115
0.017949016764760017,-0.0043068912287708375,-0.02306348644196987,0.00744204728565746,0.883120596408844,0.8308302789926529,0.7853184938430786,0.01954234594307415,80.0,1169.623046875,616.0139200210572,120.0499267578125,221.12804545086075,-0.0036198024744808206,0.8223441850878298,80.0,1692.8489539718441,3385.721585861079,136,0.566906213760376,2339.2626953125,1232.0530765533447,240.11550903320312,442.2545884211187
0.003964133560657501,-0.0005170941178221256,-0.0062070079147815704,0.001494689366503388,0.6241766810417175,0.574427442997694,0.5198218822479248,0.02185606136513,80.0,1693.1114501953125,623.7079792022705,194.8381805419922,368.9223501146043,-0.0035465191048861017,0.8169744154922663,80.0,1698.7342543237025,3397.49193259298,137,0.4288747310638428,3386.23388671875,1247.4284797668456,389.6912841796875,737.8440611652971
0.0021192701533436775,-0.008771947846980765,-0.028475264087319374,0.008501200755378588,0.8672219514846802,0.7970222882926464,0.7388981580734253,0.02499840850452122,80.0,901.871826171875,320.09719343185424,103.61112213134766,196.5196589397645,-0.003518020715477178,0.8136938072182238,80.0,1700.705744310122,3401.4347899709855,138,0.406036376953125,1803.7584228515625,640.2278717041015,207.23609924316406,393.028000545193
1.6763806343078613e-08,-0.01802628975128755,-0.03853997588157654,0.00956666618816214,0.9271730184555054,0.890294935554266,0.8439992666244507,0.01840353630498211,80.0,287.60528564453125,132.4847640991211,69.39962768554688,50.50177751789714,-0.003684604131995002,0.8138235589154064,80.0,1697.8514316422754,3395.7265003801504,139,0.5152444839477539,575.2279663085938,265.0233877182007,138.86734008789062,100.9935040251949
0.0006554559804499149,-0.014780047029489651,-0.029436428099870682,0.008101761929028421,0.9752380847930908,0.9305328242480755,0.8901007175445557,0.01661399595296524,80.0,80.39686584472656,34.79140515327454,18.088071823120117,14.917566614618634,-0.0037716041264066013,0.8114479463212192,80.0,1696.7718815648373,3393.567526702515,140,0.38470888137817383,160.81320190429688,69.63098077774048,36.20201873779297,29.82686606874764
0.012218670919537544,-0.011454193235840649,-0.02806953527033329,0.008188181091054219,0.9509381055831909,0.9018764533102512,0.8600553870201111,0.02007038675030237,80.0,228.62559509277344,72.46342809200287,30.043437957763672,46.9718373206539,-0.003844222393905511,0.8091199102140963,80.0,1695.9896702742394,3392.0032027894176,141,0.3930552005767822,457.27325439453125,144.96780228614807,60.11265563964844,93.93682292557995
0.0026736781001091003,-0.00027741657686419785,-0.0027493969537317753,0.0010602578951273084,0.5976298451423645,0.5275699507445097,0.454751193523407,0.02534104549422292,80.0,850.6276245117188,429.4445478439331,202.3795623779297,158.67118696002984,-0.0038195253057929216,0.8057496608570217,80.0,1700.2448024669402,3400.5133504089927,142,0.4247157573699951,1701.263671875,858.9002052307129,404.7717590332031,317.3416591844884
0.03566354513168335,-0.001924797403626144,-0.024374868720769882,0.008699524608745113,0.987170398235321,0.9412724211812019,0.899017333984375,0.017555349135527573,80.0,311.16534423828125,55.973579335212705,6.194097995758057,56.226661536220355,-0.003791364908072865,0.8075716034173963,80.0,1700.6935826917404,3401.410890970312,143,0.43152713775634766,622.3491821289062,111.96983300447464,12.449905395507812,112.45110987892613
0.004474869929254055,-0.007272915868088603,-0.0241897813975811,0.006685391515643411,0.6948066353797913,0.6118516802787781,0.5220293998718262,0.03380757654902639,80.0,10.983104705810547,3.155959579348564,1.592703104019165,2.0009716342393564,-0.003834274874971016,0.803309512592852,80.0,1698.8784081623965,3397.78054246547,144,0.4047262668609619,21.979015350341797,6.3387020289897915,3.2231318950653076,3.995958979440676
0.01219157874584198,-0.0028681024617981167,-0.02392107993364334,0.006556283882536544,0.5766662359237671,0.49276769198477266,0.42382216453552246,0.030376127064321936,80.0,8.728324890136719,1.7985969305038452,0.6009085774421692,1.8606026768127435,-0.0037893570221203847,0.7984980106316505,80.0,1698.5998403018527,3397.2232206791705,145,0.4048755168914795,17.463237762451172,3.612785445153713,1.2563703060150146,3.718929801418367
0.020651886239647865,0.001514845050405711,-0.017861075699329376,0.00678393328166827,0.8250877857208252,0.7734824493527412,0.6909753680229187,0.025529980864772126,80.0,63.75434494018555,12.847411952912807,1.9832125902175903,14.037649660218655,-0.0037083764593990056,0.7963919984959064,80.0,1698.475761787023,3396.974859566159,146,0.4032137393951416,127.52235412597656,25.707264024019242,3.944976806640625,28.075683126782703
0.013394568115472794,-0.008397753711324184,-0.02828713320195675,0.007336558322840204,0.8378551006317139,0.7836560517549515,0.7168367505073547,0.022094717498441985,80.0,6.08355712890625,1.613089734315872,0.9188600778579712,0.9652910931830191,-0.0037644286432478107,0.7950171848572789,80.0,1698.1022755945583,3396.2279717799793,147,0.40653014183044434,12.185870170593262,3.258648106455803,1.8751952648162842,1.926822194890775
0.009089060127735138,-0.006596284103579819,-0.020517341792583466,0.006482476182023917,0.8198233246803284,0.7118185654282569,0.6422712802886963,0.038773387949580115,80.0,50.312679290771484,12.170851105451584,4.955784320831299,9.19023632637243,-0.0037916368011792663,0.7938086914233863,80.0,1697.7667807857058,3395.557012418665,148,0.3987433910369873,100.63871765136719,24.369131124019624,9.939403533935547,18.37592596490084
0.0026551075279712677,-0.0014133966353256256,-0.008025780320167542,0.002514360218546647,0.6736960411071777,0.6248309858143329,0.5737392902374268,0.022518973951930737,80.0,277.2670593261719,53.05328208208084,8.127772331237793,64.85910789388814,-0.003719386483862763,0.7911689353622495,80.0,1698.2571860806754,3396.5376257257235,149,0.3897881507873535,554.5458374023438,106.12188882827759,16.28290557861328,129.7166091397159
0.01002718135714531,-0.00829313974827528,-0.0265259500592947,0.007820857090243612,1.0073647499084473,0.9470862977206707,0.8947216272354126,0.022390280465903186,80.0,10.320295333862305,2.786047224700451,1.050546646118164,2.1117638161806074,-0.003781311494414695,0.7921974892430006,80.0,1697.8816661665398,3395.786730324544,150,0.38851213455200195,20.659685134887695,5.607622480392456,2.157198429107666,4.221320205235218
0.007310971617698669,-0.0024765942245721815,-0.016986697912216187,0.00540979125494884,0.6218234300613403,0.568602803349495,0.5299429297447205,0.01990404589202373,80.0,58.339263916015625,11.25945251584053,2.1320929527282715,12.670699120981352,-0.0037878956350614317,0.7888377178050576,80.0,1697.906579035293,3395.836502035118,151,0.41726183891296387,116.68313598632812,22.535230326652528,4.27177619934082,25.33883591831552
0.018670782446861267,-0.001607344567310065,-0.01897631213068962,0.006456228641922872,0.8624247312545776,0.7772169098258018,0.7031219005584717,0.034624149644980354,80.0,13.778120040893555,3.1898868903517723,0.6689738631248474,2.421461319954339,-0.0037693086874787695,0.7895270276330411,80.0,1697.83666280004,3395.6966461770453,152,0.5213894844055176,27.57106590270996,6.398532806336879,1.3584036827087402,4.84146427023921
0.024797923862934113,-0.0021301285712979736,-0.016386069357395172,0.0070326198901161695,0.5084383487701416,0.45014164559543135,0.3977454602718353,0.02513973165928301,80.0,43.34150314331055,7.552262306213379,1.430497646331787,8.504786117374174,-0.003770620052469894,0.7856019906252623,80.0,1697.7537183611057,3395.530681419394,153,0.32743120193481445,86.68994903564453,15.117787757515908,2.866609573364258,17.008589752614714
0.0054876431822776794,-0.009184763429220765,-0.04233085364103317,0.009992140418442739,0.722392201423645,0.6896090433001518,0.658199667930603,0.014784030566932513,80.0,83.61418151855469,11.504499232769012,2.066408395767212,17.300254459628338,-0.003842943747178651,0.783599876962602,80.0,1697.8092707211636,3395.6418907495363,154,0.30578136444091797,167.2421875,23.04116058945656,4.195390224456787,34.59262678904234
0.012145275250077248,-0.0033308066718745976,-0.024552790448069572,0.007579188998667731,0.7745033502578735,0.7339148044586181,0.6942965388298035,0.019696735843619757,80.0,19.628110885620117,4.120318765938282,1.5815232992172241,3.8914553308606337,-0.0038324830175261006,0.7844399106651545,80.0,1697.7968353486913,3395.6170158837062,155,0.31403112411499023,39.271339416503906,8.261977425217628,3.198366165161133,7.780307875096715
0.020422980189323425,-0.004276250529801473,-0.02369879186153412,0.008136059214624514,0.66227126121521,0.6203842379152775,0.5714371800422668,0.019867413865331914,80.0,39.23188018798828,10.621086883544923,2.598388195037842,6.91133094290566,-0.004260663058143108,0.7842359842360019,80.0,1574.8573272233864,3149.738854256473,156,0.3233811855316162,78.47569274902344,21.26313415169716,5.22673225402832,13.820105363255525
0.02135196328163147,0.008588923909701406,-0.007250610738992691,0.006730444969452755,0.5582810640335083,0.5037885196506977,0.46722620725631714,0.018730547397187193,80.0,39217.52734375,21284.424157714842,10152.4482421875,8199.610582818588,-0.004172224152192938,0.781887288480997,80.0,1628.3075468278787,3256.6390683678014,157,0.4145853519439697,78435.0625,42568.841552734375,20304.90625,16399.225524269936
0.0001866016536951065,-4.21038072090596e-05,-0.00044629350304603577,0.00010633064756211934,0.6886770725250244,0.6216603621840477,0.5702747702598572,0.02947323390129192,80.0,34320.47265625,22585.39521484375,13998.0205078125,4231.178992955937,-0.004097472242778166,0.78109485116601,80.0,1780.449256056394,3560.922315499149,158,0.4087715148925781,68640.953125,45170.80224609375,27996.0546875,8462.357631480454
0.004197402391582727,-0.0005495765130035579,-0.008679931983351707,0.0017807927729960756,0.9252023696899414,0.8760249227285385,0.8101606369018555,0.02389845296493089,80.0,3997.959716796875,1544.6847785949708,604.239013671875,810.0633740959205,-0.004009833184478339,0.781189516238868,80.0,1786.909920195188,3573.843470307194,159,0.39863061904907227,7995.93603515625,3089.3881591796876,1208.4962158203125,1620.1258811172831
0.0033564968034625053,-0.000618787732673809,-0.004419807344675064,0.0012014923599141115,0.7375542521476746,0.6846490055322647,0.6202917695045471,0.020832747750837988,80.0,1428.033447265625,414.98354291915894,125.24356842041016,289.57724954239745,-0.00394566907081753,0.7773983739241958,80.0,1771.5869147582912,3543.197255333744,160,0.40349507331848145,2856.078857421875,829.9820152282715,250.50390625,579.1536435354749
0.00451979786157608,-0.001830910291755572,-0.019366102293133736,0.003467066167470303,0.901154637336731,0.859050714969635,0.821437418460846,0.017626632459185675,80.0,331.29193115234375,129.28415324687958,23.583715438842773,64.91241629968441,-0.00387355845986167,0.7772710715532303,80.0,1769.7261743162533,3539.475627583347,161,0.40398430824279785,662.6011962890625,258.5891480445862,47.17761993408203,129.8231665230094
0.00475405715405941,-0.005352304864209146,-0.023065395653247833,0.005499607786540681,0.8337497711181641,0.7700705476105213,0.7049129605293274,0.02358934947444558,80.0,584.973388671875,178.62381048202514,49.57823181152344,141.29206893890935,-0.003884307659056504,0.7742241940870881,80.0,1764.4290398167036,3528.881319181286,162,0.40775346755981445,1169.96240234375,357.2737267494202,99.18392944335938,282.5777275853751
0.009372723288834095,-0.010595511621795594,-0.03087700717151165,0.008671190578476025,0.958866536617279,0.9237010240554809,0.8810732960700989,0.015990790190575303,80.0,78.4311752319336,38.82802555561066,21.987756729125977,13.06860929059687,-0.003954052394721658,0.7738688496351241,80.0,1763.3850742936993,3526.7935205114704,163,0.40538454055786133,156.8794403076172,77.695716381073,44.01338195800781,26.131415944011223
0.006323542445898056,-0.007428171392530203,-0.023144353181123734,0.007137647264995499,0.9674043655395508,0.922777260094881,0.8678027391433716,0.019780594539235596,80.0,68.41724395751953,17.75602565407753,5.763967037200928,11.604211424675542,-0.0038810200540465305,0.7726279776319861,80.0,1763.189696652796,3526.4025943430293,164,0.40315771102905273,136.85263061523438,35.54536356925964,11.563488006591797,23.20237757358048
0.0029359888285398483,-0.0063759791140910235,-0.021220337599515915,0.006148015554701379,0.8997594714164734,0.8485598854720593,0.7987428903579712,0.023405889873508147,80.0,183.7410125732422,50.054136300086974,20.811725616455078,38.09470193425609,-0.003728062176029198,0.7701193859130142,80.0,1763.143916795876,3526.3106785472255,165,0.4140331745147705,367.49932861328125,100.13799557685851,41.6631965637207,76.18423648939363
0.0008596554398536682,-0.00020212242379784583,-0.002372290939092636,0.0006055145222099365,0.6494038105010986,0.5974718078970909,0.5242214202880859,0.025476368117307528,80.0,607.5091552734375,258.40874843597413,128.01759338378906,114.31334968372632,-0.0035104730642051447,0.7652864096164703,80.0,1765.3952345797081,3530.812782251679,166,0.4010188579559326,1215.031005859375,516.8298484802247,256.048583984375,228.6262254325733
0.030191538855433464,-2.2669840836897494e-05,-0.01564176008105278,0.008533261226770984,0.9993824362754822,0.9407268844544887,0.8933142423629761,0.018629076627352765,80.0,82.35179901123047,17.41728614270687,3.8691952228546143,16.717113887267068,-0.003548961571359542,0.7665838115587831,80.0,1762.5147151441538,3525.0518463453277,167,0.39535975456237793,164.7223358154297,34.85343237519264,7.7421135902404785,33.435369169957326
0.008435461670160294,-0.004849414993077517,-0.01830984279513359,0.00622909349498608,0.6833222508430481,0.6126854367554188,0.5292315483093262,0.03476347947927099,80.0,12.79690933227539,3.1838382452726366,1.6242632865905762,2.181246851414696,-0.003559712940186728,0.7615722746551036,80.0,1761.5670801386493,3523.156497617088,168,0.4266843795776367,25.60611343383789,6.389628976583481,3.2799718379974365,4.356356818257169
0.01300104334950447,-0.0002460491668898612,-0.010756772942841053,0.004110639008929914,0.5087488889694214,0.43664378970861434,0.38243231177330017,0.027054039068098692,80.0,6.816105365753174,1.4493515394628047,0.608867883682251,1.2497556439591888,-0.0035438724820269275,0.7573401705920696,80.0,1761.5706762881985,3523.163573592984,169,0.4100310802459717,13.6405029296875,2.9079280510544776,1.2336993217468262,2.499429404539342
0.020716769620776176,-0.007028951292159036,-0.03160636126995087,0.011029476333393032,0.8185038566589355,0.757630830258131,0.677521288394928,0.029699622413673982,80.0,42.59745407104492,9.391209290921688,1.156236171722412,7.482457405559992,-0.0036512873227766245,0.7593731894418596,80.0,1761.6544725202211,3523.331421548434,170,0.44142937660217285,85.21089935302734,18.811629241704942,2.3301589488983154,14.96182623510958
0.012226402759552002,-0.0018412503297440708,-0.019903745502233505,0.0060303043138162215,0.7854843139648438,0.7061707824468613,0.6275327205657959,0.033989790099310885,80.0,3.0232558250427246,0.7838629152625799,0.3499752879142761,0.5367464928935273,-0.0036199970490124545,0.7592311008200049,80.0,1761.6246828317048,3523.2717767488143,171,0.36868977546691895,6.060959815979004,1.5855317384004592,0.7019612789154053,1.0733956208867244
0.009089868515729904,-0.0025099176447838543,-0.016119834035634995,0.005486775057652105,0.7774441838264465,0.7168875895440578,0.6405869722366333,0.02948951893769092,80.0,80.1892318725586,18.751353818178178,4.943119049072266,18.394937437282074,-0.0035645369232224773,0.7573397866562008,80.0,1761.5347212323243,3523.0917047996895,172,0.2595207691192627,160.39218139648438,37.522065341472626,9.912731170654297,36.78664028279827
0.0064294179901480675,-0.0006382308434695006,-0.010543115437030792,0.0028405201131233575,0.7945602536201477,0.7464169099926948,0.7131582498550415,0.022041673885305892,80.0,475.6186218261719,92.15598034858704,9.253458976745605,117.74899844444839,-0.0035062057784234642,0.7561066886857152,80.0,1762.4341255856825,3524.8903721812294,173,0.3659374713897705,951.2509765625,184.32816541194916,18.523405075073242,235.49660700840803
0.024061255156993866,0.00035025326651521026,-0.011237770318984985,0.0055678779830354245,0.8632694482803345,0.7758077062666416,0.6666475534439087,0.0424049422541605,80.0,22.30009651184082,3.6292775847017764,0.822001576423645,4.55760527596258,-0.0034595942828746047,0.7550613484978674,80.0,1762.3157035426048,3524.6534139657697,174,0.3584024906158447,44.614906311035156,7.273370821774006,1.6601898670196533,9.115837238911208
0.02919221855700016,0.0004802593728527427,-0.017721546813845634,0.0090067860756214,0.7203552722930908,0.6108111560344696,0.5271535515785217,0.04551984250718756,80.0,45.881378173828125,8.866216475889086,0.48259058594703674,11.080105322683336,-0.0034118664212874133,0.7522235247343778,80.0,1762.178249521937,3524.37835371013,175,0.4949214458465576,91.76771545410156,17.74368860796094,0.9761682152748108,22.15518830744723
0.009186058305203915,-0.002924969542073086,-0.01969008892774582,0.005273156399950934,0.6590332984924316,0.5928708672523498,0.5392994284629822,0.028960988686998566,80.0,21.837594985961914,3.0988327734172345,0.7183025479316711,4.423544535821016,-0.003392456372617744,0.7486380732730029,80.0,1762.0193677675313,3524.0604796752477,176,0.4514946937561035,43.68525695800781,6.215372920036316,1.4648334980010986,8.843473295434299
0.006553925573825836,-0.00580727158812806,-0.020904526114463806,0.006727091238044041,0.6877298355102539,0.6435839228332043,0.5907471179962158,0.018621065110827607,80.0,112.73167419433594,16.620074877142905,3.4747414588928223,23.96647523308798,-0.0033969740689499305,0.7464353341981769,80.0,1762.1469436112232,3524.3155963459467,177,0.2685263156890869,225.4765625,33.26463624238968,6.99636697769165,47.92793369805386
0.0113900825381279,-0.00824110431713052,-0.027440212666988373,0.008046391069180899,1.009824514389038,0.9442531146109104,0.8929206132888794,0.029154162471090272,80.0,27.301265716552734,6.6647420018911365,2.338007926940918,5.728589008056558,-0.003421148432709743,0.748134689696133,80.0,1762.108169303674,3524.2381300674238,178,0.2803966999053955,54.62272644042969,13.364851325750351,4.6922712326049805,11.450546695091056
0.008304789662361145,-0.004551940760575235,-0.019359901547431946,0.005856531658877914,0.7117122411727905,0.6656166352331638,0.6076029539108276,0.022162816091802404,80.0,22.419118881225586,2.9806342110037805,0.8499544262886047,3.9063984116281323,-0.0034477240596315828,0.7464700956344603,80.0,1762.133220667012,3524.2882526533085,179,0.3728146553039551,44.851627349853516,5.9836846247315405,1.7399563789367676,7.808463624021485
0.004451766610145569,0.0009636598726501689,-0.003843560814857483,0.0017680413434366705,0.594879686832428,0.5486561730504036,0.5114162564277649,0.016988627099995542,80.0,37230.5859375,20710.613232421874,10197.3095703125,7866.699656326705,-0.003392341935861623,0.7462002795003353,80.0,1969.1806946621384,3938.3830853339514,180,0.30269527435302734,74461.1796875,41421.235595703125,20394.626953125,15733.399204599815
8.671730756759644e-05,-9.141914779320359e-05,-0.0007477793842554092,0.00013974122097116474,0.6063056588172913,0.5251966066658497,0.47027766704559326,0.026320560391541216,80.0,35960.12109375,25933.981042480467,16109.3525390625,3931.5201163518486,-0.0032912978595413733,0.741557685483247,80.0,2228.389342571482,4456.800093114503,181,0.3702566623687744,71920.25,51867.973461914065,32218.716796875,7863.039838023904
0.0071452101692557335,-0.0022837942466139793,-0.016993943601846695,0.0043440882258707035,0.9986591935157776,0.941325181722641,0.8759135007858276,0.025449547453369276,80.0,2729.087646484375,1081.5454624176025,385.38983154296875,572.5932119670939,-0.0032032554647594223,0.7414689976014196,80.0,2239.1433338849097,4478.307897966213,182,0.44251012802124023,5458.193359375,2163.1143272399904,770.7977294921875,1145.1833689791235
0.013586465269327164,-0.005306731362361461,-0.03283338248729706,0.007674088758726423,0.8032143712043762,0.7740305319428444,0.7322328686714172,0.014141696569906175,80.0,190.5807647705078,64.08877565860749,7.708475112915039,35.584890654221425,-0.003215001000120537,0.7436637319885194,80.0,2239.7459060791875,4479.513109740831,183,0.370241641998291,381.1771545410156,128.20364542007445,15.443201065063477,71.16860261495344
0.0023516640067100525,-0.0008340007218066603,-0.0055549126118421555,0.001499461643337313,0.6863976716995239,0.6291482418775558,0.5819341540336609,0.019106449883693356,80.0,1633.2984619140625,520.6218667984009,175.04132080078125,378.12530306201256,-0.0032228962102963127,0.7433628176562488,80.0,2235.191118658915,4470.403544623949,184,0.3700132369995117,3266.60986328125,1041.2579772949218,350.10491943359375,756.2494490526113
0.004262562841176987,-0.001089722040342167,-0.008309764787554741,0.002219424631954942,0.7799916863441467,0.707547502964735,0.6606842279434204,0.0210631445771871,80.0,625.2628173828125,123.7788625717163,12.382271766662598,141.48690250367144,-0.0032311882650537887,0.74399714031443,80.0,2038.9920858734995,4078.0055200565835,185,0.32535457611083984,1250.539306640625,247.57405693531035,24.783092498779297,282.9724404076068
0.015363686718046665,-0.01069304570555687,-0.037315476685762405,0.010189390008090812,0.8228986263275146,0.7822339683771133,0.7282149195671082,0.021671099166345697,80.0,44.930747985839844,6.956770348548889,2.057218551635742,9.639030633561504,-0.003336553627072135,0.7417723509408531,80.0,1911.9598743411448,3823.9412686913984,186,0.2234659194946289,89.87747192382812,13.950571489334106,4.16419792175293,19.270811884025232
0.0024423711001873016,-0.017976632062345742,-0.0378701314330101,0.008287639630570588,0.9381763935089111,0.9100215084850788,0.8675369024276733,0.014078731839277606,80.0,15.884950637817383,6.031200951337814,3.4480912685394287,2.6832806816489163,-0.003494977830647258,0.738995512958616,80.0,1887.1800473125725,3774.3818758979814,187,0.2576110363006592,31.817062377929688,12.116555619239808,6.956918716430664,5.358573195464159
0.012612523511052132,-0.006469272560207173,-0.027360957115888596,0.010091153677051046,0.9386612772941589,0.8518609218299389,0.790136456489563,0.03607104533353286,80.0,67.81709289550781,12.298839342594146,4.276575565338135,14.004253126590632,-0.00353244067155174,0.7399041407369076,80.0,1883.2724654039891,3766.5668051968596,188,0.3325977325439453,135.64871215820312,24.627654504776,8.565423965454102,28.000896780538607
0.004321251064538956,0.0006837911088950932,-0.004191133193671703,0.0017655981218811581,0.5855840444564819,0.5186349533498287,0.46413853764533997,0.02237193507738001,80.0,505.4787902832031,177.58364868164062,64.34394836425781,112.7939785940088,-0.003516691119672031,0.735901196528226,80.0,1878.2193056711703,3756.4603741646783,189,0.3134610652923584,1010.9674072265625,355.17630252838137,128.702880859375,225.58744701509602
0.01783253252506256,-0.003667638375191018,-0.031084340065717697,0.00757482667717525,0.8318025469779968,0.7816440828144551,0.7425463199615479,0.022299496658628057,80.0,53.165645599365234,10.636184403300286,2.638695001602173,9.91766088030557,-0.003525841655762633,0.7341095058508216,80.0,1876.7396608909812,3753.5010670515076,190,0.27385520935058594,106.34689331054688,21.295336961746216,5.342734336853027,19.832412885726146
0.018883870914578438,-0.004707127643632703,-0.02312491275370121,0.006824732666428279,0.9793416857719421,0.9277144059538841,0.8738253712654114,0.019334659865137816,80.0,26.70125389099121,6.462031397223472,2.490265369415283,4.548321519445999,-0.0034782243160880167,0.7342201423086226,80.0,1876.6280027705577,3753.2776577897444,191,0.2899973392486572,53.42133331298828,12.952031272649766,5.011807441711426,9.094432992868157
0.03068036586046219,-0.0036954380455426874,-0.01847182586789131,0.00788084699859997,0.6255277991294861,0.5663845129311085,0.4911661148071289,0.028202737282214688,80.0,10.78276252746582,2.3731849148869513,0.7387280464172363,1.8072926517234167,-0.003377343428903259,0.7295069121979176,80.0,1876.4078706931768,3752.8370976108235,192,0.3325345516204834,21.575668334960938,4.765088398754597,1.4708893299102783,3.612112615669889
0.008442750200629234,-0.0017890434013679624,-0.009776923805475235,0.003594890363668604,0.7569747567176819,0.7133671447634697,0.6596488952636719,0.02327379141110335,80.0,47.683799743652344,8.38002514541149,2.1536357402801514,7.875293497618865,-0.00330332607217133,0.7259109651707112,80.0,1876.2444359848494,3752.510008240752,193,0.2773478031158447,95.38146209716797,16.77789586186409,4.322274684906006,15.749418666431353
0.005295906215906143,-0.010589919402264059,-0.03018496371805668,0.008379385137371173,0.850304365158081,0.7627635255455971,0.7067968845367432,0.029566817286441484,80.0,3.210176467895508,0.9031371608376503,0.5431722402572632,0.45123191348436004,-0.003410713019780815,0.7276948579736051,80.0,1874.886804951921,3749.794996632538,194,0.30259013175964355,6.437164783477783,1.8427094370126724,1.1326136589050293,0.8956203226938435
0.011126181110739708,-0.0028381300158798694,-0.02016894519329071,0.00658823236933031,0.7480354309082031,0.6940822824835777,0.6297193169593811,0.02175285081219961,80.0,42.14164733886719,12.259678971767425,4.204046249389648,8.133623794802471,-0.0033639341209782286,0.7258025033809244,80.0,1874.7065054637935,3749.4342662500967,195,0.2783775329589844,84.29659271240234,24.53891592025757,8.430078506469727,16.26426093945637
0.003006286919116974,-0.0009197745763231069,-0.008381769061088562,0.0022073632680614016,0.6492812037467957,0.6004725679755211,0.5554211139678955,0.01877955781015294,80.0,438.62591552734375,73.92443606853485,7.12259578704834,107.6878367956053,-0.0033469007688690907,0.7248837817348539,80.0,1875.4029621615111,3750.827127207599,196,0.37496304512023926,877.2640380859375,147.86272144317627,14.262629508972168,215.37446121761405
0.012637358158826828,-0.008651436341460794,-0.02992808073759079,0.0086584000634121,0.8963674306869507,0.8577616907656193,0.8162968158721924,0.01739516972092749,80.0,18.276525497436523,3.2341830521821975,1.0139740705490112,3.7540304323753024,-0.003404087197734043,0.7288110793121158,80.0,1875.4154170193224,3750.852229841612,197,0.387951135635376,36.57069396972656,6.5028241783380505,2.084326982498169,7.501246010365668
0.013365045189857483,-0.0018218159675598145,-0.012989068403840065,0.005026098146645286,0.6003429889678955,0.5430243104696274,0.46907544136047363,0.03310434435896142,80.0,45.951473236083984,7.148537673056126,0.5937128663063049,10.025028083437977,-0.0033471895123948336,0.7270426573269069,80.0,1875.4421754348575,3750.905597508169,198,0.41512393951416016,91.91339874267578,14.311579440534114,1.2158887386322021,20.04693871612509
0.014720158651471138,-0.0018531648092903197,-0.019641641527414322,0.006867351818248738,0.8310027122497559,0.7667505398392678,0.6770336031913757,0.03634964710661075,80.0,12.323502540588379,2.8334872141480445,1.1790733337402344,2.3490850825051073,-0.003337448796432,0.7263179934583603,80.0,1875.4142229676838,3750.8496585980733,199,0.3570525646209717,24.661222457885742,5.686015793681145,2.37025785446167,4.694039462095319
0.015323277562856674,-0.01041243324871175,-0.035990968346595764,0.010850719935650033,0.5674989223480225,0.5129764322191477,0.4612486660480499,0.023547001322760018,80.0,97.68107604980469,19.497817933559418,4.052470684051514,21.19187664980227,-0.00341456820833264,0.7225736772343515,80.0,1875.5549227806623,3751.1311375780474,200,0.3577878475189209,195.37313842773438,39.02672038078308,8.130465507507324,42.37353689035453
0.004711844027042389,-0.006228539621224627,-0.030250513926148415,0.006154760892144268,0.8770431280136108,0.8239590771496296,0.763369083404541,0.025367649427029897,80.0,74.14325714111328,11.175409483909608,2.8517611026763916,14.841484428616011,-0.0034483721809228885,0.7234727073609828,80.0,1875.5125852874812,3751.046548179187,201,0.3768272399902344,148.3035888671875,22.379755079746246,5.739582061767578,29.678287418074003
0.013450377620756626,-0.0017725070123560728,-0.01270151324570179,0.004648104226194835,0.6604376435279846,0.6073639281094074,0.5415197014808655,0.0253637634283354,80.0,52.613956451416016,8.354360915720463,1.5617858171463013,11.822460011392067,-0.003417015309096314,0.721413303181529,80.0,1875.2215352545227,3750.4643442133447,202,0.3868131637573242,105.2410659790039,16.724414139986038,3.156235456466675,23.643560537221635
0.0033020833507180214,-0.0009401262796018273,-0.0068582892417907715,0.001622845437961877,0.5869700908660889,0.5411107107996941,0.49723392724990845,0.015553670304435786,80.0,21394.169921875,11218.665844726562,6736.67041015625,4003.7018766905835,-0.0033673968861112373,0.7184749424904584,80.0,1987.3873528191145,3974.795823952445,203,0.43755030632019043,42788.3515625,22437.344653320313,13473.3486328125,8007.403451384224
0.0002729389816522598,-2.3382279323413968e-05,-0.00024191103875637054,7.050999062450338e-05,0.43605679273605347,0.3929554261267185,0.33040672540664673,0.02027916737249098,80.0,38347.09765625,29617.471948242186,23400.07421875,3190.0654016163767,-0.0033548181109363216,0.7163797489926219,80.0,2283.4676350786235,4566.95632047812,204,0.42637085914611816,76694.203125,59234.95170898437,46800.15625,6380.130803232753
0.002314925193786621,-0.0005143914255313575,-0.006134830415248871,0.0012534018276101737,0.8088170289993286,0.7461363486945629,0.683341383934021,0.025774057332396287,80.0,2506.175537109375,1242.092276763916,640.9671630859375,416.37482661496847,-0.003351349816948641,0.7178955676704646,80.0,2295.870406171374,4591.761886196621,205,0.26952457427978516,5012.36572265625,2484.200520324707,1281.9515380859375,832.748753067582
0.007009496912360191,-0.0006415914016542956,-0.012125197798013687,0.002862299037287166,0.7750069499015808,0.7486379608511925,0.7208511233329773,0.009449867239335205,80.0,559.293701171875,259.4227153778076,68.95218658447266,93.77397061624102,-0.003339398795942543,0.7195220568403603,80.0,2298.159480832748,4596.34004415656,206,0.363879919052124,1118.601806640625,518.8616876602173,137.91946411132812,187.54701478912935
0.0036413967609405518,-0.0012849034275859595,-0.010501600801944733,0.0020211565606143636,0.5817649960517883,0.54310317710042,0.5083872675895691,0.016801273569094416,80.0,1376.734619140625,430.8315214157104,99.61723327636719,272.1286707185109,-0.0032752857487939762,0.7154247183948756,80.0,2302.358871689074,4604.738615744719,207,0.3864011764526367,2753.47998046875,861.6764795303345,199.26710510253906,544.2556007535269
0.0016476307064294815,-0.0027338717714883386,-0.013079365715384483,0.0035522169716628916,0.7828871607780457,0.7356603607535362,0.6922183036804199,0.016393035648129363,80.0,288.8529357910156,70.78277938365936,19.349655151367188,60.683949460237145,-0.0032375400124292353,0.7155256199687722,80.0,2303.023706949942,4606.068212795921,208,0.38523364067077637,577.7203369140625,141.58573999404908,38.712249755859375,121.36475350009464
0.012006629258394241,-0.008058968279510737,-0.028933323919773102,0.008336616477748283,0.7738935947418213,0.6965643748641014,0.6208011507987976,0.03760582050554695,80.0,182.56918334960938,57.05695952177048,15.23854923248291,40.23979897071804,-0.0033128695737977974,0.7156543722897769,80.0,2285.2480034815,4570.5169590007745,209,0.38605546951293945,365.152587890625,114.14396862983703,30.522388458251953,80.47114524802073
0.00860605575144291,-0.006198977620806545,-0.030365049839019775,0.0062052124190609135,0.6688640117645264,0.6176802597939968,0.576877236366272,0.021037992937287253,80.0,11.673933982849121,2.9146561563014983,1.327757716178894,1.8169723207700186,-0.0033758941295382104,0.7168685379326344,80.0,2052.635122211032,4105.291340948292,210,0.3845090866088867,23.361034393310547,5.854063892364502,2.6603379249572754,3.6314890836941522
0.013517919927835464,-0.002990919124567881,-0.016128897666931152,0.0066067560895295765,0.5956848859786987,0.5657747901976109,0.5258961319923401,0.014831975140384984,80.0,54.59872055053711,7.918766412138939,1.5538227558135986,11.128972062240496,-0.003404476409108611,0.714452411711216,80.0,1873.0417960812076,3746.1047012601275,211,0.38692641258239746,109.20924377441406,15.854830011725426,3.1396849155426025,22.253641781791206
0.0063558705151081085,-0.002113158826250583,-0.009650744497776031,0.0030298512405137696,0.5623534917831421,0.5068150386214256,0.44702959060668945,0.02592635300426709,80.0,528.4396362304688,195.0220850944519,78.01715087890625,105.70412317854391,-0.0034158573711465584,0.7097630697935818,80.0,1852.4733637186512,3704.9677654061693,212,0.39025092124938965,1056.888916015625,390.0585294723511,156.04876708984375,211.4067247146305
0.005963290110230446,-0.00606274256715551,-0.025957081466913223,0.005932038453660552,0.6905122995376587,0.6529963903129101,0.5955487489700317,0.018707710973580198,80.0,31.068161010742188,8.19020905047655,1.7194515466690063,6.450904650789396,-0.003473310207278701,0.7087636274695396,80.0,1843.9633745890633,3687.9478820637833,213,0.3876223564147949,62.14926528930664,16.405603444576265,3.469724655151367,12.896782796765581
0.021980542689561844,-0.005231226218165829,-0.02237369306385517,0.007627155935685138,0.9685393571853638,0.9244652405381203,0.8738409876823425,0.01718637459708686,80.0,32.2718391418457,7.803801503777504,2.3838698863983154,5.794459688205942,-0.0034922422843810634,0.7077761775627732,80.0,1842.699380184241,3685.4199113567843,214,0.385455846786499,64.56304931640625,15.636554712057114,4.782012462615967,11.586428589150856
0.020645655691623688,-0.0017369265347952022,-0.02610423043370247,0.006153495319847315,0.667777419090271,0.5823743000626564,0.4642351567745209,0.04232430221043337,80.0,7.726407051086426,1.4321576051414013,0.6331685781478882,1.1995566557504618,-0.003491648556722794,0.7062350707873702,80.0,1831.8266212892531,3663.6743614915827,215,0.38652849197387695,15.464141845703125,2.879436545073986,1.277535319328308,2.3967034215560488
0.023559024557471275,-0.007700146513525396,-0.027389168739318848,0.010022666770937503,0.8278039693832397,0.7337851613759995,0.6312216520309448,0.04628497310059745,80.0,23.344552993774414,5.31786549538374,1.07136070728302,3.3233128667751246,-0.003390026932407636,0.704875740557909,80.0,1830.702047055051,3661.424982606344,216,0.3834412097930908,46.70257568359375,10.665807059407234,2.1966354846954346,6.641089354606892
0.01597128063440323,-0.00439645575825125,-0.026085294783115387,0.008589190832731054,0.9061620235443115,0.8538665242493153,0.7865430116653442,0.027891317514382095,80.0,3.591437578201294,0.6757599983364344,0.29568231105804443,0.5579180061663985,-0.0033424759170156905,0.7038203186094762,80.0,1830.331533000667,3660.6838382845826,217,0.38803529739379883,7.197160720825195,1.377390233427286,0.6257569193840027,1.1108908767941787
0.030672712251544,0.0030822133034234867,-0.007382340729236603,0.007475396970867572,0.8335860371589661,0.7583328813314438,0.705925703048706,0.03131846944899963,80.0,58.65882110595703,10.073569172620774,2.881108283996582,10.963392124053359,-0.0033055959676566993,0.7045252095237374,80.0,1827.0188574088997,3654.0584274491966,218,0.40231895446777344,117.32746887207031,20.156140506267548,5.779730796813965,21.92598290273453
0.008685814216732979,-0.0016653233265969901,-0.01606280729174614,0.004244235746302004,0.7581602931022644,0.7276444502174855,0.7048547267913818,0.011197189732673642,80.0,293.8917541503906,45.079301309585574,4.00930643081665,70.7857677910574,-0.003312287477921927,0.703517430908978,80.0,1826.3462308634705,3652.713167598694,219,0.25600695610046387,587.7975463867188,90.17648706436157,8.06509017944336,141.56981402891023
0.014164692722260952,-0.005657320021418855,-0.02252107858657837,0.007225328737721372,0.8441729545593262,0.7947941116988659,0.7400065660476685,0.022012696576770897,80.0,8.281025886535645,1.6566853560507298,0.7458637356758118,1.4641020881380653,-0.0033325290740758647,0.7020952399000524,80.0,1825.4612919264994,3650.9433017703595,220,0.2620723247528076,16.578922271728516,3.3405812442302705,1.5174663066864014,2.9240361977419735
0.014251596294343472,-0.0022216375335119666,-0.02528798021376133,0.007645643967625588,0.6032243967056274,0.5380002893507481,0.4779370427131653,0.033707722595265915,80.0,51.74393844604492,7.981003631651402,1.0549415349960327,10.967841639280397,-0.0033356133813213077,0.7027805332057178,80.0,1825.4477542117054,3650.916246214747,221,0.2987053394317627,103.49885559082031,15.977210500836373,2.152132511138916,21.93157546720775
0.009111227467656136,-0.005140785448020324,-0.0174520593136549,0.005795105614214398,0.82813960313797,0.7477851077914238,0.6805387139320374,0.03696114533102233,80.0,16.25534439086914,3.4694285854697227,1.4175386428833008,2.5983907651947082,-0.0033667583721398837,0.7044839528091252,80.0,1825.448875620555,3650.9185853913873,222,0.2868826389312744,32.52348327636719,6.96409452855587,2.863018035888672,5.193614918078474
0.0010708663612604141,-0.0026811871211975813,-0.011894617229700089,0.002684157264958216,0.38961029052734375,0.3572289414703846,0.3048465847969055,0.016072569932310297,80.0,75.0173110961914,14.448437970876693,3.7328481674194336,14.042321792080042,-0.0034363651842286343,0.7005801273100078,80.0,1825.3410701337866,3650.7030355502216,223,0.3307459354400635,150.04129028320312,28.909382808208466,7.489982604980469,28.082382690796535
0.021287301555275917,-0.0017554589605424554,-0.01999669522047043,0.006744103375786062,0.8257733583450317,0.7320596970617771,0.6589655876159668,0.03460697702374172,80.0,39.93941116333008,6.807087832689286,2.2731966972351074,8.29700829751543,-0.003444258584611817,0.7001948442272841,80.0,1825.3757928871921,3650.7724891381117,224,0.3962247371673584,79.89302062988281,13.632327741384506,4.59609317779541,16.592616045145196
0.008503597229719162,-0.005526247195666656,-0.030133897438645363,0.007379502125986106,0.7029004096984863,0.6494492389261722,0.6035019159317017,0.019730022654579873,80.0,49.657196044921875,7.867357294261455,1.6957905292510986,10.498145816444568,-0.0035029249304498076,0.6992928307093679,80.0,1825.28312714475,3650.5872569439857,225,0.39967775344848633,99.32787322998047,15.758756166696548,3.43340802192688,20.99138621372927
0.007155429571866989,0.001079388230573386,-0.004466526210308075,0.0021997761290341498,0.6495779156684875,0.6170255996286869,0.5842658281326294,0.014805507156531202,80.0,16242.51171875,9022.256677246094,5428.5302734375,3052.600571108832,-0.003454967152472818,0.6977832209207117,80.0,1914.9110239379963,3829.842922094509,226,0.39579057693481445,32485.03515625,18044.523303222657,10857.06640625,6105.201580348873
0.0002481229603290558,-0.0001612915250007063,-0.0007539074867963791,0.00022523638943244064,0.4776090681552887,0.43785880506038666,0.3971530795097351,0.016558416524315996,80.0,33620.26953125,24254.945263671874,16508.92578125,3309.9387718400358,-0.003440876561187906,0.6942809316702188,80.0,2157.433778794829,4314.88832090868,227,0.39366865158081055,67240.546875,48509.89833984375,33017.859375,6619.8775436800715
0.0008893180638551712,-0.0002872179844416678,-0.0025519393384456635,0.0005555367844045476,0.7417523264884949,0.6656222067773342,0.600516676902771,0.022403757788372867,80.0,7354.45068359375,3241.3605995178223,909.095947265625,1432.5475359846034,-0.0033946432798693423,0.6947779810018837,80.0,2189.694706307921,4379.410093046293,228,0.3813440799713135,14708.9150390625,6482.735049438476,1818.20849609375,2865.0947376087943
0.004470866173505783,-0.00017944769642781467,-0.0031888745725154877,0.001279903193910681,0.6852323412895203,0.6730397820472718,0.6565717458724976,0.00584578434120161,80.0,959.3565063476562,460.56260776519775,130.63145446777344,160.95980716996766,-0.0033945134946843604,0.6965495516024529,80.0,2194.2613434186464,4388.54340243788,229,0.42461585998535156,1918.7265625,921.1390350341796,261.2785339355469,321.91986433645076
0.0063329292461276054,-0.0010891468729823828,-0.009793106466531754,0.002986005481559714,0.5829402208328247,0.5588282495737076,0.5183983445167542,0.012296294619950321,80.0,1066.1512451171875,382.80416107177734,108.25230407714844,233.85755174975878,-0.0033744036603020507,0.6959550581015645,80.0,2197.8922773832564,4395.805218265966,230,0.31948351860046387,2132.3134765625,765.6216777801513,216.51406860351562,467.71356463831734
0.01202315092086792,-0.003916832077084109,-0.020003169775009155,0.006034700350520584,0.5934450626373291,0.5504190549254417,0.5107232332229614,0.016717671971581537,80.0,196.66397094726562,52.20497105121613,14.529912948608398,40.64869726442594,-0.0033362798804300836,0.6919678073562681,80.0,2198.3803923291603,4396.7812921596915,231,0.28573131561279297,393.3387451171875,104.42878358364105,29.100122451782227,81.29385181744438
0.036725059151649475,-0.013829485734459013,-0.049225956201553345,0.016735943772109196,0.7807320356369019,0.680728679150343,0.611956000328064,0.04869219887096547,80.0,307.8284912109375,114.58948545455932,49.29555892944336,70.47940550808305,-0.003448049769795034,0.6919980488009752,80.0,2199.4838096554313,4398.988350941077,232,0.39789366722106934,615.6700439453125,229.2202428817749,98.67549133300781,140.94135268931754
0.01030268706381321,-0.002308248687768355,-0.013177968561649323,0.0037397165577575616,0.3241403102874756,0.27940244413912296,0.21360933780670166,0.018142137628507846,80.0,13.958954811096191,3.6122001349925994,1.286289930343628,2.884551679121638,-0.0037434478638460863,0.6899953656420112,80.0,2113.240823899213,4226.50292880036,233,0.4098165035247803,27.923381805419922,7.234604775905609,2.5793421268463135,5.767139003941185
0.04877924546599388,-8.30911099910736e-05,-0.01698581874370575,0.008668794685548984,0.346981942653656,0.2988879561424255,0.24934521317481995,0.01809102563379759,80.0,40.56981658935547,5.213254141807556,0.8598555326461792,8.509889923842708,-0.003744004327571019,0.6891925466172397,80.0,1846.4300466505917,3692.8813554193825,234,0.38222312927246094,81.14833068847656,10.432652136683464,1.7295925617218018,17.019613380869664
0.002430656924843788,1.1281331535428762e-05,-0.002992072142660618,0.0011641273553057458,0.3617371916770935,0.3302866529673338,0.2899038791656494,0.015749527840493747,80.0,246.19119262695312,106.35742411613464,50.04377746582031,41.65835846799357,-0.0037363087597768753,0.6852328974157572,80.0,1787.7965585443412,3575.6142849218695,235,0.330247163772583,492.38555908203125,212.72143230438232,100.10055541992188,83.31590656259974
0.002668634057044983,-0.0018051480990834534,-0.007551766932010651,0.002244753263497068,0.6036801338195801,0.5677407726645469,0.5215700268745422,0.01701613272601235,80.0,142.96583557128906,51.87438567876816,14.866344451904297,29.464782397644264,-0.003711291328480001,0.6826020023524761,80.0,1782.1551632009182,3564.331391508803,236,0.30585193634033203,285.9429931640625,103.76373524665833,29.758190155029297,58.92739051034915
0.016697559505701065,-0.0023843696690164506,-0.017742518335580826,0.005857706695539886,1.0431711673736572,0.9924038663506508,0.9534004926681519,0.017990983351334703,80.0,46.29146957397461,8.876303344964981,3.0523786544799805,8.172818765878691,-0.0037299640839919446,0.6867817665860058,80.0,1776.0068464423455,3552.0348789447994,237,0.36547136306762695,92.60224914550781,17.777223366498948,6.160490036010742,16.344146435122823
0.013370364904403687,-0.0030038871162105353,-0.014341974630951881,0.005318889076273576,0.7024707794189453,0.6427878044545651,0.565093994140625,0.03085490939722042,80.0,9.15197467803955,1.41187764108181,0.526597261428833,1.609702973660656,-0.003672283476684242,0.6852394217476251,80.0,1772.8199932844375,3545.66102641584,238,0.3869290351867676,18.316869735717773,2.8426188081502914,1.0678659677505493,3.218028463669819
0.014060454443097115,-0.003932376357261092,-0.021441182121634483,0.007458914712170282,0.7928717732429504,0.7163318768143654,0.6621657609939575,0.03391954460507998,80.0,12.862759590148926,3.3336442351341247,0.5638692378997803,2.6596789268910435,-0.0035313443427439774,0.683499791160226,80.0,1771.5284820857976,3543.0776873371756,239,0.4288756847381592,25.73976707458496,6.689479851722718,1.1531431674957275,5.315758414284675
0.018349019810557365,-0.0022546601947396995,-0.019582029432058334,0.006699592941276715,0.8967651724815369,0.8516893967986107,0.8113695383071899,0.01989020631237647,80.0,6.444638729095459,2.341452268511057,0.5114766955375671,1.2054808873115748,-0.0034060904743964783,0.6827113568857313,80.0,1771.2039825569498,3542.428422006071,240,0.3255269527435303,12.904279708862305,4.704447667300701,1.0218565464019775,2.408984985148437
0.027870582416653633,-0.0026421516784466805,-0.02334154024720192,0.008917682117783486,0.7854738235473633,0.7428489342331887,0.6859093308448792,0.018684545334059034,80.0,53.62700653076172,10.823280027508735,2.878784418106079,11.111151715386471,-0.003317970058822539,0.6811210816949606,80.0,1770.587581076305,3541.1954109954836,241,0.29764413833618164,107.2685775756836,21.66670122742653,5.788663864135742,22.219908447959636
0.007311602123081684,-0.0026647425314877183,-0.01688668504357338,0.0059136058296659945,0.7241033315658569,0.6935831032693386,0.6638472676277161,0.012563883995027078,80.0,173.0863800048828,34.70601048469543,10.210241317749023,38.49401086798364,-0.0033418433183687733,0.6827812132202089,80.0,1766.6401957027126,3533.300721171141,242,0.2695744037628174,346.18646240234375,69.43122279644012,20.422866821289062,76.98481341116252
0.041168462485075,-0.003098558774217963,-0.031573742628097534,0.010156139420691447,0.8785209059715271,0.8186371766030789,0.7571125626564026,0.02782203407887489,80.0,26.97496223449707,7.736496794223785,1.633833646774292,6.728970757004729,-0.003353580932074692,0.6815548607744275,80.0,1766.157824877303,3532.335978475362,243,0.22988533973693848,53.96541213989258,15.495563426613808,3.3014590740203857,13.45591606909447
0.0118933767080307,-0.003077569114975631,-0.019121553748846054,0.005385188549091598,0.6225591897964478,0.577339255809784,0.5096462368965149,0.021901019517677596,80.0,32.23637771606445,4.776810871064663,0.9835079908370972,6.021294726329775,-0.0033116274645435626,0.6812097365297377,80.0,1766.1740333902198,3532.3683046917618,244,0.3135185241699219,64.48372650146484,9.571323668956756,1.9783198833465576,12.039818950748538
0.018014103174209595,-0.005390188458841294,-0.022036142647266388,0.0066553460529459344,0.8856543302536011,0.842175068706274,0.7616173624992371,0.02644411067354065,80.0,9.966264724731445,2.699684915691614,0.711357057094574,1.5756807094800098,-0.0033368483245139946,0.6847038102969525,80.0,1766.1830442700716,3532.386446774497,245,0.3251607418060303,19.9571533203125,5.426993718743324,1.443315029144287,3.1490992304178937
0.01839226298034191,-0.002073990582721308,-0.02016829513013363,0.006748609731822366,0.48382508754730225,0.4432650875300169,0.3930201530456543,0.022249720490134912,80.0,24.859140396118164,3.8375717498362065,0.4321599304676056,5.588667959684196,-0.0033727366808452646,0.6814016366787256,80.0,1766.092945868041,3532.2062557019512,246,0.537299633026123,49.72712326049805,7.688156769424677,0.874871015548706,11.173725256003408
0.011943727731704712,-0.0033790042012697085,-0.021846482530236244,0.005236836812575341,0.46510249376296997,0.4175166808068752,0.36404144763946533,0.023007297413291095,80.0,56.9858512878418,9.680349245667458,2.130213499069214,10.248204138598773,-0.0033225491857447192,0.6777402429692446,80.0,1766.1736184631548,3532.3674272904022,247,0.32938289642333984,113.98062133789062,19.375806951522826,4.292868137359619,20.493444209152305
0.028932230547070503,-0.005584370356518775,-0.032746195793151855,0.009986802638455862,0.7318419218063354,0.6676122091710568,0.5989946126937866,0.02430554300442516,80.0,21.456533432006836,5.619306528568268,1.9632542133331299,3.6330661426876967,-0.0033124300482741086,0.6772981794066727,80.0,1766.108103017386,3532.2363673190703,248,0.3246645927429199,42.92580032348633,11.263133990764619,3.972476005554199,7.260432032043223
0.009920249693095684,-0.0006066015339456499,-0.009073762223124504,0.003376010189170017,0.6850676536560059,0.6579529993236065,0.6273379921913147,0.013354988962014265,80.0,908.2716064453125,259.370703125,66.70294189453125,155.73359162378347,-0.0033043620972603087,0.6776293995417655,80.0,1768.1712772278154,3536.3627062425244,249,0.45561861991882324,1816.55712890625,518.755781173706,133.4237060546875,311.4668075771939
0.0011403262615203857,8.587271149735898e-05,-0.0012577734887599945,0.0004751987386344948,0.6624534130096436,0.6385599836707115,0.6175981760025024,0.011523982881393998,80.0,17334.794921875,12601.029992675782,10098.2158203125,1625.120336718729,-0.0032205719726625826,0.6745441364012659,80.0,1894.1537166823261,3788.32735658022,250,0.25768327713012695,34669.6015625,25202.07265625,20196.4453125,3250.2405386262976
0.000438544899225235,-0.00012382519780658187,-0.0012423507869243622,0.0002819923250637607,0.5841891169548035,0.5294216610491276,0.4913405776023865,0.02068107756643396,80.0,28987.974609375,19790.35891113281,11424.236328125,3488.975443039649,-0.003197044282394927,0.6741523249782623,80.0,2091.9447112684957,4183.909299198828,251,0.28432250022888184,57975.9609375,39580.7294921875,22848.484375,6977.951085335843
0.0062539782375097275,-0.0008615639759227634,-0.014220859855413437,0.002704136227874299,0.7245783805847168,0.6949882052838803,0.6645865440368652,0.012864936852980641,80.0,2627.5224609375,870.9226154327392,343.52593994140625,486.36212365601165,-0.0031895864764810533,0.6733300379328431,80.0,2100.6220385539195,4201.263922269203,252,0.4233980178833008,5255.05859375,1741.86083984375,687.0630493164062,972.723254467818
0.0025260113179683685,-0.0010737513075582683,-0.007378323003649712,0.0018063495105403121,0.602095901966095,0.5677204690873623,0.5407818555831909,0.01253099352772009,80.0,617.2855834960938,179.5067726612091,40.45612716674805,123.44365458867962,-0.003179022703843657,0.6745058261677623,80.0,2102.34158365747,4204.703014904208,253,0.4261293411254883,1234.582763671875,359.02705125808717,80.92594909667969,246.88612433947026
0.010664079338312149,-0.001768087811069563,-0.015083132311701775,0.004592638314827183,0.42833471298217773,0.3915003053843975,0.3605417013168335,0.013427504779481373,80.0,366.9832458496094,175.27223725318908,40.87468338012695,72.41500164767045,-0.0031048559476621446,0.6715247387886047,80.0,2103.979261037674,4207.978161716588,254,0.39090704917907715,733.9747314453125,350.55584182739256,81.76226806640625,144.82864896851788
0.00381479412317276,-0.0037782486237119884,-0.021473294124007225,0.005232248795208237,0.5360278487205505,0.4789562702178955,0.4373622238636017,0.022371753044823254,80.0,597.0855102539062,138.87703473567962,28.658735275268555,145.38900332998975,-0.003109330367180519,0.6689751534461973,80.0,2105.326828197371,4210.673253971793,255,0.3768305778503418,1194.17919921875,277.7712029457092,57.35182189941406,290.77340166599083
0.016379108652472496,-0.0028003356303088365,-0.014391329139471054,0.004675939963338232,0.3708798885345459,0.32078520134091376,0.27715182304382324,0.018846761067771847,80.0,56.8616828918457,16.549024200439455,4.963913917541504,9.979427695498526,-0.003094571218185593,0.6659791630804538,80.0,2105.386107570541,4210.791723281421,256,0.38042616844177246,113.73080444335938,33.11006511449814,9.938096046447754,19.95773942091323
0.05933322012424469,-0.0039442325360141695,-0.025918202474713326,0.010676077462258684,0.36513328552246094,0.23853572737425566,0.16745993494987488,0.03728682341872557,80.0,24.74160385131836,3.970565578341484,1.174067497253418,4.689165484973931,-0.0032199027826427485,0.6633266351576893,80.0,1892.5815716491757,3785.1828456576545,257,0.3770139217376709,49.48735809326172,7.953790357708931,2.3545427322387695,9.376633105097767
0.024489138275384903,0.000823986646719277,-0.00966094434261322,0.006911176186558178,0.3339068293571472,0.28443187605589626,0.23543401062488556,0.018260590815269883,80.0,64.75933837890625,7.9429734498262405,1.8240530490875244,11.591817745808154,-0.003211241878103465,0.6599543502964079,80.0,1666.8070492352363,3333.6337230719405,258,0.3815436363220215,129.52410888671875,15.889987522363663,3.643001079559326,23.183147784562458
0.0020775385200977325,-0.0005136675667017698,-0.005105506628751755,0.0014225131440613508,0.4900335669517517,0.44026021994650366,0.3909059464931488,0.02057072710482372,80.0,550.2242431640625,186.4264446258545,71.19699096679688,101.53462634814132,-0.003210882788640447,0.6555967032685875,80.0,1653.2244658955449,3306.468468702205,259,0.38569045066833496,1100.457275390625,372.86272220611573,142.40347290039062,203.0680628642833
0.021928317844867706,-0.005317504986305721,-0.024448007345199585,0.008068807058863462,0.836754560470581,0.7853429012000561,0.7183711528778076,0.020999161872035176,80.0,51.09716033935547,12.298033106327058,3.3793606758117676,9.39273982096709,-0.003257869961176766,0.6566036422252656,80.0,1649.1976107974165,3298.414872628159,260,0.3883037567138672,102.20977783203125,24.62240782380104,6.803386211395264,18.781717780919713
0.007291189394891262,-0.0038967943517491223,-0.023675598204135895,0.005769630650357002,0.8462058901786804,0.8026896595954895,0.7375720739364624,0.02302102086145249,80.0,26.423612594604492,3.5290855944156645,1.1282384395599365,4.485274331672499,-0.0032785288017767016,0.656040031671524,80.0,1647.9400601208915,3295.899801332452,261,0.4113328456878662,52.86323547363281,7.082018473744393,2.2923316955566406,8.96724974729348
0.020526692271232605,-0.0010738172044511885,-0.017751265317201614,0.006323839174671863,0.6012881994247437,0.5090151436626911,0.428031325340271,0.03704713585617844,80.0,14.91870403289795,1.8281900946050882,0.4462950527667999,2.7830365817638176,-0.0032357439251791227,0.6534294776320457,80.0,1646.1721039170175,3292.363751146242,262,0.38307952880859375,29.847496032714844,3.6687081284821033,0.9157622456550598,5.5647636129823805
0.010859085246920586,-0.001464366086293012,-0.013766279444098473,0.005252672525834104,0.7815672159194946,0.7244609989225864,0.6610144972801208,0.027689759237723755,80.0,13.921890258789062,4.807376937568188,1.1297290325164795,2.353160269413685,-0.0031444324698240967,0.6514370773807167,80.0,1645.831897430837,3291.6831157002307,263,0.47560739517211914,27.858592987060547,9.632171779870987,2.2726223468780518,4.706908373298268
0.019764801487326622,-0.0010998906684108079,-0.017982572317123413,0.006611412601381268,0.7564513087272644,0.7124240636825562,0.6499924063682556,0.020601202610618777,80.0,11.064444541931152,2.2668161995708944,0.3957674205303192,1.94677607955835,-0.0030811496625829026,0.6493335454165936,80.0,1645.6770053362925,3291.3731628709065,264,0.31413769721984863,22.142412185668945,4.550080636888742,0.8158085942268372,3.8927441595404098
0.020393382757902145,-0.0023075139441061767,-0.027059335261583328,0.009143523469856077,0.7866398692131042,0.7559599138796329,0.7281103134155273,0.012164397010058229,80.0,34.03529357910156,8.283173066377639,2.29495906829834,6.781297316596086,-0.003040465010883054,0.6484075457006694,80.0,1645.2592957039553,3290.5376437177283,265,0.28952693939208984,68.08563995361328,16.586080259084703,4.5829315185546875,13.559928942751078
0.008675407618284225,-0.005101236031623557,-0.024583827704191208,0.005891522147987546,0.7444806694984436,0.6958655990660191,0.6570679545402527,0.02317571795337194,80.0,251.33673095703125,39.37966198921204,5.649074077606201,61.554399739235365,-0.003089456146961311,0.6493914836123587,80.0,1643.069004839488,3286.157179669581,266,0.25948548316955566,502.68670654296875,78.78344366550445,11.337575912475586,123.10415207822092
0.010708875954151154,-0.0037776346202008427,-0.018487006425857544,0.005791631546519903,0.7713475823402405,0.7127329990267753,0.6383662223815918,0.027248046182417784,80.0,9.92455005645752,1.4914602614939212,0.43421033024787903,1.9316387607144399,-0.0031270057947549506,0.6471115447580814,80.0,1642.9097465806758,3285.8386926503176,267,0.2613201141357422,19.86377716064453,3.004730448871851,0.8930226564407349,3.860588705287605
0.025024771690368652,-0.007193265261594206,-0.038194701075553894,0.011681851360553422,0.603273332118988,0.5435206402093172,0.47988295555114746,0.02868304576282171,80.0,54.043724060058594,8.84119084775448,1.9250669479370117,10.23192016240439,-0.0031504442974401177,0.6464198967926206,80.0,1642.9663201067003,3285.9518727461104,268,0.22506117820739746,108.09796142578125,17.70763855576515,3.847456932067871,20.457727937810358
0.003661796450614929,-0.0023947550100274382,-0.013819783926010132,0.0034575478955449915,0.5267174243927002,0.45325182043015955,0.3932216763496399,0.028744649547281932,80.0,13.9678373336792,1.7690023846924305,0.4517190456390381,2.2672034260868235,-0.003171931355871493,0.6465859770998358,80.0,1642.9695166151523,3285.9583120587695,269,0.24820232391357422,27.943565368652344,3.5518593169748782,0.9193648099899292,4.532566695259576
0.0079300906509161,-0.0030197815911378713,-0.01986326463520527,0.005027762445811949,0.47666656970977783,0.4257335294038057,0.3810431659221649,0.017469311136659015,80.0,100.93523406982422,15.547896832227707,4.240730285644531,19.476965718154442,-0.003131839658861281,0.6432670040912926,80.0,1643.0310834905652,3286.081299243474,270,0.2571547031402588,201.87847900390625,31.110347712039946,8.505168914794922,38.951332974164416
0.0076672472059726715,-0.005638093553716317,-0.020253881812095642,0.006182376041934966,0.9539023041725159,0.8959985807538032,0.8445565700531006,0.020947814853562993,80.0,32.997711181640625,9.582630425691605,4.065235137939453,6.743883258927598,-0.0031698080911010036,0.6451652820743621,80.0,1643.1190711656695,3286.2573884954386,271,0.2482130527496338,66.01180267333984,19.194456934928894,8.156328201293945,13.483162934672688
0.011230787262320518,-0.0024278231372591107,-0.02093910053372383,0.005100508042098421,0.7328803539276123,0.6985701158642769,0.6609383821487427,0.015757247209407108,80.0,2251.70751953125,748.002896118164,269.70037841796875,397.23331393459483,-0.0031689871460257564,0.6449821073375642,80.0,1650.4115865886695,3300.842414012068,272,0.2438499927520752,4503.4296875,1496.0246170043945,539.427001953125,794.4635184959769
0.0014696810394525528,-0.0007118086243281141,-0.0038663875311613083,0.001129852147577786,0.6844563484191895,0.6596043817698956,0.6301765441894531,0.011730924277335901,80.0,21555.869140625,17626.39792480469,15007.5029296875,1471.4216867896034,-0.003169722923834342,0.6441139820553363,80.0,1825.7540060332303,3651.5272258638074,273,0.23009037971496582,43111.75,35252.809350585936,30015.0234375,2942.8417903969657
0.0012332424521446228,-0.0002774961933027953,-0.002456448972225189,0.0005851294976359018,0.5374141335487366,0.49941333048045633,0.4467414319515228,0.018859904901308268,80.0,24557.150390625,16491.366284179687,11215.916015625,3249.5869423105446,-0.0031760004184325226,0.6413500382974743,80.0,1990.6313760991802,3981.281921843089,274,0.23988103866577148,49114.3125,32982.74296875,22431.84375,6499.173703727136
0.006789004430174828,-0.00047204645234160124,-0.010061081498861313,0.0022764458321710103,0.657102108001709,0.6375280469655991,0.6184637546539307,0.010556678289158081,80.0,1767.2513427734375,630.1928661346435,252.23016357421875,325.534451080481,-0.0031855234766844666,0.6416172072067857,80.0,1996.8446425957677,3993.7084792464075,275,0.2298743724822998,3534.515869140625,1260.3994289398192,504.4689636230469,651.0683248021608
0.0015110038220882416,-0.0003920049057342112,-0.00419575534760952,0.0010097707746960175,0.6296809315681458,0.6051019884645938,0.5813381671905518,0.009250738651888192,80.0,461.2295227050781,161.8484520435333,47.91380310058594,89.14318960052884,-0.003160193830321078,0.6417395184189081,80.0,1998.432138788469,3996.8834234204587,276,0.26111459732055664,922.4706420898438,323.7097903251648,95.84007263183594,178.285844812467
0.005062462761998177,-0.0008817397349048406,-0.006977211683988571,0.0022449722169021603,0.4092162549495697,0.37810743041336536,0.3376134932041168,0.012408526121324382,80.0,330.9272155761719,138.18737993240356,38.62929916381836,60.09822882939932,-0.0031109385117888454,0.6390847534947097,80.0,1999.6478118390216,3999.314617914587,277,0.39482879638671875,661.86328125,276.3840856552124,77.27182006835938,120.19584747895874
0.0003036186099052429,-0.004116179142147303,-0.02561584673821926,0.00540607307729228,0.41146039962768555,0.3852670319378376,0.35139894485473633,0.012286933377839402,80.0,960.2119140625,272.3370482444763,68.67768859863281,201.357391816317,-0.003069689260039013,0.633494892667979,80.0,2002.3045349014478,4004.6278697385483,278,0.39622044563293457,1920.4317626953125,544.6900337219238,137.36888122558594,402.7103256814008
0.053152889013290405,-0.013831074093468487,-0.04624297842383385,0.014610532961562577,0.4915808141231537,0.4514979861676693,0.3862093687057495,0.024310635306812912,80.0,114.77934265136719,53.106842803955075,27.4683780670166,18.401137712339594,-0.0031624805933679456,0.631353706177324,80.0,2002.8057969873773,4005.6305366755278,279,0.40823888778686523,229.57542419433594,106.25037832260132,54.96551513671875,36.797371884088996
0.02117805741727352,-0.013601084507536143,-0.033836472779512405,0.011782324784922792,0.388872891664505,0.3198245532810688,0.2731618881225586,0.025458503389099867,80.0,16.055503845214844,4.540149992704391,2.642669439315796,2.4913636429940618,-0.003308128037169809,0.6290653899796306,80.0,1795.7450661630855,3591.5093197047863,280,0.4143850803375244,32.116825103759766,9.11389862895012,5.350068092346191,4.972451599163361
0.011263944208621979,-0.0011005801963619888,-0.013948074541985989,0.004297489887457541,0.3499552309513092,0.3005898784846067,0.2587110996246338,0.020122143148008875,80.0,68.28218078613281,11.409535986185073,2.674687147140503,15.290595400420006,-0.0033182196476554964,0.6268193226978181,80.0,1536.5193510981428,3073.0578579332378,281,0.399899959564209,136.56991577148438,22.827284759283067,5.364282608032227,30.580099218468234
0.005007471889257431,-0.0005589940818026661,-0.00608239509165287,0.0020090479080899985,0.5144948363304138,0.4833598926663399,0.4329122304916382,0.017756555870501317,80.0,823.7222900390625,184.07442538738252,30.717283248901367,210.802662033236,-0.0033009716460073836,0.6222396698072553,80.0,1527.5446407278403,3055.1083110019717,282,0.261493444442749,1647.4547119140625,368.15963411331177,61.448211669921875,421.6048483125597
0.01502273790538311,-0.008157141099218279,-0.03311562165617943,0.010237689619843142,0.8519614934921265,0.8099333971738816,0.769689679145813,0.017825441244416287,80.0,27.072298049926758,7.823493850231171,2.3773927688598633,5.036983686837056,-0.003329475743375951,0.6225986984595656,80.0,1526.9819879097568,3053.983069553747,283,0.27049946784973145,54.16051483154297,15.679500597715379,4.837678909301758,10.066147725122141
0.019962750375270844,-0.004333151201717555,-0.018890634179115295,0.006909771164275331,0.7136389017105103,0.6357362635433674,0.5768201947212219,0.03007408302790087,80.0,17.9018611907959,3.801814265549183,1.495500087738037,3.333839451999446,-0.0033644672481750603,0.6226645786762237,80.0,1521.8137873844282,3043.646739876106,284,0.26998376846313477,35.8170166015625,7.6250095307827,3.036526918411255,6.664462455571476
0.04660334065556526,-0.0037821392295882108,-0.030017536133527756,0.011080799635886361,0.6789588332176208,0.5252447206526994,0.41492050886154175,0.05367545266681166,80.0,5.988299369812012,1.0102513626217842,0.28171011805534363,1.1159672056626937,-0.0033913914200675204,0.6208415508531033,80.0,1520.5861012723371,3041.1913850256574,285,0.3215301036834717,11.984920501708984,2.0385718904435635,0.617264986038208,2.228095578371266
0.019710922613739967,-0.00248149752151221,-0.024408217519521713,0.008813399418530557,0.7294421195983887,0.6332075633108616,0.5234546065330505,0.05461064557545153,80.0,66.3475570678711,8.893322552740575,1.8390017747879028,9.95644584918233,-0.0033092759382270746,0.6193512868024409,80.0,1520.6054667943793,3041.2299220325426,286,0.2755777835845947,132.70657348632812,17.804272177815438,3.6908457279205322,19.910665883070283
0.02983957901597023,-0.004144709336105734,-0.025426901876926422,0.008991784993137991,0.5625354051589966,0.5046759560704231,0.45585954189300537,0.02436490880697402,80.0,18.613344192504883,4.407015991210938,1.2891706228256226,3.2319807417242448,-0.0031709567109646742,0.6152978312782943,80.0,1520.5892249447782,3041.1970806250947,287,0.3839254379272461,37.23673629760742,8.832414874434471,2.627394199371338,6.460602444657333
0.016827914863824844,-0.003217881970340386,-0.014507586136460304,0.005455398597725737,0.7502504587173462,0.7237472869455814,0.6946958303451538,0.012214034511066495,80.0,67.52924346923828,12.969978868961334,2.6002562046051025,14.908076338605673,-0.0031384428050660064,0.6140166949294508,80.0,1520.5959363400418,3041.2104127614875,288,0.3811042308807373,135.07418823242188,25.960868144035338,5.217749118804932,29.813777178914332
0.015185751020908356,-0.008254304656293242,-0.03253459557890892,0.01036290661110232,0.8167721629142761,0.7664489045739173,0.7105139493942261,0.025466717588081705,80.0,122.83484649658203,22.42465728521347,3.2457456588745117,31.3269903008391,-0.0032278237627178896,0.6164948344416917,80.0,1519.0443464260773,3038.107461254098,289,0.41490626335144043,245.68441772460938,44.8811517894268,6.51749324798584,62.64544000699107
0.011313889175653458,-0.005042961216531694,-0.0207037553191185,0.007388435651187767,0.5978648066520691,0.5433937814086676,0.45254039764404297,0.02649408884217351,80.0,26.844764709472656,4.795393966883421,0.6560268402099609,5.748016091418778,-0.0032415769911312963,0.6141123314276338,80.0,1518.9859385217133,3037.9906253016675,290,0.42429065704345703,53.7003288269043,9.611741718649863,1.3587608337402344,11.491605473221552
0.017054231837391853,-0.0035324279335327445,-0.01987260766327381,0.006546961933504374,0.6917992830276489,0.589499082416296,0.5242545008659363,0.030356797791003677,80.0,18.316503524780273,4.077444571256637,1.1548243761062622,3.773124658901039,-0.0032298299940302965,0.6107301781922579,80.0,1518.9620926534535,3037.942842428275,291,0.40325212478637695,36.644325256347656,8.173743933439255,2.33219313621521,7.543003679764309
0.019978176802396774,-0.0010496836577658542,-0.013411875814199448,0.004774019207279171,0.3507767617702484,0.3035874804481864,0.2466515749692917,0.020518718375610326,80.0,56.78900146484375,8.37352421283722,2.032365083694458,10.147696291171968,-0.0032033724501525284,0.6081022078674286,80.0,1519.022096046433,3038.0627437397766,292,0.400684118270874,113.58435821533203,16.75521954894066,4.07759952545166,20.294831528146926
0.008609050884842873,-0.008079694595653563,-0.025198819115757942,0.008045302152118202,0.6539779305458069,0.6044324398040771,0.5432296395301819,0.021003752041127633,80.0,56.35255432128906,11.059787172079087,4.0273261070251465,11.037350738435402,-0.0032662789620953843,0.6070128608178347,80.0,1519.0488936666995,3038.1164430034087,293,0.41148948669433594,112.71524047851562,22.14782222509384,8.084972381591797,22.067439298506418
0.01280774362385273,-0.0029462040634825825,-0.017528338357806206,0.006019026107399261,0.7428697347640991,0.6796307489275932,0.6357145309448242,0.02320878958664094,80.0,75.71524047851562,11.150457799434662,2.003392219543457,15.227815214291356,-0.0031898418087075698,0.6061815330516547,80.0,1519.1513668730852,3038.321219914817,294,0.41125988960266113,151.44378662109375,22.320400577783584,4.006908416748047,30.452828621664402
0.04114056006073952,0.008015323954168707,-0.01754012331366539,0.011779862788535642,0.663884699344635,0.6371827505528926,0.6157495379447937,0.01019962919747026,80.0,19638.421875,10243.686096191406,6017.9052734375,3388.3757180034354,-0.0030813072690070832,0.6056125377323479,80.0,1621.4656310452817,3242.9495204528794,295,0.3132011890411377,39276.85546875,20487.36896972656,12035.810546875,6776.753038496067
0.0011243149638175964,2.4239940103143454e-05,-0.0006498172879219055,0.00032687556057356133,0.5325887799263,0.5002739936113357,0.44892823696136475,0.015885504896727257,80.0,23799.548828125,17689.144372558592,12304.2685546875,2558.2946806234645,-0.003071867123842821,0.604610551988706,80.0,1797.6178304101827,3595.2538866466507,296,0.23538494110107422,47599.109375,35378.29934082031,24608.546875,5116.58984883467
0.003747081384062767,-0.002197311632335186,-0.012700565159320831,0.002738857076112027,0.6744012832641602,0.6384821228682995,0.5704561471939087,0.021378005457408224,80.0,9046.6767578125,3507.2075370788575,937.5353393554688,1500.659625984424,-0.003007325876751565,0.6024177563097328,80.0,1832.6575639504495,3665.333181219808,297,0.3922145366668701,18093.3671875,7014.432281494141,1875.092041015625,3001.3197965213367
0.003286680206656456,-0.0004286855401005596,-0.0035792822018265724,0.0011726775043745703,0.6495329141616821,0.6059302717447281,0.5742356777191162,0.016209175358361978,80.0,1188.1065673828125,606.777029800415,284.16680908203125,156.46984320636173,-0.002993394572476973,0.6030468159224838,80.0,1838.6538488717229,3677.3257358050414,298,0.3462502956390381,2376.22509765625,1213.5670379638673,568.3508911132812,312.93935940092297
0.005195026285946369,-0.0005040417890995741,-0.005469333380460739,0.0017205059412324579,0.41750505566596985,0.37755200564861296,0.3388805389404297,0.01554712505979476,80.0,620.9656372070312,244.77281274795533,87.492919921875,117.16529836365619,-0.0029799033422750654,0.5991548305805772,80.0,1841.073242127061,3682.164417503871,299,0.25672054290771484,1241.938720703125,489.5541856765747,174.99356079101562,234.3301585866469
0.0043279752135276794,-0.0010948627023026347,-0.0071808891370892525,0.00217416102457628,0.407376229763031,0.3645444132387638,0.3259236514568329,0.014933128469790695,80.0,236.47860717773438,50.099556350708006,9.974820137023926,59.21683163774758,-0.002886727636810974,0.5976705103907733,80.0,1841.3792595112325,3682.7762362361323,300,0.23966240882873535,472.9638671875,100.20859360694885,19.97142791748047,118.43236749605813
0.00877116248011589,-0.009552272903965786,-0.030894409865140915,0.007418566109892727,0.4303090274333954,0.3901715651154518,0.3388103246688843,0.018680536690040397,80.0,193.33897399902344,81.18711061477661,43.59815216064453,33.144782583283686,-0.002919964969638386,0.5933326352704316,80.0,1842.079376522541,3684.176449968256,301,0.2717258930206299,386.6893310546875,162.40112829208374,87.21603393554688,66.28532468216044
0.0026398710906505585,-0.019627367513021455,-0.04206359386444092,0.011675382089313239,0.7102753520011902,0.6587387405335903,0.6136800050735474,0.02116193952531658,80.0,498.45513916015625,262.54784202575684,132.07281494140625,67.78441246238863,-0.0030985135746450392,0.5938463833946734,80.0,1844.6213113336416,3689.260686928845,302,0.2492542266845703,996.9186401367188,525.1481101989746,264.16156005859375,135.5619814713303
0.005703164264559746,-0.00898417792050168,-0.02531537041068077,0.006841593158167875,0.2523336410522461,0.20690347552299498,0.1710353046655655,0.01830294249158847,80.0,77.70113372802734,19.231055510044097,9.300463676452637,13.387826832276305,-0.0031789540910540375,0.5905043110419065,80.0,1732.6269634414764,3465.2720825699344,303,0.33460068702697754,155.40731811523438,38.48421742916107,18.633939743041992,26.769548598608036
0.003887556493282318,-0.001479202084010467,-0.009602176956832409,0.0026446131356624722,0.30227842926979065,0.26654331013560295,0.23004961013793945,0.013025259093886169,80.0,87.95220947265625,20.79013125896454,4.818192958831787,18.441064722162018,-0.003193512289100908,0.5892401898819952,80.0,1436.660145271644,2873.3384509958996,304,0.3199961185455322,175.90965270996094,41.588551580905914,9.655336380004883,36.88109234376702
0.0016907937824726105,-0.0004407361731864512,-0.0038124099373817444,0.0008379283716335727,0.6037026643753052,0.5454365283250808,0.4796661138534546,0.022540768222925393,80.0,101.61051940917969,47.30229272842407,22.12980842590332,15.120388218057188,-0.0031927757365774593,0.5872331916783006,80.0,1424.712245431289,2849.4426095423473,305,0.2627084255218506,203.2319793701172,94.61637496948242,44.27411651611328,30.240184342266055
-9.313225746154785e-09,-0.01715726194670424,-0.03570035099983215,0.008679558054423612,0.8565383553504944,0.8182458862662315,0.770275354385376,0.018772119692631106,80.0,23.94947052001953,9.0709317445755,4.955678462982178,3.6445653075919453,-0.0033579324420279586,0.587929270932451,80.0,1422.2087275949568,2844.4359180952083,306,0.269578218460083,47.91560363769531,18.192542946338655,9.974069595336914,7.279984499432568
0.011578744277358055,-0.001730428246082738,-0.013132350519299507,0.005472963554134439,0.5020349025726318,0.4156751237809658,0.309321790933609,0.04428290245521101,80.0,21.88705825805664,3.048079686611891,0.8639447689056396,4.073817449167308,-0.003362387690212927,0.5866549903992564,80.0,1417.9308931776657,2835.8802326372493,307,0.22437524795532227,43.7818603515625,6.107933734357357,1.762174367904663,8.147119171583574
0.022514084354043007,0.00025782175944186745,-0.014515645802021027,0.006730154531709987,0.5497821569442749,0.4484162237495184,0.3500179648399353,0.044545581960206575,80.0,32.09247589111328,5.986770085245371,0.8297480940818787,5.719194814250977,-0.003332470754903624,0.5837825490292161,80.0,1417.2829330846816,2834.584195165671,308,0.2608790397644043,64.19497680664062,11.981992836296559,1.6815413236618042,11.43817687744659
0.01905517652630806,-0.0030432937084697185,-0.02370680496096611,0.008562798961774839,0.6611857414245605,0.5381692364811897,0.40681272745132446,0.07307358962955274,80.0,14.65376091003418,2.695801079273224,0.4746243953704834,2.693582557351706,-0.003282314009193214,0.5821985976453871,80.0,1416.7393215002567,2833.496840000346,309,0.3074991703033447,29.317256927490234,5.408452097326517,0.9444963335990906,5.382522172104765
0.012913011014461517,-0.005343301146058366,-0.03191686049103737,0.008714548283820822,0.7366874814033508,0.6630195528268814,0.6127652525901794,0.02478699061255772,80.0,64.26799011230469,11.363523721694946,2.2664272785186768,14.857256973459327,-0.003273757244445732,0.5826519905757158,80.0,1416.8238101759105,2833.6658093052656,310,0.2919466495513916,128.54835510253906,22.750994384288788,4.542342185974121,29.70994452742448
0.012646840885281563,-0.002239966910565272,-0.019261499866843224,0.007285601433885692,0.6777397394180298,0.651177179068327,0.6296308040618896,0.010923086309744518,80.0,138.0258026123047,23.23577925860882,3.861135721206665,30.664536889763983,-0.0032662477223057065,0.5835060144644231,80.0,1416.9769803043753,2833.9721516263335,311,0.2569565773010254,276.06500244140625,46.48906211853027,7.736852645874023,61.32605937647703
0.01855544000864029,-0.0026222232554573566,-0.019067607820034027,0.006323614768768274,0.6627368927001953,0.5977839000523091,0.5244956016540527,0.02936876497996471,80.0,11.888044357299805,1.7199194099754096,0.4470199644565582,2.3977594146906465,-0.003271338366597774,0.5844157030787318,80.0,1415.0439586475304,2830.1061367214547,312,0.23817968368530273,23.787227630615234,3.457038984447718,0.9052618741989136,4.793243869561118
0.01862773299217224,-0.00035421064822003243,-0.011437628418207169,0.005353703240147455,0.46829432249069214,0.3800625130534172,0.29856443405151367,0.03419997152858657,80.0,32.64406204223633,6.64732865691185,1.6819127798080444,5.9226313198734815,-0.003214253047408419,0.581686364306137,80.0,1415.0285298435952,2830.0751103568,313,0.2511470317840576,65.29496002197266,13.302966979146003,3.3650734424591064,11.84615151161425
0.031537629663944244,0.00750463901204057,-0.010637469589710236,0.010585004417444822,0.35759133100509644,0.22174196373671293,0.10779926180839539,0.07882392542047416,80.0,21.658132553100586,3.4155952177941797,0.7501097917556763,4.12474125782084,-0.0030868943951063554,0.5746591315381228,80.0,1414.984647780735,2829.9869509694795,314,0.24884414672851562,43.31471633911133,6.820615980029106,1.5029096603393555,8.244985454654909
0.020258881151676178,-0.003321156115271151,-0.02373398095369339,0.009286737631360302,0.6872518062591553,0.6310183353722095,0.5885610580444336,0.022658216069448144,80.0,230.22793579101562,48.17745627164841,14.114445686340332,44.32757085265572,-0.0031027366909111152,0.5751455718912183,80.0,1415.4521007674005,2830.921898369528,315,0.24947881698608398,460.4682922363281,96.3741765499115,28.245521545410156,88.64883403333582
0.005354776047170162,-0.009740648220758884,-0.03060242161154747,0.006918234274965874,0.7260262370109558,0.662104943394661,0.5933979749679565,0.02491630379674364,80.0,87.19452667236328,37.318124902248385,15.512839317321777,14.101897374998178,-0.003123141707983451,0.574428769711405,80.0,1415.7721033614691,2831.56193002624,316,0.24870538711547852,174.41046142578125,74.6689727306366,31.085346221923828,28.199605398681864
0.011119378730654716,-0.0007863972918130457,-0.010279631242156029,0.003859195144109352,0.6847517490386963,0.654420568048954,0.6147229671478271,0.013490839808789606,80.0,16775.701171875,9805.796392822265,6455.20068359375,2374.407076932093,-0.003087041123319068,0.5724343101494014,80.0,1513.8233096897081,3027.66423192957,317,0.42734718322753906,33551.4140625,19611.607580566408,12910.431640625,4748.813163017176
0.0006164992228150368,-0.0001628973870538175,-0.0016794521361589432,0.0004321381980296638,0.5351854562759399,0.5091884020715952,0.4755765497684479,0.012921630338064184,80.0,24484.0703125,18733.234252929688,13650.099609375,2140.7927844852993,-0.0031194922302238415,0.5699428653568028,80.0,1701.054916527279,3402.127471305758,318,0.4209146499633789,48968.15234375,37466.480078125,27300.2109375,4281.585545181305
0.007162559777498245,-0.0007288598455488682,-0.007812974974513054,0.0023447350818359817,0.6167272925376892,0.5733956091105938,0.53400719165802,0.01753651141651283,80.0,9235.388671875,4692.5038589477535,1093.690185546875,1766.3606616267502,-0.00311012759541336,0.568400376945734,80.0,1747.5291621036604,3495.0759130696365,319,0.42231059074401855,18470.7890625,9385.02066345215,2187.402587890625,3532.7208938397453
0.006007865071296692,-0.0014005761593580246,-0.012843390926718712,0.003481761460710968,0.6960510015487671,0.6638715796172618,0.6292818784713745,0.01571079768295551,80.0,1099.8919677734375,589.7302402496338,265.8126220703125,172.1531709276506,-0.003067560156792752,0.567091151624918,80.0,1753.4098976525959,3506.837272775382,320,0.42180323600769043,2199.796875,1179.4765518188476,531.6380615234375,344.3054863407353
0.006307885050773621,-0.0005301614874042571,-0.01214282400906086,0.003198004613363549,0.5370817184448242,0.4955129805952311,0.4494939148426056,0.016826233877433584,80.0,970.1234130859375,318.8473503112793,86.70729064941406,180.35824100885714,-0.0030506453963316743,0.5666662785373628,80.0,1756.5185611193924,3513.054557391107,321,0.3956642150878906,1940.25634765625,637.7056720733642,173.41973876953125,360.7163394729657
0.038456082344055176,-0.005234074435429647,-0.0293983593583107,0.010950562185207032,0.43245136737823486,0.36417867466807363,0.30901050567626953,0.029749131978446915,80.0,86.93353271484375,20.57427051067352,4.755134582519531,19.311399826479256,-0.0030515782862057684,0.5628302142061293,80.0,1756.6896095386444,3513.396579370946,322,0.43367815017700195,173.87576293945312,41.16629251241684,9.519783020019531,38.61952758065575
0.004100041463971138,-0.0012686604342889041,-0.008653327822685242,0.0023394518853794093,0.3784339427947998,0.34788127839565275,0.32237207889556885,0.01338933515598244,80.0,1956.1695556640625,705.7901006698609,252.4926300048828,399.77230733703396,-0.003037453019336681,0.562736737575382,80.0,1763.6030261656344,3527.223382500261,323,0.4404568672180176,3912.345947265625,1411.589695739746,504.99609375,799.5428247553579
7.818080484867096e-05,-0.0039370952930767086,-0.015786975622177124,0.0036965080558798652,0.3607982397079468,0.32235880866646766,0.2978479862213135,0.015041346587994138,80.0,2530.15087890625,747.0848247528077,327.46630859375,550.6647854262259,-0.003059269382662024,0.5586397286914289,80.0,1771.0058035348356,3542.028899120003,324,0.44189953804016113,5060.30810546875,1494.1839897155762,654.958251953125,1101.325473751286
0.0009593237191438675,-0.007884033117443323,-0.027565181255340576,0.006274300159925629,0.41862326860427856,0.3282556481659412,0.2781578004360199,0.03097088041129522,80.0,212.5277099609375,98.42068023681641,53.00273132324219,36.08810692644526,-0.003082847241879791,0.5554277927838266,80.0,1771.9113367642613,3543.8399484973847,325,0.4452672004699707,425.0653076171875,196.8636939048767,106.04052734375,72.16853084110066
0.0023561418056488037,-0.0018805178464390338,-0.011458020657300949,0.002812535968086081,0.5291687250137329,0.48953733742237093,0.4329519271850586,0.02143390450724672,80.0,394.563232421875,117.99732165336609,41.33555603027344,76.58340800348275,-0.003112446302649915,0.5541529101617634,80.0,1682.8687432083339,3365.754797417254,326,0.4112560749053955,789.1334838867188,236.00819520950319,82.68397521972656,153.16515424223059
0.01844320259988308,-0.0044466304418165235,-0.019268304109573364,0.005637317597480043,0.807198166847229,0.7484128847718239,0.6823360919952393,0.026108385300278397,80.0,198.9604949951172,39.243824088573454,8.178610801696777,32.51149730693337,-0.0031552996918180736,0.5572584509588778,80.0,1440.7117288125012,2881.440929114908,327,0.3982963562011719,397.9347839355469,78.51150960922241,16.384939193725586,65.01808755655003
0.010572806000709534,-0.005829212156822905,-0.024483393877744675,0.007718268634125401,0.7220759391784668,0.6487373545765877,0.572616457939148,0.028540175958513735,80.0,124.26173400878906,20.599133104085922,6.7939863204956055,23.527961072789243,-0.003210719633541885,0.5570896024368703,80.0,1408.5041141483632,2817.025807614058,328,0.5476691722869873,248.5382080078125,41.22289935350418,13.611307144165039,47.052281456268545
0.020457599312067032,-0.008903000375721604,-0.030253540724515915,0.008909610477343734,0.32025301456451416,0.25598034709692,0.20218485593795776,0.025416210564408747,80.0,9.630404472351074,1.4530595332384109,0.513600766658783,1.6524444037507486,-0.0032979551603348235,0.5529190080873668,80.0,1403.9130186660436,2807.8437077105195,329,0.43141651153564453,19.266929626464844,2.9290446802973746,1.0724767446517944,3.2993545670571667
0.011660936288535595,-0.0019363821018487215,-0.01774713583290577,0.004848884335573006,0.5743948221206665,0.5144660081714392,0.4480593204498291,0.02584865718177401,80.0,45.0819091796875,8.73664506971836,1.6342215538024902,7.6083485542075,-0.0033064275126234864,0.5524753856733441,80.0,1400.1723435060235,2800.3623654530797,330,0.42997074127197266,90.17347717285156,17.48745203614235,3.3034987449645996,15.21494216472293
0.04601287841796875,-0.0013934327056631447,-0.022472849115729332,0.010183173400220664,0.5248024463653564,0.42373279593884944,0.3628653883934021,0.02889377881831537,80.0,35.9467887878418,7.417761600017547,2.003772258758545,7.039686474175789,-0.0032811935189092766,0.5512085230834782,80.0,1399.7244714115118,2799.4665454640235,331,0.3776986598968506,71.90184020996094,14.846784678101539,3.9260146617889404,14.078783700735242
0.010326642543077469,-0.005077414482366293,-0.01760898157954216,0.00618394149719272,0.7277623414993286,0.6865922823548317,0.643131673336029,0.017702652667519764,80.0,97.38623046875,34.7952224612236,12.537224769592285,18.303161075269273,-0.0031936728063883496,0.551267159115523,80.0,1398.9265287815779,2797.8704863481375,332,0.30156636238098145,194.78170776367188,69.61433129310608,25.09934425354004,36.60277244837247
0.022581137716770172,-0.004244369501248002,-0.025611182674765587,0.007118631661423961,0.7259473204612732,0.6727341555058957,0.6342432498931885,0.01764510035097755,80.0,104.57544708251953,20.899597734212875,2.774503469467163,25.70618297501138,-0.003213034014523146,0.5552004762291908,80.0,1399.0994027575705,2798.21635168831,333,0.4244356155395508,209.1653594970703,41.821138793230055,5.575075626373291,51.408321042117706
0.007886547595262527,-0.0014584955701138825,-0.012339957058429718,0.004172657947250853,0.5457846522331238,0.46446649022400377,0.3994836211204529,0.030390168030978257,80.0,19.619373321533203,4.729762096703053,1.0542067289352417,3.5234674497285416,-0.0032267880591243746,0.5568562615700066,80.0,1399.0945678371195,2798.206742472545,334,0.43527722358703613,39.24787902832031,9.471730560064316,2.132269859313965,7.045689618761302
0.022452350705862045,3.216166514903307e-05,-0.015058271586894989,0.006410290232321409,0.5988346338272095,0.5247867852449417,0.4032107889652252,0.04770347481568297,80.0,17.273651123046875,4.256359922140836,0.5908140540122986,3.265343433111196,-0.003226579255788239,0.5588012628927826,80.0,1398.0735571951795,2796.164759661362,335,0.42343902587890625,34.55966567993164,8.523151186108588,1.1760162115097046,6.530484595393706
0.015401497483253479,-0.00040577928302809596,-0.013256410136818886,0.005746455254515875,0.3148494064807892,0.2660501191392541,0.2151334285736084,0.021912173395698318,80.0,49.54460525512695,8.914858390390872,1.8785265684127808,11.235398338004995,-0.003212585567627685,0.5557843563575298,80.0,1397.6439619222956,2795.305480801717,336,0.3897817134857178,99.09352111816406,17.8358492821455,3.7594239711761475,22.467469342707535
0.009969916194677353,-0.005418255092808977,-0.020465541630983353,0.005976584453743037,0.6996280550956726,0.6157038182020187,0.5406736135482788,0.029177752904646758,80.0,42.64606475830078,8.616808694601058,2.9990615844726562,7.411398513922693,-0.0032429244218656096,0.5520173558760435,80.0,1397.6413669757924,2795.300276248589,337,0.38437318801879883,85.3045654296875,17.256768053770067,6.010652542114258,14.819241010009128
0.028074104338884354,-0.002328776498325169,-0.02854173816740513,0.011180484118702712,0.8263558745384216,0.7417160861194134,0.681696891784668,0.03733831143349712,80.0,145.5917510986328,15.442405565083027,1.7968980073928833,24.587537303857978,-0.003236173315686756,0.5530066386926918,80.0,1397.7816722550322,2795.58089309065,338,0.3770468235015869,291.198486328125,30.904303014278412,3.6344833374023438,49.16819416085977
0.0074882181361317635,-0.003015115240123123,-0.018185649067163467,0.004965370246867203,0.7052170038223267,0.6866995714604854,0.6655540466308594,0.00915624608875011,80.0,22168.078125,11697.427667236328,7426.4169921875,3570.1217613167723,-0.0032270007045153764,0.5527103156391531,80.0,1514.7226124850442,3029.4627496349067,339,0.3949704170227051,44336.171875,23394.875134277343,14852.8623046875,7140.242182705491
0.0019772816449403763,-0.0004628809401765466,-0.003951661288738251,0.0010428827819568276,0.6314744353294373,0.5755412131547928,0.534949541091919,0.01662489214410243,80.0,23379.431640625,17082.57257080078,12243.6220703125,2499.3977087639723,-0.0032090829119697443,0.549948833802715,80.0,1685.5249236703667,3371.0672815742496,340,0.3863539695739746,46758.875,34165.15764160156,24487.255859375,4998.794859695794
0.0019547203555703163,-0.0008078163082245737,-0.005289889872074127,0.0017642754629278298,0.8961855173110962,0.8510637387633324,0.7894313335418701,0.021037632045841942,80.0,5837.11669921875,2424.6380084991456,391.8238220214844,1214.3545789381528,-0.0031907395582675235,0.5510309818480164,80.0,1709.663070955083,3419.343561217249,341,0.4162423610687256,11674.24609375,4849.294665527344,783.669677734375,2428.707943293873
0.014975368976593018,-0.006826444499893114,-0.02366279810667038,0.008405451181985973,0.933815598487854,0.8832598343491554,0.8345069885253906,0.019604770284645516,80.0,542.8529052734375,268.67611637115476,113.19806671142578,90.632813628331,-0.0032323565779515773,0.5529277491588145,80.0,1712.0027720139476,3424.023084531963,342,0.4147965908050537,1085.7242431640625,537.3835542678833,226.4497528076172,181.25944025654744
0.0028413990512490273,-0.0019002418674062937,-0.011767731979489326,0.003342602763986422,0.5450554490089417,0.48008524589240553,0.4211210012435913,0.02811278158272948,80.0,775.177734375,250.8444577217102,45.466941833496094,125.97331533898998,-0.003220373408883461,0.5495422298517078,80.0,1714.433851623222,3428.885152083427,343,0.40966081619262695,1550.3653564453125,501.702318572998,90.95045471191406,251.94459305280907
0.031165771186351776,-0.002831823530141264,-0.02196883037686348,0.00707998105200587,0.5946582555770874,0.5259951543062925,0.4703940451145172,0.026118497438409046,80.0,146.66598510742188,37.73528007268906,11.517748832702637,30.73425046254211,-0.0032179159530351174,0.5490287888366729,80.0,1714.7634363152383,3429.5443062817158,344,0.5185303688049316,293.3440246582031,75.48674349784851,23.06356430053711,61.46664027247749
0.006517200730741024,-0.005557371908798814,-0.02359791100025177,0.005565616630942347,0.3739956021308899,0.3327410686761141,0.28371936082839966,0.015967600292746263,80.0,309.07696533203125,87.96865091323852,41.18408203125,55.04338699921209,-0.0032195877875346923,0.5439344488363712,80.0,1715.616125975214,3431.249587072373,345,0.40674257278442383,618.1648559570312,175.95507278442383,82.368896484375,110.0821683920968
0.004498600959777832,-0.014463901694398373,-0.041867151856422424,0.009729718140918105,0.6813480854034424,0.6394823379814625,0.5780205130577087,0.02438071627775998,80.0,1556.9227294921875,491.3615537643433,166.88760375976562,335.2966554428217,-0.003343486898651463,0.5458966213408858,80.0,1720.4913657953593,3441.000353739999,346,0.39832091331481934,3113.8583984375,982.7648235321045,333.85516357421875,670.5814238267071
0.01523585058748722,-0.012033541279379278,-0.038661327213048935,0.009482560132098635,0.37209174036979675,0.329771738871932,0.26020199060440063,0.022057631901246308,80.0,114.89300537109375,37.21671713590622,8.850296020507812,18.1331861317479,-0.0034300322694325587,0.5450191719215364,80.0,1720.7667294742614,3441.551236637376,347,0.3936455249786377,229.79541015625,74.46409668922425,17.74962615966797,36.264123464083916
0.0218264888972044,-0.004287363216280937,-0.023116562515497208,0.006835881156436369,0.318103551864624,0.2662342110648751,0.23097223043441772,0.02032351295097442,80.0,39.88441848754883,8.554369223117828,2.566215991973877,8.418072835223068,-0.00341706219803018,0.5410053919404746,80.0,1720.7960801012075,3441.609831675612,348,0.51603102684021,79.77476501464844,17.122637814283372,5.151368141174316,16.83241332957782
0.0016549769788980484,-6.737809162586928e-05,-0.0034578032791614532,0.0009450080117179278,0.5306171178817749,0.47196944393217566,0.41708481311798096,0.02393291411971465,80.0,389.0710754394531,115.96045289039611,44.27989959716797,83.95108320316587,-0.0034116699636069824,0.5391455563865601,80.0,1719.3619775988614,3438.7415786667684,349,0.5364212989807129,778.150634765625,231.93048028945924,88.57659912109375,167.90181330514162
0.007653914391994476,-0.007745420874562115,-0.02605689875781536,0.007804427850071202,0.7535802125930786,0.7022579811513424,0.6357814073562622,0.023529020198381014,80.0,50.081085205078125,13.81488665342331,5.552102088928223,10.547352541048806,-0.0034899828994675777,0.5397825363613665,80.0,1593.4898265386375,3186.9974451963526,350,0.3937642574310303,100.17544555664062,27.659309208393097,11.142013549804688,21.088684924810963
0.01570126786828041,-0.002202270302223042,-0.020633138716220856,0.00708344392374261,0.6640625596046448,0.5752760663628578,0.47819042205810547,0.041734067175579766,80.0,24.814197540283203,5.326911199092865,1.2106868028640747,3.9950390164838505,-0.0035107673505117413,0.5402410804145038,80.0,1395.6395065393,2791.296847600065,351,0.38767027854919434,49.63795852661133,10.669732558727265,2.4295759201049805,7.985045969780642
0.024164807051420212,-0.0040405173815088345,-0.023052755743265152,0.007951466578365134,0.4134184718132019,0.3589591447263956,0.2930559515953064,0.023624132445334126,80.0,10.601972579956055,2.191719049960375,0.5082249045372009,1.9683892479552236,-0.0035425568845676024,0.536880789808929,80.0,1386.9521975754722,2773.9222261847776,352,0.3213350772857666,21.21042251586914,4.398698315024376,1.0249230861663818,3.9345744403402323
0.012100841850042343,-0.00039339298964478073,-0.010127946734428406,0.003764549793773507,0.5437740683555603,0.4492910783737898,0.3630343973636627,0.037278732657676096,80.0,6.854587078094482,2.3877184920012953,0.6571260094642639,1.1521100598926441,-0.003535753301388468,0.5356964959017932,80.0,1385.1810070337804,2770.379807767935,353,0.2920191287994385,13.718167304992676,4.785209573805332,1.3298099040985107,2.3029005590285436
0.033909909427165985,-0.004405160312307999,-0.032328683882951736,0.011576739194429003,0.5687373876571655,0.49621760472655296,0.43830108642578125,0.027753324254171114,80.0,92.6992416381836,16.259314274787904,2.0351250171661377,21.939804661911513,-0.0035621240264008523,0.5367436688952147,80.0,1383.5908778039966,2767.1996229816154,354,0.4084126949310303,185.40469360351562,32.53736319541931,4.119076728820801,43.876142987346576
0.009247122332453728,-0.004881046194350347,-0.025081072002649307,0.006565912668639562,0.7571423053741455,0.7112934678792954,0.6434305310249329,0.02331027776203899,80.0,196.4285888671875,29.08039312362671,4.696661472320557,40.353398332902145,-0.0035731520021072367,0.5390670408718288,80.0,1382.492911387876,2765.0037586923318,355,0.5271697044372559,392.87054443359375,58.184774017333986,9.428977012634277,80.70233532887241
0.004795299842953682,-0.0028520020830910655,-0.013911191374063492,0.004103541245119989,0.7073400020599365,0.6506273865699768,0.5789555907249451,0.026497492016210655,80.0,28.758848190307617,6.63161626458168,1.6825721263885498,5.388443104672732,-0.0035736686666350582,0.5423654627241195,80.0,1382.393737308517,2764.8054775329306,356,0.38270020484924316,57.5294189453125,13.281949174404144,3.379730224609375,10.774526824662567
0.01111039612442255,-0.002207033766899258,-0.021306656301021576,0.005787381953955551,0.4715278446674347,0.4159029137343168,0.32747310400009155,0.0275156009788589,80.0,41.253028869628906,7.096018888056278,1.5732675790786743,8.00704158220901,-0.003556296678943908,0.54413913458772,80.0,1382.4249918416142,2764.86798732806,357,0.3862721920013428,82.513916015625,14.204769870638847,3.1414759159088135,16.01208431979422
0.042986124753952026,-0.00071785370237194,-0.015280547551810741,0.008651607926735484,0.589178204536438,0.4671430792659521,0.3564547598361969,0.05001194238309937,80.0,24.002765655517578,3.874790121614933,0.5007750988006592,4.576801918831263,-0.0035717150824348207,0.5459662466198205,80.0,1382.3843100083322,2764.78669104085,358,0.38079094886779785,48.013465881347656,7.760358801484108,1.0362250804901123,9.149877930164898
0.009672978892922401,-0.0031066273630131038,-0.015660878270864487,0.0060047080702754505,0.39214539527893066,0.35147823579609394,0.30292484164237976,0.01730461057520892,80.0,47.08998489379883,12.862888377904891,4.367705345153809,9.31529574042413,-0.003597644680397934,0.5450784267783164,80.0,1380.6486744458532,2761.3154540160667,359,0.4093284606933594,94.1873779296875,25.73901972770691,8.764339447021484,18.62779090973819
0.004998285323381424,-0.006804624141659587,-0.02110026776790619,0.006823455087757344,0.7176380753517151,0.6769176356494426,0.6309052109718323,0.018058748176409702,80.0,46.90504837036133,10.526934945583344,3.387575387954712,9.13226483115045,-0.0036125158719514726,0.5439941741228104,80.0,1380.630963464245,2761.280040115035,360,0.40183258056640625,93.82384490966797,21.08101772069931,6.816440582275391,18.258650298209957
0.058638207614421844,0.013860194192966446,-0.008633201941847801,0.01773891913971223,0.7118622064590454,0.6842139132320881,0.6476277709007263,0.013601884203889006,80.0,16278.373046875,10426.794104003906,6802.40869140625,1877.3152576617442,-0.0034349459865043175,0.5428094166591764,80.0,1484.86361364834,2969.7449615074465,361,0.5068917274475098,32556.7578125,20853.574157714844,13604.8359375,3754.6246774434667
0.0010774806141853333,-0.0005106733704451471,-0.0027371179312467575,0.0007469332019025417,0.5327748656272888,0.4957338523119688,0.4629729092121124,0.015067574115491074,80.0,32918.6953125,26673.524975585937,21116.087890625,2233.991181814944,-0.0034293145481642568,0.5426766037456692,80.0,1751.5805815032531,3503.178886730849,362,0.4145388603210449,65837.3984375,53347.06123046875,42232.1875,4467.982059203586
0.0067034512758255005,-0.0011808746785391122,-0.010341057553887367,0.0026293696534638693,0.7821622490882874,0.7272975623607636,0.6727643013000488,0.02140659850538907,80.0,11577.5625,6932.957904052734,3426.00634765625,1878.4109249555424,-0.0034264796340867177,0.542704969380051,80.0,1820.8620867744048,3641.741891673207,363,0.4081418514251709,23155.138671875,13865.932666015626,6852.0302734375,3756.821480539573
0.008607223629951477,-0.0014028733130544424,-0.014055423438549042,0.003689234012445926,0.7317215204238892,0.6657023407518864,0.6051397323608398,0.023055836900477508,80.0,627.6754150390625,319.5182912826538,177.94566345214844,93.97912237870314,-0.003429509460533154,0.5422377521507442,80.0,1824.0346015252355,3648.0869178977837,364,0.5649073123931885,1255.363525390625,639.0527030944825,355.93408203125,187.9562936833529
0.002037685364484787,-0.0016539483563974499,-0.009598471224308014,0.002269547521491129,0.5325538516044617,0.4854877036064863,0.43000146746635437,0.020264370027462852,80.0,595.0438842773438,202.2746395111084,54.183143615722656,110.52306382072568,-0.003422973804656067,0.5395330300480127,80.0,1825.974516189683,3651.966680031441,365,0.40381574630737305,1190.0970458984375,404.56229362487795,108.3758316040039,221.04513655309822
0.004295114427804947,-0.011900964681990445,-0.03626752272248268,0.010237252880271405,0.5738663673400879,0.5283844482153655,0.48420941829681396,0.022617972726907697,80.0,257.0486145019531,97.18882570266723,36.7840461730957,53.34370466089179,-0.0034909710911597354,0.5378582185395061,80.0,1826.5526078268178,3653.1229657968506,366,0.4009113311767578,514.1085205078125,194.41202020645142,73.594970703125,106.6763334632848
0.011401509866118431,-0.010902008839184418,-0.03852587565779686,0.010026958577175808,0.5844754576683044,0.47005649097263813,0.3766762614250183,0.06181680708461644,80.0,293.918701171875,123.24169578552247,40.72040557861328,51.21796802048534,-0.0035622148333495714,0.5354314534589648,80.0,1827.7701101820578,3655.558064462706,367,0.39949560165405273,587.8465576171875,246.51459703445434,81.46943664550781,102.42963558865176
0.01149076409637928,-0.0047886748856399205,-0.02027786709368229,0.0063055076113185775,0.5460631847381592,0.4526424564421177,0.3583703637123108,0.04322434936504609,80.0,25.422868728637695,4.408116343617439,2.306661367416382,3.1971548596915182,-0.0035381689295900286,0.5345226716212929,80.0,1827.7257794370164,3655.4693367053715,368,0.4119853973388672,50.85596466064453,8.834862822294236,4.602685451507568,6.393159263156563
0.013416508212685585,-0.008364835527027025,-0.021819021552801132,0.006999114086057404,0.391537606716156,0.32613679207861423,0.2504640221595764,0.029240962903354588,80.0,16.693561553955078,3.958621568977833,1.8342649936676025,2.8039710618365716,-0.0035978697347600246,0.5332515213377773,80.0,1827.7476756288595,3655.513223067887,369,0.43987131118774414,33.394187927246094,7.94049556851387,3.7025904655456543,5.6030582461444505
0.006065137684345245,-0.0010686306282877921,-0.010501964017748833,0.0032358604935164435,0.4812188148498535,0.42832086570560934,0.3707059621810913,0.02446095591095542,80.0,158.5885467529297,47.41448163986206,18.121274948120117,22.260327527157926,-0.0035783582251315243,0.5332773947007954,80.0,1828.0663414769358,3656.1505162620615,370,0.4160137176513672,317.1861877441406,94.8396671295166,36.25647735595703,44.51919321720092
0.0016945656388998032,-0.00113179573090747,-0.005663551390171051,0.0014024796674364918,0.6291583776473999,0.5676005750894546,0.489929735660553,0.025671028668211686,80.0,121.70406341552734,61.71239109039307,24.18926429748535,18.120585838607333,-0.003533295246903436,0.529993414644152,80.0,1828.5876390835829,3657.1929556725095,371,0.38503599166870117,243.41946411132812,123.43839797973632,48.39970397949219,36.24008264632939
0.012560423463582993,-0.004950898338574916,-0.022818133234977722,0.008157944687074354,0.8486915826797485,0.800792072713375,0.755120038986206,0.021402146840560816,80.0,12.437885284423828,5.062978684902191,2.067957878112793,2.124587737844713,-0.003558525998916594,0.531015634212643,80.0,1821.1582399092504,3642.3342282527756,372,0.34385204315185547,24.891578674316406,10.151875030994415,4.166339874267578,4.2468843615465195
0.01482316479086876,-0.00016250263433903456,-0.013698039576411247,0.006274692967903507,0.6107038259506226,0.5092419277876615,0.43052342534065247,0.04119998103555006,80.0,7.609986782073975,1.3779629956930877,0.4483436644077301,1.4307044680340326,-0.003553032939016703,0.5295120096728206,80.0,1644.9080402911602,3289.8337991054054,373,0.2658264636993408,15.230452537536621,2.7664358489215375,0.9091786742210388,2.861064139734358
0.03551836684346199,-0.004278208722826094,-0.02703450433909893,0.01176012948109301,0.6400601863861084,0.5806005701422692,0.5170171856880188,0.025815661620690433,80.0,17.631616592407227,4.605393221229315,0.3996960520744324,3.740159580050903,-0.0035930400643119365,0.5303238820694387,80.0,1480.0404313815757,2960.0986789663875,374,0.3836219310760498,35.288330078125,9.230954848229885,0.844962477684021,7.479861882458689
0.01455916091799736,0.0019286680791992695,-0.014880599454045296,0.006533432032403461,0.6346204280853271,0.5521741140633821,0.4606502652168274,0.039133566475415854,80.0,35.50008773803711,9.196067440509797,2.499516725540161,6.42233462442036,-0.003569032918996527,0.5294703427404166,80.0,1473.8304633946345,2947.6786778876035,375,0.2760012149810791,71.00065612792969,18.399321061372756,5.032126426696777,12.844053455774686
0.012740317732095718,-0.000830862473230809,-0.011424276977777481,0.00643235497861486,0.737257719039917,0.6977845877408981,0.6480169296264648,0.020092180515648872,80.0,249.29498291015625,35.16074149012566,7.55460262298584,45.11167388807502,-0.0035734214946714932,0.5303971687331795,80.0,1472.5635862891004,2945.1449509821377,376,0.33915162086486816,498.606201171875,70.33709977865219,15.117728233337402,90.21996265342369
0.02530120685696602,-0.0015040306781884283,-0.019957058131694794,0.006506513118406893,0.774350643157959,0.7218444533646107,0.6651802062988281,0.02343307692217961,80.0,55.497337341308594,9.544183880090714,2.443016290664673,11.391972218738793,-0.003579644404104329,0.5338345389626921,80.0,1471.2771543285771,2942.572168253645,377,0.33652496337890625,111.00753784179688,19.105812805891038,4.904279708862305,22.78248406766007
0.011218307539820671,-0.004116717982105911,-0.025350507348775864,0.007118307723128635,0.5859142541885376,0.49797235801815987,0.4387477934360504,0.0264254082025699,80.0,70.45866394042969,11.191206675767898,1.512830376625061,14.928047459991527,-0.003579649792503915,0.5349615922234953,80.0,1468.66569591289,2937.349273980096,378,0.26059556007385254,140.9261474609375,22.400606366991997,3.0315072536468506,29.852066290625682
0.0028785131871700287,-0.0064662987948395315,-0.019755225628614426,0.005321987288394786,0.5611603856086731,0.5051897335797548,0.4549090266227722,0.02392934350340114,80.0,53.76945877075195,20.56188369989395,9.234027862548828,9.33629061370123,-0.0035060020395176255,0.535498509697616,80.0,1468.34024632185,2936.6982382325677,379,0.36258840560913086,107.55014038085938,41.146803569793704,18.493358612060547,18.670471746898645
0.022096674889326096,-0.004597165307495743,-0.022348370403051376,0.008678126112327706,0.4840294122695923,0.43949446491897104,0.38937169313430786,0.02015724318593604,80.0,140.10906982421875,29.600062668323517,8.67557144165039,26.107652793379337,-0.0034159628475172216,0.5366952088139951,80.0,1468.5908454486062,2937.199280341879,380,0.38367128372192383,280.227783203125,59.21810956001282,17.359298706054688,52.21165340428968
0.0032295025885105133,-0.014445103786420077,-0.033522285521030426,0.008760320318536827,0.7911956310272217,0.7567713424563408,0.7087451815605164,0.015547593322966288,80.0,321.7695007324219,147.66868238449098,76.2259292602539,50.43437075237358,-0.0035494080834178017,0.5412570234537124,80.0,1469.953436912589,2939.9248213828355,381,0.30590295791625977,643.5564575195312,295.38138885498046,152.5335693359375,100.85679327566325
0.0007392615079879761,-0.0003511902061291039,-0.0019509680569171906,0.0005993861906607526,0.7229543328285217,0.6894234664738178,0.6693450212478638,0.011398304496871957,80.0,27157.623046875,20097.557958984376,15395.5458984375,2769.6974799274903,-0.003547330044661066,0.5433176591917873,80.0,1669.0882722485587,3338.1945353444376,382,0.38167476654052734,54315.2578125,40195.131030273435,30791.10546875,5539.394203021865
0.003229975700378418,-0.0011016797798220068,-0.008925698697566986,0.0018245029618841919,0.6136924624443054,0.5788189552724361,0.5413912534713745,0.011902963585557813,80.0,31642.041015625,24532.623901367188,19708.4375,2488.5872319314312,-0.003476775431467104,0.5410065147727728,80.0,1914.336276323728,3828.6903560611163,383,0.32697343826293945,63284.1015625,49065.26157226563,39416.88671875,4977.17471195544
0.00325644388794899,-0.002740141696995124,-0.01277514360845089,0.00354221831597318,0.90201735496521,0.864840267598629,0.8279023170471191,0.017208717246444266,80.0,7533.50048828125,2584.648260498047,373.4342041015625,1355.8904655529288,-0.0034608453364198795,0.5432975548133254,80.0,1940.144740786053,3880.307299149707,384,0.343367338180542,15067.0263671875,5169.319318389893,746.8948364257812,2711.7808623176084
0.005406096577644348,-0.0022673745756037534,-0.014574337750673294,0.003465499806432478,0.7740716934204102,0.7179935827851296,0.6841974258422852,0.018763055702044836,80.0,947.4422607421875,422.44658012390136,218.0054473876953,156.09612614635134,-0.0034456976898800343,0.5452250434346497,80.0,1944.359104073666,3888.7360339790507,385,0.35693955421447754,1894.8988037109375,844.912054824829,436.0452880859375,312.1896753293145
0.004333082586526871,-0.0014027530036401004,-0.012994661927223206,0.0026884835794275296,0.7237659692764282,0.6820021897554398,0.6151322722434998,0.021333707065528233,80.0,563.6334838867188,139.80749397277833,39.853397369384766,83.0399345886368,-0.0034349102447013137,0.5457129896990955,80.0,1945.6682457878665,3891.3543055940495,386,0.3327453136444092,1127.28076171875,279.63143367767333,79.72956085205078,166.0787496842739
0.012126363813877106,-0.006509567581815645,-0.02734062261879444,0.008357144916016832,0.44347649812698364,0.3736229263246059,0.3267936706542969,0.02696506576206582,80.0,172.3102569580078,68.21627540588379,17.420183181762695,36.08241112668794,-0.0034585588271584134,0.5444024594016372,80.0,1946.306338382013,3892.6305118699,387,0.41031885147094727,344.6263427734375,136.4530424594879,34.84465026855469,72.16136893578327
0.017248069867491722,-0.004529769299551845,-0.019128134474158287,0.0062799446946374725,0.5753710865974426,0.5207842532545328,0.4558642506599426,0.022870954551721393,80.0,174.36985778808594,33.823376989364625,10.409417152404785,37.095005948311204,-0.0034716777004505277,0.5423728290647268,80.0,1946.5148723632176,3893.0475654792717,388,0.42446446418762207,348.75054931640625,67.66622908115387,20.838973999023438,74.18638958552832
0.016433026641607285,-0.004323142144130543,-0.018956169486045837,0.006484524022225168,0.4748201370239258,0.40895142406225204,0.34944429993629456,0.02543122762937521,80.0,22.645448684692383,6.546707941591739,1.9707216024398804,4.5758315971533134,-0.0034323660753289007,0.5387978542596101,80.0,1946.3560928697814,3892.729856372588,389,0.40187811851501465,45.300437927246094,13.110241121053695,3.917240619659424,9.150227694470336
0.005112774670124054,-0.0059614471218083056,-0.014935150742530823,0.004556889867374598,0.40131813287734985,0.33804192766547203,0.281477689743042,0.023375061951926752,80.0,6.069035530090332,2.2358372449874877,1.2417571544647217,1.0796260899549792,-0.0034415509343816665,0.5367443357221782,80.0,1946.3304973025622,3892.678642538004,390,0.293424129486084,12.14538288116455,4.490358260273934,2.5044057369232178,2.1558172583586552
0.008591309189796448,-0.004054954554885626,-0.018287064507603645,0.005175317873461454,0.27901554107666016,0.18397204028442501,0.12323952466249466,0.03533872155687974,80.0,13.44789981842041,2.081562729179859,0.787912905216217,2.1767953123040917,-0.0034467762005951953,0.5326890653008595,80.0,1946.3105384841413,3892.6386542468144,391,0.40625929832458496,26.89987564086914,4.174914814531803,1.6000041961669922,4.349998307653921
0.012427282519638538,0.00020197395351715386,-0.00816819816827774,0.0035142575192301847,0.5153753757476807,0.4785634964704514,0.4426632523536682,0.01809234992039152,80.0,269.1812744140625,48.06415503025055,15.878376007080078,41.16506610523462,-0.0034342596244823654,0.5344388254610821,80.0,1946.707444792315,3893.432476824112,392,0.33922839164733887,538.372314453125,96.13747727870941,31.77330207824707,82.32926306197182
0.004399508237838745,-0.0012482498510507866,-0.006456736475229263,0.001962103506348172,0.7343772649765015,0.6772223144769669,0.6262490749359131,0.020988170128533736,80.0,121.26148223876953,53.541850566864014,21.04408836364746,24.194660827031534,-0.003365945177036337,0.535166724207811,80.0,1947.132265426263,3894.2819960226498,393,0.256990909576416,242.53610229492188,107.09974207878113,42.109352111816406,48.387693689310154
0.01562628149986267,-0.007638194406172261,-0.0297064371407032,0.009326217809472273,0.8873281478881836,0.8466709740459919,0.7827726602554321,0.0220629239748393,80.0,13.897686004638672,5.8778895199298855,1.5934722423553467,2.4635578826542885,-0.0034128650804632343,0.536837126458995,80.0,1947.079539743468,3894.176671905287,394,0.2584719657897949,27.812320709228516,11.787988841533661,3.238896369934082,4.9226565605005606
0.018987078219652176,-0.0021892080490943044,-0.011389467865228653,0.004816344253907338,0.634101152420044,0.5627098962664604,0.4927560091018677,0.027370656290602872,80.0,18.93125343322754,4.293887750804425,1.5861209630966187,2.9442551275152837,-0.0035149104004958635,0.5360923979161306,80.0,1844.6856176590622,3689.389016289182,395,0.33583807945251465,37.87397003173828,8.60340811610222,3.1842458248138428,5.886993169959409
0.013720029965043068,-0.000724992499453947,-0.015093740075826645,0.005777455742037322,0.6383519768714905,0.5354934893548489,0.4287962317466736,0.043100359362846334,80.0,14.806805610656738,3.2930563896894456,0.573719322681427,2.2755701810524864,-0.0035224027248914346,0.5364445928735659,80.0,1667.8271044973735,3335.6720056070913,396,0.39742612838745117,29.624267578125,6.59827261120081,1.1662938594818115,4.549644053124655
0.012437944300472736,-0.0013296405726578087,-0.019456587731838226,0.004890426323854802,0.5582807660102844,0.4947490610182285,0.43175604939460754,0.03121017925757537,80.0,106.20092010498047,18.196152579784393,3.521855354309082,19.065627288988484,-0.0035137260142946614,0.5350072622550651,80.0,1632.9369906523827,3265.891731387459,397,0.35823607444763184,212.40670776367188,36.40485953092575,7.046322822570801,38.12942488457246
0.009751822799444199,-0.003897422115551308,-0.015515055507421494,0.005054298864024589,0.7578624486923218,0.7221549302339554,0.6770492792129517,0.01580698334720124,80.0,134.9344482421875,27.603035271167755,8.907807350158691,28.50773628484323,-0.0035484133800491695,0.5361695088399574,80.0,1627.14525070709,3254.3083440965042,398,0.3883955478668213,269.884521484375,55.228308868408206,17.853145599365234,57.01310291572686
0.02113022655248642,-0.0012199710472486913,-0.023737553507089615,0.008447965949706046,0.7970201969146729,0.7538586042821407,0.6980562806129456,0.0221052538177881,80.0,41.89265441894531,6.700797618925572,1.2988232374191284,7.297939995910748,-0.0035555726726306607,0.5399325748262926,80.0,1624.7645305557996,3249.546993362598,399,0.3916606903076172,83.79977416992188,13.419112285971641,2.6386258602142334,14.594329149470601
0.0126559529453516,-0.0022543985105585307,-0.015905724838376045,0.005605992050256324,0.5821598172187805,0.5114676177501678,0.4532458186149597,0.028680757136632994,80.0,61.592411041259766,12.12027003467083,3.2023043632507324,12.252558515293844,-0.0035671680307132196,0.5414018068714068,80.0,1624.3847376926394,3248.787460208527,400,0.32816100120544434,123.19285583496094,24.255278199911118,6.421778678894043,24.50354922757773
0.012596411630511284,-0.0024050469684880225,-0.01218932680785656,0.004616854886593403,0.6875711679458618,0.6025393046438694,0.5432936549186707,0.026907601121181065,80.0,65.40230560302734,13.455431014299393,3.1460461616516113,11.508590630883859,-0.003495695771358442,0.543525484266691,80.0,1623.7074208966346,3247.4327261568233,401,0.36411476135253906,130.81698608398438,26.927723121643066,6.2926435470581055,23.014486525103724
0.01324634999036789,-0.004897789069218561,-0.029381046071648598,0.00737464247505536,0.4808177947998047,0.427170691639185,0.3827839195728302,0.018190193007734324,80.0,94.05987548828125,14.593313711881638,4.537631988525391,16.99547972656114,-0.0033483999869204123,0.541209803777747,80.0,1621.2278756134956,3242.4732947153966,402,0.36214709281921387,188.12796020507812,29.204966056346894,9.107980728149414,33.98687715003016
0.008197737857699394,-0.0065588427009060975,-0.021515902131795883,0.007011801498014647,0.7962018251419067,0.7358717083930969,0.6934581995010376,0.02628818845648499,80.0,222.45420837402344,51.98802254199982,18.59489631652832,34.400249105293526,-0.003324146634724457,0.5464994861064479,80.0,1621.5554452838155,3243.1284913470668,403,0.3513755798339844,444.9223937988281,104.00388059616088,37.201805114746094,68.79555247660325
0.001497635617852211,-0.0007318178948480635,-0.005298108793795109,0.001281563211631406,0.662496030330658,0.6465831592679023,0.6249502897262573,0.008364675853302604,80.0,32584.166015625,22895.855224609375,18154.478515625,2816.1359481413533,-0.0033166727928328333,0.5502998845977709,80.0,1850.3060962173195,3700.6298426476637,404,0.3876655101776123,65168.34375,45791.72368164062,36308.96875,5632.271588951718
0.0016738064587116241,-0.0004286231473088264,-0.0033532120287418365,0.0009720230554611202,0.5100191831588745,0.48958929888904096,0.4629579782485962,0.011337529653689995,80.0,29685.994140625,23375.62600097656,17594.958984375,2485.795482342494,-0.0033165516625740573,0.5497414123034104,80.0,2083.5893332998007,4167.196303409688,405,0.39307498931884766,59372.0,46751.262451171875,35189.9296875,4971.5909124441605
0.016654007136821747,-0.003275944525375962,-0.020337272435426712,0.007129594445034079,0.5931123495101929,0.5385335389524698,0.49499377608299255,0.017701750846281703,80.0,3255.22119140625,1230.6728448867798,124.33753967285156,780.7300973374495,-0.003177738488360774,0.546944288830273,80.0,2095.805352431223,4191.6280083513175,406,0.39101147651672363,6510.45654296875,2461.363037109375,248.697021484375,1561.4612119611045
0.006101205945014954,-0.001966076216194779,-0.012270515784621239,0.00326828872416343,0.6081345081329346,0.566546019166708,0.5177586674690247,0.018895735995797257,80.0,586.1052856445312,301.0619462966919,190.913818359375,74.96327995094668,-0.003180094968061894,0.5484529977841304,80.0,2098.7854910973238,4197.588320558318,407,0.42809486389160156,1172.2215576171875,602.1391544342041,381.8389587402344,149.92639525364987
0.006197365000844002,-0.0019584496272727846,-0.009133215062320232,0.002998835356737689,0.557976484298706,0.5294137179851532,0.4981113076210022,0.013287895135413015,80.0,793.9165649414062,208.17626323699952,66.66016387939453,127.95718407277533,-0.0032022576819290406,0.5492629727264866,80.0,2100.8073860288414,4201.632170958094,408,0.4097440242767334,1587.843505859375,416.3670328140259,133.3426055908203,255.91272143685185
0.00893455371260643,-0.0016002445947378874,-0.012473350390791893,0.003505395826204432,0.3889111280441284,0.3338200967758894,0.28255489468574524,0.019942842344633768,80.0,76.82786560058594,13.643260964751244,3.087163209915161,15.716136380585258,-0.003187827190791722,0.5472194813294335,80.0,2100.9168606276958,4201.851050425843,409,0.4900829792022705,153.66238403320312,27.29639887213707,6.185392379760742,31.431049955537564
0.009320542216300964,-0.0006167063838802278,-0.009798804298043251,0.0029123550597483536,0.3840647041797638,0.3495778262615204,0.29932552576065063,0.01655004337183141,80.0,88.13636779785156,14.903993129730225,2.405947685241699,17.429822768147694,-0.003140561243169941,0.54408506406378,80.0,2100.9522653217764,4201.921702595069,410,0.41364479064941406,176.27896118164062,29.816211307048796,4.8218231201171875,34.85896090992625
0.010782311670482159,-0.0042894715094007555,-0.019247638061642647,0.006261285944878408,0.47303757071495056,0.3986583027988672,0.3222646713256836,0.03243411398178129,80.0,8.003161430358887,1.9975861370563508,1.0813249349594116,1.039606406626098,-0.0031610562891582956,0.5415598753010854,80.0,2100.7398833905604,4201.496929217801,411,0.4056985378265381,16.014678955078125,4.011724391579628,2.183295249938965,2.0760352686390204
0.01494264230132103,-0.0035802813421469183,-0.017758136615157127,0.005698662276708013,0.408044695854187,0.3204364240169525,0.24693605303764343,0.038182094987536025,80.0,12.051115036010742,2.6372830629348756,1.2850202322006226,2.1076616768403937,-0.0031706368700251913,0.5387864005407319,80.0,2100.7490570270907,4201.515240181871,412,0.39659690856933594,24.099685668945312,5.28813539147377,2.587364673614502,4.210696814097317
0.009756922721862793,-0.0018806752283126115,-0.014021310955286026,0.0039052953022074475,0.4753246307373047,0.42329564355313776,0.3733646869659424,0.0190014242267497,80.0,47.7132453918457,14.242039102315903,4.890761852264404,6.688914099970492,-0.003185901515826117,0.539218731845729,80.0,2100.825004131544,4201.667173566498,413,0.3895235061645508,95.430419921875,28.496305441856386,9.785099029541016,13.376229217231572
0.008895570412278175,-0.0015327890287153423,-0.011563466861844063,0.003417363467909537,0.7316148281097412,0.677303696423769,0.6329749822616577,0.02070905352415311,80.0,98.83057403564453,43.74979102611542,21.291643142700195,16.0738075645936,-0.0032762757962336766,0.5437743491725996,80.0,2101.2283460896274,4202.474129344411,414,0.38808321952819824,197.67462158203125,87.51619377136231,42.61278533935547,32.14653353714976
0.009893141686916351,-0.0025758125178981573,-0.013073794543743134,0.004760957220494012,0.8504877686500549,0.8201297760009766,0.7663719058036804,0.013840840729901539,80.0,15.859395027160645,5.299815535545349,1.5292425155639648,2.7393590656905213,-0.0032688223602599462,0.5456654635788872,80.0,2100.799569682267,4201.616599431135,415,0.3354990482330322,31.73497200012207,10.621185222268105,3.082005739212036,5.477346858633281
0.01645449921488762,-0.0030989319318905474,-0.026543907821178436,0.008036232503475496,0.8031800985336304,0.7661977559328079,0.7110541462898254,0.01736953670741248,80.0,12.227685928344727,1.8343377403914929,0.7092868089675903,2.126841623283486,-0.003202405197371263,0.5467063917042687,80.0,2100.4447318106477,4200.9068116767185,416,0.26078128814697266,24.471040725708008,3.6901972889900208,1.45025634765625,4.250368074151832
0.023950491100549698,-0.006382163416128605,-0.025862067937850952,0.010995399910676622,0.6298186779022217,0.5862845912575722,0.5218455195426941,0.022383342282305364,80.0,28.72679328918457,6.557495698332787,1.548843502998352,4.918738132721707,-0.003258362858614419,0.5460250319363549,80.0,2002.4523428394086,4004.922130685486,417,0.29227757453918457,57.465919494628906,13.139481443166733,3.1300368309020996,9.835549008750041
0.015157340094447136,-0.009167540649650618,-0.028399638831615448,0.009061418656863435,0.7502297759056091,0.6922128461301327,0.6290303468704224,0.02739116974796073,80.0,34.58818054199219,7.905056743323803,1.1634784936904907,7.562011930277427,-0.0033484092912403874,0.5478552763769403,80.0,1815.199050877545,3630.415752832063,418,0.2913374900817871,69.20088195800781,15.842292782664298,2.3914895057678223,15.118293769759477
0.007590934634208679,-0.004579892993206158,-0.018044330179691315,0.005952651096670912,0.7636644244194031,0.7286268174648285,0.6907137632369995,0.017378334804887333,80.0,112.97710418701172,20.74077663421631,6.231782913208008,24.06742663339188,-0.00338691962271696,0.5494075884604827,80.0,1768.4814200544095,3536.9805990526747,419,0.2989022731781006,225.96875,41.505285513401034,12.495946884155273,48.13116973049213
0.01911470666527748,-0.003840915794717148,-0.01827964559197426,0.006466645567172191,0.7787542939186096,0.6904122114181519,0.6339336633682251,0.029584597123125316,80.0,72.86198425292969,9.839914700388908,0.9229010343551636,14.211283353751643,-0.003411323019070551,0.5496729947784914,80.0,1762.6825167989175,3525.382846729688,420,0.2964596748352051,145.73825073242188,19.701319520175456,1.8771947622299194,28.419806117591335
0.018520396202802658,-0.0024744126829318704,-0.028263621032238007,0.007572353432313451,0.7120516300201416,0.6096882380545139,0.5399417877197266,0.041498318064930075,80.0,43.304534912109375,10.191244670748711,1.0961049795150757,10.084140048325976,-0.0034307655310258267,0.5508147473530843,80.0,1759.595955742512,3519.209786327325,421,0.34013795852661133,86.61649322509766,20.399631837010382,2.2352285385131836,20.164458093144912
0.011861578561365604,-0.002912439190549776,-0.018950261175632477,0.006310863362329626,0.7857156991958618,0.7506341628730298,0.7090533971786499,0.017648301059771283,80.0,41.08568572998047,7.470345585048198,1.5664533376693726,8.139343960292415,-0.0034075491785770283,0.554679302235134,80.0,1759.464916493256,3518.947738689296,422,0.3837282657623291,82.18817901611328,14.96152870953083,3.185401439666748,16.277253711793204
0.023242542520165443,-0.0036883618333376942,-0.02478114515542984,0.008997713822300617,0.5107434988021851,0.4570235498249531,0.39484572410583496,0.028545101684894075,80.0,66.76822662353516,9.77720410823822,2.6171987056732178,12.551998231050234,-0.0034317461925675156,0.5557707249494269,80.0,1752.5047875276393,3505.0275509855674,423,0.3819236755371094,133.5445556640625,19.57092536687851,5.279393672943115,25.100203587988485
0.01798316091299057,-0.0058492715761531144,-0.03389681875705719,0.010591023002139452,0.6541293263435364,0.595888851583004,0.5422869920730591,0.02544013231628831,80.0,39.45848083496094,7.105232366919518,2.0554099082946777,7.863345345864379,-0.0034508679553982803,0.5585060253785923,80.0,1745.1049916037803,3490.2280518987695,424,0.38626575469970703,78.92884826660156,14.234081035852432,4.14481258392334,15.720359889262367
0.010252201929688454,-0.00018697360064834356,-0.009945500642061234,0.003988530155536628,0.6080037355422974,0.5653180904686451,0.5435972213745117,0.011513933702207605,80.0,10286.982421875,7091.003070068359,4336.92138671875,1271.4161744838775,-0.0033738973602303306,0.5608766498016193,80.0,1815.0308155020962,3630.079593548588,425,0.38103437423706055,20573.9765625,14182.017858886718,8673.8603515625,2542.831383175715
0.0077531784772872925,-0.002341327629983425,-0.010773852467536926,0.003830424790704407,0.507434606552124,0.4779146496206522,0.448763370513916,0.012417144200957875,80.0,37126.91015625,32348.770361328126,27266.43359375,2010.4794203082013,-0.003378505458065774,0.5607604229236022,80.0,2137.338545898843,4274.695044799618,426,0.39049553871154785,74253.828125,64697.5533203125,54532.875,4020.956002907404
0.012808026745915413,-0.0009691547485999763,-0.013895615004003048,0.005107038287683159,0.4840277433395386,0.44943567700684073,0.42174696922302246,0.01144895909858053,80.0,16074.890625,9026.136614990235,4645.341796875,2370.555183497352,-0.0033437307011336087,0.5577706508459523,80.0,2227.2074738078604,4454.432774185948,427,0.3822629451751709,32149.79296875,18052.284448242186,9290.693359375,4741.110092521295
0.002114802598953247,-0.0012570200196933001,-0.009691789746284485,0.0018237967254261355,0.4830811619758606,0.42544204778969286,0.3678893446922302,0.01922818811637802,80.0,832.6172485351562,329.5484954833984,133.369384765625,122.29301459219018,-0.003298008779762313,0.5555376977780834,80.0,2230.2969674316537,4460.611625343017,428,0.3773376941680908,1665.243408203125,659.1080150604248,266.7453308105469,244.58525701766135
0.007332704029977322,-0.004208665958140045,-0.019845955073833466,0.005909462117187666,0.6051324605941772,0.5673968024551869,0.5244134664535522,0.016353182958672323,80.0,609.0108032226562,157.07273321151735,41.0678596496582,120.23626870896459,-0.0032510654355864975,0.558651862331666,80.0,2231.8531641684363,4463.723987238056,429,0.3680598735809326,1218.0328369140625,314.16523418426516,82.1607666015625,240.46906388285436
0.010594584047794342,-0.00200215220102109,-0.013301178812980652,0.003832168450215677,0.3238298296928406,0.2837947476655245,0.25633561611175537,0.01470402151314987,80.0,350.38983154296875,122.02846112251282,28.095945358276367,64.0667264234171,-0.003251723136578221,0.5563451497266069,80.0,2232.986082328964,4465.989778743333,430,0.3622095584869385,700.7857666015625,244.06660256385803,56.218109130859375,128.13079218522805
0.013583101332187653,-0.004437392111867666,-0.02137363702058792,0.005786064173440589,0.3174673914909363,0.2539407702162862,0.2212623655796051,0.017937877221633817,80.0,123.89906311035156,18.96072710752487,4.132277965545654,26.853314189997427,-0.003282162730640266,0.5546472294693813,80.0,2233.1015119840395,4466.22066497723,431,0.39775848388671875,247.80352783203125,37.93540806770325,8.26909065246582,53.70317165424311
0.011575830169022083,-0.0082206996565219,-0.023180373013019562,0.007233095786732853,0.371570348739624,0.2614178277552128,0.14790496230125427,0.04806368450448312,80.0,2.7118000984191895,1.4744996100664138,0.9610884189605713,0.36719718074036495,-0.0033135955823818224,0.5503954849233851,80.0,2232.7683047555274,4465.554228354133,432,0.3864281177520752,5.430875778198242,2.970668983459473,1.9381091594696045,0.7322606021989007
0.005258889868855476,-0.010141669475706295,-0.029381053522229195,0.008515152123027205,0.3370257019996643,0.2701831726357341,0.21945977210998535,0.032299470716576614,80.0,9.119144439697266,2.9991892874240875,1.3279407024383545,1.4804722055483512,-0.0033725685821264046,0.5463699750946834,80.0,2232.58930067106,4465.19625762207,433,0.3879849910736084,18.242687225341797,6.024065586924553,2.682542085647583,2.9504360620052883
0.019358929246664047,0.00019248577882535756,-0.013023827224969864,0.0065547943901156,0.3075028955936432,0.2705823989585042,0.22988927364349365,0.01817421370135121,80.0,217.1608428955078,28.917324414849283,2.0286641120910645,47.593513153725276,-0.0033560587686370124,0.5444311341820285,80.0,2232.8311762942412,4465.679937073,434,0.39094042778015137,434.32684326171875,57.8396756529808,4.08369255065918,95.18618148697064
0.04192275181412697,-0.0016449372342322022,-0.0203876756131649,0.009466417022548676,0.7385367155075073,0.6602075085043907,0.6082403659820557,0.027619937836339224,80.0,301.1297912597656,34.922759807109834,5.059452056884766,62.854481731740094,-0.0033728297576308248,0.5457853414146229,80.0,2233.1378402930914,4466.293325694657,435,0.3961758613586426,602.2728881835938,69.86201335191727,10.140602111816406,125.70539356473938
0.01596946269273758,-0.004891567979939282,-0.021527806296944618,0.007414151989648948,0.7685226798057556,0.7021398484706879,0.6531728506088257,0.028179522552259032,80.0,11.176743507385254,4.337388372421264,1.5655514001846313,1.9980567895608925,-0.0034176876445999368,0.5501462387079372,80.0,2233.0920655929112,4466.20195322854,436,0.42870354652404785,22.366962432861328,8.698602670431137,3.172842025756836,3.9941191406579626
0.012113038450479507,-0.005887222191086039,-0.019128628075122833,0.006529677818661646,0.8335797786712646,0.8007922559976578,0.7653626203536987,0.01473122807403508,80.0,13.371668815612793,3.5253055527806283,1.2838109731674194,2.2046368698685113,-0.0034223773155827074,0.5519971230858937,80.0,2233.041150561493,4466.100169561841,437,0.29192256927490234,26.759380340576172,7.078401383757591,2.6016106605529785,4.405144124609296
0.016531674191355705,-0.0016983415873255581,-0.01762491837143898,0.0059790471410573216,0.7424289584159851,0.6659630410373211,0.602150559425354,0.028947681275826195,80.0,15.959901809692383,3.7476893976330756,0.6965374946594238,3.216360022020756,-0.003416072966472712,0.5512395926350728,80.0,2232.9242033998185,4465.866247479551,438,0.2354433536529541,31.933021545410156,7.512094785273075,1.4005866050720215,6.430771089397561
0.014049654826521873,-0.0018650009296834469,-0.0181838758289814,0.007150869452815498,0.7987178564071655,0.7462184526026249,0.6760541200637817,0.026372934849134014,80.0,39.11663055419922,13.148364076018334,2.0218582153320312,7.672762164648193,-0.003404571823368315,0.5518347814464942,80.0,2116.081410368215,4232.180649962239,439,0.28954124450683594,78.23997497558594,26.31538254618645,4.03858757019043,15.342776291208695
0.059204403311014175,-0.007131665589986369,-0.04432176426053047,0.01530085247221714,0.7397947311401367,0.6636430703103542,0.6030469536781311,0.03142158041829964,80.0,90.67779541015625,17.491468712687492,3.221829414367676,19.565755879989016,-0.0034712596698664127,0.5527158000180499,80.0,1945.4305993473345,3890.879178286426,440,0.3338189125061035,181.36798095703125,35.01047402024269,6.4661335945129395,39.12491266976275
0.014605267904698849,-0.0037720290245488288,-0.025047574192285538,0.008193655680570924,0.7040693759918213,0.6574321016669273,0.6102789640426636,0.022619462259525585,80.0,102.2439956665039,14.619493888318539,1.8286354541778564,23.357645216418653,-0.0035009017970296552,0.5507794836470857,80.0,1921.3304142012257,3842.6788284368145,441,0.38042664527893066,204.50120544433594,29.259680566191673,3.7059879302978516,46.71060651672224
0.017071202397346497,-0.001419985678512603,-0.016118662431836128,0.00705937841083313,0.8259057402610779,0.7569923177361488,0.6886619329452515,0.02932578230661153,80.0,25.48087501525879,5.353161083161831,1.10359787940979,5.347594612300696,-0.0034468372088158495,0.5495168084809557,80.0,1918.697184648346,3837.412235914014,442,0.4020264148712158,50.97016143798828,10.72430198788643,2.244950294494629,10.69257889556053
0.020875390619039536,-0.00401944785262458,-0.02621547318994999,0.00905263180297211,0.6686908006668091,0.6297657117247581,0.5633252859115601,0.02067995765730555,80.0,28.301408767700195,5.477806702256203,0.9465231895446777,5.42257998905791,-0.003468029268668033,0.5510136131392792,80.0,1916.2435181381513,3832.5049752037303,443,0.3817429542541504,56.615997314453125,10.97624754458666,1.918819546699524,10.839411066271023
0.031186193227767944,-0.003078575199469924,-0.02732536569237709,0.009272846334027947,0.5846943259239197,0.5094832658767701,0.46699386835098267,0.020922809395142992,80.0,89.32151794433594,12.775279712677001,3.4182567596435547,15.936602932019284,-0.0034704967853613194,0.550848494254984,80.0,1915.9939181345514,3832.0057768296374,444,0.2708292007446289,178.65406799316406,25.56690608859062,6.901823997497559,31.87053777550976
0.012058749794960022,-0.0033309889200609176,-0.023222239688038826,0.0057918691766843415,0.5419344305992126,0.4704642463475466,0.39486902952194214,0.030354916339106072,80.0,41.00288009643555,6.959860163927078,1.4702227115631104,8.873815465920906,-0.0034482329554739403,0.5522257260316983,80.0,1915.1838302270583,3830.385584017493,445,0.24189233779907227,82.0150375366211,13.935791569948197,2.9636247158050537,17.74450413498676
0.007593989372253418,-0.001644001470413059,-0.01571568474173546,0.004826407986264175,0.6852249503135681,0.6441205166280269,0.6056533455848694,0.015773980512215947,80.0,4395.59765625,2470.963285827637,915.8563232421875,768.0447203475497,-0.003320033953234087,0.5522721078181639,80.0,1934.9798475476916,3869.9773630893005,446,0.2542119026184082,8791.205078125,4941.942730712891,1831.71533203125,1536.0886190985798
0.005942105315625668,-0.0010435145697556436,-0.009038461372256279,0.002636039894904041,0.5843197107315063,0.5399036400020123,0.5066225528717041,0.014324354684510954,80.0,28871.939453125,24589.10029296875,20248.849609375,1976.0756862655428,-0.003210133686137851,0.5543734268294647,80.0,2180.4986833060193,4361.014865188815,447,0.22236847877502441,57743.890625,49178.21430664063,40497.73046875,3952.149700709851
0.00221896730363369,-0.0009413809864781796,-0.004910683259367943,0.001407069944914024,0.5338369607925415,0.4923233658075333,0.4535842537879944,0.01738599520151655,80.0,30619.25,22258.042138671874,18072.72265625,2227.808214718538,-0.0031766738638398235,0.5566343183768913,80.0,2402.993561000507,4806.004605607546,448,0.34679388999938965,61238.51171875,44516.0966796875,36145.45703125,4455.616572851933
0.0034037474542856216,-0.001615392288658768,-0.007892752066254616,0.0022072152501238706,0.5972011685371399,0.5476384274661541,0.5033961534500122,0.024525477167644083,80.0,573.2247924804688,174.45164022445678,62.887733459472656,103.0501163290962,-0.0031921540058101527,0.5573910082122311,80.0,2403.578472873848,4807.174475437678,449,0.2912418842315674,1146.46142578125,348.9174633026123,125.79414367675781,206.09886849314972
0.0014380207285284996,-0.0018980333989020437,-0.010011665523052216,0.002568860956610728,0.6218401193618774,0.5685237541794776,0.519036591053009,0.019963431732861317,80.0,943.427001953125,314.53414783477785,112.78289794921875,172.64889918630988,-0.0031336801310535515,0.5560536659425125,80.0,2406.585665485662,4813.188716955579,450,0.3151094913482666,1886.8656005859375,629.0834609985352,225.58355712890625,345.29625755501075
0.020990513265132904,-0.005528481624787673,-0.033409956842660904,0.009353802017177238,0.5194846391677856,0.47071324810385706,0.4290270209312439,0.018841422514394166,80.0,553.72607421875,155.56073479652406,25.247207641601562,108.00892902302874,-0.0031669422442791983,0.5550080377599225,80.0,2408.0880037216357,4816.193439023056,451,0.2573580741882324,1107.461181640625,311.14193930625913,50.5666389465332,216.01215889313303
0.0076049454510211945,-0.003912096226122231,-0.017845502123236656,0.0048301291345835195,0.3637956976890564,0.27832753136754035,0.23423799872398376,0.02315449813594989,80.0,69.68568420410156,11.326798701286316,2.3880391120910645,13.869344645938146,-0.003165658032725332,0.5542017216263339,80.0,2408.179354518149,4816.376121919878,452,0.3339509963989258,139.37631225585938,22.66698799729347,4.791630744934082,27.736164254290294
0.012672994285821915,-0.00371179468347691,-0.01957213133573532,0.006404353142523076,0.2427113652229309,0.18511028569191695,0.15075311064720154,0.01750560040863875,80.0,30.02480697631836,7.011864773929119,1.3099943399429321,5.930069177690873,-0.0031988420496636537,0.5515599136995152,80.0,2408.225595980968,4816.468618377917,453,0.34905290603637695,60.05339050292969,14.034855377674102,2.651437759399414,11.857226724017767
0.010514737106859684,-0.00248399002593942,-0.014042766764760017,0.005108516981490006,0.2857474684715271,0.2195074301213026,0.13982713222503662,0.03526334800709036,80.0,3.4566361904144287,1.1069895230233668,0.6116935610771179,0.5750697536221595,-0.003179630346799968,0.5487928119534626,80.0,2408.0740727334505,4816.165478117846,454,0.26686978340148926,6.919858455657959,2.2233371883630753,1.234713077545166,1.149306339937359
0.0052490620873868465,-0.006831716565648094,-0.02382378652691841,0.006575805623752739,0.253040611743927,0.21351570468395947,0.1653304398059845,0.022899367074275465,80.0,7.699853897094727,1.5553277470171452,0.6572424173355103,1.4618714678270264,-0.0031991370505129444,0.5438150343215092,80.0,2407.7988220796847,4815.614916270145,455,0.26749134063720703,15.40390682220459,3.1285892471671106,1.3533456325531006,2.9187235436632166
0.010055720806121826,-0.0015280872816219927,-0.015028111636638641,0.00496980033990088,0.4615519940853119,0.4073301449418068,0.3562922775745392,0.025833192393391425,80.0,243.06480407714844,39.787602436542514,12.029219627380371,45.463251573815974,-0.003185897902498254,0.5413820619052276,80.0,2408.1303819414043,4816.277960859783,456,0.38406991958618164,486.1381530761719,79.58640813827515,24.072996139526367,90.92544441432001
0.039834000170230865,-0.006168320478172973,-0.0315045602619648,0.010555722246657288,0.8324258327484131,0.7688688300549984,0.7308558225631714,0.021430201017887226,80.0,37.038719177246094,6.134004883468151,1.5757633447647095,7.072879593303709,-0.0032255107696109913,0.5449117210684344,80.0,2408.1207618013586,4816.258870397843,457,0.37090039253234863,74.09132385253906,12.295723676681519,3.1762475967407227,14.13944952145461
0.01249934732913971,-0.004831400589318946,-0.03890486806631088,0.009256035378863717,0.8732285499572754,0.8294693231582642,0.7869638204574585,0.021800186719643982,80.0,13.211602210998535,4.184388761222363,1.8614429235458374,2.0315226419832118,-0.0032666462384804617,0.5485349835073576,80.0,2408.123857787755,4816.265217107154,458,0.3966951370239258,26.438167572021484,8.395029732584954,3.746945381164551,4.056921462933309
0.01607692241668701,-0.0027713283197954297,-0.014969035983085632,0.005478142806460999,0.6684139966964722,0.6101850040256978,0.551629900932312,0.0226018946716777,80.0,14.923101425170898,2.8828293085098267,0.7702993750572205,2.94858219648517,-0.003263293248048285,0.5511220511896535,80.0,2408.0240571970608,4816.065660959743,459,0.41033387184143066,29.85853385925293,5.7834049865603445,1.549405574798584,5.895778403443141
0.027227109298110008,-0.006811074103461578,-0.03559819608926773,0.011332930739107513,0.7120564579963684,0.6631789721548558,0.6136069297790527,0.021552427566292897,80.0,24.215179443359375,7.730289688706398,1.6095473766326904,5.148901479942776,-0.003263357747666305,0.5509846645547076,80.0,2407.996090744492,4816.0097254343555,460,0.41329073905944824,48.44267272949219,15.487465181946755,3.247962713241577,10.293249553587277
0.00887586921453476,-0.003779693745309487,-0.01658318191766739,0.005994161982646524,0.6770957708358765,0.610573573410511,0.5602526664733887,0.01975172095949456,80.0,110.24645233154297,19.365503987669946,2.968914031982422,23.108362024670864,-0.0034397566270490654,0.5502482611564918,80.0,2303.9218047443296,4607.861491644257,461,0.38390660285949707,220.50071716308594,38.75077870488167,5.93783712387085,46.21167593186827
0.008458249270915985,-0.004367068706778809,-0.017857389524579048,0.005636872766431767,0.566974937915802,0.5097128033638001,0.4600018262863159,0.021119794129918476,80.0,100.71001434326172,18.40245108306408,3.7929861545562744,21.438046340529727,-0.0034783205804124018,0.5503880506670102,80.0,2037.370579499301,4074.759117646567,462,0.3504636287689209,201.4296417236328,36.823830699920656,7.6097412109375,42.87252625907454
0.014136590994894505,-0.006322323333006352,-0.033014919608831406,0.007886584776690402,0.8151712417602539,0.7500713601708412,0.6862430572509766,0.029033402321389318,80.0,46.76008605957031,7.981319460272789,0.8869847059249878,10.127086143242085,-0.0035297350669570744,0.550615788645111,80.0,1968.120813653376,3936.2596938348784,463,0.3175990581512451,93.53569030761719,15.99028484672308,1.826015830039978,20.24791250364565
0.019009439274668694,-0.002079053741181269,-0.02415606938302517,0.0077278529732685685,0.7872627973556519,0.7404220528900624,0.670559287071228,0.02711795633217144,80.0,36.22277069091797,6.911918938159943,1.656860589981079,7.387117872180869,-0.003536496871238343,0.5513629857664928,80.0,1964.9947499299308,3930.007594845898,464,0.38553476333618164,72.46095275878906,13.842804196476937,3.350985288619995,14.769773037584319
0.011076681315898895,-0.003456472890684381,-0.01796668767929077,0.006644663593280678,0.6615080833435059,0.615529990196228,0.5607662796974182,0.018622686281957436,80.0,88.29961395263672,12.420695099234582,3.117748975753784,16.582489283208762,-0.0035545221165812113,0.5526634086323902,80.0,1963.096210485812,3926.210578046746,465,0.30237340927124023,176.61166381835938,24.860613709688188,6.26555061340332,33.161757584012946
0.010270275175571442,-0.002898185444064438,-0.01494624838232994,0.004824554353146242,0.6369643211364746,0.5915480002760887,0.5424458980560303,0.021800229943046423,80.0,41.48021697998047,6.460934691131115,1.689562439918518,7.520268090672693,-0.0034644943242019516,0.5532950441529975,80.0,1962.1889315756969,3924.395852812208,466,0.23292875289916992,82.97210693359375,12.939496752619743,3.4057867527008057,15.03825894795619
0.004861203953623772,-0.0014146335306577384,-0.009737257845699787,0.003336146486977898,0.651742696762085,0.6053640685975552,0.5588487386703491,0.01901912553076953,80.0,7419.68017578125,4981.977722167969,3047.198486328125,997.1103794316697,-0.003369620571116684,0.5546481199292466,80.0,2010.776291839521,4021.5704103941093,467,0.24720382690429688,14839.3759765625,9963.97035522461,6094.4150390625,1994.2196707399557
0.00040145590901374817,-0.0003750055970158428,-0.0020632632076740265,0.0004777401590461026,0.4034506678581238,0.37127852737903594,0.3431001901626587,0.015289469657821268,80.0,44147.00390625,37301.86770019531,31154.294921875,2538.334045789626,-0.0033254838782304434,0.5538344806386157,80.0,2383.7508876780385,4767.519495847918,468,0.24098682403564453,88294.015625,74603.74340820312,62308.6015625,5076.66783598311
0.002950955182313919,-0.00024439877597615123,-0.005408041179180145,0.0011977611465782496,0.5384515523910522,0.4579868737608194,0.4123383164405823,0.01949295464284081,80.0,20228.982421875,15360.840673828125,10880.537109375,2245.665884112382,-0.0032442795107199347,0.5551529814554378,80.0,2537.3197082006295,5074.656999339499,469,0.24783802032470703,40457.97265625,30721.690844726563,21761.0859375,4491.331137037377
0.0166885107755661,-0.0015750969003420323,-0.012553181499242783,0.00443375877118094,0.5810950398445129,0.5246576130390167,0.45794814825057983,0.027922981279849896,80.0,851.1176147460938,289.0108215332031,132.3977508544922,127.14865601031586,-0.0032493441734404768,0.5561163489287718,80.0,2539.7356715995634,5079.4889555277,470,0.2527039051055908,1702.245361328125,578.035285949707,264.8316955566406,254.2961349632496
0.0020518051460385323,-0.002686971641378477,-0.0114368237555027,0.0031794296969872753,0.5573182702064514,0.4841611906886101,0.42650502920150757,0.028028696771178897,80.0,861.6345825195312,263.091533946991,92.93462371826172,150.35560771202495,-0.0032648959325451863,0.5552819550847634,80.0,2541.7494630281294,5083.516552802481,471,0.2566521167755127,1723.27880859375,526.1981254577637,185.87490844726562,300.70910381487516
0.004883242771029472,-0.0006479341653175652,-0.0057869479060173035,0.00189690093186902,0.24274006485939026,0.21638875380158423,0.1841077208518982,0.012364574783828554,80.0,431.6388244628906,127.53260207176208,27.56732177734375,83.55313795445085,-0.0032218662908126135,0.5494379218956456,80.0,2542.974159261998,5085.965742335595,472,0.2646193504333496,863.2814331054688,255.07082834243775,55.143836975097656,167.1058260678778
0.006473314017057419,-0.0010683641128707677,-0.007001899182796478,0.0022299698296703715,0.25121259689331055,0.20536124892532825,0.1717551350593567,0.016088799196036122,80.0,39.27654266357422,9.123376604914665,2.2070846557617188,7.509106461572528,-0.0032309249055979304,0.5463991151070221,80.0,2543.05161339809,5086.120607948885,473,0.26579928398132324,78.5569076538086,18.25299717783928,4.420254707336426,15.017343398946911
0.001979602500796318,-0.0027792031294666232,-0.007643608376383781,0.0020937567585940027,0.28200945258140564,0.23951825592666864,0.2064833641052246,0.01652140308281692,80.0,16.936418533325195,4.44360376521945,0.9524633288383484,2.7532477357346345,-0.003215934849664336,0.5429882919648662,80.0,2543.0499955035298,5086.117273963018,474,0.2812473773956299,33.87767791748047,8.897556261718274,1.9207502603530884,5.505376932045293
0.00845382921397686,-0.002863115636864677,-0.013063779100775719,0.005056429675658655,0.39756137132644653,0.3075413001701236,0.19224107265472412,0.03877056961865957,80.0,2.9227473735809326,0.9289978161454201,0.5786040425300598,0.4016387574882717,-0.0032638526868249756,0.5405419638259336,80.0,2542.9673248072863,5085.951979479179,475,0.2596933841705322,5.852376461029053,1.8698726773262024,1.1459983587265015,0.8039646935326721
0.007007196545600891,-0.010771717614261433,-0.028159402310848236,0.008438331118356387,0.3555334210395813,0.2909363642334938,0.24004918336868286,0.02512627649800297,80.0,10.697453498840332,2.1298294752836227,0.6420593857765198,1.6825650726980932,-0.0033632612382352815,0.5364734815908596,80.0,2542.637015687138,5085.291478693098,476,0.25005650520324707,21.39944076538086,4.287021170556545,1.3265918493270874,3.3558902255688947
0.018070083111524582,-0.0035342620802111925,-0.02219962328672409,0.007505662549810182,0.46501410007476807,0.41595587618649005,0.36986011266708374,0.021435078259675003,80.0,112.3122787475586,22.691934925317764,7.536475658416748,20.7053421645938,-0.0033835635522555096,0.5334145958190784,80.0,2542.7684931975905,5085.554413139493,477,0.2713897228240967,224.6326904296875,45.39925744533539,15.080888748168945,41.40769819466721
0.027374885976314545,-0.0068308899295516316,-0.031815920025110245,0.009773330373953362,0.8503084778785706,0.7632152125239372,0.691554605960846,0.03703955965263406,80.0,24.366527557373047,4.616786259412765,1.530495524406433,3.84588161619197,-0.003410705271729966,0.5360670243641361,80.0,2542.7027489934267,5085.423032061815,478,0.2901785373687744,48.74688720703125,9.262498599290847,3.108694553375244,7.6869800529133165
0.011652849614620209,-0.013591801503207535,-0.03275812789797783,0.010615009885998731,0.8965359926223755,0.8551932968199253,0.810795783996582,0.0173670960172566,80.0,14.484756469726562,4.6206800669431685,1.7865252494812012,2.3962782189739027,-0.0034819602988136467,0.5395670599965379,80.0,2542.543336957097,5085.104420502126,479,0.26039719581604004,28.98792266845703,9.285647600889206,3.6474084854125977,4.785724234528538
0.014471936970949173,-0.004014670691685751,-0.023550312966108322,0.007120373950237832,0.8073211908340454,0.6897387117147445,0.5777822732925415,0.038535602839198164,80.0,13.697415351867676,2.5192098408937453,0.83773273229599,2.5047101074221705,-0.0034761353526555467,0.5420695024644956,80.0,2542.2725284288226,5084.562841844306,480,0.23727917671203613,27.40924072265625,5.0602437779307365,1.6941299438476562,5.0068726977205
0.03259199857711792,-0.005851759295910597,-0.026897504925727844,0.010779055801849154,0.8211065530776978,0.7539705328643322,0.666079580783844,0.03572638897358459,80.0,43.52878189086914,9.211858415603638,2.503190040588379,7.3968618877616645,-0.003390201907750452,0.5420414943685755,80.0,2540.8879601891335,5081.7935329550955,481,0.2552955150604248,87.06942749023438,18.450499933958053,5.039822101593018,14.784250176293943
0.016277387738227844,-0.0032719602342694996,-0.016158219426870346,0.006512759830360353,0.5967705845832825,0.5381541613489389,0.4980827867984772,0.020201897693633498,80.0,104.96147155761719,19.767751199007034,5.757564067840576,22.143319473588978,-0.0034194096080318558,0.5405288013173267,80.0,2340.11005811128,4680.237750746891,482,0.25954699516296387,209.94088745117188,39.55280945301056,11.51578140258789,44.2828929376757
0.013387072831392288,-0.0052984546666266395,-0.02318410761654377,0.006242160573436384,0.6460300087928772,0.5796685688197613,0.5136914849281311,0.026141849477066485,80.0,69.11956787109375,9.007931788265704,1.1805499792099,13.88003863461046,-0.0034613773568999027,0.5405372974528,80.0,2094.873898415491,4189.765515563413,483,0.2520120143890381,138.25045776367188,18.038053917884827,2.382823944091797,27.756271434130234
0.02224579267203808,-0.002441151638049632,-0.02243078127503395,0.0090114744255048,0.8176809549331665,0.7029201284050941,0.6087661385536194,0.05187142904137246,80.0,56.61623001098633,9.595472566783428,1.4291154146194458,13.379888354084619,-0.0034583874563104476,0.5389180960608646,80.0,2069.1233705361783,4138.2644212375135,484,0.25316619873046875,113.24312591552734,19.209885799884795,2.8942458629608154,26.75408847609227
0.006622102111577988,-0.0035910278209485115,-0.020118795335292816,0.004541299827731198,0.8147534132003784,0.778602235764265,0.7340196371078491,0.018735926810616775,80.0,90.69203186035156,13.993476131558419,2.071010112762451,16.503715043526054,-0.0034716239887638955,0.539524182590656,80.0,2065.038839496255,4130.095397751972,485,0.24543213844299316,181.4007568359375,28.009706270694732,4.162632942199707,33.00424094201427
0.006163258105516434,-0.005003077531000599,-0.01955176144838333,0.005965881164018689,0.5458215475082397,0.48162059411406516,0.43124958872795105,0.02217960661775531,80.0,111.7505874633789,13.621155762672425,2.965806245803833,23.215573403809696,-0.0035076272340374996,0.5375203666342423,80.0,2063.776976114154,4127.571702917919,486,0.29773879051208496,223.50970458984375,27.2619502723217,5.966788291931152,46.42745939016219
0.010915752500295639,-0.0036743093689437954,-0.019744988530874252,0.00633236132857753,0.8607479929924011,0.8131746903061867,0.7688787579536438,0.019335072296091552,80.0,284.970458984375,74.02387574911117,10.564844131469727,50.289787810393385,-0.0034792746519087814,0.541915884274058,80.0,2063.835052117586,4127.687886138305,487,0.28357863426208496,569.956787109375,148.07136449813842,21.154346466064453,100.57690723643292
0.0032691452652215958,-0.0003182583837769926,-0.0034454986453056335,0.001306448485780808,0.6424492597579956,0.571968388557434,0.5360833406448364,0.01792063471435573,80.0,19372.4375,15575.871813964844,12238.9052734375,1460.1937850889278,-0.0034371595427510324,0.542427725627087,80.0,2219.255536487341,4438.528784882649,488,0.27193737030029297,38744.88671875,31151.756103515625,24477.828125,2920.386972847278
0.001364540308713913,-0.0011770880490075796,-0.006024802103638649,0.0013049779814729358,0.3773404359817505,0.3328065123409033,0.2873185873031616,0.018985866526743982,80.0,35993.19921875,30557.26511230469,26160.232421875,2115.8729345433776,-0.003405699001799803,0.5416662765098734,80.0,2524.762720530972,5049.5430818855,489,0.27922487258911133,71986.40625,61114.53994140625,52320.4765625,4231.745143140879
0.012515690177679062,-0.0005829679023008794,-0.013377716764807701,0.004985798358769836,0.5167933702468872,0.471264012157917,0.4340054392814636,0.016469068725962297,80.0,6839.5185546875,2633.584865951538,147.47177124023438,1250.9333193276452,-0.0033519142096047286,0.542998497354798,80.0,2551.076210818037,5102.169982013836,490,0.2685432434082031,13679.0458984375,5267.18037109375,294.9520263671875,2501.8686936103413
0.0025400109589099884,-0.001240765955299139,-0.00783240981400013,0.002037830244700816,0.5672045946121216,0.5166545588523149,0.47007301449775696,0.02388588004425947,80.0,1010.8828735351562,353.07389106750486,128.847900390625,178.8700465869152,-0.003323772323608864,0.5463253225404769,80.0,2554.5861341014206,5109.189838830351,491,0.25351977348327637,2021.7763671875,706.1605964660645,257.71844482421875,357.73876724780723
0.004377499222755432,-0.0010559546295553445,-0.007857308723032475,0.0021825368317764235,0.2637997269630432,0.22115691099315882,0.1849672794342041,0.014747648589224983,80.0,457.8565979003906,146.12556247711183,23.385128021240234,87.26536197867163,-0.003336351609439589,0.5437512566857039,80.0,2555.566748175889,5111.151040676712,492,0.25584912300109863,915.7166748046875,292.25766191482546,46.77484130859375,174.5298184549962
0.007673829793930054,-0.005698771239258349,-0.020000923424959183,0.0056996996567499295,0.29062724113464355,0.22062784656882287,0.15744858980178833,0.03147793294080477,80.0,85.5555419921875,17.005179405212402,5.54246187210083,15.285291613647752,-0.003380856823321664,0.5391853120066226,80.0,2555.2013814642723,5110.420304944992,493,0.25534605979919434,171.11468505859375,34.02616890668869,11.115221977233887,30.56618537501309
0.010310336947441101,-0.000990512385033071,-0.012992113828659058,0.00385677967659683,0.2936822772026062,0.23017711006104946,0.17192155122756958,0.029678085128622668,80.0,20.84828758239746,3.8075566090643407,0.8172670006752014,3.593683614559281,-0.003314380003110272,0.5330203733667731,80.0,2555.180678135164,5110.378642034799,494,0.2542858123779297,41.69960021972656,7.621697822213173,1.6393102407455444,7.186085757929573
0.01543801836669445,-0.0007683072646614165,-0.016615714877843857,0.005859429297554739,0.48643937706947327,0.38757183142006396,0.2722768783569336,0.04708889452700415,80.0,5.705062389373779,1.4743569768965243,0.8189712762832642,0.9754924790987631,-0.003300170995265943,0.5312689927183092,80.0,2555.152482827425,5110.322187973738,495,0.24718761444091797,11.417847633361816,2.958002009987831,1.6687119007110596,1.949868243729106
0.020334705710411072,-0.007979242381406949,-0.02772698923945427,0.009769034091156899,0.32842200994491577,0.26824545934796334,0.22020186483860016,0.0222159097424281,80.0,15.367321014404297,6.108142429590226,2.5074357986450195,2.558683497033644,-0.0033727134940854738,0.5285965124182402,80.0,2555.1806336878235,5110.378581329927,496,0.3039987087249756,30.740087509155273,12.237608230113983,5.063817977905273,5.111146126068828
0.004751295782625675,-0.004777780413860455,-0.014034353196620941,0.003954443959945105,0.5323524475097656,0.47639891430735587,0.43401598930358887,0.021376524259208853,80.0,41.84809494018555,14.478646099567413,7.762617588043213,6.31074171347568,-0.0034071948924975005,0.5284130109511316,80.0,2555.143458623022,5110.30429649292,497,0.28432345390319824,83.70855712890625,28.97637583017349,15.542973518371582,12.618418140791768
0.01640307903289795,-0.006309172761393711,-0.036128751933574677,0.008792726490206355,0.796172022819519,0.7624975182116032,0.7184779644012451,0.017473679810998396,80.0,12.311334609985352,3.4862053617835045,1.1771352291107178,1.9606901683351323,-0.003431312398955924,0.528816436830908,80.0,2554.9022903239274,5109.822016194239,498,0.2511100769042969,24.637632369995117,7.0002790004014965,2.3753933906555176,3.9163044847519743
0.021729663014411926,-0.005889179545920342,-0.024660959839820862,0.009324586212385024,0.849025547504425,0.7821505948901176,0.6496865749359131,0.041389717852628134,80.0,5.4278082847595215,2.1835296101868154,0.7735269665718079,0.997432566941824,-0.003478004483942641,0.5290993567369878,80.0,2554.8571176438404,5109.731769877463,499,0.23245596885681152,10.859954833984375,4.394480608403683,1.5658338069915771,1.9955269417245316
0.023900166153907776,-0.0008392988529521972,-0.015592165291309357,0.007394032188392426,0.755543053150177,0.6843501009047032,0.6191350817680359,0.02908849703024826,80.0,9.153302192687988,2.7530420988798143,1.1203079223632812,1.5302145882120635,-0.003463853487366577,0.5308281815685331,80.0,2554.763445364483,5109.544431593507,500,0.26192331314086914,18.320903778076172,5.52144980430603,2.234074115753174,3.0594158664826376
0.020425904542207718,-0.005115323083009571,-0.03236796706914902,0.008260926344866935,0.7487602233886719,0.6833700411021709,0.6330893039703369,0.02150189512370662,80.0,44.75460433959961,9.330251562595368,2.2902872562408447,8.270912299495826,-0.0034909562485117927,0.5316364889331162,80.0,2554.722193569966,5109.461998374253,501,0.2546083927154541,89.52611541748047,18.684401196241378,4.600119113922119,16.54044284582473
0.013931725174188614,-0.0010215201997198164,-0.02130505070090294,0.006272743245635092,0.6095309853553772,0.554920906573534,0.5086390972137451,0.018583968225242234,80.0,110.0831298828125,13.698197770118714,2.549576759338379,21.7380472136657,-0.0034521935598168046,0.5329139910824597,80.0,2554.7132424105475,5109.444044084043,502,0.250774621963501,220.17701721191406,27.409537035226823,5.113158226013184,43.474289473918105
0.012699156999588013,-0.005682493990752846,-0.02600489929318428,0.006581173034300835,0.707675576210022,0.6487231776118279,0.588918149471283,0.024215513112521146,80.0,56.00341796875,7.906189288198948,1.6653916835784912,11.918818944651193,-0.003443430072715272,0.532042505774647,80.0,2554.27242407801,5108.562372459651,503,0.2556147575378418,112.01976776123047,15.836718156933784,3.352325916290283,23.833704752617507
0.010998915880918503,-0.0044059695617761465,-0.02394424006342888,0.0076339114385641765,0.8632162809371948,0.8262426815927029,0.7623628377914429,0.01942517737257379,80.0,46.0277099609375,9.307546831667423,1.5800950527191162,9.740589569610037,-0.0034801715893845535,0.533839100997895,80.0,2325.4069473002323,4650.831539947122,504,0.261887788772583,92.0720443725586,18.640430387854575,3.224544048309326,19.47644469087344
0.007899200543761253,-0.001098270615329966,-0.013540875166654587,0.004582389601079098,0.8517545461654663,0.7663611806929111,0.6663450002670288,0.04553783833199363,80.0,84.28170013427734,12.663554874062537,2.9435415267944336,16.273914620104538,-0.003486868064064765,0.5366068198159336,80.0,2091.777322839208,4183.572361767025,505,0.2577230930328369,168.57546997070312,25.344633162021637,5.911405563354492,32.54564802944653
0.014202062040567398,-0.006790602806722746,-0.03452233225107193,0.010630316949427924,0.5943979024887085,0.5383375130593777,0.47397541999816895,0.02363260940889918,80.0,233.9866485595703,61.59813895225525,27.67258071899414,42.86407760496489,-0.003522014646878233,0.5366048595570027,80.0,2080.0865757798624,4160.19093766138,506,0.23613500595092773,467.97564697265625,123.2206265449524,55.396907806396484,85.72047489806206
0.0016519557684659958,-0.0012650305579882115,-0.009104292839765549,0.0022103264510299554,0.8600569367408752,0.8277461938560009,0.7900863885879517,0.015365152181232602,80.0,5052.6875,2850.042973327637,950.9801025390625,694.6503345550126,-0.0035150041902961672,0.5392168613038957,80.0,2105.576386050172,4211.170596074314,507,0.2309110164642334,10105.3916015625,5700.104995727539,1901.974853515625,1389.3005604578384
0.0025467313826084137,-0.0008771773835178464,-0.008356429636478424,0.0018050915062056403,0.5738166570663452,0.5347223088145256,0.49776560068130493,0.016535372163109813,80.0,34032.06640625,29109.425634765626,24152.681640625,2426.7004636778147,-0.003504191467858618,0.5392699472121893,80.0,2394.5888797654584,4789.195571253986,508,0.2514779567718506,68064.140625,58218.86455078125,48305.37890625,4853.399694552117
0.008592203259468079,-0.005989835597574711,-0.020185213536024094,0.005636529761228281,0.5869630575180054,0.5386335358023644,0.48430413007736206,0.02105903015610617,80.0,27378.150390625,21581.52734375,17016.18359375,2181.5568410234614,-0.0035480873778869857,0.5413180816024541,80.0,2610.2677205933105,5220.553389980108,509,0.2756984233856201,54756.3125,43163.07827148437,34032.38671875,4363.112865685151
0.013001520186662674,-0.002442022890318185,-0.013342447578907013,0.004893142891263926,0.7591385841369629,0.718462597578764,0.6748325228691101,0.01884871181404544,80.0,841.0390014648438,281.86963138580325,103.97355651855469,138.68751832437744,-0.003566340542951366,0.5450069293156266,80.0,2612.9373769758713,5225.892813009173,510,0.2930302619934082,1682.092529296875,563.758514213562,207.96786499023438,277.3735740981441
0.004578577354550362,-0.0022608232451602817,-0.01285514235496521,0.003326707571217693,0.4512840807437897,0.40464490577578544,0.3581879436969757,0.017374454615112177,80.0,975.4934692382812,284.2245535850525,71.22798919677734,157.7309636833898,-0.0035460540603089613,0.5450667953453957,80.0,2615.7596466503514,5231.537313002348,511,0.3724095821380615,1950.99560546875,568.4617237091064,142.47821044921875,315.45961574568184
0.005853842943906784,-0.002112162410048768,-0.013330928981304169,0.0038741803636339225,0.29235976934432983,0.2579095657914877,0.220206618309021,0.014869328015226592,80.0,299.416748046875,95.90054638385773,16.633289337158203,57.58350619245929,-0.0035313728709879793,0.5444415267631411,80.0,2616.692279283561,5233.402536392868,512,0.37694263458251953,598.8386840820312,191.81047444343568,33.27976608276367,115.16592558884055
0.006696328520774841,-0.004759723955066875,-0.020196352154016495,0.005878098322262796,0.48632633686065674,0.41483514606952665,0.3456345200538635,0.029248441314235187,80.0,38.81716537475586,7.672655473649502,1.7986024618148804,7.753798370725221,-0.003560163358255522,0.544356921788305,80.0,2616.6265854472745,5233.271204609246,513,0.37143945693969727,77.6417007446289,15.363127079606056,3.605454444885254,15.503753423152748
0.015857279300689697,-0.010404454811941832,-0.02938334457576275,0.00842861619933146,0.6516878604888916,0.5695678122341633,0.4940839409828186,0.03440886537683812,80.0,2.713414430618286,1.2437615357339382,0.6346008777618408,0.42854104916045854,-0.0036488800160877867,0.5432795629464089,80.0,2616.2015251523703,5232.42123990497,514,0.38157224655151367,5.439169883728027,2.519723343849182,1.3279896974563599,0.851936606231785
0.02907293662428856,-0.0021947473054751755,-0.021373851224780083,0.009406680868076429,0.6168849468231201,0.528083448857069,0.4205625653266907,0.04091725990901283,80.0,1.9503591060638428,0.7562149964272976,0.4059636890888214,0.3123023489208217,-0.003645069363963558,0.5403590996749699,80.0,2616.1560891469794,5232.330301864303,515,0.37821125984191895,3.9109067916870117,1.5273811556398869,0.8414630889892578,0.6210515327156155
0.043849483132362366,-0.008239525492535904,-0.029931480064988136,0.015257178082934716,0.48689424991607666,0.4368058905005455,0.3720878064632416,0.03144761887707918,80.0,22.486717224121094,9.709847646951676,3.9343786239624023,4.336163658010994,-0.003696475299570011,0.5370651810206472,80.0,2616.2348442460443,5232.487848995842,516,0.379946231842041,44.9826545715332,19.444910442829134,7.913687705993652,8.668964945273014
0.026422563940286636,-0.0003701582318171859,-0.015185672789812088,0.006159383613991178,0.5815960168838501,0.5272591479122639,0.44748160243034363,0.023663766284307323,80.0,72.47962188720703,18.837219500541686,9.755807876586914,9.34521676618949,-0.003636355247726897,0.5364749265871941,80.0,2616.357641484067,5232.733311425187,517,0.36794495582580566,144.9696044921875,37.68572437763214,19.526947021484375,18.688577128201675
0.012004237622022629,-0.009526534331962466,-0.04223126918077469,0.010284553685746016,0.838394284248352,0.7783123999834061,0.7247253060340881,0.02710992915535108,80.0,7.853394031524658,2.8381572626531124,0.9565004110336304,1.3632004326193883,-0.003639945184550016,0.5373359221257269,80.0,2616.3069724892603,5232.631997835509,518,0.38969898223876953,15.722000122070312,5.710933814942837,1.9725457429885864,2.7179198410108034
0.016523459926247597,-0.006349922198569402,-0.023091493174433708,0.008053521017166308,0.8509297370910645,0.7800001703202725,0.7201641798019409,0.03403443502951897,80.0,8.419939041137695,2.2063101708889006,0.6170648336410522,1.5096154317049861,-0.003657645476603648,0.5378496556542813,80.0,2616.1216278246266,5232.261354182444,519,0.40976786613464355,16.855106353759766,4.440920206904411,1.2708680629730225,3.0146634779507706
0.0220295712351799,-0.004825993382837623,-0.022429756820201874,0.008170697008666954,0.8347746729850769,0.7722113259136677,0.7032166123390198,0.028545917526805246,80.0,9.08517837524414,1.9697115011513233,0.5712557435035706,1.6018601127573262,-0.0036674962524848526,0.5386676467992365,80.0,2616.0429257926344,5232.103986179403,520,0.437213659286499,18.182575225830078,3.964519216120243,1.1695107221603394,3.1993284511926214
0.010320726782083511,-0.0034118385694455354,-0.019778519868850708,0.006039400832902752,0.7974996566772461,0.7593590252101421,0.7212320566177368,0.017990914319156674,80.0,66.45817565917969,11.527336741983891,1.9434897899627686,13.534412717827628,-0.0036768705113499893,0.5401643546707928,80.0,2616.0562867133467,5232.130756703011,521,0.3897554874420166,132.9296417236328,23.07668419778347,3.9234349727630615,27.06526030757943
0.015904508531093597,-0.001855509274173528,-0.017060309648513794,0.0049201600552264205,0.5898398160934448,0.5226035322993994,0.4816480576992035,0.018447815115196615,80.0,85.51054382324219,11.613690343499183,1.4365540742874146,18.401457160666382,-0.003666301212186227,0.5378840483650564,80.0,2616.097720160931,5232.213556851825,522,0.38633036613464355,171.03211975097656,23.24154359102249,2.8950929641723633,36.801299788371004
0.006728628650307655,-0.005485986499115825,-0.0309569351375103,0.008389747047201851,0.8128766417503357,0.735390306264162,0.6820868253707886,0.0275060810722868,80.0,40.24335861206055,7.306974625587463,1.6305733919143677,8.76866549792625,-0.003684277458844008,0.5406677159294486,80.0,2616.0730178661047,5232.164243888608,523,0.3081505298614502,80.50279235839844,14.639629045128823,3.296311855316162,17.53043106137484
0.007129766047000885,-0.00812490665121004,-0.03164583444595337,0.007225062931102102,0.8570594191551208,0.8230041660368442,0.7778792977333069,0.017982099898436073,80.0,64.72871398925781,13.58234617114067,4.786901950836182,12.779195807703193,-0.003707033809594577,0.542938869073987,80.0,2616.137789004147,5232.293877101593,524,0.23745274543762207,129.47573852539062,27.19740233421326,9.614225387573242,25.5528022514819
0.004929685965180397,-0.008325810299720616,-0.025844933465123177,0.007157603010571354,0.7397298216819763,0.6850267767906189,0.6230427026748657,0.022423083813349204,80.0,88.06360626220703,17.28350638151169,7.751781463623047,15.514590081947924,-0.0037884221765853,0.5441359559372068,80.0,2545.400593367279,5090.819672164612,525,0.24059367179870605,176.14138793945312,34.59736518859863,15.520030975341797,31.024395422471688
0.006793230772018433,-0.0093472616688814,-0.026520684361457825,0.007946157747332278,0.6737951040267944,0.6309111319482327,0.5800416469573975,0.019905143833665727,80.0,52.796600341796875,14.142816907167434,6.476035118103027,9.449701979104232,-0.0038584815169742793,0.5456659207604826,80.0,2222.054317923069,4444.127308427267,526,0.23999881744384766,105.60576629638672,28.316946578025817,12.972614288330078,18.892324170143862
0.005027865990996361,-0.0007466086419299245,-0.007332749664783478,0.0022847807449919476,0.7220214605331421,0.6824423603713512,0.6508103609085083,0.016694075160652543,80.0,5324.1025390625,3840.243440246582,2005.4088134765625,705.1520304353897,-0.003856256055907579,0.5479959875941277,80.0,2170.1953861756324,4340.409484513692,527,0.2405872344970703,10648.2158203125,7680.502056884766,4010.83056640625,1410.3035830796352
0.002485251985490322,-0.0003771641931962222,-0.0033502131700515747,0.0011071826670792935,0.4600597023963928,0.41794815473258495,0.3597564697265625,0.0170007759353699,80.0,30107.544921875,25658.11330566406,20951.779296875,2129.421744968741,-0.0038474574976426084,0.5479210486635566,80.0,2423.4810342774394,4846.980756902151,528,0.22029733657836914,60215.09765625,51316.23525390625,41903.56640625,4258.843677138175
0.0011344477534294128,-0.0009859440207947046,-0.006270264275372028,0.001250041794951885,0.49883174896240234,0.45642205104231837,0.41090473532676697,0.0193960828774983,80.0,15191.69140625,10322.209729003906,5868.83251953125,1726.8637878052632,-0.0038152302782691553,0.5468113011494279,80.0,2525.1324042353635,5050.2834131540585,529,0.22353434562683105,30383.392578125,20644.430859375,11737.6787109375,3453.7266894292925
0.00803719088435173,-0.0014768596098292618,-0.013366879895329475,0.0038455186993839735,0.6006484031677246,0.5723020538687706,0.5403709411621094,0.014979396017362688,80.0,855.4429931640625,389.2727355957031,204.10675048828125,125.41524940054154,-0.0038099773523572367,0.5496963742114603,80.0,2527.804846980095,5055.6283457993795,530,0.2876284122467041,1710.89794921875,778.5598670959473,408.2091979980469,250.82980321679076
0.009180407971143723,-0.003015581553336233,-0.013405164703726768,0.0041005251758560665,0.46369093656539917,0.422955459728837,0.37770700454711914,0.01781642326313411,80.0,438.56402587890625,149.39418630599977,42.99409484863281,71.90541813194463,-0.0037957592467719225,0.5513865211065858,80.0,2529.1091815720797,5058.237020359449,531,0.2555255889892578,877.136962890625,298.80286407470703,86.01727294921875,143.81012690037832
0.0024154745042324066,-0.004735736656584777,-0.016658082604408264,0.004487058853612799,0.46742627024650574,0.4275369428098202,0.37256744503974915,0.02115516745810541,80.0,132.51486206054688,36.10302841365338,3.000471830368042,24.935855974580164,-0.003760909616772551,0.5530477122571319,80.0,2529.455466860116,5058.929554457717,532,0.2650487422943115,265.0381774902344,72.22407881021499,6.005790710449219,49.87122658843777
0.06236330419778824,-0.008672051393659785,-0.03687400370836258,0.015436907007710002,0.7835902571678162,0.6795061387121677,0.5794172286987305,0.0648636185854418,80.0,27.7899112701416,9.369895276427268,3.138362169265747,5.259181745355848,-0.003746213435952086,0.5571409419178963,80.0,2529.5191739200063,5059.057021051489,533,0.2608768939971924,55.590965270996094,18.770724964141845,6.297852516174316,10.511760263669927
0.023529445752501488,-0.0012357584200799465,-0.01588195003569126,0.00737861320728306,0.756636381149292,0.6714490205049515,0.5750072002410889,0.03488433182121556,80.0,3.5591132640838623,1.1256540730595588,0.6357320547103882,0.5904591673023485,-0.003760495877941139,0.5611496081333608,80.0,2529.241257216588,5058.501296381153,534,0.2579078674316406,7.132429122924805,2.26720861941576,1.2990670204162598,1.1808398108849167
0.009176649153232574,-0.0035535738512407987,-0.017390500754117966,0.005585640819439266,0.5319226980209351,0.4856580443680286,0.4320968687534332,0.020915772905757878,80.0,4.064999580383301,0.9752649504691362,0.45505690574645996,0.6726506433746786,-0.003779582244111225,0.5594041134919973,80.0,2528.9017822680216,5057.822349749804,535,0.2586665153503418,8.13996696472168,1.9673502169549466,0.9195353388786316,1.3420457035798683
0.021965615451335907,-0.0047229014104232196,-0.023664262145757675,0.009842559239503113,0.5847117900848389,0.5208055950701237,0.45337942242622375,0.024793244612522938,80.0,64.06954193115234,9.303349030017852,2.9577362537384033,11.037410642341722,-0.003777895578416064,0.5575907709579916,80.0,2528.9514418745975,5057.921629323602,536,0.26338696479797363,128.14920043945312,18.6265600502491,5.921108722686768,22.07085591406635
0.005076110363006592,-0.005792044673580676,-0.028673846274614334,0.006258105809909796,0.698708713054657,0.6482246890664101,0.6052441596984863,0.01895091676406986,80.0,37.80420684814453,9.235235968232155,3.5331246852874756,6.567278459705884,-0.0037769438032410102,0.556065095288679,80.0,2529.008541178752,5058.035795516402,537,0.2628927230834961,75.62191009521484,18.495020663738252,7.110593795776367,13.130193999892784
0.006773002445697784,-0.005960030457936227,-0.023411056026816368,0.007018599884147384,0.8974980115890503,0.856932308524847,0.8178108930587769,0.01820730335101139,80.0,11.04274845123291,3.554812589287758,1.6061732769012451,1.8862327627974462,-0.0038195606919471177,0.5579747879635544,80.0,2529.0066124106684,5058.032061407223,538,0.2642085552215576,22.101852416992188,7.138683867454529,3.2447962760925293,3.7677496767341703
0.03849143534898758,-0.009921105724060908,-0.04325824975967407,0.013566635723136936,0.9167138338088989,0.8654226809740067,0.8239347338676453,0.01934526290336322,80.0,18.823619842529297,3.437432274222374,0.8513814210891724,3.7651453248133007,-0.0039001217398908924,0.5591668302472681,80.0,2528.90950309265,5057.838027733953,539,0.25975680351257324,37.66440200805664,6.912015219032765,1.744322419166565,7.520938896387916
0.01310659572482109,-0.00020780834602192045,-0.014314496889710426,0.005006352851878438,0.8904132843017578,0.8397983483970165,0.7876337766647339,0.020241806186053028,80.0,91.26628875732422,22.556234657764435,5.567300796508789,19.386891387380466,-0.003830883167451248,0.5609283830281349,80.0,2528.9601507521006,5057.939219803781,540,0.2654891014099121,182.55075073242188,45.12968100309372,11.1526460647583,38.772841211130086
0.01376817375421524,-0.00296654396224767,-0.014998726546764374,0.006933505098419275,0.6474841237068176,0.5837125428020954,0.503394365310669,0.032570999828494915,80.0,132.2039794921875,20.89767357110977,4.292784690856934,30.27819533580756,-0.003822828316828236,0.5601911874394864,80.0,2529.022932548929,5058.064752539635,541,0.25926876068115234,264.42108154296875,41.8129541516304,8.618913650512695,60.55178113246738
0.009200170636177063,-0.0032382377714384345,-0.01979585736989975,0.005791287936843314,0.7584611177444458,0.6941849544644356,0.6482902765274048,0.022734347570704562,80.0,59.97536087036133,10.376223036646843,1.5191932916641235,14.310458530422991,-0.003841010837757494,0.5595631138067693,80.0,2529.073163168464,5058.1652375819995,542,0.26175642013549805,119.96504974365234,20.77280622422695,3.0571799278259277,28.617749023286656
0.015050448477268219,-0.0034759916656184942,-0.019095253199338913,0.006372276685604102,0.9035097360610962,0.8684157349169255,0.8202009201049805,0.014481439176772574,80.0,35.886409759521484,7.305781586468219,1.593735933303833,7.318971590710813,-0.0038355762758874334,0.5619496140386909,80.0,2529.091442917306,5058.201833941266,543,0.25382423400878906,71.78567504882812,14.635883471369743,3.21103835105896,14.634221701019328
0.0037676431238651276,-0.008301228290656581,-0.026784099638462067,0.006951229024219673,0.8275129795074463,0.77336895018816,0.7236217856407166,0.01990567480816266,80.0,86.05184936523438,16.434418165683745,5.451305389404297,16.43032898582649,-0.0038878028067993,0.5645884708818049,80.0,2529.1280343018357,5058.2751739411215,544,0.24029970169067383,172.1195068359375,32.900906074047086,10.925536155700684,32.85621865405836
0.01032819040119648,-0.0038610713731031866,-0.024912029504776,0.0062572720084762955,0.6402981281280518,0.5736483111977577,0.5240654945373535,0.022130592027075423,80.0,55.89653396606445,7.969388920068741,2.000377655029297,10.944206779816806,-0.0038931036313297235,0.5656203115303069,80.0,2529.138129589397,5058.295395756588,545,0.27547264099121094,111.80538940429688,15.957973116636277,4.012271404266357,21.88523675319346
0.007549687288701534,-0.001411375484894961,-0.010786140337586403,0.003191975925417025,0.7337842583656311,0.6978732638061047,0.6586209535598755,0.016857817136242948,80.0,4777.87158203125,2445.5934410095215,815.8659057617188,822.1900003411142,-0.0038907773714745423,0.5661578390020877,80.0,2528.8844311412163,5057.7880047501185,546,0.3931107521057129,9555.759765625,4891.203630065918,1631.7451171875,1644.3811312198864
0.0015069004148244858,-0.0009869914589216932,-0.005779556930065155,0.001677312597876871,0.547325849533081,0.4996614225208759,0.458423376083374,0.01973500326454651,80.0,30462.318359375,25379.555297851562,21605.673828125,2062.9401523968318,-0.0038902121403662023,0.5657554168272764,80.0,2536.788981190044,5073.597092152462,547,0.3914017677307129,60924.6484375,50759.123046875,43211.359375,4125.879973459478
0.002560485154390335,-0.0014317922818008811,-0.009849646128714085,0.0027670399116404604,0.5560117959976196,0.5091847602277995,0.45314350724220276,0.021079095852441918,80.0,20919.875,16414.129541015624,11964.2099609375,1887.5672666177582,-0.003895116253319429,0.5659240307714789,80.0,2478.3498552134815,4956.71884923254,548,0.39068078994750977,41839.765625,32828.27238769531,23928.4296875,3775.134091916561
0.011927349492907524,-0.005344001075718552,-0.02617763914167881,0.007885039496536772,0.7978349924087524,0.762987668812275,0.7298672199249268,0.013249900782538444,80.0,688.8154907226562,228.66662149429322,87.33216094970703,107.4477642533329,-0.003932402341190026,0.5680775231849401,80.0,2478.8920050261804,4957.8032664726825,549,0.42664241790771484,1377.646240234375,457.3591873168945,174.6568145751953,214.89047029430856
0.013133328408002853,-0.0013630784465931355,-0.016970042139291763,0.005000397505501502,0.6061455011367798,0.5546937748789788,0.5052565336227417,0.021304924215106935,80.0,620.3922119140625,220.94452714920044,89.58090209960938,78.64339498821207,-0.003927052791666937,0.5679392233919353,80.0,2477.9561088193245,4955.9314606140715,550,0.43648719787597656,1240.79345703125,441.9028751373291,179.17384338378906,157.28588835738933
0.01065962016582489,-0.0016850187792442739,-0.008921613916754723,0.003662532561033912,0.4516716003417969,0.40319603197276593,0.3491657078266144,0.022123443283805465,80.0,139.8745574951172,72.3714944601059,13.059563636779785,33.30907154415202,-0.003888618163211503,0.5672640512306244,80.0,2477.1242164159603,4954.267585459815,551,0.39179015159606934,279.763916015625,144.7544238805771,26.131942749023438,66.61829580552406
0.018092922866344452,-0.004933517053723335,-0.021097332239151,0.006025654658838828,0.7576130628585815,0.7067985139787197,0.6629356145858765,0.020737209316597314,80.0,23.73919677734375,5.954081560671329,1.6654328107833862,4.179217856352076,-0.0038988323714875144,0.5715487610567361,80.0,2477.0704892445538,4954.160237241314,552,0.38791990280151367,47.492401123046875,11.932166147232056,3.3400797843933105,8.354969351217845
0.006482324562966824,-0.009762755525298417,-0.030197197571396828,0.007795654747987766,0.8507092595100403,0.808286689966917,0.7572555541992188,0.021039207720194027,80.0,5.487234115600586,2.770907387137413,1.635072112083435,0.7009630964969695,-0.003959341979905729,0.5777805250994862,80.0,2477.028079670686,4954.075663747623,553,0.3834085464477539,10.995421409606934,5.57750600874424,3.288308620452881,1.3989199434185344
0.015087421983480453,-0.005072592804208398,-0.02574804425239563,0.008953237518242816,0.7323863506317139,0.670723058283329,0.611169159412384,0.026003886751610066,80.0,8.484142303466797,4.067000575363636,1.8300923109054565,1.435721989097934,-0.00398522800768842,0.5822926813811065,80.0,2477.0576797812096,4954.135005983815,554,0.3899261951446533,16.980274200439453,8.157560807466506,3.709874153137207,2.8674239613248877
0.0030374564230442047,-0.017997620452661067,-0.04384571313858032,0.010815886877087314,0.6868577599525452,0.6354230992496014,0.5784366130828857,0.019751160973126118,80.0,35.763004302978516,15.021325027942657,8.263148307800293,4.948478306215621,-0.004096887046558549,0.5865117553267628,80.0,2477.192339754019,4954.404633629083,555,0.39331769943237305,71.53974914550781,30.09135377407074,16.54698944091797,9.886340243278852
0.008962273597717285,-0.002264521294273436,-0.013379022479057312,0.004783413948681252,0.6737542152404785,0.6287273332476616,0.5609003901481628,0.022956235153346532,80.0,37.94838333129883,11.084773242473602,4.309457302093506,6.216267960310982,-0.004104251386685065,0.5887257272098213,80.0,2476.9053114620783,4953.830636046887,556,0.34634876251220703,75.90939331054688,22.186649918556213,8.656778335571289,12.430997141296627
0.024076856672763824,-0.003960966784507036,-0.021110709756612778,0.008679571728064332,0.9388354420661926,0.8779003120958805,0.8210317492485046,0.022436348467823334,80.0,13.345643997192383,2.8445522166788577,0.997032105922699,1.7301497507592871,-0.004082177849748405,0.5898160420302302,80.0,2476.8724169354105,4953.764824653834,557,0.340620756149292,26.708168029785156,5.714584371447563,2.0401411056518555,3.4576442311944415
0.017482778057456017,-0.006920351070584729,-0.036240432411432266,0.01131622095317789,1.0088849067687988,0.9670740947127342,0.9129312038421631,0.020284241805523833,80.0,18.141483306884766,3.74258943349123,1.2450813055038452,3.151203995965544,-0.004103067354561062,0.5911920897457749,80.0,2476.8679989421335,4953.756057967037,558,0.43084049224853516,36.30188751220703,7.51836105287075,2.538177013397217,6.296231792076569
0.018611455336213112,-0.0038210302242077886,-0.026517745107412338,0.00736619998859035,0.9029634594917297,0.8604930929839611,0.8037092685699463,0.02038922998691734,80.0,42.673030853271484,11.793251982331276,3.6182873249053955,7.850689967860759,-0.004113564373605186,0.5936951706353575,80.0,2476.9571031688715,4953.934337476,559,0.35135912895202637,85.36354064941406,23.61135588288307,7.2279486656188965,15.697743976026933
0.013721038587391376,-0.004028755205217749,-0.02291545644402504,0.007404941990835925,0.6485297083854675,0.6030037768185139,0.5540333986282349,0.022045822318916504,80.0,83.4864730834961,14.4312583476305,3.136791467666626,19.66204358894445,-0.004085741184622748,0.5930934186819941,80.0,2477.0241128554608,4954.068289167061,560,0.2806129455566406,166.98428344726562,28.882634288072587,6.313884735107422,39.321531522152355
0.0311347097158432,-0.0018131235672626644,-0.015127725899219513,0.007583503328318319,0.6874712705612183,0.6281619817018509,0.5699450969696045,0.02501306218437634,80.0,58.08613204956055,7.691475175321102,1.3682777881622314,11.080721346311094,-0.004066075482842279,0.5932693027649075,80.0,2476.9073725673375,4953.834772778049,561,0.3596165180206299,116.18482971191406,15.399139803647994,2.7662863731384277,22.160092145746216
0.015604030340909958,-0.0071838007948827,-0.030089931562542915,0.009919828883698141,0.9038666486740112,0.8490370333194732,0.797491192817688,0.02390191791211029,80.0,72.54632568359375,13.603447523713111,2.5232295989990234,16.369399542398995,-0.0040942428037233185,0.5966625450644643,80.0,2476.859382531744,4953.738916907504,562,0.2678098678588867,145.09585571289062,27.238243645429613,5.0637922286987305,32.732066943927244
0.008355522528290749,-0.008483218250330538,-0.02250175178050995,0.0065173175115376,0.8244777321815491,0.7620986983180046,0.6976796388626099,0.019964231326538167,80.0,70.21105194091797,11.810785767436027,3.5412166118621826,13.818174065162568,-0.00411585175289656,0.596782818445936,80.0,2476.897677194816,4953.815551859289,563,0.24974775314331055,140.4385986328125,23.65378002524376,7.111786842346191,27.632187592477624
0.02111680991947651,-0.006293976807501167,-0.0361626036465168,0.009876521048334383,0.6916167140007019,0.6393659293651581,0.597953200340271,0.019830479686391893,80.0,52.63112258911133,6.369378650188446,1.0093942880630493,11.27622071640257,-0.004158000983559759,0.5957722572106868,80.0,2476.892251791936,4953.804765144616,564,0.2631113529205322,105.27583312988281,12.764132729172706,2.054867744445801,22.546930206352375
0.026464540511369705,-0.0036548793432302773,-0.02562248706817627,0.009566531524548878,0.7903100252151489,0.7187282286584378,0.6766113042831421,0.020499302340068075,80.0,4662.83740234375,2597.2132049560546,827.1279296875,852.3518069759282,-0.004159985048085219,0.5968042395953089,80.0,2502.7401768905042,5005.500639415234,565,0.2735912799835205,9325.6865234375,5194.448040771485,1654.247802734375,1704.7058164357593
0.0013902205973863602,-0.0005898355244426057,-0.004104961641132832,0.0011372795056475685,0.4866477847099304,0.44474837854504584,0.4034666121006012,0.0180202481800251,80.0,33070.15625,27699.28566894531,21942.77734375,2329.0905788537925,-0.004136901548889,0.5953362433779984,80.0,2779.6684242330457,5559.357048646926,566,0.25115489959716797,66140.3203125,55398.58041992188,43885.5625,4658.180685607669
0.003271156921982765,-0.0005267663684207946,-0.005221482366323471,0.0012945571186793355,0.5373238325119019,0.4993370115756989,0.43377336859703064,0.01743798563719615,80.0,31620.55078125,26330.98125,20993.984375,2172.0871160857573,-0.00412802287726663,0.5942759728077798,80.0,2993.158459511366,5986.337086305618,567,0.3563416004180908,63241.11328125,52661.97412109375,41987.984375,4344.173802563177
0.013558706268668175,-0.0042857805616222325,-0.026303596794605255,0.007087894705877909,0.7440121173858643,0.6898709312081337,0.6417218446731567,0.021134019631251375,80.0,643.1941528320312,285.16550903320314,84.85090637207031,105.78364693480165,-0.004167130626912694,0.5974618968460708,80.0,2622.991437599745,5246.003186101913,568,0.38733458518981934,1286.401611328125,570.3533878326416,169.69183349609375,211.56787550877436
0.005761059932410717,-0.0024388507707044484,-0.015885842964053154,0.004081454189758079,0.5212186574935913,0.46578543186187743,0.39918485283851624,0.02484522160615913,80.0,483.52410888671875,239.4494620323181,99.1814956665039,85.23836207554368,-0.004189075146859978,0.5975398824270814,80.0,2471.777525481787,4943.575408832551,569,0.39536428451538086,967.0572509765625,478.91311779022215,198.38031005859375,170.47500137401923
0.0033054910600185394,-0.00398717062198557,-0.016225412487983704,0.00418077456750481,0.44241777062416077,0.39405045881867407,0.34307408332824707,0.021334017463623595,80.0,232.39076232910156,100.43129439353943,27.506731033325195,45.81378493306422,-0.004213195884076413,0.596233810884878,80.0,2469.89173021039,4939.803840402604,570,0.31397199630737305,464.7891845703125,200.87844295501708,55.04431915283203,91.62647817806334
0.005428653210401535,-0.005341124598635361,-0.018314268440008163,0.005144614586237856,0.7058243155479431,0.6448482550680638,0.5922540426254272,0.01948289926028594,80.0,14.426691055297852,5.8645944625139235,2.777688503265381,2.2332741390413733,-0.004239737413648981,0.5978406815286725,80.0,2467.3194608155454,4934.6593868291975,571,0.38462114334106445,28.86692237854004,11.752768117189408,5.593006134033203,4.465177132637831
0.041656628251075745,-0.00867090238025412,-0.03954514116048813,0.015055367359445196,0.8228029012680054,0.7672091819345951,0.7015513181686401,0.020344658344652423,80.0,5.287880897521973,2.497080360352993,1.5064034461975098,0.6496520667076643,-0.004319967095798347,0.6033488858100027,80.0,2466.0691055984316,4932.158947013049,572,0.38567495346069336,10.595616340637207,5.026846727728843,3.091165781021118,1.2938001986017302
0.013946276158094406,-0.00895995051250793,-0.03050496242940426,0.0099079327498965,0.5743594169616699,0.5102841671556234,0.44807156920433044,0.027292307954512155,80.0,38.18020248413086,7.926037845015526,2.7608706951141357,6.746898522698679,-0.004398882959794719,0.6063981149923056,80.0,2466.0571322108326,4932.1352190555035,573,0.383469820022583,76.3702392578125,15.880201423168183,5.561287879943848,13.486075936943465
0.005174869671463966,-0.004924673220375553,-0.01614396832883358,0.004380063427353274,0.541634738445282,0.48794435113668444,0.4405210614204407,0.01898309051966203,80.0,51.472408294677734,12.662894040346146,5.109073162078857,9.757977219625705,-0.004420337660703808,0.6088823759444059,80.0,2466.1393251135837,4932.299697457835,574,0.3801085948944092,102.95726013183594,25.34539649486542,10.23541259765625,19.513548153141464
0.00359165295958519,-0.0036303104483522476,-0.01607883721590042,0.0039721703525892145,0.6855995655059814,0.6392848737537861,0.5932981371879578,0.021913569628613072,80.0,31.223655700683594,6.534354165196419,2.576972484588623,5.755588472424523,-0.004428009608818685,0.6121998116802424,80.0,2466.195378677074,4932.411886277362,575,0.3920011520385742,62.45977783203125,13.088754630088806,5.169586181640625,11.508169719052491
0.005437642335891724,-0.008828387851826847,-0.03598455712199211,0.008164145804180433,0.8428313136100769,0.768401051312685,0.6759402751922607,0.03694090405046173,80.0,11.329161643981934,2.9412868171930313,1.419736623764038,1.774813246722092,-0.0044085763111943385,0.6169744585510344,80.0,2466.203493250493,4932.428172050476,576,0.3895103931427002,22.67327880859375,5.915598481893539,2.870767593383789,3.5436143789069594
0.018801385536789894,-0.003710948262596503,-0.017945747822523117,0.007808528743009446,0.9652513861656189,0.8858654737472534,0.8240693807601929,0.03518911802458262,80.0,16.087709426879883,2.8128632441163064,0.9059633016586304,2.7973329447851274,-0.0044103431730181915,0.6216735545266419,80.0,2466.004702533681,4932.030688133001,577,0.39009881019592285,32.193077087402344,5.650865697860718,1.8288202285766602,5.589996261957579
0.006624314934015274,-0.004190807777922601,-0.020131098106503487,0.0056764536645138,0.8529230356216431,0.7934832453727723,0.74350905418396,0.023052255816495004,80.0,110.739013671875,18.01144769489765,3.103351593017578,21.44243124391311,-0.004383942351501901,0.6219762348551303,80.0,2466.138649148036,4932.298534613073,578,0.41274333000183105,221.49307250976562,36.04714660644531,6.264023780822754,42.87957274595707
0.009890684857964516,-0.0034805375733412804,-0.016336973756551743,0.0056617438142784506,0.5994218587875366,0.5382530525326729,0.4810279607772827,0.021270720336898488,80.0,111.36384582519531,24.079023325443266,7.769136905670166,25.30802235575855,-0.004282829712203238,0.6188068324122578,80.0,2466.333232580621,4932.687435864926,579,0.40919947624206543,222.74072265625,48.17577278614044,15.581523895263672,50.611806726827375
0.0067653656005859375,-0.006483908940572292,-0.02384219318628311,0.006019772832139023,0.7505822777748108,0.6891166932880879,0.6336085796356201,0.025028156762002995,80.0,51.20966720581055,11.183429262042045,3.9101953506469727,8.344584338800445,-0.004307522094692103,0.6188006122279911,80.0,2466.4198747748324,4932.860769512668,580,0.4150400161743164,102.43387603759766,22.393608552217483,7.86073637008667,16.68446250917635
0.01579645648598671,-0.006110095325857401,-0.028356557711958885,0.007888338781173055,0.8386319875717163,0.7885239973664284,0.7372032999992371,0.021390544561733706,80.0,37.34513473510742,8.147924599051475,2.2004308700561523,7.437251594783941,-0.004310105454991571,0.6191461468730121,80.0,2466.409235436667,4932.839502914503,581,0.39957451820373535,74.7039794921875,16.32384011745453,4.428182601928711,14.868610736652343
0.010859482921659946,-0.005042870657052845,-0.02299918606877327,0.0056546476481380385,0.7809438705444336,0.7249098539352417,0.6745904088020325,0.020328269029397307,80.0,71.09892272949219,9.252073429524899,1.85226309299469,15.091294350097142,-0.004327814559219405,0.6210137037988751,80.0,2466.3040786589722,4932.629262126878,582,0.44702816009521484,142.21670532226562,18.52873069047928,3.751384735107422,30.180086092692797
0.015919731929898262,-0.0038245917705353348,-0.023490983992815018,0.006843893638835942,0.7377105951309204,0.6870237790048123,0.6148595809936523,0.022477185598317153,80.0,36.7132568359375,5.72444439381361,1.2831826210021973,7.705666707962664,-0.004313075930258492,0.6220872559007257,80.0,2466.271243785028,4932.563584372416,583,0.4043772220611572,73.4416275024414,11.470278471708298,2.5838050842285156,15.408293710819457
0.011187860742211342,-0.0016981187800411135,-0.013890326954424381,0.005070446714636547,0.783786416053772,0.7386338293552399,0.6985934972763062,0.015770705628037368,80.0,8967.0439453125,5996.495703125,2654.017822265625,1334.7323363385813,-0.004305645601678407,0.6224443929102271,80.0,2526.1402460906097,5052.301581217542,584,0.39476490020751953,17934.08984375,11993.0095703125,5308.0517578125,2669.4657846397376
0.0010467730462551117,-0.000668620818760246,-0.0032799672335386276,0.0009050457379070535,0.4777567982673645,0.4220993299037218,0.37073764204978943,0.021144509708112255,80.0,35093.28515625,30001.974047851563,26341.41015625,1891.915653396682,-0.004276421531656524,0.6188793638516218,80.0,2826.02005180781,5652.0610559321785,585,0.39870333671569824,70186.578125,60003.95717773437,52682.828125,3783.8307337383085
0.004588928073644638,-0.0012495477101765573,-0.007311578840017319,0.0025318565239599543,0.5777907371520996,0.5327368304133415,0.47476926445961,0.02323037523661545,80.0,21497.93359375,17572.926318359376,12817.958984375,2002.5559215402118,-0.004238886233448284,0.6193905262146144,80.0,3001.613103433777,6003.247101712659,586,0.3819906711578369,42995.8828125,35145.866528320315,25635.9296875,4005.1126772766606
0.003341618925333023,-0.0013467176468111575,-0.00958373211324215,0.0021998765881536585,0.651473343372345,0.6068974979221821,0.5667077302932739,0.016801714175430325,80.0,624.9463500976562,244.76013584136962,89.28760528564453,89.39662687568047,-0.004215610316226958,0.6173277542907745,80.0,3003.320466034699,6006.661739134267,587,0.3941609859466553,1249.9044189453125,489.53510665893555,178.59588623046875,178.79225680964313
0.004980817437171936,-0.0037784703803481535,-0.016880419105291367,0.004643139122302654,0.5106090307235718,0.46118679493665693,0.3933247923851013,0.024129929998277302,80.0,366.80511474609375,191.22381553649902,75.9352035522461,70.40471033327134,-0.004250212436192669,0.6162199383545667,80.0,2849.4739860504155,5698.968822208836,588,0.376176118850708,733.6185302734375,382.4644109725952,151.90589904785156,140.80732913540496
0.003300245851278305,-0.00147909406805411,-0.010950092226266861,0.0026655475332336854,0.3785676956176758,0.336394016072154,0.2903146743774414,0.018416454038551598,80.0,160.919921875,71.75992295742034,10.122705459594727,36.57233815300927,-0.004253232496383135,0.6162558133918793,80.0,2544.6189341569434,5089.258718103126,589,0.32875967025756836,321.8423156738281,143.52953083515166,20.263782501220703,73.14482393605057
0.007111032959073782,-0.007092762779211626,-0.023603683337569237,0.006691370860969342,0.6490382552146912,0.5970636665821075,0.5488120317459106,0.021768085953631312,80.0,11.885916709899902,5.025850978493691,1.862309217453003,1.80856858946698,-0.004318330445152243,0.6175138099361211,80.0,2518.333344007213,5036.68769267939,590,0.3113093376159668,23.78398895263672,10.077828720211983,3.751905679702759,3.6125306562182002
0.06949947029352188,-0.000925487803760916,-0.04202486202120781,0.02040995864004611,0.8783605098724365,0.7316773444414139,0.6071484684944153,0.06565250342242612,80.0,5.670750141143799,0.9508065208792686,0.4157794713973999,0.7955807172726886,-0.00431517766363686,0.6196640377920122,80.0,2514.8121131617463,5029.645267690316,591,0.41232776641845703,11.356424331665039,1.918097558617592,0.8884487152099609,1.5893714479916583
0.0051492564380168915,-0.002488898258889094,-0.012225738726556301,0.003958859226051463,0.4857637584209442,0.4413005869835615,0.3797015845775604,0.022177024855502086,80.0,7.967405796051025,1.3081162996590137,0.5216007828712463,1.463549806125217,-0.004329507099930197,0.6218654745519161,80.0,2513.3639386999716,5026.748991435394,592,0.3904139995574951,15.945348739624023,2.630036422610283,1.0588200092315674,2.925781293082161
0.00367577001452446,-0.008413148240651935,-0.026139209046959877,0.007374293424437622,0.4062017798423767,0.35618345960974696,0.3119456171989441,0.020129294776126145,80.0,21.0720272064209,4.1722867175936695,1.3356775045394897,3.618421500609417,-0.0043566508699441325,0.6232210306823253,80.0,2513.2356097730953,5026.492414980039,593,0.38541746139526367,42.15126037597656,8.368523371219634,2.713974714279175,7.229795793401968
0.013452734798192978,-0.006059348356211558,-0.022670350968837738,0.007332734588290185,0.5893004536628723,0.5441337287425995,0.5044755339622498,0.0198961320078493,80.0,32.31195831298828,6.033365425467491,1.6872625350952148,5.324860383112581,-0.004407339229655918,0.6263605968691409,80.0,2513.25786786126,5026.537095324353,594,0.39986491203308105,64.636474609375,12.089732253551484,3.4007391929626465,10.645064936524475
0.013201192021369934,-0.008162674738559871,-0.033312998712062836,0.008892591784692127,0.8099732398986816,0.7612817384302616,0.7171157598495483,0.019087172681286034,80.0,12.889294624328613,3.550436432659626,0.9369378089904785,1.921339352853378,-0.004481282904394902,0.6300976959392428,80.0,2513.278628655817,5026.578839543031,595,0.5016396045684814,25.79154396057129,7.1324238777160645,1.9034767150878906,3.8367803900746895
0.003391589969396591,-0.008098020433681085,-0.026750534772872925,0.007170346772312632,0.9317537546157837,0.8793141193687916,0.8104199767112732,0.029748243818126643,80.0,24.02611541748047,4.948387423157692,1.8178420066833496,4.319960609077207,-0.004482470684917644,0.6362083825394511,80.0,2513.267031105753,5026.555769032523,596,0.39667820930480957,48.067562103271484,9.93055717945099,3.6973519325256348,8.633909415649832
0.010740354657173157,-0.007628721336368471,-0.031094074249267578,0.008960314191747372,0.8408414125442505,0.7798864006996155,0.7311220765113831,0.02578866950291543,80.0,96.0198745727539,30.173865973949432,12.483916282653809,15.880319026965712,-0.004510980094142724,0.6392432574033738,80.0,2513.4239833044967,5026.869791145012,597,0.39838624000549316,192.05606079101562,60.37858707904816,24.996475219726562,31.752673633156547
0.013951700180768967,-0.004483548447024077,-0.030251536518335342,0.00905123332273647,0.6231468915939331,0.5591499969363213,0.4955078959465027,0.028600100347221866,80.0,82.17221069335938,17.946703732013702,4.677567958831787,18.796263191789514,-0.004492723850999028,0.6372097821906209,80.0,2513.568588288199,5027.158923927799,598,0.4191718101501465,164.357666015625,35.91355727910995,9.388326644897461,37.5865213254062
0.006479684263467789,-0.01054638326750137,-0.026213858276605606,0.0074649055682871465,0.6034196615219116,0.5440900590270757,0.49445754289627075,0.024308541097296993,80.0,50.181644439697266,11.644379848241806,4.098206996917725,8.824331258617178,-0.004539295888214838,0.6348291768319905,80.0,2513.6631967905796,5027.348186466724,599,0.4312436580657959,100.37681579589844,23.32073450088501,8.228323936462402,17.642705627506096
0.0014751888811588287,-0.007600953400833532,-0.030574969947338104,0.007133539494193124,0.8412977457046509,0.7754179552197457,0.722830057144165,0.027788344200414903,80.0,22.63791847229004,5.868605202436447,2.244107723236084,3.9112532974968257,-0.004606912433693652,0.6357398553751409,80.0,2513.694352421615,5027.410651176244,600,0.42345309257507324,45.29150390625,11.767920756340027,4.504504680633545,7.81766860995213
0.009359784424304962,-0.004618032212601974,-0.016243107616901398,0.005333983008335265,0.7252975702285767,0.685728894174099,0.6316572427749634,0.02267345945391818,80.0,52.90818786621094,8.189657942950726,1.5041351318359375,11.49179019224894,-0.0046019395249895755,0.6357634439058601,80.0,2513.6829464854186,5027.387829829097,601,0.4186265468597412,105.83099365234375,16.402266481518744,3.040207862854004,22.979398019702607
0.01862407848238945,-0.004883585416246205,-0.024436105042696,0.007334634650098459,0.6144558191299438,0.552878773957491,0.5034992098808289,0.022820427556551986,80.0,71.58409881591797,8.386235612630845,1.5089675188064575,13.304001722722706,-0.00464056017715484,0.6357430225796997,80.0,2513.629826863844,5027.281667417736,602,0.42003726959228516,143.180419921875,16.793295899033545,3.0386009216308594,26.60365243393669
0.011983832344412804,-0.0012667975097429007,-0.01446028146892786,0.005756592833578084,0.7541507482528687,0.7175643421709538,0.6614524126052856,0.016317578659311466,80.0,6724.35107421875,4412.109237670898,2186.85693359375,1072.7187386268856,-0.0045964032123447405,0.6364314342252908,80.0,2557.671857347671,5115.365654606284,603,0.4279599189758301,13448.7197265625,8824.23543701172,4373.73046875,2145.4380127275126
0.0036708805710077286,-0.0006729019107297063,-0.005539262667298317,0.00137114333447316,0.47013282775878906,0.41862541921436786,0.3686845898628235,0.02031335362467095,80.0,32735.552734375,26849.548583984375,21281.880859375,2481.0049303753535,-0.004559072535834275,0.6323552616015076,80.0,2826.0742677191975,5652.170313290686,604,0.3797576427459717,65471.11328125,53699.10629882813,42563.7734375,4962.0095694453385
0.007850456982851028,-0.0028408865968231113,-0.020729146897792816,0.003867533676869521,0.5475451946258545,0.49038104638457297,0.4380083978176117,0.024569499066068992,80.0,30836.111328125,26047.476611328126,20316.96484375,2232.974562894101,-0.004576498695649207,0.6295954602584242,80.0,3086.4223982837384,6172.866553482503,605,0.25559258460998535,61672.24609375,52094.96865234375,40633.94140625,4465.948336941349
0.003411531448364258,-0.001948104047914967,-0.014335855841636658,0.003155509336900665,0.6712825298309326,0.6119497694075108,0.5396772027015686,0.02335289546667402,80.0,412.13885498046875,183.87722930908203,46.13304138183594,68.13263659442248,-0.0045280737080611285,0.6303315828219056,80.0,3087.6451891873066,6175.312053163975,606,0.3601369857788086,824.2899169921875,367.77059469223025,92.2831039428711,136.26349145242312
0.004548138007521629,-0.003049134212778881,-0.014486338943243027,0.0035984740497034605,0.475626140832901,0.4241049986332655,0.353595495223999,0.022642769827560198,80.0,594.2484741210938,298.67503328323363,110.94640350341797,84.45308359913062,-0.004545914744609036,0.6262951708696781,80.0,3062.131509786863,6124.2846496357615,607,0.28490638732910156,1188.504638671875,597.3646429061889,221.91346740722656,168.90382849932158
0.004725664854049683,-0.0018848143226932734,-0.010520819574594498,0.0031245854300609474,0.3126358985900879,0.26825871858745814,0.22086401283740997,0.018106451086793658,80.0,247.7573699951172,124.94173126220703,52.26771926879883,45.445365879430184,-0.004555991114000789,0.6236305349674075,80.0,2772.2866707518283,5544.594930096119,608,0.25319385528564453,495.5196533203125,249.8925968170166,104.53645324707031,90.88988083013733
0.0048429593443870544,-0.008115113014355302,-0.023181233555078506,0.005848936805405014,0.7312689423561096,0.6398455679416657,0.5908920168876648,0.02682529302667047,80.0,33.07898712158203,7.268730962276459,2.8887979984283447,5.209208541964992,-0.004577243888168596,0.6246426552888006,80.0,2556.544084623951,5113.109812273472,609,0.2559525966644287,66.17109680175781,14.566489219665527,5.822657585144043,10.414430738027475
0.032081373035907745,-0.0014992383308708667,-0.02384595014154911,0.010537209888757792,0.8533017635345459,0.8034306950867176,0.7239720821380615,0.027060340018194823,80.0,6.639142036437988,1.9281462177634239,0.9519075155258179,1.178948415970274,-0.004567816042574122,0.6254923362638801,80.0,2553.744669772271,5107.510980726421,610,0.2551155090332031,13.294754028320312,3.875359508395195,1.9244298934936523,2.3596769722840523
0.01948496326804161,-0.0039045779034495355,-0.025479042902588844,0.008090755084752007,0.5619981288909912,0.5043852526694537,0.44190046191215515,0.02491006279120657,80.0,4.620514392852783,1.0074408583343029,0.476036936044693,0.736241696823868,-0.004584253589157015,0.6264897397328167,80.0,2550.912498645004,5101.846691275007,611,0.25202131271362305,9.25072956085205,2.0327785678207873,0.9740727543830872,1.465898335731485
0.024446364492177963,-0.006235373916570097,-0.03087521903216839,0.010825202545708124,0.4182525873184204,0.36756555289030074,0.30734699964523315,0.01882821166528334,80.0,13.987476348876953,3.0017352677881717,0.960932195186615,2.5964357835310983,-0.004625485704222229,0.6275862996038049,80.0,2549.9835105338434,5099.988819456555,612,0.2542145252227783,27.98239517211914,6.023292598128319,1.9483911991119385,5.187547041160062
0.035774026066064835,-0.006297605793224648,-0.04138398915529251,0.013468500150436736,0.5281343460083008,0.4515180129557848,0.38761791586875916,0.031268843787971984,80.0,31.90470314025879,5.326007463037968,1.9609125852584839,5.058123163507056,-0.0046408645226038055,0.6279531282726675,80.0,2549.9600440537374,5099.941924590924,613,0.25806307792663574,63.8180046081543,10.673640516400337,3.984565019607544,10.109544481037691
0.014816299080848694,-0.007785665109986439,-0.027356572449207306,0.009730748369026468,0.7227801084518433,0.6764163464307785,0.6263508200645447,0.02078635673640288,80.0,11.01407527923584,3.028061343729496,1.2339595556259155,1.8641565356809056,-0.004614676625584253,0.6290216136146336,80.0,2549.977887051817,5099.977579581269,614,0.2622842788696289,22.041072845458984,6.085222378373146,2.4971842765808105,3.722637924345065
0.03287389501929283,-0.006778905558167026,-0.0386008694767952,0.011432840773886975,0.8187284469604492,0.7624904297292232,0.710844874382019,0.022967146205527717,80.0,24.852296829223633,3.9734915778040887,1.0598069429397583,4.268110983118024,-0.0046605182081111704,0.6313656834233552,80.0,2550.010059817631,5100.042063678026,615,0.26056694984436035,49.7200927734375,7.9757908314466475,2.1781575679779053,8.530134887948416
0.010963402688503265,-0.006666733248857781,-0.02402365766465664,0.007541097802238262,0.8443641066551208,0.822310134768486,0.7948969602584839,0.01217276354319676,80.0,105.13967895507812,29.52600955367088,4.35842227935791,21.302502160910013,-0.00464479028567439,0.6352207258660346,80.0,2550.2082214366983,5100.43843255794,616,0.259350061416626,210.29617309570312,59.08179843425751,8.748537063598633,42.60162379720758
0.007869444787502289,-0.001752881711581722,-0.013357685878872871,0.0038903859202371626,0.6962593793869019,0.6589332431554794,0.613181471824646,0.01983935696939121,80.0,120.52970123291016,37.34610099792481,13.80273151397705,22.209133555073393,-0.004658617520472036,0.6365374668184668,80.0,2550.393310251672,5100.808664181829,617,0.2605924606323242,241.07196044921875,74.70888676643372,27.628265380859375,44.41568795270182
0.007376205176115036,-0.004124277702067048,-0.01906592771410942,0.005382321819974595,0.5365369319915771,0.48521961458027363,0.41637712717056274,0.019851774635801095,80.0,100.45133209228516,15.52120000422001,3.53271746635437,18.908887695620407,-0.004604594954173081,0.6336065389644354,80.0,2550.5201406790875,5101.062158374325,618,0.25956106185913086,200.91201782226562,31.060353064537047,7.086169242858887,37.81400512633079
0.015001093968749046,-0.0029671430762391537,-0.019315436482429504,0.0054589902337523165,0.7700077295303345,0.7148386649787426,0.6553823947906494,0.023163553198110025,80.0,160.73863220214844,22.866834391653537,1.6132303476333618,33.87015731557054,-0.0045707671629497786,0.6329549239110202,80.0,2550.726745921295,5101.475288168834,619,0.2874443531036377,321.49493408203125,45.753899657726286,3.2525038719177246,67.73980582874083
0.02288932166993618,-0.00023959707468748092,-0.020453888922929764,0.00781752900628981,0.8546871542930603,0.8127599038183689,0.7665292024612427,0.020874672363911495,80.0,84.96208190917969,11.731004039943219,1.3045886754989624,18.097569984816616,-0.004524903199868276,0.6333604096900671,80.0,2550.824358846683,5101.670430400759,620,0.2749788761138916,169.93927001953125,23.478742408752442,2.6327860355377197,36.1910460731821
0.006947305053472519,-0.005725670093670488,-0.031894586980342865,0.008037211951127731,0.702043890953064,0.6562679961323739,0.6072430610656738,0.021791674432693222,80.0,89.94270324707031,16.464524894952774,5.15010929107666,17.043305216699974,-0.0045480415151105255,0.6323294993992894,80.0,2550.8737307282126,5101.769199824751,621,0.26120829582214355,179.89871215820312,32.95362659692764,10.326814651489258,34.08110681196085
0.006194194778800011,-0.002869056531926617,-0.01692378520965576,0.004734621152566605,0.7143783569335938,0.6699002034962177,0.6191384792327881,0.018694822422311335,80.0,780.5380249023438,322.9536432266235,64.07115173339844,172.29202666723594,-0.004558176987688056,0.6338024661112577,80.0,2553.987130257044,5107.996048659623,622,0.3398768901824951,1561.094970703125,645.9264270782471,128.16517639160156,344.58493931902933
0.008518911898136139,-0.001710233953781426,-0.015410926192998886,0.004746606521702418,0.6366342306137085,0.6018153265118599,0.5577398538589478,0.018452772567557323,80.0,20199.470703125,15737.505541992188,12528.5927734375,1395.0396952542744,-0.004520419462234712,0.6324667163137346,80.0,2711.2891159307096,5422.599916285187,623,0.382859468460083,40398.95703125,31475.02639160156,25057.203125,2790.081066137753
0.0007523167878389359,-0.0006827429635450244,-0.002686878200620413,0.0007787946389649996,0.40618768334388733,0.3681296296417713,0.3246821463108063,0.0160608731801026,80.0,31339.478515625,26280.84873046875,21723.767578125,2329.4464449143597,-0.004445997825358063,0.627917970949784,80.0,2973.9617797736864,5947.945007691533,624,0.39569640159606934,62678.96484375,52561.70654296875,43447.546875,4658.892618588595
0.010174140334129333,-0.001863798958947882,-0.010172629728913307,0.0032437159761501575,0.5891571044921875,0.5392121955752373,0.47180241346359253,0.023473061683301183,80.0,9089.12890625,5562.12756652832,2623.890869140625,1306.5844799478234,-0.004381377711950335,0.6264598251376301,80.0,3029.410220375155,6058.8417300845695,625,0.3925473690032959,18178.26953125,11124.269604492187,5247.79638671875,2613.169800475676
0.0049911439418792725,-0.001953645085450262,-0.012215284630656242,0.002954241114135979,0.5372760891914368,0.4873663954436779,0.4365975260734558,0.022199020427753458,80.0,451.34869384765625,271.9189916610718,139.12779235839844,67.15992183847182,-0.004307441546116025,0.6250243777725846,80.0,3031.9879821226937,6063.997077014358,626,0.3881855010986328,902.7066650390625,543.8516395568847,278.2784118652344,134.319365278902
0.002479938790202141,-0.0017339130048640073,-0.007942212745547295,0.002307834367251421,0.4512946605682373,0.3976602334529161,0.34476813673973083,0.02178757027547182,80.0,242.92088317871094,110.11288408041,15.132386207580566,51.551083978956136,-0.0043173145897453654,0.6221765565034002,80.0,2994.6866765610316,5989.394428350121,627,0.3859741687774658,485.849365234375,220.23719046115875,30.284379959106445,103.10153683669425
0.014095310121774673,-0.009839148411992937,-0.035225577652454376,0.010347980077471324,0.5561179518699646,0.48762239404022695,0.39035359025001526,0.03036295075120135,80.0,15.471821784973145,3.454366298764944,0.6469054818153381,2.2131293172244293,-0.004411934431933332,0.6228732988964767,80.0,2738.1400871673777,5476.301457444072,628,0.35768604278564453,30.953603744506836,6.938163301348686,1.341874122619629,4.419531173519192
0.00656785536557436,-0.014190947770839558,-0.03844556212425232,0.01146257180113564,0.7246531844139099,0.6765357293188572,0.6154378652572632,0.022981128733180395,80.0,13.76407241821289,3.6174546480178833,1.1944206953048706,1.8729713528007026,-0.004543984469433781,0.625074435679242,80.0,2634.9541644238193,5269.9299170691065,629,0.3477814197540283,27.542396545410156,7.276821878552437,2.4056291580200195,3.7403622052236685
0.03438808396458626,-0.0033265148405916987,-0.02784506231546402,0.01038281089804995,0.7594506144523621,0.6808394216001034,0.5776230096817017,0.033752430286192216,80.0,2.6097872257232666,0.970725343376398,0.41629940271377563,0.4434162757379993,-0.004562481021741406,0.6261598093565554,80.0,2631.071144321296,5262.163935603229,630,0.27260351181030273,5.233620643615723,1.9617205083370208,0.8661564588546753,0.8834279731712161
0.0075205303728580475,-0.00138307751622051,-0.01038234680891037,0.003422776942288604,0.5158931016921997,0.45311412736773493,0.3987846374511719,0.025819071272514225,80.0,7.273472309112549,1.8908855758607388,0.763677179813385,1.367909266224209,-0.004546155981370249,0.6264613960329443,80.0,2629.596111313995,5259.213842958448,631,0.2549781799316406,14.553428649902344,3.793599596619606,1.5499540567398071,2.7337450678133104
0.0035598352551460266,-0.002827842958504334,-0.012169070541858673,0.0034347275627103434,0.4340081214904785,0.38728420101106165,0.3454347252845764,0.020137244710989006,80.0,30.7294921875,4.663828440010548,1.1628528833389282,4.966312900795003,-0.004527077044389444,0.6260588686149567,80.0,2629.2817193142587,5258.585012753008,632,0.23849010467529297,61.46637725830078,9.341058266162872,2.352412462234497,9.930240995398705
0.010898798704147339,-0.006181110325269401,-0.022875715047121048,0.005781452809273257,0.5376197099685669,0.490692538022995,0.44226619601249695,0.021023264754474608,80.0,31.15453338623047,5.050633712112903,1.7335875034332275,5.208739537018058,-0.00450216763370554,0.624170732608065,80.0,2629.2385266986153,5258.498539937972,633,0.23970556259155273,62.317230224609375,10.123443460464477,3.5018248558044434,10.41270671930369
0.01017993688583374,-0.006926021393155679,-0.028636088594794273,0.006585335872396367,0.8038035035133362,0.7503466591238975,0.7081587314605713,0.02191791535481796,80.0,14.23706340789795,3.4620543465018274,1.079980731010437,2.3963957255090427,-0.004559070263436297,0.6249597089942545,80.0,2629.2618907013493,5258.545397528215,634,0.24787640571594238,28.489782333374023,6.952967643737793,2.2085819244384766,4.788668140477013
0.01648819074034691,-0.0038996082497760654,-0.02428729273378849,0.007722741278932554,0.8628391027450562,0.7801227033138275,0.7097560167312622,0.03836324331516254,80.0,32.567264556884766,5.419801983237266,2.0390663146972656,5.802280181749866,-0.004562530607421651,0.6279043555837125,80.0,2629.3063360716774,5258.634354081891,635,0.24476003646850586,65.14994812011719,10.863005584478378,4.101912021636963,11.600812725680154
0.027067895978689194,-0.002790555194951594,-0.02623581700026989,0.011209082369409002,0.7990350723266602,0.7361718513071537,0.6898296475410461,0.022485201339670146,80.0,160.33807373046875,28.899959298968316,3.7711265087127686,34.59377602021856,-0.0045432071452669335,0.6300580181460829,80.0,2629.502302174367,5259.026290708624,636,0.24745941162109375,320.6854248046875,57.82022272348404,7.575885772705078,69.18214597692587
0.0041977353394031525,-0.006171301635913551,-0.024943530559539795,0.0059902095674246375,0.5757020115852356,0.5214663874357939,0.46711647510528564,0.025005879452761764,80.0,85.61390686035156,16.836430233716964,4.410974502563477,19.043926826975213,-0.004546999714890262,0.6287904351297766,80.0,2629.5783141170214,5259.178296825254,637,0.24942588806152344,171.23751831054688,33.69563232660293,8.859365463256836,38.08188661433173
0.01414400339126587,-0.006122315936954692,-0.025495296344161034,0.006909632159227868,0.6221606731414795,0.577164102345705,0.5013321042060852,0.026503046651924867,80.0,50.14042663574219,9.070778772234917,2.1449522972106934,8.934876433480643,-0.0045486225696804465,0.6259927530679852,80.0,2629.633473778851,5259.288563440048,638,0.2766990661621094,100.29106140136719,18.165345346927644,4.31815767288208,17.864869546506167
0.00964374840259552,-0.009408877813257277,-0.0308096781373024,0.009079215175798282,0.8917162418365479,0.8140946485102176,0.7307608127593994,0.04299689996955062,80.0,37.430355072021484,7.1700828790664675,2.451061248779297,6.748823080063789,-0.00454350029057241,0.6254794727433473,80.0,2629.6708002849,5259.3631959410395,639,0.3267085552215576,74.8780517578125,14.37526531815529,4.946650505065918,13.490036550409368
0.013145267963409424,-0.005170981062110514,-0.028375305235385895,0.009052966797947641,0.7542051672935486,0.6784133777022362,0.6301417350769043,0.029721201247712433,80.0,73.74138641357422,10.875511556863785,3.9574573040008545,11.898044248945379,-0.0045931320177332955,0.6238656230363995,80.0,2629.5539930538907,5259.129648464927,640,0.35697031021118164,147.49542236328125,21.774933391809462,7.975088119506836,23.788573467939635
0.004445580765604973,-0.00604864043998532,-0.021662816405296326,0.00576850259415499,0.6584656834602356,0.6159366898238658,0.5655359029769897,0.02060344461456004,80.0,86.09064483642578,14.37814712524414,3.727585792541504,16.957935290506146,-0.004623952982510672,0.6241878645066172,80.0,2629.488797789432,5258.999326024183,641,0.33156585693359375,172.1925506591797,28.780710077285768,7.484352111816406,33.91136388457655
0.0037411656230688095,-0.0008331849880050868,-0.008852355182170868,0.0025009369888988556,0.7278201580047607,0.6744838148355484,0.6298061609268188,0.019651354820179982,80.0,6629.591796875,4251.385913085937,2744.91552734375,701.8142156296747,-0.0045999024546763394,0.6239908531103283,80.0,2671.8988946899253,5343.819467529813,642,0.38329362869262695,13259.197265625,8502.78695678711,5489.85205078125,1403.62724551985
0.0023936107754707336,-0.0016924807277973741,-0.010649927891790867,0.002445065013643355,0.4593697190284729,0.4202095240354538,0.3688091039657593,0.020954042088151985,80.0,21914.7265625,17672.62420654297,14287.857421875,1558.5020253902528,-0.004582067345298129,0.6195087910015136,80.0,2848.55207893949,5697.1257063513485,643,0.37422919273376465,43829.4609375,35345.259765625,28575.728515625,3117.003887411116
0.006733514368534088,-0.0010356340470025315,-0.005352990236133337,0.0018924818999104143,0.5304800868034363,0.4711785912513733,0.4237469732761383,0.020966851352338466,80.0,16876.4609375,12743.090197753907,9757.576171875,1385.939357055153,-0.0045094114028615875,0.6164868874121457,80.0,2975.818636735373,5951.658618189044,644,0.38085150718688965,33752.9296875,25486.19208984375,19515.158203125,2771.878834168942
0.005720766726881266,-0.0022752392629627138,-0.013510916382074356,0.003995932760542194,0.67819744348526,0.631072337180376,0.5862628221511841,0.02057983372426544,80.0,361.2840881347656,216.438374042511,73.85001373291016,56.95254727626574,-0.004493553081760183,0.617061127671972,80.0,2977.9033265865964,5955.8279776496975,645,0.2640833854675293,722.5809326171875,432.8939191818237,147.70846557617188,113.90283957942928
0.004860729910433292,-0.0019012092554476113,-0.011943100020289421,0.003253001901212583,0.4602740406990051,0.4156984195113182,0.3820716142654419,0.016107249879747616,80.0,364.5028991699219,216.21072568893433,99.06375885009766,60.627288420739134,-0.004498451419465709,0.614239379229024,80.0,2955.6094994333916,5911.240277011879,646,0.3850588798522949,729.0166625976562,432.4335662841797,198.15625,121.25335863188735
0.005863949656486511,-0.0034334955795202403,-0.021379001438617706,0.004363852322959476,0.3789157271385193,0.328567099198699,0.27722734212875366,0.01987467178839695,80.0,215.82791137695312,90.39116095304489,10.990499496459961,47.02389551380172,-0.0045229164606716945,0.6125284359958023,80.0,2702.717858064406,5405.457004142292,647,0.3852663040161133,431.67767333984375,180.79575991630554,21.999420166015625,94.04572379541588
0.023613516241312027,-0.009212147741345688,-0.029704533517360687,0.00967443041571913,0.6284083724021912,0.5738385684788228,0.5166953802108765,0.024061682496479542,80.0,9.014483451843262,4.076454155147076,1.493474006652832,1.6859844682857235,-0.004600720015267143,0.6131749740783126,80.0,2538.617327195801,5077.256108358838,648,0.3832550048828125,18.040748596191406,8.182809349894523,3.0200095176696777,3.3659511701133455
0.009190965443849564,-0.009161252918420359,-0.03476111963391304,0.00922018193828208,0.8678967952728271,0.8138847328722477,0.7643844485282898,0.023565223072871077,80.0,8.973398208618164,2.058854316920042,0.740088164806366,1.596254841592427,-0.004638892533694161,0.6136839447189122,80.0,2536.351249524027,5072.7240395740055,649,0.3854818344116211,17.96453857421875,4.152308833599091,1.5328917503356934,3.1853366622199473
0.019179394468665123,-0.0029385580448433755,-0.021022425964474678,0.007723942403471469,0.6890057325363159,0.6342773385345936,0.5517339706420898,0.026001229365038653,80.0,9.415838241577148,1.5789496339857578,0.5771751403808594,1.7063410628298805,-0.004654647329676663,0.6144797803554684,80.0,2534.1575937488747,5068.336775442072,650,0.3390333652496338,18.844886779785156,3.1764619439840316,1.1891918182373047,3.410367506999198
0.011398788541555405,-0.0031956344842910766,-0.013455266132950783,0.005081449677287621,0.5298863649368286,0.47887258268892763,0.43649935722351074,0.023240229461849088,80.0,18.972698211669922,3.3058751679956915,0.9730660319328308,3.4478230082669756,-0.004669753486727131,0.61523654586263,80.0,2533.466937555954,5066.955508393608,651,0.28939366340637207,37.95494079589844,6.627719034254551,1.9606229066848755,6.892768019586176
0.012056658044457436,-0.007148009247612208,-0.02911956235766411,0.008968876943694255,0.5346388816833496,0.47823219038546083,0.4324454367160797,0.022516574803548798,80.0,31.1712589263916,6.483263224363327,2.672741651535034,5.352030136794224,-0.00469189840866602,0.6129508826266974,80.0,2533.472229372591,5066.966090603017,652,0.3015403747558594,62.352073669433594,12.990387088060379,5.376695156097412,10.699407209948527
0.009652646258473396,-0.004045188700547442,-0.021737627685070038,0.006156228621009208,0.734971284866333,0.6868126764893532,0.6432422399520874,0.02009376379567153,80.0,18.237850189208984,4.028033925592899,1.29177725315094,2.8983526669205815,-0.00463472274041851,0.6117361424919219,80.0,2533.4848006379757,5066.991094487541,653,0.2599031925201416,36.488075256347656,8.077894461154937,2.607485294342041,5.792843753425076
0.0032410193234682083,-0.010254791378974915,-0.0234444048255682,0.006677851840097306,0.8292341232299805,0.7809162765741349,0.7206932306289673,0.019596092432008896,80.0,18.556814193725586,3.2051291078329087,1.0186771154403687,3.103280267591828,-0.004686544726166175,0.6128380746748299,80.0,2533.476181923301,5066.973982741408,654,0.26697850227355957,37.129188537597656,6.446386194229126,2.082348346710205,6.199516881942939
0.01071026362478733,-0.010245413769735024,-0.038805387914180756,0.01077719533538679,0.8833323121070862,0.8169695310294628,0.7554325461387634,0.026586620464725798,80.0,42.58423614501953,10.047796207666398,3.335296392440796,8.599382080533488,-0.004609022659336915,0.6146535389926284,80.0,2533.4264466350974,5066.874393430344,655,0.26012110710144043,85.2025375366211,20.132422667741775,6.692207336425781,17.190002154312573
0.012695526704192162,-0.005285116931190714,-0.0199824757874012,0.005725328438637391,0.6782506704330444,0.6180360443890095,0.5667139291763306,0.021655658882352023,80.0,63.807254791259766,8.864687925577163,2.346318483352661,12.770314421403835,-0.004639228615706088,0.6145466261040419,80.0,2533.4042457819287,5066.830050000779,656,0.24140048027038574,127.62637329101562,17.752306962013243,4.717422962188721,25.536746228719064
0.008523416705429554,-0.004682776139816269,-0.02117488905787468,0.006175024249236481,0.590336263179779,0.5270843394100666,0.4697209298610687,0.021523879561511312,80.0,33.597591400146484,6.035568155348301,0.9942785501480103,6.197314711587899,-0.00464644670925918,0.6110384663771837,80.0,2533.436155941315,5066.893814593546,657,0.2394261360168457,67.20547485351562,12.09104364812374,2.011871099472046,12.390507664896806
0.00878213532269001,-0.006855211447691545,-0.03079528920352459,0.007308325727044309,0.8241223096847534,0.775599667429924,0.7195258140563965,0.02202459242779891,80.0,19.558008193969727,3.7991359919309615,1.1693120002746582,3.620771301347696,-0.004645795313030248,0.6091237221043557,80.0,2533.4367214068993,5066.894905927264,658,0.2427511215209961,39.13153076171875,7.627494424581528,2.352370500564575,7.235542064529783
0.013310709036886692,-0.0031419907521922142,-0.015486560761928558,0.005686329965671727,0.7657780051231384,0.7056861698627472,0.6532372236251831,0.02372508355771048,80.0,70.3531265258789,8.89554979801178,1.7759244441986084,13.729567680643198,-0.004639004918310093,0.6075756528731435,80.0,2533.407744385056,5066.836907340878,659,0.24808955192565918,140.72032165527344,17.811497244238854,3.5741312503814697,27.45678010879869
0.007950179278850555,-0.005721023329533637,-0.025098353624343872,0.007052237646916969,0.6634782552719116,0.6295455023646355,0.586125910282135,0.017464931738757274,80.0,50.268428802490234,5.936249323189259,1.6821434497833252,9.215253257001066,-0.0046559275995532515,0.6078410701286047,80.0,2533.3227942948115,5066.667046314649,660,0.3113532066345215,100.54946899414062,11.896531665325165,3.4019036293029785,18.426016381413238
0.0048216041177511215,-0.0007895514077972621,-0.006987741217017174,0.002633906940761083,0.7262754440307617,0.6785501137375831,0.6380672454833984,0.01602701829214026,80.0,3213.50390625,1936.3319282531738,916.8436889648438,551.8621536509075,-0.004645691877958598,0.6083449514489621,80.0,2552.6091988255903,5105.239844742053,661,0.38936662673950195,6427.02734375,3872.6789825439455,1833.6912841796875,1103.7246291248393
0.0007723486050963402,-0.0009386123740114272,-0.004807518795132637,0.0011679077560618123,0.5024536848068237,0.4583263907581568,0.41967982053756714,0.01869875850943687,80.0,11793.5244140625,9036.260461425782,6746.22705078125,1083.599962672756,-0.004583239993749885,0.604437845023349,80.0,2642.8357689646114,5285.6927831063795,662,0.39469242095947266,23587.05859375,18072.532080078126,13492.46484375,2167.199612545976
0.0017521977424621582,-0.0008585584349930286,-0.006654107943177223,0.001498154767925386,0.4342782497406006,0.37706687711179254,0.3120730519294739,0.020488004020588018,80.0,15472.8994140625,12590.769604492187,8980.181640625,1217.510980430557,-0.0045069933955965095,0.6005875268112869,80.0,2768.6253571518587,5537.271732122534,663,0.3896028995513916,30945.8125,25181.548681640626,17960.375,2435.0216192909097
7.08186998963356e-05,-0.0008658019243739546,-0.003827914595603943,0.0007940791583375246,0.5724958181381226,0.5308609824627638,0.4824320375919342,0.020043124241029307,80.0,5727.80029296875,2773.671105194092,621.7543334960938,1142.551499995512,-0.0044527116467652375,0.5995024773422629,80.0,2796.2983744172975,5592.617636541091,664,0.3925657272338867,11455.6142578125,5547.354574584961,1243.519287109375,2285.1029274913412
0.005516696721315384,-0.0024614296096842738,-0.017725452780723572,0.0040863690205463045,0.5520145297050476,0.48856774903833866,0.4500582814216614,0.019273085976745073,80.0,409.8065185546875,241.18310689926147,103.3167495727539,67.61942892884531,-0.004440777149429778,0.5972008725460618,80.0,2772.73807343673,5545.496965249741,665,0.38788771629333496,819.6307983398438,482.38091163635255,206.64161682128906,135.24113570305752
0.006856441497802734,-0.004073094652267173,-0.01897696778178215,0.0048769297572717855,0.357685923576355,0.31990635544061663,0.2798495292663574,0.01608627755115433,80.0,167.6714324951172,77.35432558059692,15.099344253540039,40.997512824422,-0.004475609740708024,0.5959524523150176,80.0,2496.518760003082,4993.058393004143,666,0.39482593536376953,335.3505859375,154.72319536209108,30.215896606445312,81.99621534702099
0.018601590767502785,-0.014835970563581213,-0.04162178188562393,0.012684946833482792,0.5092960596084595,0.44705706685781477,0.3610118329524994,0.033422474331395016,80.0,8.547358512878418,3.133022964000702,1.0790528059005737,1.3893678125558182,-0.0046187017826596274,0.5954296528678388,80.0,2233.2402777327225,4466.501698383533,667,0.38929295539855957,17.102989196777344,6.304659032821656,2.22878360748291,2.769797108972644
0.018269706517457962,-0.00826953207142651,-0.022292040288448334,0.008775228981550644,0.755808413028717,0.6812368281185627,0.6113202571868896,0.02433820796148932,80.0,10.410901069641113,3.356183064728975,0.8255541324615479,1.7306903028597675,-0.00465853929775767,0.5953433118369431,80.0,2230.4221844730378,4460.865589804523,668,0.3919978141784668,20.843616485595703,6.742529931664467,1.6941490173339844,3.461556430366298
0.011712700128555298,-0.00828951260773465,-0.03189289569854736,0.008665159300506091,0.7742218971252441,0.7090811654925346,0.6390194892883301,0.029949778873492556,80.0,3.924449920654297,0.8972901277244091,0.38574856519699097,0.5617881117820497,-0.0047170459161279725,0.5977762691732496,80.0,2228.036662753992,4456.094712035709,669,0.39081430435180664,7.86207389831543,1.8253409087657928,0.8165827989578247,1.117391946695882
0.0035354681313037872,-0.0039513635740149764,-0.015983033925294876,0.004372994806356574,0.6424840688705444,0.5987916611135006,0.5606845617294312,0.02056979030022103,80.0,14.94749927520752,3.06834544762969,0.8907378315925598,2.4517350858802107,-0.004716687845648266,0.5998236811961979,80.0,2227.0630332645324,4454.147493301906,670,0.35770511627197266,29.906042098999023,6.156569574773312,1.8029917478561401,4.900242035797902
0.0075323209166526794,-0.017344727384625003,-0.03989725559949875,0.011923349955630779,0.6231017112731934,0.5671454697847367,0.5199093222618103,0.021910533791440076,80.0,34.42020797729492,9.073450434207917,3.0536952018737793,5.898506111339608,-0.004836723873508163,0.5990466533433646,80.0,2227.09512182425,4454.211894951142,671,0.2546539306640625,68.85316467285156,18.192933040857316,6.135097980499268,11.786692926966827
0.012248663231730461,-0.011172107135644182,-0.04366152733564377,0.011354975278091657,0.7896027565002441,0.7226044788956643,0.6627615690231323,0.027786494454903093,80.0,21.487218856811523,4.058131482452154,0.9763889908790588,3.5260160055333074,-0.004861735921062063,0.5986006063129752,80.0,2227.1107323354704,4454.243157076457,672,0.34198951721191406,42.988067626953125,8.153059259057045,2.001652717590332,7.042532340295449
0.010326098650693893,-0.007470391388051212,-0.028288323432207108,0.00871640397375636,0.8608216643333435,0.7997796222567558,0.7412890195846558,0.02663252341737398,80.0,15.871047019958496,3.595183590054512,1.208703637123108,2.7109221814303566,-0.004846840329817497,0.6014955608639866,80.0,2227.067423792921,4454.1565680979265,673,0.29077982902526855,31.757413864135742,7.221303570270538,2.4574966430664062,5.415778860084174
0.006237737834453583,-0.011062531365314498,-0.027430817484855652,0.0072141196116065716,0.8561827540397644,0.819670444726944,0.776811957359314,0.017382700820645927,80.0,28.69247817993164,5.622405801713467,1.6986256837844849,5.541058737182052,-0.0049082189112668855,0.604812821799889,80.0,2226.9970189105347,4454.015947434104,674,0.32304906845092773,57.408470153808594,11.283330112695694,3.42893123626709,11.074316932849177
0.0065081557258963585,-0.0027663337241392583,-0.015227772295475006,0.004558631618559328,0.7070010900497437,0.6569806672632694,0.6205453872680664,0.019542262061892444,80.0,54.58109664916992,12.859996658563613,3.607553005218506,10.844774238948597,-0.004899579144024755,0.604989779734984,80.0,2227.0602753354688,4454.142446541765,675,0.35578370094299316,109.1756591796875,25.73866539597511,7.2354207038879395,21.686623135200232
0.01452796533703804,-0.015248507156502455,-0.04777842015028,0.014533572563588032,0.5814861059188843,0.5228444878011942,0.45847180485725403,0.028239449493145125,80.0,40.804996490478516,8.978436511754989,2.7463486194610596,8.243543335763619,-0.004963780337071511,0.6025342140998692,80.0,2227.120646832414,4454.263268827834,676,0.3380105495452881,81.62091064453125,17.997827088832857,5.548710346221924,16.474689678804122
0.015775557607412338,-0.0049488697084598245,-0.023524008691310883,0.006816472989945698,0.7631939053535461,0.6897429153323174,0.6281291842460632,0.02554532917132295,80.0,44.867698669433594,8.406461285054684,1.9969910383224487,10.318138832053208,-0.0049761595515301444,0.6005729885157198,80.0,2227.1765828128237,4454.375126323976,677,0.25953125953674316,89.74966430664062,16.836615312099457,4.013458251953125,20.632633341211278
0.00682474859058857,-0.009173569362610578,-0.030779540538787842,0.008786384441710563,0.8790292739868164,0.8136175751686097,0.7371557950973511,0.02623745759612762,80.0,58.865352630615234,12.410148519277573,4.141571044921875,10.908091609574777,-0.005025987167377024,0.6007743318136781,80.0,2227.1205698210674,4454.26320402161,678,0.20073699951171875,117.74687194824219,24.85491636991501,8.324241638183594,21.8071119827716
0.010334372520446777,-0.006333888112567365,-0.03041079267859459,0.008127488532894042,0.7626563906669617,0.7063918769359588,0.6479527950286865,0.024114336785735026,80.0,50.6898193359375,7.599761129915715,1.7563663721084595,10.025713462765516,-0.005054520672769285,0.602455720057711,80.0,2226.9557771991117,4453.93370947326,679,0.19156265258789062,101.3922119140625,15.226317951083184,3.548879861831665,20.046286282170872
0.00473293662071228,-0.0039594829257112,-0.01864181086421013,0.004901978356365601,0.683952271938324,0.6357973799109459,0.593525230884552,0.017310379091761682,80.0,2830.033447265625,1340.6612648010255,230.6583709716797,534.8417704983764,-0.005029276412620675,0.6019225269239395,80.0,2240.2505555545013,4480.523204826184,680,0.18711519241333008,5660.08203125,2681.3431438446046,461.3352355957031,1069.6838405675228
0.005884498357772827,-0.0035387844254728407,-0.018905067816376686,0.004854790931490621,0.6017184853553772,0.5576624117791653,0.5204851031303406,0.01836015342650301,80.0,15611.3681640625,12458.95068359375,9796.6552734375,1375.2303545183174,-0.0050035633036168295,0.5996139110680669,80.0,2364.7585831444485,4729.539165155478,681,0.20085835456848145,31222.7578125,24917.919873046874,19593.353515625,2750.457769966991
0.010285175405442715,-0.002845123258884996,-0.018025491386651993,0.004760579871476436,0.5008688569068909,0.44368287809193135,0.38974592089653015,0.022380916713478714,80.0,19895.7578125,15916.245764160156,11422.365234375,1544.4509856744721,-0.00498158582963515,0.5968016413096339,80.0,2523.828520051755,5047.678934733339,682,0.19619345664978027,39791.52734375,31832.50568847656,22844.74609375,3088.900961415798
0.0019897380843758583,-0.0004962038074154407,-0.002410395070910454,0.0008249521347660863,0.5149489641189575,0.47611751332879065,0.4279763102531433,0.019534769305897166,80.0,8520.3564453125,3994.321253967285,1567.0601806640625,1116.588963018774,-0.004948301950003952,0.5946925786528736,80.0,2563.7144881474896,5127.450761886366,683,0.19861721992492676,17040.724609375,7988.652993774414,3134.12841796875,2233.177767116176
0.005235154181718826,-0.0019689153821673246,-0.014390273950994015,0.003942855884428134,0.5678236484527588,0.5245583239942789,0.4675396680831909,0.02317947993190591,80.0,514.5099487304688,268.10777559280393,105.0675277709961,77.55134448671762,-0.004951009916025213,0.5925518235992641,80.0,2506.430608872168,5012.882965993649,684,0.1949913501739502,1029.030517578125,536.2299810409546,210.14804077148438,155.10169582953307
0.01479271985590458,-0.007036528520984575,-0.030494119971990585,0.008680314423778908,0.532947301864624,0.4703280657529831,0.41287922859191895,0.022445144800082858,80.0,292.11773681640625,113.24736456871032,18.168609619140625,57.15246093716872,-0.005014688993047456,0.5930341109577566,80.0,2207.5433420393397,4415.108576299436,685,0.200392484664917,584.24462890625,226.5182083129883,36.355648040771484,114.30326092777564
0.03360598534345627,-0.0030089752632193266,-0.017097361385822296,0.007427529084521467,0.4397824704647064,0.399429589509964,0.3523060381412506,0.01866610840913615,80.0,137.20419311523438,40.16437976360321,1.3673073053359985,31.472772988646206,-0.005032283268577885,0.5917010385487227,80.0,2032.2157226533811,4064.453338683791,686,0.19998383522033691,274.4183349609375,80.34276675581933,2.7628936767578125,62.94281822351953
0.02686011604964733,-0.0022130497614853083,-0.02307352051138878,0.009449228937245365,0.6423804759979248,0.5680533967912197,0.4976438283920288,0.03538911631486,80.0,6.2219109535217285,2.498912850394845,0.4797562062740326,1.2104725149226985,-0.005040946589724626,0.5913125975374132,80.0,2029.7931104234713,4059.6081237463804,687,0.26784849166870117,12.455547332763672,5.013612917810678,0.9735408425331116,2.416592807655242
0.008855579420924187,-0.006160876958165318,-0.02870367467403412,0.008703441135967016,0.7156998515129089,0.6659273974597454,0.6052868962287903,0.021622430343302388,80.0,3.7895402908325195,1.1701143242418766,0.5615612268447876,0.5174955531616185,-0.005064770655502798,0.5933600035626441,80.0,2027.8925734113488,4055.807138326347,688,0.3385043144226074,7.592535018920898,2.3658689692616464,1.1483042240142822,1.0300928172344723
0.005800027400255203,-0.004170696838991716,-0.012828951701521873,0.0038956286573070026,0.5692256689071655,0.5146976109594107,0.4616260528564453,0.022775774720690485,80.0,8.310211181640625,1.631326562911272,0.6957070231437683,1.1477059712284894,-0.005091686683212174,0.5951430395115167,80.0,2027.191287447404,4054.404655902669,689,0.33555102348327637,16.631500244140625,3.281288467347622,1.4181129932403564,2.2926689090591035
0.008305300027132034,-0.008896269951947033,-0.03257241100072861,0.008924070145828102,0.48468858003616333,0.4339580450206995,0.37583255767822266,0.02511123290138421,80.0,26.48748016357422,3.510222686827183,1.0837174654006958,4.551437366366001,-0.005109721754939528,0.5935119832959027,80.0,2027.1761311644875,4054.37434678553,690,0.2837245464324951,52.9838752746582,7.0469170063734055,2.213500499725342,9.096523307769
0.007686663419008255,-0.005639664211776108,-0.021001754328608513,0.0068799291289391145,0.5658392906188965,0.5071352187544107,0.4486176371574402,0.023426910908028436,80.0,28.48195457458496,7.743616911768913,2.2746739387512207,5.652496617058579,-0.00515686351901968,0.5912665620390327,80.0,2027.2440592683963,4054.5102523688233,691,0.19818663597106934,56.97521209716797,15.508655887842178,4.557921886444092,11.298802784089686
0.012212835252285004,-0.015219509304733947,-0.041641347110271454,0.013325550494365405,0.9082297086715698,0.8466233536601067,0.7716619968414307,0.02684355167279989,80.0,19.686355590820312,4.564150327444077,1.5020086765289307,3.487005979737473,-0.0052841696294781285,0.595319789705798,80.0,2027.276619608674,4054.5757087258553,692,0.3012845516204834,39.39063262939453,9.175672125816345,3.1012187004089355,6.959666563003714
0.009483831003308296,-0.012346622999757528,-0.03846593573689461,0.009387351586056919,0.9556649327278137,0.9136517018079757,0.8674554824829102,0.020882710154938998,80.0,24.140552520751953,5.026046660542488,2.0390262603759766,4.525965868687144,-0.005323504377069185,0.6008944721277804,80.0,2027.2851572081036,4054.592974088595,693,0.32866954803466797,48.30215835571289,10.095059645175933,4.140247344970703,9.043883446971822
0.015748661011457443,-0.005929379345616326,-0.02213568426668644,0.007293084430848749,0.9368699789047241,0.873262171447277,0.798111081123352,0.02912238941370733,80.0,84.92196655273438,13.593559208512307,2.8723318576812744,17.635602354193892,-0.0053222046869632325,0.6041857565548272,80.0,2027.3607591459338,4054.7442411900015,694,0.32573699951171875,169.86163330078125,27.216442394256593,5.773199081420898,35.266083459773114
0.018866127356886864,-0.01174457771703601,-0.05048680305480957,0.012458977077947889,0.7225183844566345,0.6451792970299721,0.5834433436393738,0.027394887042587447,80.0,58.52981185913086,11.35446737408638,4.137944221496582,12.121164982765851,-0.005358023716747994,0.6030247321408243,80.0,2027.4387994553483,4054.900370225951,695,0.34889960289001465,117.07290649414062,22.745327472686768,8.349058151245117,24.231942913514956
0.006867441348731518,-0.005912444478599355,-0.01924559473991394,0.006278866169422956,0.6814764738082886,0.6109525173902511,0.5411244630813599,0.024970482263309664,80.0,24.690330505371094,4.821381582319736,1.720543622970581,4.695727356522176,-0.005336167957197177,0.6003411161210388,80.0,2027.4375293969401,4054.8977327256953,696,0.34113264083862305,49.39350891113281,9.666807153820992,3.4678702354431152,9.386807401397474
0.007319003343582153,-0.009003953146748244,-0.033664487302303314,0.008279793489377622,0.8471258878707886,0.7994690634310245,0.735564112663269,0.025379931776980717,80.0,37.446617126464844,6.089595001935959,1.671880841255188,7.062502326585026,-0.005349920275300974,0.6005369427483529,80.0,2027.19668668722,4054.416078728244,697,0.3378732204437256,74.90985107421875,12.213187333941459,3.387110710144043,14.12120842416455
0.02181113138794899,-0.005579859839053824,-0.020555291324853897,0.007428895387022607,0.7665482759475708,0.712223419547081,0.6569918990135193,0.02545864020448847,80.0,86.61566162109375,12.315944454073906,2.854029417037964,16.24849204057673,-0.005360883389221273,0.6020676769744605,80.0,2027.1403790944407,4054.3035160865047,698,0.33979296684265137,173.24501037597656,24.657293105125426,5.722124099731445,32.49045919672806
0.015503264963626862,-0.006195593404117972,-0.01995067112147808,0.0068657374050977065,0.7756259441375732,0.7045117765665054,0.646679699420929,0.020486696092839693,80.0,593.1341552734375,131.50467758178712,47.105648040771484,127.66765471079331,-0.00531737549058744,0.6036718941498548,80.0,2028.3389820717762,4056.7006670970177,699,0.341141939163208,1186.282958984375,263.0358355522156,94.2651596069336,255.33212424391297
0.0032802894711494446,-0.004403993126470595,-0.015791604295372963,0.004528293017413296,0.6698374152183533,0.6260362654924393,0.5828548073768616,0.021065849137294777,80.0,8490.265625,6401.4384765625,4867.9375,837.3590297189598,-0.005285405887843809,0.6021780772525817,80.0,2092.2946807853764,4184.611969945118,700,0.33846211433410645,16980.546875,12802.898205566406,9735.8984375,1674.716626585003
0.0014123562723398209,-0.0010313486738596112,-0.005410928279161453,0.0014682451995538912,0.4994502663612366,0.45136322602629664,0.4068421423435211,0.01960015751782636,80.0,10905.302734375,8243.169915771485,5610.83251953125,1169.022912016268,-0.005249539052456385,0.5998344205711036,80.0,2174.644483363662,4349.311458144561,701,0.3415944576263428,21810.619140625,16486.35108642578,11221.6796875,2338.0459227092124
0.00660066120326519,-0.0019334465323481709,-0.015218421816825867,0.0038518948475535246,0.4903218150138855,0.43944355063140395,0.37066227197647095,0.021259989602591668,80.0,11168.9169921875,7970.331536865235,5570.01318359375,1061.3324114744864,-0.005220037663617403,0.5987000683378428,80.0,2254.263936376188,4508.550281533227,702,0.3316378593444824,22337.84765625,15940.675634765625,11140.041015625,2122.664633868282
0.0023662447929382324,-0.0015719918708782643,-0.01023184135556221,0.0029094184946035846,0.6492197513580322,0.6093106098473072,0.5516985654830933,0.019751244559414294,80.0,2853.33740234375,1229.1820240020752,159.80245971679688,613.1411042288481,-0.005223089607228757,0.5976175310146062,80.0,2222.4346642395,4444.891721058831,703,0.3417203426361084,5706.6884765625,2458.3793895721437,319.6186218261719,1226.2820379382993
0.0064296964555978775,-0.0020698893058579415,-0.011488452553749084,0.0040424864533620385,0.5060439705848694,0.4609430316835642,0.3904567360877991,0.01980946692868535,80.0,388.7937927246094,213.8518795967102,84.5036849975586,63.93560663109188,-0.00523705948118004,0.5980407071392984,80.0,1956.0776971956232,3912.1778292589033,704,0.3349759578704834,777.6068725585938,427.71711883544924,169.0110626220703,127.87147071320318
0.013303171843290329,-0.0018301518284715712,-0.017484353855252266,0.005106196665727258,0.3324618935585022,0.2893966155126691,0.2469133883714676,0.017564898219681244,80.0,187.03390502929688,68.99654783010483,11.519649505615234,37.29767603919964,-0.0052269521334965255,0.5960308628305793,80.0,1696.292896560643,3392.608168177113,705,0.34648919105529785,374.0791015625,138.0025441646576,23.037578582763672,74.59491553497625
0.014326635748147964,-0.004539055383065716,-0.02382100746035576,0.008301249464441066,0.5330916047096252,0.4832995876669884,0.43683648109436035,0.024579237855603873,80.0,9.966917991638184,4.327337917685509,1.2386215925216675,1.8011994985737942,-0.005252861646848033,0.5947443610131741,80.0,1694.4973976467293,3389.0171964291776,706,0.34217286109924316,19.945438385009766,8.673419898748397,2.4736671447753906,3.602675671605094
0.015719249844551086,-0.004483312129741535,-0.020356714725494385,0.006317544427213878,0.7047752141952515,0.6517304964363575,0.5990524888038635,0.024309017751307633,80.0,21.959304809570312,9.419268935918808,4.9621076583862305,3.324123844632733,-0.005267203426017659,0.597020615991205,80.0,1691.6048400032557,3383.232155392334,707,0.3354928493499756,43.93158721923828,18.86053922176361,9.937858581542969,6.6466367898177525
0.004233114421367645,-0.004878792946692556,-0.016666410490870476,0.005199196955315749,0.6608961224555969,0.6008715488016605,0.5552115440368652,0.023631934741270302,80.0,16.522951126098633,6.0577341467142105,2.5472731590270996,2.7886075609240555,-0.005297143212257652,0.6003467442933471,80.0,1690.4160000321012,3380.8546018572897,708,0.3413510322570801,33.05842208862305,12.137243312597274,5.1043925285339355,5.5748631655136345
0.011179130524396896,-0.00442163628176786,-0.025141306221485138,0.006730251336342832,0.5280845165252686,0.4770878102630377,0.41967982053756714,0.02173011157618491,80.0,23.324277877807617,4.373236897587776,1.063521385192871,3.9575938234536174,-0.005260208444931778,0.5987191667165608,80.0,1690.387045091454,3380.7965855533926,709,0.33437585830688477,46.65789031982422,8.764858829975129,2.1700539588928223,7.911480587729416
0.008399886079132557,-0.007736125114024617,-0.025519032031297684,0.0075003838064859425,0.5981590747833252,0.5453842867165803,0.4857308566570282,0.024135315185511708,80.0,21.12082290649414,5.377290457487106,1.6189168691635132,3.7206127839818657,-0.0053225773127633155,0.5961387026328594,80.0,1690.4215365338512,3380.8656415667383,710,0.21184420585632324,42.25291061401367,10.780960842967033,3.259035110473633,7.435856456220225
0.018335942178964615,-0.009496977331582456,-0.031767576932907104,0.00894186851130584,0.7815929651260376,0.7269193738698959,0.6712864637374878,0.02384069465160697,80.0,11.458986282348633,4.717622186243534,1.8040518760681152,1.9617237409352641,-0.005378501307044645,0.5983640438448639,80.0,1690.45863834713,3380.940001548715,711,0.1896343231201172,22.932498931884766,9.468776765465737,3.6642322540283203,3.916119684470798
0.007047366350889206,-0.009068621369078756,-0.027623211964964867,0.007859435185699775,0.8429950475692749,0.8005441635847091,0.7364373207092285,0.022074417812689602,80.0,13.161060333251953,3.3598329231142996,1.260895848274231,2.0547669946889737,-0.005406833781569731,0.6026938299518079,80.0,1690.4622193236833,3380.9473067621066,712,0.16353774070739746,26.3387393951416,6.753813937306404,2.573780059814453,4.102439802458152
0.01551663875579834,-0.00741344530833885,-0.0282614566385746,0.009430609177933938,0.9376270771026611,0.8378740385174751,0.7805705070495605,0.0351535745495295,80.0,33.37218475341797,6.328016003966331,1.6857765913009644,6.816506398569584,-0.005417992176720873,0.6065573902074248,80.0,1690.4722394090925,3380.967446520664,713,0.2780449390411377,66.76485443115234,12.68761637210846,3.412743091583252,13.625598966349386
0.0051238927990198135,-0.0059285955503582954,-0.02354954183101654,0.006039289927521512,0.6548714637756348,0.5835841961205006,0.5116714239120483,0.02786635207567124,80.0,40.315528869628906,6.647174656391144,1.4259904623031616,8.182217304222698,-0.005399421481124592,0.605629068704322,80.0,1690.5084305422192,3381.039773078867,714,0.3047828674316406,80.64301300048828,13.317878198623657,2.892590284347534,16.360570332417787
0.017039049416780472,-0.0036301303014624866,-0.01841079071164131,0.006875084753922882,0.572796106338501,0.5227372299879789,0.46279510855674744,0.02303003019496319,80.0,33.1478157043457,5.591668309271336,1.6882437467575073,6.419595592353173,-0.005367933728557546,0.6032315367069095,80.0,1690.524612309534,3381.0720256872555,715,0.28652048110961914,66.30625915527344,11.201051670312882,3.3830201625823975,12.835804090341922
0.008348330855369568,-0.0037399820750579236,-0.01908443123102188,0.005820290865946355,0.637316107749939,0.5918297857046128,0.5244780778884888,0.023914928392919872,80.0,41.55185317993164,5.561412212252617,1.4724483489990234,5.908073647091337,-0.005338666216819547,0.6009267332162708,80.0,1690.28496633612,3380.5926291129076,716,0.2792222499847412,83.11637878417969,11.142140999436378,2.9513800144195557,11.813630961047787
0.007208568975329399,-0.0075060863106045875,-0.033833518624305725,0.00931845231028275,0.7176002264022827,0.6750381462275982,0.6295948028564453,0.017102140776289312,80.0,65.68618774414062,10.666114717721939,2.239091396331787,12.73710600237883,-0.005396198262809776,0.6010877822469919,80.0,1690.018166473318,3380.0591476680715,717,0.2573423385620117,131.38577270507812,21.36074228286743,4.521856784820557,25.46555826912755
0.01712673529982567,-0.00622823373414576,-0.028110159561038017,0.008443631155115656,0.7138913869857788,0.6669061556458473,0.614527702331543,0.017644280942944738,80.0,1996.7528076171875,423.1696382522583,131.40225219726562,403.69843036840047,-0.005417237823130563,0.6029046476576477,80.0,1694.0946508557984,3388.212194779821,718,0.18671035766601562,3993.519775390625,846.365064239502,262.844970703125,807.3913251741501
0.009961038827896118,-0.004603076091734692,-0.023813366889953613,0.006135864704387454,0.6927192807197571,0.6467164322733879,0.5974766612052917,0.019991455088819044,80.0,3832.406494140625,2254.6880218505858,1016.5469970703125,601.6031523563307,-0.005433597153285518,0.6022234253305941,80.0,1716.412862730388,3432.8486375337316,719,0.1837749481201172,7664.826171875,4509.398175048828,2033.129638671875,1203.2044819476077
0.006452228873968124,-0.0031355300219729544,-0.018486756831407547,0.005173435093028447,0.5691710710525513,0.5301652874797582,0.4794274568557739,0.01859727132673035,80.0,11536.962890625,8585.707781982423,6067.93603515625,1248.3684962076034,-0.005462556482758373,0.5993974791672081,80.0,1802.1526305098125,3604.3281729856208,720,0.19664931297302246,23073.9375,17171.432287597658,12135.875,2496.7368686029145
0.0036912094801664352,-0.002034941950114444,-0.008327120915055275,0.0022831337097649475,0.4966888427734375,0.45111347399652,0.4010526239871979,0.01774196205112678,80.0,12265.701171875,9195.505328369141,6516.75146484375,1227.9826938369713,-0.005425649201322813,0.5973459339458496,80.0,1893.9430385445544,3787.9088762216043,721,0.2060086727142334,24531.421875,18391.02395019531,13033.5283203125,2455.9646234530396
0.014190355315804482,-0.002569244074402377,-0.011224616318941116,0.004619779914988347,0.42238572239875793,0.3837464448064566,0.3225802779197693,0.018784550478081478,80.0,4646.619140625,2741.0939239501954,1192.28125,805.4661376588881,-0.005422651076747572,0.5944843963589519,80.0,1918.1244413517902,3836.271619061418,722,0.19697332382202148,9293.2685546875,5482.2007110595705,2384.5654296875,1610.9330501782367
0.003100775182247162,-0.002304030995583162,-0.011394195258617401,0.0032517857882302798,0.4388408660888672,0.40369326546788215,0.3494555950164795,0.017316150162942794,80.0,351.1434631347656,172.57350440025328,62.9726448059082,58.50462893987329,-0.005428589047165588,0.5925031757485122,80.0,1762.4751209758708,3524.9729520768597,723,0.19753718376159668,702.2947998046875,345.15969314575193,125.97283935546875,117.00827531064952
0.00115874782204628,-0.00195778074557893,-0.010831959545612335,0.002274402858983324,0.4161580502986908,0.3583409495651722,0.3076760768890381,0.019414276622007405,80.0,265.7340087890625,125.0947256565094,36.6812629699707,45.41581011445732,-0.005441339424985928,0.5924052889477461,80.0,1500.917580927748,3001.857891975351,724,0.2057032585144043,531.47998046875,250.20053281784058,73.37850952148438,90.83070716771135
0.010105013847351074,-0.006893767265137285,-0.024119578301906586,0.00664419088712508,0.4071260392665863,0.3687550760805607,0.3336077034473419,0.016219907289419917,80.0,209.0540771484375,77.38443522453308,12.508811950683594,41.975511811253035,-0.00549163910804782,0.5907007177527994,80.0,1446.0701496147099,2892.16309626431,725,0.27419066429138184,418.11529541015625,154.79003338813783,25.03533935546875,83.94916019732518
0.013276467099785805,-0.009001487673958763,-0.02390776388347149,0.00707664704441225,0.5241819620132446,0.47669766917824746,0.4198426604270935,0.022883202581225018,80.0,12.417475700378418,4.293225263059139,1.8718093633651733,1.7315744128666386,-0.005562117533932907,0.5905940304901452,80.0,1443.3938919507302,2886.8107197435875,726,0.30811238288879395,24.846519470214844,8.613987484574318,3.784914970397949,3.4594065467636077
0.02203543297946453,-0.0022884122387040406,-0.015510564669966698,0.005725209549643723,0.6631547212600708,0.6089953683316708,0.5616657733917236,0.021617021564492293,80.0,11.774942398071289,3.9162775963544845,1.1580595970153809,2.1616188070706577,-0.005567662526271306,0.5927073818389327,80.0,1442.3319258858894,2884.686840958305,727,0.1788952350616455,23.56214714050293,7.84931193292141,2.3314385414123535,4.3198949534713655
0.05357339233160019,-0.00330400550737977,-0.025518236681818962,0.011742042013379406,0.5800678730010986,0.5353313341736794,0.49044203758239746,0.02135751376912877,80.0,14.017362594604492,2.776031183451414,0.7728176712989807,2.4515738902935214,-0.005502311097225174,0.5931844712402671,80.0,1442.3251425347366,2884.6731530955067,728,0.18922162055969238,28.04552459716797,5.569377021491528,1.5610253810882568,4.901540437896641
0.011911831796169281,-0.005951777752488852,-0.022844038903713226,0.0063634279965793464,0.5412393808364868,0.48964588791131974,0.43748223781585693,0.0204950543312292,80.0,22.304824829101562,3.4379972174763678,1.0888310670852661,3.526646141971218,-0.005419919397041668,0.5913155728261918,80.0,1442.3233479604312,2884.669361785524,729,0.18939447402954102,44.61863708496094,6.897690880298614,2.185457229614258,7.04920128104898
0.013685579411685467,-0.005363156675593927,-0.021729230880737305,0.00628874073289426,0.5295205116271973,0.48790679275989535,0.4395303726196289,0.01937063644113933,80.0,26.627540588378906,5.275765636563301,1.7311331033706665,4.718572798817064,-0.00544028581539169,0.5893862465377897,80.0,1442.3663983633628,2884.7554647379734,730,0.1975247859954834,53.264198303222656,10.572015753388404,3.478891611099243,9.43214864234563
0.022736217826604843,-0.010379949084017426,-0.03434150293469429,0.010264707412471583,0.7541472911834717,0.7044318407773972,0.6285130977630615,0.0242446763554393,80.0,12.814891815185547,3.7211799144744875,1.427128553390503,2.293480227338597,-0.00553025453106966,0.5918994236718863,80.0,1442.384701306749,2884.7923008258263,731,0.19509148597717285,25.642353057861328,7.47720838189125,2.8937158584594727,4.578516123204972
0.023224465548992157,-0.003439277713187039,-0.030273377895355225,0.010300799927580257,0.8014121651649475,0.737524626404047,0.6092236042022705,0.03938010492822969,80.0,25.741609573364258,4.198355396091938,1.0382182598114014,4.465765322395996,-0.005536368878616487,0.5954018279258162,80.0,1442.3800465763102,2884.7830736422457,732,0.30492711067199707,51.498878479003906,8.418339908123016,2.056802749633789,8.930881636055338
0.02453051134943962,-0.006872222211677581,-0.02767164260149002,0.009615190483628765,0.863961935043335,0.8036621421575546,0.7414994239807129,0.02557649026586995,80.0,53.772151947021484,7.626441925764084,2.4650094509124756,8.639291380491546,-0.005543279997480568,0.5985315239671618,80.0,1442.4058046584466,2884.8346662222666,733,0.3147761821746826,107.56047058105469,15.282701462507248,4.95073127746582,17.272702152476302
0.010266718454658985,-0.005786049191374332,-0.021938489750027657,0.00608581577965935,0.6558905243873596,0.5874841839075089,0.5372996926307678,0.02520898967802535,80.0,46.12210464477539,6.276726713776588,1.6984440088272095,8.525784614889536,-0.005531880275462755,0.596902899214998,80.0,1442.4339513821196,2884.8909042981786,734,0.3082106113433838,92.2570571899414,12.576775234937667,3.438194513320923,17.0473532973479
0.006823025643825531,-0.005643444834277034,-0.022552788257598877,0.00698519745560104,0.6384763121604919,0.5826234191656112,0.5285621285438538,0.02266940075121821,80.0,34.48568344116211,6.205778923630715,1.828826904296875,6.4244591462622385,-0.005549318641307765,0.5949279063735158,80.0,1442.4418111515233,2884.9066192152723,735,0.3100719451904297,68.98377227783203,12.434497293829917,3.70449161529541,12.8426235673605
0.007991824299097061,-0.007945963158272206,-0.02646893449127674,0.007873774571962387,0.6875625848770142,0.6265644133090973,0.5589454770088196,0.027279838608803793,80.0,36.500762939453125,5.408914244174957,1.2407702207565308,6.011742217103835,-0.005600872720940972,0.5938318319935352,80.0,1442.2069007009754,2884.4368795047326,736,0.31116366386413574,73.01408386230469,10.8462516695261,2.54571533203125,12.017016707250898
0.011472629383206367,-0.004937078873626888,-0.02726605162024498,0.006770572968269619,0.7284531593322754,0.6759691812098026,0.604411780834198,0.022518844695739903,80.0,103.85643005371094,18.753663265705107,3.885648250579834,19.137993003648898,-0.005588530493318104,0.5953768599312752,80.0,1442.2260730312953,2884.4752303822565,737,0.3070871829986572,207.72683715820312,37.53072007894516,7.803967475891113,38.27056286544057
0.008823039010167122,-0.005683714227052406,-0.022284995764493942,0.007045055281014168,0.7307138442993164,0.690639229863882,0.6396896839141846,0.017711094424860453,80.0,108.54427337646484,18.116778761148453,3.762772560119629,22.420744625504657,-0.005584144476219082,0.5965116112064571,80.0,1442.3165330311842,2884.6561643058585,738,0.39309191703796387,217.10299682617188,36.25873770713806,7.560747146606445,44.836608782728135
0.007856033742427826,-0.0073644368967507035,-0.030545217916369438,0.00800705879517224,0.7055318355560303,0.6610154673457146,0.6175841093063354,0.015058656682653536,80.0,3901.21826171875,2463.8334884643555,1173.0880126953125,530.8394439142343,-0.005563700067054016,0.5949808193948121,80.0,1466.883167087037,2933.7893609019443,739,0.3282172679901123,7802.4501953125,4927.694924926758,2346.21484375,1061.6786858208964
0.005730103701353073,-0.004712570982519537,-0.01646845042705536,0.0052438974687991574,0.6191922426223755,0.573772182315588,0.5203647017478943,0.019036338566660597,80.0,6762.5283203125,4585.390756225586,2303.204833984375,839.953958231054,-0.0055591159662581055,0.5939344074409455,80.0,1512.6283195337244,3025.279635982089,740,0.3373737335205078,13525.095703125,9170.80244140625,4606.4365234375,1679.9099306916983
0.006689433474093676,-0.0024084611155558377,-0.01237870566546917,0.0036554278134397866,0.5707031488418579,0.5213883370161057,0.46831780672073364,0.018732306650130603,80.0,9637.255859375,6986.163720703125,4544.1162109375,949.8400092716024,-0.00552271417301381,0.592988923912868,80.0,1582.3461752695034,3164.7152545404956,741,0.33631181716918945,19274.53125,13972.342565917968,9088.259765625,1899.678347683818
0.002893628552556038,-0.0009031843452248723,-0.007246974855661392,0.0019466572580081499,0.5043424367904663,0.4488235846161842,0.3928942084312439,0.02155018756796538,80.0,3777.767333984375,2097.651374053955,907.3372802734375,707.0862479658484,-0.005523414166586007,0.5907323216106743,80.0,1560.8088298791836,3121.640520196013,742,0.33635759353637695,7555.5439453125,4195.313522338867,1814.6834716796875,1414.1730850999684
0.007112722843885422,-0.005870428110938519,-0.015388119965791702,0.00496936936504077,0.5865161418914795,0.5474565491080284,0.4844556450843811,0.020731821849864426,80.0,1355.4371337890625,570.5692650794983,50.86823272705078,370.71283913270554,-0.005565193640417418,0.5920047918614,80.0,1389.788280464549,2779.5995347233343,743,0.3415541648864746,2710.89697265625,1141.1612183570862,101.77865600585938,741.4291167814599
0.005305994302034378,-0.0034867590526118874,-0.012089475989341736,0.003927063645621803,0.5421339273452759,0.4636252161115408,0.4157410264015198,0.019905084033868585,80.0,286.3233337402344,166.347415971756,58.5217399597168,49.0214028187391,-0.005589704890473513,0.5919292581100016,80.0,1264.0208526467272,2528.0647246208714,744,0.3773159980773926,572.6602783203125,332.71107959747314,117.073974609375,98.04144619108979
0.002739090472459793,-0.0016409410949563608,-0.008411632850766182,0.0022948548824561913,0.39433053135871887,0.36685527227818965,0.33083808422088623,0.015124300946134983,80.0,176.1229248046875,67.12716790437699,6.009142875671387,33.68951500046219,-0.005583361908793449,0.5892870874609798,80.0,1262.5277405853458,2525.0784349763912,745,0.30983710289001465,352.25177001953125,134.26495473384858,12.025337219238281,67.37874975676635
0.02345920354127884,-0.01569429661030881,-0.0575682669878006,0.01621627287907595,0.6800730228424072,0.5760093171149492,0.46195483207702637,0.050837873907275996,80.0,4.742295265197754,2.308048464357853,0.7589964866638184,0.9867337979891753,-0.005721292782342062,0.5908901964370161,80.0,1260.3887138131001,2520.800689370342,746,0.306154727935791,9.494993209838867,4.659005679190159,1.5630435943603516,1.9667215106548674
0.012758343480527401,-0.005437525996239856,-0.028900425881147385,0.009464528783252648,0.7041711211204529,0.6540178306400776,0.5991818308830261,0.024306897173759917,80.0,10.058362007141113,2.577700252830982,0.6683297753334045,1.5321413158194948,-0.005741333086509257,0.5941447037514299,80.0,1259.5105792060976,2519.0445253301336,747,0.3118124008178711,20.130023956298828,5.179355895519256,1.3374040126800537,3.0632656372216576
0.03416649252176285,-0.002109770092647523,-0.021422583609819412,0.008783109071235218,0.7259519100189209,0.6728214778006076,0.6124977469444275,0.01961387303492446,80.0,14.446417808532715,3.2675503343343735,1.0055855512619019,2.597166894396328,-0.005670309310022275,0.5951345328446478,80.0,1259.5024901678898,2519.0282250026544,748,0.31269335746765137,28.904977798461914,6.552776601910591,2.049138307571411,5.1914933582099625
0.008035760372877121,-0.003986059169983491,-0.016445372253656387,0.00476537047087846,0.5693060755729675,0.5296214289963246,0.4856546223163605,0.017968898971501435,80.0,19.928035736083984,4.136380816996097,1.2876169681549072,3.548297657078732,-0.005618557372537908,0.5922918998058886,80.0,1259.5232654328906,2519.0696151764173,749,0.3426196575164795,39.86644744873047,8.291326209902763,2.601231098175049,7.09232938550044
0.006668113172054291,-0.005252659792313352,-0.022176753729581833,0.005323196353427118,0.613210141658783,0.5762426562607288,0.5416560173034668,0.016905758553985368,80.0,25.434276580810547,4.718570843338966,1.4381322860717773,4.66134766175861,-0.005641698390012607,0.5917115529831499,80.0,1259.5546616449842,2519.1324422758003,750,0.3366713523864746,50.87888717651367,9.459171882271766,2.917323589324951,9.318171496373559
