t_s,segment,position_km,speed_ms,speed_kmh,speed_limit_ms,over_limit_ms,action,action_name,energy_kwh
0.0,0,0.000,15.000,54.00,1.00,0.00,0,Brake,0.0000
1.0,0,0.000,14.200,51.12,1.00,0.00,0,Brake,0.0000
2.0,0,0.000,13.400,48.24,1.00,0.00,0,Brake,0.0000
3.0,0,0.000,12.600,45.36,1.00,0.00,0,Brake,0.0000
4.0,0,0.000,11.800,42.48,1.00,0.00,0,Brake,0.0000
5.0,0,0.000,11.000,39.60,1.00,0.00,0,Brake,0.0000
6.0,0,0.000,10.200,36.72,1.00,0.00,0,Brake,0.0000
7.0,0,0.000,9.400,33.84,1.00,0.00,0,Brake,0.0000
8.0,0,0.000,8.600,30.96,1.00,0.00,0,Brake,0.0000
9.0,1,0.100,7.800,28.08,11.10,0.00,3,Power,0.0000
10.0,1,0.100,8.400,30.24,11.10,0.00,3,Power,1.0500
11.0,1,0.100,9.000,32.40,11.10,0.00,3,Power,2.0972
12.0,1,0.100,9.600,34.56,11.10,0.00,2,Cruise,3.1420
13.0,1,0.100,9.600,34.56,11.10,0.00,2,Cruise,3.1542
14.0,1,0.100,9.600,34.56,11.10,0.00,2,Cruise,3.1663
15.0,1,0.100,9.600,34.56,11.10,0.00,2,Cruise,3.1785
16.0,1,0.100,9.600,34.56,11.10,0.00,2,Cruise,3.1906
17.0,1,0.100,9.600,34.56,11.10,0.00,2,Cruise,3.2027
18.0,1,0.100,9.600,34.56,11.10,0.00,2,Cruise,3.2149
19.0,1,0.100,9.600,34.56,11.10,0.00,2,Cruise,3.2270
20.0,2,0.200,9.600,34.56,11.10,0.00,1,Coast,3.2392
21.0,2,0.200,9.527,34.30,11.10,0.00,3,Power,3.2392
22.0,2,0.200,10.127,36.46,11.10,0.00,1,Coast,4.2821
23.0,2,0.200,10.053,36.19,11.10,0.00,1,Coast,4.2821
24.0,2,0.200,9.979,35.93,11.10,0.00,1,Coast,4.2821
25.0,2,0.200,9.906,35.66,11.10,0.00,1,Coast,4.2821
26.0,2,0.200,9.832,35.40,11.10,0.00,1,Coast,4.2821
27.0,2,0.200,9.759,35.13,11.10,0.00,1,Coast,4.2821
28.0,2,0.200,9.685,34.87,11.10,0.00,1,Coast,4.2821
29.0,2,0.200,9.612,34.60,11.10,0.00,1,Coast,4.2821
30.0,3,0.300,9.539,34.34,11.10,0.00,2,Cruise,4.2821
31.0,3,0.300,9.539,34.34,11.10,0.00,2,Cruise,4.3435
32.0,3,0.300,9.539,34.34,11.10,0.00,2,Cruise,4.4049
33.0,3,0.300,9.539,34.34,11.10,0.00,2,Cruise,4.4662
34.0,3,0.300,9.539,34.34,11.10,0.00,2,Cruise,4.5276
35.0,3,0.300,9.539,34.34,11.10,0.00,2,Cruise,4.5890
36.0,3,0.300,9.539,34.34,11.10,0.00,2,Cruise,4.6503
37.0,3,0.300,9.539,34.34,11.10,0.00,2,Cruise,4.7117
38.0,3,0.300,9.539,34.34,11.10,0.00,2,Cruise,4.7731
39.0,3,0.300,9.539,34.34,11.10,0.00,2,Cruise,4.8345
40.0,3,0.300,9.539,34.34,11.10,0.00,2,Cruise,4.8958
41.0,4,0.400,9.539,34.34,11.10,0.00,2,Cruise,4.9572
42.0,4,0.400,9.539,34.34,11.10,0.00,2,Cruise,4.9657
43.0,4,0.400,9.539,34.34,11.10,0.00,2,Cruise,4.9741
44.0,4,0.400,9.539,34.34,11.10,0.00,2,Cruise,4.9826
45.0,4,0.400,9.539,34.34,11.10,0.00,2,Cruise,4.9910
46.0,4,0.400,9.539,34.34,11.10,0.00,2,Cruise,4.9995
47.0,4,0.400,9.539,34.34,11.10,0.00,2,Cruise,5.0079
48.0,4,0.400,9.539,34.34,11.10,0.00,2,Cruise,5.0163
49.0,4,0.400,9.539,34.34,11.10,0.00,2,Cruise,5.0248
50.0,4,0.400,9.539,34.34,11.10,0.00,2,Cruise,5.0332
51.0,5,0.500,9.539,34.34,11.10,0.00,2,Cruise,5.0417
52.0,5,0.500,9.589,34.52,11.10,0.00,2,Cruise,5.0417
53.0,5,0.500,9.640,34.70,11.10,0.00,2,Cruise,5.0417
54.0,5,0.500,9.690,34.88,11.10,0.00,2,Cruise,5.0417
55.0,5,0.500,9.740,35.06,11.10,0.00,2,Cruise,5.0417
56.0,5,0.500,9.790,35.24,11.10,0.00,2,Cruise,5.0417
57.0,5,0.500,9.840,35.43,11.10,0.00,2,Cruise,5.0417
58.0,5,0.500,9.890,35.61,11.10,0.00,2,Cruise,5.0417
59.0,5,0.500,9.941,35.79,11.10,0.00,2,Cruise,5.0417
60.0,5,0.500,9.991,35.97,11.10,0.00,2,Cruise,5.0417
61.0,6,0.600,10.040,36.15,11.10,0.00,2,Cruise,5.0417
62.0,6,0.600,10.040,36.15,11.10,0.00,2,Cruise,5.1022
63.0,6,0.600,10.040,36.15,11.10,0.00,2,Cruise,5.1628
64.0,6,0.600,10.040,36.15,11.10,0.00,2,Cruise,5.2233
65.0,6,0.600,10.040,36.15,11.10,0.00,2,Cruise,5.2839
66.0,6,0.600,10.040,36.15,11.10,0.00,2,Cruise,5.3444
67.0,6,0.600,10.040,36.15,11.10,0.00,2,Cruise,5.4049
68.0,6,0.600,10.040,36.15,11.10,0.00,2,Cruise,5.4655
69.0,6,0.600,10.040,36.15,11.10,0.00,2,Cruise,5.5260
70.0,6,0.600,10.040,36.15,11.10,0.00,2,Cruise,5.5866
71.0,7,0.700,10.040,36.15,11.10,0.00,1,Coast,5.6471
72.0,7,0.700,9.916,35.70,11.10,0.00,3,Power,5.6471
73.0,7,0.700,10.516,37.86,11.10,0.00,1,Coast,6.6888
74.0,7,0.700,10.391,37.41,11.10,0.00,1,Coast,6.6888
75.0,7,0.700,10.266,36.96,11.10,0.00,1,Coast,6.6888
76.0,7,0.700,10.141,36.51,11.10,0.00,1,Coast,6.6888
77.0,7,0.700,10.017,36.06,11.10,0.00,3,Power,6.6888
78.0,7,0.700,10.492,37.77,11.10,0.00,1,Coast,7.4127
79.0,7,0.700,10.367,37.32,11.10,0.00,1,Coast,7.4127
80.0,7,0.700,10.242,36.87,11.10,0.00,1,Coast,7.4127
81.0,8,0.800,10.118,36.42,11.10,0.00,2,Cruise,7.4127
82.0,8,0.800,10.118,36.42,11.10,0.00,2,Cruise,7.5136
83.0,8,0.800,10.118,36.42,11.10,0.00,2,Cruise,7.6145
84.0,8,0.800,10.118,36.42,11.10,0.00,2,Cruise,7.7155
85.0,8,0.800,10.118,36.42,11.10,0.00,2,Cruise,7.8164
86.0,8,0.800,10.118,36.42,11.10,0.00,2,Cruise,7.9174
87.0,8,0.800,10.118,36.42,11.10,0.00,2,Cruise,8.0183
88.0,8,0.800,10.118,36.42,11.10,0.00,2,Cruise,8.1192
89.0,8,0.800,10.118,36.42,11.10,0.00,2,Cruise,8.2202
90.0,8,0.800,10.118,36.42,11.10,0.00,2,Cruise,8.3211
91.0,9,0.900,10.118,36.42,11.10,0.00,2,Cruise,8.4220
92.0,9,0.900,10.118,36.42,11.10,0.00,2,Cruise,8.4835
93.0,9,0.900,10.118,36.42,11.10,0.00,2,Cruise,8.5450
94.0,9,0.900,10.118,36.42,11.10,0.00,2,Cruise,8.6065
95.0,9,0.900,10.118,36.42,11.10,0.00,2,Cruise,8.6680
96.0,9,0.900,10.118,36.42,11.10,0.00,2,Cruise,8.7295
97.0,9,0.900,10.118,36.42,11.10,0.00,2,Cruise,8.7910
98.0,9,0.900,10.118,36.42,11.10,0.00,2,Cruise,8.8525
99.0,9,0.900,10.118,36.42,11.10,0.00,2,Cruise,8.9140
100.0,9,0.900,10.118,36.42,11.10,0.00,2,Cruise,8.9755
101.0,10,1.000,10.118,36.42,11.10,0.00,2,Cruise,9.0370
102.0,10,1.000,10.118,36.42,11.10,0.00,2,Cruise,9.1367
103.0,10,1.000,10.118,36.42,11.10,0.00,2,Cruise,9.2365
104.0,10,1.000,10.118,36.42,11.10,0.00,2,Cruise,9.3362
105.0,10,1.000,10.118,36.42,11.10,0.00,2,Cruise,9.4359
106.0,10,1.000,10.118,36.42,11.10,0.00,2,Cruise,9.5356
107.0,10,1.000,10.118,36.42,11.10,0.00,2,Cruise,9.6353
108.0,10,1.000,10.118,36.42,11.10,0.00,2,Cruise,9.7351
109.0,10,1.000,10.118,36.42,11.10,0.00,2,Cruise,9.8348
110.0,10,1.000,10.118,36.42,11.10,0.00,2,Cruise,9.9345
111.0,11,1.100,10.118,36.42,11.10,0.00,2,Cruise,10.0342
112.0,11,1.100,10.118,36.42,11.10,0.00,2,Cruise,10.1378
113.0,11,1.100,10.118,36.42,11.10,0.00,2,Cruise,10.2413
114.0,11,1.100,10.118,36.42,11.10,0.00,2,Cruise,10.3448
115.0,11,1.100,10.118,36.42,11.10,0.00,2,Cruise,10.4484
116.0,11,1.100,10.118,36.42,11.10,0.00,2,Cruise,10.5519
117.0,11,1.100,10.118,36.42,11.10,0.00,2,Cruise,10.6555
118.0,11,1.100,10.118,36.42,11.10,0.00,2,Cruise,10.7590
119.0,11,1.100,10.118,36.42,11.10,0.00,2,Cruise,10.8625
120.0,11,1.100,10.118,36.42,11.10,0.00,2,Cruise,10.9661
121.0,12,1.200,10.118,36.42,11.10,0.00,2,Cruise,11.0696
122.0,12,1.200,10.118,36.42,11.10,0.00,2,Cruise,11.1083
123.0,12,1.200,10.118,36.42,11.10,0.00,2,Cruise,11.1470
124.0,12,1.200,10.118,36.42,11.10,0.00,2,Cruise,11.1857
125.0,12,1.200,10.118,36.42,11.10,0.00,2,Cruise,11.2244
126.0,12,1.200,10.118,36.42,11.10,0.00,2,Cruise,11.2631
127.0,12,1.200,10.118,36.42,11.10,0.00,2,Cruise,11.3018
128.0,12,1.200,10.118,36.42,11.10,0.00,2,Cruise,11.3405
129.0,12,1.200,10.118,36.42,11.10,0.00,2,Cruise,11.3791
130.0,13,1.300,10.118,36.42,11.10,0.00,2,Cruise,11.4178
131.0,13,1.300,10.118,36.42,11.10,0.00,2,Cruise,11.5036
132.0,13,1.300,10.118,36.42,11.10,0.00,2,Cruise,11.5894
133.0,13,1.300,10.118,36.42,11.10,0.00,2,Cruise,11.6752
134.0,13,1.300,10.118,36.42,11.10,0.00,2,Cruise,11.7610
135.0,13,1.300,10.118,36.42,11.10,0.00,2,Cruise,11.8468
136.0,13,1.300,10.118,36.42,11.10,0.00,2,Cruise,11.9325
137.0,13,1.300,10.118,36.42,11.10,0.00,2,Cruise,12.0183
138.0,13,1.300,10.118,36.42,11.10,0.00,2,Cruise,12.1041
139.0,13,1.300,10.118,36.42,11.10,0.00,2,Cruise,12.1899
140.0,14,1.400,10.118,36.42,11.10,0.00,2,Cruise,12.2757
141.0,14,1.400,10.118,36.42,11.10,0.00,2,Cruise,12.3096
142.0,14,1.400,10.118,36.42,11.10,0.00,2,Cruise,12.3435
143.0,14,1.400,10.118,36.42,11.10,0.00,2,Cruise,12.3774
144.0,14,1.400,10.118,36.42,11.10,0.00,2,Cruise,12.4113
145.0,14,1.400,10.118,36.42,11.10,0.00,2,Cruise,12.4452
146.0,14,1.400,10.118,36.42,11.10,0.00,2,Cruise,12.4791
147.0,14,1.400,10.118,36.42,11.10,0.00,2,Cruise,12.5130
148.0,14,1.400,10.118,36.42,11.10,0.00,2,Cruise,12.5469
149.0,14,1.400,10.118,36.42,11.10,0.00,2,Cruise,12.5808
150.0,15,1.500,10.118,36.42,11.10,0.00,2,Cruise,12.6146
151.0,15,1.500,10.118,36.42,11.10,0.00,2,Cruise,12.6979
152.0,15,1.500,10.118,36.42,11.10,0.00,2,Cruise,12.7811
153.0,15,1.500,10.118,36.42,11.10,0.00,2,Cruise,12.8643
154.0,15,1.500,10.118,36.42,11.10,0.00,2,Cruise,12.9475
155.0,15,1.500,10.118,36.42,11.10,0.00,2,Cruise,13.0308
156.0,15,1.500,10.118,36.42,11.10,0.00,2,Cruise,13.1140
157.0,15,1.500,10.118,36.42,11.10,0.00,2,Cruise,13.1972
158.0,15,1.500,10.118,36.42,11.10,0.00,2,Cruise,13.2804
159.0,15,1.500,10.118,36.42,11.10,0.00,2,Cruise,13.3637
160.0,16,1.600,10.118,36.42,11.10,0.00,2,Cruise,13.4469
161.0,16,1.600,10.118,36.42,11.10,0.00,2,Cruise,13.5126
162.0,16,1.600,10.118,36.42,11.10,0.00,2,Cruise,13.5784
163.0,16,1.600,10.118,36.42,11.10,0.00,2,Cruise,13.6441
164.0,16,1.600,10.118,36.42,11.10,0.00,2,Cruise,13.7099
165.0,16,1.600,10.118,36.42,11.10,0.00,2,Cruise,13.7756
166.0,16,1.600,10.118,36.42,11.10,0.00,2,Cruise,13.8413
167.0,16,1.600,10.118,36.42,11.10,0.00,2,Cruise,13.9071
168.0,16,1.600,10.118,36.42,11.10,0.00,2,Cruise,13.9728
169.0,16,1.600,10.118,36.42,11.10,0.00,2,Cruise,14.0385
170.0,17,1.700,10.118,36.42,11.10,0.00,2,Cruise,14.1043
171.0,17,1.700,10.118,36.42,11.10,0.00,2,Cruise,14.1930
172.0,17,1.700,10.118,36.42,11.10,0.00,2,Cruise,14.2817
173.0,17,1.700,10.118,36.42,11.10,0.00,2,Cruise,14.3704
174.0,17,1.700,10.118,36.42,11.10,0.00,2,Cruise,14.4591
175.0,17,1.700,10.118,36.42,11.10,0.00,2,Cruise,14.5478
176.0,17,1.700,10.118,36.42,11.10,0.00,2,Cruise,14.6365
177.0,17,1.700,10.118,36.42,11.10,0.00,2,Cruise,14.7252
178.0,17,1.700,10.118,36.42,11.10,0.00,2,Cruise,14.8139
179.0,17,1.700,10.118,36.42,11.10,0.00,2,Cruise,14.9026
180.0,18,1.800,10.118,36.42,11.10,0.00,1,Coast,14.9913
181.0,18,1.800,9.997,35.99,11.10,0.00,1,Coast,14.9913
182.0,18,1.800,9.877,35.56,11.10,0.00,1,Coast,14.9913
183.0,18,1.800,9.757,35.12,11.10,0.00,1,Coast,14.9913
184.0,18,1.800,9.637,34.69,11.10,0.00,1,Coast,14.9913
185.0,18,1.800,9.517,34.26,11.10,0.00,1,Coast,14.9913
186.0,18,1.800,9.397,33.83,11.10,0.00,1,Coast,14.9913
187.0,18,1.800,9.277,33.40,11.10,0.00,1,Coast,14.9913
188.0,18,1.800,9.158,32.97,11.10,0.00,1,Coast,14.9913
189.0,18,1.800,9.038,32.54,11.10,0.00,1,Coast,14.9913
190.0,19,1.900,8.919,32.11,11.10,0.00,2,Cruise,14.9913
191.0,19,1.900,8.928,32.14,11.10,0.00,2,Cruise,14.9913
192.0,19,1.900,8.936,32.17,11.10,0.00,2,Cruise,14.9913
193.0,19,1.900,8.945,32.20,11.10,0.00,2,Cruise,14.9913
194.0,19,1.900,8.954,32.23,11.10,0.00,2,Cruise,14.9913
195.0,19,1.900,8.963,32.27,11.10,0.00,2,Cruise,14.9913
196.0,19,1.900,8.971,32.30,11.10,0.00,2,Cruise,14.9913
197.0,19,1.900,8.980,32.33,11.10,0.00,2,Cruise,14.9913
198.0,19,1.900,8.989,32.36,11.10,0.00,2,Cruise,14.9913
199.0,19,1.900,8.998,32.39,11.10,0.00,2,Cruise,14.9913
200.0,19,1.900,9.006,32.42,11.10,0.00,2,Cruise,14.9913
201.0,20,2.000,9.015,32.45,11.10,0.00,2,Cruise,14.9913
202.0,20,2.000,9.015,32.45,11.10,0.00,2,Cruise,15.0379
203.0,20,2.000,9.015,32.45,11.10,0.00,2,Cruise,15.0846
204.0,20,2.000,9.015,32.45,11.10,0.00,2,Cruise,15.1312
205.0,20,2.000,9.015,32.45,11.10,0.00,2,Cruise,15.1779
206.0,20,2.000,9.015,32.45,11.10,0.00,2,Cruise,15.2246
207.0,20,2.000,9.015,32.45,11.10,0.00,2,Cruise,15.2712
208.0,20,2.000,9.015,32.45,11.10,0.00,2,Cruise,15.3179
209.0,20,2.000,9.015,32.45,11.10,0.00,2,Cruise,15.3645
210.0,20,2.000,9.015,32.45,11.10,0.00,2,Cruise,15.4112
211.0,20,2.000,9.015,32.45,11.10,0.00,2,Cruise,15.4578
212.0,20,2.000,9.015,32.45,11.10,0.00,2,Cruise,15.5045
213.0,21,2.100,9.015,32.45,11.10,0.00,1,Coast,15.5512
214.0,21,2.100,8.892,32.01,11.10,0.00,1,Coast,15.5512
215.0,21,2.100,8.770,31.57,11.10,0.00,1,Coast,15.5512
216.0,21,2.100,8.647,31.13,11.10,0.00,1,Coast,15.5512
217.0,21,2.100,8.525,30.69,11.10,0.00,1,Coast,15.5512
218.0,21,2.100,8.402,30.25,11.10,0.00,1,Coast,15.5512
219.0,21,2.100,8.280,29.81,11.10,0.00,1,Coast,15.5512
220.0,21,2.100,8.158,29.37,11.10,0.00,1,Coast,15.5512
221.0,21,2.100,8.036,28.93,11.10,0.00,1,Coast,15.5512
222.0,21,2.100,7.914,28.49,11.10,0.00,1,Coast,15.5512
223.0,21,2.100,7.793,28.05,11.10,0.00,1,Coast,15.5512
224.0,22,2.200,7.671,27.62,11.10,0.00,2,Cruise,15.5512
225.0,22,2.200,7.804,28.09,11.10,0.00,2,Cruise,15.5512
226.0,22,2.200,7.937,28.57,11.10,0.00,2,Cruise,15.5512
227.0,22,2.200,8.069,29.05,11.10,0.00,2,Cruise,15.5512
228.0,22,2.200,8.202,29.53,11.10,0.00,2,Cruise,15.5512
229.0,22,2.200,8.334,30.00,11.10,0.00,2,Cruise,15.5512
230.0,22,2.200,8.467,30.48,11.10,0.00,2,Cruise,15.5512
231.0,22,2.200,8.599,30.96,11.10,0.00,2,Cruise,15.5512
232.0,22,2.200,8.731,31.43,11.10,0.00,2,Cruise,15.5512
233.0,22,2.200,8.863,31.91,11.10,0.00,2,Cruise,15.5512
234.0,22,2.200,8.995,32.38,11.10,0.00,2,Cruise,15.5512
235.0,22,2.200,9.127,32.86,11.10,0.00,2,Cruise,15.5512
236.0,23,2.300,9.259,33.33,11.10,0.00,2,Cruise,15.5512
237.0,23,2.300,9.278,33.40,11.10,0.00,2,Cruise,15.5512
238.0,23,2.300,9.297,33.47,11.10,0.00,2,Cruise,15.5512
239.0,23,2.300,9.317,33.54,11.10,0.00,2,Cruise,15.5512
240.0,23,2.300,9.336,33.61,11.10,0.00,2,Cruise,15.5512
241.0,23,2.300,9.356,33.68,11.10,0.00,2,Cruise,15.5512
242.0,23,2.300,9.375,33.75,11.10,0.00,2,Cruise,15.5512
243.0,23,2.300,9.394,33.82,11.10,0.00,2,Cruise,15.5512
244.0,23,2.300,9.413,33.89,11.10,0.00,2,Cruise,15.5512
245.0,23,2.300,9.433,33.96,11.10,0.00,2,Cruise,15.5512
246.0,23,2.300,9.452,34.03,11.10,0.00,2,Cruise,15.5512
247.0,24,2.400,9.471,34.10,11.10,0.00,2,Cruise,15.5512
248.0,24,2.400,9.471,34.10,11.10,0.00,2,Cruise,15.5966
249.0,24,2.400,9.471,34.10,11.10,0.00,2,Cruise,15.6421
250.0,24,2.400,9.471,34.10,11.10,0.00,2,Cruise,15.6876
251.0,24,2.400,9.471,34.10,11.10,0.00,2,Cruise,15.7331
252.0,24,2.400,9.471,34.10,11.10,0.00,2,Cruise,15.7786
253.0,24,2.400,9.471,34.10,11.10,0.00,2,Cruise,15.8240
254.0,24,2.400,9.471,34.10,11.10,0.00,2,Cruise,15.8695
255.0,24,2.400,9.471,34.10,11.10,0.00,2,Cruise,15.9150
256.0,24,2.400,9.471,34.10,11.10,0.00,2,Cruise,15.9605
257.0,24,2.400,9.471,34.10,11.10,0.00,2,Cruise,16.0060
258.0,25,2.500,9.471,34.10,11.10,0.00,0,Brake,16.0515
259.0,25,2.500,8.671,31.22,11.10,0.00,2,Cruise,16.0515
260.0,25,2.500,8.671,31.22,11.10,0.00,2,Cruise,16.1815
261.0,25,2.500,8.671,31.22,11.10,0.00,2,Cruise,16.3115
262.0,25,2.500,8.671,31.22,11.10,0.00,2,Cruise,16.4415
263.0,25,2.500,8.671,31.22,11.10,0.00,2,Cruise,16.5716
264.0,25,2.500,8.671,31.22,11.10,0.00,2,Cruise,16.7016
265.0,25,2.500,8.671,31.22,11.10,0.00,2,Cruise,16.8316
266.0,25,2.500,8.671,31.22,11.10,0.00,2,Cruise,16.9617
267.0,25,2.500,8.671,31.22,11.10,0.00,2,Cruise,17.0917
268.0,25,2.500,8.671,31.22,11.10,0.00,2,Cruise,17.2217
269.0,26,2.600,8.671,31.22,11.10,0.00,2,Cruise,17.3517
270.0,26,2.600,8.671,31.22,11.10,0.00,2,Cruise,17.3996
271.0,26,2.600,8.671,31.22,11.10,0.00,2,Cruise,17.4474
272.0,26,2.600,8.671,31.22,11.10,0.00,2,Cruise,17.4953
273.0,26,2.600,8.671,31.22,11.10,0.00,2,Cruise,17.5431
274.0,26,2.600,8.671,31.22,11.10,0.00,2,Cruise,17.5909
275.0,26,2.600,8.671,31.22,11.10,0.00,2,Cruise,17.6388
276.0,26,2.600,8.671,31.22,11.10,0.00,2,Cruise,17.6866
277.0,26,2.600,8.671,31.22,11.10,0.00,2,Cruise,17.7344
278.0,26,2.600,8.671,31.22,11.10,0.00,2,Cruise,17.7823
279.0,26,2.600,8.671,31.22,11.10,0.00,2,Cruise,17.8301
280.0,26,2.600,8.671,31.22,11.10,0.00,2,Cruise,17.8780
281.0,27,2.700,8.671,31.22,11.10,0.00,2,Cruise,17.9258
282.0,27,2.700,8.671,31.22,11.10,0.00,2,Cruise,17.9589
283.0,27,2.700,8.671,31.22,11.10,0.00,2,Cruise,17.9921
284.0,27,2.700,8.671,31.22,11.10,0.00,2,Cruise,18.0252
285.0,27,2.700,8.671,31.22,11.10,0.00,2,Cruise,18.0583
286.0,27,2.700,8.671,31.22,11.10,0.00,2,Cruise,18.0914
287.0,27,2.700,8.671,31.22,11.10,0.00,2,Cruise,18.1246
288.0,27,2.700,8.671,31.22,11.10,0.00,2,Cruise,18.1577
289.0,27,2.700,8.671,31.22,11.10,0.00,2,Cruise,18.1908
290.0,27,2.700,8.671,31.22,11.10,0.00,2,Cruise,18.2240
291.0,27,2.700,8.671,31.22,11.10,0.00,2,Cruise,18.2571
292.0,28,2.800,8.671,31.22,3.00,5.67,0,Brake,18.2902
293.0,28,2.800,7.871,28.34,3.00,4.87,0,Brake,18.2902
294.0,28,2.800,7.071,25.46,3.00,4.07,0,Brake,18.2902
295.0,28,2.800,6.271,22.58,3.00,3.27,0,Brake,18.2902
296.0,28,2.800,5.471,19.70,3.00,2.47,0,Brake,18.2902
297.0,28,2.800,4.671,16.82,3.00,1.67,0,Brake,18.2902
298.0,28,2.800,3.871,13.94,3.00,0.87,2,Cruise,18.2902
299.0,28,2.800,3.871,13.94,3.00,0.87,2,Cruise,18.3281
300.0,28,2.800,3.871,13.94,3.00,0.87,2,Cruise,18.3661
301.0,28,2.800,3.871,13.94,3.00,0.87,2,Cruise,18.4040
302.0,28,2.800,3.871,13.94,3.00,0.87,2,Cruise,18.4419
303.0,28,2.800,3.871,13.94,3.00,0.87,2,Cruise,18.4798
304.0,28,2.800,3.871,13.94,3.00,0.87,2,Cruise,18.5177
305.0,28,2.800,3.871,13.94,3.00,0.87,2,Cruise,18.5557
306.0,28,2.800,3.871,13.94,3.00,0.87,2,Cruise,18.5936
307.0,28,2.800,3.871,13.94,3.00,0.87,2,Cruise,18.6315
308.0,28,2.800,3.871,13.94,3.00,0.87,2,Cruise,18.6694
309.0,28,2.800,3.871,13.94,3.00,0.87,2,Cruise,18.7073
310.0,28,2.800,3.871,13.94,3.00,0.87,2,Cruise,18.7452
311.0,28,2.800,3.871,13.94,3.00,0.87,2,Cruise,18.7832
312.0,28,2.800,3.871,13.94,3.00,0.87,2,Cruise,18.8211
313.0,28,2.800,3.871,13.94,3.00,0.87,2,Cruise,18.8590
314.0,29,2.900,3.871,13.94,1.00,0.00,1,Coast,18.8969
315.0,29,2.900,3.764,13.55,1.00,0.00,1,Coast,18.8969
316.0,29,2.900,3.656,13.16,1.00,0.00,1,Coast,18.8969
317.0,29,2.900,3.549,12.78,1.00,0.00,1,Coast,18.8969
318.0,29,2.900,3.442,12.39,1.00,0.00,1,Coast,18.8969
319.0,29,2.900,3.335,12.01,1.00,0.00,1,Coast,18.8969
320.0,29,2.900,3.228,11.62,1.00,0.00,1,Coast,18.8969
321.0,29,2.900,3.121,11.23,1.00,0.00,1,Coast,18.8969
322.0,29,2.900,3.014,10.85,1.00,0.00,1,Coast,18.8969
323.0,29,2.900,2.907,10.46,1.00,0.00,1,Coast,18.8969
324.0,29,2.900,2.800,10.08,1.00,0.00,1,Coast,18.8969
325.0,29,2.900,2.693,9.69,1.00,0.00,1,Coast,18.8969
326.0,29,2.900,2.586,9.31,1.00,0.00,1,Coast,18.8969
327.0,29,2.900,2.479,8.93,1.00,0.00,1,Coast,18.8969
328.0,29,2.900,2.373,8.54,1.00,0.00,1,Coast,18.8969
329.0,29,2.900,2.266,8.16,1.00,0.00,1,Coast,18.8969
330.0,29,2.900,2.160,7.77,1.00,0.00,2,Cruise,18.8969
331.0,29,2.900,2.160,7.77,1.00,0.00,2,Cruise,18.9240
332.0,29,2.900,2.160,7.77,1.00,0.00,2,Cruise,18.9510
333.0,29,2.900,2.160,7.77,1.00,0.00,2,Cruise,18.9781
334.0,29,2.900,2.160,7.77,1.00,0.00,2,Cruise,19.0052
335.0,29,2.900,2.160,7.77,1.00,0.00,2,Cruise,19.0322
336.0,29,2.900,2.160,7.77,1.00,0.00,2,Cruise,19.0593
337.0,29,2.900,2.160,7.77,1.00,0.00,2,Cruise,19.0864
338.0,29,2.900,2.160,7.77,1.00,0.00,2,Cruise,19.1134
339.0,29,2.900,2.160,7.77,1.00,0.00,2,Cruise,19.1405
340.0,29,2.900,2.160,7.77,1.00,0.00,2,Cruise,19.1675
341.0,29,2.900,2.160,7.77,1.00,0.00,2,Cruise,19.1946
342.0,29,2.900,2.160,7.77,1.00,0.00,2,Cruise,19.2217
343.0,29,2.900,2.160,7.77,1.00,0.00,2,Cruise,19.2487
344.0,29,2.900,2.160,7.77,1.00,0.00,2,Cruise,19.2758
345.0,29,2.900,2.160,7.77,1.00,0.00,2,Cruise,19.3028
346.0,29,2.900,2.160,7.77,1.00,0.00,2,Cruise,19.3299
347.0,29,2.900,2.160,7.77,1.00,0.00,2,Cruise,19.3570
348.0,29,2.900,2.160,7.77,1.00,0.00,2,Cruise,19.3840
349.0,29,2.900,2.160,7.77,1.00,0.00,2,Cruise,19.4111
350.0,29,2.900,2.160,7.77,1.00,0.00,2,Cruise,19.4382
351.0,29,2.900,2.160,7.77,1.00,0.00,2,Cruise,19.4652
352.0,29,2.900,2.160,7.77,1.00,0.00,2,Cruise,19.4923
353.0,30,3.000,2.160,7.77,3.00,0.00,3,Power,19.5193
354.0,30,3.000,2.760,9.93,3.00,0.00,3,Power,20.3709
355.0,30,3.000,3.360,12.09,3.00,0.36,3,Power,21.4303
356.0,30,3.000,3.960,14.25,3.00,0.96,2,Cruise,22.5317
357.0,30,3.000,3.968,14.28,3.00,0.97,2,Cruise,22.5317
358.0,30,3.000,3.976,14.32,3.00,0.98,2,Cruise,22.5317
359.0,30,3.000,3.985,14.35,3.00,0.98,2,Cruise,22.5317
360.0,30,3.000,3.993,14.38,3.00,0.99,2,Cruise,22.5317
361.0,30,3.000,4.002,14.41,3.00,1.00,2,Cruise,22.5317
362.0,30,3.000,4.010,14.44,3.00,1.01,2,Cruise,22.5317
363.0,30,3.000,4.019,14.47,3.00,1.02,2,Cruise,22.5317
364.0,30,3.000,4.027,14.50,3.00,1.03,2,Cruise,22.5317
365.0,30,3.000,4.035,14.53,3.00,1.04,2,Cruise,22.5317
366.0,30,3.000,4.044,14.56,3.00,1.04,2,Cruise,22.5317
367.0,30,3.000,4.052,14.59,3.00,1.05,2,Cruise,22.5317
368.0,30,3.000,4.061,14.62,3.00,1.06,2,Cruise,22.5317
369.0,30,3.000,4.069,14.65,3.00,1.07,2,Cruise,22.5317
370.0,30,3.000,4.077,14.68,3.00,1.08,2,Cruise,22.5317
371.0,30,3.000,4.086,14.71,3.00,1.09,2,Cruise,22.5317
372.0,30,3.000,4.094,14.74,3.00,1.09,2,Cruise,22.5317
373.0,30,3.000,4.103,14.77,3.00,1.10,2,Cruise,22.5317
374.0,30,3.000,4.111,14.80,3.00,1.11,2,Cruise,22.5317
375.0,30,3.000,4.119,14.83,3.00,1.12,2,Cruise,22.5317
376.0,30,3.000,4.128,14.86,3.00,1.13,2,Cruise,22.5317
377.0,30,3.000,4.136,14.89,3.00,1.14,2,Cruise,22.5317
378.0,30,3.000,4.144,14.92,3.00,1.14,2,Cruise,22.5317
379.0,31,3.100,4.153,14.95,19.40,0.00,3,Power,22.5317
380.0,31,3.100,4.753,17.11,19.40,0.00,3,Power,23.6158
381.0,31,3.100,5.353,19.27,19.40,0.00,3,Power,24.6908
382.0,31,3.100,5.953,21.43,19.40,0.00,3,Power,25.7585
383.0,31,3.100,6.553,23.59,19.40,0.00,3,Power,26.8206
384.0,31,3.100,7.153,25.75,19.40,0.00,3,Power,27.8780
385.0,31,3.100,7.753,27.91,19.40,0.00,3,Power,28.9315
386.0,31,3.100,8.353,30.07,19.40,0.00,3,Power,29.9818
387.0,31,3.100,8.953,32.23,19.40,0.00,3,Power,31.0292
388.0,31,3.100,9.553,34.39,19.40,0.00,3,Power,32.0742
389.0,31,3.100,10.153,36.55,19.40,0.00,3,Power,33.1170
390.0,31,3.100,10.645,38.32,19.40,0.00,3,Power,33.8511
391.0,31,3.100,11.136,40.09,19.40,0.00,3,Power,34.6198
392.0,32,3.200,11.627,41.86,19.40,0.00,3,Power,35.4232
393.0,32,3.200,12.158,43.77,19.40,0.00,3,Power,36.2627
394.0,32,3.200,12.689,45.68,19.40,0.00,3,Power,37.1396
395.0,32,3.200,13.219,47.59,19.40,0.00,3,Power,38.0540
396.0,32,3.200,13.749,49.49,19.40,0.00,3,Power,39.0058
397.0,32,3.200,14.277,51.40,19.40,0.00,3,Power,39.9950
398.0,32,3.200,14.806,53.30,19.40,0.00,3,Power,41.0215
399.0,33,3.300,15.314,55.13,19.40,0.00,3,Power,42.0499
400.0,33,3.300,15.820,56.95,19.40,0.00,3,Power,43.0777
401.0,33,3.300,16.307,58.71,19.40,0.00,3,Power,44.1044
402.0,33,3.300,16.777,60.40,19.40,0.00,2,Cruise,45.1301
403.0,33,3.300,16.777,60.40,19.40,0.00,2,Cruise,45.2431
404.0,33,3.300,16.777,60.40,19.40,0.00,2,Cruise,45.3561
405.0,34,3.400,16.777,60.40,19.40,0.00,2,Cruise,45.4690
406.0,34,3.400,16.777,60.40,19.40,0.00,2,Cruise,45.5382
407.0,34,3.400,16.777,60.40,19.40,0.00,2,Cruise,45.6074
408.0,34,3.400,16.777,60.40,19.40,0.00,2,Cruise,45.6765
409.0,34,3.400,16.777,60.40,19.40,0.00,2,Cruise,45.7457
410.0,34,3.400,16.777,60.40,19.40,0.00,2,Cruise,45.8148
411.0,35,3.500,16.777,60.40,19.40,0.00,3,Power,45.8840
412.0,35,3.500,17.210,61.96,19.40,0.00,2,Cruise,46.9081
413.0,35,3.500,17.210,61.96,19.40,0.00,2,Cruise,47.0710
414.0,35,3.500,17.210,61.96,19.40,0.00,2,Cruise,47.2339
415.0,35,3.500,17.210,61.96,19.40,0.00,2,Cruise,47.3968
416.0,35,3.500,17.210,61.96,19.40,0.00,2,Cruise,47.5597
417.0,36,3.600,17.210,61.96,19.40,0.00,1,Coast,47.7226
418.0,36,3.600,17.116,61.62,19.40,0.00,1,Coast,47.7226
419.0,36,3.600,17.022,61.28,19.40,0.00,1,Coast,47.7226
420.0,36,3.600,16.928,60.94,19.40,0.00,1,Coast,47.7226
421.0,36,3.600,16.834,60.60,19.40,0.00,1,Coast,47.7226
422.0,36,3.600,16.740,60.27,19.40,0.00,3,Power,47.7226
423.0,37,3.700,17.160,61.78,19.40,0.00,2,Cruise,48.7464
424.0,37,3.700,17.160,61.78,19.40,0.00,2,Cruise,48.8784
425.0,37,3.700,17.160,61.78,19.40,0.00,2,Cruise,49.0105
426.0,37,3.700,17.160,61.78,19.40,0.00,2,Cruise,49.1425
427.0,37,3.700,17.160,61.78,19.40,0.00,2,Cruise,49.2745
428.0,37,3.700,17.160,61.78,19.40,0.00,2,Cruise,49.4066
429.0,38,3.800,17.160,61.78,19.40,0.00,1,Coast,49.5386
430.0,38,3.800,17.073,61.46,19.40,0.00,1,Coast,49.5386
431.0,38,3.800,16.985,61.15,19.40,0.00,1,Coast,49.5386
432.0,38,3.800,16.898,60.83,19.40,0.00,3,Power,49.5386
433.0,38,3.800,17.320,62.35,19.40,0.00,1,Coast,50.5623
434.0,38,3.800,17.232,62.04,19.40,0.00,1,Coast,50.5623
435.0,39,3.900,17.145,61.72,19.40,0.00,3,Power,50.5623
436.0,39,3.900,17.592,63.33,19.40,0.00,1,Coast,51.5866
437.0,39,3.900,17.537,63.13,19.40,0.00,1,Coast,51.5866
438.0,39,3.900,17.482,62.94,19.40,0.00,1,Coast,51.5866
439.0,39,3.900,17.428,62.74,19.40,0.00,1,Coast,51.5866
440.0,39,3.900,17.373,62.54,19.40,0.00,1,Coast,51.5866
441.0,40,4.000,17.319,62.35,19.40,0.00,1,Coast,51.5866
442.0,40,4.000,17.245,62.08,19.40,0.00,1,Coast,51.5866
443.0,40,4.000,17.172,61.82,19.40,0.00,1,Coast,51.5866
444.0,40,4.000,17.099,61.56,19.40,0.00,1,Coast,51.5866
445.0,40,4.000,17.026,61.29,19.40,0.00,1,Coast,51.5866
446.0,41,4.100,16.953,61.03,19.40,0.00,3,Power,51.5866
447.0,41,4.100,17.376,62.55,19.40,0.00,1,Coast,52.6104
448.0,41,4.100,17.292,62.25,19.40,0.00,1,Coast,52.6104
449.0,41,4.100,17.207,61.95,19.40,0.00,1,Coast,52.6104
450.0,41,4.100,17.123,61.64,19.40,0.00,3,Power,52.6104
451.0,41,4.100,17.541,63.15,19.40,0.00,1,Coast,53.6338
452.0,42,4.200,17.456,62.84,19.40,0.00,1,Coast,53.6338
453.0,42,4.200,17.400,62.64,19.40,0.00,1,Coast,53.6338
454.0,42,4.200,17.345,62.44,19.40,0.00,1,Coast,53.6338
455.0,42,4.200,17.289,62.24,19.40,0.00,3,Power,53.6338
456.0,42,4.200,17.731,63.83,19.40,0.00,1,Coast,54.6578
457.0,42,4.200,17.675,63.63,19.40,0.00,1,Coast,54.6578
458.0,43,4.300,17.619,63.43,19.40,0.00,1,Coast,54.6578
459.0,43,4.300,17.538,63.14,19.40,0.00,1,Coast,54.6578
460.0,43,4.300,17.457,62.85,19.40,0.00,1,Coast,54.6578
461.0,43,4.300,17.377,62.56,19.40,0.00,1,Coast,54.6578
462.0,43,4.300,17.296,62.27,19.40,0.00,1,Coast,54.6578
463.0,43,4.300,17.216,61.98,19.40,0.00,1,Coast,54.6578
464.0,44,4.400,17.135,61.69,19.40,0.00,3,Power,54.6578
465.0,44,4.400,17.603,63.37,19.40,0.00,1,Coast,55.6827
466.0,44,4.400,17.568,63.25,19.40,0.00,1,Coast,55.6827
467.0,44,4.400,17.533,63.12,19.40,0.00,1,Coast,55.6827
468.0,44,4.400,17.499,63.00,19.40,0.00,1,Coast,55.6827
469.0,45,4.500,17.464,62.87,19.40,0.00,1,Coast,55.6827
470.0,45,4.500,17.318,62.34,19.40,0.00,1,Coast,55.6827
471.0,45,4.500,17.172,61.82,19.40,0.00,1,Coast,55.6827
472.0,45,4.500,17.025,61.29,19.40,0.00,1,Coast,55.6827
473.0,45,4.500,16.880,60.77,19.40,0.00,1,Coast,55.6827
474.0,45,4.500,16.734,60.24,19.40,0.00,1,Coast,55.6827
475.0,46,4.600,16.588,59.72,19.40,0.00,2,Cruise,55.6827
476.0,46,4.600,16.588,59.72,19.40,0.00,2,Cruise,55.8004
477.0,46,4.600,16.588,59.72,19.40,0.00,2,Cruise,55.9181
478.0,46,4.600,16.588,59.72,19.40,0.00,2,Cruise,56.0357
479.0,46,4.600,16.588,59.72,19.40,0.00,2,Cruise,56.1534
480.0,46,4.600,16.588,59.72,19.40,0.00,2,Cruise,56.2711
481.0,47,4.700,16.588,59.72,19.40,0.00,2,Cruise,56.3887
482.0,47,4.700,16.588,59.72,19.40,0.00,2,Cruise,56.5205
483.0,47,4.700,16.588,59.72,19.40,0.00,2,Cruise,56.6523
484.0,47,4.700,16.588,59.72,19.40,0.00,2,Cruise,56.7841
485.0,47,4.700,16.588,59.72,19.40,0.00,2,Cruise,56.9158
486.0,47,4.700,16.588,59.72,19.40,0.00,2,Cruise,57.0476
487.0,48,4.800,16.588,59.72,19.40,0.00,2,Cruise,57.1794
488.0,48,4.800,16.588,59.72,19.40,0.00,2,Cruise,57.2595
489.0,48,4.800,16.588,59.72,19.40,0.00,2,Cruise,57.3395
490.0,48,4.800,16.588,59.72,19.40,0.00,2,Cruise,57.4196
491.0,48,4.800,16.588,59.72,19.40,0.00,2,Cruise,57.4997
492.0,48,4.800,16.588,59.72,19.40,0.00,2,Cruise,57.5797
493.0,49,4.900,16.588,59.72,19.40,0.00,2,Cruise,57.6598
494.0,49,4.900,16.588,59.72,19.40,0.00,2,Cruise,57.8385
495.0,49,4.900,16.588,59.72,19.40,0.00,2,Cruise,58.0173
496.0,49,4.900,16.588,59.72,19.40,0.00,2,Cruise,58.1960
497.0,49,4.900,16.588,59.72,19.40,0.00,2,Cruise,58.3747
498.0,49,4.900,16.588,59.72,19.40,0.00,2,Cruise,58.5534
499.0,50,5.000,16.588,59.72,19.40,0.00,2,Cruise,58.7322
500.0,50,5.000,16.588,59.72,19.40,0.00,2,Cruise,58.9423
501.0,50,5.000,16.588,59.72,19.40,0.00,2,Cruise,59.1525
502.0,50,5.000,16.588,59.72,19.40,0.00,2,Cruise,59.3627
503.0,50,5.000,16.588,59.72,19.40,0.00,2,Cruise,59.5728
504.0,50,5.000,16.588,59.72,19.40,0.00,2,Cruise,59.7830
505.0,51,5.100,16.588,59.72,19.40,0.00,2,Cruise,59.9932
506.0,51,5.100,16.588,59.72,19.40,0.00,2,Cruise,60.2182
507.0,51,5.100,16.588,59.72,19.40,0.00,2,Cruise,60.4432
508.0,51,5.100,16.588,59.72,19.40,0.00,2,Cruise,60.6682
509.0,51,5.100,16.588,59.72,19.40,0.00,2,Cruise,60.8932
510.0,51,5.100,16.588,59.72,19.40,0.00,2,Cruise,61.1182
511.0,52,5.200,16.588,59.72,19.40,0.00,2,Cruise,61.3432
512.0,52,5.200,16.588,59.72,19.40,0.00,2,Cruise,61.4046
513.0,52,5.200,16.588,59.72,19.40,0.00,2,Cruise,61.4660
514.0,52,5.200,16.588,59.72,19.40,0.00,2,Cruise,61.5274
515.0,52,5.200,16.588,59.72,19.40,0.00,2,Cruise,61.5888
516.0,52,5.200,16.588,59.72,19.40,0.00,2,Cruise,61.6502
517.0,53,5.300,16.588,59.72,19.40,0.00,2,Cruise,61.7117
518.0,53,5.300,16.588,59.72,19.40,0.00,2,Cruise,61.8897
519.0,53,5.300,16.588,59.72,19.40,0.00,2,Cruise,62.0678
520.0,53,5.300,16.588,59.72,19.40,0.00,2,Cruise,62.2459
521.0,53,5.300,16.588,59.72,19.40,0.00,2,Cruise,62.4240
522.0,53,5.300,16.588,59.72,19.40,0.00,2,Cruise,62.6020
523.0,54,5.400,16.588,59.72,19.40,0.00,2,Cruise,62.7801
524.0,54,5.400,16.588,59.72,19.40,0.00,2,Cruise,62.9456
525.0,54,5.400,16.588,59.72,19.40,0.00,2,Cruise,63.1110
526.0,54,5.400,16.588,59.72,19.40,0.00,2,Cruise,63.2764
527.0,54,5.400,16.588,59.72,19.40,0.00,2,Cruise,63.4418
528.0,54,5.400,16.588,59.72,19.40,0.00,2,Cruise,63.6073
529.0,55,5.500,16.588,59.72,19.40,0.00,2,Cruise,63.7727
530.0,55,5.500,16.588,59.72,19.40,0.00,2,Cruise,63.7935
531.0,55,5.500,16.588,59.72,19.40,0.00,2,Cruise,63.8144
532.0,55,5.500,16.588,59.72,19.40,0.00,2,Cruise,63.8352
533.0,55,5.500,16.588,59.72,19.40,0.00,2,Cruise,63.8561
534.0,55,5.500,16.588,59.72,19.40,0.00,2,Cruise,63.8769
535.0,56,5.600,16.588,59.72,19.40,0.00,2,Cruise,63.8978
536.0,56,5.600,16.733,60.24,19.40,0.00,2,Cruise,63.8978
537.0,56,5.600,16.877,60.76,19.40,0.00,2,Cruise,63.8978
538.0,56,5.600,17.021,61.27,19.40,0.00,2,Cruise,63.8978
539.0,56,5.600,17.165,61.79,19.40,0.00,2,Cruise,63.8978
540.0,56,5.600,17.308,62.31,19.40,0.00,2,Cruise,63.8978
541.0,57,5.700,17.452,62.83,19.40,0.00,1,Coast,63.8978
542.0,57,5.700,17.102,61.57,19.40,0.00,1,Coast,63.8978
543.0,57,5.700,16.752,60.31,19.40,0.00,1,Coast,63.8978
544.0,57,5.700,16.404,59.05,19.40,0.00,1,Coast,63.8978
545.0,57,5.700,16.055,57.80,19.40,0.00,1,Coast,63.8978
546.0,57,5.700,15.707,56.55,19.40,0.00,1,Coast,63.8978
547.0,58,5.800,15.360,55.29,19.40,0.00,2,Cruise,63.8978
548.0,58,5.800,15.360,55.29,19.40,0.00,2,Cruise,64.0021
549.0,58,5.800,15.360,55.29,19.40,0.00,2,Cruise,64.1064
550.0,58,5.800,15.360,55.29,19.40,0.00,2,Cruise,64.2107
551.0,58,5.800,15.360,55.29,19.40,0.00,2,Cruise,64.3150
552.0,58,5.800,15.360,55.29,19.40,0.00,2,Cruise,64.4193
553.0,58,5.800,15.360,55.29,19.40,0.00,2,Cruise,64.5235
554.0,59,5.900,15.360,55.29,19.40,0.00,2,Cruise,64.6278
555.0,59,5.900,15.360,55.29,19.40,0.00,2,Cruise,64.7049
556.0,59,5.900,15.360,55.29,19.40,0.00,2,Cruise,64.7820
557.0,59,5.900,15.360,55.29,19.40,0.00,2,Cruise,64.8591
558.0,59,5.900,15.360,55.29,19.40,0.00,2,Cruise,64.9362
559.0,59,5.900,15.360,55.29,19.40,0.00,2,Cruise,65.0133
560.0,60,6.000,15.360,55.29,19.40,0.00,0,Brake,65.0904
561.0,60,6.000,14.560,52.41,19.40,0.00,0,Brake,65.0904
562.0,60,6.000,13.760,49.53,19.40,0.00,0,Brake,65.0904
563.0,60,6.000,12.960,46.65,19.40,0.00,2,Cruise,65.0904
564.0,60,6.000,12.960,46.65,19.40,0.00,2,Cruise,65.1846
565.0,60,6.000,12.960,46.65,19.40,0.00,2,Cruise,65.2789
566.0,60,6.000,12.960,46.65,19.40,0.00,2,Cruise,65.3731
567.0,60,6.000,12.960,46.65,19.40,0.00,2,Cruise,65.4673
568.0,61,6.100,12.960,46.65,19.40,0.00,1,Coast,65.5616
569.0,61,6.100,12.865,46.31,19.40,0.00,1,Coast,65.5616
570.0,61,6.100,12.771,45.98,19.40,0.00,1,Coast,65.5616
571.0,61,6.100,12.677,45.64,19.40,0.00,1,Coast,65.5616
572.0,61,6.100,12.582,45.30,19.40,0.00,1,Coast,65.5616
573.0,61,6.100,12.488,44.96,19.40,0.00,1,Coast,65.5616
574.0,61,6.100,12.394,44.62,19.40,0.00,1,Coast,65.5616
575.0,61,6.100,12.300,44.28,19.40,0.00,1,Coast,65.5616
576.0,62,6.200,12.207,43.94,19.40,0.00,1,Coast,65.5616
577.0,62,6.200,12.083,43.50,19.40,0.00,1,Coast,65.5616
578.0,62,6.200,11.959,43.05,19.40,0.00,1,Coast,65.5616
579.0,62,6.200,11.835,42.61,19.40,0.00,1,Coast,65.5616
580.0,62,6.200,11.712,42.16,19.40,0.00,1,Coast,65.5616
581.0,62,6.200,11.588,41.72,19.40,0.00,1,Coast,65.5616
582.0,62,6.200,11.465,41.27,19.40,0.00,1,Coast,65.5616
583.0,62,6.200,11.342,40.83,19.40,0.00,1,Coast,65.5616
584.0,63,6.300,11.219,40.39,19.40,0.00,0,Brake,65.5616
585.0,63,6.300,10.517,37.86,19.40,0.00,0,Brake,65.5616
586.0,63,6.300,9.815,35.33,19.40,0.00,0,Brake,65.5616
587.0,63,6.300,9.114,32.81,19.40,0.00,0,Brake,65.5616
588.0,63,6.300,8.414,30.29,19.40,0.00,2,Cruise,65.5616
589.0,63,6.300,8.515,30.65,19.40,0.00,2,Cruise,65.5616
590.0,63,6.300,8.615,31.01,19.40,0.00,2,Cruise,65.5616
591.0,63,6.300,8.715,31.37,19.40,0.00,2,Cruise,65.5616
592.0,63,6.300,8.815,31.74,19.40,0.00,2,Cruise,65.5616
593.0,63,6.300,8.916,32.10,19.40,0.00,2,Cruise,65.5616
594.0,63,6.300,9.015,32.46,19.40,0.00,2,Cruise,65.5616
595.0,64,6.400,9.115,32.82,19.40,0.00,0,Brake,65.5616
596.0,64,6.400,8.360,30.10,19.40,0.00,0,Brake,65.5616
597.0,64,6.400,7.606,27.38,19.40,0.00,2,Cruise,65.5616
598.0,64,6.400,7.652,27.55,19.40,0.00,2,Cruise,65.5616
599.0,64,6.400,7.698,27.71,19.40,0.00,2,Cruise,65.5616
600.0,64,6.400,7.744,27.88,19.40,0.00,2,Cruise,65.5616
601.0,64,6.400,7.790,28.04,19.40,0.00,0,Brake,65.5616
602.0,64,6.400,7.036,25.33,19.40,0.00,2,Cruise,65.5616
603.0,64,6.400,7.082,25.50,19.40,0.00,2,Cruise,65.5616
604.0,64,6.400,7.129,25.66,19.40,0.00,2,Cruise,65.5616
605.0,64,6.400,7.175,25.83,19.40,0.00,2,Cruise,65.5616
606.0,64,6.400,7.222,26.00,19.40,0.00,2,Cruise,65.5616
607.0,64,6.400,7.268,26.17,19.40,0.00,2,Cruise,65.5616
608.0,65,6.500,7.315,26.33,3.00,4.31,0,Brake,65.5616
609.0,65,6.500,6.515,23.45,3.00,3.51,0,Brake,65.5616
610.0,65,6.500,5.715,20.57,3.00,2.71,0,Brake,65.5616
611.0,65,6.500,4.915,17.69,3.00,1.91,0,Brake,65.5616
612.0,65,6.500,4.115,14.81,3.00,1.11,1,Coast,65.5616
613.0,65,6.500,4.102,14.77,3.00,1.10,1,Coast,65.5616
614.0,65,6.500,4.089,14.72,3.00,1.09,1,Coast,65.5616
615.0,65,6.500,4.076,14.67,3.00,1.08,1,Coast,65.5616
616.0,65,6.500,4.063,14.63,3.00,1.06,1,Coast,65.5616
617.0,65,6.500,4.051,14.58,3.00,1.05,1,Coast,65.5616
618.0,65,6.500,4.038,14.54,3.00,1.04,1,Coast,65.5616
619.0,65,6.500,4.025,14.49,3.00,1.02,1,Coast,65.5616
620.0,65,6.500,4.012,14.44,3.00,1.01,1,Coast,65.5616
621.0,65,6.500,3.999,14.40,3.00,1.00,1,Coast,65.5616
622.0,65,6.500,3.987,14.35,3.00,0.99,1,Coast,65.5616
623.0,65,6.500,3.974,14.31,3.00,0.97,1,Coast,65.5616
624.0,65,6.500,3.961,14.26,3.00,0.96,1,Coast,65.5616
625.0,65,6.500,3.948,14.21,3.00,0.95,1,Coast,65.5616
626.0,65,6.500,3.936,14.17,3.00,0.94,1,Coast,65.5616
627.0,65,6.500,3.923,14.12,3.00,0.92,1,Coast,65.5616
628.0,65,6.500,3.910,14.08,3.00,0.91,1,Coast,65.5616
629.0,65,6.500,3.897,14.03,3.00,0.90,1,Coast,65.5616
630.0,65,6.500,3.885,13.99,3.00,0.88,1,Coast,65.5616
631.0,65,6.500,3.872,13.94,3.00,0.87,1,Coast,65.5616
632.0,66,6.600,3.859,13.89,1.00,0.00,1,Coast,65.5616
633.0,66,6.600,3.865,13.92,1.00,0.00,1,Coast,65.5616
634.0,66,6.600,3.871,13.94,1.00,0.00,1,Coast,65.5616
635.0,66,6.600,3.877,13.96,1.00,0.00,1,Coast,65.5616
636.0,66,6.600,3.884,13.98,1.00,0.00,1,Coast,65.5616
637.0,66,6.600,3.890,14.00,1.00,0.00,1,Coast,65.5616
638.0,66,6.600,3.896,14.02,1.00,0.00,1,Coast,65.5616
639.0,66,6.600,3.902,14.05,1.00,0.00,1,Coast,65.5616
640.0,66,6.600,3.908,14.07,1.00,0.00,1,Coast,65.5616
641.0,66,6.600,3.914,14.09,1.00,0.00,1,Coast,65.5616
642.0,66,6.600,3.920,14.11,1.00,0.00,1,Coast,65.5616
643.0,66,6.600,3.926,14.13,1.00,0.00,1,Coast,65.5616
644.0,66,6.600,3.932,14.15,1.00,0.00,1,Coast,65.5616
645.0,66,6.600,3.938,14.18,1.00,0.00,1,Coast,65.5616
646.0,66,6.600,3.944,14.20,1.00,0.00,1,Coast,65.5616
647.0,66,6.600,3.950,14.22,1.00,0.00,1,Coast,65.5616
648.0,66,6.600,3.956,14.24,1.00,0.00,1,Coast,65.5616
649.0,66,6.600,3.962,14.26,1.00,0.00,1,Coast,65.5616
650.0,66,6.600,3.968,14.28,1.00,0.00,1,Coast,65.5616
651.0,66,6.600,3.973,14.30,1.00,0.00,1,Coast,65.5616
652.0,66,6.600,3.979,14.33,1.00,0.00,1,Coast,65.5616
653.0,66,6.600,3.985,14.35,1.00,0.00,1,Coast,65.5616
654.0,66,6.600,3.991,14.37,1.00,0.00,1,Coast,65.5616
655.0,66,6.600,3.997,14.39,1.00,0.00,1,Coast,65.5616
656.0,66,6.600,4.003,14.41,1.00,0.00,1,Coast,65.5616
657.0,67,6.700,4.009,14.43,19.40,0.00,3,Power,65.5616
658.0,67,6.700,4.609,16.59,19.40,0.00,3,Power,66.6483
659.0,67,6.700,5.209,18.75,19.40,0.00,3,Power,67.7252
660.0,67,6.700,5.809,20.91,19.40,0.00,3,Power,68.7946
661.0,67,6.700,6.409,23.07,19.40,0.00,3,Power,69.8579
662.0,67,6.700,7.009,25.23,19.40,0.00,3,Power,70.9164
663.0,67,6.700,7.609,27.39,19.40,0.00,3,Power,71.9707
664.0,67,6.700,8.209,29.55,19.40,0.00,3,Power,73.0217
665.0,67,6.700,8.809,31.71,19.40,0.00,3,Power,74.0698
666.0,67,6.700,9.409,33.87,19.40,0.00,3,Power,75.1153
667.0,67,6.700,10.009,36.03,19.40,0.00,3,Power,76.1587
668.0,67,6.700,10.609,38.19,19.40,0.00,3,Power,76.8864
669.0,67,6.700,11.209,40.35,19.40,0.00,3,Power,77.6564
670.0,68,6.800,11.809,42.51,19.40,0.00,3,Power,78.4689
671.0,68,6.800,12.400,44.64,19.40,0.00,3,Power,79.3233
672.0,68,6.800,12.990,46.76,19.40,0.00,2,Cruise,80.2194
673.0,68,6.800,12.990,46.76,19.40,0.00,2,Cruise,80.2357
674.0,68,6.800,12.990,46.76,19.40,0.00,2,Cruise,80.2521
675.0,68,6.800,12.990,46.76,19.40,0.00,2,Cruise,80.2684
676.0,68,6.800,12.990,46.76,19.40,0.00,2,Cruise,80.2847
677.0,68,6.800,12.990,46.76,19.40,0.00,2,Cruise,80.3011
678.0,69,6.900,12.990,46.76,19.40,0.00,3,Power,80.3174
679.0,69,6.900,13.495,48.58,19.40,0.00,1,Coast,81.2522
680.0,69,6.900,13.400,48.24,19.40,0.00,1,Coast,81.2522
681.0,69,6.900,13.305,47.90,19.40,0.00,1,Coast,81.2522
682.0,69,6.900,13.210,47.55,19.40,0.00,1,Coast,81.2522
683.0,69,6.900,13.115,47.21,19.40,0.00,1,Coast,81.2522
684.0,69,6.900,13.020,46.87,19.40,0.00,1,Coast,81.2522
685.0,69,6.900,12.925,46.53,19.40,0.00,3,Power,81.2522
686.0,70,7.000,13.430,48.35,11.10,2.33,1,Coast,82.1823
687.0,70,7.000,13.133,47.28,11.10,2.03,1,Coast,82.1823
688.0,70,7.000,12.837,46.21,11.10,1.74,1,Coast,82.1823
689.0,70,7.000,12.541,45.15,11.10,1.44,1,Coast,82.1823
690.0,70,7.000,12.245,44.08,11.10,1.14,1,Coast,82.1823
691.0,70,7.000,11.949,43.02,11.10,0.85,1,Coast,82.1823
692.0,70,7.000,11.654,41.95,11.10,0.55,1,Coast,82.1823
693.0,70,7.000,11.359,40.89,11.10,0.26,1,Coast,82.1823
694.0,71,7.100,11.065,39.83,11.10,0.00,2,Cruise,82.1823
695.0,71,7.100,11.190,40.29,11.10,0.09,2,Cruise,82.1823
696.0,71,7.100,11.316,40.74,11.10,0.22,2,Cruise,82.1823
697.0,71,7.100,11.441,41.19,11.10,0.34,2,Cruise,82.1823
698.0,71,7.100,11.567,41.64,11.10,0.47,2,Cruise,82.1823
699.0,71,7.100,11.692,42.09,11.10,0.59,2,Cruise,82.1823
700.0,71,7.100,11.817,42.54,11.10,0.72,2,Cruise,82.1823
701.0,71,7.100,11.942,42.99,11.10,0.84,2,Cruise,82.1823
702.0,72,7.200,12.067,43.44,11.10,0.97,1,Coast,82.1823
703.0,72,7.200,11.892,42.81,11.10,0.79,1,Coast,82.1823
704.0,72,7.200,11.717,42.18,11.10,0.62,1,Coast,82.1823
705.0,72,7.200,11.542,41.55,11.10,0.44,1,Coast,82.1823
706.0,72,7.200,11.368,40.92,11.10,0.27,1,Coast,82.1823
707.0,72,7.200,11.194,40.30,11.10,0.09,1,Coast,82.1823
708.0,72,7.200,11.020,39.67,11.10,0.00,1,Coast,82.1823
709.0,72,7.200,10.846,39.04,11.10,0.00,1,Coast,82.1823
710.0,72,7.200,10.672,38.42,11.10,0.00,1,Coast,82.1823
711.0,73,7.300,10.498,37.79,11.10,0.00,1,Coast,82.1823
712.0,73,7.300,10.369,37.33,11.10,0.00,1,Coast,82.1823
713.0,73,7.300,10.240,36.86,11.10,0.00,1,Coast,82.1823
714.0,73,7.300,10.111,36.40,11.10,0.00,3,Power,82.1823
715.0,73,7.300,10.582,38.10,11.10,0.00,1,Coast,82.9127
716.0,73,7.300,10.453,37.63,11.10,0.00,1,Coast,82.9127
717.0,73,7.300,10.323,37.16,11.10,0.00,1,Coast,82.9127
718.0,73,7.300,10.194,36.70,11.10,0.00,1,Coast,82.9127
719.0,73,7.300,10.065,36.24,11.10,0.00,3,Power,82.9127
720.0,73,7.300,10.536,37.93,11.10,0.00,1,Coast,83.6398
721.0,74,7.400,10.407,37.47,11.10,0.00,1,Coast,83.6398
722.0,74,7.400,10.346,37.25,11.10,0.00,1,Coast,83.6398
723.0,74,7.400,10.286,37.03,11.10,0.00,1,Coast,83.6398
724.0,74,7.400,10.225,36.81,11.10,0.00,1,Coast,83.6398
725.0,74,7.400,10.165,36.59,11.10,0.00,1,Coast,83.6398
726.0,74,7.400,10.104,36.38,11.10,0.00,1,Coast,83.6398
727.0,74,7.400,10.044,36.16,11.10,0.00,1,Coast,83.6398
728.0,74,7.400,9.984,35.94,11.10,0.00,1,Coast,83.6398
729.0,74,7.400,9.923,35.72,11.10,0.00,1,Coast,83.6398
730.0,74,7.400,9.863,35.51,11.10,0.00,1,Coast,83.6398
731.0,75,7.500,9.803,35.29,11.10,0.00,3,Power,83.6398
732.0,75,7.500,10.403,37.45,11.10,0.00,1,Coast,84.6819
733.0,75,7.500,10.292,37.05,11.10,0.00,1,Coast,84.6819
734.0,75,7.500,10.181,36.65,11.10,0.00,1,Coast,84.6819
735.0,75,7.500,10.070,36.25,11.10,0.00,1,Coast,84.6819
736.0,75,7.500,9.959,35.85,11.10,0.00,3,Power,84.6819
737.0,75,7.500,10.559,38.01,11.10,0.00,1,Coast,85.7234
738.0,75,7.500,10.448,37.61,11.10,0.00,1,Coast,85.7234
739.0,75,7.500,10.337,37.21,11.10,0.00,1,Coast,85.7234
740.0,76,7.600,10.226,36.81,11.10,0.00,1,Coast,85.7234
741.0,76,7.600,10.179,36.64,11.10,0.00,1,Coast,85.7234
742.0,76,7.600,10.132,36.48,11.10,0.00,1,Coast,85.7234
743.0,76,7.600,10.085,36.31,11.10,0.00,1,Coast,85.7234
744.0,76,7.600,10.038,36.14,11.10,0.00,1,Coast,85.7234
745.0,76,7.600,9.992,35.97,11.10,0.00,1,Coast,85.7234
746.0,76,7.600,9.945,35.80,11.10,0.00,1,Coast,85.7234
747.0,76,7.600,9.898,35.63,11.10,0.00,1,Coast,85.7234
748.0,76,7.600,9.852,35.47,11.10,0.00,1,Coast,85.7234
749.0,76,7.600,9.805,35.30,11.10,0.00,1,Coast,85.7234
750.0,77,7.700,9.758,35.13,11.10,0.00,3,Power,85.7234
751.0,77,7.700,10.358,37.29,11.10,0.00,1,Coast,86.7656
752.0,77,7.700,10.328,37.18,11.10,0.00,1,Coast,86.7656
753.0,77,7.700,10.298,37.07,11.10,0.00,1,Coast,86.7656
754.0,77,7.700,10.268,36.97,11.10,0.00,1,Coast,86.7656
755.0,77,7.700,10.238,36.86,11.10,0.00,1,Coast,86.7656
756.0,77,7.700,10.208,36.75,11.10,0.00,1,Coast,86.7656
757.0,77,7.700,10.178,36.64,11.10,0.00,1,Coast,86.7656
758.0,77,7.700,10.148,36.53,11.10,0.00,1,Coast,86.7656
759.0,77,7.700,10.118,36.43,11.10,0.00,1,Coast,86.7656
760.0,78,7.800,10.088,36.32,11.10,0.00,3,Power,86.7656
761.0,78,7.800,10.568,38.05,11.10,0.00,1,Coast,87.4947
762.0,78,7.800,10.448,37.61,11.10,0.00,1,Coast,87.4947
763.0,78,7.800,10.327,37.18,11.10,0.00,1,Coast,87.4947
764.0,78,7.800,10.207,36.75,11.10,0.00,1,Coast,87.4947
765.0,78,7.800,10.087,36.31,11.10,0.00,3,Power,87.4947
766.0,78,7.800,10.567,38.04,11.10,0.00,1,Coast,88.2236
767.0,78,7.800,10.446,37.61,11.10,0.00,1,Coast,88.2236
768.0,78,7.800,10.326,37.17,11.10,0.00,1,Coast,88.2236
769.0,78,7.800,10.206,36.74,11.10,0.00,1,Coast,88.2236
770.0,79,7.900,10.086,36.31,11.10,0.00,1,Coast,88.2236
771.0,79,7.900,10.048,36.17,11.10,0.00,1,Coast,88.2236
772.0,79,7.900,10.010,36.04,11.10,0.00,3,Power,88.2236
773.0,79,7.900,10.572,38.06,11.10,0.00,1,Coast,88.9501
774.0,79,7.900,10.534,37.92,11.10,0.00,1,Coast,88.9501
775.0,79,7.900,10.495,37.78,11.10,0.00,1,Coast,88.9501
776.0,79,7.900,10.457,37.65,11.10,0.00,1,Coast,88.9501
777.0,79,7.900,10.419,37.51,11.10,0.00,1,Coast,88.9501
778.0,79,7.900,10.381,37.37,11.10,0.00,1,Coast,88.9501
779.0,80,8.000,10.342,37.23,11.10,0.00,1,Coast,88.9501
780.0,80,8.000,10.281,37.01,11.10,0.00,1,Coast,88.9501
781.0,80,8.000,10.220,36.79,11.10,0.00,1,Coast,88.9501
782.0,80,8.000,10.158,36.57,11.10,0.00,1,Coast,88.9501
783.0,80,8.000,10.097,36.35,11.10,0.00,1,Coast,88.9501
784.0,80,8.000,10.036,36.13,11.10,0.00,1,Coast,88.9501
785.0,80,8.000,9.975,35.91,11.10,0.00,1,Coast,88.9501
786.0,80,8.000,9.913,35.69,11.10,0.00,1,Coast,88.9501
787.0,80,8.000,9.852,35.47,11.10,0.00,1,Coast,88.9501
788.0,80,8.000,9.791,35.25,11.10,0.00,1,Coast,88.9501
789.0,81,8.100,9.730,35.03,11.10,0.00,3,Power,88.9501
790.0,81,8.100,10.330,37.19,11.10,0.00,1,Coast,89.9923
791.0,81,8.100,10.256,36.92,11.10,0.00,1,Coast,89.9923
792.0,81,8.100,10.181,36.65,11.10,0.00,3,Power,89.9923
793.0,81,8.100,10.706,38.54,11.10,0.00,1,Coast,90.7295
794.0,81,8.100,10.631,38.27,11.10,0.00,1,Coast,90.7295
795.0,81,8.100,10.556,38.00,11.10,0.00,1,Coast,90.7295
796.0,81,8.100,10.481,37.73,11.10,0.00,1,Coast,90.7295
797.0,81,8.100,10.407,37.46,11.10,0.00,1,Coast,90.7295
798.0,81,8.100,10.332,37.19,11.10,0.00,1,Coast,90.7295
799.0,82,8.200,10.257,36.93,11.10,0.00,3,Power,90.7295
800.0,82,8.200,10.755,38.72,11.10,0.00,1,Coast,91.4711
801.0,82,8.200,10.652,38.35,11.10,0.00,1,Coast,91.4711
802.0,82,8.200,10.549,37.98,11.10,0.00,1,Coast,91.4711
803.0,82,8.200,10.446,37.61,11.10,0.00,1,Coast,91.4711
804.0,82,8.200,10.343,37.24,11.10,0.00,3,Power,91.4711
805.0,82,8.200,10.841,39.03,11.10,0.00,1,Coast,92.2188
806.0,82,8.200,10.738,38.66,11.10,0.00,1,Coast,92.2188
807.0,82,8.200,10.635,38.28,11.10,0.00,1,Coast,92.2188
808.0,82,8.200,10.532,37.91,11.10,0.00,1,Coast,92.2188
809.0,83,8.300,10.429,37.54,11.10,0.00,3,Power,92.2188
810.0,83,8.300,10.910,39.28,11.10,0.00,2,Cruise,92.9719
811.0,83,8.300,10.910,39.28,11.10,0.00,2,Cruise,93.1253
812.0,83,8.300,10.910,39.28,11.10,0.00,2,Cruise,93.2788
813.0,83,8.300,10.910,39.28,11.10,0.00,2,Cruise,93.4322
814.0,83,8.300,10.910,39.28,11.10,0.00,2,Cruise,93.5856
815.0,83,8.300,10.910,39.28,11.10,0.00,2,Cruise,93.7390
816.0,83,8.300,10.910,39.28,11.10,0.00,2,Cruise,93.8924
817.0,83,8.300,10.910,39.28,11.10,0.00,2,Cruise,94.0458
818.0,84,8.400,10.910,39.28,11.10,0.00,2,Cruise,94.1992
819.0,84,8.400,11.184,40.26,11.10,0.08,2,Cruise,94.1992
820.0,84,8.400,11.457,41.24,11.10,0.36,2,Cruise,94.1992
821.0,84,8.400,11.730,42.23,11.10,0.63,2,Cruise,94.1992
822.0,84,8.400,12.003,43.21,11.10,0.90,2,Cruise,94.1992
823.0,84,8.400,12.275,44.19,11.10,1.18,2,Cruise,94.1992
824.0,84,8.400,12.548,45.17,11.10,1.45,2,Cruise,94.1992
825.0,84,8.400,12.820,46.15,11.10,1.72,2,Cruise,94.1992
826.0,85,8.500,13.091,47.13,11.10,1.99,1,Coast,94.1992
827.0,85,8.500,12.625,45.45,11.10,1.52,3,Power,94.1992
828.0,85,8.500,12.758,45.93,11.10,1.66,3,Power,95.0951
829.0,85,8.500,12.892,46.41,11.10,1.79,1,Coast,96.0004
830.0,85,8.500,12.426,44.73,11.10,1.33,3,Power,96.0004
831.0,85,8.500,12.560,45.21,11.10,1.46,3,Power,96.8822
832.0,85,8.500,12.693,45.70,11.10,1.59,3,Power,97.7735
833.0,85,8.500,12.827,46.18,11.10,1.73,1,Coast,98.6742
834.0,86,8.600,12.361,44.50,11.10,1.26,1,Coast,98.6742
835.0,86,8.600,12.192,43.89,11.10,1.09,1,Coast,98.6742
836.0,86,8.600,12.024,43.29,11.10,0.92,1,Coast,98.6742
837.0,86,8.600,11.856,42.68,11.10,0.76,1,Coast,98.6742
838.0,86,8.600,11.688,42.08,11.10,0.59,1,Coast,98.6742
839.0,86,8.600,11.520,41.47,11.10,0.42,1,Coast,98.6742
840.0,86,8.600,11.353,40.87,11.10,0.25,1,Coast,98.6742
841.0,86,8.600,11.185,40.27,11.10,0.09,1,Coast,98.6742
842.0,86,8.600,11.018,39.67,11.10,0.00,2,Cruise,98.6742
843.0,87,8.700,11.018,39.67,11.10,0.00,2,Cruise,98.8908
844.0,87,8.700,11.018,39.67,11.10,0.00,2,Cruise,98.9632
845.0,87,8.700,11.018,39.67,11.10,0.00,2,Cruise,99.0357
846.0,87,8.700,11.018,39.67,11.10,0.00,2,Cruise,99.1081
847.0,87,8.700,11.018,39.67,11.10,0.00,2,Cruise,99.1805
848.0,87,8.700,11.018,39.67,11.10,0.00,2,Cruise,99.2530
849.0,87,8.700,11.018,39.67,11.10,0.00,2,Cruise,99.3254
850.0,87,8.700,11.018,39.67,11.10,0.00,2,Cruise,99.3979
851.0,87,8.700,11.018,39.67,11.10,0.00,2,Cruise,99.4703
852.0,88,8.800,11.018,39.67,11.10,0.00,2,Cruise,99.5428
853.0,88,8.800,11.018,39.67,11.10,0.00,2,Cruise,99.6442
854.0,88,8.800,11.018,39.67,11.10,0.00,2,Cruise,99.7456
855.0,88,8.800,11.018,39.67,11.10,0.00,2,Cruise,99.8471
856.0,88,8.800,11.018,39.67,11.10,0.00,2,Cruise,99.9485
857.0,88,8.800,11.018,39.67,11.10,0.00,2,Cruise,100.0499
858.0,88,8.800,11.018,39.67,11.10,0.00,2,Cruise,100.1514
859.0,88,8.800,11.018,39.67,11.10,0.00,2,Cruise,100.2528
860.0,88,8.800,11.018,39.67,11.10,0.00,2,Cruise,100.3542
861.0,89,8.900,11.018,39.67,11.10,0.00,2,Cruise,100.4557
862.0,89,8.900,11.018,39.67,11.10,0.00,2,Cruise,100.5335
863.0,89,8.900,11.018,39.67,11.10,0.00,2,Cruise,100.6113
864.0,89,8.900,11.018,39.67,11.10,0.00,2,Cruise,100.6892
865.0,89,8.900,11.018,39.67,11.10,0.00,2,Cruise,100.7670
866.0,89,8.900,11.018,39.67,11.10,0.00,2,Cruise,100.8448
867.0,89,8.900,11.018,39.67,11.10,0.00,2,Cruise,100.9226
868.0,89,8.900,11.018,39.67,11.10,0.00,2,Cruise,101.0005
869.0,89,8.900,11.018,39.67,11.10,0.00,2,Cruise,101.0783
870.0,90,9.000,11.018,39.67,11.10,0.00,2,Cruise,101.1561
871.0,90,9.000,11.018,39.67,11.10,0.00,2,Cruise,101.2329
872.0,90,9.000,11.018,39.67,11.10,0.00,2,Cruise,101.3098
873.0,90,9.000,11.018,39.67,11.10,0.00,2,Cruise,101.3866
874.0,90,9.000,11.018,39.67,11.10,0.00,2,Cruise,101.4634
875.0,90,9.000,11.018,39.67,11.10,0.00,2,Cruise,101.5402
876.0,90,9.000,11.018,39.67,11.10,0.00,2,Cruise,101.6171
877.0,90,9.000,11.018,39.67,11.10,0.00,2,Cruise,101.6939
878.0,90,9.000,11.018,39.67,11.10,0.00,2,Cruise,101.7707
879.0,91,9.100,11.018,39.67,11.10,0.00,2,Cruise,101.8475
880.0,91,9.100,11.018,39.67,11.10,0.00,2,Cruise,101.9342
881.0,91,9.100,11.018,39.67,11.10,0.00,2,Cruise,102.0209
882.0,91,9.100,11.018,39.67,11.10,0.00,2,Cruise,102.1075
883.0,91,9.100,11.018,39.67,11.10,0.00,2,Cruise,102.1942
884.0,91,9.100,11.018,39.67,11.10,0.00,2,Cruise,102.2808
885.0,91,9.100,11.018,39.67,11.10,0.00,2,Cruise,102.3675
886.0,91,9.100,11.018,39.67,11.10,0.00,2,Cruise,102.4541
887.0,91,9.100,11.018,39.67,11.10,0.00,2,Cruise,102.5408
888.0,92,9.200,11.018,39.67,11.10,0.00,2,Cruise,102.6275
889.0,92,9.200,11.018,39.67,11.10,0.00,2,Cruise,102.7585
890.0,92,9.200,11.018,39.67,11.10,0.00,2,Cruise,102.8896
891.0,92,9.200,11.018,39.67,11.10,0.00,2,Cruise,103.0207
892.0,92,9.200,11.018,39.67,11.10,0.00,2,Cruise,103.1518
893.0,92,9.200,11.018,39.67,11.10,0.00,2,Cruise,103.2829
894.0,92,9.200,11.018,39.67,11.10,0.00,2,Cruise,103.4140
895.0,92,9.200,11.018,39.67,11.10,0.00,2,Cruise,103.5450
896.0,92,9.200,11.018,39.67,11.10,0.00,2,Cruise,103.6761
897.0,93,9.300,11.018,39.67,11.10,0.00,2,Cruise,103.8072
898.0,93,9.300,11.018,39.67,11.10,0.00,2,Cruise,103.8239
899.0,93,9.300,11.018,39.67,11.10,0.00,2,Cruise,103.8406
900.0,93,9.300,11.018,39.67,11.10,0.00,2,Cruise,103.8573
901.0,93,9.300,11.018,39.67,11.10,0.00,2,Cruise,103.8741
902.0,93,9.300,11.018,39.67,11.10,0.00,2,Cruise,103.8908
903.0,93,9.300,11.018,39.67,11.10,0.00,2,Cruise,103.9075
904.0,93,9.300,11.018,39.67,11.10,0.00,2,Cruise,103.9242
905.0,93,9.300,11.018,39.67,11.10,0.00,2,Cruise,103.9409
906.0,94,9.400,11.018,39.67,11.10,0.00,1,Coast,103.9576
907.0,94,9.400,10.869,39.13,11.10,0.00,1,Coast,103.9576
908.0,94,9.400,10.721,38.60,11.10,0.00,1,Coast,103.9576
909.0,94,9.400,10.572,38.06,11.10,0.00,1,Coast,103.9576
910.0,94,9.400,10.424,37.53,11.10,0.00,1,Coast,103.9576
911.0,94,9.400,10.276,36.99,11.10,0.00,1,Coast,103.9576
912.0,94,9.400,10.128,36.46,11.10,0.00,1,Coast,103.9576
913.0,94,9.400,9.980,35.93,11.10,0.00,1,Coast,103.9576
914.0,94,9.400,9.833,35.40,11.10,0.00,1,Coast,103.9576
915.0,94,9.400,9.685,34.87,11.10,0.00,1,Coast,103.9576
916.0,95,9.500,9.538,34.34,11.10,0.00,1,Coast,103.9576
917.0,95,9.500,9.415,33.89,11.10,0.00,1,Coast,103.9576
918.0,95,9.500,9.292,33.45,11.10,0.00,1,Coast,103.9576
919.0,95,9.500,9.170,33.01,11.10,0.00,1,Coast,103.9576
920.0,95,9.500,9.047,32.57,11.10,0.00,1,Coast,103.9576
921.0,95,9.500,8.925,32.13,11.10,0.00,1,Coast,103.9576
922.0,95,9.500,8.803,31.69,11.10,0.00,1,Coast,103.9576
923.0,95,9.500,8.681,31.25,11.10,0.00,1,Coast,103.9576
924.0,95,9.500,8.559,30.81,11.10,0.00,1,Coast,103.9576
925.0,95,9.500,8.437,30.37,11.10,0.00,1,Coast,103.9576
926.0,95,9.500,8.315,29.93,11.10,0.00,1,Coast,103.9576
927.0,96,9.600,8.193,29.50,11.10,0.00,1,Coast,103.9576
928.0,96,9.600,8.153,29.35,11.10,0.00,2,Cruise,103.9576
929.0,96,9.600,8.153,29.35,11.10,0.00,2,Cruise,103.9959
930.0,96,9.600,8.153,29.35,11.10,0.00,2,Cruise,104.0342
931.0,96,9.600,8.153,29.35,11.10,0.00,2,Cruise,104.0724
932.0,96,9.600,8.153,29.35,11.10,0.00,2,Cruise,104.1107
933.0,96,9.600,8.153,29.35,11.10,0.00,2,Cruise,104.1490
934.0,96,9.600,8.153,29.35,11.10,0.00,2,Cruise,104.1872
935.0,96,9.600,8.153,29.35,11.10,0.00,2,Cruise,104.2255
936.0,96,9.600,8.153,29.35,11.10,0.00,2,Cruise,104.2638
937.0,96,9.600,8.153,29.35,11.10,0.00,2,Cruise,104.3021
938.0,96,9.600,8.153,29.35,11.10,0.00,2,Cruise,104.3403
939.0,97,9.700,8.153,29.35,11.10,0.00,1,Coast,104.3786
940.0,97,9.700,8.052,28.99,11.10,0.00,1,Coast,104.3786
941.0,97,9.700,7.950,28.62,11.10,0.00,1,Coast,104.3786
942.0,97,9.700,7.849,28.26,11.10,0.00,1,Coast,104.3786
943.0,97,9.700,7.748,27.89,11.10,0.00,1,Coast,104.3786
944.0,97,9.700,7.647,27.53,11.10,0.00,1,Coast,104.3786
945.0,97,9.700,7.546,27.17,11.10,0.00,1,Coast,104.3786
946.0,97,9.700,7.445,26.80,11.10,0.00,1,Coast,104.3786
947.0,97,9.700,7.344,26.44,11.10,0.00,1,Coast,104.3786
948.0,97,9.700,7.243,26.08,11.10,0.00,1,Coast,104.3786
949.0,97,9.700,7.143,25.71,11.10,0.00,1,Coast,104.3786
950.0,97,9.700,7.042,25.35,11.10,0.00,1,Coast,104.3786
951.0,97,9.700,6.941,24.99,11.10,0.00,1,Coast,104.3786
952.0,97,9.700,6.841,24.63,11.10,0.00,3,Power,104.3786
953.0,98,9.800,7.441,26.79,11.10,0.00,1,Coast,105.4341
954.0,98,9.800,7.381,26.57,11.10,0.00,1,Coast,105.4341
955.0,98,9.800,7.321,26.36,11.10,0.00,1,Coast,105.4341
956.0,98,9.800,7.261,26.14,11.10,0.00,1,Coast,105.4341
957.0,98,9.800,7.202,25.93,11.10,0.00,1,Coast,105.4341
958.0,98,9.800,7.142,25.71,11.10,0.00,1,Coast,105.4341
959.0,98,9.800,7.082,25.50,11.10,0.00,1,Coast,105.4341
960.0,98,9.800,7.022,25.28,11.10,0.00,1,Coast,105.4341
961.0,98,9.800,6.963,25.07,11.10,0.00,1,Coast,105.4341
962.0,98,9.800,6.903,24.85,11.10,0.00,1,Coast,105.4341
963.0,98,9.800,6.844,24.64,11.10,0.00,1,Coast,105.4341
964.0,98,9.800,6.784,24.42,11.10,0.00,1,Coast,105.4341
965.0,98,9.800,6.725,24.21,11.10,0.00,1,Coast,105.4341
966.0,98,9.800,6.666,24.00,11.10,0.00,1,Coast,105.4341
967.0,99,9.900,6.606,23.78,11.10,0.00,2,Cruise,105.4341
968.0,99,9.900,6.831,24.59,11.10,0.00,2,Cruise,105.4341
969.0,99,9.900,7.056,25.40,11.10,0.00,2,Cruise,105.4341
970.0,99,9.900,7.280,26.21,11.10,0.00,2,Cruise,105.4341
971.0,99,9.900,7.504,27.02,11.10,0.00,2,Cruise,105.4341
972.0,99,9.900,7.728,27.82,11.10,0.00,2,Cruise,105.4341
973.0,99,9.900,7.952,28.63,11.10,0.00,2,Cruise,105.4341
974.0,99,9.900,8.176,29.43,11.10,0.00,2,Cruise,105.4341
975.0,99,9.900,8.400,30.24,11.10,0.00,2,Cruise,105.4341
976.0,99,9.900,8.623,31.04,11.10,0.00,2,Cruise,105.4341
977.0,99,9.900,8.846,31.85,11.10,0.00,2,Cruise,105.4341
978.0,99,9.900,9.069,32.65,11.10,0.00,2,Cruise,105.4341
979.0,100,10.000,9.292,33.45,11.10,0.00,1,Coast,105.4341
980.0,100,10.000,9.178,33.04,11.10,0.00,1,Coast,105.4341
981.0,100,10.000,9.064,32.63,11.10,0.00,1,Coast,105.4341
982.0,100,10.000,8.950,32.22,11.10,0.00,1,Coast,105.4341
983.0,100,10.000,8.836,31.81,11.10,0.00,1,Coast,105.4341
984.0,100,10.000,8.722,31.40,11.10,0.00,1,Coast,105.4341
985.0,100,10.000,8.608,30.99,11.10,0.00,1,Coast,105.4341
986.0,100,10.000,8.494,30.58,11.10,0.00,1,Coast,105.4341
987.0,100,10.000,8.381,30.17,11.10,0.00,1,Coast,105.4341
988.0,100,10.000,8.267,29.76,11.10,0.00,1,Coast,105.4341
989.0,100,10.000,8.154,29.35,11.10,0.00,1,Coast,105.4341
990.0,100,10.000,8.040,28.95,11.10,0.00,1,Coast,105.4341
991.0,101,10.100,7.927,28.54,11.10,0.00,1,Coast,105.4341
992.0,101,10.100,7.713,27.77,11.10,0.00,1,Coast,105.4341
993.0,101,10.100,7.499,27.00,11.10,0.00,1,Coast,105.4341
994.0,101,10.100,7.285,26.23,11.10,0.00,1,Coast,105.4341
995.0,101,10.100,7.071,25.46,11.10,0.00,1,Coast,105.4341
996.0,101,10.100,6.857,24.69,11.10,0.00,1,Coast,105.4341
997.0,101,10.100,6.644,23.92,11.10,0.00,1,Coast,105.4341
998.0,101,10.100,6.431,23.15,11.10,0.00,1,Coast,105.4341
999.0,101,10.100,6.217,22.38,11.10,0.00,1,Coast,105.4341
1000.0,101,10.100,6.004,21.62,11.10,0.00,1,Coast,105.4341
1001.0,101,10.100,5.792,20.85,11.10,0.00,3,Power,105.4341
1002.0,101,10.100,6.392,23.01,11.10,0.00,1,Coast,106.4975
1003.0,101,10.100,6.178,22.24,11.10,0.00,1,Coast,106.4975
1004.0,101,10.100,5.965,21.48,11.10,0.00,3,Power,106.4975
1005.0,101,10.100,6.565,23.64,11.10,0.00,1,Coast,107.5595
1006.0,102,10.200,6.352,22.87,1.00,0.00,0,Brake,107.5595
1007.0,102,10.200,5.552,19.99,1.00,0.00,0,Brake,107.5595
1008.0,102,10.200,4.752,17.11,1.00,0.00,0,Brake,107.5595
1009.0,102,10.200,3.952,14.23,1.00,0.00,0,Brake,107.5595
1010.0,102,10.200,3.152,11.35,1.00,0.00,0,Brake,107.5595
1011.0,102,10.200,2.352,8.47,1.00,0.00,0,Brake,107.5595
1012.0,102,10.200,1.552,5.59,1.00,0.00,2,Cruise,107.5595
1013.0,102,10.200,1.552,5.59,1.00,0.00,2,Cruise,107.5667
1014.0,102,10.200,1.552,5.59,1.00,0.00,2,Cruise,107.5739
1015.0,102,10.200,1.552,5.59,1.00,0.00,2,Cruise,107.5811
1016.0,102,10.200,1.552,5.59,1.00,0.00,2,Cruise,107.5883
1017.0,102,10.200,1.552,5.59,1.00,0.00,2,Cruise,107.5955
1018.0,102,10.200,1.552,5.59,1.00,0.00,2,Cruise,107.6027
1019.0,102,10.200,1.552,5.59,1.00,0.00,2,Cruise,107.6099
1020.0,102,10.200,1.552,5.59,1.00,0.00,2,Cruise,107.6170
1021.0,102,10.200,1.552,5.59,1.00,0.00,2,Cruise,107.6242
1022.0,102,10.200,1.552,5.59,1.00,0.00,2,Cruise,107.6314
1023.0,102,10.200,1.552,5.59,1.00,0.00,2,Cruise,107.6386
1024.0,102,10.200,1.552,5.59,1.00,0.00,2,Cruise,107.6458
1025.0,102,10.200,1.552,5.59,1.00,0.00,2,Cruise,107.6530
1026.0,102,10.200,1.552,5.59,1.00,0.00,2,Cruise,107.6602
1027.0,102,10.200,1.552,5.59,1.00,0.00,2,Cruise,107.6674
1028.0,102,10.200,1.552,5.59,1.00,0.00,2,Cruise,107.6746
1029.0,102,10.200,1.552,5.59,1.00,0.00,2,Cruise,107.6818
1030.0,102,10.200,1.552,5.59,1.00,0.00,2,Cruise,107.6890
1031.0,102,10.200,1.552,5.59,1.00,0.00,2,Cruise,107.6962
1032.0,102,10.200,1.552,5.59,1.00,0.00,2,Cruise,107.7034
1033.0,102,10.200,1.552,5.59,1.00,0.00,2,Cruise,107.7106
1034.0,102,10.200,1.552,5.59,1.00,0.00,2,Cruise,107.7178
1035.0,102,10.200,1.552,5.59,1.00,0.00,2,Cruise,107.7250
1036.0,102,10.200,1.552,5.59,1.00,0.00,2,Cruise,107.7322
1037.0,102,10.200,1.552,5.59,1.00,0.00,2,Cruise,107.7393
1038.0,102,10.200,1.552,5.59,1.00,0.00,2,Cruise,107.7465
1039.0,102,10.200,1.552,5.59,1.00,0.00,2,Cruise,107.7537
1040.0,102,10.200,1.552,5.59,1.00,0.00,2,Cruise,107.7609
1041.0,102,10.200,1.552,5.59,1.00,0.00,2,Cruise,107.7681
1042.0,102,10.200,1.552,5.59,1.00,0.00,2,Cruise,107.7753
1043.0,102,10.200,1.552,5.59,1.00,0.00,2,Cruise,107.7825
1044.0,102,10.200,1.552,5.59,1.00,0.00,2,Cruise,107.7897
1045.0,102,10.200,1.552,5.59,1.00,0.00,2,Cruise,107.7969
1046.0,102,10.200,1.552,5.59,1.00,0.00,2,Cruise,107.8041
1047.0,102,10.200,1.552,5.59,1.00,0.00,2,Cruise,107.8113
1048.0,102,10.200,1.552,5.59,1.00,0.00,2,Cruise,107.8185
1049.0,102,10.200,1.552,5.59,1.00,0.00,2,Cruise,107.8257
1050.0,102,10.200,1.552,5.59,1.00,0.00,2,Cruise,107.8329
1051.0,102,10.200,1.552,5.59,1.00,0.00,2,Cruise,107.8401
1052.0,102,10.200,1.552,5.59,1.00,0.00,2,Cruise,107.8473
1053.0,102,10.200,1.552,5.59,1.00,0.00,2,Cruise,107.8545
1054.0,102,10.200,1.552,5.59,1.00,0.00,2,Cruise,107.8616
1055.0,102,10.200,1.552,5.59,1.00,0.00,2,Cruise,107.8688
1056.0,102,10.200,1.552,5.59,1.00,0.00,2,Cruise,107.8760
1057.0,102,10.200,1.552,5.59,1.00,0.00,2,Cruise,107.8832
1058.0,102,10.200,1.552,5.59,1.00,0.00,2,Cruise,107.8904
1059.0,103,10.300,1.552,5.59,11.10,0.00,3,Power,107.8976
1060.0,103,10.300,2.152,7.75,11.10,0.00,3,Power,108.5389
1061.0,103,10.300,2.752,9.91,11.10,0.00,3,Power,109.3879
1062.0,103,10.300,3.352,12.07,11.10,0.00,3,Power,110.4447
1063.0,103,10.300,3.952,14.23,11.10,0.00,3,Power,111.5463
1064.0,103,10.300,4.552,16.39,11.10,0.00,3,Power,112.6341
1065.0,103,10.300,5.152,18.55,11.10,0.00,3,Power,113.7119
1066.0,103,10.300,5.752,20.71,11.10,0.00,3,Power,114.7819
1067.0,103,10.300,6.352,22.87,11.10,0.00,3,Power,115.8457
1068.0,103,10.300,6.952,25.03,11.10,0.00,3,Power,116.9046
1069.0,103,10.300,7.552,27.19,11.10,0.00,3,Power,117.9593
1070.0,103,10.300,8.152,29.35,11.10,0.00,3,Power,119.0106
1071.0,103,10.300,8.752,31.51,11.10,0.00,2,Cruise,120.0589
1072.0,103,10.300,8.752,31.51,11.10,0.00,2,Cruise,120.0926
1073.0,103,10.300,8.752,31.51,11.10,0.00,2,Cruise,120.1262
1074.0,103,10.300,8.752,31.51,11.10,0.00,2,Cruise,120.1599
1075.0,103,10.300,8.752,31.51,11.10,0.00,2,Cruise,120.1935
1076.0,104,10.400,8.752,31.51,11.10,0.00,2,Cruise,120.2272
1077.0,104,10.400,9.020,32.47,11.10,0.00,2,Cruise,120.2272
1078.0,104,10.400,9.287,33.43,11.10,0.00,2,Cruise,120.2272
1079.0,104,10.400,9.554,34.39,11.10,0.00,2,Cruise,120.2272
1080.0,104,10.400,9.821,35.35,11.10,0.00,2,Cruise,120.2272
1081.0,104,10.400,10.087,36.31,11.10,0.00,2,Cruise,120.2272
1082.0,104,10.400,10.354,37.27,11.10,0.00,2,Cruise,120.2272
1083.0,104,10.400,10.620,38.23,11.10,0.00,2,Cruise,120.2272
1084.0,104,10.400,10.885,39.19,11.10,0.00,2,Cruise,120.2272
1085.0,104,10.400,11.151,40.14,11.10,0.05,2,Cruise,120.2272
1086.0,105,10.500,11.416,41.10,11.10,0.32,1,Coast,120.2272
1087.0,105,10.500,11.137,40.09,11.10,0.04,1,Coast,120.2272
1088.0,105,10.500,10.857,39.09,11.10,0.00,1,Coast,120.2272
1089.0,105,10.500,10.578,38.08,11.10,0.00,1,Coast,120.2272
1090.0,105,10.500,10.299,37.08,11.10,0.00,1,Coast,120.2272
1091.0,105,10.500,10.021,36.07,11.10,0.00,1,Coast,120.2272
1092.0,105,10.500,9.742,35.07,11.10,0.00,1,Coast,120.2272
1093.0,105,10.500,9.464,34.07,11.10,0.00,1,Coast,120.2272
1094.0,105,10.500,9.187,33.07,11.10,0.00,3,Power,120.2272
1095.0,105,10.500,9.787,35.23,11.10,0.00,1,Coast,121.2713
1096.0,106,10.600,9.509,34.23,11.10,0.00,2,Cruise,121.2713
1097.0,106,10.600,9.509,34.23,11.10,0.00,2,Cruise,121.3191
1098.0,106,10.600,9.509,34.23,11.10,0.00,2,Cruise,121.3669
1099.0,106,10.600,9.509,34.23,11.10,0.00,2,Cruise,121.4146
1100.0,106,10.600,9.509,34.23,11.10,0.00,2,Cruise,121.4624
1101.0,106,10.600,9.509,34.23,11.10,0.00,2,Cruise,121.5102
1102.0,106,10.600,9.509,34.23,11.10,0.00,2,Cruise,121.5580
1103.0,106,10.600,9.509,34.23,11.10,0.00,2,Cruise,121.6057
1104.0,106,10.600,9.509,34.23,11.10,0.00,2,Cruise,121.6535
1105.0,106,10.600,9.509,34.23,11.10,0.00,2,Cruise,121.7013
1106.0,107,10.700,9.509,34.23,11.10,0.00,2,Cruise,121.7491
1107.0,107,10.700,9.509,34.23,11.10,0.00,2,Cruise,121.7851
1108.0,107,10.700,9.509,34.23,11.10,0.00,2,Cruise,121.8211
1109.0,107,10.700,9.509,34.23,11.10,0.00,2,Cruise,121.8571
1110.0,107,10.700,9.509,34.23,11.10,0.00,2,Cruise,121.8931
1111.0,107,10.700,9.509,34.23,11.10,0.00,2,Cruise,121.9291
1112.0,107,10.700,9.509,34.23,11.10,0.00,2,Cruise,121.9651
1113.0,107,10.700,9.509,34.23,11.10,0.00,2,Cruise,122.0011
1114.0,107,10.700,9.509,34.23,11.10,0.00,2,Cruise,122.0371
1115.0,107,10.700,9.509,34.23,11.10,0.00,2,Cruise,122.0730
1116.0,107,10.700,9.509,34.23,11.10,0.00,2,Cruise,122.1090
1117.0,108,10.800,9.509,34.23,11.10,0.00,2,Cruise,122.1450
1118.0,108,10.800,9.509,34.23,11.10,0.00,2,Cruise,122.1455
1119.0,108,10.800,9.509,34.23,11.10,0.00,2,Cruise,122.1460
1120.0,108,10.800,9.509,34.23,11.10,0.00,2,Cruise,122.1465
1121.0,108,10.800,9.509,34.23,11.10,0.00,2,Cruise,122.1470
1122.0,108,10.800,9.509,34.23,11.10,0.00,2,Cruise,122.1474
1123.0,108,10.800,9.509,34.23,11.10,0.00,2,Cruise,122.1479
1124.0,108,10.800,9.509,34.23,11.10,0.00,2,Cruise,122.1484
1125.0,108,10.800,9.509,34.23,11.10,0.00,2,Cruise,122.1489
1126.0,108,10.800,9.509,34.23,11.10,0.00,2,Cruise,122.1493
1127.0,109,10.900,9.509,34.23,11.10,0.00,2,Cruise,122.1498
1128.0,109,10.900,9.509,34.23,11.10,0.00,2,Cruise,122.1732
1129.0,109,10.900,9.509,34.23,11.10,0.00,2,Cruise,122.1967
1130.0,109,10.900,9.509,34.23,11.10,0.00,2,Cruise,122.2201
1131.0,109,10.900,9.509,34.23,11.10,0.00,2,Cruise,122.2435
1132.0,109,10.900,9.509,34.23,11.10,0.00,2,Cruise,122.2669
1133.0,109,10.900,9.509,34.23,11.10,0.00,2,Cruise,122.2904
1134.0,109,10.900,9.509,34.23,11.10,0.00,2,Cruise,122.3138
1135.0,109,10.900,9.509,34.23,11.10,0.00,2,Cruise,122.3372
1136.0,109,10.900,9.509,34.23,11.10,0.00,2,Cruise,122.3606
1137.0,109,10.900,9.509,34.23,11.10,0.00,2,Cruise,122.3841
1138.0,110,11.000,9.509,34.23,11.10,0.00,2,Cruise,122.4075
1139.0,110,11.000,9.509,34.23,11.10,0.00,2,Cruise,122.4276
1140.0,110,11.000,9.509,34.23,11.10,0.00,2,Cruise,122.4478
1141.0,110,11.000,9.509,34.23,11.10,0.00,2,Cruise,122.4680
1142.0,110,11.000,9.509,34.23,11.10,0.00,2,Cruise,122.4881
1143.0,110,11.000,9.509,34.23,11.10,0.00,2,Cruise,122.5083
1144.0,110,11.000,9.509,34.23,11.10,0.00,2,Cruise,122.5285
1145.0,110,11.000,9.509,34.23,11.10,0.00,2,Cruise,122.5486
1146.0,110,11.000,9.509,34.23,11.10,0.00,2,Cruise,122.5688
1147.0,110,11.000,9.509,34.23,11.10,0.00,2,Cruise,122.5890
1148.0,111,11.100,9.509,34.23,11.10,0.00,2,Cruise,122.6091
1149.0,111,11.100,9.509,34.23,11.10,0.00,2,Cruise,122.6229
1150.0,111,11.100,9.509,34.23,11.10,0.00,2,Cruise,122.6366
1151.0,111,11.100,9.509,34.23,11.10,0.00,2,Cruise,122.6504
1152.0,111,11.100,9.509,34.23,11.10,0.00,2,Cruise,122.6641
1153.0,111,11.100,9.509,34.23,11.10,0.00,2,Cruise,122.6779
1154.0,111,11.100,9.509,34.23,11.10,0.00,2,Cruise,122.6916
1155.0,111,11.100,9.509,34.23,11.10,0.00,2,Cruise,122.7054
1156.0,111,11.100,9.509,34.23,11.10,0.00,2,Cruise,122.7191
1157.0,111,11.100,9.509,34.23,11.10,0.00,2,Cruise,122.7329
1158.0,111,11.100,9.509,34.23,11.10,0.00,2,Cruise,122.7466
1159.0,112,11.200,9.509,34.23,11.10,0.00,2,Cruise,122.7604
1160.0,112,11.200,9.509,34.23,11.10,0.00,2,Cruise,122.8383
1161.0,112,11.200,9.509,34.23,11.10,0.00,2,Cruise,122.9163
1162.0,112,11.200,9.509,34.23,11.10,0.00,2,Cruise,122.9942
1163.0,112,11.200,9.509,34.23,11.10,0.00,2,Cruise,123.0722
1164.0,112,11.200,9.509,34.23,11.10,0.00,2,Cruise,123.1501
1165.0,112,11.200,9.509,34.23,11.10,0.00,2,Cruise,123.2281
1166.0,112,11.200,9.509,34.23,11.10,0.00,2,Cruise,123.3060
1167.0,112,11.200,9.509,34.23,11.10,0.00,2,Cruise,123.3839
1168.0,112,11.200,9.509,34.23,11.10,0.00,2,Cruise,123.4619
1169.0,113,11.300,9.509,34.23,11.10,0.00,2,Cruise,123.5398
1170.0,113,11.300,9.509,34.23,11.10,0.00,2,Cruise,123.6318
1171.0,113,11.300,9.509,34.23,11.10,0.00,2,Cruise,123.7238
1172.0,113,11.300,9.509,34.23,11.10,0.00,2,Cruise,123.8158
1173.0,113,11.300,9.509,34.23,11.10,0.00,2,Cruise,123.9078
1174.0,113,11.300,9.509,34.23,11.10,0.00,2,Cruise,123.9997
1175.0,113,11.300,9.509,34.23,11.10,0.00,2,Cruise,124.0917
1176.0,113,11.300,9.509,34.23,11.10,0.00,2,Cruise,124.1837
1177.0,113,11.300,9.509,34.23,11.10,0.00,2,Cruise,124.2757
1178.0,113,11.300,9.509,34.23,11.10,0.00,2,Cruise,124.3677
1179.0,113,11.300,9.509,34.23,11.10,0.00,2,Cruise,124.4596
1180.0,114,11.400,9.509,34.23,11.10,0.00,2,Cruise,124.5516
1181.0,114,11.400,9.509,34.23,11.10,0.00,2,Cruise,124.6787
1182.0,114,11.400,9.509,34.23,11.10,0.00,2,Cruise,124.8058
1183.0,114,11.400,9.509,34.23,11.10,0.00,2,Cruise,124.9329
1184.0,114,11.400,9.509,34.23,11.10,0.00,2,Cruise,125.0600
1185.0,114,11.400,9.509,34.23,11.10,0.00,2,Cruise,125.1871
1186.0,114,11.400,9.509,34.23,11.10,0.00,2,Cruise,125.3143
1187.0,114,11.400,9.509,34.23,11.10,0.00,2,Cruise,125.4414
1188.0,114,11.400,9.509,34.23,11.10,0.00,2,Cruise,125.5685
1189.0,114,11.400,9.509,34.23,11.10,0.00,2,Cruise,125.6956
1190.0,115,11.500,9.509,34.23,11.10,0.00,2,Cruise,125.8227
1191.0,115,11.500,9.509,34.23,11.10,0.00,2,Cruise,125.9423
1192.0,115,11.500,9.509,34.23,11.10,0.00,2,Cruise,126.0620
1193.0,115,11.500,9.509,34.23,11.10,0.00,2,Cruise,126.1816
1194.0,115,11.500,9.509,34.23,11.10,0.00,2,Cruise,126.3013
1195.0,115,11.500,9.509,34.23,11.10,0.00,2,Cruise,126.4209
1196.0,115,11.500,9.509,34.23,11.10,0.00,2,Cruise,126.5406
1197.0,115,11.500,9.509,34.23,11.10,0.00,2,Cruise,126.6603
1198.0,115,11.500,9.509,34.23,11.10,0.00,2,Cruise,126.7799
1199.0,115,11.500,9.509,34.23,11.10,0.00,2,Cruise,126.8996
1200.0,115,11.500,9.509,34.23,11.10,0.00,2,Cruise,127.0192
1201.0,116,11.600,9.509,34.23,11.10,0.00,2,Cruise,127.1389
1202.0,116,11.600,9.509,34.23,11.10,0.00,2,Cruise,127.1440
1203.0,116,11.600,9.509,34.23,11.10,0.00,2,Cruise,127.1492
1204.0,116,11.600,9.509,34.23,11.10,0.00,2,Cruise,127.1543
1205.0,116,11.600,9.509,34.23,11.10,0.00,2,Cruise,127.1595
1206.0,116,11.600,9.509,34.23,11.10,0.00,2,Cruise,127.1646
1207.0,116,11.600,9.509,34.23,11.10,0.00,2,Cruise,127.1698
1208.0,116,11.600,9.509,34.23,11.10,0.00,2,Cruise,127.1749
1209.0,116,11.600,9.509,34.23,11.10,0.00,2,Cruise,127.1800
1210.0,116,11.600,9.509,34.23,11.10,0.00,2,Cruise,127.1852
1211.0,117,11.700,9.509,34.23,11.10,0.00,2,Cruise,127.1903
1212.0,117,11.700,9.509,34.23,11.10,0.00,2,Cruise,127.2092
1213.0,117,11.700,9.509,34.23,11.10,0.00,2,Cruise,127.2281
1214.0,117,11.700,9.509,34.23,11.10,0.00,2,Cruise,127.2469
1215.0,117,11.700,9.509,34.23,11.10,0.00,2,Cruise,127.2658
1216.0,117,11.700,9.509,34.23,11.10,0.00,2,Cruise,127.2847
1217.0,117,11.700,9.509,34.23,11.10,0.00,2,Cruise,127.3036
1218.0,117,11.700,9.509,34.23,11.10,0.00,2,Cruise,127.3224
1219.0,117,11.700,9.509,34.23,11.10,0.00,2,Cruise,127.3413
1220.0,117,11.700,9.509,34.23,11.10,0.00,2,Cruise,127.3602
1221.0,117,11.700,9.509,34.23,11.10,0.00,2,Cruise,127.3790
1222.0,118,11.800,9.509,34.23,11.10,0.00,2,Cruise,127.3979
1223.0,118,11.800,9.509,34.23,11.10,0.00,2,Cruise,127.4744
1224.0,118,11.800,9.509,34.23,11.10,0.00,2,Cruise,127.5510
1225.0,118,11.800,9.509,34.23,11.10,0.00,2,Cruise,127.6275
1226.0,118,11.800,9.509,34.23,11.10,0.00,2,Cruise,127.7041
1227.0,118,11.800,9.509,34.23,11.10,0.00,2,Cruise,127.7806
1228.0,118,11.800,9.509,34.23,11.10,0.00,2,Cruise,127.8572
1229.0,118,11.800,9.509,34.23,11.10,0.00,2,Cruise,127.9337
1230.0,118,11.800,9.509,34.23,11.10,0.00,2,Cruise,128.0103
1231.0,118,11.800,9.509,34.23,11.10,0.00,2,Cruise,128.0868
1232.0,119,11.900,9.509,34.23,11.10,0.00,2,Cruise,128.1634
1233.0,119,11.900,9.509,34.23,11.10,0.00,2,Cruise,128.2352
1234.0,119,11.900,9.509,34.23,11.10,0.00,2,Cruise,128.3070
1235.0,119,11.900,9.509,34.23,11.10,0.00,2,Cruise,128.3788
1236.0,119,11.900,9.509,34.23,11.10,0.00,2,Cruise,128.4506
1237.0,119,11.900,9.509,34.23,11.10,0.00,2,Cruise,128.5224
1238.0,119,11.900,9.509,34.23,11.10,0.00,2,Cruise,128.5942
1239.0,119,11.900,9.509,34.23,11.10,0.00,2,Cruise,128.6660
1240.0,119,11.900,9.509,34.23,11.10,0.00,2,Cruise,128.7378
1241.0,119,11.900,9.509,34.23,11.10,0.00,2,Cruise,128.8096
1242.0,119,11.900,9.509,34.23,11.10,0.00,2,Cruise,128.8814
1243.0,120,12.000,9.509,34.23,11.10,0.00,2,Cruise,128.9532
1244.0,120,12.000,9.509,34.23,11.10,0.00,2,Cruise,128.9955
1245.0,120,12.000,9.509,34.23,11.10,0.00,2,Cruise,129.0377
1246.0,120,12.000,9.509,34.23,11.10,0.00,2,Cruise,129.0800
1247.0,120,12.000,9.509,34.23,11.10,0.00,2,Cruise,129.1222
1248.0,120,12.000,9.509,34.23,11.10,0.00,2,Cruise,129.1645
1249.0,120,12.000,9.509,34.23,11.10,0.00,2,Cruise,129.2067
1250.0,120,12.000,9.509,34.23,11.10,0.00,2,Cruise,129.2490
1251.0,120,12.000,9.509,34.23,11.10,0.00,2,Cruise,129.2912
1252.0,120,12.000,9.509,34.23,11.10,0.00,2,Cruise,129.3335
1253.0,121,12.100,9.509,34.23,11.10,0.00,2,Cruise,129.3757
1254.0,121,12.100,9.509,34.23,11.10,0.00,2,Cruise,129.4107
1255.0,121,12.100,9.509,34.23,11.10,0.00,2,Cruise,129.4457
1256.0,121,12.100,9.509,34.23,11.10,0.00,2,Cruise,129.4807
1257.0,121,12.100,9.509,34.23,11.10,0.00,2,Cruise,129.5157
1258.0,121,12.100,9.509,34.23,11.10,0.00,2,Cruise,129.5506
1259.0,121,12.100,9.509,34.23,11.10,0.00,2,Cruise,129.5856
1260.0,121,12.100,9.509,34.23,11.10,0.00,2,Cruise,129.6206
1261.0,121,12.100,9.509,34.23,11.10,0.00,2,Cruise,129.6556
1262.0,121,12.100,9.509,34.23,11.10,0.00,2,Cruise,129.6905
1263.0,121,12.100,9.509,34.23,11.10,0.00,2,Cruise,129.7255
1264.0,122,12.200,9.509,34.23,11.10,0.00,2,Cruise,129.7605
1265.0,122,12.200,9.543,34.35,11.10,0.00,2,Cruise,129.7605
1266.0,122,12.200,9.577,34.48,11.10,0.00,2,Cruise,129.7605
1267.0,122,12.200,9.611,34.60,11.10,0.00,2,Cruise,129.7605
1268.0,122,12.200,9.645,34.72,11.10,0.00,2,Cruise,129.7605
1269.0,122,12.200,9.679,34.85,11.10,0.00,2,Cruise,129.7605
1270.0,122,12.200,9.713,34.97,11.10,0.00,2,Cruise,129.7605
1271.0,122,12.200,9.747,35.09,11.10,0.00,2,Cruise,129.7605
1272.0,122,12.200,9.781,35.21,11.10,0.00,2,Cruise,129.7605
1273.0,122,12.200,9.815,35.34,11.10,0.00,2,Cruise,129.7605
1274.0,123,12.300,9.849,35.46,11.10,0.00,2,Cruise,129.7605
1275.0,123,12.300,9.849,35.46,11.10,0.00,2,Cruise,129.7637
1276.0,123,12.300,9.849,35.46,11.10,0.00,2,Cruise,129.7670
1277.0,123,12.300,9.849,35.46,11.10,0.00,2,Cruise,129.7702
1278.0,123,12.300,9.849,35.46,11.10,0.00,2,Cruise,129.7735
1279.0,123,12.300,9.849,35.46,11.10,0.00,2,Cruise,129.7767
1280.0,123,12.300,9.849,35.46,11.10,0.00,2,Cruise,129.7800
1281.0,123,12.300,9.849,35.46,11.10,0.00,2,Cruise,129.7832
1282.0,123,12.300,9.849,35.46,11.10,0.00,2,Cruise,129.7865
1283.0,123,12.300,9.849,35.46,11.10,0.00,2,Cruise,129.7897
1284.0,124,12.400,9.849,35.46,11.10,0.00,2,Cruise,129.7930
1285.0,124,12.400,9.849,35.46,11.10,0.00,2,Cruise,129.8079
1286.0,124,12.400,9.849,35.46,11.10,0.00,2,Cruise,129.8227
1287.0,124,12.400,9.849,35.46,11.10,0.00,2,Cruise,129.8376
1288.0,124,12.400,9.849,35.46,11.10,0.00,2,Cruise,129.8525
1289.0,124,12.400,9.849,35.46,11.10,0.00,2,Cruise,129.8674
1290.0,124,12.400,9.849,35.46,11.10,0.00,2,Cruise,129.8823
1291.0,124,12.400,9.849,35.46,11.10,0.00,2,Cruise,129.8972
1292.0,124,12.400,9.849,35.46,11.10,0.00,2,Cruise,129.9121
1293.0,124,12.400,9.849,35.46,11.10,0.00,2,Cruise,129.9270
1294.0,124,12.400,9.849,35.46,11.10,0.00,2,Cruise,129.9419
1295.0,125,12.500,9.849,35.46,11.10,0.00,2,Cruise,129.9568
1296.0,125,12.500,9.849,35.46,11.10,0.00,2,Cruise,130.0069
1297.0,125,12.500,9.849,35.46,11.10,0.00,2,Cruise,130.0570
1298.0,125,12.500,9.849,35.46,11.10,0.00,2,Cruise,130.1071
1299.0,125,12.500,9.849,35.46,11.10,0.00,2,Cruise,130.1572
1300.0,125,12.500,9.849,35.46,11.10,0.00,2,Cruise,130.2073
1301.0,125,12.500,9.849,35.46,11.10,0.00,2,Cruise,130.2574
1302.0,125,12.500,9.849,35.46,11.10,0.00,2,Cruise,130.3075
1303.0,125,12.500,9.849,35.46,11.10,0.00,2,Cruise,130.3576
1304.0,125,12.500,9.849,35.46,11.10,0.00,2,Cruise,130.4077
1305.0,126,12.600,9.849,35.46,11.10,0.00,2,Cruise,130.4578
1306.0,126,12.600,9.849,35.46,11.10,0.00,2,Cruise,130.5098
1307.0,126,12.600,9.849,35.46,11.10,0.00,2,Cruise,130.5617
1308.0,126,12.600,9.849,35.46,11.10,0.00,2,Cruise,130.6137
1309.0,126,12.600,9.849,35.46,11.10,0.00,2,Cruise,130.6656
1310.0,126,12.600,9.849,35.46,11.10,0.00,2,Cruise,130.7176
1311.0,126,12.600,9.849,35.46,11.10,0.00,2,Cruise,130.7695
1312.0,126,12.600,9.849,35.46,11.10,0.00,2,Cruise,130.8214
1313.0,126,12.600,9.849,35.46,11.10,0.00,2,Cruise,130.8734
1314.0,126,12.600,9.849,35.46,11.10,0.00,2,Cruise,130.9253
1315.0,127,12.700,9.849,35.46,11.10,0.00,2,Cruise,130.9773
1316.0,127,12.700,9.849,35.46,11.10,0.00,2,Cruise,131.1261
1317.0,127,12.700,9.849,35.46,11.10,0.00,2,Cruise,131.2750
1318.0,127,12.700,9.849,35.46,11.10,0.00,2,Cruise,131.4239
1319.0,127,12.700,9.849,35.46,11.10,0.00,2,Cruise,131.5728
1320.0,127,12.700,9.849,35.46,11.10,0.00,2,Cruise,131.7217
1321.0,127,12.700,9.849,35.46,11.10,0.00,2,Cruise,131.8705
1322.0,127,12.700,9.849,35.46,11.10,0.00,2,Cruise,132.0194
1323.0,127,12.700,9.849,35.46,11.10,0.00,2,Cruise,132.1683
1324.0,127,12.700,9.849,35.46,11.10,0.00,2,Cruise,132.3172
1325.0,128,12.800,9.849,35.46,11.10,0.00,2,Cruise,132.4661
1326.0,128,12.800,9.849,35.46,11.10,0.00,2,Cruise,132.5416
1327.0,128,12.800,9.849,35.46,11.10,0.00,2,Cruise,132.6172
1328.0,128,12.800,9.849,35.46,11.10,0.00,2,Cruise,132.6927
1329.0,128,12.800,9.849,35.46,11.10,0.00,2,Cruise,132.7683
1330.0,128,12.800,9.849,35.46,11.10,0.00,2,Cruise,132.8439
1331.0,128,12.800,9.849,35.46,11.10,0.00,2,Cruise,132.9194
1332.0,128,12.800,9.849,35.46,11.10,0.00,2,Cruise,132.9950
1333.0,128,12.800,9.849,35.46,11.10,0.00,2,Cruise,133.0705
1334.0,128,12.800,9.849,35.46,11.10,0.00,2,Cruise,133.1461
1335.0,129,12.900,9.849,35.46,11.10,0.00,2,Cruise,133.2217
1336.0,129,12.900,9.849,35.46,11.10,0.00,2,Cruise,133.3343
1337.0,129,12.900,9.849,35.46,11.10,0.00,2,Cruise,133.4469
1338.0,129,12.900,9.849,35.46,11.10,0.00,2,Cruise,133.5595
1339.0,129,12.900,9.849,35.46,11.10,0.00,2,Cruise,133.6721
1340.0,129,12.900,9.849,35.46,11.10,0.00,2,Cruise,133.7847
1341.0,129,12.900,9.849,35.46,11.10,0.00,2,Cruise,133.8973
1342.0,129,12.900,9.849,35.46,11.10,0.00,2,Cruise,134.0099
1343.0,129,12.900,9.849,35.46,11.10,0.00,2,Cruise,134.1225
1344.0,129,12.900,9.849,35.46,11.10,0.00,2,Cruise,134.2351
1345.0,130,13.000,9.849,35.46,11.10,0.00,1,Coast,134.3477
1346.0,130,13.000,9.697,34.91,11.10,0.00,1,Coast,134.3477
1347.0,130,13.000,9.544,34.36,11.10,0.00,3,Power,134.3477
1348.0,130,13.000,10.144,36.52,11.10,0.00,1,Coast,135.3906
1349.0,130,13.000,9.991,35.97,11.10,0.00,1,Coast,135.3906
1350.0,130,13.000,9.838,35.42,11.10,0.00,1,Coast,135.3906
1351.0,130,13.000,9.686,34.87,11.10,0.00,1,Coast,135.3906
1352.0,130,13.000,9.533,34.32,11.10,0.00,3,Power,135.3906
1353.0,130,13.000,10.133,36.48,11.10,0.00,1,Coast,136.4335
1354.0,130,13.000,9.980,35.93,11.10,0.00,1,Coast,136.4335
1355.0,131,13.100,9.828,35.38,11.10,0.00,1,Coast,136.4335
1356.0,131,13.100,9.660,34.78,11.10,0.00,3,Power,136.4335
1357.0,131,13.100,10.260,36.94,11.10,0.00,1,Coast,137.4761
1358.0,131,13.100,10.092,36.33,11.10,0.00,1,Coast,137.4761
1359.0,131,13.100,9.924,35.73,11.10,0.00,1,Coast,137.4761
1360.0,131,13.100,9.756,35.12,11.10,0.00,1,Coast,137.4761
1361.0,131,13.100,9.589,34.52,11.10,0.00,3,Power,137.4761
1362.0,131,13.100,10.189,36.68,11.10,0.00,1,Coast,138.5188
1363.0,131,13.100,10.021,36.07,11.10,0.00,1,Coast,138.5188
1364.0,131,13.100,9.853,35.47,11.10,0.00,1,Coast,138.5188
1365.0,131,13.100,9.685,34.87,11.10,0.00,3,Power,138.5188
1366.0,132,13.200,10.285,37.03,11.10,0.00,2,Cruise,139.5612
1367.0,132,13.200,10.285,37.03,11.10,0.00,2,Cruise,139.6242
1368.0,132,13.200,10.285,37.03,11.10,0.00,2,Cruise,139.6872
1369.0,132,13.200,10.285,37.03,11.10,0.00,2,Cruise,139.7502
1370.0,132,13.200,10.285,37.03,11.10,0.00,2,Cruise,139.8132
1371.0,132,13.200,10.285,37.03,11.10,0.00,2,Cruise,139.8762
1372.0,132,13.200,10.285,37.03,11.10,0.00,2,Cruise,139.9392
1373.0,132,13.200,10.285,37.03,11.10,0.00,2,Cruise,140.0022
1374.0,132,13.200,10.285,37.03,11.10,0.00,2,Cruise,140.0652
1375.0,133,13.300,10.285,37.03,11.10,0.00,2,Cruise,140.1282
1376.0,133,13.300,10.285,37.03,11.10,0.00,2,Cruise,140.1991
1377.0,133,13.300,10.285,37.03,11.10,0.00,2,Cruise,140.2700
1378.0,133,13.300,10.285,37.03,11.10,0.00,2,Cruise,140.3408
1379.0,133,13.300,10.285,37.03,11.10,0.00,2,Cruise,140.4117
1380.0,133,13.300,10.285,37.03,11.10,0.00,2,Cruise,140.4826
1381.0,133,13.300,10.285,37.03,11.10,0.00,2,Cruise,140.5534
1382.0,133,13.300,10.285,37.03,11.10,0.00,2,Cruise,140.6243
1383.0,133,13.300,10.285,37.03,11.10,0.00,2,Cruise,140.6951
1384.0,133,13.300,10.285,37.03,11.10,0.00,2,Cruise,140.7660
1385.0,134,13.400,10.285,37.03,11.10,0.00,2,Cruise,140.8369
1386.0,134,13.400,10.285,37.03,11.10,0.00,2,Cruise,140.9312
1387.0,134,13.400,10.285,37.03,11.10,0.00,2,Cruise,141.0255
1388.0,134,13.400,10.285,37.03,11.10,0.00,2,Cruise,141.1198
1389.0,134,13.400,10.285,37.03,11.10,0.00,2,Cruise,141.2141
1390.0,134,13.400,10.285,37.03,11.10,0.00,2,Cruise,141.3084
1391.0,134,13.400,10.285,37.03,11.10,0.00,2,Cruise,141.4027
1392.0,134,13.400,10.285,37.03,11.10,0.00,2,Cruise,141.4970
1393.0,134,13.400,10.285,37.03,11.10,0.00,2,Cruise,141.5913
1394.0,134,13.400,10.285,37.03,11.10,0.00,2,Cruise,141.6856
1395.0,135,13.500,10.285,37.03,11.10,0.00,1,Coast,141.7799
1396.0,135,13.500,10.074,36.27,11.10,0.00,1,Coast,141.7799
1397.0,135,13.500,9.864,35.51,11.10,0.00,1,Coast,141.7799
1398.0,135,13.500,9.653,34.75,11.10,0.00,3,Power,141.7799
1399.0,135,13.500,10.253,36.91,11.10,0.00,1,Coast,142.8224
1400.0,135,13.500,10.042,36.15,11.10,0.00,1,Coast,142.8224
1401.0,135,13.500,9.832,35.39,11.10,0.00,1,Coast,142.8224
1402.0,135,13.500,9.621,34.64,11.10,0.00,3,Power,142.8224
1403.0,135,13.500,10.221,36.80,11.10,0.00,1,Coast,143.8651
1404.0,135,13.500,10.010,36.04,11.10,0.00,1,Coast,143.8651
1405.0,136,13.600,9.800,35.28,11.10,0.00,1,Coast,143.8651
1406.0,136,13.600,9.659,34.77,11.10,0.00,3,Power,143.8651
1407.0,136,13.600,10.259,36.93,11.10,0.00,1,Coast,144.9076
1408.0,136,13.600,10.118,36.43,11.10,0.00,1,Coast,144.9076
1409.0,136,13.600,9.977,35.92,11.10,0.00,1,Coast,144.9076
1410.0,136,13.600,9.836,35.41,11.10,0.00,1,Coast,144.9076
1411.0,136,13.600,9.696,34.90,11.10,0.00,3,Power,144.9076
1412.0,136,13.600,10.296,37.06,11.10,0.00,1,Coast,145.9500
1413.0,136,13.600,10.155,36.56,11.10,0.00,1,Coast,145.9500
1414.0,136,13.600,10.014,36.05,11.10,0.00,1,Coast,145.9500
1415.0,137,13.700,9.873,35.54,11.10,0.00,2,Cruise,145.9500
1416.0,137,13.700,9.873,35.54,11.10,0.00,2,Cruise,146.0375
1417.0,137,13.700,9.873,35.54,11.10,0.00,2,Cruise,146.1250
1418.0,137,13.700,9.873,35.54,11.10,0.00,2,Cruise,146.2126
1419.0,137,13.700,9.873,35.54,11.10,0.00,2,Cruise,146.3001
1420.0,137,13.700,9.873,35.54,11.10,0.00,2,Cruise,146.3876
1421.0,137,13.700,9.873,35.54,11.10,0.00,2,Cruise,146.4752
1422.0,137,13.700,9.873,35.54,11.10,0.00,2,Cruise,146.5627
1423.0,137,13.700,9.873,35.54,11.10,0.00,2,Cruise,146.6502
1424.0,137,13.700,9.873,35.54,11.10,0.00,2,Cruise,146.7378
1425.0,138,13.800,9.873,35.54,11.10,0.00,3,Power,146.8253
1426.0,138,13.800,10.473,37.70,11.10,0.00,1,Coast,147.8671
1427.0,138,13.800,10.335,37.21,11.10,0.00,1,Coast,147.8671
1428.0,138,13.800,10.197,36.71,11.10,0.00,1,Coast,147.8671
1429.0,138,13.800,10.059,36.21,11.10,0.00,2,Cruise,147.8671
1430.0,138,13.800,10.059,36.21,11.10,0.00,2,Cruise,148.0301
1431.0,138,13.800,10.059,36.21,11.10,0.00,2,Cruise,148.1930
1432.0,138,13.800,10.059,36.21,11.10,0.00,2,Cruise,148.3560
1433.0,138,13.800,10.059,36.21,11.10,0.00,2,Cruise,148.5190
1434.0,138,13.800,10.059,36.21,11.10,0.00,2,Cruise,148.6819
1435.0,139,13.900,10.059,36.21,11.10,0.00,2,Cruise,148.8449
1436.0,139,13.900,10.059,36.21,11.10,0.00,2,Cruise,148.9731
1437.0,139,13.900,10.059,36.21,11.10,0.00,2,Cruise,149.1013
1438.0,139,13.900,10.059,36.21,11.10,0.00,2,Cruise,149.2295
1439.0,139,13.900,10.059,36.21,11.10,0.00,2,Cruise,149.3577
1440.0,139,13.900,10.059,36.21,11.10,0.00,2,Cruise,149.4860
1441.0,139,13.900,10.059,36.21,11.10,0.00,2,Cruise,149.6142
1442.0,139,13.900,10.059,36.21,11.10,0.00,2,Cruise,149.7424
1443.0,139,13.900,10.059,36.21,11.10,0.00,2,Cruise,149.8706
1444.0,139,13.900,10.059,36.21,11.10,0.00,2,Cruise,149.9988
1445.0,140,14.000,10.059,36.21,11.10,0.00,2,Cruise,150.1270
1446.0,140,14.000,10.059,36.21,11.10,0.00,2,Cruise,150.1883
1447.0,140,14.000,10.059,36.21,11.10,0.00,2,Cruise,150.2495
1448.0,140,14.000,10.059,36.21,11.10,0.00,2,Cruise,150.3108
1449.0,140,14.000,10.059,36.21,11.10,0.00,2,Cruise,150.3721
1450.0,140,14.000,10.059,36.21,11.10,0.00,2,Cruise,150.4333
1451.0,140,14.000,10.059,36.21,11.10,0.00,2,Cruise,150.4946
1452.0,140,14.000,10.059,36.21,11.10,0.00,2,Cruise,150.5559
1453.0,140,14.000,10.059,36.21,11.10,0.00,2,Cruise,150.6171
1454.0,140,14.000,10.059,36.21,11.10,0.00,2,Cruise,150.6784
1455.0,141,14.100,10.059,36.21,11.10,0.00,1,Coast,150.7397
1456.0,141,14.100,9.931,35.75,11.10,0.00,1,Coast,150.7397
1457.0,141,14.100,9.804,35.29,11.10,0.00,1,Coast,150.7397
1458.0,141,14.100,9.676,34.83,11.10,0.00,1,Coast,150.7397
1459.0,141,14.100,9.549,34.38,11.10,0.00,3,Power,150.7397
1460.0,141,14.100,10.149,36.54,11.10,0.00,1,Coast,151.7825
1461.0,141,14.100,10.021,36.08,11.10,0.00,1,Coast,151.7825
1462.0,141,14.100,9.894,35.62,11.10,0.00,1,Coast,151.7825
1463.0,141,14.100,9.766,35.16,11.10,0.00,1,Coast,151.7825
1464.0,141,14.100,9.639,34.70,11.10,0.00,3,Power,151.7825
1465.0,142,14.200,10.239,36.86,11.10,0.00,1,Coast,152.8251
1466.0,142,14.200,10.107,36.39,11.10,0.00,1,Coast,152.8251
1467.0,142,14.200,9.976,35.91,11.10,0.00,1,Coast,152.8251
1468.0,142,14.200,9.845,35.44,11.10,0.00,1,Coast,152.8251
1469.0,142,14.200,9.713,34.97,11.10,0.00,3,Power,152.8251
1470.0,142,14.200,10.313,37.13,11.10,0.00,1,Coast,153.8675
1471.0,142,14.200,10.182,36.66,11.10,0.00,1,Coast,153.8675
1472.0,142,14.200,10.051,36.18,11.10,0.00,1,Coast,153.8675
1473.0,142,14.200,9.919,35.71,11.10,0.00,1,Coast,153.8675
1474.0,142,14.200,9.788,35.24,11.10,0.00,1,Coast,153.8675
1475.0,143,14.300,9.657,34.77,11.10,0.00,2,Cruise,153.8675
1476.0,143,14.300,9.657,34.77,11.10,0.00,2,Cruise,153.8828
1477.0,143,14.300,9.657,34.77,11.10,0.00,2,Cruise,153.8981
1478.0,143,14.300,9.657,34.77,11.10,0.00,2,Cruise,153.9134
1479.0,143,14.300,9.657,34.77,11.10,0.00,2,Cruise,153.9288
1480.0,143,14.300,9.657,34.77,11.10,0.00,2,Cruise,153.9441
1481.0,143,14.300,9.657,34.77,11.10,0.00,2,Cruise,153.9594
1482.0,143,14.300,9.657,34.77,11.10,0.00,2,Cruise,153.9747
1483.0,143,14.300,9.657,34.77,11.10,0.00,2,Cruise,153.9901
1484.0,143,14.300,9.657,34.77,11.10,0.00,2,Cruise,154.0054
1485.0,144,14.400,9.657,34.77,11.10,0.00,2,Cruise,154.0207
1486.0,144,14.400,9.788,35.24,11.10,0.00,2,Cruise,154.0207
1487.0,144,14.400,9.919,35.71,11.10,0.00,2,Cruise,154.0207
1488.0,144,14.400,10.049,36.18,11.10,0.00,2,Cruise,154.0207
1489.0,144,14.400,10.180,36.65,11.10,0.00,2,Cruise,154.0207
1490.0,144,14.400,10.310,37.12,11.10,0.00,2,Cruise,154.0207
1491.0,144,14.400,10.441,37.59,11.10,0.00,2,Cruise,154.0207
1492.0,144,14.400,10.571,38.05,11.10,0.00,2,Cruise,154.0207
1493.0,144,14.400,10.701,38.52,11.10,0.00,2,Cruise,154.0207
1494.0,144,14.400,10.831,38.99,11.10,0.00,2,Cruise,154.0207
1495.0,145,14.500,10.961,39.46,11.10,0.00,1,Coast,154.0207
1496.0,145,14.500,10.742,38.67,11.10,0.00,1,Coast,154.0207
1497.0,145,14.500,10.523,37.88,11.10,0.00,1,Coast,154.0207
1498.0,145,14.500,10.305,37.10,11.10,0.00,1,Coast,154.0207
1499.0,145,14.500,10.087,36.31,11.10,0.00,1,Coast,154.0207
1500.0,145,14.500,9.869,35.53,11.10,0.00,1,Coast,154.0207
1501.0,145,14.500,9.651,34.74,11.10,0.00,3,Power,154.0207
1502.0,145,14.500,10.251,36.90,11.10,0.00,1,Coast,155.0633
1503.0,145,14.500,10.033,36.12,11.10,0.00,1,Coast,155.0633
1504.0,145,14.500,9.815,35.33,11.10,0.00,3,Power,155.0633
1505.0,146,14.600,10.415,37.49,11.10,0.00,1,Coast,156.1053
1506.0,146,14.600,10.218,36.79,11.10,0.00,1,Coast,156.1053
1507.0,146,14.600,10.022,36.08,11.10,0.00,1,Coast,156.1053
1508.0,146,14.600,9.825,35.37,11.10,0.00,3,Power,156.1053
1509.0,146,14.600,10.425,37.53,11.10,0.00,1,Coast,157.1473
1510.0,146,14.600,10.229,36.82,11.10,0.00,1,Coast,157.1473
1511.0,146,14.600,10.032,36.12,11.10,0.00,1,Coast,157.1473
1512.0,146,14.600,9.836,35.41,11.10,0.00,3,Power,157.1473
1513.0,146,14.600,10.436,37.57,11.10,0.00,1,Coast,158.1892
1514.0,146,14.600,10.239,36.86,11.10,0.00,1,Coast,158.1892
1515.0,147,14.700,10.043,36.15,11.10,0.00,1,Coast,158.1892
1516.0,147,14.700,9.846,35.45,11.10,0.00,1,Coast,158.1892
1517.0,147,14.700,9.650,34.74,11.10,0.00,3,Power,158.1892
1518.0,147,14.700,10.250,36.90,11.10,0.00,1,Coast,159.2317
1519.0,147,14.700,10.054,36.19,11.10,0.00,1,Coast,159.2317
1520.0,147,14.700,9.858,35.49,11.10,0.00,1,Coast,159.2317
1521.0,147,14.700,9.662,34.78,11.10,0.00,3,Power,159.2317
1522.0,147,14.700,10.262,36.94,11.10,0.00,1,Coast,160.2743
1523.0,147,14.700,10.065,36.24,11.10,0.00,1,Coast,160.2743
1524.0,147,14.700,9.869,35.53,11.10,0.00,1,Coast,160.2743
1525.0,148,14.800,9.673,34.82,11.10,0.00,2,Cruise,160.2743
1526.0,148,14.800,9.673,34.82,11.10,0.00,2,Cruise,160.3291
1527.0,148,14.800,9.673,34.82,11.10,0.00,2,Cruise,160.3840
1528.0,148,14.800,9.673,34.82,11.10,0.00,2,Cruise,160.4389
1529.0,148,14.800,9.673,34.82,11.10,0.00,2,Cruise,160.4937
1530.0,148,14.800,9.673,34.82,11.10,0.00,2,Cruise,160.5486
1531.0,148,14.800,9.673,34.82,11.10,0.00,2,Cruise,160.6035
1532.0,148,14.800,9.673,34.82,11.10,0.00,2,Cruise,160.6584
1533.0,148,14.800,9.673,34.82,11.10,0.00,2,Cruise,160.7132
1534.0,148,14.800,9.673,34.82,11.10,0.00,2,Cruise,160.7681
1535.0,149,14.900,9.673,34.82,11.10,0.00,2,Cruise,160.8230
1536.0,149,14.900,9.673,34.82,11.10,0.00,2,Cruise,160.8575
1537.0,149,14.900,9.673,34.82,11.10,0.00,2,Cruise,160.8920
1538.0,149,14.900,9.673,34.82,11.10,0.00,2,Cruise,160.9266
1539.0,149,14.900,9.673,34.82,11.10,0.00,2,Cruise,160.9611
1540.0,149,14.900,9.673,34.82,11.10,0.00,2,Cruise,160.9956
1541.0,149,14.900,9.673,34.82,11.10,0.00,2,Cruise,161.0302
1542.0,149,14.900,9.673,34.82,11.10,0.00,2,Cruise,161.0647
1543.0,149,14.900,9.673,34.82,11.10,0.00,2,Cruise,161.0992
1544.0,149,14.900,9.673,34.82,11.10,0.00,2,Cruise,161.1338
1545.0,150,15.000,9.673,34.82,11.10,0.00,3,Power,161.1683
1546.0,150,15.000,10.273,36.98,11.10,0.00,1,Coast,162.2108
1547.0,150,15.000,10.123,36.44,11.10,0.00,1,Coast,162.2108
1548.0,150,15.000,9.972,35.90,11.10,0.00,1,Coast,162.2108
1549.0,150,15.000,9.822,35.36,11.10,0.00,3,Power,162.2108
1550.0,150,15.000,10.422,37.52,11.10,0.00,1,Coast,163.2528
1551.0,150,15.000,10.271,36.98,11.10,0.00,1,Coast,163.2528
1552.0,150,15.000,10.121,36.44,11.10,0.00,1,Coast,163.2528
1553.0,150,15.000,9.971,35.89,11.10,0.00,1,Coast,163.2528
1554.0,150,15.000,9.820,35.35,11.10,0.00,3,Power,163.2528
1555.0,151,15.100,10.420,37.51,11.10,0.00,2,Cruise,164.2948
1556.0,151,15.100,10.420,37.51,11.10,0.00,2,Cruise,164.4005
1557.0,151,15.100,10.420,37.51,11.10,0.00,2,Cruise,164.5062
1558.0,151,15.100,10.420,37.51,11.10,0.00,2,Cruise,164.6119
1559.0,151,15.100,10.420,37.51,11.10,0.00,2,Cruise,164.7176
1560.0,151,15.100,10.420,37.51,11.10,0.00,2,Cruise,164.8233
1561.0,151,15.100,10.420,37.51,11.10,0.00,2,Cruise,164.9290
1562.0,151,15.100,10.420,37.51,11.10,0.00,2,Cruise,165.0347
1563.0,151,15.100,10.420,37.51,11.10,0.00,2,Cruise,165.1404
1564.0,151,15.100,10.420,37.51,11.10,0.00,2,Cruise,165.2462
1565.0,152,15.200,10.420,37.51,11.10,0.00,2,Cruise,165.3519
1566.0,152,15.200,10.433,37.56,11.10,0.00,2,Cruise,165.3519
1567.0,152,15.200,10.446,37.61,11.10,0.00,2,Cruise,165.3519
1568.0,152,15.200,10.459,37.65,11.10,0.00,2,Cruise,165.3519
1569.0,152,15.200,10.472,37.70,11.10,0.00,2,Cruise,165.3519
1570.0,152,15.200,10.485,37.74,11.10,0.00,2,Cruise,165.3519
1571.0,152,15.200,10.497,37.79,11.10,0.00,2,Cruise,165.3519
1572.0,152,15.200,10.510,37.84,11.10,0.00,2,Cruise,165.3519
1573.0,152,15.200,10.523,37.88,11.10,0.00,2,Cruise,165.3519
1574.0,153,15.300,10.535,37.93,11.10,0.00,2,Cruise,165.3519
1575.0,153,15.300,10.535,37.93,11.10,0.00,2,Cruise,165.4629
1576.0,153,15.300,10.535,37.93,11.10,0.00,2,Cruise,165.5740
1577.0,153,15.300,10.535,37.93,11.10,0.00,2,Cruise,165.6851
1578.0,153,15.300,10.535,37.93,11.10,0.00,2,Cruise,165.7961
1579.0,153,15.300,10.535,37.93,11.10,0.00,2,Cruise,165.9072
1580.0,153,15.300,10.535,37.93,11.10,0.00,2,Cruise,166.0183
1581.0,153,15.300,10.535,37.93,11.10,0.00,2,Cruise,166.1293
1582.0,153,15.300,10.535,37.93,11.10,0.00,2,Cruise,166.2404
1583.0,153,15.300,10.535,37.93,11.10,0.00,2,Cruise,166.3515
1584.0,154,15.400,10.535,37.93,11.10,0.00,1,Coast,166.4625
1585.0,154,15.400,10.377,37.36,11.10,0.00,3,Power,166.4625
1586.0,154,15.400,10.819,38.95,11.10,0.00,1,Coast,167.2106
1587.0,154,15.400,10.661,38.38,11.10,0.00,1,Coast,167.2106
1588.0,154,15.400,10.503,37.81,11.10,0.00,1,Coast,167.2106
1589.0,154,15.400,10.344,37.24,11.10,0.00,3,Power,167.2106
1590.0,154,15.400,10.786,38.83,11.10,0.00,1,Coast,167.9564
1591.0,154,15.400,10.628,38.26,11.10,0.00,1,Coast,167.9564
1592.0,154,15.400,10.470,37.69,11.10,0.00,3,Power,167.9564
1593.0,155,15.500,10.912,39.28,11.10,0.00,1,Coast,168.7111
1594.0,155,15.500,10.792,38.85,11.10,0.00,1,Coast,168.7111
1595.0,155,15.500,10.673,38.42,11.10,0.00,1,Coast,168.7111
1596.0,155,15.500,10.554,37.99,11.10,0.00,2,Cruise,168.7111
1597.0,155,15.500,10.554,37.99,11.10,0.00,2,Cruise,168.8589
1598.0,155,15.500,10.554,37.99,11.10,0.00,2,Cruise,169.0068
1599.0,155,15.500,10.554,37.99,11.10,0.00,2,Cruise,169.1547
1600.0,155,15.500,10.554,37.99,11.10,0.00,2,Cruise,169.3025
1601.0,155,15.500,10.554,37.99,11.10,0.00,2,Cruise,169.4504
1602.0,155,15.500,10.554,37.99,11.10,0.00,2,Cruise,169.5983
1603.0,156,15.600,10.554,37.99,11.10,0.00,1,Coast,169.7461
1604.0,156,15.600,10.407,37.46,11.10,0.00,1,Coast,169.7461
1605.0,156,15.600,10.260,36.93,11.10,0.00,1,Coast,169.7461
1606.0,156,15.600,10.113,36.41,11.10,0.00,1,Coast,169.7461
1607.0,156,15.600,9.966,35.88,11.10,0.00,3,Power,169.7461
1608.0,156,15.600,10.566,38.04,11.10,0.00,1,Coast,170.7877
1609.0,156,15.600,10.419,37.51,11.10,0.00,1,Coast,170.7877
1610.0,156,15.600,10.272,36.98,11.10,0.00,1,Coast,170.7877
1611.0,156,15.600,10.125,36.45,11.10,0.00,1,Coast,170.7877
1612.0,157,15.700,9.978,35.92,11.10,0.00,1,Coast,170.7877
1613.0,157,15.700,9.774,35.19,11.10,0.00,3,Power,170.7877
1614.0,157,15.700,10.374,37.35,11.10,0.00,1,Coast,171.8298
1615.0,157,15.700,10.169,36.61,11.10,0.00,1,Coast,171.8298
1616.0,157,15.700,9.964,35.87,11.10,0.00,1,Coast,171.8298
1617.0,157,15.700,9.759,35.13,11.10,0.00,3,Power,171.8298
1618.0,157,15.700,10.359,37.29,11.10,0.00,1,Coast,172.8720
1619.0,157,15.700,10.155,36.56,11.10,0.00,1,Coast,172.8720
1620.0,157,15.700,9.950,35.82,11.10,0.00,1,Coast,172.8720
1621.0,157,15.700,9.745,35.08,11.10,0.00,3,Power,172.8720
1622.0,158,15.800,10.345,37.24,11.10,0.00,1,Coast,173.9143
1623.0,158,15.800,10.129,36.47,11.10,0.00,1,Coast,173.9143
1624.0,158,15.800,9.914,35.69,11.10,0.00,1,Coast,173.9143
1625.0,158,15.800,9.698,34.91,11.10,0.00,1,Coast,173.9143
1626.0,158,15.800,9.483,34.14,11.10,0.00,3,Power,173.9143
1627.0,158,15.800,10.083,36.30,11.10,0.00,1,Coast,174.9574
1628.0,158,15.800,9.867,35.52,11.10,0.00,1,Coast,174.9574
1629.0,158,15.800,9.652,34.75,11.10,0.00,1,Coast,174.9574
1630.0,158,15.800,9.436,33.97,11.10,0.00,3,Power,174.9574
1631.0,158,15.800,10.036,36.13,11.10,0.00,1,Coast,176.0006
1632.0,159,15.900,9.821,35.35,11.10,0.00,2,Cruise,176.0006
1633.0,159,15.900,9.876,35.55,11.10,0.00,2,Cruise,176.0006
1634.0,159,15.900,9.930,35.75,11.10,0.00,2,Cruise,176.0006
1635.0,159,15.900,9.985,35.95,11.10,0.00,2,Cruise,176.0006
1636.0,159,15.900,10.040,36.14,11.10,0.00,2,Cruise,176.0006
1637.0,159,15.900,10.095,36.34,11.10,0.00,2,Cruise,176.0006
1638.0,159,15.900,10.149,36.54,11.10,0.00,2,Cruise,176.0006
1639.0,159,15.900,10.204,36.73,11.10,0.00,2,Cruise,176.0006
1640.0,159,15.900,10.258,36.93,11.10,0.00,2,Cruise,176.0006
1641.0,159,15.900,10.313,37.13,11.10,0.00,2,Cruise,176.0006
1642.0,160,16.000,10.367,37.32,11.10,0.00,2,Cruise,176.0006
1643.0,160,16.000,10.391,37.41,11.10,0.00,2,Cruise,176.0006
1644.0,160,16.000,10.415,37.49,11.10,0.00,2,Cruise,176.0006
1645.0,160,16.000,10.439,37.58,11.10,0.00,2,Cruise,176.0006
1646.0,160,16.000,10.462,37.66,11.10,0.00,2,Cruise,176.0006
1647.0,160,16.000,10.486,37.75,11.10,0.00,2,Cruise,176.0006
1648.0,160,16.000,10.510,37.84,11.10,0.00,2,Cruise,176.0006
1649.0,160,16.000,10.534,37.92,11.10,0.00,2,Cruise,176.0006
1650.0,160,16.000,10.557,38.01,11.10,0.00,2,Cruise,176.0006
1651.0,160,16.000,10.581,38.09,11.10,0.00,2,Cruise,176.0006
1652.0,161,16.100,10.605,38.18,11.10,0.00,2,Cruise,176.0006
1653.0,161,16.100,10.605,38.18,11.10,0.00,2,Cruise,176.0814
1654.0,161,16.100,10.605,38.18,11.10,0.00,2,Cruise,176.1621
1655.0,161,16.100,10.605,38.18,11.10,0.00,2,Cruise,176.2429
1656.0,161,16.100,10.605,38.18,11.10,0.00,2,Cruise,176.3236
1657.0,161,16.100,10.605,38.18,11.10,0.00,2,Cruise,176.4044
1658.0,161,16.100,10.605,38.18,11.10,0.00,2,Cruise,176.4851
1659.0,161,16.100,10.605,38.18,11.10,0.00,2,Cruise,176.5659
1660.0,161,16.100,10.605,38.18,11.10,0.00,2,Cruise,176.6466
1661.0,162,16.200,10.605,38.18,11.10,0.00,2,Cruise,176.7274
1662.0,162,16.200,10.610,38.20,11.10,0.00,2,Cruise,176.7274
1663.0,162,16.200,10.616,38.22,11.10,0.00,2,Cruise,176.7274
1664.0,162,16.200,10.622,38.24,11.10,0.00,2,Cruise,176.7274
1665.0,162,16.200,10.627,38.26,11.10,0.00,2,Cruise,176.7274
1666.0,162,16.200,10.633,38.28,11.10,0.00,2,Cruise,176.7274
1667.0,162,16.200,10.639,38.30,11.10,0.00,2,Cruise,176.7274
1668.0,162,16.200,10.645,38.32,11.10,0.00,2,Cruise,176.7274
1669.0,162,16.200,10.650,38.34,11.10,0.00,2,Cruise,176.7274
1670.0,162,16.200,10.656,38.36,11.10,0.00,2,Cruise,176.7274
1671.0,163,16.300,10.662,38.38,11.10,0.00,2,Cruise,176.7274
1672.0,163,16.300,10.662,38.38,11.10,0.00,2,Cruise,176.7814
1673.0,163,16.300,10.662,38.38,11.10,0.00,2,Cruise,176.8355
1674.0,163,16.300,10.662,38.38,11.10,0.00,2,Cruise,176.8896
1675.0,163,16.300,10.662,38.38,11.10,0.00,2,Cruise,176.9436
1676.0,163,16.300,10.662,38.38,11.10,0.00,2,Cruise,176.9977
1677.0,163,16.300,10.662,38.38,11.10,0.00,2,Cruise,177.0517
1678.0,163,16.300,10.662,38.38,11.10,0.00,2,Cruise,177.1058
1679.0,163,16.300,10.662,38.38,11.10,0.00,2,Cruise,177.1598
1680.0,164,16.400,10.662,38.38,11.10,0.00,1,Coast,177.2139
1681.0,164,16.400,10.540,37.94,11.10,0.00,1,Coast,177.2139
1682.0,164,16.400,10.419,37.51,11.10,0.00,3,Power,177.2139
1683.0,164,16.400,10.897,39.23,11.10,0.00,1,Coast,177.9662
1684.0,164,16.400,10.776,38.79,11.10,0.00,1,Coast,177.9662
1685.0,164,16.400,10.654,38.35,11.10,0.00,1,Coast,177.9662
1686.0,164,16.400,10.533,37.92,11.10,0.00,1,Coast,177.9662
1687.0,164,16.400,10.411,37.48,11.10,0.00,3,Power,177.9662
1688.0,164,16.400,10.890,39.20,11.10,0.00,1,Coast,178.7180
1689.0,164,16.400,10.768,38.77,11.10,0.00,1,Coast,178.7180
1690.0,165,16.500,10.647,38.33,11.10,0.00,1,Coast,178.7180
1691.0,165,16.500,10.531,37.91,11.10,0.00,1,Coast,178.7180
1692.0,165,16.500,10.416,37.50,11.10,0.00,1,Coast,178.7180
1693.0,165,16.500,10.301,37.08,11.10,0.00,3,Power,178.7180
1694.0,165,16.500,10.786,38.83,11.10,0.00,1,Coast,179.4623
1695.0,165,16.500,10.670,38.41,11.10,0.00,1,Coast,179.4623
1696.0,165,16.500,10.555,38.00,11.10,0.00,1,Coast,179.4623
1697.0,165,16.500,10.440,37.58,11.10,0.00,1,Coast,179.4623
1698.0,165,16.500,10.325,37.17,11.10,0.00,3,Power,179.4623
1699.0,166,16.600,10.810,38.91,11.10,0.00,1,Coast,180.2082
1700.0,166,16.600,10.683,38.46,11.10,0.00,1,Coast,180.2082
1701.0,166,16.600,10.556,38.00,11.10,0.00,1,Coast,180.2082
1702.0,166,16.600,10.430,37.55,11.10,0.00,1,Coast,180.2082
1703.0,166,16.600,10.304,37.09,11.10,0.00,1,Coast,180.2082
1704.0,166,16.600,10.178,36.64,11.10,0.00,3,Power,180.2082
1705.0,166,16.600,10.652,38.35,11.10,0.00,1,Coast,180.9434
1706.0,166,16.600,10.525,37.89,11.10,0.00,1,Coast,180.9434
1707.0,166,16.600,10.399,37.44,11.10,0.00,1,Coast,180.9434
1708.0,166,16.600,10.273,36.98,11.10,0.00,1,Coast,180.9434
1709.0,167,16.700,10.147,36.53,11.10,0.00,1,Coast,180.9434
1710.0,167,16.700,9.915,35.69,11.10,0.00,3,Power,180.9434
1711.0,167,16.700,10.515,37.85,11.10,0.00,1,Coast,181.9851
1712.0,167,16.700,10.283,37.02,11.10,0.00,1,Coast,181.9851
1713.0,167,16.700,10.052,36.19,11.10,0.00,3,Power,181.9851
1714.0,167,16.700,10.420,37.51,11.10,0.00,1,Coast,182.7076
1715.0,167,16.700,10.189,36.68,11.10,0.00,1,Coast,182.7076
1716.0,167,16.700,9.957,35.85,11.10,0.00,3,Power,182.7076
1717.0,167,16.700,10.557,38.01,11.10,0.00,1,Coast,183.7492
1718.0,168,16.800,10.325,37.17,11.10,0.00,1,Coast,183.7492
1719.0,168,16.800,10.198,36.71,11.10,0.00,1,Coast,183.7492
1720.0,168,16.800,10.072,36.26,11.10,0.00,1,Coast,183.7492
1721.0,168,16.800,9.945,35.80,11.10,0.00,3,Power,183.7492
1722.0,168,16.800,10.545,37.96,11.10,0.00,1,Coast,184.7908
1723.0,168,16.800,10.418,37.50,11.10,0.00,1,Coast,184.7908
1724.0,168,16.800,10.291,37.05,11.10,0.00,1,Coast,184.7908
1725.0,168,16.800,10.164,36.59,11.10,0.00,1,Coast,184.7908
1726.0,168,16.800,10.037,36.13,11.10,0.00,3,Power,184.7908
1727.0,168,16.800,10.511,37.84,11.10,0.00,1,Coast,185.5160
1728.0,169,16.900,10.384,37.38,11.10,0.00,2,Cruise,185.5160
1729.0,169,16.900,10.384,37.38,11.10,0.00,2,Cruise,185.5550
1730.0,169,16.900,10.384,37.38,11.10,0.00,2,Cruise,185.5939
1731.0,169,16.900,10.384,37.38,11.10,0.00,2,Cruise,185.6328
1732.0,169,16.900,10.384,37.38,11.10,0.00,2,Cruise,185.6717
1733.0,169,16.900,10.384,37.38,11.10,0.00,2,Cruise,185.7106
1734.0,169,16.900,10.384,37.38,11.10,0.00,2,Cruise,185.7496
1735.0,169,16.900,10.384,37.38,11.10,0.00,2,Cruise,185.7885
1736.0,169,16.900,10.384,37.38,11.10,0.00,2,Cruise,185.8274
1737.0,169,16.900,10.384,37.38,11.10,0.00,2,Cruise,185.8663
1738.0,170,17.000,10.384,37.38,11.10,0.00,2,Cruise,185.9052
1739.0,170,17.000,10.384,37.38,11.10,0.00,2,Cruise,185.9159
1740.0,170,17.000,10.384,37.38,11.10,0.00,2,Cruise,185.9265
1741.0,170,17.000,10.384,37.38,11.10,0.00,2,Cruise,185.9372
1742.0,170,17.000,10.384,37.38,11.10,0.00,2,Cruise,185.9478
1743.0,170,17.000,10.384,37.38,11.10,0.00,2,Cruise,185.9585
1744.0,170,17.000,10.384,37.38,11.10,0.00,2,Cruise,185.9691
1745.0,170,17.000,10.384,37.38,11.10,0.00,2,Cruise,185.9798
1746.0,170,17.000,10.384,37.38,11.10,0.00,2,Cruise,185.9904
1747.0,171,17.100,10.384,37.38,11.10,0.00,3,Power,186.0011
1748.0,171,17.100,10.861,39.10,11.10,0.00,1,Coast,186.7509
1749.0,171,17.100,10.738,38.66,11.10,0.00,1,Coast,186.7509
1750.0,171,17.100,10.615,38.21,11.10,0.00,1,Coast,186.7509
1751.0,171,17.100,10.492,37.77,11.10,0.00,1,Coast,186.7509
1752.0,171,17.100,10.370,37.33,11.10,0.00,3,Power,186.7509
1753.0,171,17.100,10.847,39.05,11.10,0.00,1,Coast,187.4997
1754.0,171,17.100,10.724,38.61,11.10,0.00,1,Coast,187.4997
1755.0,171,17.100,10.601,38.17,11.10,0.00,1,Coast,187.4997
1756.0,171,17.100,10.479,37.72,11.10,0.00,1,Coast,187.4997
1757.0,172,17.200,10.356,37.28,11.10,0.00,3,Power,187.4997
1758.0,172,17.200,10.857,39.08,11.10,0.00,1,Coast,188.2484
1759.0,172,17.200,10.757,38.73,11.10,0.00,1,Coast,188.2484
1760.0,172,17.200,10.658,38.37,11.10,0.00,1,Coast,188.2484
1761.0,172,17.200,10.558,38.01,11.10,0.00,1,Coast,188.2484
1762.0,172,17.200,10.459,37.65,11.10,0.00,3,Power,188.2484
1763.0,172,17.200,10.960,39.46,11.10,0.00,1,Coast,189.0044
1764.0,172,17.200,10.860,39.10,11.10,0.00,1,Coast,189.0044
1765.0,172,17.200,10.760,38.74,11.10,0.00,1,Coast,189.0044
1766.0,173,17.300,10.661,38.38,11.10,0.00,1,Coast,189.0044
1767.0,173,17.300,10.507,37.82,11.10,0.00,1,Coast,189.0044
1768.0,173,17.300,10.352,37.27,11.10,0.00,1,Coast,189.0044
1769.0,173,17.300,10.198,36.71,11.10,0.00,3,Power,189.0044
1770.0,173,17.300,10.645,38.32,11.10,0.00,1,Coast,189.7400
1771.0,173,17.300,10.490,37.77,11.10,0.00,1,Coast,189.7400
1772.0,173,17.300,10.336,37.21,11.10,0.00,1,Coast,189.7400
1773.0,173,17.300,10.182,36.66,11.10,0.00,3,Power,189.7400
1774.0,173,17.300,10.628,38.26,11.10,0.00,1,Coast,190.4745
1775.0,173,17.300,10.474,37.71,11.10,0.00,1,Coast,190.4745
1776.0,174,17.400,10.320,37.15,11.10,0.00,1,Coast,190.4745
1777.0,174,17.400,10.184,36.66,11.10,0.00,3,Power,190.4745
1778.0,174,17.400,10.648,38.33,11.10,0.00,1,Coast,191.2098
1779.0,174,17.400,10.512,37.84,11.10,0.00,1,Coast,191.2098
1780.0,174,17.400,10.376,37.35,11.10,0.00,1,Coast,191.2098
1781.0,174,17.400,10.240,36.86,11.10,0.00,1,Coast,191.2098
1782.0,174,17.400,10.104,36.38,11.10,0.00,3,Power,191.2098
1783.0,174,17.400,10.569,38.05,11.10,0.00,1,Coast,191.9394
1784.0,174,17.400,10.433,37.56,11.10,0.00,1,Coast,191.9394
1785.0,175,17.500,10.297,37.07,11.10,0.00,1,Coast,191.9394
1786.0,175,17.500,10.202,36.73,11.10,0.00,3,Power,191.9394
1787.0,175,17.500,10.708,38.55,11.10,0.00,1,Coast,192.6774
1788.0,175,17.500,10.613,38.21,11.10,0.00,1,Coast,192.6774
1789.0,175,17.500,10.518,37.86,11.10,0.00,1,Coast,192.6774
1790.0,175,17.500,10.423,37.52,11.10,0.00,1,Coast,192.6774
1791.0,175,17.500,10.328,37.18,11.10,0.00,1,Coast,192.6774
1792.0,175,17.500,10.234,36.84,11.10,0.00,3,Power,192.6774
1793.0,175,17.500,10.739,38.66,11.10,0.00,1,Coast,193.4176
1794.0,175,17.500,10.644,38.32,11.10,0.00,1,Coast,193.4176
1795.0,176,17.600,10.549,37.98,11.10,0.00,1,Coast,193.4176
1796.0,176,17.600,10.417,37.50,11.10,0.00,1,Coast,193.4176
1797.0,176,17.600,10.285,37.03,11.10,0.00,3,Power,193.4176
1798.0,176,17.600,10.754,38.71,11.10,0.00,1,Coast,194.1602
1799.0,176,17.600,10.621,38.24,11.10,0.00,1,Coast,194.1602
1800.0,176,17.600,10.489,37.76,11.10,0.00,1,Coast,194.1602
1801.0,176,17.600,10.357,37.29,11.10,0.00,3,Power,194.1602
1802.0,176,17.600,10.825,38.97,11.10,0.00,1,Coast,194.9078
1803.0,176,17.600,10.693,38.49,11.10,0.00,1,Coast,194.9078
1804.0,177,17.700,10.561,38.02,11.10,0.00,1,Coast,194.9078
1805.0,177,17.700,10.474,37.70,11.10,0.00,1,Coast,194.9078
1806.0,177,17.700,10.387,37.39,11.10,0.00,3,Power,194.9078
1807.0,177,17.700,10.900,39.24,11.10,0.00,1,Coast,195.6591
1808.0,177,17.700,10.813,38.93,11.10,0.00,1,Coast,195.6591
1809.0,177,17.700,10.725,38.61,11.10,0.00,1,Coast,195.6591
1810.0,177,17.700,10.638,38.30,11.10,0.00,1,Coast,195.6591
1811.0,177,17.700,10.551,37.98,11.10,0.00,1,Coast,195.6591
1812.0,177,17.700,10.464,37.67,11.10,0.00,1,Coast,195.6591
1813.0,177,17.700,10.377,37.36,11.10,0.00,3,Power,195.6591
1814.0,178,17.800,10.890,39.21,11.10,0.00,2,Cruise,196.4097
1815.0,178,17.800,10.890,39.21,11.10,0.00,2,Cruise,196.4320
1816.0,178,17.800,10.890,39.21,11.10,0.00,2,Cruise,196.4543
1817.0,178,17.800,10.890,39.21,11.10,0.00,2,Cruise,196.4765
1818.0,178,17.800,10.890,39.21,11.10,0.00,2,Cruise,196.4988
1819.0,178,17.800,10.890,39.21,11.10,0.00,2,Cruise,196.5211
1820.0,178,17.800,10.890,39.21,11.10,0.00,2,Cruise,196.5434
1821.0,178,17.800,10.890,39.21,11.10,0.00,2,Cruise,196.5656
1822.0,178,17.800,10.890,39.21,11.10,0.00,2,Cruise,196.5879
1823.0,179,17.900,10.890,39.21,11.10,0.00,1,Coast,196.6102
1824.0,179,17.900,10.783,38.82,11.10,0.00,1,Coast,196.6102
1825.0,179,17.900,10.675,38.43,11.10,0.00,1,Coast,196.6102
1826.0,179,17.900,10.567,38.04,11.10,0.00,1,Coast,196.6102
1827.0,179,17.900,10.460,37.66,11.10,0.00,1,Coast,196.6102
1828.0,179,17.900,10.353,37.27,11.10,0.00,3,Power,196.6102
1829.0,179,17.900,10.845,39.04,11.10,0.00,1,Coast,197.3584
1830.0,179,17.900,10.738,38.66,11.10,0.00,1,Coast,197.3584
1831.0,179,17.900,10.630,38.27,11.10,0.00,1,Coast,197.3584
1832.0,180,18.000,10.523,37.88,11.10,0.00,1,Coast,197.3584
1833.0,180,18.000,10.281,37.01,11.10,0.00,3,Power,197.3584
1834.0,180,18.000,10.640,38.30,11.10,0.00,1,Coast,198.0968
1835.0,180,18.000,10.399,37.43,11.10,0.00,1,Coast,198.0968
1836.0,180,18.000,10.157,36.57,11.10,0.00,3,Power,198.0968
1837.0,180,18.000,10.516,37.86,11.10,0.00,1,Coast,198.8264
1838.0,180,18.000,10.275,36.99,11.10,0.00,3,Power,198.8264
1839.0,180,18.000,10.634,38.28,11.10,0.00,1,Coast,199.5644
1840.0,180,18.000,10.392,37.41,11.10,0.00,1,Coast,199.5644
1841.0,180,18.000,10.151,36.54,11.10,0.00,3,Power,199.5644
1842.0,181,18.100,10.510,37.83,11.10,0.00,1,Coast,200.2935
1843.0,181,18.100,10.453,37.63,11.10,0.00,1,Coast,200.2935
1844.0,181,18.100,10.396,37.43,11.10,0.00,1,Coast,200.2935
1845.0,181,18.100,10.339,37.22,11.10,0.00,3,Power,200.2935
1846.0,181,18.100,10.883,39.18,11.10,0.00,1,Coast,201.0426
1847.0,181,18.100,10.825,38.97,11.10,0.00,1,Coast,201.0426
1848.0,181,18.100,10.768,38.77,11.10,0.00,1,Coast,201.0426
1849.0,181,18.100,10.711,38.56,11.10,0.00,1,Coast,201.0426
1850.0,181,18.100,10.654,38.35,11.10,0.00,1,Coast,201.0426
1851.0,182,18.200,10.597,38.15,11.10,0.00,2,Cruise,201.0426
1852.0,182,18.200,10.597,38.15,11.10,0.00,2,Cruise,201.0611
1853.0,182,18.200,10.597,38.15,11.10,0.00,2,Cruise,201.0796
1854.0,182,18.200,10.597,38.15,11.10,0.00,2,Cruise,201.0981
1855.0,182,18.200,10.597,38.15,11.10,0.00,2,Cruise,201.1166
1856.0,182,18.200,10.597,38.15,11.10,0.00,2,Cruise,201.1352
1857.0,182,18.200,10.597,38.15,11.10,0.00,2,Cruise,201.1537
1858.0,182,18.200,10.597,38.15,11.10,0.00,2,Cruise,201.1722
1859.0,182,18.200,10.597,38.15,11.10,0.00,2,Cruise,201.1907
1860.0,182,18.200,10.597,38.15,11.10,0.00,2,Cruise,201.2092
1861.0,183,18.300,10.597,38.15,11.10,0.00,1,Coast,201.2278
1862.0,183,18.300,10.482,37.73,11.10,0.00,1,Coast,201.2278
1863.0,183,18.300,10.367,37.32,11.10,0.00,1,Coast,201.2278
1864.0,183,18.300,10.252,36.91,11.10,0.00,3,Power,201.2278
1865.0,183,18.300,10.737,38.65,11.10,0.00,1,Coast,201.9685
1866.0,183,18.300,10.621,38.24,11.10,0.00,1,Coast,201.9685
1867.0,183,18.300,10.506,37.82,11.10,0.00,1,Coast,201.9685
1868.0,183,18.300,10.391,37.41,11.10,0.00,1,Coast,201.9685
1869.0,183,18.300,10.276,36.99,11.10,0.00,1,Coast,201.9685
1870.0,184,18.400,10.161,36.58,11.10,0.00,2,Cruise,201.9685
1871.0,184,18.400,10.161,36.58,11.10,0.00,2,Cruise,202.0226
1872.0,184,18.400,10.161,36.58,11.10,0.00,2,Cruise,202.0767
1873.0,184,18.400,10.161,36.58,11.10,0.00,2,Cruise,202.1308
1874.0,184,18.400,10.161,36.58,11.10,0.00,2,Cruise,202.1849
1875.0,184,18.400,10.161,36.58,11.10,0.00,2,Cruise,202.2389
1876.0,184,18.400,10.161,36.58,11.10,0.00,2,Cruise,202.2930
1877.0,184,18.400,10.161,36.58,11.10,0.00,2,Cruise,202.3471
1878.0,184,18.400,10.161,36.58,11.10,0.00,2,Cruise,202.4012
1879.0,184,18.400,10.161,36.58,11.10,0.00,2,Cruise,202.4553
1880.0,185,18.500,10.161,36.58,11.10,0.00,2,Cruise,202.5094
1881.0,185,18.500,10.161,36.58,11.10,0.00,2,Cruise,202.5684
1882.0,185,18.500,10.161,36.58,11.10,0.00,2,Cruise,202.6275
1883.0,185,18.500,10.161,36.58,11.10,0.00,2,Cruise,202.6866
1884.0,185,18.500,10.161,36.58,11.10,0.00,2,Cruise,202.7456
1885.0,185,18.500,10.161,36.58,11.10,0.00,2,Cruise,202.8047
1886.0,185,18.500,10.161,36.58,11.10,0.00,2,Cruise,202.8638
1887.0,185,18.500,10.161,36.58,11.10,0.00,2,Cruise,202.9228
1888.0,185,18.500,10.161,36.58,11.10,0.00,2,Cruise,202.9819
1889.0,185,18.500,10.161,36.58,11.10,0.00,2,Cruise,203.0410
1890.0,186,18.600,10.161,36.58,11.10,0.00,3,Power,203.1000
1891.0,186,18.600,10.569,38.05,11.10,0.00,3,Power,203.8317
1892.0,186,18.600,10.977,39.52,11.10,0.00,3,Power,204.5922
1893.0,186,18.600,11.385,40.99,11.10,0.29,3,Power,205.3814
1894.0,186,18.600,11.793,42.45,11.10,0.69,2,Cruise,206.1995
1895.0,186,18.600,11.793,42.45,11.10,0.69,2,Cruise,206.4673
1896.0,186,18.600,11.793,42.45,11.10,0.69,2,Cruise,206.7350
1897.0,186,18.600,11.793,42.45,11.10,0.69,2,Cruise,207.0028
1898.0,186,18.600,11.793,42.45,11.10,0.69,2,Cruise,207.2706
1899.0,187,18.700,11.793,42.45,11.10,0.69,2,Cruise,207.5383
1900.0,187,18.700,11.793,42.45,11.10,0.69,2,Cruise,207.5632
1901.0,187,18.700,11.793,42.45,11.10,0.69,2,Cruise,207.5881
1902.0,187,18.700,11.793,42.45,11.10,0.69,2,Cruise,207.6130
1903.0,187,18.700,11.793,42.45,11.10,0.69,2,Cruise,207.6379
1904.0,187,18.700,11.793,42.45,11.10,0.69,2,Cruise,207.6628
1905.0,187,18.700,11.793,42.45,11.10,0.69,2,Cruise,207.6877
1906.0,187,18.700,11.793,42.45,11.10,0.69,2,Cruise,207.7126
1907.0,188,18.800,11.793,42.45,11.10,0.69,2,Cruise,207.7375
1908.0,188,18.800,11.793,42.45,11.10,0.69,2,Cruise,208.0018
1909.0,188,18.800,11.793,42.45,11.10,0.69,2,Cruise,208.2662
1910.0,188,18.800,11.793,42.45,11.10,0.69,2,Cruise,208.5306
1911.0,188,18.800,11.793,42.45,11.10,0.69,2,Cruise,208.7949
1912.0,188,18.800,11.793,42.45,11.10,0.69,2,Cruise,209.0593
1913.0,188,18.800,11.793,42.45,11.10,0.69,2,Cruise,209.3236
1914.0,188,18.800,11.793,42.45,11.10,0.69,2,Cruise,209.5880
1915.0,188,18.800,11.793,42.45,11.10,0.69,2,Cruise,209.8523
1916.0,189,18.900,11.793,42.45,11.10,0.69,2,Cruise,210.1167
1917.0,189,18.900,11.793,42.45,11.10,0.69,2,Cruise,210.3480
1918.0,189,18.900,11.793,42.45,11.10,0.69,2,Cruise,210.5794
1919.0,189,18.900,11.793,42.45,11.10,0.69,2,Cruise,210.8107
1920.0,189,18.900,11.793,42.45,11.10,0.69,2,Cruise,211.0420
1921.0,189,18.900,11.793,42.45,11.10,0.69,2,Cruise,211.2734
1922.0,189,18.900,11.793,42.45,11.10,0.69,2,Cruise,211.5047
1923.0,189,18.900,11.793,42.45,11.10,0.69,2,Cruise,211.7361
1924.0,190,19.000,11.793,42.45,11.10,0.69,2,Cruise,211.9674
1925.0,190,19.000,11.793,42.45,11.10,0.69,2,Cruise,212.1213
1926.0,190,19.000,11.793,42.45,11.10,0.69,2,Cruise,212.2751
1927.0,190,19.000,11.793,42.45,11.10,0.69,2,Cruise,212.4290
1928.0,190,19.000,11.793,42.45,11.10,0.69,2,Cruise,212.5828
1929.0,190,19.000,11.793,42.45,11.10,0.69,2,Cruise,212.7367
1930.0,190,19.000,11.793,42.45,11.10,0.69,2,Cruise,212.8906
1931.0,190,19.000,11.793,42.45,11.10,0.69,2,Cruise,213.0444
1932.0,190,19.000,11.793,42.45,11.10,0.69,2,Cruise,213.1983
1933.0,191,19.100,11.793,42.45,11.10,0.69,1,Coast,213.3522
1934.0,191,19.100,11.712,42.16,11.10,0.61,1,Coast,213.3522
1935.0,191,19.100,11.631,41.87,11.10,0.53,1,Coast,213.3522
1936.0,191,19.100,11.550,41.58,11.10,0.45,1,Coast,213.3522
1937.0,191,19.100,11.469,41.29,11.10,0.37,1,Coast,213.3522
1938.0,191,19.100,11.388,41.00,11.10,0.29,1,Coast,213.3522
1939.0,191,19.100,11.307,40.71,11.10,0.21,1,Coast,213.3522
1940.0,191,19.100,11.227,40.42,11.10,0.13,1,Coast,213.3522
1941.0,191,19.100,11.146,40.13,11.10,0.05,1,Coast,213.3522
1942.0,192,19.200,11.066,39.84,11.10,0.00,1,Coast,213.3522
1943.0,192,19.200,10.985,39.55,11.10,0.00,1,Coast,213.3522
1944.0,192,19.200,10.905,39.26,11.10,0.00,1,Coast,213.3522
1945.0,192,19.200,10.825,38.97,11.10,0.00,1,Coast,213.3522
1946.0,192,19.200,10.745,38.68,11.10,0.00,1,Coast,213.3522
1947.0,192,19.200,10.665,38.39,11.10,0.00,1,Coast,213.3522
1948.0,192,19.200,10.585,38.11,11.10,0.00,1,Coast,213.3522
1949.0,192,19.200,10.505,37.82,11.10,0.00,1,Coast,213.3522
1950.0,192,19.200,10.425,37.53,11.10,0.00,1,Coast,213.3522
1951.0,193,19.300,10.346,37.24,11.10,0.00,1,Coast,213.3522
1952.0,193,19.300,10.303,37.09,11.10,0.00,1,Coast,213.3522
1953.0,193,19.300,10.261,36.94,11.10,0.00,1,Coast,213.3522
1954.0,193,19.300,10.219,36.79,11.10,0.00,1,Coast,213.3522
1955.0,193,19.300,10.177,36.64,11.10,0.00,1,Coast,213.3522
1956.0,193,19.300,10.135,36.49,11.10,0.00,1,Coast,213.3522
1957.0,193,19.300,10.093,36.33,11.10,0.00,1,Coast,213.3522
1958.0,193,19.300,10.051,36.18,11.10,0.00,1,Coast,213.3522
1959.0,193,19.300,10.009,36.03,11.10,0.00,1,Coast,213.3522
1960.0,193,19.300,9.967,35.88,11.10,0.00,1,Coast,213.3522
1961.0,194,19.400,9.925,35.73,11.10,0.00,2,Cruise,213.3522
1962.0,194,19.400,9.977,35.92,11.10,0.00,2,Cruise,213.3522
1963.0,194,19.400,10.028,36.10,11.10,0.00,2,Cruise,213.3522
1964.0,194,19.400,10.080,36.29,11.10,0.00,2,Cruise,213.3522
1965.0,194,19.400,10.131,36.47,11.10,0.00,2,Cruise,213.3522
1966.0,194,19.400,10.182,36.66,11.10,0.00,2,Cruise,213.3522
1967.0,194,19.400,10.234,36.84,11.10,0.00,2,Cruise,213.3522
1968.0,194,19.400,10.285,37.03,11.10,0.00,2,Cruise,213.3522
1969.0,194,19.400,10.336,37.21,11.10,0.00,2,Cruise,213.3522
1970.0,194,19.400,10.387,37.39,11.10,0.00,2,Cruise,213.3522
1971.0,195,19.500,10.438,37.58,11.10,0.00,2,Cruise,213.3522
1972.0,195,19.500,10.465,37.67,11.10,0.00,2,Cruise,213.3522
1973.0,195,19.500,10.492,37.77,11.10,0.00,2,Cruise,213.3522
1974.0,195,19.500,10.519,37.87,11.10,0.00,2,Cruise,213.3522
1975.0,195,19.500,10.546,37.97,11.10,0.00,2,Cruise,213.3522
1976.0,195,19.500,10.573,38.06,11.10,0.00,2,Cruise,213.3522
1977.0,195,19.500,10.600,38.16,11.10,0.00,2,Cruise,213.3522
1978.0,195,19.500,10.627,38.26,11.10,0.00,2,Cruise,213.3522
1979.0,195,19.500,10.654,38.35,11.10,0.00,2,Cruise,213.3522
1980.0,196,19.600,10.681,38.45,11.10,0.00,0,Brake,213.3522
1981.0,196,19.600,9.884,35.58,11.10,0.00,2,Cruise,213.3522
1982.0,196,19.600,9.888,35.60,11.10,0.00,2,Cruise,213.3522
1983.0,196,19.600,9.892,35.61,11.10,0.00,2,Cruise,213.3522
1984.0,196,19.600,9.896,35.63,11.10,0.00,2,Cruise,213.3522
1985.0,196,19.600,9.900,35.64,11.10,0.00,2,Cruise,213.3522
1986.0,196,19.600,9.905,35.66,11.10,0.00,2,Cruise,213.3522
1987.0,196,19.600,9.909,35.67,11.10,0.00,2,Cruise,213.3522
1988.0,196,19.600,9.913,35.69,11.10,0.00,2,Cruise,213.3522
1989.0,196,19.600,9.917,35.70,11.10,0.00,2,Cruise,213.3522
1990.0,197,19.700,9.921,35.71,11.10,0.00,0,Brake,213.3522
1991.0,197,19.700,9.124,32.84,11.10,0.00,1,Coast,213.3522
1992.0,197,19.700,9.127,32.86,11.10,0.00,1,Coast,213.3522
1993.0,197,19.700,9.131,32.87,11.10,0.00,1,Coast,213.3522
1994.0,197,19.700,9.134,32.88,11.10,0.00,1,Coast,213.3522
1995.0,197,19.700,9.138,32.90,11.10,0.00,1,Coast,213.3522
1996.0,197,19.700,9.142,32.91,11.10,0.00,1,Coast,213.3522
1997.0,197,19.700,9.145,32.92,11.10,0.00,1,Coast,213.3522
1998.0,197,19.700,9.149,32.94,11.10,0.00,1,Coast,213.3522
1999.0,197,19.700,9.152,32.95,11.10,0.00,1,Coast,213.3522
2000.0,197,19.700,9.156,32.96,11.10,0.00,1,Coast,213.3522
2001.0,198,19.800,9.159,32.97,11.10,0.00,2,Cruise,213.3522
2002.0,198,19.800,9.292,33.45,11.10,0.00,2,Cruise,213.3522
2003.0,198,19.800,9.425,33.93,11.10,0.00,2,Cruise,213.3522
2004.0,198,19.800,9.557,34.41,11.10,0.00,0,Brake,213.3522
2005.0,198,19.800,8.890,32.00,11.10,0.00,2,Cruise,213.3522
2006.0,198,19.800,9.023,32.48,11.10,0.00,2,Cruise,213.3522
2007.0,198,19.800,9.156,32.96,11.10,0.00,2,Cruise,213.3522
2008.0,198,19.800,9.289,33.44,11.10,0.00,2,Cruise,213.3522
2009.0,198,19.800,9.421,33.92,11.10,0.00,2,Cruise,213.3522
2010.0,198,19.800,9.554,34.39,11.10,0.00,0,Brake,213.3522
2011.0,198,19.800,8.886,31.99,11.10,0.00,2,Cruise,213.3522
2012.0,199,19.900,9.019,32.47,11.10,0.00,0,Brake,213.3522
2013.0,199,19.900,8.330,29.99,11.10,0.00,0,Brake,213.3522
2014.0,199,19.900,7.641,27.51,11.10,0.00,2,Cruise,213.3522
2015.0,199,19.900,7.753,27.91,11.10,0.00,2,Cruise,213.3522
2016.0,199,19.900,7.865,28.31,11.10,0.00,2,Cruise,213.3522
2017.0,199,19.900,7.977,28.72,11.10,0.00,2,Cruise,213.3522
2018.0,199,19.900,8.089,29.12,11.10,0.00,2,Cruise,213.3522
2019.0,199,19.900,8.200,29.52,11.10,0.00,2,Cruise,213.3522
2020.0,199,19.900,8.312,29.92,11.10,0.00,0,Brake,213.3522
2021.0,199,19.900,7.623,27.44,11.10,0.00,2,Cruise,213.3522
2022.0,199,19.900,7.735,27.85,11.10,0.00,2,Cruise,213.3522
2023.0,199,19.900,7.847,28.25,11.10,0.00,2,Cruise,213.3522
2024.0,200,20.000,7.959,28.65,11.10,0.00,0,Brake,213.3522
2025.0,200,20.000,7.232,26.04,11.10,0.00,2,Cruise,213.3522
2026.0,200,20.000,7.306,26.30,11.10,0.00,2,Cruise,213.3522
2027.0,200,20.000,7.380,26.57,11.10,0.00,2,Cruise,213.3522
2028.0,200,20.000,7.454,26.83,11.10,0.00,2,Cruise,213.3522
2029.0,200,20.000,7.527,27.10,11.10,0.00,2,Cruise,213.3522
2030.0,200,20.000,7.601,27.36,11.10,0.00,2,Cruise,213.3522
2031.0,200,20.000,7.674,27.63,11.10,0.00,2,Cruise,213.3522
2032.0,200,20.000,7.748,27.89,11.10,0.00,2,Cruise,213.3522
2033.0,200,20.000,7.821,28.16,11.10,0.00,2,Cruise,213.3522
2034.0,200,20.000,7.895,28.42,11.10,0.00,2,Cruise,213.3522
2035.0,200,20.000,7.968,28.69,11.10,0.00,0,Brake,213.3522
2036.0,200,20.000,7.241,26.07,11.10,0.00,2,Cruise,213.3522
2037.0,201,20.100,7.315,26.34,11.10,0.00,0,Brake,213.3522
2038.0,201,20.100,6.590,23.72,11.10,0.00,2,Cruise,213.3522
2039.0,201,20.100,6.665,23.99,11.10,0.00,2,Cruise,213.3522
2040.0,201,20.100,6.739,24.26,11.10,0.00,2,Cruise,213.3522
2041.0,201,20.100,6.814,24.53,11.10,0.00,2,Cruise,213.3522
2042.0,201,20.100,6.889,24.80,11.10,0.00,2,Cruise,213.3522
2043.0,201,20.100,6.963,25.07,11.10,0.00,2,Cruise,213.3522
2044.0,201,20.100,7.038,25.34,11.10,0.00,2,Cruise,213.3522
2045.0,201,20.100,7.113,25.61,11.10,0.00,2,Cruise,213.3522
2046.0,201,20.100,7.187,25.87,11.10,0.00,0,Brake,213.3522
2047.0,201,20.100,6.462,23.26,11.10,0.00,2,Cruise,213.3522
2048.0,201,20.100,6.537,23.53,11.10,0.00,2,Cruise,213.3522
2049.0,201,20.100,6.611,23.80,11.10,0.00,2,Cruise,213.3522
2050.0,201,20.100,6.686,24.07,11.10,0.00,2,Cruise,213.3522
2051.0,201,20.100,6.761,24.34,11.10,0.00,2,Cruise,213.3522
2052.0,202,20.200,6.836,24.61,11.10,0.00,2,Cruise,213.3522
2053.0,202,20.200,6.887,24.79,11.10,0.00,2,Cruise,213.3522
2054.0,202,20.200,6.938,24.98,11.10,0.00,2,Cruise,213.3522
2055.0,202,20.200,6.989,25.16,11.10,0.00,2,Cruise,213.3522
2056.0,202,20.200,7.040,25.34,11.10,0.00,2,Cruise,213.3522
2057.0,202,20.200,7.091,25.53,11.10,0.00,2,Cruise,213.3522
2058.0,202,20.200,7.142,25.71,11.10,0.00,2,Cruise,213.3522
2059.0,202,20.200,7.193,25.89,11.10,0.00,2,Cruise,213.3522
2060.0,202,20.200,7.244,26.08,11.10,0.00,2,Cruise,213.3522
2061.0,202,20.200,7.294,26.26,11.10,0.00,2,Cruise,213.3522
2062.0,202,20.200,7.345,26.44,11.10,0.00,2,Cruise,213.3522
2063.0,202,20.200,7.396,26.63,11.10,0.00,0,Brake,213.3522
2064.0,202,20.200,6.647,23.93,11.10,0.00,2,Cruise,213.3522
2065.0,202,20.200,6.698,24.11,11.10,0.00,2,Cruise,213.3522
2066.0,203,20.300,6.749,24.30,1.00,0.00,1,Coast,213.3522
2067.0,203,20.300,6.888,24.80,1.00,0.00,1,Coast,213.3522
2068.0,203,20.300,7.026,25.29,1.00,0.00,1,Coast,213.3522
2069.0,203,20.300,7.165,25.79,1.00,0.00,1,Coast,213.3522
2070.0,203,20.300,7.303,26.29,1.00,0.00,1,Coast,213.3522
2071.0,203,20.300,7.441,26.79,1.00,0.00,1,Coast,213.3522
2072.0,203,20.300,7.579,27.28,1.00,0.00,1,Coast,213.3522
2073.0,203,20.300,7.717,27.78,1.00,0.00,1,Coast,213.3522
2074.0,203,20.300,7.855,28.28,1.00,0.00,1,Coast,213.3522
2075.0,203,20.300,7.993,28.77,1.00,0.00,1,Coast,213.3522
2076.0,203,20.300,8.130,29.27,1.00,0.00,1,Coast,213.3522
2077.0,203,20.300,8.268,29.76,1.00,0.00,1,Coast,213.3522
2078.0,203,20.300,8.405,30.26,1.00,0.00,1,Coast,213.3522
2079.0,204,20.400,8.543,30.75,16.60,0.00,3,Power,213.3522
2080.0,204,20.400,9.143,32.91,16.60,0.00,3,Power,214.3988
2081.0,204,20.400,9.743,35.07,16.60,0.00,3,Power,215.4431
2082.0,204,20.400,10.343,37.23,16.60,0.00,3,Power,216.4853
2083.0,204,20.400,10.905,39.26,16.60,0.00,3,Power,217.2352
2084.0,204,20.400,11.467,41.28,16.60,0.00,3,Power,218.0249
2085.0,204,20.400,12.029,43.30,16.60,0.00,3,Power,218.8541
2086.0,204,20.400,12.590,45.32,16.60,0.00,3,Power,219.7230
2087.0,204,20.400,13.150,47.34,16.60,0.00,3,Power,220.6315
2088.0,205,20.500,13.710,49.35,16.60,0.00,2,Cruise,221.5795
2089.0,205,20.500,13.774,49.59,16.60,0.00,2,Cruise,221.5795
2090.0,205,20.500,13.838,49.82,16.60,0.00,2,Cruise,221.5795
2091.0,205,20.500,13.902,50.05,16.60,0.00,2,Cruise,221.5795
2092.0,205,20.500,13.966,50.28,16.60,0.00,2,Cruise,221.5795
2093.0,205,20.500,14.030,50.51,16.60,0.00,2,Cruise,221.5795
2094.0,205,20.500,14.093,50.74,16.60,0.00,2,Cruise,221.5795
2095.0,205,20.500,14.157,50.97,16.60,0.00,2,Cruise,221.5795
2096.0,206,20.600,14.221,51.20,16.60,0.00,3,Power,221.5795
2097.0,206,20.600,14.682,52.86,16.60,0.00,1,Coast,222.5996
2098.0,206,20.600,14.544,52.36,16.60,0.00,3,Power,222.5996
2099.0,206,20.600,14.996,53.98,16.60,0.00,1,Coast,223.6264
2100.0,206,20.600,14.856,53.48,16.60,0.00,1,Coast,223.6264
2101.0,206,20.600,14.717,52.98,16.60,0.00,1,Coast,223.6264
2102.0,207,20.700,14.578,52.48,16.60,0.00,3,Power,223.6264
2103.0,207,20.700,15.123,54.44,16.60,0.00,3,Power,224.6564
2104.0,207,20.700,15.646,56.33,16.60,0.00,2,Cruise,225.6850
2105.0,207,20.700,15.646,56.33,16.60,0.00,2,Cruise,225.7696
2106.0,207,20.700,15.646,56.33,16.60,0.00,2,Cruise,225.8541
2107.0,207,20.700,15.646,56.33,16.60,0.00,2,Cruise,225.9387
2108.0,207,20.700,15.646,56.33,16.60,0.00,2,Cruise,226.0232
2109.0,208,20.800,15.646,56.33,16.60,0.00,1,Coast,226.1078
2110.0,208,20.800,15.460,55.66,16.60,0.00,1,Coast,226.1078
2111.0,208,20.800,15.274,54.99,16.60,0.00,1,Coast,226.1078
2112.0,208,20.800,15.089,54.32,16.60,0.00,1,Coast,226.1078
2113.0,208,20.800,14.903,53.65,16.60,0.00,1,Coast,226.1078
2114.0,208,20.800,14.718,52.99,16.60,0.00,1,Coast,226.1078
2115.0,209,20.900,14.533,52.32,16.60,0.00,1,Coast,226.1078
2116.0,209,20.900,14.405,51.86,16.60,0.00,3,Power,226.1078
2117.0,209,20.900,14.874,53.55,16.60,0.00,1,Coast,227.1353
2118.0,209,20.900,14.745,53.08,16.60,0.00,1,Coast,227.1353
2119.0,209,20.900,14.617,52.62,16.60,0.00,1,Coast,227.1353
2120.0,209,20.900,14.488,52.16,16.60,0.00,3,Power,227.1353
2121.0,209,20.900,14.954,53.83,16.60,0.00,1,Coast,228.1627
2122.0,210,21.000,14.825,53.37,16.60,0.00,1,Coast,228.1627
2123.0,210,21.000,14.637,52.69,16.60,0.00,1,Coast,228.1627
2124.0,210,21.000,14.450,52.02,16.60,0.00,1,Coast,228.1627
2125.0,210,21.000,14.263,51.35,16.60,0.00,1,Coast,228.1627
2126.0,210,21.000,14.076,50.67,16.60,0.00,3,Power,228.1627
2127.0,210,21.000,14.489,52.16,16.60,0.00,1,Coast,229.1709
2128.0,210,21.000,14.302,51.49,16.60,0.00,1,Coast,229.1709
2129.0,211,21.100,14.115,50.82,16.60,0.00,3,Power,229.1709
2130.0,211,21.100,14.627,52.66,16.60,0.00,3,Power,230.1853
2131.0,211,21.100,15.126,54.45,16.60,0.00,1,Coast,231.2137
2132.0,211,21.100,15.036,54.13,16.60,0.00,3,Power,231.2137
2133.0,211,21.100,15.518,55.87,16.60,0.00,1,Coast,232.2410
2134.0,211,21.100,15.428,55.54,16.60,0.00,1,Coast,232.2410
2135.0,211,21.100,15.339,55.22,16.60,0.00,1,Coast,232.2410
2136.0,212,21.200,15.249,54.90,16.60,0.00,1,Coast,232.2410
2137.0,212,21.200,15.115,54.41,16.60,0.00,1,Coast,232.2410
2138.0,212,21.200,14.981,53.93,16.60,0.00,1,Coast,232.2410
2139.0,212,21.200,14.847,53.45,16.60,0.00,1,Coast,232.2410
2140.0,212,21.200,14.713,52.97,16.60,0.00,1,Coast,232.2410
2141.0,212,21.200,14.579,52.49,16.60,0.00,1,Coast,232.2410
2142.0,212,21.200,14.446,52.01,16.60,0.00,3,Power,232.2410
2143.0,213,21.300,14.908,53.67,16.60,0.00,3,Power,233.2683
2144.0,213,21.300,15.453,55.63,16.60,0.00,2,Cruise,234.2979
2145.0,213,21.300,15.453,55.63,16.60,0.00,2,Cruise,234.3555
2146.0,213,21.300,15.453,55.63,16.60,0.00,2,Cruise,234.4132
2147.0,213,21.300,15.453,55.63,16.60,0.00,2,Cruise,234.4709
2148.0,213,21.300,15.453,55.63,16.60,0.00,2,Cruise,234.5286
2149.0,214,21.400,15.453,55.63,16.60,0.00,1,Coast,234.5863
2150.0,214,21.400,15.288,55.04,16.60,0.00,1,Coast,234.5863
2151.0,214,21.400,15.123,54.44,16.60,0.00,1,Coast,234.5863
2152.0,214,21.400,14.958,53.85,16.60,0.00,1,Coast,234.5863
2153.0,214,21.400,14.794,53.26,16.60,0.00,1,Coast,234.5863
2154.0,214,21.400,14.629,52.67,16.60,0.00,1,Coast,234.5863
2155.0,214,21.400,14.465,52.07,16.60,0.00,1,Coast,234.5863
2156.0,215,21.500,14.301,51.48,16.60,0.00,1,Coast,234.5863
2157.0,215,21.500,14.095,50.74,16.60,0.00,1,Coast,234.5863
2158.0,215,21.500,13.890,50.00,16.60,0.00,1,Coast,234.5863
2159.0,215,21.500,13.685,49.27,16.60,0.00,3,Power,234.5863
2160.0,215,21.500,14.080,50.69,16.60,0.00,1,Coast,235.5663
2161.0,215,21.500,13.875,49.95,16.60,0.00,1,Coast,235.5663
2162.0,215,21.500,13.670,49.21,16.60,0.00,3,Power,235.5663
2163.0,216,21.600,14.066,50.64,16.60,0.00,3,Power,236.5452
2164.0,216,21.600,14.661,52.78,16.60,0.00,2,Cruise,237.5591
2165.0,216,21.600,14.661,52.78,16.60,0.00,2,Cruise,237.5679
2166.0,216,21.600,14.661,52.78,16.60,0.00,2,Cruise,237.5767
2167.0,216,21.600,14.661,52.78,16.60,0.00,2,Cruise,237.5856
2168.0,216,21.600,14.661,52.78,16.60,0.00,2,Cruise,237.5944
2169.0,216,21.600,14.661,52.78,16.60,0.00,2,Cruise,237.6032
2170.0,217,21.700,14.661,52.78,16.60,0.00,2,Cruise,237.6120
2171.0,217,21.700,14.667,52.80,16.60,0.00,2,Cruise,237.6120
2172.0,217,21.700,14.673,52.82,16.60,0.00,2,Cruise,237.6120
2173.0,217,21.700,14.678,52.84,16.60,0.00,2,Cruise,237.6120
2174.0,217,21.700,14.684,52.86,16.60,0.00,2,Cruise,237.6120
2175.0,217,21.700,14.690,52.88,16.60,0.00,2,Cruise,237.6120
2176.0,217,21.700,14.696,52.90,16.60,0.00,2,Cruise,237.6120
2177.0,218,21.800,14.701,52.93,16.60,0.00,1,Coast,237.6120
2178.0,218,21.800,14.623,52.64,16.60,0.00,1,Coast,237.6120
2179.0,218,21.800,14.545,52.36,16.60,0.00,1,Coast,237.6120
2180.0,218,21.800,14.467,52.08,16.60,0.00,1,Coast,237.6120
2181.0,218,21.800,14.389,51.80,16.60,0.00,3,Power,237.6120
2182.0,218,21.800,14.909,53.67,16.60,0.00,1,Coast,238.6414
2183.0,219,21.900,14.830,53.39,16.60,0.00,2,Cruise,238.6414
2184.0,219,21.900,14.830,53.39,16.60,0.00,2,Cruise,238.7327
2185.0,219,21.900,14.830,53.39,16.60,0.00,2,Cruise,238.8241
2186.0,219,21.900,14.830,53.39,16.60,0.00,2,Cruise,238.9154
2187.0,219,21.900,14.830,53.39,16.60,0.00,2,Cruise,239.0068
2188.0,219,21.900,14.830,53.39,16.60,0.00,2,Cruise,239.0981
2189.0,219,21.900,14.830,53.39,16.60,0.00,2,Cruise,239.1894
2190.0,220,22.000,14.830,53.39,16.60,0.00,2,Cruise,239.2808
2191.0,220,22.000,14.830,53.39,16.60,0.00,2,Cruise,239.3242
2192.0,220,22.000,14.830,53.39,16.60,0.00,2,Cruise,239.3677
2193.0,220,22.000,14.830,53.39,16.60,0.00,2,Cruise,239.4112
2194.0,220,22.000,14.830,53.39,16.60,0.00,2,Cruise,239.4546
2195.0,220,22.000,14.830,53.39,16.60,0.00,2,Cruise,239.4981
2196.0,220,22.000,14.830,53.39,16.60,0.00,2,Cruise,239.5415
2197.0,221,22.100,14.830,53.39,16.60,0.00,2,Cruise,239.5850
2198.0,221,22.100,14.830,53.39,16.60,0.00,2,Cruise,239.7487
2199.0,221,22.100,14.830,53.39,16.60,0.00,2,Cruise,239.9124
2200.0,221,22.100,14.830,53.39,16.60,0.00,2,Cruise,240.0760
2201.0,221,22.100,14.830,53.39,16.60,0.00,2,Cruise,240.2397
2202.0,221,22.100,14.830,53.39,16.60,0.00,2,Cruise,240.4034
2203.0,221,22.100,14.830,53.39,16.60,0.00,2,Cruise,240.5670
2204.0,222,22.200,14.830,53.39,16.60,0.00,2,Cruise,240.7307
2205.0,222,22.200,14.840,53.43,16.60,0.00,2,Cruise,240.7307
2206.0,222,22.200,14.851,53.46,16.60,0.00,2,Cruise,240.7307
2207.0,222,22.200,14.861,53.50,16.60,0.00,2,Cruise,240.7307
2208.0,222,22.200,14.871,53.54,16.60,0.00,2,Cruise,240.7307
2209.0,222,22.200,14.881,53.57,16.60,0.00,2,Cruise,240.7307
2210.0,223,22.300,14.891,53.61,16.60,0.00,2,Cruise,240.7307
2211.0,223,22.300,14.891,53.61,16.60,0.00,2,Cruise,240.8728
2212.0,223,22.300,14.891,53.61,16.60,0.00,2,Cruise,241.0149
2213.0,223,22.300,14.891,53.61,16.60,0.00,2,Cruise,241.1571
2214.0,223,22.300,14.891,53.61,16.60,0.00,2,Cruise,241.2992
2215.0,223,22.300,14.891,53.61,16.60,0.00,2,Cruise,241.4413
2216.0,223,22.300,14.891,53.61,16.60,0.00,2,Cruise,241.5834
2217.0,224,22.400,14.891,53.61,16.60,0.00,2,Cruise,241.7255
2218.0,224,22.400,14.891,53.61,16.60,0.00,2,Cruise,241.7893
2219.0,224,22.400,14.891,53.61,16.60,0.00,2,Cruise,241.8530
2220.0,224,22.400,14.891,53.61,16.60,0.00,2,Cruise,241.9168
2221.0,224,22.400,14.891,53.61,16.60,0.00,2,Cruise,241.9805
2222.0,224,22.400,14.891,53.61,16.60,0.00,2,Cruise,242.0443
2223.0,224,22.400,14.891,53.61,16.60,0.00,2,Cruise,242.1080
2224.0,225,22.500,14.891,53.61,16.60,0.00,2,Cruise,242.1718
2225.0,225,22.500,14.891,53.61,16.60,0.00,2,Cruise,242.3547
2226.0,225,22.500,14.891,53.61,16.60,0.00,2,Cruise,242.5377
2227.0,225,22.500,14.891,53.61,16.60,0.00,2,Cruise,242.7207
2228.0,225,22.500,14.891,53.61,16.60,0.00,2,Cruise,242.9037
2229.0,225,22.500,14.891,53.61,16.60,0.00,2,Cruise,243.0867
2230.0,225,22.500,14.891,53.61,16.60,0.00,2,Cruise,243.2696
2231.0,226,22.600,14.891,53.61,16.60,0.00,2,Cruise,243.4526
2232.0,226,22.600,14.891,53.61,16.60,0.00,2,Cruise,243.5634
2233.0,226,22.600,14.891,53.61,16.60,0.00,2,Cruise,243.6741
2234.0,226,22.600,14.891,53.61,16.60,0.00,2,Cruise,243.7848
2235.0,226,22.600,14.891,53.61,16.60,0.00,2,Cruise,243.8956
2236.0,226,22.600,14.891,53.61,16.60,0.00,2,Cruise,244.0063
2237.0,227,22.700,14.891,53.61,16.60,0.00,2,Cruise,244.1171
2238.0,227,22.700,14.907,53.67,16.60,0.00,2,Cruise,244.1171
2239.0,227,22.700,14.923,53.72,16.60,0.00,2,Cruise,244.1171
2240.0,227,22.700,14.939,53.78,16.60,0.00,2,Cruise,244.1171
2241.0,227,22.700,14.954,53.84,16.60,0.00,2,Cruise,244.1171
2242.0,227,22.700,14.970,53.89,16.60,0.00,2,Cruise,244.1171
2243.0,227,22.700,14.986,53.95,16.60,0.00,2,Cruise,244.1171
2244.0,228,22.800,15.001,54.01,16.60,0.00,2,Cruise,244.1171
2245.0,228,22.800,15.001,54.01,16.60,0.00,2,Cruise,244.2546
2246.0,228,22.800,15.001,54.01,16.60,0.00,2,Cruise,244.3922
2247.0,228,22.800,15.001,54.01,16.60,0.00,2,Cruise,244.5297
2248.0,228,22.800,15.001,54.01,16.60,0.00,2,Cruise,244.6672
2249.0,228,22.800,15.001,54.01,16.60,0.00,2,Cruise,244.8048
2250.0,228,22.800,15.001,54.01,16.60,0.00,2,Cruise,244.9423
2251.0,229,22.900,15.001,54.01,16.60,0.00,2,Cruise,245.0799
2252.0,229,22.900,15.001,54.01,16.60,0.00,2,Cruise,245.2201
2253.0,229,22.900,15.001,54.01,16.60,0.00,2,Cruise,245.3603
2254.0,229,22.900,15.001,54.01,16.60,0.00,2,Cruise,245.5005
2255.0,229,22.900,15.001,54.01,16.60,0.00,2,Cruise,245.6407
2256.0,229,22.900,15.001,54.01,16.60,0.00,2,Cruise,245.7809
2257.0,230,23.000,15.001,54.01,16.60,0.00,2,Cruise,245.9212
2258.0,230,23.000,15.001,54.01,16.60,0.00,2,Cruise,246.1039
2259.0,230,23.000,15.001,54.01,16.60,0.00,2,Cruise,246.2866
2260.0,230,23.000,15.001,54.01,16.60,0.00,2,Cruise,246.4693
2261.0,230,23.000,15.001,54.01,16.60,0.00,2,Cruise,246.6520
2262.0,230,23.000,15.001,54.01,16.60,0.00,2,Cruise,246.8347
2263.0,230,23.000,15.001,54.01,16.60,0.00,2,Cruise,247.0174
2264.0,231,23.100,15.001,54.01,16.60,0.00,2,Cruise,247.2001
2265.0,231,23.100,15.001,54.01,16.60,0.00,2,Cruise,247.2691
2266.0,231,23.100,15.001,54.01,16.60,0.00,2,Cruise,247.3381
2267.0,231,23.100,15.001,54.01,16.60,0.00,2,Cruise,247.4072
2268.0,231,23.100,15.001,54.01,16.60,0.00,2,Cruise,247.4762
2269.0,231,23.100,15.001,54.01,16.60,0.00,2,Cruise,247.5452
2270.0,231,23.100,15.001,54.01,16.60,0.00,2,Cruise,247.6143
2271.0,232,23.200,15.001,54.01,16.60,0.00,2,Cruise,247.6833
2272.0,232,23.200,15.001,54.01,16.60,0.00,2,Cruise,247.8544
2273.0,232,23.200,15.001,54.01,16.60,0.00,2,Cruise,248.0255
2274.0,232,23.200,15.001,54.01,16.60,0.00,2,Cruise,248.1966
2275.0,232,23.200,15.001,54.01,16.60,0.00,2,Cruise,248.3677
2276.0,232,23.200,15.001,54.01,16.60,0.00,2,Cruise,248.5388
2277.0,233,23.300,15.001,54.01,16.60,0.00,2,Cruise,248.7099
2278.0,233,23.300,15.001,54.01,16.60,0.00,2,Cruise,248.8745
2279.0,233,23.300,15.001,54.01,16.60,0.00,2,Cruise,249.0391
2280.0,233,23.300,15.001,54.01,16.60,0.00,2,Cruise,249.2038
2281.0,233,23.300,15.001,54.01,16.60,0.00,2,Cruise,249.3684
2282.0,233,23.300,15.001,54.01,16.60,0.00,2,Cruise,249.5331
2283.0,233,23.300,15.001,54.01,16.60,0.00,2,Cruise,249.6977
2284.0,234,23.400,15.001,54.01,16.60,0.00,1,Coast,249.8623
2285.0,234,23.400,14.855,53.48,16.60,0.00,1,Coast,249.8623
2286.0,234,23.400,14.709,52.95,16.60,0.00,1,Coast,249.8623
2287.0,234,23.400,14.563,52.43,16.60,0.00,1,Coast,249.8623
2288.0,234,23.400,14.417,51.90,16.60,0.00,1,Coast,249.8623
2289.0,234,23.400,14.272,51.38,16.60,0.00,1,Coast,249.8623
2290.0,234,23.400,14.126,50.86,16.60,0.00,1,Coast,249.8623
2291.0,235,23.500,13.981,50.33,16.60,0.00,2,Cruise,249.8623
2292.0,235,23.500,13.981,50.33,16.60,0.00,2,Cruise,249.9733
2293.0,235,23.500,13.981,50.33,16.60,0.00,2,Cruise,250.0843
2294.0,235,23.500,13.981,50.33,16.60,0.00,2,Cruise,250.1953
2295.0,235,23.500,13.981,50.33,16.60,0.00,2,Cruise,250.3063
2296.0,235,23.500,13.981,50.33,16.60,0.00,2,Cruise,250.4173
2297.0,235,23.500,13.981,50.33,16.60,0.00,2,Cruise,250.5282
2298.0,236,23.600,13.981,50.33,16.60,0.00,2,Cruise,250.6392
2299.0,236,23.600,13.981,50.33,16.60,0.00,2,Cruise,250.6863
2300.0,236,23.600,13.981,50.33,16.60,0.00,2,Cruise,250.7334
2301.0,236,23.600,13.981,50.33,16.60,0.00,2,Cruise,250.7805
2302.0,236,23.600,13.981,50.33,16.60,0.00,2,Cruise,250.8276
2303.0,236,23.600,13.981,50.33,16.60,0.00,2,Cruise,250.8747
2304.0,236,23.600,13.981,50.33,16.60,0.00,2,Cruise,250.9217
2305.0,237,23.700,13.981,50.33,16.60,0.00,2,Cruise,250.9688
2306.0,237,23.700,13.981,50.33,16.60,0.00,2,Cruise,251.0354
2307.0,237,23.700,13.981,50.33,16.60,0.00,2,Cruise,251.1020
2308.0,237,23.700,13.981,50.33,16.60,0.00,2,Cruise,251.1686
2309.0,237,23.700,13.981,50.33,16.60,0.00,2,Cruise,251.2352
2310.0,237,23.700,13.981,50.33,16.60,0.00,2,Cruise,251.3018
2311.0,237,23.700,13.981,50.33,16.60,0.00,2,Cruise,251.3684
2312.0,238,23.800,13.981,50.33,16.60,0.00,2,Cruise,251.4350
2313.0,238,23.800,13.981,50.33,16.60,0.00,2,Cruise,251.6063
2314.0,238,23.800,13.981,50.33,16.60,0.00,2,Cruise,251.7777
2315.0,238,23.800,13.981,50.33,16.60,0.00,2,Cruise,251.9490
2316.0,238,23.800,13.981,50.33,16.60,0.00,2,Cruise,252.1203
2317.0,238,23.800,13.981,50.33,16.60,0.00,2,Cruise,252.2917
2318.0,238,23.800,13.981,50.33,16.60,0.00,2,Cruise,252.4630
2319.0,239,23.900,13.981,50.33,16.60,0.00,2,Cruise,252.6343
2320.0,239,23.900,13.981,50.33,16.60,0.00,2,Cruise,252.7594
2321.0,239,23.900,13.981,50.33,16.60,0.00,2,Cruise,252.8845
2322.0,239,23.900,13.981,50.33,16.60,0.00,2,Cruise,253.0097
2323.0,239,23.900,13.981,50.33,16.60,0.00,2,Cruise,253.1348
2324.0,239,23.900,13.981,50.33,16.60,0.00,2,Cruise,253.2599
2325.0,239,23.900,13.981,50.33,16.60,0.00,2,Cruise,253.3850
2326.0,239,23.900,13.981,50.33,16.60,0.00,2,Cruise,253.5101
2327.0,240,24.000,13.981,50.33,1.00,0.00,2,Cruise,253.6352
2328.0,240,24.000,13.981,50.33,1.00,0.00,2,Cruise,253.8052
2329.0,240,24.000,13.981,50.33,1.00,0.00,2,Cruise,253.9751
2330.0,240,24.000,13.981,50.33,1.00,0.00,2,Cruise,254.1450
2331.0,240,24.000,13.981,50.33,1.00,0.00,2,Cruise,254.3150
2332.0,240,24.000,13.981,50.33,1.00,0.00,2,Cruise,254.4849
2333.0,240,24.000,13.981,50.33,1.00,0.00,2,Cruise,254.6548
2334.0,241,24.100,13.981,50.33,22.20,0.00,3,Power,254.8247
2335.0,241,24.100,14.495,52.18,22.20,0.00,3,Power,255.8298
2336.0,241,24.100,15.000,54.00,22.20,0.00,3,Power,256.8585
2337.0,241,24.100,15.485,55.75,22.20,0.00,3,Power,257.8860
2338.0,241,24.100,15.952,57.43,22.20,0.00,3,Power,258.9123
2339.0,241,24.100,16.401,59.04,22.20,0.00,3,Power,259.9377
2340.0,242,24.200,16.836,60.61,22.20,0.00,3,Power,260.9622
2341.0,242,24.200,17.234,62.04,22.20,0.00,3,Power,261.9853
2342.0,242,24.200,17.620,63.43,22.20,0.00,3,Power,263.0077
2343.0,242,24.200,17.994,64.78,22.20,0.00,3,Power,264.0295
2344.0,242,24.200,18.358,66.09,22.20,0.00,3,Power,265.0509
2345.0,242,24.200,18.712,67.36,22.20,0.00,1,Coast,266.0717
2346.0,243,24.300,18.597,66.95,22.20,0.00,1,Coast,266.0717
2347.0,243,24.300,18.483,66.54,22.20,0.00,1,Coast,266.0717
2348.0,243,24.300,18.370,66.13,22.20,0.00,1,Coast,266.0717
2349.0,243,24.300,18.256,65.72,22.20,0.00,3,Power,266.0717
2350.0,243,24.300,18.614,67.01,22.20,0.00,1,Coast,267.0927
2351.0,244,24.400,18.500,66.60,22.20,0.00,3,Power,267.0927
2352.0,244,24.400,18.892,68.01,22.20,0.00,2,Cruise,268.1146
2353.0,244,24.400,18.892,68.01,22.20,0.00,2,Cruise,268.2766
2354.0,244,24.400,18.892,68.01,22.20,0.00,2,Cruise,268.4386
2355.0,244,24.400,18.892,68.01,22.20,0.00,2,Cruise,268.6006
2356.0,244,24.400,18.892,68.01,22.20,0.00,2,Cruise,268.7626
2357.0,245,24.500,18.892,68.01,22.20,0.00,3,Power,268.9246
2358.0,245,24.500,19.270,69.37,22.20,0.00,2,Cruise,269.9458
2359.0,245,24.500,19.270,69.37,22.20,0.00,2,Cruise,270.1221
2360.0,245,24.500,19.270,69.37,22.20,0.00,2,Cruise,270.2983
2361.0,245,24.500,19.270,69.37,22.20,0.00,2,Cruise,270.4746
2362.0,246,24.600,19.270,69.37,22.20,0.00,1,Coast,270.6508
2363.0,246,24.600,19.169,69.01,22.20,0.00,1,Coast,270.6508
2364.0,246,24.600,19.067,68.64,22.20,0.00,1,Coast,270.6508
2365.0,246,24.600,18.966,68.28,22.20,0.00,1,Coast,270.6508
2366.0,246,24.600,18.865,67.92,22.20,0.00,1,Coast,270.6508
2367.0,247,24.700,18.765,67.55,22.20,0.00,3,Power,270.6508
2368.0,247,24.700,19.171,69.02,22.20,0.00,3,Power,271.6729
2369.0,247,24.700,19.568,70.44,22.20,0.00,2,Cruise,272.6945
2370.0,247,24.700,19.568,70.44,22.20,0.00,2,Cruise,272.8150
2371.0,247,24.700,19.568,70.44,22.20,0.00,2,Cruise,272.9356
2372.0,248,24.800,19.568,70.44,22.20,0.00,1,Coast,273.0562
2373.0,248,24.800,19.447,70.01,22.20,0.00,1,Coast,273.0562
2374.0,248,24.800,19.326,69.58,22.20,0.00,1,Coast,273.0562
2375.0,248,24.800,19.206,69.14,22.20,0.00,1,Coast,273.0562
2376.0,248,24.800,19.086,68.71,22.20,0.00,1,Coast,273.0562
2377.0,249,24.900,18.966,68.28,22.20,0.00,1,Coast,273.0562
2378.0,249,24.900,18.819,67.75,22.20,0.00,1,Coast,273.0562
2379.0,249,24.900,18.672,67.22,22.20,0.00,1,Coast,273.0562
2380.0,249,24.900,18.526,66.69,22.20,0.00,1,Coast,273.0562
2381.0,249,24.900,18.380,66.17,22.20,0.00,1,Coast,273.0562
2382.0,249,24.900,18.234,65.64,22.20,0.00,1,Coast,273.0562
2383.0,250,25.000,18.088,65.12,22.20,0.00,3,Power,273.0562
2384.0,250,25.000,18.465,66.47,22.20,0.00,3,Power,274.0778
2385.0,250,25.000,18.832,67.80,22.20,0.00,2,Cruise,275.0990
2386.0,250,25.000,18.832,67.80,22.20,0.00,2,Cruise,275.3180
2387.0,250,25.000,18.832,67.80,22.20,0.00,2,Cruise,275.5370
2388.0,251,25.100,18.832,67.80,22.20,0.00,3,Power,275.7559
2389.0,251,25.100,19.252,69.31,22.20,0.00,2,Cruise,276.7783
2390.0,251,25.100,19.252,69.31,22.20,0.00,2,Cruise,276.8622
2391.0,251,25.100,19.252,69.31,22.20,0.00,2,Cruise,276.9461
2392.0,251,25.100,19.252,69.31,22.20,0.00,2,Cruise,277.0299
2393.0,252,25.200,19.252,69.31,22.20,0.00,2,Cruise,277.1138
2394.0,252,25.200,19.252,69.31,22.20,0.00,2,Cruise,277.2689
2395.0,252,25.200,19.252,69.31,22.20,0.00,2,Cruise,277.4239
2396.0,252,25.200,19.252,69.31,22.20,0.00,2,Cruise,277.5790
2397.0,252,25.200,19.252,69.31,22.20,0.00,2,Cruise,277.7340
2398.0,252,25.200,19.252,69.31,22.20,0.00,2,Cruise,277.8891
2399.0,253,25.300,19.252,69.31,22.20,0.00,2,Cruise,278.0441
2400.0,253,25.300,19.252,69.31,22.20,0.00,2,Cruise,278.2182
2401.0,253,25.300,19.252,69.31,22.20,0.00,2,Cruise,278.3922
2402.0,253,25.300,19.252,69.31,22.20,0.00,2,Cruise,278.5662
2403.0,253,25.300,19.252,69.31,22.20,0.00,2,Cruise,278.7402
2404.0,254,25.400,19.252,69.31,22.20,0.00,1,Coast,278.9142
2405.0,254,25.400,19.124,68.85,22.20,0.00,1,Coast,278.9142
2406.0,254,25.400,18.996,68.38,22.20,0.00,1,Coast,278.9142
2407.0,254,25.400,18.868,67.92,22.20,0.00,1,Coast,278.9142
2408.0,254,25.400,18.740,67.46,22.20,0.00,1,Coast,278.9142
2409.0,255,25.500,18.612,67.00,22.20,0.00,3,Power,278.9142
2410.0,255,25.500,19.023,68.48,22.20,0.00,2,Cruise,279.9364
2411.0,255,25.500,19.023,68.48,22.20,0.00,2,Cruise,280.0526
2412.0,255,25.500,19.023,68.48,22.20,0.00,2,Cruise,280.1687
2413.0,255,25.500,19.023,68.48,22.20,0.00,2,Cruise,280.2848
2414.0,256,25.600,19.023,68.48,22.20,0.00,2,Cruise,280.4010
2415.0,256,25.600,19.023,68.48,22.20,0.00,2,Cruise,280.5744
2416.0,256,25.600,19.023,68.48,22.20,0.00,2,Cruise,280.7479
2417.0,256,25.600,19.023,68.48,22.20,0.00,2,Cruise,280.9214
2418.0,256,25.600,19.023,68.48,22.20,0.00,2,Cruise,281.0949
2419.0,256,25.600,19.023,68.48,22.20,0.00,2,Cruise,281.2684
2420.0,257,25.700,19.023,68.48,22.20,0.00,3,Power,281.4418
2421.0,257,25.700,19.468,70.08,22.20,0.00,2,Cruise,282.4648
2422.0,257,25.700,19.468,70.08,22.20,0.00,2,Cruise,282.4812
2423.0,257,25.700,19.468,70.08,22.20,0.00,2,Cruise,282.4977
2424.0,257,25.700,19.468,70.08,22.20,0.00,2,Cruise,282.5142
2425.0,258,25.800,19.468,70.08,22.20,0.00,2,Cruise,282.5306
2426.0,258,25.800,19.468,70.08,22.20,0.00,2,Cruise,282.7168
2427.0,258,25.800,19.468,70.08,22.20,0.00,2,Cruise,282.9030
2428.0,258,25.800,19.468,70.08,22.20,0.00,2,Cruise,283.0893
2429.0,258,25.800,19.468,70.08,22.20,0.00,2,Cruise,283.2755
2430.0,259,25.900,19.468,70.08,22.20,0.00,2,Cruise,283.4617
2431.0,259,25.900,19.468,70.08,22.20,0.00,2,Cruise,283.5321
2432.0,259,25.900,19.468,70.08,22.20,0.00,2,Cruise,283.6025
2433.0,259,25.900,19.468,70.08,22.20,0.00,2,Cruise,283.6729
2434.0,259,25.900,19.468,70.08,22.20,0.00,2,Cruise,283.7433
2435.0,260,26.000,19.468,70.08,22.20,0.00,1,Coast,283.8137
2436.0,260,26.000,19.354,69.68,22.20,0.00,1,Coast,283.8137
2437.0,260,26.000,19.241,69.27,22.20,0.00,1,Coast,283.8137
2438.0,260,26.000,19.127,68.86,22.20,0.00,1,Coast,283.8137
2439.0,260,26.000,19.014,68.45,22.20,0.00,1,Coast,283.8137
2440.0,261,26.100,18.901,68.04,22.20,0.00,2,Cruise,283.8137
2441.0,261,26.100,18.901,68.04,22.20,0.00,2,Cruise,284.0060
2442.0,261,26.100,18.901,68.04,22.20,0.00,2,Cruise,284.1983
2443.0,261,26.100,18.901,68.04,22.20,0.00,2,Cruise,284.3906
2444.0,261,26.100,18.901,68.04,22.20,0.00,2,Cruise,284.5829
2445.0,261,26.100,18.901,68.04,22.20,0.00,2,Cruise,284.7752
2446.0,262,26.200,18.901,68.04,22.20,0.00,2,Cruise,284.9675
2447.0,262,26.200,18.901,68.04,22.20,0.00,2,Cruise,285.1268
2448.0,262,26.200,18.901,68.04,22.20,0.00,2,Cruise,285.2862
2449.0,262,26.200,18.901,68.04,22.20,0.00,2,Cruise,285.4455
2450.0,262,26.200,18.901,68.04,22.20,0.00,2,Cruise,285.6048
2451.0,263,26.300,18.901,68.04,22.20,0.00,3,Power,285.7642
2452.0,263,26.300,19.347,69.65,22.20,0.00,2,Cruise,286.7872
2453.0,263,26.300,19.347,69.65,22.20,0.00,2,Cruise,286.8083
2454.0,263,26.300,19.347,69.65,22.20,0.00,2,Cruise,286.8295
2455.0,263,26.300,19.347,69.65,22.20,0.00,2,Cruise,286.8506
2456.0,264,26.400,19.347,69.65,22.20,0.00,2,Cruise,286.8717
2457.0,264,26.400,19.347,69.65,22.20,0.00,2,Cruise,286.9633
2458.0,264,26.400,19.347,69.65,22.20,0.00,2,Cruise,287.0548
2459.0,264,26.400,19.347,69.65,22.20,0.00,2,Cruise,287.1464
2460.0,264,26.400,19.347,69.65,22.20,0.00,2,Cruise,287.2379
2461.0,265,26.500,19.347,69.65,22.20,0.00,2,Cruise,287.3295
2462.0,265,26.500,19.347,69.65,22.20,0.00,2,Cruise,287.4958
2463.0,265,26.500,19.347,69.65,22.20,0.00,2,Cruise,287.6621
2464.0,265,26.500,19.347,69.65,22.20,0.00,2,Cruise,287.8285
2465.0,265,26.500,19.347,69.65,22.20,0.00,2,Cruise,287.9948
2466.0,266,26.600,19.347,69.65,22.20,0.00,2,Cruise,288.1611
2467.0,266,26.600,19.347,69.65,22.20,0.00,2,Cruise,288.3483
2468.0,266,26.600,19.347,69.65,22.20,0.00,2,Cruise,288.5354
2469.0,266,26.600,19.347,69.65,22.20,0.00,2,Cruise,288.7226
2470.0,266,26.600,19.347,69.65,22.20,0.00,2,Cruise,288.9097
2471.0,266,26.600,19.347,69.65,22.20,0.00,2,Cruise,289.0969
2472.0,267,26.700,19.347,69.65,22.20,0.00,2,Cruise,289.2840
2473.0,267,26.700,19.357,69.68,22.20,0.00,2,Cruise,289.2840
2474.0,267,26.700,19.366,69.72,22.20,0.00,2,Cruise,289.2840
2475.0,267,26.700,19.376,69.75,22.20,0.00,2,Cruise,289.2840
2476.0,267,26.700,19.385,69.79,22.20,0.00,2,Cruise,289.2840
2477.0,268,26.800,19.394,69.82,22.20,0.00,3,Power,289.2840
2478.0,268,26.800,19.855,71.48,22.20,0.00,2,Cruise,290.3071
2479.0,268,26.800,19.872,71.54,22.20,0.00,2,Cruise,290.3071
2480.0,268,26.800,19.888,71.60,22.20,0.00,2,Cruise,290.3071
2481.0,268,26.800,19.905,71.66,22.20,0.00,2,Cruise,290.3071
2482.0,269,26.900,19.922,71.72,22.20,0.00,2,Cruise,290.3071
2483.0,269,26.900,19.922,71.72,22.20,0.00,2,Cruise,290.4069
2484.0,269,26.900,19.922,71.72,22.20,0.00,2,Cruise,290.5066
2485.0,269,26.900,19.922,71.72,22.20,0.00,2,Cruise,290.6064
2486.0,269,26.900,19.922,71.72,22.20,0.00,2,Cruise,290.7061
2487.0,270,27.000,19.922,71.72,22.20,0.00,1,Coast,290.8059
2488.0,270,27.000,19.831,71.39,22.20,0.00,1,Coast,290.8059
2489.0,270,27.000,19.741,71.07,22.20,0.00,1,Coast,290.8059
2490.0,270,27.000,19.651,70.74,22.20,0.00,1,Coast,290.8059
2491.0,270,27.000,19.561,70.42,22.20,0.00,1,Coast,290.8059
2492.0,271,27.100,19.471,70.10,22.20,0.00,2,Cruise,290.8059
2493.0,271,27.100,19.471,70.10,22.20,0.00,2,Cruise,290.9569
2494.0,271,27.100,19.471,70.10,22.20,0.00,2,Cruise,291.1080
2495.0,271,27.100,19.471,70.10,22.20,0.00,2,Cruise,291.2591
2496.0,271,27.100,19.471,70.10,22.20,0.00,2,Cruise,291.4101
2497.0,272,27.200,19.471,70.10,22.20,0.00,2,Cruise,291.5612
2498.0,272,27.200,19.471,70.10,22.20,0.00,2,Cruise,291.6960
2499.0,272,27.200,19.471,70.10,22.20,0.00,2,Cruise,291.8309
2500.0,272,27.200,19.471,70.10,22.20,0.00,2,Cruise,291.9657
2501.0,272,27.200,19.471,70.10,22.20,0.00,2,Cruise,292.1005
2502.0,273,27.300,19.471,70.10,22.20,0.00,2,Cruise,292.2354
2503.0,273,27.300,19.471,70.10,22.20,0.00,2,Cruise,292.3468
2504.0,273,27.300,19.471,70.10,22.20,0.00,2,Cruise,292.4582
2505.0,273,27.300,19.471,70.10,22.20,0.00,2,Cruise,292.5696
2506.0,273,27.300,19.471,70.10,22.20,0.00,2,Cruise,292.6810
2507.0,274,27.400,19.471,70.10,22.20,0.00,2,Cruise,292.7924
2508.0,274,27.400,19.471,70.10,22.20,0.00,2,Cruise,292.8903
2509.0,274,27.400,19.471,70.10,22.20,0.00,2,Cruise,292.9881
2510.0,274,27.400,19.471,70.10,22.20,0.00,2,Cruise,293.0859
2511.0,274,27.400,19.471,70.10,22.20,0.00,2,Cruise,293.1837
2512.0,275,27.500,19.471,70.10,22.20,0.00,2,Cruise,293.2815
2513.0,275,27.500,19.471,70.10,22.20,0.00,2,Cruise,293.4430
2514.0,275,27.500,19.471,70.10,22.20,0.00,2,Cruise,293.6045
2515.0,275,27.500,19.471,70.10,22.20,0.00,2,Cruise,293.7660
2516.0,275,27.500,19.471,70.10,22.20,0.00,2,Cruise,293.9275
2517.0,276,27.600,19.471,70.10,22.20,0.00,2,Cruise,294.0890
2518.0,276,27.600,19.471,70.10,22.20,0.00,2,Cruise,294.1543
2519.0,276,27.600,19.471,70.10,22.20,0.00,2,Cruise,294.2196
2520.0,276,27.600,19.471,70.10,22.20,0.00,2,Cruise,294.2848
2521.0,276,27.600,19.471,70.10,22.20,0.00,2,Cruise,294.3501
2522.0,276,27.600,19.471,70.10,22.20,0.00,2,Cruise,294.4154
2523.0,277,27.700,19.471,70.10,22.20,0.00,2,Cruise,294.4807
2524.0,277,27.700,19.471,70.10,22.20,0.00,2,Cruise,294.6636
2525.0,277,27.700,19.471,70.10,22.20,0.00,2,Cruise,294.8464
2526.0,277,27.700,19.471,70.10,22.20,0.00,2,Cruise,295.0293
2527.0,277,27.700,19.471,70.10,22.20,0.00,2,Cruise,295.2122
2528.0,278,27.800,19.471,70.10,22.20,0.00,2,Cruise,295.3951
2529.0,278,27.800,19.471,70.10,22.20,0.00,2,Cruise,295.4764
2530.0,278,27.800,19.471,70.10,22.20,0.00,2,Cruise,295.5576
2531.0,278,27.800,19.471,70.10,22.20,0.00,2,Cruise,295.6389
2532.0,278,27.800,19.471,70.10,22.20,0.00,2,Cruise,295.7202
2533.0,279,27.900,19.471,70.10,22.20,0.00,1,Coast,295.8015
2534.0,279,27.900,19.423,69.92,22.20,0.00,1,Coast,295.8015
2535.0,279,27.900,19.376,69.75,22.20,0.00,1,Coast,295.8015
2536.0,279,27.900,19.328,69.58,22.20,0.00,1,Coast,295.8015
2537.0,279,27.900,19.280,69.41,22.20,0.00,1,Coast,295.8015
2538.0,280,28.000,19.232,69.24,22.20,0.00,1,Coast,295.8015
2539.0,280,28.000,19.186,69.07,22.20,0.00,1,Coast,295.8015
2540.0,280,28.000,19.139,68.90,22.20,0.00,1,Coast,295.8015
2541.0,280,28.000,19.092,68.73,22.20,0.00,1,Coast,295.8015
2542.0,280,28.000,19.045,68.56,22.20,0.00,1,Coast,295.8015
2543.0,281,28.100,18.999,68.40,22.20,0.00,2,Cruise,295.8015
2544.0,281,28.100,19.031,68.51,22.20,0.00,2,Cruise,295.8015
2545.0,281,28.100,19.063,68.63,22.20,0.00,2,Cruise,295.8015
2546.0,281,28.100,19.095,68.74,22.20,0.00,2,Cruise,295.8015
2547.0,281,28.100,19.127,68.86,22.20,0.00,2,Cruise,295.8015
2548.0,281,28.100,19.158,68.97,22.20,0.00,2,Cruise,295.8015
2549.0,282,28.200,19.190,69.08,22.20,0.00,2,Cruise,295.8015
2550.0,282,28.200,19.193,69.09,22.20,0.00,2,Cruise,295.8015
2551.0,282,28.200,19.195,69.10,22.20,0.00,2,Cruise,295.8015
2552.0,282,28.200,19.197,69.11,22.20,0.00,2,Cruise,295.8015
2553.0,282,28.200,19.200,69.12,22.20,0.00,2,Cruise,295.8015
2554.0,283,28.300,19.202,69.13,22.20,0.00,3,Power,295.8015
2555.0,283,28.300,19.664,70.79,22.20,0.00,2,Cruise,296.8247
2556.0,283,28.300,19.677,70.84,22.20,0.00,2,Cruise,296.8247
2557.0,283,28.300,19.691,70.89,22.20,0.00,2,Cruise,296.8247
2558.0,283,28.300,19.704,70.94,22.20,0.00,2,Cruise,296.8247
2559.0,284,28.400,19.718,70.98,22.20,0.00,3,Power,296.8247
2560.0,284,28.400,20.142,72.51,22.20,0.00,2,Cruise,297.8467
2561.0,284,28.400,20.142,72.51,22.20,0.00,2,Cruise,297.8758
2562.0,284,28.400,20.142,72.51,22.20,0.00,2,Cruise,297.9048
2563.0,284,28.400,20.142,72.51,22.20,0.00,2,Cruise,297.9339
2564.0,285,28.500,20.142,72.51,22.20,0.00,2,Cruise,297.9630
2565.0,285,28.500,20.149,72.53,22.20,0.00,2,Cruise,297.9630
2566.0,285,28.500,20.155,72.56,22.20,0.00,2,Cruise,297.9630
2567.0,285,28.500,20.161,72.58,22.20,0.00,2,Cruise,297.9630
2568.0,285,28.500,20.168,72.60,22.20,0.00,2,Cruise,297.9630
2569.0,286,28.600,20.174,72.63,22.20,0.00,2,Cruise,297.9630
2570.0,286,28.600,20.174,72.63,22.20,0.00,2,Cruise,298.0803
2571.0,286,28.600,20.174,72.63,22.20,0.00,2,Cruise,298.1977
2572.0,286,28.600,20.174,72.63,22.20,0.00,2,Cruise,298.3150
2573.0,286,28.600,20.174,72.63,22.20,0.00,2,Cruise,298.4324
2574.0,287,28.700,20.174,72.63,22.20,0.00,1,Coast,298.5497
2575.0,287,28.700,20.007,72.02,22.20,0.00,1,Coast,298.5497
2576.0,287,28.700,19.840,71.42,22.20,0.00,1,Coast,298.5497
2577.0,287,28.700,19.673,70.82,22.20,0.00,1,Coast,298.5497
2578.0,287,28.700,19.507,70.23,22.20,0.00,1,Coast,298.5497
2579.0,288,28.800,19.341,69.63,22.20,0.00,1,Coast,298.5497
2580.0,288,28.800,19.202,69.13,22.20,0.00,1,Coast,298.5497
2581.0,288,28.800,19.063,68.63,22.20,0.00,1,Coast,298.5497
2582.0,288,28.800,18.924,68.13,22.20,0.00,1,Coast,298.5497
2583.0,288,28.800,18.786,67.63,22.20,0.00,1,Coast,298.5497
2584.0,289,28.900,18.648,67.13,22.20,0.00,3,Power,298.5497
2585.0,289,28.900,19.059,68.61,22.20,0.00,3,Power,299.5720
2586.0,289,28.900,19.460,70.06,22.20,0.00,2,Cruise,300.5938
2587.0,289,28.900,19.460,70.06,22.20,0.00,2,Cruise,300.7096
2588.0,289,28.900,19.460,70.06,22.20,0.00,2,Cruise,300.8255
2589.0,290,29.000,19.460,70.06,22.20,0.00,1,Coast,300.9413
2590.0,290,29.000,19.343,69.64,22.20,0.00,1,Coast,300.9413
2591.0,290,29.000,19.227,69.22,22.20,0.00,1,Coast,300.9413
2592.0,290,29.000,19.110,68.80,22.20,0.00,1,Coast,300.9413
2593.0,290,29.000,18.994,68.38,22.20,0.00,1,Coast,300.9413
2594.0,291,29.100,18.878,67.96,22.20,0.00,2,Cruise,300.9413
2595.0,291,29.100,18.960,68.26,22.20,0.00,2,Cruise,300.9413
2596.0,291,29.100,19.042,68.55,22.20,0.00,2,Cruise,300.9413
2597.0,291,29.100,19.124,68.85,22.20,0.00,2,Cruise,300.9413
2598.0,291,29.100,19.206,69.14,22.20,0.00,2,Cruise,300.9413
2599.0,291,29.100,19.288,69.44,22.20,0.00,2,Cruise,300.9413
2600.0,292,29.200,19.369,69.73,22.20,0.00,2,Cruise,300.9413
2601.0,292,29.200,19.369,69.73,22.20,0.00,2,Cruise,301.1109
2602.0,292,29.200,19.369,69.73,22.20,0.00,2,Cruise,301.2806
2603.0,292,29.200,19.369,69.73,22.20,0.00,2,Cruise,301.4502
2604.0,292,29.200,19.369,69.73,22.20,0.00,2,Cruise,301.6198
2605.0,293,29.300,19.369,69.73,22.20,0.00,2,Cruise,301.7894
2606.0,293,29.300,19.369,69.73,22.20,0.00,2,Cruise,301.9097
2607.0,293,29.300,19.369,69.73,22.20,0.00,2,Cruise,302.0300
2608.0,293,29.300,19.369,69.73,22.20,0.00,2,Cruise,302.1503
2609.0,293,29.300,19.369,69.73,22.20,0.00,2,Cruise,302.2706
2610.0,294,29.400,19.369,69.73,22.20,0.00,1,Coast,302.3909
2611.0,294,29.400,19.306,69.50,22.20,0.00,1,Coast,302.3909
2612.0,294,29.400,19.244,69.28,22.20,0.00,1,Coast,302.3909
2613.0,294,29.400,19.181,69.05,22.20,0.00,1,Coast,302.3909
2614.0,294,29.400,19.118,68.83,22.20,0.00,2,Cruise,302.3909
2615.0,295,29.500,19.118,68.83,22.20,0.00,2,Cruise,302.5316
2616.0,295,29.500,19.118,68.83,22.20,0.00,2,Cruise,302.6537
2617.0,295,29.500,19.118,68.83,22.20,0.00,2,Cruise,302.7758
2618.0,295,29.500,19.118,68.83,22.20,0.00,2,Cruise,302.8979
2619.0,295,29.500,19.118,68.83,22.20,0.00,2,Cruise,303.0200
2620.0,296,29.600,19.118,68.83,22.20,0.00,2,Cruise,303.1420
2621.0,296,29.600,19.132,68.88,22.20,0.00,2,Cruise,303.1420
2622.0,296,29.600,19.146,68.93,22.20,0.00,2,Cruise,303.1420
2623.0,296,29.600,19.160,68.98,22.20,0.00,2,Cruise,303.1420
2624.0,296,29.600,19.174,69.02,22.20,0.00,2,Cruise,303.1420
2625.0,296,29.600,19.187,69.07,22.20,0.00,2,Cruise,303.1420
2626.0,297,29.700,19.201,69.12,22.20,0.00,2,Cruise,303.1420
2627.0,297,29.700,19.204,69.14,22.20,0.00,2,Cruise,303.1420
2628.0,297,29.700,19.207,69.15,22.20,0.00,2,Cruise,303.1420
2629.0,297,29.700,19.210,69.16,22.20,0.00,2,Cruise,303.1420
2630.0,297,29.700,19.214,69.17,22.20,0.00,2,Cruise,303.1420
2631.0,298,29.800,19.217,69.18,22.20,0.00,3,Power,303.1420
2632.0,298,29.800,19.646,70.73,22.20,0.00,2,Cruise,304.1644
2633.0,298,29.800,19.646,70.73,22.20,0.00,2,Cruise,304.2063
2634.0,298,29.800,19.646,70.73,22.20,0.00,2,Cruise,304.2481
2635.0,298,29.800,19.646,70.73,22.20,0.00,2,Cruise,304.2899
2636.0,299,29.900,19.646,70.73,22.20,0.00,1,Coast,304.3318
2637.0,299,29.900,19.578,70.48,22.20,0.00,1,Coast,304.3318
2638.0,299,29.900,19.510,70.24,22.20,0.00,1,Coast,304.3318
2639.0,299,29.900,19.442,69.99,22.20,0.00,1,Coast,304.3318
2640.0,299,29.900,19.374,69.75,22.20,0.00,1,Coast,304.3318
2641.0,300,30.000,19.307,69.50,22.20,0.00,2,Cruise,304.3318
2642.0,300,30.000,19.307,69.50,22.20,0.00,2,Cruise,304.4406
2643.0,300,30.000,19.307,69.50,22.20,0.00,2,Cruise,304.5495
2644.0,300,30.000,19.307,69.50,22.20,0.00,2,Cruise,304.6584
2645.0,300,30.000,19.307,69.50,22.20,0.00,2,Cruise,304.7672
2646.0,301,30.100,19.307,69.50,22.20,0.00,1,Coast,304.8761
2647.0,301,30.100,19.243,69.27,22.20,0.00,1,Coast,304.8761
2648.0,301,30.100,19.178,69.04,22.20,0.00,1,Coast,304.8761
2649.0,301,30.100,19.114,68.81,22.20,0.00,1,Coast,304.8761
2650.0,301,30.100,19.050,68.58,22.20,0.00,1,Coast,304.8761
2651.0,301,30.100,18.986,68.35,22.20,0.00,1,Coast,304.8761
2652.0,302,30.200,18.923,68.12,22.20,0.00,2,Cruise,304.8761
2653.0,302,30.200,18.923,68.12,22.20,0.00,2,Cruise,304.9241
2654.0,302,30.200,18.923,68.12,22.20,0.00,2,Cruise,304.9720
2655.0,302,30.200,18.923,68.12,22.20,0.00,2,Cruise,305.0200
2656.0,302,30.200,18.923,68.12,22.20,0.00,2,Cruise,305.0680
2657.0,303,30.300,18.923,68.12,22.20,0.00,2,Cruise,305.1160
2658.0,303,30.300,19.004,68.42,22.20,0.00,2,Cruise,305.1160
2659.0,303,30.300,19.086,68.71,22.20,0.00,2,Cruise,305.1160
2660.0,303,30.300,19.167,69.00,22.20,0.00,2,Cruise,305.1160
2661.0,303,30.300,19.249,69.29,22.20,0.00,2,Cruise,305.1160
2662.0,304,30.400,19.330,69.59,22.20,0.00,1,Coast,305.1160
2663.0,304,30.400,19.229,69.23,22.20,0.00,1,Coast,305.1160
2664.0,304,30.400,19.129,68.87,22.20,0.00,3,Power,305.1160
2665.0,304,30.400,19.479,70.12,22.20,0.00,1,Coast,306.1363
2666.0,304,30.400,19.378,69.76,22.20,0.00,1,Coast,306.1363
2667.0,305,30.500,19.278,69.40,22.20,0.00,2,Cruise,306.1363
2668.0,305,30.500,19.341,69.63,22.20,0.00,2,Cruise,306.1363
2669.0,305,30.500,19.403,69.85,22.20,0.00,2,Cruise,306.1363
2670.0,305,30.500,19.465,70.08,22.20,0.00,2,Cruise,306.1363
2671.0,305,30.500,19.528,70.30,22.20,0.00,2,Cruise,306.1363
2672.0,306,30.600,19.590,70.52,22.20,0.00,1,Coast,306.1363
2673.0,306,30.600,19.470,70.09,22.20,0.00,1,Coast,306.1363
2674.0,306,30.600,19.349,69.66,22.20,0.00,1,Coast,306.1363
2675.0,306,30.600,19.230,69.23,22.20,0.00,1,Coast,306.1363
2676.0,306,30.600,19.110,68.80,22.20,0.00,1,Coast,306.1363
2677.0,306,30.600,18.990,68.37,22.20,0.00,3,Power,306.1363
2678.0,307,30.700,19.324,69.56,22.20,0.00,3,Power,307.1563
2679.0,307,30.700,19.675,70.83,22.20,0.00,1,Coast,308.1766
2680.0,307,30.700,19.581,70.49,22.20,0.00,1,Coast,308.1766
2681.0,307,30.700,19.487,70.15,22.20,0.00,1,Coast,308.1766
2682.0,307,30.700,19.393,69.82,22.20,0.00,1,Coast,308.1766
2683.0,308,30.800,19.300,69.48,22.20,0.00,3,Power,308.1766
2684.0,308,30.800,19.661,70.78,22.20,0.00,1,Coast,309.1972
2685.0,308,30.800,19.576,70.47,22.20,0.00,1,Coast,309.1972
2686.0,308,30.800,19.491,70.17,22.20,0.00,2,Cruise,309.1972
2687.0,308,30.800,19.491,70.17,22.20,0.00,2,Cruise,309.3912
2688.0,309,30.900,19.491,70.17,22.20,0.00,1,Coast,309.5852
2689.0,309,30.900,19.377,69.76,22.20,0.00,1,Coast,309.5852
2690.0,309,30.900,19.262,69.34,22.20,0.00,1,Coast,309.5852
2691.0,309,30.900,19.148,68.93,22.20,0.00,1,Coast,309.5852
2692.0,309,30.900,19.034,68.52,22.20,0.00,1,Coast,309.5852
2693.0,310,31.000,18.920,68.11,22.20,0.00,3,Power,309.5852
2694.0,310,31.000,19.355,69.68,22.20,0.00,3,Power,310.6080
2695.0,310,31.000,19.779,71.21,22.20,0.00,2,Cruise,311.6302
2696.0,310,31.000,19.779,71.21,22.20,0.00,2,Cruise,311.6776
2697.0,310,31.000,19.779,71.21,22.20,0.00,2,Cruise,311.7251
2698.0,311,31.100,19.779,71.21,22.20,0.00,2,Cruise,311.7726
2699.0,311,31.100,19.779,71.21,22.20,0.00,2,Cruise,311.9246
2700.0,311,31.100,19.779,71.21,22.20,0.00,2,Cruise,312.0766
2701.0,311,31.100,19.779,71.21,22.20,0.00,2,Cruise,312.2286
2702.0,311,31.100,19.779,71.21,22.20,0.00,2,Cruise,312.3806
2703.0,312,31.200,19.779,71.21,22.20,0.00,2,Cruise,312.5326
2704.0,312,31.200,19.779,71.21,22.20,0.00,2,Cruise,312.6581
2705.0,312,31.200,19.779,71.21,22.20,0.00,2,Cruise,312.7837
2706.0,312,31.200,19.779,71.21,22.20,0.00,2,Cruise,312.9093
2707.0,312,31.200,19.779,71.21,22.20,0.00,2,Cruise,313.0348
2708.0,313,31.300,19.779,71.21,22.20,0.00,1,Coast,313.1604
2709.0,313,31.300,19.689,70.88,22.20,0.00,1,Coast,313.1604
2710.0,313,31.300,19.599,70.55,22.20,0.00,1,Coast,313.1604
2711.0,313,31.300,19.508,70.23,22.20,0.00,1,Coast,313.1604
2712.0,313,31.300,19.418,69.91,22.20,0.00,1,Coast,313.1604
2713.0,314,31.400,19.329,69.58,22.20,0.00,2,Cruise,313.1604
2714.0,314,31.400,19.329,69.58,22.20,0.00,2,Cruise,313.2831
2715.0,314,31.400,19.329,69.58,22.20,0.00,2,Cruise,313.4057
2716.0,314,31.400,19.329,69.58,22.20,0.00,2,Cruise,313.5284
2717.0,314,31.400,19.329,69.58,22.20,0.00,2,Cruise,313.6511
2718.0,314,31.400,19.329,69.58,22.20,0.00,2,Cruise,313.7738
2719.0,315,31.500,19.329,69.58,22.20,0.00,2,Cruise,313.8964
2720.0,315,31.500,19.329,69.58,22.20,0.00,2,Cruise,314.1386
2721.0,315,31.500,19.329,69.58,22.20,0.00,2,Cruise,314.3808
2722.0,315,31.500,19.329,69.58,22.20,0.00,2,Cruise,314.6229
2723.0,315,31.500,19.329,69.58,22.20,0.00,2,Cruise,314.8651
2724.0,316,31.600,19.329,69.58,22.20,0.00,2,Cruise,315.1073
2725.0,316,31.600,19.329,69.58,22.20,0.00,2,Cruise,315.1971
2726.0,316,31.600,19.329,69.58,22.20,0.00,2,Cruise,315.2870
2727.0,316,31.600,19.329,69.58,22.20,0.00,2,Cruise,315.3769
2728.0,316,31.600,19.329,69.58,22.20,0.00,2,Cruise,315.4667
2729.0,317,31.700,19.329,69.58,22.20,0.00,2,Cruise,315.5566
2730.0,317,31.700,19.351,69.66,22.20,0.00,2,Cruise,315.5566
2731.0,317,31.700,19.374,69.75,22.20,0.00,2,Cruise,315.5566
2732.0,317,31.700,19.396,69.83,22.20,0.00,2,Cruise,315.5566
2733.0,317,31.700,19.419,69.91,22.20,0.00,2,Cruise,315.5566
2734.0,318,31.800,19.441,69.99,22.20,0.00,2,Cruise,315.5566
2735.0,318,31.800,19.441,69.99,22.20,0.00,2,Cruise,315.7119
2736.0,318,31.800,19.441,69.99,22.20,0.00,2,Cruise,315.8671
2737.0,318,31.800,19.441,69.99,22.20,0.00,2,Cruise,316.0224
2738.0,318,31.800,19.441,69.99,22.20,0.00,2,Cruise,316.1777
2739.0,319,31.900,19.441,69.99,22.20,0.00,1,Coast,316.3329
2740.0,319,31.900,19.325,69.57,22.20,0.00,1,Coast,316.3329
2741.0,319,31.900,19.209,69.15,22.20,0.00,1,Coast,316.3329
2742.0,319,31.900,19.093,68.73,22.20,0.00,1,Coast,316.3329
2743.0,319,31.900,18.977,68.32,22.20,0.00,1,Coast,316.3329
2744.0,320,32.000,18.861,67.90,22.20,0.00,2,Cruise,316.3329
2745.0,320,32.000,18.861,67.90,22.20,0.00,2,Cruise,316.5369
2746.0,320,32.000,18.861,67.90,22.20,0.00,2,Cruise,316.7408
2747.0,320,32.000,18.861,67.90,22.20,0.00,2,Cruise,316.9448
2748.0,320,32.000,18.861,67.90,22.20,0.00,2,Cruise,317.1487
2749.0,320,32.000,18.861,67.90,22.20,0.00,2,Cruise,317.3527
2750.0,321,32.100,18.861,67.90,22.20,0.00,2,Cruise,317.5567
2751.0,321,32.100,18.861,67.90,22.20,0.00,2,Cruise,317.7260
2752.0,321,32.100,18.861,67.90,22.20,0.00,2,Cruise,317.8954
2753.0,321,32.100,18.861,67.90,22.20,0.00,2,Cruise,318.0648
2754.0,321,32.100,18.861,67.90,22.20,0.00,2,Cruise,318.2342
2755.0,322,32.200,18.861,67.90,22.20,0.00,2,Cruise,318.4036
2756.0,322,32.200,18.861,67.90,22.20,0.00,2,Cruise,318.4575
2757.0,322,32.200,18.861,67.90,22.20,0.00,2,Cruise,318.5115
2758.0,322,32.200,18.861,67.90,22.20,0.00,2,Cruise,318.5654
2759.0,322,32.200,18.861,67.90,22.20,0.00,2,Cruise,318.6193
2760.0,323,32.300,18.861,67.90,22.20,0.00,1,Coast,318.6733
2761.0,323,32.300,18.699,67.31,22.20,0.00,1,Coast,318.6733
2762.0,323,32.300,18.536,66.73,22.20,0.00,1,Coast,318.6733
2763.0,323,32.300,18.375,66.15,22.20,0.00,1,Coast,318.6733
2764.0,323,32.300,18.213,65.57,22.20,0.00,1,Coast,318.6733
2765.0,323,32.300,18.052,64.99,22.20,0.00,1,Coast,318.6733
2766.0,324,32.400,17.891,64.41,22.20,0.00,1,Coast,318.6733
2767.0,324,32.400,17.756,63.92,22.20,0.00,1,Coast,318.6733
2768.0,324,32.400,17.621,63.44,22.20,0.00,1,Coast,318.6733
2769.0,324,32.400,17.486,62.95,22.20,0.00,1,Coast,318.6733
2770.0,324,32.400,17.352,62.47,22.20,0.00,1,Coast,318.6733
2771.0,325,32.500,17.218,61.98,22.20,0.00,2,Cruise,318.6733
2772.0,325,32.500,17.218,61.98,22.20,0.00,2,Cruise,318.7290
2773.0,325,32.500,17.218,61.98,22.20,0.00,2,Cruise,318.7848
2774.0,325,32.500,17.218,61.98,22.20,0.00,2,Cruise,318.8405
2775.0,325,32.500,17.218,61.98,22.20,0.00,2,Cruise,318.8963
2776.0,325,32.500,17.218,61.98,22.20,0.00,2,Cruise,318.9521
2777.0,326,32.600,17.218,61.98,22.20,0.00,2,Cruise,319.0078
2778.0,326,32.600,17.218,61.98,22.20,0.00,2,Cruise,319.1035
2779.0,326,32.600,17.218,61.98,22.20,0.00,2,Cruise,319.1991
2780.0,326,32.600,17.218,61.98,22.20,0.00,2,Cruise,319.2948
2781.0,326,32.600,17.218,61.98,22.20,0.00,2,Cruise,319.3904
2782.0,326,32.600,17.218,61.98,22.20,0.00,2,Cruise,319.4861
2783.0,327,32.700,17.218,61.98,22.20,0.00,1,Coast,319.5817
2784.0,327,32.700,17.094,61.54,22.20,0.00,1,Coast,319.5817
2785.0,327,32.700,16.971,61.10,22.20,0.00,1,Coast,319.5817
2786.0,327,32.700,16.848,60.65,22.20,0.00,1,Coast,319.5817
2787.0,327,32.700,16.725,60.21,22.20,0.00,1,Coast,319.5817
2788.0,327,32.700,16.603,59.77,22.20,0.00,1,Coast,319.5817
2789.0,328,32.800,16.480,59.33,22.20,0.00,2,Cruise,319.5817
2790.0,328,32.800,16.480,59.33,22.20,0.00,2,Cruise,319.6215
2791.0,328,32.800,16.480,59.33,22.20,0.00,2,Cruise,319.6613
2792.0,328,32.800,16.480,59.33,22.20,0.00,2,Cruise,319.7011
2793.0,328,32.800,16.480,59.33,22.20,0.00,2,Cruise,319.7409
2794.0,328,32.800,16.480,59.33,22.20,0.00,2,Cruise,319.7807
2795.0,329,32.900,16.480,59.33,22.20,0.00,1,Coast,319.8205
2796.0,329,32.900,16.380,58.97,22.20,0.00,1,Coast,319.8205
2797.0,329,32.900,16.280,58.61,22.20,0.00,1,Coast,319.8205
2798.0,329,32.900,16.181,58.25,22.20,0.00,1,Coast,319.8205
2799.0,329,32.900,16.081,57.89,22.20,0.00,1,Coast,319.8205
2800.0,329,32.900,15.982,57.53,22.20,0.00,1,Coast,319.8205
2801.0,330,33.000,15.883,57.18,22.20,0.00,2,Cruise,319.8205
2802.0,330,33.000,15.883,57.18,22.20,0.00,2,Cruise,319.8339
2803.0,330,33.000,15.883,57.18,22.20,0.00,2,Cruise,319.8472
2804.0,330,33.000,15.883,57.18,22.20,0.00,2,Cruise,319.8606
2805.0,330,33.000,15.883,57.18,22.20,0.00,2,Cruise,319.8740
2806.0,330,33.000,15.883,57.18,22.20,0.00,2,Cruise,319.8874
2807.0,331,33.100,15.883,57.18,22.20,0.00,2,Cruise,319.9008
2808.0,331,33.100,15.883,57.18,22.20,0.00,2,Cruise,320.0233
2809.0,331,33.100,15.883,57.18,22.20,0.00,2,Cruise,320.1459
2810.0,331,33.100,15.883,57.18,22.20,0.00,2,Cruise,320.2684
2811.0,331,33.100,15.883,57.18,22.20,0.00,2,Cruise,320.3910
2812.0,331,33.100,15.883,57.18,22.20,0.00,2,Cruise,320.5135
2813.0,331,33.100,15.883,57.18,22.20,0.00,2,Cruise,320.6361
2814.0,332,33.200,15.883,57.18,22.20,0.00,2,Cruise,320.7586
2815.0,332,33.200,15.883,57.18,22.20,0.00,2,Cruise,320.8477
2816.0,332,33.200,15.883,57.18,22.20,0.00,2,Cruise,320.9368
2817.0,332,33.200,15.883,57.18,22.20,0.00,2,Cruise,321.0260
2818.0,332,33.200,15.883,57.18,22.20,0.00,2,Cruise,321.1151
2819.0,332,33.200,15.883,57.18,22.20,0.00,2,Cruise,321.2042
2820.0,333,33.300,15.883,57.18,1.00,0.00,2,Cruise,321.2933
2821.0,333,33.300,15.883,57.18,1.00,0.00,2,Cruise,321.3830
2822.0,333,33.300,15.883,57.18,1.00,0.00,2,Cruise,321.4727
2823.0,333,33.300,15.883,57.18,1.00,0.00,2,Cruise,321.5624
2824.0,333,33.300,15.883,57.18,1.00,0.00,2,Cruise,321.6521
2825.0,333,33.300,15.883,57.18,1.00,0.00,2,Cruise,321.7417
2826.0,334,33.400,15.883,57.18,22.20,0.00,3,Power,321.8314
2827.0,334,33.400,16.313,58.73,22.20,0.00,3,Power,322.8562
2828.0,334,33.400,16.729,60.22,22.20,0.00,3,Power,323.8802
2829.0,334,33.400,17.131,61.67,22.20,0.00,3,Power,324.9035
2830.0,334,33.400,17.520,63.07,22.20,0.00,3,Power,325.9261
2831.0,334,33.400,17.898,64.43,22.20,0.00,3,Power,326.9481
2832.0,335,33.500,18.265,65.76,22.20,0.00,3,Power,327.9696
2833.0,335,33.500,18.641,67.11,22.20,0.00,3,Power,328.9911
2834.0,335,33.500,19.007,68.43,22.20,0.00,3,Power,330.0121
2835.0,335,33.500,19.364,69.71,22.20,0.00,2,Cruise,331.0327
2836.0,335,33.500,19.364,69.71,22.20,0.00,2,Cruise,331.2518
2837.0,336,33.600,19.364,69.71,22.20,0.00,3,Power,331.4708
2838.0,336,33.600,19.764,71.15,22.20,0.00,2,Cruise,332.4924
2839.0,336,33.600,19.764,71.15,22.20,0.00,2,Cruise,332.5961
2840.0,336,33.600,19.764,71.15,22.20,0.00,2,Cruise,332.6998
2841.0,336,33.600,19.764,71.15,22.20,0.00,2,Cruise,332.8035
2842.0,336,33.600,19.764,71.15,22.20,0.00,2,Cruise,332.9073
2843.0,337,33.700,19.764,71.15,22.20,0.00,2,Cruise,333.0110
2844.0,337,33.700,19.764,71.15,22.20,0.00,2,Cruise,333.1758
2845.0,337,33.700,19.764,71.15,22.20,0.00,2,Cruise,333.3407
2846.0,337,33.700,19.764,71.15,22.20,0.00,2,Cruise,333.5056
2847.0,337,33.700,19.764,71.15,22.20,0.00,2,Cruise,333.6705
2848.0,338,33.800,19.764,71.15,22.20,0.00,1,Coast,333.8354
2849.0,338,33.800,19.667,70.80,22.20,0.00,1,Coast,333.8354
2850.0,338,33.800,19.571,70.46,22.20,0.00,1,Coast,333.8354
2851.0,338,33.800,19.475,70.11,22.20,0.00,1,Coast,333.8354
2852.0,338,33.800,19.379,69.77,22.20,0.00,1,Coast,333.8354
2853.0,339,33.900,19.283,69.42,22.20,0.00,1,Coast,333.8354
2854.0,339,33.900,19.144,68.92,22.20,0.00,1,Coast,333.8354
2855.0,339,33.900,19.004,68.42,22.20,0.00,1,Coast,333.8354
2856.0,339,33.900,18.865,67.91,22.20,0.00,1,Coast,333.8354
2857.0,339,33.900,18.726,67.41,22.20,0.00,1,Coast,333.8354
2858.0,340,34.000,18.587,66.91,22.20,0.00,3,Power,333.8354
2859.0,340,34.000,18.951,68.22,22.20,0.00,3,Power,334.8564
2860.0,340,34.000,19.306,69.50,22.20,0.00,1,Coast,335.8769
2861.0,340,34.000,19.206,69.14,22.20,0.00,1,Coast,335.8769
2862.0,340,34.000,19.106,68.78,22.20,0.00,2,Cruise,335.8769
2863.0,341,34.100,19.106,68.78,22.20,0.00,3,Power,336.1002
2864.0,341,34.100,19.480,70.13,22.20,0.00,2,Cruise,337.1212
2865.0,341,34.100,19.480,70.13,22.20,0.00,2,Cruise,337.2969
2866.0,341,34.100,19.480,70.13,22.20,0.00,2,Cruise,337.4726
2867.0,341,34.100,19.480,70.13,22.20,0.00,2,Cruise,337.6484
2868.0,342,34.200,19.480,70.13,22.20,0.00,1,Coast,337.8241
2869.0,342,34.200,19.376,69.75,22.20,0.00,1,Coast,337.8241
2870.0,342,34.200,19.272,69.38,22.20,0.00,1,Coast,337.8241
2871.0,342,34.200,19.169,69.01,22.20,0.00,1,Coast,337.8241
2872.0,342,34.200,19.065,68.63,22.20,0.00,1,Coast,337.8241
2873.0,342,34.200,18.962,68.26,22.20,0.00,3,Power,337.8241
2874.0,343,34.300,19.312,69.52,22.20,0.00,2,Cruise,338.8446
2875.0,343,34.300,19.312,69.52,22.20,0.00,2,Cruise,339.0247
2876.0,343,34.300,19.312,69.52,22.20,0.00,2,Cruise,339.2048
2877.0,343,34.300,19.312,69.52,22.20,0.00,2,Cruise,339.3849
2878.0,343,34.300,19.312,69.52,22.20,0.00,2,Cruise,339.5650
2879.0,344,34.400,19.312,69.52,22.20,0.00,3,Power,339.7451
2880.0,344,34.400,19.708,70.95,22.20,0.00,2,Cruise,340.7666
2881.0,344,34.400,19.708,70.95,22.20,0.00,2,Cruise,340.8806
2882.0,344,34.400,19.708,70.95,22.20,0.00,2,Cruise,340.9946
2883.0,344,34.400,19.708,70.95,22.20,0.00,2,Cruise,341.1085
2884.0,345,34.500,19.708,70.95,22.20,0.00,2,Cruise,341.2225
2885.0,345,34.500,19.708,70.95,22.20,0.00,2,Cruise,341.4143
2886.0,345,34.500,19.708,70.95,22.20,0.00,2,Cruise,341.6060
2887.0,345,34.500,19.708,70.95,22.20,0.00,2,Cruise,341.7977
2888.0,345,34.500,19.708,70.95,22.20,0.00,2,Cruise,341.9894
2889.0,346,34.600,19.708,70.95,22.20,0.00,1,Coast,342.1811
2890.0,346,34.600,19.611,70.60,22.20,0.00,1,Coast,342.1811
2891.0,346,34.600,19.514,70.25,22.20,0.00,1,Coast,342.1811
2892.0,346,34.600,19.418,69.90,22.20,0.00,1,Coast,342.1811
2893.0,346,34.600,19.321,69.56,22.20,0.00,2,Cruise,342.1811
2894.0,347,34.700,19.321,69.56,22.20,0.00,3,Power,342.4001
2895.0,347,34.700,19.715,70.97,22.20,0.00,2,Cruise,343.4215
2896.0,347,34.700,19.715,70.97,22.20,0.00,2,Cruise,343.5417
2897.0,347,34.700,19.715,70.97,22.20,0.00,2,Cruise,343.6620
2898.0,347,34.700,19.715,70.97,22.20,0.00,2,Cruise,343.7822
2899.0,348,34.800,19.715,70.97,22.20,0.00,2,Cruise,343.9024
2900.0,348,34.800,19.715,70.97,22.20,0.00,2,Cruise,344.0135
2901.0,348,34.800,19.715,70.97,22.20,0.00,2,Cruise,344.1246
2902.0,348,34.800,19.715,70.97,22.20,0.00,2,Cruise,344.2357
2903.0,348,34.800,19.715,70.97,22.20,0.00,2,Cruise,344.3468
2904.0,349,34.900,19.715,70.97,22.20,0.00,2,Cruise,344.4580
2905.0,349,34.900,19.715,70.97,22.20,0.00,2,Cruise,344.6155
2906.0,349,34.900,19.715,70.97,22.20,0.00,2,Cruise,344.7730
2907.0,349,34.900,19.715,70.97,22.20,0.00,2,Cruise,344.9306
2908.0,349,34.900,19.715,70.97,22.20,0.00,2,Cruise,345.0881
2909.0,350,35.000,19.715,70.97,22.20,0.00,1,Coast,345.2457
2910.0,350,35.000,19.625,70.65,22.20,0.00,1,Coast,345.2457
2911.0,350,35.000,19.535,70.33,22.20,0.00,2,Cruise,345.2457
2912.0,350,35.000,19.535,70.33,22.20,0.00,2,Cruise,345.4516
2913.0,350,35.000,19.535,70.33,22.20,0.00,2,Cruise,345.6574
2914.0,351,35.100,19.535,70.33,22.20,0.00,3,Power,345.8633
2915.0,351,35.100,19.945,71.80,22.20,0.00,2,Cruise,346.8850
2916.0,351,35.100,19.945,71.80,22.20,0.00,2,Cruise,346.9571
2917.0,351,35.100,19.945,71.80,22.20,0.00,2,Cruise,347.0292
2918.0,351,35.100,19.945,71.80,22.20,0.00,2,Cruise,347.1013
2919.0,352,35.200,19.945,71.80,22.20,0.00,2,Cruise,347.1734
2920.0,352,35.200,19.945,71.80,22.20,0.00,2,Cruise,347.3277
2921.0,352,35.200,19.945,71.80,22.20,0.00,2,Cruise,347.4819
2922.0,352,35.200,19.945,71.80,22.20,0.00,2,Cruise,347.6362
2923.0,352,35.200,19.945,71.80,22.20,0.00,2,Cruise,347.7904
2924.0,353,35.300,19.945,71.80,22.20,0.00,1,Coast,347.9447
2925.0,353,35.300,19.850,71.46,22.20,0.00,1,Coast,347.9447
2926.0,353,35.300,19.755,71.12,22.20,0.00,1,Coast,347.9447
2927.0,353,35.300,19.660,70.77,22.20,0.00,1,Coast,347.9447
2928.0,353,35.300,19.565,70.43,22.20,0.00,1,Coast,347.9447
2929.0,353,35.300,19.470,70.09,22.20,0.00,1,Coast,347.9447
2930.0,354,35.400,19.375,69.75,22.20,0.00,3,Power,347.9447
2931.0,354,35.400,19.766,71.16,22.20,0.00,2,Cruise,348.9660
2932.0,354,35.400,19.766,71.16,22.20,0.00,2,Cruise,349.0893
2933.0,354,35.400,19.766,71.16,22.20,0.00,2,Cruise,349.2125
2934.0,354,35.400,19.766,71.16,22.20,0.00,2,Cruise,349.3358
2935.0,355,35.500,19.766,71.16,22.20,0.00,1,Coast,349.4590
2936.0,355,35.500,19.677,70.84,22.20,0.00,1,Coast,349.4590
2937.0,355,35.500,19.587,70.51,22.20,0.00,1,Coast,349.4590
2938.0,355,35.500,19.497,70.19,22.20,0.00,3,Power,349.4590
2939.0,355,35.500,19.849,71.46,22.20,0.00,1,Coast,350.4792
2940.0,356,35.600,19.759,71.13,22.20,0.00,3,Power,350.4792
2941.0,356,35.600,20.142,72.51,22.20,0.00,2,Cruise,351.5002
2942.0,356,35.600,20.142,72.51,22.20,0.00,2,Cruise,351.6233
2943.0,356,35.600,20.142,72.51,22.20,0.00,2,Cruise,351.7465
2944.0,356,35.600,20.142,72.51,22.20,0.00,2,Cruise,351.8696
2945.0,357,35.700,20.142,72.51,22.20,0.00,2,Cruise,351.9928
2946.0,357,35.700,20.142,72.51,22.20,0.00,2,Cruise,352.1149
2947.0,357,35.700,20.142,72.51,22.20,0.00,2,Cruise,352.2369
2948.0,357,35.700,20.142,72.51,22.20,0.00,2,Cruise,352.3590
2949.0,357,35.700,20.142,72.51,22.20,0.00,2,Cruise,352.4811
2950.0,358,35.800,20.142,72.51,22.20,0.00,1,Coast,352.6031
2951.0,358,35.800,20.016,72.06,22.20,0.00,1,Coast,352.6031
2952.0,358,35.800,19.889,71.60,22.20,0.00,1,Coast,352.6031
2953.0,358,35.800,19.763,71.15,22.20,0.00,1,Coast,352.6031
2954.0,358,35.800,19.636,70.69,22.20,0.00,1,Coast,352.6031
2955.0,359,35.900,19.510,70.24,22.20,0.00,1,Coast,352.6031
2956.0,359,35.900,19.331,69.59,22.20,0.00,1,Coast,352.6031
2957.0,359,35.900,19.152,68.95,22.20,0.00,1,Coast,352.6031
2958.0,359,35.900,18.974,68.31,22.20,0.00,1,Coast,352.6031
2959.0,359,35.900,18.795,67.66,22.20,0.00,1,Coast,352.6031
2960.0,360,36.000,18.617,67.02,22.20,0.00,3,Power,352.6031
2961.0,360,36.000,18.990,68.36,22.20,0.00,2,Cruise,353.6244
2962.0,360,36.000,18.990,68.36,22.20,0.00,2,Cruise,353.8243
2963.0,360,36.000,18.990,68.36,22.20,0.00,2,Cruise,354.0242
2964.0,360,36.000,18.990,68.36,22.20,0.00,2,Cruise,354.2242
2965.0,361,36.100,18.990,68.36,22.20,0.00,3,Power,354.4241
2966.0,361,36.100,19.415,69.89,22.20,0.00,3,Power,355.4465
2967.0,361,36.100,19.829,71.39,22.20,0.00,2,Cruise,356.4685
2968.0,361,36.100,19.829,71.39,22.20,0.00,2,Cruise,356.5358
2969.0,361,36.100,19.829,71.39,22.20,0.00,2,Cruise,356.6030
2970.0,362,36.200,19.829,71.39,22.20,0.00,2,Cruise,356.6703
2971.0,362,36.200,19.829,71.39,22.20,0.00,2,Cruise,356.7895
2972.0,362,36.200,19.829,71.39,22.20,0.00,2,Cruise,356.9087
2973.0,362,36.200,19.829,71.39,22.20,0.00,2,Cruise,357.0279
2974.0,362,36.200,19.829,71.39,22.20,0.00,2,Cruise,357.1471
2975.0,363,36.300,19.829,71.39,22.20,0.00,2,Cruise,357.2662
2976.0,363,36.300,19.829,71.39,22.20,0.00,2,Cruise,357.4257
2977.0,363,36.300,19.829,71.39,22.20,0.00,2,Cruise,357.5853
2978.0,363,36.300,19.829,71.39,22.20,0.00,2,Cruise,357.7448
2979.0,363,36.300,19.829,71.39,22.20,0.00,2,Cruise,357.9043
2980.0,364,36.400,19.829,71.39,22.20,0.00,3,Power,358.0638
2981.0,364,36.400,20.240,72.86,22.20,0.00,2,Cruise,359.0854
2982.0,364,36.400,20.240,72.86,22.20,0.00,2,Cruise,359.1403
2983.0,364,36.400,20.240,72.86,22.20,0.00,2,Cruise,359.1951
2984.0,364,36.400,20.240,72.86,22.20,0.00,2,Cruise,359.2500
2985.0,365,36.500,20.240,72.86,22.20,0.00,1,Coast,359.3049
2986.0,365,36.500,20.137,72.49,22.20,0.00,1,Coast,359.3049
2987.0,365,36.500,20.033,72.12,22.20,0.00,1,Coast,359.3049
2988.0,365,36.500,19.930,71.75,22.20,0.00,1,Coast,359.3049
2989.0,365,36.500,19.827,71.38,22.20,0.00,1,Coast,359.3049
2990.0,366,36.600,19.724,71.01,22.20,0.00,3,Power,359.3049
2991.0,366,36.600,20.114,72.41,22.20,0.00,3,Power,360.3260
2992.0,366,36.600,20.496,73.78,22.20,0.00,2,Cruise,361.3467
2993.0,366,36.600,20.496,73.78,22.20,0.00,2,Cruise,361.4587
2994.0,366,36.600,20.496,73.78,22.20,0.00,2,Cruise,361.5707
2995.0,367,36.700,20.496,73.78,22.20,0.00,1,Coast,361.6826
2996.0,367,36.700,20.351,73.27,22.20,0.00,1,Coast,361.6826
2997.0,367,36.700,20.208,72.75,22.20,0.00,1,Coast,361.6826
2998.0,367,36.700,20.064,72.23,22.20,0.00,1,Coast,361.6826
2999.0,367,36.700,19.921,71.71,22.20,0.00,1,Coast,361.6826
3000.0,368,36.800,19.777,71.20,22.20,0.00,1,Coast,361.6826
3001.0,368,36.800,19.611,70.60,22.20,0.00,1,Coast,361.6826
3002.0,368,36.800,19.445,70.00,22.20,0.00,1,Coast,361.6826
3003.0,368,36.800,19.279,69.40,22.20,0.00,1,Coast,361.6826
3004.0,368,36.800,19.113,68.81,22.20,0.00,1,Coast,361.6826
3005.0,369,36.900,18.947,68.21,22.20,0.00,3,Power,361.6826
3006.0,369,36.900,19.303,69.49,22.20,0.00,3,Power,362.7032
3007.0,369,36.900,19.651,70.74,22.20,0.00,1,Coast,363.7234
3008.0,369,36.900,19.552,70.39,22.20,0.00,1,Coast,363.7234
3009.0,369,36.900,19.453,70.03,22.20,0.00,2,Cruise,363.7234
3010.0,370,37.000,19.453,70.03,22.20,0.00,2,Cruise,363.9485
3011.0,370,37.000,19.453,70.03,22.20,0.00,2,Cruise,364.1314
3012.0,370,37.000,19.453,70.03,22.20,0.00,2,Cruise,364.3144
3013.0,370,37.000,19.453,70.03,22.20,0.00,2,Cruise,364.4973
3014.0,370,37.000,19.453,70.03,22.20,0.00,2,Cruise,364.6802
3015.0,370,37.000,19.453,70.03,22.20,0.00,2,Cruise,364.8631
3016.0,371,37.100,19.453,70.03,22.20,0.00,3,Power,365.0460
3017.0,371,37.100,19.842,71.43,22.20,0.00,2,Cruise,366.0673
3018.0,371,37.100,19.842,71.43,22.20,0.00,2,Cruise,366.1930
3019.0,371,37.100,19.842,71.43,22.20,0.00,2,Cruise,366.3188
3020.0,371,37.100,19.842,71.43,22.20,0.00,2,Cruise,366.4446
3021.0,372,37.200,19.842,71.43,22.20,0.00,2,Cruise,366.5704
3022.0,372,37.200,19.842,71.43,22.20,0.00,2,Cruise,366.7375
3023.0,372,37.200,19.842,71.43,22.20,0.00,2,Cruise,366.9046
3024.0,372,37.200,19.842,71.43,22.20,0.00,2,Cruise,367.0717
3025.0,372,37.200,19.842,71.43,22.20,0.00,2,Cruise,367.2389
3026.0,373,37.300,19.842,71.43,22.20,0.00,2,Cruise,367.4060
3027.0,373,37.300,19.842,71.43,22.20,0.00,2,Cruise,367.6800
3028.0,373,37.300,19.842,71.43,22.20,0.00,2,Cruise,367.9541
3029.0,373,37.300,19.842,71.43,22.20,0.00,2,Cruise,368.2281
3030.0,373,37.300,19.842,71.43,22.20,0.00,2,Cruise,368.5022
3031.0,374,37.400,19.842,71.43,22.20,0.00,2,Cruise,368.7762
3032.0,374,37.400,19.842,71.43,22.20,0.00,2,Cruise,368.8562
3033.0,374,37.400,19.842,71.43,22.20,0.00,2,Cruise,368.9362
3034.0,374,37.400,19.842,71.43,22.20,0.00,2,Cruise,369.0162
3035.0,374,37.400,19.842,71.43,22.20,0.00,2,Cruise,369.0961
3036.0,375,37.500,19.842,71.43,22.20,0.00,2,Cruise,369.1761
3037.0,375,37.500,19.842,71.43,22.20,0.00,2,Cruise,369.2804
3038.0,375,37.500,19.842,71.43,22.20,0.00,2,Cruise,369.3847
3039.0,375,37.500,19.842,71.43,22.20,0.00,2,Cruise,369.4891
3040.0,375,37.500,19.842,71.43,22.20,0.00,2,Cruise,369.5934
3041.0,376,37.600,19.842,71.43,22.20,0.00,2,Cruise,369.6977
3042.0,376,37.600,19.844,71.44,22.20,0.00,2,Cruise,369.6977
3043.0,376,37.600,19.846,71.44,22.20,0.00,2,Cruise,369.6977
3044.0,376,37.600,19.847,71.45,22.20,0.00,2,Cruise,369.6977
3045.0,376,37.600,19.849,71.46,22.20,0.00,2,Cruise,369.6977
3046.0,377,37.700,19.851,71.46,22.20,0.00,1,Coast,369.6977
3047.0,377,37.700,19.780,71.21,22.20,0.00,1,Coast,369.6977
3048.0,377,37.700,19.710,70.95,22.20,0.00,2,Cruise,369.6977
3049.0,377,37.700,19.710,70.95,22.20,0.00,2,Cruise,369.8611
3050.0,377,37.700,19.710,70.95,22.20,0.00,2,Cruise,370.0246
3051.0,378,37.800,19.710,70.95,22.20,0.00,2,Cruise,370.1880
3052.0,378,37.800,19.710,70.95,22.20,0.00,2,Cruise,370.3297
3053.0,378,37.800,19.710,70.95,22.20,0.00,2,Cruise,370.4713
3054.0,378,37.800,19.710,70.95,22.20,0.00,2,Cruise,370.6130
3055.0,378,37.800,19.710,70.95,22.20,0.00,2,Cruise,370.7547
3056.0,379,37.900,19.710,70.95,22.20,0.00,2,Cruise,370.8964
3057.0,379,37.900,19.710,70.95,22.20,0.00,2,Cruise,371.0029
3058.0,379,37.900,19.710,70.95,22.20,0.00,2,Cruise,371.1094
3059.0,379,37.900,19.710,70.95,22.20,0.00,2,Cruise,371.2159
3060.0,379,37.900,19.710,70.95,22.20,0.00,2,Cruise,371.3224
3061.0,380,38.000,19.710,70.95,22.20,0.00,1,Coast,371.4289
3062.0,380,38.000,19.631,70.67,22.20,0.00,1,Coast,371.4289
3063.0,380,38.000,19.552,70.39,22.20,0.00,1,Coast,371.4289
3064.0,380,38.000,19.473,70.10,22.20,0.00,1,Coast,371.4289
3065.0,380,38.000,19.394,69.82,22.20,0.00,1,Coast,371.4289
3066.0,381,38.100,19.316,69.54,22.20,0.00,2,Cruise,371.4289
3067.0,381,38.100,19.316,69.54,22.20,0.00,2,Cruise,371.5364
3068.0,381,38.100,19.316,69.54,22.20,0.00,2,Cruise,371.6440
3069.0,381,38.100,19.316,69.54,22.20,0.00,2,Cruise,371.7515
3070.0,381,38.100,19.316,69.54,22.20,0.00,2,Cruise,371.8591
3071.0,382,38.200,19.316,69.54,22.20,0.00,1,Coast,371.9667
3072.0,382,38.200,19.186,69.07,22.20,0.00,1,Coast,371.9667
3073.0,382,38.200,19.056,68.60,22.20,0.00,1,Coast,371.9667
3074.0,382,38.200,18.926,68.13,22.20,0.00,1,Coast,371.9667
3075.0,382,38.200,18.797,67.67,22.20,0.00,1,Coast,371.9667
3076.0,382,38.200,18.667,67.20,22.20,0.00,1,Coast,371.9667
3077.0,383,38.300,18.538,66.74,22.20,0.00,1,Coast,371.9667
3078.0,383,38.300,18.421,66.31,22.20,0.00,1,Coast,371.9667
3079.0,383,38.300,18.303,65.89,22.20,0.00,1,Coast,371.9667
3080.0,383,38.300,18.185,65.47,22.20,0.00,1,Coast,371.9667
3081.0,383,38.300,18.068,65.05,22.20,0.00,1,Coast,371.9667
3082.0,384,38.400,17.951,64.62,22.20,0.00,1,Coast,371.9667
3083.0,384,38.400,17.887,64.39,22.20,0.00,1,Coast,371.9667
3084.0,384,38.400,17.824,64.17,22.20,0.00,1,Coast,371.9667
3085.0,384,38.400,17.761,63.94,22.20,0.00,1,Coast,371.9667
3086.0,384,38.400,17.698,63.71,22.20,0.00,1,Coast,371.9667
3087.0,384,38.400,17.635,63.48,22.20,0.00,1,Coast,371.9667
3088.0,385,38.500,17.572,63.26,22.20,0.00,2,Cruise,371.9667
3089.0,385,38.500,17.572,63.26,22.20,0.00,2,Cruise,372.0074
3090.0,385,38.500,17.572,63.26,22.20,0.00,2,Cruise,372.0482
3091.0,385,38.500,17.572,63.26,22.20,0.00,2,Cruise,372.0890
3092.0,385,38.500,17.572,63.26,22.20,0.00,2,Cruise,372.1298
3093.0,386,38.600,17.572,63.26,22.20,0.00,1,Coast,372.1706
3094.0,386,38.600,17.506,63.02,22.20,0.00,1,Coast,372.1706
3095.0,386,38.600,17.440,62.78,22.20,0.00,1,Coast,372.1706
3096.0,386,38.600,17.375,62.55,22.20,0.00,1,Coast,372.1706
3097.0,386,38.600,17.309,62.31,22.20,0.00,1,Coast,372.1706
3098.0,386,38.600,17.244,62.08,22.20,0.00,1,Coast,372.1706
3099.0,387,38.700,17.178,61.84,22.20,0.00,1,Coast,372.1706
3100.0,387,38.700,17.031,61.31,22.20,0.00,1,Coast,372.1706
3101.0,387,38.700,16.884,60.78,22.20,0.00,1,Coast,372.1706
3102.0,387,38.700,16.738,60.26,22.20,0.00,1,Coast,372.1706
3103.0,387,38.700,16.591,59.73,22.20,0.00,1,Coast,372.1706
3104.0,387,38.700,16.445,59.20,22.20,0.00,1,Coast,372.1706
3105.0,388,38.800,16.299,58.68,22.20,0.00,1,Coast,372.1706
3106.0,388,38.800,16.241,58.47,22.20,0.00,1,Coast,372.1706
3107.0,388,38.800,16.183,58.26,22.20,0.00,1,Coast,372.1706
3108.0,388,38.800,16.125,58.05,22.20,0.00,1,Coast,372.1706
3109.0,388,38.800,16.068,57.84,22.20,0.00,1,Coast,372.1706
3110.0,388,38.800,16.010,57.64,22.20,0.00,1,Coast,372.1706
3111.0,389,38.900,15.953,57.43,22.20,0.00,2,Cruise,372.1706
3112.0,389,38.900,15.953,57.43,22.20,0.00,2,Cruise,372.2578
3113.0,389,38.900,15.953,57.43,22.20,0.00,2,Cruise,372.3450
3114.0,389,38.900,15.953,57.43,22.20,0.00,2,Cruise,372.4322
3115.0,389,38.900,15.953,57.43,22.20,0.00,2,Cruise,372.5194
3116.0,389,38.900,15.953,57.43,22.20,0.00,2,Cruise,372.6066
3117.0,389,38.900,15.953,57.43,22.20,0.00,2,Cruise,372.6938
3118.0,390,39.000,15.953,57.43,22.20,0.00,1,Coast,372.7810
3119.0,390,39.000,15.830,56.99,22.20,0.00,1,Coast,372.7810
3120.0,390,39.000,15.708,56.55,22.20,0.00,1,Coast,372.7810
3121.0,390,39.000,15.586,56.11,22.20,0.00,1,Coast,372.7810
3122.0,390,39.000,15.464,55.67,22.20,0.00,1,Coast,372.7810
3123.0,390,39.000,15.342,55.23,22.20,0.00,1,Coast,372.7810
3124.0,391,39.100,15.220,54.79,1.00,0.00,0,Brake,372.7810
3125.0,391,39.100,14.420,51.91,1.00,0.00,0,Brake,372.7810
3126.0,391,39.100,13.620,49.03,1.00,0.00,2,Cruise,372.7810
3127.0,391,39.100,13.620,49.03,1.00,0.00,2,Cruise,372.8291
3128.0,391,39.100,13.620,49.03,1.00,0.00,2,Cruise,372.8771
3129.0,391,39.100,13.620,49.03,1.00,0.00,2,Cruise,372.9252
3130.0,391,39.100,13.620,49.03,1.00,0.00,2,Cruise,372.9733
3131.0,392,39.200,13.620,49.03,16.60,0.00,3,Power,373.0213
3132.0,392,39.200,14.156,50.96,16.60,0.00,3,Power,374.0017
3133.0,392,39.200,14.691,52.89,16.60,0.00,2,Cruise,375.0198
3134.0,392,39.200,14.691,52.89,16.60,0.00,2,Cruise,375.1328
3135.0,392,39.200,14.691,52.89,16.60,0.00,2,Cruise,375.2457
3136.0,392,39.200,14.691,52.89,16.60,0.00,2,Cruise,375.3587
3137.0,392,39.200,14.691,52.89,16.60,0.00,2,Cruise,375.4717
3138.0,393,39.300,14.691,52.89,16.60,0.00,3,Power,375.5846
3139.0,393,39.300,15.241,54.87,16.60,0.00,2,Cruise,376.6147
3140.0,393,39.300,15.241,54.87,16.60,0.00,2,Cruise,376.6784
3141.0,393,39.300,15.241,54.87,16.60,0.00,2,Cruise,376.7422
3142.0,393,39.300,15.241,54.87,16.60,0.00,2,Cruise,376.8060
3143.0,393,39.300,15.241,54.87,16.60,0.00,2,Cruise,376.8698
3144.0,393,39.300,15.241,54.87,16.60,0.00,2,Cruise,376.9335
3145.0,394,39.400,15.241,54.87,16.60,0.00,1,Coast,376.9973
3146.0,394,39.400,15.149,54.53,16.60,0.00,1,Coast,376.9973
3147.0,394,39.400,15.056,54.20,16.60,0.00,1,Coast,376.9973
3148.0,394,39.400,14.963,53.87,16.60,0.00,1,Coast,376.9973
3149.0,394,39.400,14.871,53.53,16.60,0.00,1,Coast,376.9973
3150.0,394,39.400,14.778,53.20,16.60,0.00,1,Coast,376.9973
3151.0,395,39.500,14.686,52.87,16.60,0.00,3,Power,376.9973
3152.0,395,39.500,15.197,54.71,16.60,0.00,1,Coast,378.0260
3153.0,395,39.500,15.121,54.44,16.60,0.00,2,Cruise,378.0260
3154.0,395,39.500,15.121,54.44,16.60,0.00,2,Cruise,378.1598
3155.0,395,39.500,15.121,54.44,16.60,0.00,2,Cruise,378.2935
3156.0,395,39.500,15.121,54.44,16.60,0.00,2,Cruise,378.4273
3157.0,395,39.500,15.121,54.44,16.60,0.00,2,Cruise,378.5611
3158.0,396,39.600,15.121,54.44,16.60,0.00,1,Coast,378.6948
3159.0,396,39.600,15.019,54.07,16.60,0.00,1,Coast,378.6948
3160.0,396,39.600,14.916,53.70,16.60,0.00,1,Coast,378.6948
3161.0,396,39.600,14.813,53.33,16.60,0.00,1,Coast,378.6948
3162.0,396,39.600,14.711,52.96,16.60,0.00,1,Coast,378.6948
3163.0,396,39.600,14.609,52.59,16.60,0.00,1,Coast,378.6948
3164.0,396,39.600,14.506,52.22,16.60,0.00,3,Power,378.6948
3165.0,397,39.700,14.997,53.99,16.60,0.00,1,Coast,379.7230
3166.0,397,39.700,14.871,53.54,16.60,0.00,1,Coast,379.7230
3167.0,397,39.700,14.745,53.08,16.60,0.00,1,Coast,379.7230
3168.0,397,39.700,14.620,52.63,16.60,0.00,1,Coast,379.7230
3169.0,397,39.700,14.494,52.18,16.60,0.00,1,Coast,379.7230
3170.0,397,39.700,14.369,51.73,16.60,0.00,1,Coast,379.7230
3171.0,398,39.800,14.244,51.28,16.60,0.00,3,Power,379.7230
3172.0,398,39.800,14.731,53.03,16.60,0.00,1,Coast,380.7457
3173.0,398,39.800,14.618,52.62,16.60,0.00,1,Coast,380.7457
3174.0,398,39.800,14.504,52.22,16.60,0.00,1,Coast,380.7457
3175.0,398,39.800,14.391,51.81,16.60,0.00,1,Coast,380.7457
3176.0,398,39.800,14.278,51.40,16.60,0.00,1,Coast,380.7457
3177.0,398,39.800,14.165,50.99,16.60,0.00,3,Power,380.7457
3178.0,399,39.900,14.652,52.75,16.60,0.00,3,Power,381.7628
3179.0,399,39.900,15.196,54.70,16.60,0.00,2,Cruise,382.7926
3180.0,399,39.900,15.196,54.70,16.60,0.00,2,Cruise,382.8704
3181.0,399,39.900,15.196,54.70,16.60,0.00,2,Cruise,382.9482
3182.0,399,39.900,15.196,54.70,16.60,0.00,2,Cruise,383.0260
3183.0,399,39.900,15.196,54.70,16.60,0.00,2,Cruise,383.1038
3184.0,399,39.900,15.196,54.70,16.60,0.00,2,Cruise,383.1816
3185.0,400,40.000,15.196,54.70,16.60,0.00,1,Coast,383.2594
3186.0,400,40.000,15.084,54.30,16.60,0.00,1,Coast,383.2594
3187.0,400,40.000,14.973,53.90,16.60,0.00,1,Coast,383.2594
3188.0,400,40.000,14.862,53.50,16.60,0.00,1,Coast,383.2594
3189.0,400,40.000,14.751,53.10,16.60,0.00,1,Coast,383.2594
3190.0,400,40.000,14.640,52.71,16.60,0.00,1,Coast,383.2594
3191.0,400,40.000,14.530,52.31,16.60,0.00,1,Coast,383.2594
3192.0,401,40.100,14.419,51.91,16.60,0.00,3,Power,383.2594
3193.0,401,40.100,14.917,53.70,16.60,0.00,1,Coast,384.2880
3194.0,401,40.100,14.819,53.35,16.60,0.00,1,Coast,384.2880
3195.0,401,40.100,14.720,52.99,16.60,0.00,1,Coast,384.2880
3196.0,401,40.100,14.622,52.64,16.60,0.00,1,Coast,384.2880
3197.0,401,40.100,14.524,52.28,16.60,0.00,1,Coast,384.2880
3198.0,401,40.100,14.425,51.93,16.60,0.00,3,Power,384.2880
3199.0,402,40.200,14.923,53.72,16.60,0.00,2,Cruise,385.3165
3200.0,402,40.200,14.923,53.72,16.60,0.00,2,Cruise,385.4079
3201.0,402,40.200,14.923,53.72,16.60,0.00,2,Cruise,385.4992
3202.0,402,40.200,14.923,53.72,16.60,0.00,2,Cruise,385.5906
3203.0,402,40.200,14.923,53.72,16.60,0.00,2,Cruise,385.6819
3204.0,402,40.200,14.923,53.72,16.60,0.00,2,Cruise,385.7733
3205.0,403,40.300,14.923,53.72,16.60,0.00,1,Coast,385.8646
3206.0,403,40.300,14.775,53.19,16.60,0.00,1,Coast,385.8646
3207.0,403,40.300,14.626,52.65,16.60,0.00,1,Coast,385.8646
3208.0,403,40.300,14.478,52.12,16.60,0.00,1,Coast,385.8646
3209.0,403,40.300,14.330,51.59,16.60,0.00,1,Coast,385.8646
3210.0,403,40.300,14.182,51.05,16.60,0.00,1,Coast,385.8646
3211.0,403,40.300,14.034,50.52,16.60,0.00,1,Coast,385.8646
3212.0,404,40.400,13.886,49.99,16.60,0.00,3,Power,385.8646
3213.0,404,40.400,14.478,52.12,16.60,0.00,3,Power,386.8657
3214.0,404,40.400,15.063,54.23,16.60,0.00,2,Cruise,387.8972
3215.0,404,40.400,15.063,54.23,16.60,0.00,2,Cruise,387.9139
3216.0,404,40.400,15.063,54.23,16.60,0.00,2,Cruise,387.9306
3217.0,404,40.400,15.063,54.23,16.60,0.00,2,Cruise,387.9473
3218.0,404,40.400,15.063,54.23,16.60,0.00,2,Cruise,387.9640
3219.0,405,40.500,15.063,54.23,16.60,0.00,1,Coast,387.9807
3220.0,405,40.500,14.970,53.89,16.60,0.00,1,Coast,387.9807
3221.0,405,40.500,14.876,53.56,16.60,0.00,1,Coast,387.9807
3222.0,405,40.500,14.783,53.22,16.60,0.00,1,Coast,387.9807
3223.0,405,40.500,14.690,52.89,16.60,0.00,1,Coast,387.9807
3224.0,405,40.500,14.598,52.55,16.60,0.00,1,Coast,387.9807
3225.0,405,40.500,14.505,52.22,16.60,0.00,3,Power,387.9807
3226.0,406,40.600,15.005,54.02,16.60,0.00,1,Coast,389.0092
3227.0,406,40.600,14.942,53.79,16.60,0.00,1,Coast,389.0092
3228.0,406,40.600,14.880,53.57,16.60,0.00,3,Power,389.0092
3229.0,406,40.600,15.395,55.42,16.60,0.00,1,Coast,390.0378
3230.0,406,40.600,15.332,55.19,16.60,0.00,1,Coast,390.0378
3231.0,406,40.600,15.269,54.97,16.60,0.00,1,Coast,390.0378
3232.0,407,40.700,15.206,54.74,16.60,0.00,1,Coast,390.0378
3233.0,407,40.700,15.141,54.51,16.60,0.00,1,Coast,390.0378
3234.0,407,40.700,15.076,54.27,16.60,0.00,1,Coast,390.0378
3235.0,407,40.700,15.011,54.04,16.60,0.00,1,Coast,390.0378
3236.0,407,40.700,14.946,53.81,16.60,0.00,1,Coast,390.0378
3237.0,407,40.700,14.881,53.57,16.60,0.00,3,Power,390.0378
3238.0,407,40.700,15.394,55.42,16.60,0.00,1,Coast,391.0664
3239.0,408,40.800,15.329,55.18,16.60,0.00,1,Coast,391.0664
3240.0,408,40.800,15.254,54.91,16.60,0.00,1,Coast,391.0664
3241.0,408,40.800,15.179,54.64,16.60,0.00,1,Coast,391.0664
3242.0,408,40.800,15.104,54.37,16.60,0.00,1,Coast,391.0664
3243.0,408,40.800,15.029,54.10,16.60,0.00,1,Coast,391.0664
3244.0,408,40.800,14.954,53.83,16.60,0.00,1,Coast,391.0664
3245.0,408,40.800,14.879,53.56,16.60,0.00,1,Coast,391.0664
3246.0,409,40.900,14.805,53.30,16.60,0.00,1,Coast,391.0664
3247.0,409,40.900,14.693,52.89,16.60,0.00,1,Coast,391.0664
3248.0,409,40.900,14.582,52.49,16.60,0.00,1,Coast,391.0664
3249.0,409,40.900,14.470,52.09,16.60,0.00,1,Coast,391.0664
3250.0,409,40.900,14.359,51.69,16.60,0.00,3,Power,391.0664
3251.0,409,40.900,14.847,53.45,16.60,0.00,1,Coast,392.0946
3252.0,410,41.000,14.735,53.05,16.60,0.00,1,Coast,392.0946
3253.0,410,41.000,14.656,52.76,16.60,0.00,3,Power,392.0946
3254.0,410,41.000,15.164,54.59,16.60,0.00,1,Coast,393.1233
3255.0,410,41.000,15.084,54.30,16.60,0.00,1,Coast,393.1233
3256.0,410,41.000,15.005,54.02,16.60,0.00,1,Coast,393.1233
3257.0,410,41.000,14.925,53.73,16.60,0.00,1,Coast,393.1233
3258.0,410,41.000,14.846,53.45,16.60,0.00,1,Coast,393.1233
3259.0,411,41.100,14.767,53.16,16.60,0.00,3,Power,393.1233
3260.0,411,41.100,15.278,55.00,16.60,0.00,1,Coast,394.1519
3261.0,411,41.100,15.207,54.74,16.60,0.00,1,Coast,394.1519
3262.0,411,41.100,15.135,54.49,16.60,0.00,1,Coast,394.1519
3263.0,411,41.100,15.064,54.23,16.60,0.00,1,Coast,394.1519
3264.0,411,41.100,14.993,53.97,16.60,0.00,1,Coast,394.1519
3265.0,411,41.100,14.922,53.72,16.60,0.00,3,Power,394.1519
3266.0,412,41.200,15.427,55.54,16.60,0.00,1,Coast,395.1801
3267.0,412,41.200,15.369,55.33,16.60,0.00,1,Coast,395.1801
3268.0,412,41.200,15.312,55.12,16.60,0.00,1,Coast,395.1801
3269.0,412,41.200,15.254,54.92,16.60,0.00,1,Coast,395.1801
3270.0,412,41.200,15.197,54.71,16.60,0.00,1,Coast,395.1801
3271.0,412,41.200,15.140,54.50,16.60,0.00,1,Coast,395.1801
3272.0,413,41.300,15.083,54.30,16.60,0.00,1,Coast,395.1801
3273.0,413,41.300,14.985,53.95,16.60,0.00,1,Coast,395.1801
3274.0,413,41.300,14.888,53.60,16.60,0.00,1,Coast,395.1801
3275.0,413,41.300,14.790,53.24,16.60,0.00,1,Coast,395.1801
3276.0,413,41.300,14.693,52.89,16.60,0.00,1,Coast,395.1801
3277.0,413,41.300,14.596,52.55,16.60,0.00,1,Coast,395.1801
3278.0,413,41.300,14.499,52.20,16.60,0.00,1,Coast,395.1801
3279.0,414,41.400,14.402,51.85,16.60,0.00,3,Power,395.1801
3280.0,414,41.400,14.913,53.69,16.60,0.00,1,Coast,396.2091
3281.0,414,41.400,14.826,53.37,16.60,0.00,1,Coast,396.2091
3282.0,414,41.400,14.740,53.06,16.60,0.00,1,Coast,396.2091
3283.0,414,41.400,14.653,52.75,16.60,0.00,1,Coast,396.2091
3284.0,414,41.400,14.567,52.44,16.60,0.00,1,Coast,396.2091
3285.0,414,41.400,14.481,52.13,16.60,0.00,3,Power,396.2091
3286.0,415,41.500,14.988,53.96,16.60,0.00,2,Cruise,397.2380
3287.0,415,41.500,14.988,53.96,16.60,0.00,2,Cruise,397.4541
3288.0,415,41.500,14.988,53.96,16.60,0.00,2,Cruise,397.6703
3289.0,415,41.500,14.988,53.96,16.60,0.00,2,Cruise,397.8865
3290.0,415,41.500,14.988,53.96,16.60,0.00,2,Cruise,398.1026
3291.0,415,41.500,14.988,53.96,16.60,0.00,2,Cruise,398.3188
3292.0,415,41.500,14.988,53.96,16.60,0.00,2,Cruise,398.5350
3293.0,416,41.600,14.988,53.96,16.60,0.00,2,Cruise,398.7511
3294.0,416,41.600,14.995,53.98,16.60,0.00,2,Cruise,398.7511
3295.0,416,41.600,15.002,54.01,16.60,0.00,2,Cruise,398.7511
3296.0,416,41.600,15.009,54.03,16.60,0.00,2,Cruise,398.7511
3297.0,416,41.600,15.015,54.05,16.60,0.00,2,Cruise,398.7511
3298.0,416,41.600,15.022,54.08,16.60,0.00,2,Cruise,398.7511
3299.0,417,41.700,15.029,54.10,16.60,0.00,2,Cruise,398.7511
3300.0,417,41.700,15.029,54.10,16.60,0.00,2,Cruise,398.8606
3301.0,417,41.700,15.029,54.10,16.60,0.00,2,Cruise,398.9701
3302.0,417,41.700,15.029,54.10,16.60,0.00,2,Cruise,399.0796
3303.0,417,41.700,15.029,54.10,16.60,0.00,2,Cruise,399.1891
3304.0,417,41.700,15.029,54.10,16.60,0.00,2,Cruise,399.2986
3305.0,417,41.700,15.029,54.10,16.60,0.00,2,Cruise,399.4081
3306.0,418,41.800,15.029,54.10,16.60,0.00,2,Cruise,399.5176
3307.0,418,41.800,15.029,54.10,16.60,0.00,2,Cruise,399.6326
3308.0,418,41.800,15.029,54.10,16.60,0.00,2,Cruise,399.7475
3309.0,418,41.800,15.029,54.10,16.60,0.00,2,Cruise,399.8624
3310.0,418,41.800,15.029,54.10,16.60,0.00,2,Cruise,399.9774
3311.0,418,41.800,15.029,54.10,16.60,0.00,2,Cruise,400.0923
3312.0,418,41.800,15.029,54.10,16.60,0.00,2,Cruise,400.2073
3313.0,419,41.900,15.029,54.10,16.60,0.00,2,Cruise,400.3222
3314.0,419,41.900,15.029,54.10,16.60,0.00,2,Cruise,400.4650
3315.0,419,41.900,15.029,54.10,16.60,0.00,2,Cruise,400.6077
3316.0,419,41.900,15.029,54.10,16.60,0.00,2,Cruise,400.7505
3317.0,419,41.900,15.029,54.10,16.60,0.00,2,Cruise,400.8932
3318.0,419,41.900,15.029,54.10,16.60,0.00,2,Cruise,401.0360
3319.0,420,42.000,15.029,54.10,16.60,0.00,1,Coast,401.1788
3320.0,420,42.000,14.973,53.90,16.60,0.00,1,Coast,401.1788
3321.0,420,42.000,14.918,53.70,16.60,0.00,1,Coast,401.1788
3322.0,420,42.000,14.862,53.50,16.60,0.00,1,Coast,401.1788
3323.0,420,42.000,14.807,53.31,16.60,0.00,1,Coast,401.1788
3324.0,420,42.000,14.752,53.11,16.60,0.00,1,Coast,401.1788
3325.0,420,42.000,14.697,52.91,16.60,0.00,1,Coast,401.1788
3326.0,421,42.100,14.642,52.71,16.60,0.00,2,Cruise,401.1788
3327.0,421,42.100,14.642,52.71,16.60,0.00,2,Cruise,401.2366
3328.0,421,42.100,14.642,52.71,16.60,0.00,2,Cruise,401.2943
3329.0,421,42.100,14.642,52.71,16.60,0.00,2,Cruise,401.3521
3330.0,421,42.100,14.642,52.71,16.60,0.00,2,Cruise,401.4099
3331.0,421,42.100,14.642,52.71,16.60,0.00,2,Cruise,401.4677
3332.0,421,42.100,14.642,52.71,16.60,0.00,2,Cruise,401.5255
3333.0,422,42.200,14.642,52.71,16.60,0.00,1,Coast,401.5832
3334.0,422,42.200,14.564,52.43,16.60,0.00,1,Coast,401.5832
3335.0,422,42.200,14.486,52.15,16.60,0.00,1,Coast,401.5832
3336.0,422,42.200,14.408,51.87,16.60,0.00,1,Coast,401.5832
3337.0,422,42.200,14.330,51.59,16.60,0.00,1,Coast,401.5832
3338.0,422,42.200,14.253,51.31,16.60,0.00,1,Coast,401.5832
3339.0,422,42.200,14.175,51.03,16.60,0.00,1,Coast,401.5832
3340.0,423,42.300,14.098,50.75,16.60,0.00,1,Coast,401.5832
3341.0,423,42.300,13.940,50.18,16.60,0.00,1,Coast,401.5832
3342.0,423,42.300,13.782,49.61,16.60,0.00,1,Coast,401.5832
3343.0,423,42.300,13.624,49.05,16.60,0.00,1,Coast,401.5832
3344.0,423,42.300,13.466,48.48,16.60,0.00,1,Coast,401.5832
3345.0,423,42.300,13.309,47.91,16.60,0.00,1,Coast,401.5832
3346.0,423,42.300,13.152,47.35,16.60,0.00,1,Coast,401.5832
3347.0,424,42.400,12.994,46.78,16.60,0.00,2,Cruise,401.5832
3348.0,424,42.400,13.248,47.69,16.60,0.00,2,Cruise,401.5832
3349.0,424,42.400,13.501,48.60,16.60,0.00,2,Cruise,401.5832
3350.0,424,42.400,13.753,49.51,16.60,0.00,2,Cruise,401.5832
3351.0,424,42.400,14.006,50.42,16.60,0.00,2,Cruise,401.5832
3352.0,424,42.400,14.258,51.33,16.60,0.00,2,Cruise,401.5832
3353.0,424,42.400,14.509,52.23,16.60,0.00,2,Cruise,401.5832
3354.0,425,42.500,14.761,53.14,16.60,0.00,1,Coast,401.5832
3355.0,425,42.500,14.487,52.15,16.60,0.00,1,Coast,401.5832
3356.0,425,42.500,14.214,51.17,16.60,0.00,1,Coast,401.5832
3357.0,425,42.500,13.941,50.19,16.60,0.00,1,Coast,401.5832
3358.0,425,42.500,13.669,49.21,16.60,0.00,1,Coast,401.5832
3359.0,425,42.500,13.396,48.23,16.60,0.00,1,Coast,401.5832
3360.0,425,42.500,13.124,47.25,16.60,0.00,1,Coast,401.5832
3361.0,426,42.600,12.853,46.27,16.60,0.00,1,Coast,401.5832
3362.0,426,42.600,12.755,45.92,16.60,0.00,1,Coast,401.5832
3363.0,426,42.600,12.657,45.57,16.60,0.00,1,Coast,401.5832
3364.0,426,42.600,12.560,45.21,16.60,0.00,1,Coast,401.5832
3365.0,426,42.600,12.462,44.86,16.60,0.00,1,Coast,401.5832
3366.0,426,42.600,12.365,44.51,16.60,0.00,1,Coast,401.5832
3367.0,426,42.600,12.267,44.16,16.60,0.00,1,Coast,401.5832
3368.0,426,42.600,12.170,43.81,16.60,0.00,1,Coast,401.5832
3369.0,426,42.600,12.073,43.46,16.60,0.00,1,Coast,401.5832
3370.0,427,42.700,11.976,43.11,16.60,0.00,1,Coast,401.5832
3371.0,427,42.700,11.915,42.89,16.60,0.00,1,Coast,401.5832
3372.0,427,42.700,11.854,42.67,16.60,0.00,1,Coast,401.5832
3373.0,427,42.700,11.793,42.45,16.60,0.00,1,Coast,401.5832
3374.0,427,42.700,11.732,42.23,16.60,0.00,1,Coast,401.5832
3375.0,427,42.700,11.671,42.01,16.60,0.00,1,Coast,401.5832
3376.0,427,42.700,11.610,41.79,16.60,0.00,1,Coast,401.5832
3377.0,427,42.700,11.549,41.58,16.60,0.00,1,Coast,401.5832
3378.0,428,42.800,11.488,41.36,16.60,0.00,1,Coast,401.5832
3379.0,428,42.800,11.401,41.04,16.60,0.00,1,Coast,401.5832
3380.0,428,42.800,11.314,40.73,16.60,0.00,1,Coast,401.5832
3381.0,428,42.800,11.227,40.42,16.60,0.00,1,Coast,401.5832
3382.0,428,42.800,11.140,40.10,16.60,0.00,1,Coast,401.5832
3383.0,428,42.800,11.054,39.79,16.60,0.00,1,Coast,401.5832
3384.0,428,42.800,10.967,39.48,16.60,0.00,1,Coast,401.5832
3385.0,428,42.800,10.880,39.17,16.60,0.00,1,Coast,401.5832
3386.0,428,42.800,10.794,38.86,16.60,0.00,1,Coast,401.5832
3387.0,429,42.900,10.707,38.55,16.60,0.00,1,Coast,401.5832
3388.0,429,42.900,10.611,38.20,16.60,0.00,1,Coast,401.5832
3389.0,429,42.900,10.515,37.85,16.60,0.00,1,Coast,401.5832
3390.0,429,42.900,10.418,37.51,16.60,0.00,1,Coast,401.5832
3391.0,429,42.900,10.322,37.16,16.60,0.00,1,Coast,401.5832
3392.0,429,42.900,10.226,36.81,16.60,0.00,1,Coast,401.5832
3393.0,429,42.900,10.130,36.47,16.60,0.00,1,Coast,401.5832
3394.0,429,42.900,10.035,36.12,16.60,0.00,1,Coast,401.5832
3395.0,429,42.900,9.939,35.78,16.60,0.00,1,Coast,401.5832
3396.0,429,42.900,9.843,35.44,16.60,0.00,1,Coast,401.5832
3397.0,430,43.000,9.748,35.09,16.60,0.00,1,Coast,401.5832
3398.0,430,43.000,9.657,34.76,16.60,0.00,1,Coast,401.5832
3399.0,430,43.000,9.566,34.44,16.60,0.00,1,Coast,401.5832
3400.0,430,43.000,9.475,34.11,16.60,0.00,1,Coast,401.5832
3401.0,430,43.000,9.385,33.79,16.60,0.00,1,Coast,401.5832
3402.0,430,43.000,9.294,33.46,16.60,0.00,1,Coast,401.5832
3403.0,430,43.000,9.204,33.13,16.60,0.00,1,Coast,401.5832
3404.0,430,43.000,9.113,32.81,16.60,0.00,1,Coast,401.5832
3405.0,430,43.000,9.023,32.48,16.60,0.00,1,Coast,401.5832
3406.0,430,43.000,8.933,32.16,16.60,0.00,1,Coast,401.5832
3407.0,431,43.100,8.843,31.83,16.60,0.00,1,Coast,401.5832
3408.0,431,43.100,8.789,31.64,16.60,0.00,1,Coast,401.5832
3409.0,431,43.100,8.735,31.45,16.60,0.00,1,Coast,401.5832
3410.0,431,43.100,8.681,31.25,16.60,0.00,1,Coast,401.5832
3411.0,431,43.100,8.628,31.06,16.60,0.00,1,Coast,401.5832
3412.0,431,43.100,8.574,30.87,16.60,0.00,1,Coast,401.5832
3413.0,431,43.100,8.521,30.67,16.60,0.00,1,Coast,401.5832
3414.0,431,43.100,8.467,30.48,16.60,0.00,1,Coast,401.5832
3415.0,431,43.100,8.413,30.29,16.60,0.00,1,Coast,401.5832
3416.0,431,43.100,8.360,30.10,16.60,0.00,1,Coast,401.5832
3417.0,431,43.100,8.307,29.90,16.60,0.00,1,Coast,401.5832
3418.0,431,43.100,8.253,29.71,16.60,0.00,1,Coast,401.5832
3419.0,432,43.200,8.200,29.52,16.60,0.00,1,Coast,401.5832
3420.0,432,43.200,8.144,29.32,16.60,0.00,1,Coast,401.5832
3421.0,432,43.200,8.089,29.12,16.60,0.00,1,Coast,401.5832
3422.0,432,43.200,8.033,28.92,16.60,0.00,1,Coast,401.5832
3423.0,432,43.200,7.978,28.72,16.60,0.00,1,Coast,401.5832
3424.0,432,43.200,7.923,28.52,16.60,0.00,1,Coast,401.5832
3425.0,432,43.200,7.867,28.32,16.60,0.00,1,Coast,401.5832
3426.0,432,43.200,7.812,28.12,16.60,0.00,1,Coast,401.5832
3427.0,432,43.200,7.757,27.93,16.60,0.00,1,Coast,401.5832
3428.0,432,43.200,7.702,27.73,16.60,0.00,1,Coast,401.5832
3429.0,432,43.200,7.647,27.53,16.60,0.00,1,Coast,401.5832
3430.0,432,43.200,7.592,27.33,16.60,0.00,1,Coast,401.5832
3431.0,432,43.200,7.537,27.13,16.60,0.00,1,Coast,401.5832
3432.0,433,43.300,7.482,26.93,22.20,0.00,3,Power,401.5832
3433.0,433,43.300,8.082,29.09,22.20,0.00,3,Power,402.6349
3434.0,433,43.300,8.682,31.25,22.20,0.00,1,Coast,403.6835
3435.0,433,43.300,8.644,31.12,22.20,0.00,1,Coast,403.6835
3436.0,433,43.300,8.607,30.99,22.20,0.00,1,Coast,403.6835
3437.0,433,43.300,8.570,30.85,22.20,0.00,1,Coast,403.6835
3438.0,433,43.300,8.532,30.72,22.20,0.00,3,Power,403.6835
3439.0,433,43.300,9.132,32.88,22.20,0.00,1,Coast,404.7302
3440.0,433,43.300,9.094,32.74,22.20,0.00,1,Coast,404.7302
3441.0,433,43.300,9.057,32.60,22.20,0.00,1,Coast,404.7302
3442.0,433,43.300,9.019,32.47,22.20,0.00,1,Coast,404.7302
3443.0,434,43.400,8.981,32.33,1.00,0.00,1,Coast,404.7302
3444.0,434,43.400,8.900,32.04,1.00,0.00,1,Coast,404.7302
3445.0,434,43.400,8.820,31.75,1.00,0.00,1,Coast,404.7302
3446.0,434,43.400,8.739,31.46,1.00,0.00,1,Coast,404.7302
3447.0,434,43.400,8.658,31.17,1.00,0.00,1,Coast,404.7302
3448.0,434,43.400,8.577,30.88,1.00,0.00,1,Coast,404.7302
3449.0,434,43.400,8.497,30.59,1.00,0.00,1,Coast,404.7302
3450.0,434,43.400,8.416,30.30,1.00,0.00,1,Coast,404.7302
3451.0,434,43.400,8.336,30.01,1.00,0.00,1,Coast,404.7302
3452.0,434,43.400,8.256,29.72,1.00,0.00,1,Coast,404.7302
3453.0,434,43.400,8.175,29.43,1.00,0.00,1,Coast,404.7302
3454.0,434,43.400,8.095,29.14,1.00,0.00,1,Coast,404.7302
3455.0,435,43.500,8.015,28.85,22.20,0.00,3,Power,404.7302
3456.0,435,43.500,8.615,31.01,22.20,0.00,3,Power,405.7791
3457.0,435,43.500,9.215,33.17,22.20,0.00,3,Power,406.8255
3458.0,435,43.500,9.815,35.33,22.20,0.00,3,Power,407.8695
3459.0,435,43.500,10.415,37.49,22.20,0.00,3,Power,408.9115
3460.0,435,43.500,11.015,39.65,22.20,0.00,3,Power,409.6679
3461.0,435,43.500,11.615,41.81,22.20,0.00,3,Power,410.4666
3462.0,435,43.500,12.215,43.97,22.20,0.00,3,Power,411.3076
3463.0,435,43.500,12.815,46.13,22.20,0.00,3,Power,412.1911
3464.0,435,43.500,13.415,48.29,22.20,0.00,3,Power,413.1168
3465.0,436,43.600,14.015,50.45,22.20,0.00,3,Power,414.0850
3466.0,436,43.600,14.615,52.61,22.20,0.00,3,Power,415.0954
3467.0,436,43.600,15.215,54.77,22.20,0.00,3,Power,416.1273
3468.0,436,43.600,15.793,56.86,22.20,0.00,3,Power,417.1576
3469.0,436,43.600,16.350,58.86,22.20,0.00,3,Power,418.1865
3470.0,436,43.600,16.887,60.79,22.20,0.00,3,Power,419.2143
3471.0,437,43.700,17.407,62.66,22.20,0.00,3,Power,420.2409
3472.0,437,43.700,18.007,64.82,22.20,0.00,3,Power,421.2695
3473.0,437,43.700,18.594,66.94,22.20,0.00,3,Power,422.2971
3474.0,437,43.700,19.165,69.00,22.20,0.00,2,Cruise,423.3237
3475.0,437,43.700,19.274,69.38,22.20,0.00,2,Cruise,423.3237
3476.0,438,43.800,19.382,69.77,22.20,0.00,1,Coast,423.3237
3477.0,438,43.800,19.199,69.12,22.20,0.00,1,Coast,423.3237
3478.0,438,43.800,19.016,68.46,22.20,0.00,1,Coast,423.3237
3479.0,438,43.800,18.834,67.80,22.20,0.00,1,Coast,423.3237
3480.0,438,43.800,18.652,67.15,22.20,0.00,1,Coast,423.3237
3481.0,438,43.800,18.470,66.49,22.20,0.00,1,Coast,423.3237
3482.0,439,43.900,18.289,65.84,22.20,0.00,1,Coast,423.3237
3483.0,439,43.900,18.015,64.85,22.20,0.00,1,Coast,423.3237
3484.0,439,43.900,17.742,63.87,22.20,0.00,1,Coast,423.3237
3485.0,439,43.900,17.469,62.89,22.20,0.00,1,Coast,423.3237
3486.0,439,43.900,17.197,61.91,22.20,0.00,3,Power,423.3237
3487.0,440,44.000,17.425,62.73,22.20,0.00,3,Power,424.3415
3488.0,440,44.000,17.790,64.04,22.20,0.00,3,Power,425.3632
3489.0,440,44.000,18.145,65.32,22.20,0.00,3,Power,426.3844
3490.0,440,44.000,18.490,66.56,22.20,0.00,1,Coast,427.4052
3491.0,440,44.000,18.360,66.10,22.20,0.00,1,Coast,427.4052
3492.0,440,44.000,18.231,65.63,22.20,0.00,1,Coast,427.4052
3493.0,441,44.100,18.102,65.17,22.20,0.00,3,Power,427.4052
3494.0,441,44.100,18.533,66.72,22.20,0.00,3,Power,428.4283
3495.0,441,44.100,18.953,68.23,22.20,0.00,3,Power,429.4509
3496.0,441,44.100,19.361,69.70,22.20,0.00,2,Cruise,430.4729
3497.0,441,44.100,19.361,69.70,22.20,0.00,2,Cruise,430.5763
3498.0,442,44.200,19.361,69.70,22.20,0.00,2,Cruise,430.6797
3499.0,442,44.200,19.673,70.82,22.20,0.00,2,Cruise,430.6797
3500.0,442,44.200,19.985,71.94,22.20,0.00,2,Cruise,430.6797
3501.0,442,44.200,20.296,73.06,22.20,0.00,2,Cruise,430.6797
3502.0,442,44.200,20.606,74.18,22.20,0.00,2,Cruise,430.6797
3503.0,443,44.300,20.916,75.30,22.20,0.00,1,Coast,430.6797
3504.0,443,44.300,20.558,74.01,22.20,0.00,1,Coast,430.6797
3505.0,443,44.300,20.201,72.72,22.20,0.00,1,Coast,430.6797
3506.0,443,44.300,19.844,71.44,22.20,0.00,1,Coast,430.6797
3507.0,443,44.300,19.488,70.16,22.20,0.00,1,Coast,430.6797
3508.0,444,44.400,19.132,68.88,22.20,0.00,1,Coast,430.6797
3509.0,444,44.400,18.922,68.12,22.20,0.00,1,Coast,430.6797
3510.0,444,44.400,18.712,67.36,22.20,0.00,1,Coast,430.6797
3511.0,444,44.400,18.502,66.61,22.20,0.00,1,Coast,430.6797
3512.0,444,44.400,18.293,65.85,22.20,0.00,1,Coast,430.6797
3513.0,444,44.400,18.084,65.10,22.20,0.00,1,Coast,430.6797
3514.0,445,44.500,17.875,64.35,22.20,0.00,3,Power,430.6797
3515.0,445,44.500,18.244,65.68,22.20,0.00,3,Power,431.7012
3516.0,445,44.500,18.602,66.97,22.20,0.00,3,Power,432.7223
3517.0,445,44.500,18.952,68.23,22.20,0.00,1,Coast,433.7429
3518.0,445,44.500,18.838,67.82,22.20,0.00,2,Cruise,433.7429
3519.0,446,44.600,18.838,67.82,22.20,0.00,3,Power,433.9938
3520.0,446,44.600,19.235,69.25,22.20,0.00,3,Power,435.0155
3521.0,446,44.600,19.622,70.64,22.20,0.00,2,Cruise,436.0368
3522.0,446,44.600,19.622,70.64,22.20,0.00,2,Cruise,436.1768
3523.0,446,44.600,19.622,70.64,22.20,0.00,2,Cruise,436.3168
3524.0,447,44.700,19.622,70.64,22.20,0.00,2,Cruise,436.4568
3525.0,447,44.700,19.622,70.64,22.20,0.00,2,Cruise,436.6530
3526.0,447,44.700,19.622,70.64,22.20,0.00,2,Cruise,436.8492
3527.0,447,44.700,19.622,70.64,22.20,0.00,2,Cruise,437.0454
3528.0,447,44.700,19.622,70.64,22.20,0.00,2,Cruise,437.2417
3529.0,448,44.800,19.622,70.64,22.20,0.00,1,Coast,437.4379
3530.0,448,44.800,19.522,70.28,22.20,0.00,1,Coast,437.4379
3531.0,448,44.800,19.422,69.92,22.20,0.00,1,Coast,437.4379
3532.0,448,44.800,19.323,69.56,22.20,0.00,1,Coast,437.4379
3533.0,448,44.800,19.224,69.21,22.20,0.00,2,Cruise,437.4379
3534.0,449,44.900,19.224,69.21,22.20,0.00,1,Coast,437.6621
3535.0,449,44.900,19.119,68.83,22.20,0.00,1,Coast,437.6621
3536.0,449,44.900,19.014,68.45,22.20,0.00,3,Power,437.6621
3537.0,449,44.900,19.362,69.70,22.20,0.00,1,Coast,438.6825
3538.0,449,44.900,19.257,69.33,22.20,0.00,1,Coast,438.6825
3539.0,449,44.900,19.153,68.95,22.20,0.00,1,Coast,438.6825
3540.0,450,45.000,19.048,68.57,22.20,0.00,3,Power,438.6825
3541.0,450,45.000,19.401,69.84,22.20,0.00,1,Coast,439.7030
3542.0,450,45.000,19.303,69.49,22.20,0.00,1,Coast,439.7030
3543.0,450,45.000,19.204,69.14,22.20,0.00,2,Cruise,439.7030
3544.0,450,45.000,19.204,69.14,22.20,0.00,2,Cruise,439.9249
3545.0,451,45.100,19.204,69.14,22.20,0.00,3,Power,440.1468
3546.0,451,45.100,19.560,70.42,22.20,0.00,1,Coast,441.1673
3547.0,451,45.100,19.469,70.09,22.20,0.00,1,Coast,441.1673
3548.0,451,45.100,19.377,69.76,22.20,0.00,1,Coast,441.1673
3549.0,451,45.100,19.285,69.43,22.20,0.00,3,Power,441.1673
3550.0,452,45.200,19.639,70.70,22.20,0.00,1,Coast,442.1877
3551.0,452,45.200,19.538,70.34,22.20,0.00,1,Coast,442.1877
3552.0,452,45.200,19.436,69.97,22.20,0.00,1,Coast,442.1877
3553.0,452,45.200,19.335,69.61,22.20,0.00,1,Coast,442.1877
3554.0,452,45.200,19.234,69.24,22.20,0.00,1,Coast,442.1877
3555.0,453,45.300,19.133,68.88,22.20,0.00,1,Coast,442.1877
3556.0,453,45.300,19.007,68.43,22.20,0.00,1,Coast,442.1877
3557.0,453,45.300,18.882,67.98,22.20,0.00,1,Coast,442.1877
3558.0,453,45.300,18.757,67.52,22.20,0.00,1,Coast,442.1877
3559.0,453,45.300,18.632,67.07,22.20,0.00,1,Coast,442.1877
3560.0,454,45.400,18.507,66.63,22.20,0.00,3,Power,442.1877
3561.0,454,45.400,18.865,67.92,22.20,0.00,2,Cruise,443.2086
3562.0,454,45.400,18.865,67.92,22.20,0.00,2,Cruise,443.4453
3563.0,454,45.400,18.865,67.92,22.20,0.00,2,Cruise,443.6820
3564.0,454,45.400,18.865,67.92,22.20,0.00,2,Cruise,443.9187
3565.0,454,45.400,18.865,67.92,22.20,0.00,2,Cruise,444.1553
3566.0,455,45.500,18.865,67.92,22.20,0.00,1,Coast,444.3920
3567.0,455,45.500,18.712,67.36,22.20,0.00,1,Coast,444.3920
3568.0,455,45.500,18.558,66.81,22.20,0.00,1,Coast,444.3920
3569.0,455,45.500,18.405,66.26,22.20,0.00,1,Coast,444.3920
3570.0,455,45.500,18.252,65.71,22.20,0.00,1,Coast,444.3920
3571.0,456,45.600,18.099,65.16,22.20,0.00,3,Power,444.3920
3572.0,456,45.600,18.533,66.72,22.20,0.00,3,Power,445.4153
3573.0,456,45.600,18.956,68.24,22.20,0.00,3,Power,446.4379
3574.0,456,45.600,19.367,69.72,22.20,0.00,3,Power,447.4600
3575.0,456,45.600,19.769,71.17,22.20,0.00,2,Cruise,448.4816
3576.0,457,45.700,19.769,71.17,22.20,0.00,3,Power,448.5815
3577.0,457,45.700,20.172,72.62,22.20,0.00,2,Cruise,449.6029
3578.0,457,45.700,20.172,72.62,22.20,0.00,2,Cruise,449.6795
3579.0,457,45.700,20.172,72.62,22.20,0.00,2,Cruise,449.7560
3580.0,457,45.700,20.172,72.62,22.20,0.00,2,Cruise,449.8325
3581.0,458,45.800,20.172,72.62,22.20,0.00,1,Coast,449.9091
3582.0,458,45.800,20.046,72.17,22.20,0.00,1,Coast,449.9091
3583.0,458,45.800,19.921,71.72,22.20,0.00,1,Coast,449.9091
3584.0,458,45.800,19.796,71.26,22.20,0.00,1,Coast,449.9091
3585.0,458,45.800,19.671,70.81,22.20,0.00,1,Coast,449.9091
3586.0,459,45.900,19.546,70.36,22.20,0.00,1,Coast,449.9091
3587.0,459,45.900,19.438,69.98,22.20,0.00,1,Coast,449.9091
3588.0,459,45.900,19.331,69.59,22.20,0.00,1,Coast,449.9091
3589.0,459,45.900,19.224,69.21,22.20,0.00,1,Coast,449.9091
3590.0,459,45.900,19.117,68.82,22.20,0.00,3,Power,449.9091
3591.0,460,46.000,19.459,70.05,22.20,0.00,1,Coast,450.9292
3592.0,460,46.000,19.346,69.65,22.20,0.00,1,Coast,450.9292
3593.0,460,46.000,19.233,69.24,22.20,0.00,1,Coast,450.9292
3594.0,460,46.000,19.121,68.83,22.20,0.00,1,Coast,450.9292
3595.0,460,46.000,19.008,68.43,22.20,0.00,1,Coast,450.9292
3596.0,460,46.000,18.896,68.02,22.20,0.00,3,Power,450.9292
3597.0,461,46.100,19.238,69.26,22.20,0.00,1,Coast,451.9495
3598.0,461,46.100,19.110,68.79,22.20,0.00,1,Coast,451.9495
3599.0,461,46.100,18.981,68.33,22.20,0.00,1,Coast,451.9495
3600.0,461,46.100,18.853,67.87,22.20,0.00,1,Coast,451.9495
3601.0,461,46.100,18.725,67.41,22.20,0.00,1,Coast,451.9495
3602.0,462,46.200,18.597,66.95,22.20,0.00,1,Coast,451.9495
3603.0,462,46.200,18.455,66.44,22.20,0.00,3,Power,451.9495
3604.0,462,46.200,18.780,67.61,22.20,0.00,1,Coast,452.9695
3605.0,462,46.200,18.638,67.10,22.20,0.00,1,Coast,452.9695
3606.0,462,46.200,18.496,66.59,22.20,0.00,3,Power,452.9695
3607.0,463,46.300,18.820,67.75,22.20,0.00,3,Power,453.9895
3608.0,463,46.300,19.206,69.14,22.20,0.00,3,Power,455.0109
3609.0,463,46.300,19.582,70.49,22.20,0.00,2,Cruise,456.0320
3610.0,463,46.300,19.582,70.49,22.20,0.00,2,Cruise,456.1976
3611.0,463,46.300,19.582,70.49,22.20,0.00,2,Cruise,456.3632
3612.0,463,46.300,19.582,70.49,22.20,0.00,2,Cruise,456.5288
3613.0,464,46.400,19.582,70.49,22.20,0.00,3,Power,456.6945
3614.0,464,46.400,19.945,71.80,22.20,0.00,1,Coast,457.7149
3615.0,464,46.400,19.868,71.53,22.20,0.00,1,Coast,457.7149
3616.0,464,46.400,19.792,71.25,22.20,0.00,1,Coast,457.7149
3617.0,464,46.400,19.716,70.98,22.20,0.00,2,Cruise,457.7149
3618.0,465,46.500,19.716,70.98,22.20,0.00,1,Coast,457.8916
3619.0,465,46.500,19.585,70.51,22.20,0.00,1,Coast,457.8916
3620.0,465,46.500,19.455,70.04,22.20,0.00,1,Coast,457.8916
3621.0,465,46.500,19.325,69.57,22.20,0.00,1,Coast,457.8916
3622.0,465,46.500,19.195,69.10,22.20,0.00,1,Coast,457.8916
3623.0,466,46.600,19.066,68.64,22.20,0.00,3,Power,457.8916
3624.0,466,46.600,19.413,69.89,22.20,0.00,1,Coast,458.9119
3625.0,466,46.600,19.309,69.51,22.20,0.00,1,Coast,458.9119
3626.0,466,46.600,19.205,69.14,22.20,0.00,1,Coast,458.9119
3627.0,466,46.600,19.101,68.76,22.20,0.00,3,Power,458.9119
3628.0,467,46.700,19.447,70.01,22.20,0.00,1,Coast,459.9322
3629.0,467,46.700,19.352,69.67,22.20,0.00,3,Power,459.9322
3630.0,467,46.700,19.701,70.92,22.20,0.00,1,Coast,460.9524
3631.0,467,46.700,19.605,70.58,22.20,0.00,1,Coast,460.9524
3632.0,467,46.700,19.510,70.23,22.20,0.00,1,Coast,460.9524
3633.0,468,46.800,19.414,69.89,22.20,0.00,1,Coast,460.9524
3634.0,468,46.800,19.307,69.50,22.20,0.00,1,Coast,460.9524
3635.0,468,46.800,19.199,69.12,22.20,0.00,3,Power,460.9524
3636.0,468,46.800,19.540,70.34,22.20,0.00,1,Coast,461.9725
3637.0,468,46.800,19.432,69.95,22.20,0.00,1,Coast,461.9725
3638.0,469,46.900,19.324,69.57,22.20,0.00,1,Coast,461.9725
3639.0,469,46.900,19.199,69.12,22.20,0.00,1,Coast,461.9725
3640.0,469,46.900,19.073,68.66,22.20,0.00,1,Coast,461.9725
3641.0,469,46.900,18.948,68.21,22.20,0.00,1,Coast,461.9725
3642.0,469,46.900,18.823,67.76,22.20,0.00,3,Power,461.9725
3643.0,470,47.000,19.155,68.96,22.20,0.00,1,Coast,462.9925
3644.0,470,47.000,19.027,68.50,22.20,0.00,1,Coast,462.9925
3645.0,470,47.000,18.899,68.04,22.20,0.00,1,Coast,462.9925
3646.0,470,47.000,18.771,67.58,22.20,0.00,1,Coast,462.9925
3647.0,470,47.000,18.644,67.12,22.20,0.00,3,Power,462.9925
3648.0,470,47.000,18.978,68.32,22.20,0.00,1,Coast,464.0127
3649.0,471,47.100,18.850,67.86,22.20,0.00,3,Power,464.0127
3650.0,471,47.100,19.205,69.14,22.20,0.00,3,Power,465.0333
3651.0,471,47.100,19.552,70.39,22.20,0.00,1,Coast,466.0536
3652.0,471,47.100,19.451,70.02,22.20,0.00,1,Coast,466.0536
3653.0,471,47.100,19.350,69.66,22.20,0.00,1,Coast,466.0536
3654.0,472,47.200,19.249,69.30,22.20,0.00,1,Coast,466.0536
3655.0,472,47.200,19.093,68.73,22.20,0.00,1,Coast,466.0536
3656.0,472,47.200,18.937,68.17,22.20,0.00,1,Coast,466.0536
3657.0,472,47.200,18.781,67.61,22.20,0.00,1,Coast,466.0536
3658.0,472,47.200,18.625,67.05,22.20,0.00,1,Coast,466.0536
3659.0,473,47.300,18.470,66.49,22.20,0.00,3,Power,466.0536
3660.0,473,47.300,18.883,67.98,22.20,0.00,3,Power,467.0760
3661.0,473,47.300,19.285,69.43,22.20,0.00,3,Power,468.0979
3662.0,473,47.300,19.678,70.84,22.20,0.00,3,Power,469.1193
3663.0,473,47.300,20.061,72.22,22.20,0.00,2,Cruise,470.1402
3664.0,474,47.400,20.061,72.22,22.20,0.00,2,Cruise,470.2688
3665.0,474,47.400,20.061,72.22,22.20,0.00,2,Cruise,470.4052
3666.0,474,47.400,20.061,72.22,22.20,0.00,2,Cruise,470.5416
3667.0,474,47.400,20.061,72.22,22.20,0.00,2,Cruise,470.6780
3668.0,474,47.400,20.061,72.22,22.20,0.00,2,Cruise,470.8144
3669.0,475,47.500,20.061,72.22,22.20,0.00,1,Coast,470.9508
3670.0,475,47.500,19.953,71.83,22.20,0.00,1,Coast,470.9508
3671.0,475,47.500,19.845,71.44,22.20,0.00,1,Coast,470.9508
3672.0,475,47.500,19.738,71.06,22.20,0.00,1,Coast,470.9508
3673.0,475,47.500,19.631,70.67,22.20,0.00,1,Coast,470.9508
3674.0,476,47.600,19.524,70.29,22.20,0.00,1,Coast,470.9508
3675.0,476,47.600,19.407,69.86,22.20,0.00,1,Coast,470.9508
3676.0,476,47.600,19.290,69.44,22.20,0.00,1,Coast,470.9508
3677.0,476,47.600,19.173,69.02,22.20,0.00,1,Coast,470.9508
3678.0,476,47.600,19.056,68.60,22.20,0.00,1,Coast,470.9508
3679.0,476,47.600,18.940,68.18,22.20,0.00,1,Coast,470.9508
3680.0,477,47.700,18.824,67.77,22.20,0.00,1,Coast,470.9508
3681.0,477,47.700,18.697,67.31,22.20,0.00,1,Coast,470.9508
3682.0,477,47.700,18.569,66.85,22.20,0.00,1,Coast,470.9508
3683.0,477,47.700,18.442,66.39,22.20,0.00,1,Coast,470.9508
3684.0,477,47.700,18.316,65.94,22.20,0.00,1,Coast,470.9508
3685.0,478,47.800,18.189,65.48,22.20,0.00,3,Power,470.9508
3686.0,478,47.800,18.741,67.47,22.20,0.00,3,Power,471.9772
3687.0,478,47.800,19.279,69.40,22.20,0.00,2,Cruise,473.0028
3688.0,478,47.800,19.357,69.68,22.20,0.00,2,Cruise,473.0028
3689.0,478,47.800,19.435,69.97,22.20,0.00,2,Cruise,473.0028
3690.0,479,47.900,19.513,70.25,22.20,0.00,1,Coast,473.0028
3691.0,479,47.900,19.287,69.43,22.20,0.00,1,Coast,473.0028
3692.0,479,47.900,19.062,68.62,22.20,0.00,1,Coast,473.0028
3693.0,479,47.900,18.838,67.82,22.20,0.00,1,Coast,473.0028
3694.0,479,47.900,18.613,67.01,22.20,0.00,1,Coast,473.0028
3695.0,479,47.900,18.389,66.20,22.20,0.00,1,Coast,473.0028
3696.0,480,48.000,18.166,65.40,22.20,0.00,3,Power,473.0028
3697.0,480,48.000,18.650,67.14,22.20,0.00,3,Power,474.0274
3698.0,480,48.000,19.122,68.84,22.20,0.00,3,Power,475.0513
3699.0,480,48.000,19.582,70.49,22.20,0.00,2,Cruise,476.0746
3700.0,480,48.000,19.591,70.53,22.20,0.00,2,Cruise,476.0746
3701.0,481,48.100,19.601,70.56,22.20,0.00,3,Power,476.0746
3702.0,481,48.100,20.048,72.17,22.20,0.00,2,Cruise,477.0973
3703.0,481,48.100,20.056,72.20,22.20,0.00,2,Cruise,477.0973
3704.0,481,48.100,20.064,72.23,22.20,0.00,2,Cruise,477.0973
3705.0,481,48.100,20.072,72.26,22.20,0.00,2,Cruise,477.0973
3706.0,482,48.200,20.080,72.29,22.20,0.00,2,Cruise,477.0973
3707.0,482,48.200,20.080,72.29,22.20,0.00,2,Cruise,477.2755
3708.0,482,48.200,20.080,72.29,22.20,0.00,2,Cruise,477.4538
3709.0,482,48.200,20.080,72.29,22.20,0.00,2,Cruise,477.6320
3710.0,482,48.200,20.080,72.29,22.20,0.00,2,Cruise,477.8103
3711.0,483,48.300,20.080,72.29,22.20,0.00,2,Cruise,477.9885
3712.0,483,48.300,20.080,72.29,22.20,0.00,2,Cruise,478.1598
3713.0,483,48.300,20.080,72.29,22.20,0.00,2,Cruise,478.3310
3714.0,483,48.300,20.080,72.29,22.20,0.00,2,Cruise,478.5023
3715.0,483,48.300,20.080,72.29,22.20,0.00,2,Cruise,478.6735
3716.0,484,48.400,20.080,72.29,22.20,0.00,1,Coast,478.8447
3717.0,484,48.400,19.954,71.83,22.20,0.00,1,Coast,478.8447
3718.0,484,48.400,19.827,71.38,22.20,0.00,1,Coast,478.8447
3719.0,484,48.400,19.701,70.92,22.20,0.00,1,Coast,478.8447
3720.0,484,48.400,19.574,70.47,22.20,0.00,1,Coast,478.8447
3721.0,485,48.500,19.448,70.01,22.20,0.00,2,Cruise,478.8447
3722.0,485,48.500,19.448,70.01,22.20,0.00,2,Cruise,479.0741
3723.0,485,48.500,19.448,70.01,22.20,0.00,2,Cruise,479.3034
3724.0,485,48.500,19.448,70.01,22.20,0.00,2,Cruise,479.5328
3725.0,485,48.500,19.448,70.01,22.20,0.00,2,Cruise,479.7621
3726.0,486,48.600,19.448,70.01,22.20,0.00,2,Cruise,479.9915
3727.0,486,48.600,19.448,70.01,22.20,0.00,2,Cruise,480.1416
3728.0,486,48.600,19.448,70.01,22.20,0.00,2,Cruise,480.2918
3729.0,486,48.600,19.448,70.01,22.20,0.00,2,Cruise,480.4419
3730.0,486,48.600,19.448,70.01,22.20,0.00,2,Cruise,480.5921
3731.0,487,48.700,19.448,70.01,22.20,0.00,2,Cruise,480.7422
3732.0,487,48.700,19.448,70.01,22.20,0.00,2,Cruise,480.8752
3733.0,487,48.700,19.448,70.01,22.20,0.00,2,Cruise,481.0083
3734.0,487,48.700,19.448,70.01,22.20,0.00,2,Cruise,481.1413
3735.0,487,48.700,19.448,70.01,22.20,0.00,2,Cruise,481.2744
3736.0,488,48.800,19.448,70.01,22.20,0.00,2,Cruise,481.4074
3737.0,488,48.800,19.448,70.01,22.20,0.00,2,Cruise,481.4225
3738.0,488,48.800,19.448,70.01,22.20,0.00,2,Cruise,481.4376
3739.0,488,48.800,19.448,70.01,22.20,0.00,2,Cruise,481.4527
3740.0,488,48.800,19.448,70.01,22.20,0.00,2,Cruise,481.4678
3741.0,489,48.900,19.448,70.01,22.20,0.00,2,Cruise,481.4829
3742.0,489,48.900,19.448,70.01,22.20,0.00,2,Cruise,481.6394
3743.0,489,48.900,19.448,70.01,22.20,0.00,2,Cruise,481.7958
3744.0,489,48.900,19.448,70.01,22.20,0.00,2,Cruise,481.9523
3745.0,489,48.900,19.448,70.01,22.20,0.00,2,Cruise,482.1087
3746.0,489,48.900,19.448,70.01,22.20,0.00,2,Cruise,482.2652
3747.0,490,49.000,19.448,70.01,22.20,0.00,2,Cruise,482.4217
3748.0,490,49.000,19.448,70.01,22.20,0.00,2,Cruise,482.5779
3749.0,490,49.000,19.448,70.01,22.20,0.00,2,Cruise,482.7342
3750.0,490,49.000,19.448,70.01,22.20,0.00,2,Cruise,482.8904
3751.0,490,49.000,19.448,70.01,22.20,0.00,2,Cruise,483.0467
3752.0,491,49.100,19.448,70.01,22.20,0.00,2,Cruise,483.2029
3753.0,491,49.100,19.480,70.13,22.20,0.00,2,Cruise,483.2029
3754.0,491,49.100,19.513,70.25,22.20,0.00,2,Cruise,483.2029
3755.0,491,49.100,19.545,70.36,22.20,0.00,2,Cruise,483.2029
3756.0,491,49.100,19.577,70.48,22.20,0.00,2,Cruise,483.2029
3757.0,492,49.200,19.609,70.59,22.20,0.00,2,Cruise,483.2029
3758.0,492,49.200,19.609,70.59,22.20,0.00,2,Cruise,483.2237
3759.0,492,49.200,19.609,70.59,22.20,0.00,2,Cruise,483.2445
3760.0,492,49.200,19.609,70.59,22.20,0.00,2,Cruise,483.2652
3761.0,492,49.200,19.609,70.59,22.20,0.00,2,Cruise,483.2860
3762.0,493,49.300,19.609,70.59,22.20,0.00,1,Coast,483.3068
3763.0,493,49.300,19.525,70.29,22.20,0.00,1,Coast,483.3068
3764.0,493,49.300,19.441,69.99,22.20,0.00,1,Coast,483.3068
3765.0,493,49.300,19.358,69.69,22.20,0.00,1,Coast,483.3068
3766.0,493,49.300,19.274,69.39,22.20,0.00,1,Coast,483.3068
3767.0,494,49.400,19.191,69.09,22.20,0.00,1,Coast,483.3068
3768.0,494,49.400,19.150,68.94,22.20,0.00,1,Coast,483.3068
3769.0,494,49.400,19.109,68.79,22.20,0.00,1,Coast,483.3068
3770.0,494,49.400,19.068,68.64,22.20,0.00,1,Coast,483.3068
3771.0,494,49.400,19.027,68.50,22.20,0.00,1,Coast,483.3068
3772.0,495,49.500,18.986,68.35,22.20,0.00,2,Cruise,483.3068
3773.0,495,49.500,18.986,68.35,22.20,0.00,2,Cruise,483.3426
3774.0,495,49.500,18.986,68.35,22.20,0.00,2,Cruise,483.3785
3775.0,495,49.500,18.986,68.35,22.20,0.00,2,Cruise,483.4143
3776.0,495,49.500,18.986,68.35,22.20,0.00,2,Cruise,483.4502
3777.0,495,49.500,18.986,68.35,22.20,0.00,2,Cruise,483.4860
3778.0,496,49.600,18.986,68.35,22.20,0.00,1,Coast,483.5218
3779.0,496,49.600,18.960,68.26,22.20,0.00,1,Coast,483.5218
3780.0,496,49.600,18.934,68.16,22.20,0.00,1,Coast,483.5218
3781.0,496,49.600,18.907,68.07,22.20,0.00,1,Coast,483.5218
3782.0,496,49.600,18.881,67.97,22.20,0.00,1,Coast,483.5218
3783.0,497,49.700,18.855,67.88,22.20,0.00,2,Cruise,483.5218
3784.0,497,49.700,18.890,68.00,22.20,0.00,2,Cruise,483.5218
3785.0,497,49.700,18.925,68.13,22.20,0.00,2,Cruise,483.5218
3786.0,497,49.700,18.961,68.26,22.20,0.00,2,Cruise,483.5218
3787.0,497,49.700,18.996,68.39,22.20,0.00,2,Cruise,483.5218
3788.0,498,49.800,19.031,68.51,22.20,0.00,2,Cruise,483.5218
3789.0,498,49.800,19.034,68.52,22.20,0.00,2,Cruise,483.5218
3790.0,498,49.800,19.038,68.54,22.20,0.00,2,Cruise,483.5218
3791.0,498,49.800,19.041,68.55,22.20,0.00,2,Cruise,483.5218
3792.0,498,49.800,19.044,68.56,22.20,0.00,2,Cruise,483.5218
3793.0,499,49.900,19.048,68.57,22.20,0.00,1,Coast,483.5218
3794.0,499,49.900,18.998,68.39,22.20,0.00,1,Coast,483.5218
3795.0,499,49.900,18.949,68.22,22.20,0.00,1,Coast,483.5218
3796.0,499,49.900,18.900,68.04,22.20,0.00,1,Coast,483.5218
3797.0,499,49.900,18.851,67.86,22.20,0.00,1,Coast,483.5218
3798.0,499,49.900,18.802,67.69,22.20,0.00,1,Coast,483.5218
3799.0,500,50.000,18.754,67.51,22.20,0.00,1,Coast,483.5218
3800.0,500,50.000,18.686,67.27,22.20,0.00,1,Coast,483.5218
3801.0,500,50.000,18.618,67.02,22.20,0.00,1,Coast,483.5218
3802.0,500,50.000,18.550,66.78,22.20,0.00,1,Coast,483.5218
3803.0,500,50.000,18.482,66.54,22.20,0.00,1,Coast,483.5218
3804.0,501,50.100,18.414,66.29,22.20,0.00,1,Coast,483.5218
3805.0,501,50.100,18.369,66.13,22.20,0.00,1,Coast,483.5218
3806.0,501,50.100,18.324,65.97,22.20,0.00,1,Coast,483.5218
3807.0,501,50.100,18.279,65.80,22.20,0.00,1,Coast,483.5218
3808.0,501,50.100,18.234,65.64,22.20,0.00,1,Coast,483.5218
3809.0,502,50.200,18.189,65.48,22.20,0.00,1,Coast,483.5218
3810.0,502,50.200,18.130,65.27,22.20,0.00,1,Coast,483.5218
3811.0,502,50.200,18.070,65.05,22.20,0.00,1,Coast,483.5218
3812.0,502,50.200,18.011,64.84,22.20,0.00,1,Coast,483.5218
3813.0,502,50.200,17.952,64.63,22.20,0.00,1,Coast,483.5218
3814.0,502,50.200,17.892,64.41,22.20,0.00,1,Coast,483.5218
3815.0,503,50.300,17.833,64.20,22.20,0.00,1,Coast,483.5218
3816.0,503,50.300,17.803,64.09,22.20,0.00,1,Coast,483.5218
3817.0,503,50.300,17.773,63.98,22.20,0.00,1,Coast,483.5218
3818.0,503,50.300,17.743,63.87,22.20,0.00,1,Coast,483.5218
3819.0,503,50.300,17.713,63.77,22.20,0.00,1,Coast,483.5218
3820.0,503,50.300,17.683,63.66,22.20,0.00,1,Coast,483.5218
3821.0,504,50.400,17.653,63.55,22.20,0.00,1,Coast,483.5218
3822.0,504,50.400,17.541,63.15,22.20,0.00,1,Coast,483.5218
3823.0,504,50.400,17.428,62.74,22.20,0.00,1,Coast,483.5218
3824.0,504,50.400,17.316,62.34,22.20,0.00,1,Coast,483.5218
3825.0,504,50.400,17.204,61.94,22.20,0.00,1,Coast,483.5218
3826.0,505,50.500,17.092,61.53,22.20,0.00,1,Coast,483.5218
3827.0,505,50.500,17.017,61.26,22.20,0.00,1,Coast,483.5218
3828.0,505,50.500,16.942,60.99,22.20,0.00,1,Coast,483.5218
3829.0,505,50.500,16.867,60.72,22.20,0.00,1,Coast,483.5218
3830.0,505,50.500,16.793,60.45,22.20,0.00,1,Coast,483.5218
3831.0,505,50.500,16.718,60.18,22.20,0.00,1,Coast,483.5218
3832.0,506,50.600,16.643,59.92,22.20,0.00,1,Coast,483.5218
3833.0,506,50.600,16.559,59.61,22.20,0.00,1,Coast,483.5218
3834.0,506,50.600,16.475,59.31,22.20,0.00,1,Coast,483.5218
3835.0,506,50.600,16.391,59.01,22.20,0.00,1,Coast,483.5218
3836.0,506,50.600,16.307,58.71,22.20,0.00,1,Coast,483.5218
3837.0,506,50.600,16.224,58.41,22.20,0.00,1,Coast,483.5218
3838.0,507,50.700,16.140,58.10,1.00,0.00,2,Cruise,483.5218
3839.0,507,50.700,16.140,58.10,1.00,0.00,2,Cruise,483.6547
3840.0,507,50.700,16.140,58.10,1.00,0.00,2,Cruise,483.7876
3841.0,507,50.700,16.140,58.10,1.00,0.00,2,Cruise,483.9205
3842.0,507,50.700,16.140,58.10,1.00,0.00,2,Cruise,484.0533
3843.0,507,50.700,16.140,58.10,1.00,0.00,2,Cruise,484.1862
3844.0,507,50.700,16.140,58.10,1.00,0.00,2,Cruise,484.3191
3845.0,508,50.800,16.140,58.10,22.20,0.00,3,Power,484.4519
3846.0,508,50.800,16.588,59.72,22.20,0.00,3,Power,485.4771
3847.0,508,50.800,17.021,61.28,22.20,0.00,3,Power,486.5014
3848.0,508,50.800,17.441,62.79,22.20,0.00,3,Power,487.5250
3849.0,508,50.800,17.847,64.25,22.20,0.00,3,Power,488.5479
3850.0,509,50.900,18.242,65.67,22.20,0.00,3,Power,489.5702
3851.0,509,50.900,18.656,67.16,22.20,0.00,3,Power,490.5927
3852.0,509,50.900,19.058,68.61,22.20,0.00,2,Cruise,491.6148
3853.0,509,50.900,19.058,68.61,22.20,0.00,2,Cruise,491.7467
3854.0,509,50.900,19.058,68.61,22.20,0.00,2,Cruise,491.8786
3855.0,509,50.900,19.058,68.61,22.20,0.00,2,Cruise,492.0105
3856.0,510,51.000,19.058,68.61,22.20,0.00,1,Coast,492.1424
3857.0,510,51.000,18.958,68.25,22.20,0.00,1,Coast,492.1424
3858.0,510,51.000,18.858,67.89,22.20,0.00,2,Cruise,492.1424
3859.0,510,51.000,18.858,67.89,22.20,0.00,2,Cruise,492.3634
3860.0,510,51.000,18.858,67.89,22.20,0.00,2,Cruise,492.5845
3861.0,511,51.100,18.858,67.89,22.20,0.00,1,Coast,492.8055
3862.0,511,51.100,18.742,67.47,22.20,0.00,1,Coast,492.8055
3863.0,511,51.100,18.625,67.05,22.20,0.00,1,Coast,492.8055
3864.0,511,51.100,18.508,66.63,22.20,0.00,1,Coast,492.8055
3865.0,511,51.100,18.392,66.21,22.20,0.00,3,Power,492.8055
3866.0,512,51.200,18.743,67.47,22.20,0.00,3,Power,493.8263
3867.0,512,51.200,19.178,69.04,22.20,0.00,3,Power,494.8491
3868.0,512,51.200,19.602,70.57,22.20,0.00,2,Cruise,495.8714
3869.0,512,51.200,19.602,70.57,22.20,0.00,2,Cruise,495.9290
3870.0,512,51.200,19.602,70.57,22.20,0.00,2,Cruise,495.9867
3871.0,512,51.200,19.602,70.57,22.20,0.00,2,Cruise,496.0443
3872.0,513,51.300,19.602,70.57,22.20,0.00,1,Coast,496.1019
3873.0,513,51.300,19.512,70.24,22.20,0.00,1,Coast,496.1019
3874.0,513,51.300,19.422,69.92,22.20,0.00,1,Coast,496.1019
3875.0,513,51.300,19.332,69.60,22.20,0.00,2,Cruise,496.1019
3876.0,513,51.300,19.332,69.60,22.20,0.00,2,Cruise,496.3057
3877.0,514,51.400,19.332,69.60,22.20,0.00,1,Coast,496.5094
3878.0,514,51.400,19.164,68.99,22.20,0.00,1,Coast,496.5094
3879.0,514,51.400,18.996,68.39,22.20,0.00,1,Coast,496.5094
3880.0,514,51.400,18.829,67.78,22.20,0.00,1,Coast,496.5094
3881.0,514,51.400,18.661,67.18,22.20,0.00,1,Coast,496.5094
3882.0,515,51.500,18.494,66.58,22.20,0.00,2,Cruise,496.5094
3883.0,515,51.500,18.494,66.58,22.20,0.00,2,Cruise,496.7064
3884.0,515,51.500,18.494,66.58,22.20,0.00,2,Cruise,496.9034
3885.0,515,51.500,18.494,66.58,22.20,0.00,2,Cruise,497.1004
3886.0,515,51.500,18.494,66.58,22.20,0.00,2,Cruise,497.2973
3887.0,516,51.600,18.494,66.58,22.20,0.00,2,Cruise,497.4943
3888.0,516,51.600,18.494,66.58,22.20,0.00,2,Cruise,497.6426
3889.0,516,51.600,18.494,66.58,22.20,0.00,2,Cruise,497.7908
3890.0,516,51.600,18.494,66.58,22.20,0.00,2,Cruise,497.9390
3891.0,516,51.600,18.494,66.58,22.20,0.00,2,Cruise,498.0873
3892.0,516,51.600,18.494,66.58,22.20,0.00,2,Cruise,498.2355
3893.0,517,51.700,18.494,66.58,22.20,0.00,3,Power,498.3838
3894.0,517,51.700,18.905,68.06,22.20,0.00,2,Cruise,499.4061
3895.0,517,51.700,18.905,68.06,22.20,0.00,2,Cruise,499.5268
3896.0,517,51.700,18.905,68.06,22.20,0.00,2,Cruise,499.6474
3897.0,517,51.700,18.905,68.06,22.20,0.00,2,Cruise,499.7681
3898.0,518,51.800,18.905,68.06,22.20,0.00,3,Power,499.8888
3899.0,518,51.800,19.337,69.61,22.20,0.00,2,Cruise,500.9114
3900.0,518,51.800,19.337,69.61,22.20,0.00,2,Cruise,500.9663
3901.0,518,51.800,19.337,69.61,22.20,0.00,2,Cruise,501.0212
3902.0,518,51.800,19.337,69.61,22.20,0.00,2,Cruise,501.0761
3903.0,519,51.900,19.337,69.61,22.20,0.00,2,Cruise,501.1310
3904.0,519,51.900,19.337,69.61,22.20,0.00,2,Cruise,501.2901
3905.0,519,51.900,19.337,69.61,22.20,0.00,2,Cruise,501.4492
3906.0,519,51.900,19.337,69.61,22.20,0.00,2,Cruise,501.6084
3907.0,519,51.900,19.337,69.61,22.20,0.00,2,Cruise,501.7675
3908.0,520,52.000,19.337,69.61,22.20,0.00,2,Cruise,501.9266
3909.0,520,52.000,19.337,69.61,22.20,0.00,2,Cruise,502.0046
3910.0,520,52.000,19.337,69.61,22.20,0.00,2,Cruise,502.0826
3911.0,520,52.000,19.337,69.61,22.20,0.00,2,Cruise,502.1607
3912.0,520,52.000,19.337,69.61,22.20,0.00,2,Cruise,502.2387
3913.0,520,52.000,19.337,69.61,22.20,0.00,2,Cruise,502.3167
3914.0,521,52.100,19.337,69.61,22.20,0.00,2,Cruise,502.3947
3915.0,521,52.100,19.337,69.61,22.20,0.00,2,Cruise,502.5562
3916.0,521,52.100,19.337,69.61,22.20,0.00,2,Cruise,502.7176
3917.0,521,52.100,19.337,69.61,22.20,0.00,2,Cruise,502.8791
3918.0,521,52.100,19.337,69.61,22.20,0.00,2,Cruise,503.0406
3919.0,522,52.200,19.337,69.61,22.20,0.00,2,Cruise,503.2020
3920.0,522,52.200,19.337,69.61,22.20,0.00,2,Cruise,503.4468
3921.0,522,52.200,19.337,69.61,22.20,0.00,2,Cruise,503.6915
3922.0,522,52.200,19.337,69.61,22.20,0.00,2,Cruise,503.9362
3923.0,522,52.200,19.337,69.61,22.20,0.00,2,Cruise,504.1810
3924.0,523,52.300,19.337,69.61,22.20,0.00,2,Cruise,504.4257
3925.0,523,52.300,19.337,69.61,22.20,0.00,2,Cruise,504.4952
3926.0,523,52.300,19.337,69.61,22.20,0.00,2,Cruise,504.5647
3927.0,523,52.300,19.337,69.61,22.20,0.00,2,Cruise,504.6342
3928.0,523,52.300,19.337,69.61,22.20,0.00,2,Cruise,504.7036
3929.0,524,52.400,19.337,69.61,22.20,0.00,2,Cruise,504.7731
3930.0,524,52.400,19.337,69.61,22.20,0.00,2,Cruise,504.9641
3931.0,524,52.400,19.337,69.61,22.20,0.00,2,Cruise,505.1551
3932.0,524,52.400,19.337,69.61,22.20,0.00,2,Cruise,505.3461
3933.0,524,52.400,19.337,69.61,22.20,0.00,2,Cruise,505.5371
3934.0,525,52.500,19.337,69.61,22.20,0.00,2,Cruise,505.7281
3935.0,525,52.500,19.337,69.61,22.20,0.00,2,Cruise,505.9109
3936.0,525,52.500,19.337,69.61,22.20,0.00,2,Cruise,506.0938
3937.0,525,52.500,19.337,69.61,22.20,0.00,2,Cruise,506.2766
3938.0,525,52.500,19.337,69.61,22.20,0.00,2,Cruise,506.4595
3939.0,526,52.600,19.337,69.61,22.20,0.00,2,Cruise,506.6423
3940.0,526,52.600,19.337,69.61,22.20,0.00,2,Cruise,506.7741
3941.0,526,52.600,19.337,69.61,22.20,0.00,2,Cruise,506.9058
3942.0,526,52.600,19.337,69.61,22.20,0.00,2,Cruise,507.0375
3943.0,526,52.600,19.337,69.61,22.20,0.00,2,Cruise,507.1693
3944.0,526,52.600,19.337,69.61,22.20,0.00,2,Cruise,507.3010
3945.0,527,52.700,19.337,69.61,22.20,0.00,2,Cruise,507.4327
3946.0,527,52.700,19.337,69.61,22.20,0.00,2,Cruise,507.5746
3947.0,527,52.700,19.337,69.61,22.20,0.00,2,Cruise,507.7164
3948.0,527,52.700,19.337,69.61,22.20,0.00,2,Cruise,507.8583
3949.0,527,52.700,19.337,69.61,22.20,0.00,2,Cruise,508.0001
3950.0,528,52.800,19.337,69.61,22.20,0.00,1,Coast,508.1420
3951.0,528,52.800,19.214,69.17,22.20,0.00,1,Coast,508.1420
3952.0,528,52.800,19.092,68.73,22.20,0.00,1,Coast,508.1420
3953.0,528,52.800,18.969,68.29,22.20,0.00,2,Cruise,508.1420
3954.0,528,52.800,18.969,68.29,22.20,0.00,2,Cruise,508.4144
3955.0,529,52.900,18.969,68.29,22.20,0.00,3,Power,508.6868
3956.0,529,52.900,19.365,69.71,22.20,0.00,2,Cruise,509.7085
3957.0,529,52.900,19.365,69.71,22.20,0.00,2,Cruise,509.8398
3958.0,529,52.900,19.365,69.71,22.20,0.00,2,Cruise,509.9711
3959.0,529,52.900,19.365,69.71,22.20,0.00,2,Cruise,510.1024
3960.0,530,53.000,19.365,69.71,22.20,0.00,2,Cruise,510.2337
3961.0,530,53.000,19.365,69.71,22.20,0.00,2,Cruise,510.3972
3962.0,530,53.000,19.365,69.71,22.20,0.00,2,Cruise,510.5606
3963.0,530,53.000,19.365,69.71,22.20,0.00,2,Cruise,510.7240
3964.0,530,53.000,19.365,69.71,22.20,0.00,2,Cruise,510.8875
3965.0,531,53.100,19.365,69.71,22.20,0.00,2,Cruise,511.0509
3966.0,531,53.100,19.365,69.71,22.20,0.00,2,Cruise,511.2685
3967.0,531,53.100,19.365,69.71,22.20,0.00,2,Cruise,511.4862
3968.0,531,53.100,19.365,69.71,22.20,0.00,2,Cruise,511.7038
3969.0,531,53.100,19.365,69.71,22.20,0.00,2,Cruise,511.9214
3970.0,531,53.100,19.365,69.71,22.20,0.00,2,Cruise,512.1391
3971.0,532,53.200,19.365,69.71,22.20,0.00,2,Cruise,512.3567
3972.0,532,53.200,19.365,69.71,22.20,0.00,2,Cruise,512.5212
3973.0,532,53.200,19.365,69.71,22.20,0.00,2,Cruise,512.6858
3974.0,532,53.200,19.365,69.71,22.20,0.00,2,Cruise,512.8503
3975.0,532,53.200,19.365,69.71,22.20,0.00,2,Cruise,513.0148
3976.0,533,53.300,19.365,69.71,22.20,0.00,2,Cruise,513.1793
3977.0,533,53.300,19.365,69.71,22.20,0.00,2,Cruise,513.3563
3978.0,533,53.300,19.365,69.71,22.20,0.00,2,Cruise,513.5332
3979.0,533,53.300,19.365,69.71,22.20,0.00,2,Cruise,513.7101
3980.0,533,53.300,19.365,69.71,22.20,0.00,2,Cruise,513.8870
3981.0,534,53.400,19.365,69.71,22.20,0.00,1,Coast,514.0639
3982.0,534,53.400,19.244,69.28,22.20,0.00,2,Cruise,514.0639
3983.0,534,53.400,19.244,69.28,22.20,0.00,2,Cruise,514.3380
3984.0,534,53.400,19.244,69.28,22.20,0.00,2,Cruise,514.6121
3985.0,534,53.400,19.244,69.28,22.20,0.00,2,Cruise,514.8862
3986.0,535,53.500,19.244,69.28,22.20,0.00,2,Cruise,515.1603
3987.0,535,53.500,19.244,69.28,22.20,0.00,2,Cruise,515.2136
3988.0,535,53.500,19.244,69.28,22.20,0.00,2,Cruise,515.2670
3989.0,535,53.500,19.244,69.28,22.20,0.00,2,Cruise,515.3203
3990.0,535,53.500,19.244,69.28,22.20,0.00,2,Cruise,515.3736
3991.0,536,53.600,19.244,69.28,22.20,0.00,2,Cruise,515.4269
3992.0,536,53.600,19.244,69.28,22.20,0.00,2,Cruise,515.5663
3993.0,536,53.600,19.244,69.28,22.20,0.00,2,Cruise,515.7056
3994.0,536,53.600,19.244,69.28,22.20,0.00,2,Cruise,515.8450
3995.0,536,53.600,19.244,69.28,22.20,0.00,2,Cruise,515.9844
3996.0,537,53.700,19.244,69.28,22.20,0.00,1,Coast,516.1237
3997.0,537,53.700,19.114,68.81,22.20,0.00,2,Cruise,516.1237
3998.0,537,53.700,19.114,68.81,22.20,0.00,2,Cruise,516.4159
3999.0,537,53.700,19.114,68.81,22.20,0.00,2,Cruise,516.7081
4000.0,537,53.700,19.114,68.81,22.20,0.00,2,Cruise,517.0002
4001.0,537,53.700,19.114,68.81,22.20,0.00,2,Cruise,517.2924
4002.0,538,53.800,19.114,68.81,22.20,0.00,3,Power,517.5846
4003.0,538,53.800,19.555,70.40,22.20,0.00,2,Cruise,518.6073
4004.0,538,53.800,19.555,70.40,22.20,0.00,2,Cruise,518.6295
4005.0,538,53.800,19.555,70.40,22.20,0.00,2,Cruise,518.6517
4006.0,538,53.800,19.555,70.40,22.20,0.00,2,Cruise,518.6739
4007.0,539,53.900,19.555,70.40,22.20,0.00,3,Power,518.6960
4008.0,539,53.900,19.988,71.96,22.20,0.00,2,Cruise,519.7184
4009.0,539,53.900,19.988,71.96,22.20,0.00,2,Cruise,519.7338
4010.0,539,53.900,19.988,71.96,22.20,0.00,2,Cruise,519.7492
4011.0,539,53.900,19.988,71.96,22.20,0.00,2,Cruise,519.7646
4012.0,540,54.000,19.988,71.96,22.20,0.00,2,Cruise,519.7800
4013.0,540,54.000,19.988,71.96,22.20,0.00,2,Cruise,519.9932
4014.0,540,54.000,19.988,71.96,22.20,0.00,2,Cruise,520.2064
4015.0,540,54.000,19.988,71.96,22.20,0.00,2,Cruise,520.4195
4016.0,540,54.000,19.988,71.96,22.20,0.00,2,Cruise,520.6327
4017.0,541,54.100,19.988,71.96,22.20,0.00,2,Cruise,520.8459
4018.0,541,54.100,19.988,71.96,22.20,0.00,2,Cruise,521.0618
4019.0,541,54.100,19.988,71.96,22.20,0.00,2,Cruise,521.2776
4020.0,541,54.100,19.988,71.96,22.20,0.00,2,Cruise,521.4935
4021.0,541,54.100,19.988,71.96,22.20,0.00,2,Cruise,521.7094
4022.0,542,54.200,19.988,71.96,22.20,0.00,2,Cruise,521.9252
4023.0,542,54.200,19.988,71.96,22.20,0.00,2,Cruise,522.0709
4024.0,542,54.200,19.988,71.96,22.20,0.00,2,Cruise,522.2166
4025.0,542,54.200,19.988,71.96,22.20,0.00,2,Cruise,522.3623
4026.0,542,54.200,19.988,71.96,22.20,0.00,2,Cruise,522.5081
4027.0,543,54.300,19.988,71.96,22.20,0.00,1,Coast,522.6538
4028.0,543,54.300,19.873,71.54,22.20,0.00,1,Coast,522.6538
4029.0,543,54.300,19.758,71.13,22.20,0.00,1,Coast,522.6538
4030.0,543,54.300,19.643,70.71,22.20,0.00,1,Coast,522.6538
4031.0,543,54.300,19.528,70.30,22.20,0.00,1,Coast,522.6538
4032.0,544,54.400,19.413,69.89,22.20,0.00,3,Power,522.6538
4033.0,544,54.400,19.826,71.37,22.20,0.00,2,Cruise,523.6756
4034.0,544,54.400,19.826,71.37,22.20,0.00,2,Cruise,523.7463
4035.0,544,54.400,19.826,71.37,22.20,0.00,2,Cruise,523.8170
4036.0,544,54.400,19.826,71.37,22.20,0.00,2,Cruise,523.8876
4037.0,545,54.500,19.826,71.37,22.20,0.00,1,Coast,523.9583
4038.0,545,54.500,19.695,70.90,22.20,0.00,1,Coast,523.9583
4039.0,545,54.500,19.564,70.43,22.20,0.00,1,Coast,523.9583
4040.0,545,54.500,19.434,69.96,22.20,0.00,1,Coast,523.9583
4041.0,545,54.500,19.303,69.49,22.20,0.00,1,Coast,523.9583
4042.0,546,54.600,19.173,69.02,22.20,0.00,2,Cruise,523.9583
4043.0,546,54.600,19.173,69.02,22.20,0.00,2,Cruise,524.1085
4044.0,546,54.600,19.173,69.02,22.20,0.00,2,Cruise,524.2587
4045.0,546,54.600,19.173,69.02,22.20,0.00,2,Cruise,524.4090
4046.0,546,54.600,19.173,69.02,22.20,0.00,2,Cruise,524.5592
4047.0,547,54.700,19.173,69.02,22.20,0.00,2,Cruise,524.7094
4048.0,547,54.700,19.173,69.02,22.20,0.00,2,Cruise,524.9354
4049.0,547,54.700,19.173,69.02,22.20,0.00,2,Cruise,525.1613
4050.0,547,54.700,19.173,69.02,22.20,0.00,2,Cruise,525.3873
4051.0,547,54.700,19.173,69.02,22.20,0.00,2,Cruise,525.6132
4052.0,547,54.700,19.173,69.02,22.20,0.00,2,Cruise,525.8392
4053.0,548,54.800,19.173,69.02,22.20,0.00,2,Cruise,526.0651
4054.0,548,54.800,19.173,69.02,22.20,0.00,2,Cruise,526.2565
4055.0,548,54.800,19.173,69.02,22.20,0.00,2,Cruise,526.4478
4056.0,548,54.800,19.173,69.02,22.20,0.00,2,Cruise,526.6391
4057.0,548,54.800,19.173,69.02,22.20,0.00,2,Cruise,526.8305
4058.0,549,54.900,19.173,69.02,22.20,0.00,3,Power,527.0218
4059.0,549,54.900,19.605,70.58,22.20,0.00,3,Power,528.0443
4060.0,549,54.900,20.026,72.09,22.20,0.00,2,Cruise,529.0663
4061.0,549,54.900,20.026,72.09,22.20,0.00,2,Cruise,529.1079
4062.0,549,54.900,20.026,72.09,22.20,0.00,2,Cruise,529.1495
4063.0,550,55.000,20.026,72.09,22.20,0.00,2,Cruise,529.1911
4064.0,550,55.000,20.026,72.09,22.20,0.00,2,Cruise,529.3656
4065.0,550,55.000,20.026,72.09,22.20,0.00,2,Cruise,529.5401
4066.0,550,55.000,20.026,72.09,22.20,0.00,2,Cruise,529.7146
4067.0,550,55.000,20.026,72.09,22.20,0.00,2,Cruise,529.8890
4068.0,551,55.100,20.026,72.09,22.20,0.00,1,Coast,530.0635
4069.0,551,55.100,19.907,71.67,22.20,0.00,1,Coast,530.0635
4070.0,551,55.100,19.789,71.24,22.20,0.00,1,Coast,530.0635
4071.0,551,55.100,19.670,70.81,22.20,0.00,1,Coast,530.0635
4072.0,551,55.100,19.552,70.39,22.20,0.00,1,Coast,530.0635
4073.0,552,55.200,19.433,69.96,22.20,0.00,1,Coast,530.0635
4074.0,552,55.200,19.398,69.83,22.20,0.00,1,Coast,530.0635
4075.0,552,55.200,19.362,69.70,22.20,0.00,1,Coast,530.0635
4076.0,552,55.200,19.327,69.58,22.20,0.00,1,Coast,530.0635
4077.0,552,55.200,19.292,69.45,22.20,0.00,1,Coast,530.0635
4078.0,553,55.300,19.257,69.32,22.20,0.00,1,Coast,530.0635
4079.0,553,55.300,19.124,68.85,22.20,0.00,1,Coast,530.0635
4080.0,553,55.300,18.991,68.37,22.20,0.00,1,Coast,530.0635
4081.0,553,55.300,18.859,67.89,22.20,0.00,1,Coast,530.0635
4082.0,553,55.300,18.727,67.42,22.20,0.00,1,Coast,530.0635
4083.0,554,55.400,18.595,66.94,22.20,0.00,1,Coast,530.0635
4084.0,554,55.400,18.603,66.97,22.20,0.00,1,Coast,530.0635
4085.0,554,55.400,18.610,67.00,22.20,0.00,1,Coast,530.0635
4086.0,554,55.400,18.617,67.02,22.20,0.00,1,Coast,530.0635
4087.0,554,55.400,18.624,67.05,22.20,0.00,1,Coast,530.0635
4088.0,554,55.400,18.631,67.07,22.20,0.00,1,Coast,530.0635
4089.0,555,55.500,18.639,67.10,22.20,0.00,2,Cruise,530.0635
4090.0,555,55.500,18.710,67.36,22.20,0.00,2,Cruise,530.0635
4091.0,555,55.500,18.781,67.61,22.20,0.00,2,Cruise,530.0635
4092.0,555,55.500,18.852,67.87,22.20,0.00,2,Cruise,530.0635
4093.0,555,55.500,18.923,68.12,22.20,0.00,2,Cruise,530.0635
4094.0,556,55.600,18.994,68.38,22.20,0.00,2,Cruise,530.0635
4095.0,556,55.600,19.128,68.86,22.20,0.00,2,Cruise,530.0635
4096.0,556,55.600,19.261,69.34,22.20,0.00,2,Cruise,530.0635
4097.0,556,55.600,19.394,69.82,22.20,0.00,2,Cruise,530.0635
4098.0,556,55.600,19.526,70.29,22.20,0.00,2,Cruise,530.0635
4099.0,557,55.700,19.659,70.77,22.20,0.00,2,Cruise,530.0635
4100.0,557,55.700,19.659,70.77,22.20,0.00,2,Cruise,530.0746
4101.0,557,55.700,19.659,70.77,22.20,0.00,2,Cruise,530.0856
4102.0,557,55.700,19.659,70.77,22.20,0.00,2,Cruise,530.0967
4103.0,557,55.700,19.659,70.77,22.20,0.00,2,Cruise,530.1078
4104.0,558,55.800,19.659,70.77,22.20,0.00,2,Cruise,530.1188
4105.0,558,55.800,19.660,70.78,22.20,0.00,2,Cruise,530.1188
4106.0,558,55.800,19.661,70.78,22.20,0.00,2,Cruise,530.1188
4107.0,558,55.800,19.663,70.79,22.20,0.00,2,Cruise,530.1188
4108.0,558,55.800,19.664,70.79,22.20,0.00,2,Cruise,530.1188
4109.0,559,55.900,19.665,70.79,22.20,0.00,1,Coast,530.1188
4110.0,559,55.900,19.638,70.70,22.20,0.00,1,Coast,530.1188
4111.0,559,55.900,19.611,70.60,22.20,0.00,1,Coast,530.1188
4112.0,559,55.900,19.584,70.50,22.20,0.00,2,Cruise,530.1188
4113.0,559,55.900,19.584,70.50,22.20,0.00,2,Cruise,530.1810
4114.0,560,56.000,19.584,70.50,22.20,0.00,2,Cruise,530.2432
4115.0,560,56.000,19.679,70.84,22.20,0.00,2,Cruise,530.2432
4116.0,560,56.000,19.774,71.19,22.20,0.00,2,Cruise,530.2432
4117.0,560,56.000,19.869,71.53,22.20,0.00,2,Cruise,530.2432
4118.0,560,56.000,19.963,71.87,22.20,0.00,2,Cruise,530.2432
4119.0,561,56.100,20.058,72.21,22.20,0.00,1,Coast,530.2432
4120.0,561,56.100,19.992,71.97,22.20,0.00,1,Coast,530.2432
4121.0,561,56.100,19.927,71.74,22.20,0.00,1,Coast,530.2432
4122.0,561,56.100,19.861,71.50,22.20,0.00,1,Coast,530.2432
4123.0,561,56.100,19.796,71.26,22.20,0.00,1,Coast,530.2432
4124.0,561,56.100,19.730,71.03,22.20,0.00,1,Coast,530.2432
4125.0,562,56.200,19.665,70.79,22.20,0.00,2,Cruise,530.2432
4126.0,562,56.200,19.665,70.79,22.20,0.00,2,Cruise,530.3271
4127.0,562,56.200,19.665,70.79,22.20,0.00,2,Cruise,530.4109
4128.0,562,56.200,19.665,70.79,22.20,0.00,2,Cruise,530.4948
4129.0,562,56.200,19.665,70.79,22.20,0.00,2,Cruise,530.5787
4130.0,563,56.300,19.665,70.79,22.20,0.00,2,Cruise,530.6626
4131.0,563,56.300,19.665,70.79,22.20,0.00,2,Cruise,530.7037
4132.0,563,56.300,19.665,70.79,22.20,0.00,2,Cruise,530.7449
4133.0,563,56.300,19.665,70.79,22.20,0.00,2,Cruise,530.7860
4134.0,563,56.300,19.665,70.79,22.20,0.00,2,Cruise,530.8272
4135.0,564,56.400,19.665,70.79,22.20,0.00,2,Cruise,530.8683
4136.0,564,56.400,19.691,70.89,22.20,0.00,2,Cruise,530.8683
4137.0,564,56.400,19.717,70.98,22.20,0.00,2,Cruise,530.8683
4138.0,564,56.400,19.743,71.08,22.20,0.00,2,Cruise,530.8683
4139.0,564,56.400,19.769,71.17,22.20,0.00,2,Cruise,530.8683
4140.0,565,56.500,19.795,71.26,22.20,0.00,3,Power,530.8683
4141.0,565,56.500,20.284,73.02,22.20,0.00,2,Cruise,531.8919
4142.0,565,56.500,20.337,73.21,22.20,0.00,2,Cruise,531.8919
4143.0,565,56.500,20.390,73.40,22.20,0.00,2,Cruise,531.8919
4144.0,565,56.500,20.443,73.59,22.20,0.00,2,Cruise,531.8919
4145.0,566,56.600,20.496,73.79,22.20,0.00,1,Coast,531.8919
4146.0,566,56.600,20.370,73.33,22.20,0.00,1,Coast,531.8919
4147.0,566,56.600,20.245,72.88,22.20,0.00,1,Coast,531.8919
4148.0,566,56.600,20.120,72.43,22.20,0.00,1,Coast,531.8919
4149.0,566,56.600,19.995,71.98,22.20,0.00,1,Coast,531.8919
4150.0,567,56.700,19.870,71.53,22.20,0.00,1,Coast,531.8919
4151.0,567,56.700,19.731,71.03,22.20,0.00,1,Coast,531.8919
4152.0,567,56.700,19.592,70.53,22.20,0.00,1,Coast,531.8919
4153.0,567,56.700,19.453,70.03,22.20,0.00,1,Coast,531.8919
4154.0,567,56.700,19.314,69.53,22.20,0.00,1,Coast,531.8919
4155.0,568,56.800,19.176,69.03,22.20,0.00,2,Cruise,531.8919
4156.0,568,56.800,19.176,69.03,22.20,0.00,2,Cruise,532.0693
4157.0,568,56.800,19.176,69.03,22.20,0.00,2,Cruise,532.2468
4158.0,568,56.800,19.176,69.03,22.20,0.00,2,Cruise,532.4242
4159.0,568,56.800,19.176,69.03,22.20,0.00,2,Cruise,532.6017
4160.0,569,56.900,19.176,69.03,22.20,0.00,2,Cruise,532.7791
4161.0,569,56.900,19.176,69.03,22.20,0.00,2,Cruise,533.0211
4162.0,569,56.900,19.176,69.03,22.20,0.00,2,Cruise,533.2631
4163.0,569,56.900,19.176,69.03,22.20,0.00,2,Cruise,533.5051
4164.0,569,56.900,19.176,69.03,22.20,0.00,2,Cruise,533.7472
4165.0,570,57.000,19.176,69.03,22.20,0.00,1,Coast,533.9892
4166.0,570,57.000,19.089,68.72,22.20,0.00,1,Coast,533.9892
4167.0,570,57.000,19.003,68.41,22.20,0.00,1,Coast,533.9892
4168.0,570,57.000,18.918,68.10,22.20,0.00,1,Coast,533.9892
4169.0,570,57.000,18.832,67.79,22.20,0.00,1,Coast,533.9892
4170.0,571,57.100,18.746,67.49,22.20,0.00,1,Coast,533.9892
4171.0,571,57.100,18.597,66.95,22.20,0.00,1,Coast,533.9892
4172.0,571,57.100,18.449,66.42,22.20,0.00,1,Coast,533.9892
4173.0,571,57.100,18.301,65.88,22.20,0.00,1,Coast,533.9892
4174.0,571,57.100,18.153,65.35,22.20,0.00,1,Coast,533.9892
4175.0,571,57.100,18.005,64.82,22.20,0.00,1,Coast,533.9892
4176.0,572,57.200,17.857,64.29,22.20,0.00,2,Cruise,533.9892
4177.0,572,57.200,17.857,64.29,22.20,0.00,2,Cruise,534.0049
4178.0,572,57.200,17.857,64.29,22.20,0.00,2,Cruise,534.0206
4179.0,572,57.200,17.857,64.29,22.20,0.00,2,Cruise,534.0363
4180.0,572,57.200,17.857,64.29,22.20,0.00,2,Cruise,534.0520
4181.0,573,57.300,17.857,64.29,22.20,0.00,2,Cruise,534.0677
4182.0,573,57.300,17.857,64.29,22.20,0.00,2,Cruise,534.0846
4183.0,573,57.300,17.857,64.29,22.20,0.00,2,Cruise,534.1015
4184.0,573,57.300,17.857,64.29,22.20,0.00,2,Cruise,534.1185
4185.0,573,57.300,17.857,64.29,22.20,0.00,2,Cruise,534.1354
4186.0,573,57.300,17.857,64.29,22.20,0.00,2,Cruise,534.1523
4187.0,574,57.400,17.857,64.29,22.20,0.00,1,Coast,534.1693
4188.0,574,57.400,17.786,64.03,22.20,0.00,1,Coast,534.1693
4189.0,574,57.400,17.715,63.77,22.20,0.00,1,Coast,534.1693
4190.0,574,57.400,17.644,63.52,22.20,0.00,1,Coast,534.1693
4191.0,574,57.400,17.573,63.26,22.20,0.00,1,Coast,534.1693
4192.0,574,57.400,17.502,63.01,22.20,0.00,1,Coast,534.1693
4193.0,575,57.500,17.432,62.75,22.20,0.00,2,Cruise,534.1693
4194.0,575,57.500,17.473,62.90,22.20,0.00,2,Cruise,534.1693
4195.0,575,57.500,17.514,63.05,22.20,0.00,2,Cruise,534.1693
4196.0,575,57.500,17.555,63.20,22.20,0.00,2,Cruise,534.1693
4197.0,575,57.500,17.596,63.35,22.20,0.00,2,Cruise,534.1693
4198.0,576,57.600,17.637,63.49,22.20,0.00,1,Coast,534.1693
4199.0,576,57.600,17.528,63.10,22.20,0.00,1,Coast,534.1693
4200.0,576,57.600,17.419,62.71,22.20,0.00,1,Coast,534.1693
4201.0,576,57.600,17.310,62.32,22.20,0.00,1,Coast,534.1693
4202.0,576,57.600,17.202,61.93,22.20,0.00,1,Coast,534.1693
4203.0,576,57.600,17.093,61.54,22.20,0.00,1,Coast,534.1693
4204.0,577,57.700,16.985,61.15,22.20,0.00,2,Cruise,534.1693
4205.0,577,57.700,17.017,61.26,22.20,0.00,2,Cruise,534.1693
4206.0,577,57.700,17.049,61.38,22.20,0.00,2,Cruise,534.1693
4207.0,577,57.700,17.080,61.49,22.20,0.00,2,Cruise,534.1693
4208.0,577,57.700,17.112,61.60,22.20,0.00,2,Cruise,534.1693
4209.0,577,57.700,17.144,61.72,22.20,0.00,2,Cruise,534.1693
4210.0,578,57.800,17.175,61.83,22.20,0.00,1,Coast,534.1693
4211.0,578,57.800,17.122,61.64,22.20,0.00,1,Coast,534.1693
4212.0,578,57.800,17.069,61.45,22.20,0.00,1,Coast,534.1693
4213.0,578,57.800,17.015,61.25,22.20,0.00,1,Coast,534.1693
4214.0,578,57.800,16.962,61.06,22.20,0.00,1,Coast,534.1693
4215.0,578,57.800,16.909,60.87,22.20,0.00,1,Coast,534.1693
4216.0,579,57.900,16.856,60.68,22.20,0.00,1,Coast,534.1693
4217.0,579,57.900,16.737,60.25,22.20,0.00,1,Coast,534.1693
4218.0,579,57.900,16.618,59.83,22.20,0.00,1,Coast,534.1693
4219.0,579,57.900,16.500,59.40,22.20,0.00,1,Coast,534.1693
4220.0,579,57.900,16.382,58.97,22.20,0.00,1,Coast,534.1693
4221.0,579,57.900,16.263,58.55,22.20,0.00,1,Coast,534.1693
4222.0,580,58.000,16.145,58.12,22.20,0.00,1,Coast,534.1693
4223.0,580,58.000,16.076,57.87,22.20,0.00,1,Coast,534.1693
4224.0,580,58.000,16.007,57.63,22.20,0.00,1,Coast,534.1693
4225.0,580,58.000,15.938,57.38,22.20,0.00,1,Coast,534.1693
4226.0,580,58.000,15.869,57.13,22.20,0.00,1,Coast,534.1693
4227.0,580,58.000,15.801,56.88,22.20,0.00,1,Coast,534.1693
4228.0,581,58.100,15.732,56.64,22.20,0.00,1,Coast,534.1693
4229.0,581,58.100,15.631,56.27,22.20,0.00,1,Coast,534.1693
4230.0,581,58.100,15.531,55.91,22.20,0.00,1,Coast,534.1693
4231.0,581,58.100,15.430,55.55,22.20,0.00,1,Coast,534.1693
4232.0,581,58.100,15.330,55.19,22.20,0.00,1,Coast,534.1693
4233.0,581,58.100,15.230,54.83,22.20,0.00,1,Coast,534.1693
4234.0,581,58.100,15.130,54.47,22.20,0.00,1,Coast,534.1693
4235.0,582,58.200,15.030,54.11,22.20,0.00,1,Coast,534.1693
4236.0,582,58.200,14.954,53.83,22.20,0.00,1,Coast,534.1693
4237.0,582,58.200,14.878,53.56,22.20,0.00,1,Coast,534.1693
4238.0,582,58.200,14.802,53.29,22.20,0.00,1,Coast,534.1693
4239.0,582,58.200,14.726,53.01,22.20,0.00,1,Coast,534.1693
4240.0,582,58.200,14.650,52.74,22.20,0.00,1,Coast,534.1693
4241.0,583,58.300,14.574,52.47,22.20,0.00,1,Coast,534.1693
4242.0,583,58.300,14.485,52.15,22.20,0.00,1,Coast,534.1693
4243.0,583,58.300,14.396,51.83,22.20,0.00,1,Coast,534.1693
4244.0,583,58.300,14.307,51.51,22.20,0.00,1,Coast,534.1693
4245.0,583,58.300,14.219,51.19,22.20,0.00,1,Coast,534.1693
4246.0,583,58.300,14.130,50.87,22.20,0.00,1,Coast,534.1693
4247.0,583,58.300,14.041,50.55,22.20,0.00,1,Coast,534.1693
4248.0,584,58.400,13.953,50.23,22.20,0.00,1,Coast,534.1693
4249.0,584,58.400,13.788,49.64,22.20,0.00,1,Coast,534.1693
4250.0,584,58.400,13.623,49.04,22.20,0.00,1,Coast,534.1693
4251.0,584,58.400,13.458,48.45,22.20,0.00,1,Coast,534.1693
4252.0,584,58.400,13.293,47.86,22.20,0.00,1,Coast,534.1693
4253.0,584,58.400,13.129,47.26,22.20,0.00,1,Coast,534.1693
4254.0,584,58.400,12.964,46.67,22.20,0.00,1,Coast,534.1693
4255.0,584,58.400,12.800,46.08,22.20,0.00,1,Coast,534.1693
4256.0,585,58.500,12.636,45.49,22.20,0.00,1,Coast,534.1693
4257.0,585,58.500,12.535,45.12,22.20,0.00,1,Coast,534.1693
4258.0,585,58.500,12.433,44.76,22.20,0.00,1,Coast,534.1693
4259.0,585,58.500,12.332,44.39,22.20,0.00,1,Coast,534.1693
4260.0,585,58.500,12.231,44.03,22.20,0.00,1,Coast,534.1693
4261.0,585,58.500,12.130,43.67,22.20,0.00,1,Coast,534.1693
4262.0,585,58.500,12.028,43.30,22.20,0.00,1,Coast,534.1693
4263.0,585,58.500,11.928,42.94,22.20,0.00,1,Coast,534.1693
4264.0,586,58.600,11.827,42.58,22.20,0.00,1,Coast,534.1693
4265.0,586,58.600,11.747,42.29,22.20,0.00,1,Coast,534.1693
4266.0,586,58.600,11.667,42.00,22.20,0.00,1,Coast,534.1693
4267.0,586,58.600,11.587,41.71,22.20,0.00,1,Coast,534.1693
4268.0,586,58.600,11.507,41.42,22.20,0.00,1,Coast,534.1693
4269.0,586,58.600,11.427,41.14,22.20,0.00,1,Coast,534.1693
4270.0,586,58.600,11.347,40.85,22.20,0.00,1,Coast,534.1693
4271.0,586,58.600,11.267,40.56,22.20,0.00,1,Coast,534.1693
4272.0,586,58.600,11.188,40.28,22.20,0.00,1,Coast,534.1693
4273.0,587,58.700,11.108,39.99,1.00,0.00,2,Cruise,534.1693
4274.0,587,58.700,11.108,39.99,1.00,0.00,2,Cruise,534.1730
4275.0,587,58.700,11.108,39.99,1.00,0.00,2,Cruise,534.1768
4276.0,587,58.700,11.108,39.99,1.00,0.00,2,Cruise,534.1806
4277.0,587,58.700,11.108,39.99,1.00,0.00,2,Cruise,534.1843
4278.0,587,58.700,11.108,39.99,1.00,0.00,2,Cruise,534.1881
4279.0,587,58.700,11.108,39.99,1.00,0.00,2,Cruise,534.1918
4280.0,587,58.700,11.108,39.99,1.00,0.00,2,Cruise,534.1956
4281.0,587,58.700,11.108,39.99,1.00,0.00,2,Cruise,534.1994
4282.0,588,58.800,11.108,39.99,22.20,0.00,3,Power,534.2031
4283.0,588,58.800,11.708,42.15,22.20,0.00,3,Power,535.0084
4284.0,588,58.800,12.308,44.31,22.20,0.00,3,Power,535.8561
4285.0,588,58.800,12.908,46.47,22.20,0.00,3,Power,536.7461
4286.0,588,58.800,13.508,48.63,22.20,0.00,3,Power,537.6784
4287.0,588,58.800,14.108,50.79,22.20,0.00,3,Power,538.6531
4288.0,588,58.800,14.708,52.95,22.20,0.00,3,Power,539.6702
4289.0,589,58.900,15.308,55.11,22.20,0.00,1,Coast,540.7019
4290.0,589,58.900,15.067,54.24,22.20,0.00,1,Coast,540.7019
4291.0,589,58.900,14.826,53.37,22.20,0.00,1,Coast,540.7019
4292.0,589,58.900,14.585,52.50,22.20,0.00,1,Coast,540.7019
4293.0,589,58.900,14.344,51.64,22.20,0.00,3,Power,540.7019
4294.0,589,58.900,14.703,52.93,22.20,0.00,1,Coast,541.7257
4295.0,589,58.900,14.462,52.06,22.20,0.00,3,Power,541.7257
4296.0,590,59.000,14.816,53.34,22.20,0.00,3,Power,542.7492
4297.0,590,59.000,15.416,55.50,22.20,0.00,1,Coast,543.7807
4298.0,590,59.000,15.435,55.57,22.20,0.00,1,Coast,543.7807
4299.0,590,59.000,15.454,55.63,22.20,0.00,1,Coast,543.7807
4300.0,590,59.000,15.473,55.70,22.20,0.00,1,Coast,543.7807
4301.0,590,59.000,15.492,55.77,22.20,0.00,1,Coast,543.7807
4302.0,590,59.000,15.511,55.84,22.20,0.00,1,Coast,543.7807
4303.0,591,59.100,15.530,55.91,22.20,0.00,1,Coast,543.7807
4304.0,591,59.100,15.315,55.13,22.20,0.00,1,Coast,543.7807
4305.0,591,59.100,15.100,54.36,22.20,0.00,1,Coast,543.7807
4306.0,591,59.100,14.886,53.59,22.20,0.00,1,Coast,543.7807
4307.0,591,59.100,14.672,52.82,22.20,0.00,1,Coast,543.7807
4308.0,591,59.100,14.458,52.05,22.20,0.00,3,Power,543.7807
4309.0,592,59.200,14.839,53.42,22.20,0.00,3,Power,544.8052
4310.0,592,59.200,15.439,55.58,22.20,0.00,2,Cruise,545.8367
4311.0,592,59.200,15.533,55.92,22.20,0.00,2,Cruise,545.8367
4312.0,592,59.200,15.627,56.26,22.20,0.00,2,Cruise,545.8367
4313.0,592,59.200,15.721,56.60,22.20,0.00,2,Cruise,545.8367
4314.0,592,59.200,15.815,56.93,22.20,0.00,2,Cruise,545.8367
4315.0,592,59.200,15.909,57.27,22.20,0.00,2,Cruise,545.8367
4316.0,593,59.300,16.003,57.61,22.20,0.00,1,Coast,545.8367
4317.0,593,59.300,15.927,57.34,22.20,0.00,1,Coast,545.8367
4318.0,593,59.300,15.851,57.06,22.20,0.00,1,Coast,545.8367
4319.0,593,59.300,15.776,56.79,22.20,0.00,1,Coast,545.8367
4320.0,593,59.300,15.700,56.52,22.20,0.00,1,Coast,545.8367
4321.0,593,59.300,15.625,56.25,22.20,0.00,1,Coast,545.8367
4322.0,594,59.400,15.550,55.98,22.20,0.00,1,Coast,545.8367
4323.0,594,59.400,15.485,55.75,22.20,0.00,1,Coast,545.8367
4324.0,594,59.400,15.421,55.52,22.20,0.00,1,Coast,545.8367
4325.0,594,59.400,15.357,55.28,22.20,0.00,1,Coast,545.8367
4326.0,594,59.400,15.293,55.05,22.20,0.00,1,Coast,545.8367
4327.0,594,59.400,15.228,54.82,22.20,0.00,3,Power,545.8367
4328.0,594,59.400,15.729,56.62,22.20,0.00,1,Coast,546.8644
4329.0,595,59.500,15.664,56.39,22.20,0.00,1,Coast,546.8644
4330.0,595,59.500,15.614,56.21,22.20,0.00,1,Coast,546.8644
4331.0,595,59.500,15.564,56.03,22.20,0.00,1,Coast,546.8644
4332.0,595,59.500,15.515,55.85,22.20,0.00,1,Coast,546.8644
4333.0,595,59.500,15.465,55.67,22.20,0.00,1,Coast,546.8644
4334.0,595,59.500,15.415,55.50,22.20,0.00,3,Power,546.8644
4335.0,596,59.600,15.923,57.32,22.20,0.00,1,Coast,547.8922
4336.0,596,59.600,15.758,56.73,22.20,0.00,1,Coast,547.8922
4337.0,596,59.600,15.594,56.14,22.20,0.00,1,Coast,547.8922
4338.0,596,59.600,15.429,55.54,22.20,0.00,1,Coast,547.8922
4339.0,596,59.600,15.264,54.95,22.20,0.00,1,Coast,547.8922
4340.0,596,59.600,15.100,54.36,22.20,0.00,3,Power,547.8922
4341.0,596,59.600,15.505,55.82,22.20,0.00,1,Coast,548.9169
4342.0,597,59.700,15.341,55.23,22.20,0.00,1,Coast,548.9169
4343.0,597,59.700,15.243,54.88,22.20,0.00,1,Coast,548.9169
4344.0,597,59.700,15.146,54.53,22.20,0.00,1,Coast,548.9169
4345.0,597,59.700,15.049,54.18,22.20,0.00,1,Coast,548.9169
4346.0,597,59.700,14.952,53.83,22.20,0.00,1,Coast,548.9169
4347.0,597,59.700,14.855,53.48,22.20,0.00,1,Coast,548.9169
4348.0,598,59.800,14.758,53.13,22.20,0.00,3,Power,548.9169
4349.0,598,59.800,15.358,55.29,22.20,0.00,3,Power,549.9485
4350.0,598,59.800,15.958,57.45,22.20,0.00,2,Cruise,550.9794
4351.0,598,59.800,16.044,57.76,22.20,0.00,2,Cruise,550.9794
4352.0,598,59.800,16.130,58.07,22.20,0.00,2,Cruise,550.9794
4353.0,598,59.800,16.215,58.38,22.20,0.00,2,Cruise,550.9794
4354.0,599,59.900,16.301,58.68,22.20,0.00,2,Cruise,550.9794
4355.0,599,59.900,16.432,59.16,22.20,0.00,2,Cruise,550.9794
4356.0,599,59.900,16.564,59.63,22.20,0.00,2,Cruise,550.9794
4357.0,599,59.900,16.695,60.10,22.20,0.00,2,Cruise,550.9794
4358.0,599,59.900,16.826,60.57,22.20,0.00,2,Cruise,550.9794
4359.0,599,59.900,16.957,61.04,22.20,0.00,2,Cruise,550.9794
4360.0,600,60.000,17.088,61.52,22.20,0.00,2,Cruise,550.9794
4361.0,600,60.000,17.139,61.70,22.20,0.00,2,Cruise,550.9794
4362.0,600,60.000,17.190,61.88,22.20,0.00,2,Cruise,550.9794
4363.0,600,60.000,17.241,62.07,22.20,0.00,2,Cruise,550.9794
4364.0,600,60.000,17.292,62.25,22.20,0.00,2,Cruise,550.9794
4365.0,600,60.000,17.343,62.43,22.20,0.00,2,Cruise,550.9794
4366.0,601,60.100,17.394,62.62,22.20,0.00,2,Cruise,550.9794
4367.0,601,60.100,17.628,63.46,22.20,0.00,2,Cruise,550.9794
4368.0,601,60.100,17.861,64.30,22.20,0.00,2,Cruise,550.9794
4369.0,601,60.100,18.094,65.14,22.20,0.00,2,Cruise,550.9794
4370.0,601,60.100,18.327,65.98,22.20,0.00,2,Cruise,550.9794
4371.0,601,60.100,18.560,66.81,22.20,0.00,2,Cruise,550.9794
4372.0,602,60.200,18.792,67.65,22.20,0.00,1,Coast,550.9794
4373.0,602,60.200,18.148,65.33,22.20,0.00,1,Coast,550.9794
4374.0,602,60.200,17.505,63.02,22.20,0.00,1,Coast,550.9794
4375.0,602,60.200,16.863,60.71,22.20,0.00,1,Coast,550.9794
4376.0,602,60.200,16.222,58.40,22.20,0.00,1,Coast,550.9794
4377.0,602,60.200,15.581,56.09,22.20,0.00,1,Coast,550.9794
4378.0,603,60.300,14.942,53.79,22.20,0.00,3,Power,550.9794
4379.0,603,60.300,15.373,55.34,22.20,0.00,3,Power,552.0051
4380.0,603,60.300,15.788,56.84,22.20,0.00,1,Coast,553.0299
4381.0,603,60.300,15.643,56.31,22.20,0.00,3,Power,553.0299
4382.0,603,60.300,16.047,57.77,22.20,0.00,1,Coast,554.0541
4383.0,603,60.300,15.902,57.25,22.20,0.00,1,Coast,554.0541
4384.0,604,60.400,15.757,56.73,22.20,0.00,1,Coast,554.0541
4385.0,604,60.400,15.565,56.03,22.20,0.00,1,Coast,554.0541
4386.0,604,60.400,15.374,55.34,22.20,0.00,3,Power,554.0541
4387.0,604,60.400,15.741,56.67,22.20,0.00,1,Coast,555.0773
4388.0,604,60.400,15.549,55.98,22.20,0.00,1,Coast,555.0773
4389.0,604,60.400,15.358,55.29,22.20,0.00,3,Power,555.0773
4390.0,605,60.500,15.726,56.61,22.20,0.00,3,Power,556.1005
4391.0,605,60.500,16.241,58.47,22.20,0.00,3,Power,557.1282
4392.0,605,60.500,16.738,60.26,22.20,0.00,1,Coast,558.1547
4393.0,605,60.500,16.705,60.14,22.20,0.00,1,Coast,558.1547
4394.0,605,60.500,16.673,60.02,22.20,0.00,1,Coast,558.1547
4395.0,605,60.500,16.640,59.90,22.20,0.00,1,Coast,558.1547
4396.0,606,60.600,16.607,59.79,22.20,0.00,1,Coast,558.1547
4397.0,606,60.600,16.567,59.64,22.20,0.00,1,Coast,558.1547
4398.0,606,60.600,16.526,59.49,22.20,0.00,1,Coast,558.1547
4399.0,606,60.600,16.486,59.35,22.20,0.00,1,Coast,558.1547
4400.0,606,60.600,16.446,59.20,22.20,0.00,1,Coast,558.1547
4401.0,606,60.600,16.405,59.06,22.20,0.00,1,Coast,558.1547
4402.0,606,60.600,16.365,58.91,22.20,0.00,1,Coast,558.1547
4403.0,607,60.700,16.325,58.77,22.20,0.00,1,Coast,558.1547
4404.0,607,60.700,16.148,58.13,22.20,0.00,1,Coast,558.1547
4405.0,607,60.700,15.971,57.50,22.20,0.00,1,Coast,558.1547
4406.0,607,60.700,15.795,56.86,22.20,0.00,1,Coast,558.1547
4407.0,607,60.700,15.619,56.23,22.20,0.00,1,Coast,558.1547
4408.0,607,60.700,15.443,55.59,22.20,0.00,3,Power,558.1547
4409.0,608,60.800,15.823,56.96,22.20,0.00,3,Power,559.1783
4410.0,608,60.800,16.311,58.72,22.20,0.00,1,Coast,560.2050
4411.0,608,60.800,16.255,58.52,22.20,0.00,1,Coast,560.2050
4412.0,608,60.800,16.199,58.32,22.20,0.00,1,Coast,560.2050
4413.0,608,60.800,16.143,58.11,22.20,0.00,1,Coast,560.2050
4414.0,608,60.800,16.087,57.91,22.20,0.00,1,Coast,560.2050
4415.0,609,60.900,16.031,57.71,22.20,0.00,1,Coast,560.2050
4416.0,609,60.900,15.895,57.22,22.20,0.00,1,Coast,560.2050
4417.0,609,60.900,15.759,56.73,22.20,0.00,3,Power,560.2050
4418.0,609,60.900,16.168,58.21,22.20,0.00,1,Coast,561.2293
4419.0,609,60.900,16.032,57.71,22.20,0.00,1,Coast,561.2293
4420.0,609,60.900,15.896,57.22,22.20,0.00,1,Coast,561.2293
4421.0,610,61.000,15.760,56.73,22.20,0.00,3,Power,561.2293
4422.0,610,61.000,16.305,58.70,22.20,0.00,3,Power,562.2578
4423.0,610,61.000,16.831,60.59,22.20,0.00,1,Coast,563.2853
4424.0,610,61.000,16.829,60.58,22.20,0.00,1,Coast,563.2853
4425.0,610,61.000,16.827,60.58,22.20,0.00,1,Coast,563.2853
4426.0,610,61.000,16.826,60.57,22.20,0.00,1,Coast,563.2853
4427.0,611,61.100,16.824,60.57,22.20,0.00,1,Coast,563.2853
4428.0,611,61.100,16.575,59.67,22.20,0.00,1,Coast,563.2853
4429.0,611,61.100,16.325,58.77,22.20,0.00,1,Coast,563.2853
4430.0,611,61.100,16.077,57.88,22.20,0.00,1,Coast,563.2853
4431.0,611,61.100,15.828,56.98,22.20,0.00,3,Power,563.2853
4432.0,611,61.100,16.123,58.04,22.20,0.00,1,Coast,564.3058
4433.0,612,61.200,15.874,57.15,22.20,0.00,1,Coast,564.3058
4434.0,612,61.200,15.431,55.55,22.20,0.00,1,Coast,564.3058
4435.0,612,61.200,14.989,53.96,22.20,0.00,3,Power,564.3058
4436.0,612,61.200,15.121,54.44,22.20,0.00,3,Power,565.3214
4437.0,612,61.200,15.248,54.89,22.20,0.00,3,Power,566.3367
4438.0,612,61.200,15.369,55.33,22.20,0.00,3,Power,567.3518
4439.0,612,61.200,15.486,55.75,22.20,0.00,1,Coast,568.3668
4440.0,613,61.300,15.044,54.16,22.20,0.00,3,Power,568.3668
4441.0,613,61.300,15.530,55.91,22.20,0.00,3,Power,569.3943
4442.0,613,61.300,15.998,57.59,22.20,0.00,3,Power,570.4206
4443.0,613,61.300,16.449,59.22,22.20,0.00,3,Power,571.4460
4444.0,613,61.300,16.885,60.79,22.20,0.00,3,Power,572.4705
4445.0,613,61.300,17.306,62.30,22.20,0.00,3,Power,573.4942
4446.0,614,61.400,17.715,63.77,22.20,0.00,1,Coast,574.5172
4447.0,614,61.400,17.639,63.50,22.20,0.00,3,Power,574.5172
4448.0,614,61.400,18.051,64.98,22.20,0.00,1,Coast,575.5401
4449.0,614,61.400,17.975,64.71,22.20,0.00,1,Coast,575.5401
4450.0,614,61.400,17.898,64.43,22.20,0.00,1,Coast,575.5401
4451.0,614,61.400,17.822,64.16,22.20,0.00,1,Coast,575.5401
4452.0,615,61.500,17.746,63.89,22.20,0.00,1,Coast,575.5401
4453.0,615,61.500,17.616,63.42,22.20,0.00,1,Coast,575.5401
4454.0,615,61.500,17.486,62.95,22.20,0.00,1,Coast,575.5401
4455.0,615,61.500,17.357,62.48,22.20,0.00,1,Coast,575.5401
4456.0,615,61.500,17.227,62.02,22.20,0.00,3,Power,575.5401
4457.0,616,61.600,17.597,63.35,22.20,0.00,3,Power,576.5621
4458.0,616,61.600,18.029,64.91,22.20,0.00,1,Coast,577.5856
4459.0,616,61.600,17.973,64.70,22.20,0.00,1,Coast,577.5856
4460.0,616,61.600,17.917,64.50,22.20,0.00,3,Power,577.5856
4461.0,616,61.600,18.341,66.03,22.20,0.00,1,Coast,578.6087
4462.0,616,61.600,18.284,65.82,22.20,0.00,1,Coast,578.6087
4463.0,617,61.700,18.227,65.62,22.20,0.00,1,Coast,578.6087
4464.0,617,61.700,18.100,65.16,22.20,0.00,1,Coast,578.6087
4465.0,617,61.700,17.973,64.70,22.20,0.00,1,Coast,578.6087
4466.0,617,61.700,17.846,64.25,22.20,0.00,1,Coast,578.6087
4467.0,617,61.700,17.719,63.79,22.20,0.00,1,Coast,578.6087
4468.0,617,61.700,17.593,63.33,22.20,0.00,1,Coast,578.6087
4469.0,618,61.800,17.467,62.88,22.20,0.00,3,Power,578.6087
4470.0,618,61.800,17.848,64.25,22.20,0.00,1,Coast,579.6309
4471.0,618,61.800,17.736,63.85,22.20,0.00,1,Coast,579.6309
4472.0,618,61.800,17.625,63.45,22.20,0.00,3,Power,579.6309
4473.0,618,61.800,18.002,64.81,22.20,0.00,1,Coast,580.6528
4474.0,619,61.900,17.890,64.40,22.20,0.00,1,Coast,580.6528
4475.0,619,61.900,17.755,63.92,22.20,0.00,1,Coast,580.6528
4476.0,619,61.900,17.619,63.43,22.20,0.00,1,Coast,580.6528
4477.0,619,61.900,17.484,62.94,22.20,0.00,3,Power,580.6528
4478.0,619,61.900,17.841,64.23,22.20,0.00,1,Coast,581.6742
4479.0,619,61.900,17.705,63.74,22.20,0.00,1,Coast,581.6742
4480.0,620,62.000,17.570,63.25,22.20,0.00,3,Power,581.6742
4481.0,620,62.000,17.975,64.71,22.20,0.00,1,Coast,582.6970
4482.0,620,62.000,17.891,64.41,22.20,0.00,1,Coast,582.6970
4483.0,620,62.000,17.807,64.11,22.20,0.00,1,Coast,582.6970
4484.0,620,62.000,17.723,63.80,22.20,0.00,3,Power,582.6970
4485.0,621,62.100,18.124,65.25,22.20,0.00,1,Coast,583.7195
4486.0,621,62.100,17.948,64.61,22.20,0.00,1,Coast,583.7195
4487.0,621,62.100,17.772,63.98,22.20,0.00,1,Coast,583.7195
4488.0,621,62.100,17.596,63.35,22.20,0.00,1,Coast,583.7195
4489.0,621,62.100,17.421,62.72,22.20,0.00,1,Coast,583.7195
4490.0,621,62.100,17.246,62.09,22.20,0.00,1,Coast,583.7195
4491.0,622,62.200,17.071,61.46,22.20,0.00,3,Power,583.7195
4492.0,622,62.200,17.454,62.83,22.20,0.00,1,Coast,584.7420
4493.0,622,62.200,17.333,62.40,22.20,0.00,1,Coast,584.7420
4494.0,622,62.200,17.212,61.96,22.20,0.00,1,Coast,584.7420
4495.0,622,62.200,17.092,61.53,22.20,0.00,3,Power,584.7420
4496.0,622,62.200,17.474,62.91,22.20,0.00,1,Coast,585.7644
4497.0,623,62.300,17.353,62.47,22.20,0.00,1,Coast,585.7644
4498.0,623,62.300,17.212,61.96,22.20,0.00,1,Coast,585.7644
4499.0,623,62.300,17.071,61.45,22.20,0.00,1,Coast,585.7644
4500.0,623,62.300,16.930,60.95,22.20,0.00,3,Power,585.7644
4501.0,623,62.300,17.297,62.27,22.20,0.00,1,Coast,586.7865
4502.0,623,62.300,17.156,61.76,22.20,0.00,1,Coast,586.7865
4503.0,624,62.400,17.015,61.25,22.20,0.00,3,Power,586.7865
4504.0,624,62.400,17.484,62.94,22.20,0.00,3,Power,587.8115
4505.0,624,62.400,17.938,64.58,22.20,0.00,2,Cruise,588.8358
4506.0,624,62.400,17.938,64.58,22.20,0.00,2,Cruise,588.9153
4507.0,624,62.400,17.938,64.58,22.20,0.00,2,Cruise,588.9949
4508.0,625,62.500,17.938,64.58,22.20,0.00,3,Power,589.0745
4509.0,625,62.500,18.385,66.19,22.20,0.00,2,Cruise,590.0982
4510.0,625,62.500,18.385,66.19,22.20,0.00,2,Cruise,590.1692
4511.0,625,62.500,18.385,66.19,22.20,0.00,2,Cruise,590.2403
4512.0,625,62.500,18.385,66.19,22.20,0.00,2,Cruise,590.3113
4513.0,625,62.500,18.385,66.19,22.20,0.00,2,Cruise,590.3823
4514.0,626,62.600,18.385,66.19,22.20,0.00,2,Cruise,590.4534
4515.0,626,62.600,18.385,66.19,22.20,0.00,2,Cruise,590.4927
4516.0,626,62.600,18.385,66.19,22.20,0.00,2,Cruise,590.5320
4517.0,626,62.600,18.385,66.19,22.20,0.00,2,Cruise,590.5713
4518.0,626,62.600,18.385,66.19,22.20,0.00,2,Cruise,590.6106
4519.0,627,62.700,18.385,66.19,22.20,0.00,1,Coast,590.6499
4520.0,627,62.700,18.190,65.48,22.20,0.00,1,Coast,590.6499
4521.0,627,62.700,17.995,64.78,22.20,0.00,1,Coast,590.6499
4522.0,627,62.700,17.801,64.08,22.20,0.00,1,Coast,590.6499
4523.0,627,62.700,17.607,63.38,22.20,0.00,1,Coast,590.6499
4524.0,627,62.700,17.413,62.69,22.20,0.00,1,Coast,590.6499
4525.0,628,62.800,17.219,61.99,22.20,0.00,3,Power,590.6499
4526.0,628,62.800,17.648,63.53,22.20,0.00,3,Power,591.6736
4527.0,628,62.800,18.064,65.03,22.20,0.00,2,Cruise,592.6966
4528.0,628,62.800,18.064,65.03,22.20,0.00,2,Cruise,592.8491
4529.0,628,62.800,18.064,65.03,22.20,0.00,2,Cruise,593.0016
4530.0,628,62.800,18.064,65.03,22.20,0.00,2,Cruise,593.1540
4531.0,629,62.900,18.064,65.03,22.20,0.00,3,Power,593.3065
4532.0,629,62.900,18.496,66.59,22.20,0.00,2,Cruise,594.3297
4533.0,629,62.900,18.496,66.59,22.20,0.00,2,Cruise,594.4251
4534.0,629,62.900,18.496,66.59,22.20,0.00,2,Cruise,594.5204
4535.0,629,62.900,18.496,66.59,22.20,0.00,2,Cruise,594.6157
4536.0,630,63.000,18.496,66.59,22.20,0.00,1,Coast,594.7110
4537.0,630,63.000,18.321,65.96,22.20,0.00,1,Coast,594.7110
4538.0,630,63.000,18.146,65.32,22.20,0.00,1,Coast,594.7110
4539.0,630,63.000,17.971,64.70,22.20,0.00,1,Coast,594.7110
4540.0,630,63.000,17.796,64.07,22.20,0.00,1,Coast,594.7110
4541.0,631,63.100,17.622,63.44,22.20,0.00,1,Coast,594.7110
4542.0,631,63.100,17.525,63.09,22.20,0.00,1,Coast,594.7110
4543.0,631,63.100,17.428,62.74,22.20,0.00,1,Coast,594.7110
4544.0,631,63.100,17.331,62.39,22.20,0.00,1,Coast,594.7110
4545.0,631,63.100,17.234,62.04,22.20,0.00,1,Coast,594.7110
4546.0,631,63.100,17.138,61.70,22.20,0.00,1,Coast,594.7110
4547.0,632,63.200,17.042,61.35,22.20,0.00,1,Coast,594.7110
4548.0,632,63.200,16.944,61.00,22.20,0.00,1,Coast,594.7110
4549.0,632,63.200,16.847,60.65,22.20,0.00,1,Coast,594.7110
4550.0,632,63.200,16.750,60.30,22.20,0.00,1,Coast,594.7110
4551.0,632,63.200,16.653,59.95,22.20,0.00,1,Coast,594.7110
4552.0,632,63.200,16.556,59.60,22.20,0.00,1,Coast,594.7110
4553.0,633,63.300,16.459,59.25,22.20,0.00,3,Power,594.7110
4554.0,633,63.300,16.925,60.93,22.20,0.00,1,Coast,595.7364
4555.0,633,63.300,16.867,60.72,22.20,0.00,1,Coast,595.7364
4556.0,633,63.300,16.810,60.52,22.20,0.00,1,Coast,595.7364
4557.0,633,63.300,16.753,60.31,22.20,0.00,1,Coast,595.7364
4558.0,633,63.300,16.695,60.10,22.20,0.00,1,Coast,595.7364
4559.0,634,63.400,16.638,59.90,22.20,0.00,1,Coast,595.7364
4560.0,634,63.400,16.484,59.34,22.20,0.00,1,Coast,595.7364
4561.0,634,63.400,16.330,58.79,22.20,0.00,1,Coast,595.7364
4562.0,634,63.400,16.177,58.24,22.20,0.00,1,Coast,595.7364
4563.0,634,63.400,16.023,57.68,22.20,0.00,3,Power,595.7364
4564.0,634,63.400,16.407,59.06,22.20,0.00,1,Coast,596.7596
4565.0,635,63.500,16.253,58.51,22.20,0.00,3,Power,596.7596
4566.0,635,63.500,16.735,60.24,22.20,0.00,3,Power,597.7857
4567.0,635,63.500,17.200,61.92,22.20,0.00,1,Coast,598.8109
4568.0,635,63.500,17.152,61.75,22.20,0.00,1,Coast,598.8109
4569.0,635,63.500,17.103,61.57,22.20,0.00,1,Coast,598.8109
4570.0,635,63.500,17.055,61.40,22.20,0.00,1,Coast,598.8109
4571.0,636,63.600,17.007,61.22,22.20,0.00,1,Coast,598.8109
4572.0,636,63.600,16.907,60.87,22.20,0.00,1,Coast,598.8109
4573.0,636,63.600,16.808,60.51,22.20,0.00,1,Coast,598.8109
4574.0,636,63.600,16.708,60.15,22.20,0.00,1,Coast,598.8109
4575.0,636,63.600,16.609,59.79,22.20,0.00,1,Coast,598.8109
4576.0,636,63.600,16.510,59.44,22.20,0.00,1,Coast,598.8109
4577.0,637,63.700,16.411,59.08,22.20,0.00,1,Coast,598.8109
4578.0,637,63.700,16.265,58.55,22.20,0.00,1,Coast,598.8109
4579.0,637,63.700,16.119,58.03,22.20,0.00,3,Power,598.8109
4580.0,637,63.700,16.506,59.42,22.20,0.00,1,Coast,599.8342
4581.0,637,63.700,16.359,58.89,22.20,0.00,1,Coast,599.8342
4582.0,637,63.700,16.213,58.37,22.20,0.00,1,Coast,599.8342
4583.0,638,63.800,16.067,57.84,22.20,0.00,3,Power,599.8342
4584.0,638,63.800,16.482,59.33,22.20,0.00,1,Coast,600.8583
4585.0,638,63.800,16.361,58.90,22.20,0.00,1,Coast,600.8583
4586.0,638,63.800,16.241,58.47,22.20,0.00,3,Power,600.8583
4587.0,638,63.800,16.650,59.94,22.20,0.00,1,Coast,601.8822
4588.0,638,63.800,16.529,59.50,22.20,0.00,1,Coast,601.8822
4589.0,639,63.900,16.408,59.07,22.20,0.00,1,Coast,601.8822
4590.0,639,63.900,16.227,58.42,22.20,0.00,1,Coast,601.8822
4591.0,639,63.900,16.047,57.77,22.20,0.00,3,Power,601.8822
4592.0,639,63.900,16.402,59.05,22.20,0.00,1,Coast,602.9045
4593.0,639,63.900,16.221,58.40,22.20,0.00,1,Coast,602.9045
4594.0,639,63.900,16.041,57.75,22.20,0.00,3,Power,602.9045
4595.0,639,63.900,16.396,59.03,22.20,0.00,1,Coast,603.9268
4596.0,640,64.000,16.216,58.38,22.20,0.00,3,Power,603.9268
4597.0,640,64.000,16.656,59.96,22.20,0.00,1,Coast,604.9516
4598.0,640,64.000,16.566,59.64,22.20,0.00,3,Power,604.9516
4599.0,640,64.000,16.995,61.18,22.20,0.00,1,Coast,605.9758
4600.0,640,64.000,16.904,60.86,22.20,0.00,1,Coast,605.9758
4601.0,640,64.000,16.814,60.53,22.20,0.00,1,Coast,605.9758
4602.0,641,64.100,16.724,60.21,22.20,0.00,1,Coast,605.9758
4603.0,641,64.100,16.611,59.80,22.20,0.00,3,Power,605.9758
4604.0,641,64.100,17.017,61.26,22.20,0.00,1,Coast,606.9993
4605.0,641,64.100,16.904,60.85,22.20,0.00,1,Coast,606.9993
4606.0,641,64.100,16.791,60.45,22.20,0.00,1,Coast,606.9993
4607.0,641,64.100,16.679,60.04,22.20,0.00,1,Coast,606.9993
4608.0,642,64.200,16.567,59.64,22.20,0.00,1,Coast,606.9993
4609.0,642,64.200,16.391,59.01,22.20,0.00,1,Coast,606.9993
4610.0,642,64.200,16.216,58.38,22.20,0.00,3,Power,606.9993
4611.0,642,64.200,16.571,59.66,22.20,0.00,1,Coast,608.0215
4612.0,642,64.200,16.395,59.02,22.20,0.00,1,Coast,608.0215
4613.0,642,64.200,16.220,58.39,22.20,0.00,3,Power,608.0215
4614.0,643,64.300,16.575,59.67,22.20,0.00,3,Power,609.0436
4615.0,643,64.300,17.061,61.42,22.20,0.00,2,Cruise,610.0696
4616.0,643,64.300,17.061,61.42,22.20,0.00,2,Cruise,610.1369
4617.0,643,64.300,17.061,61.42,22.20,0.00,2,Cruise,610.2042
4618.0,643,64.300,17.061,61.42,22.20,0.00,2,Cruise,610.2715
4619.0,643,64.300,17.061,61.42,22.20,0.00,2,Cruise,610.3388
4620.0,644,64.400,17.061,61.42,22.20,0.00,1,Coast,610.4062
4621.0,644,64.400,16.870,60.73,22.20,0.00,1,Coast,610.4062
4622.0,644,64.400,16.680,60.05,22.20,0.00,1,Coast,610.4062
4623.0,644,64.400,16.490,59.36,22.20,0.00,1,Coast,610.4062
4624.0,644,64.400,16.300,58.68,22.20,0.00,1,Coast,610.4062
4625.0,644,64.400,16.110,58.00,22.20,0.00,1,Coast,610.4062
4626.0,645,64.500,15.921,57.31,22.20,0.00,3,Power,610.4062
4627.0,645,64.500,16.521,59.47,22.20,0.00,3,Power,611.4363
4628.0,645,64.500,17.110,61.60,22.20,0.00,3,Power,612.4655
4629.0,645,64.500,17.681,63.65,22.20,0.00,3,Power,613.4934
4630.0,645,64.500,18.234,65.64,22.20,0.00,3,Power,614.5204
4631.0,646,64.600,18.773,67.58,22.20,0.00,2,Cruise,615.5464
4632.0,646,64.600,18.783,67.62,22.20,0.00,2,Cruise,615.5464
4633.0,646,64.600,18.794,67.66,22.20,0.00,2,Cruise,615.5464
4634.0,646,64.600,18.805,67.70,22.20,0.00,2,Cruise,615.5464
4635.0,646,64.600,18.816,67.74,22.20,0.00,2,Cruise,615.5464
4636.0,646,64.600,18.826,67.77,22.20,0.00,2,Cruise,615.5464
4637.0,647,64.700,18.837,67.81,22.20,0.00,1,Coast,615.5464
4638.0,647,64.700,18.760,67.54,22.20,0.00,1,Coast,615.5464
4639.0,647,64.700,18.684,67.26,22.20,0.00,1,Coast,615.5464
4640.0,647,64.700,18.608,66.99,22.20,0.00,1,Coast,615.5464
4641.0,647,64.700,18.532,66.71,22.20,0.00,1,Coast,615.5464
4642.0,648,64.800,18.456,66.44,22.20,0.00,2,Cruise,615.5464
4643.0,648,64.800,18.882,67.98,22.20,0.00,2,Cruise,615.5464
4644.0,648,64.800,19.309,69.51,22.20,0.00,2,Cruise,615.5464
4645.0,648,64.800,19.734,71.04,22.20,0.00,2,Cruise,615.5464
4646.0,648,64.800,20.159,72.57,22.20,0.00,2,Cruise,615.5464
4647.0,649,64.900,20.584,74.10,22.20,0.00,1,Coast,615.5464
4648.0,649,64.900,20.277,73.00,22.20,0.00,1,Coast,615.5464
4649.0,649,64.900,19.972,71.90,22.20,0.00,1,Coast,615.5464
4650.0,649,64.900,19.667,70.80,22.20,0.00,1,Coast,615.5464
4651.0,649,64.900,19.362,69.70,22.20,0.00,1,Coast,615.5464
4652.0,650,65.000,19.057,68.61,22.20,0.00,1,Coast,615.5464
4653.0,650,65.000,18.611,67.00,22.20,0.00,1,Coast,615.5464
4654.0,650,65.000,18.166,65.40,22.20,0.00,1,Coast,615.5464
4655.0,650,65.000,17.721,63.80,22.20,0.00,1,Coast,615.5464
4656.0,650,65.000,17.277,62.20,22.20,0.00,1,Coast,615.5464
4657.0,650,65.000,16.833,60.60,22.20,0.00,1,Coast,615.5464
4658.0,651,65.100,16.391,59.01,22.20,0.00,3,Power,615.5464
4659.0,651,65.100,16.882,60.77,22.20,0.00,3,Power,616.5727
4660.0,651,65.100,17.357,62.49,22.20,0.00,3,Power,617.5980
4661.0,651,65.100,17.818,64.14,22.20,0.00,3,Power,618.6226
4662.0,651,65.100,18.265,65.75,22.20,0.00,2,Cruise,619.6464
4663.0,651,65.100,18.265,65.75,22.20,0.00,2,Cruise,619.7230
4664.0,652,65.200,18.265,65.75,22.20,0.00,2,Cruise,619.7997
4665.0,652,65.200,18.265,65.75,22.20,0.00,2,Cruise,620.1086
4666.0,652,65.200,18.265,65.75,22.20,0.00,2,Cruise,620.4174
4667.0,652,65.200,18.265,65.75,22.20,0.00,2,Cruise,620.7262
4668.0,652,65.200,18.265,65.75,22.20,0.00,2,Cruise,621.0350
4669.0,653,65.300,18.265,65.75,22.20,0.00,2,Cruise,621.3439
4670.0,653,65.300,18.265,65.75,22.20,0.00,2,Cruise,621.4330
4671.0,653,65.300,18.265,65.75,22.20,0.00,2,Cruise,621.5221
4672.0,653,65.300,18.265,65.75,22.20,0.00,2,Cruise,621.6112
4673.0,653,65.300,18.265,65.75,22.20,0.00,2,Cruise,621.7003
4674.0,654,65.400,18.265,65.75,22.20,0.00,2,Cruise,621.7894
4675.0,654,65.400,18.301,65.88,22.20,0.00,2,Cruise,621.7894
4676.0,654,65.400,18.336,66.01,22.20,0.00,2,Cruise,621.7894
4677.0,654,65.400,18.371,66.14,22.20,0.00,2,Cruise,621.7894
4678.0,654,65.400,18.407,66.26,22.20,0.00,2,Cruise,621.7894
4679.0,654,65.400,18.442,66.39,22.20,0.00,2,Cruise,621.7894
4680.0,655,65.500,18.477,66.52,22.20,0.00,2,Cruise,621.7894
4681.0,655,65.500,18.477,66.52,22.20,0.00,2,Cruise,621.8982
4682.0,655,65.500,18.477,66.52,22.20,0.00,2,Cruise,622.0070
4683.0,655,65.500,18.477,66.52,22.20,0.00,2,Cruise,622.1157
4684.0,655,65.500,18.477,66.52,22.20,0.00,2,Cruise,622.2245
4685.0,656,65.600,18.477,66.52,22.20,0.00,2,Cruise,622.3333
4686.0,656,65.600,18.518,66.66,22.20,0.00,2,Cruise,622.3333
4687.0,656,65.600,18.558,66.81,22.20,0.00,2,Cruise,622.3333
4688.0,656,65.600,18.598,66.95,22.20,0.00,2,Cruise,622.3333
4689.0,656,65.600,18.638,67.10,22.20,0.00,2,Cruise,622.3333
4690.0,656,65.600,18.679,67.24,22.20,0.00,2,Cruise,622.3333
4691.0,657,65.700,18.719,67.39,22.20,0.00,2,Cruise,622.3333
4692.0,657,65.700,18.742,67.47,22.20,0.00,2,Cruise,622.3333
4693.0,657,65.700,18.766,67.56,22.20,0.00,2,Cruise,622.3333
4694.0,657,65.700,18.789,67.64,22.20,0.00,2,Cruise,622.3333
4695.0,657,65.700,18.813,67.73,22.20,0.00,2,Cruise,622.3333
4696.0,658,65.800,18.836,67.81,22.20,0.00,2,Cruise,622.3333
4697.0,658,65.800,18.836,67.81,22.20,0.00,2,Cruise,622.3997
4698.0,658,65.800,18.836,67.81,22.20,0.00,2,Cruise,622.4661
4699.0,658,65.800,18.836,67.81,22.20,0.00,2,Cruise,622.5326
4700.0,658,65.800,18.836,67.81,22.20,0.00,2,Cruise,622.5990
4701.0,659,65.900,18.836,67.81,22.20,0.00,2,Cruise,622.6654
4702.0,659,65.900,18.867,67.92,22.20,0.00,2,Cruise,622.6654
4703.0,659,65.900,18.897,68.03,22.20,0.00,2,Cruise,622.6654
4704.0,659,65.900,18.927,68.14,22.20,0.00,2,Cruise,622.6654
4705.0,659,65.900,18.957,68.25,22.20,0.00,2,Cruise,622.6654
4706.0,659,65.900,18.987,68.35,22.20,0.00,2,Cruise,622.6654
4707.0,660,66.000,19.017,68.46,22.20,0.00,2,Cruise,622.6654
4708.0,660,66.000,19.017,68.46,22.20,0.00,2,Cruise,622.6788
4709.0,660,66.000,19.017,68.46,22.20,0.00,2,Cruise,622.6921
4710.0,660,66.000,19.017,68.46,22.20,0.00,2,Cruise,622.7055
4711.0,660,66.000,19.017,68.46,22.20,0.00,2,Cruise,622.7189
4712.0,661,66.100,19.017,68.46,22.20,0.00,2,Cruise,622.7322
4713.0,661,66.100,19.017,68.46,22.20,0.00,2,Cruise,622.8783
4714.0,661,66.100,19.017,68.46,22.20,0.00,2,Cruise,623.0244
4715.0,661,66.100,19.017,68.46,22.20,0.00,2,Cruise,623.1705
4716.0,661,66.100,19.017,68.46,22.20,0.00,2,Cruise,623.3166
4717.0,662,66.200,19.017,68.46,22.20,0.00,2,Cruise,623.4626
4718.0,662,66.200,19.017,68.46,22.20,0.00,2,Cruise,623.5386
4719.0,662,66.200,19.017,68.46,22.20,0.00,2,Cruise,623.6146
4720.0,662,66.200,19.017,68.46,22.20,0.00,2,Cruise,623.6905
4721.0,662,66.200,19.017,68.46,22.20,0.00,2,Cruise,623.7665
4722.0,663,66.300,19.017,68.46,22.20,0.00,2,Cruise,623.8424
4723.0,663,66.300,19.017,68.46,22.20,0.00,2,Cruise,623.8456
4724.0,663,66.300,19.017,68.46,22.20,0.00,2,Cruise,623.8488
4725.0,663,66.300,19.017,68.46,22.20,0.00,2,Cruise,623.8520
4726.0,663,66.300,19.017,68.46,22.20,0.00,2,Cruise,623.8552
4727.0,663,66.300,19.017,68.46,22.20,0.00,2,Cruise,623.8584
4728.0,664,66.400,19.017,68.46,22.20,0.00,2,Cruise,623.8616
4729.0,664,66.400,19.017,68.46,22.20,0.00,2,Cruise,624.0946
4730.0,664,66.400,19.017,68.46,22.20,0.00,2,Cruise,624.3277
4731.0,664,66.400,19.017,68.46,22.20,0.00,2,Cruise,624.5608
4732.0,664,66.400,19.017,68.46,22.20,0.00,2,Cruise,624.7938
4733.0,665,66.500,19.017,68.46,22.20,0.00,1,Coast,625.0269
4734.0,665,66.500,18.883,67.98,22.20,0.00,1,Coast,625.0269
4735.0,665,66.500,18.750,67.50,22.20,0.00,2,Cruise,625.0269
4736.0,665,66.500,18.750,67.50,22.20,0.00,2,Cruise,625.3216
4737.0,665,66.500,18.750,67.50,22.20,0.00,2,Cruise,625.6163
4738.0,666,66.600,18.750,67.50,22.20,0.00,2,Cruise,625.9110
4739.0,666,66.600,18.750,67.50,22.20,0.00,2,Cruise,626.0477
4740.0,666,66.600,18.750,67.50,22.20,0.00,2,Cruise,626.1845
4741.0,666,66.600,18.750,67.50,22.20,0.00,2,Cruise,626.3212
4742.0,666,66.600,18.750,67.50,22.20,0.00,2,Cruise,626.4579
4743.0,666,66.600,18.750,67.50,22.20,0.00,2,Cruise,626.5946
4744.0,667,66.700,18.750,67.50,22.20,0.00,3,Power,626.7313
4745.0,667,66.700,19.309,69.51,22.20,0.00,3,Power,627.7575
4746.0,667,66.700,19.854,71.47,22.20,0.00,2,Cruise,628.7829
4747.0,667,66.700,19.953,71.83,22.20,0.00,2,Cruise,628.7829
4748.0,667,66.700,20.053,72.19,22.20,0.00,2,Cruise,628.7829
4749.0,668,66.800,20.152,72.55,22.20,0.00,2,Cruise,628.7829
4750.0,668,66.800,20.152,72.55,22.20,0.00,2,Cruise,628.8518
4751.0,668,66.800,20.152,72.55,22.20,0.00,2,Cruise,628.9208
4752.0,668,66.800,20.152,72.55,22.20,0.00,2,Cruise,628.9898
4753.0,668,66.800,20.152,72.55,22.20,0.00,2,Cruise,629.0588
4754.0,669,66.900,20.152,72.55,22.20,0.00,1,Coast,629.1278
4755.0,669,66.900,20.068,72.24,22.20,0.00,2,Cruise,629.1278
4756.0,669,66.900,20.068,72.24,22.20,0.00,2,Cruise,629.3247
4757.0,669,66.900,20.068,72.24,22.20,0.00,2,Cruise,629.5216
4758.0,669,66.900,20.068,72.24,22.20,0.00,2,Cruise,629.7185
4759.0,670,67.000,20.068,72.24,22.20,0.00,1,Coast,629.9154
4760.0,670,67.000,19.943,71.79,22.20,0.00,1,Coast,629.9154
4761.0,670,67.000,19.817,71.34,22.20,0.00,1,Coast,629.9154
4762.0,670,67.000,19.692,70.89,22.20,0.00,1,Coast,629.9154
4763.0,670,67.000,19.567,70.44,22.20,0.00,1,Coast,629.9154
4764.0,671,67.100,19.442,69.99,22.20,0.00,2,Cruise,629.9154
4765.0,671,67.100,19.442,69.99,22.20,0.00,2,Cruise,630.0717
4766.0,671,67.100,19.442,69.99,22.20,0.00,2,Cruise,630.2280
4767.0,671,67.100,19.442,69.99,22.20,0.00,2,Cruise,630.3844
4768.0,671,67.100,19.442,69.99,22.20,0.00,2,Cruise,630.5407
4769.0,672,67.200,19.442,69.99,22.20,0.00,2,Cruise,630.6971
4770.0,672,67.200,19.442,69.99,22.20,0.00,2,Cruise,630.7037
4771.0,672,67.200,19.442,69.99,22.20,0.00,2,Cruise,630.7103
4772.0,672,67.200,19.442,69.99,22.20,0.00,2,Cruise,630.7169
4773.0,672,67.200,19.442,69.99,22.20,0.00,2,Cruise,630.7235
4774.0,673,67.300,19.442,69.99,22.20,0.00,2,Cruise,630.7301
4775.0,673,67.300,19.442,69.99,22.20,0.00,2,Cruise,630.7708
4776.0,673,67.300,19.442,69.99,22.20,0.00,2,Cruise,630.8116
4777.0,673,67.300,19.442,69.99,22.20,0.00,2,Cruise,630.8524
4778.0,673,67.300,19.442,69.99,22.20,0.00,2,Cruise,630.8932
4779.0,674,67.400,19.442,69.99,22.20,0.00,1,Coast,630.9340
4780.0,674,67.400,19.315,69.53,22.20,0.00,1,Coast,630.9340
4781.0,674,67.400,19.187,69.07,22.20,0.00,1,Coast,630.9340
4782.0,674,67.400,19.060,68.61,22.20,0.00,1,Coast,630.9340
4783.0,674,67.400,18.932,68.16,22.20,0.00,1,Coast,630.9340
4784.0,675,67.500,18.805,67.70,22.20,0.00,2,Cruise,630.9340
4785.0,675,67.500,18.805,67.70,22.20,0.00,2,Cruise,631.1491
4786.0,675,67.500,18.805,67.70,22.20,0.00,2,Cruise,631.3642
4787.0,675,67.500,18.805,67.70,22.20,0.00,2,Cruise,631.5793
4788.0,675,67.500,18.805,67.70,22.20,0.00,2,Cruise,631.7943
4789.0,675,67.500,18.805,67.70,22.20,0.00,2,Cruise,632.0094
4790.0,676,67.600,18.805,67.70,22.20,0.00,2,Cruise,632.2245
4791.0,676,67.600,18.805,67.70,22.20,0.00,2,Cruise,632.4807
4792.0,676,67.600,18.805,67.70,22.20,0.00,2,Cruise,632.7369
4793.0,676,67.600,18.805,67.70,22.20,0.00,2,Cruise,632.9931
4794.0,676,67.600,18.805,67.70,22.20,0.00,2,Cruise,633.2493
4795.0,677,67.700,18.805,67.70,22.20,0.00,1,Coast,633.5054
4796.0,677,67.700,18.627,67.06,22.20,0.00,1,Coast,633.5054
4797.0,677,67.700,18.449,66.42,22.20,0.00,1,Coast,633.5054
4798.0,677,67.700,18.271,65.78,22.20,0.00,1,Coast,633.5054
4799.0,677,67.700,18.094,65.14,22.20,0.00,1,Coast,633.5054
4800.0,678,67.800,17.917,64.50,22.20,0.00,3,Power,633.5054
4801.0,678,67.800,18.347,66.05,22.20,0.00,2,Cruise,634.5287
4802.0,678,67.800,18.347,66.05,22.20,0.00,2,Cruise,634.6364
4803.0,678,67.800,18.347,66.05,22.20,0.00,2,Cruise,634.7440
4804.0,678,67.800,18.347,66.05,22.20,0.00,2,Cruise,634.8517
4805.0,678,67.800,18.347,66.05,22.20,0.00,2,Cruise,634.9594
4806.0,679,67.900,18.347,66.05,22.20,0.00,3,Power,635.0670
4807.0,679,67.900,18.853,67.87,22.20,0.00,3,Power,636.0921
4808.0,679,67.900,19.345,69.64,22.20,0.00,3,Power,637.1164
4809.0,679,67.900,19.825,71.37,22.20,0.00,3,Power,638.1400
4810.0,679,67.900,20.294,73.06,22.20,0.00,2,Cruise,639.1631
4811.0,680,68.000,20.328,73.18,22.20,0.00,1,Coast,639.1631
4812.0,680,68.000,20.278,73.00,22.20,0.00,1,Coast,639.1631
4813.0,680,68.000,20.229,72.82,22.20,0.00,1,Coast,639.1631
4814.0,680,68.000,20.180,72.65,22.20,0.00,1,Coast,639.1631
4815.0,680,68.000,20.130,72.47,22.20,0.00,1,Coast,639.1631
4816.0,681,68.100,20.081,72.29,22.20,0.00,2,Cruise,639.1631
4817.0,681,68.100,20.081,72.29,22.20,0.00,2,Cruise,639.4060
4818.0,681,68.100,20.081,72.29,22.20,0.00,2,Cruise,639.6489
4819.0,681,68.100,20.081,72.29,22.20,0.00,2,Cruise,639.8918
4820.0,681,68.100,20.081,72.29,22.20,0.00,2,Cruise,640.1347
4821.0,682,68.200,20.081,72.29,22.20,0.00,1,Coast,640.3775
4822.0,682,68.200,19.905,71.66,22.20,0.00,1,Coast,640.3775
4823.0,682,68.200,19.728,71.02,22.20,0.00,1,Coast,640.3775
4824.0,682,68.200,19.552,70.39,22.20,0.00,1,Coast,640.3775
4825.0,682,68.200,19.376,69.75,22.20,0.00,1,Coast,640.3775
4826.0,683,68.300,19.200,69.12,22.20,0.00,1,Coast,640.3775
4827.0,683,68.300,18.972,68.30,22.20,0.00,1,Coast,640.3775
4828.0,683,68.300,18.745,67.48,22.20,0.00,1,Coast,640.3775
4829.0,683,68.300,18.517,66.66,22.20,0.00,1,Coast,640.3775
4830.0,683,68.300,18.290,65.84,22.20,0.00,2,Cruise,640.3775
4831.0,684,68.400,18.290,65.84,22.20,0.00,2,Cruise,640.8654
4832.0,684,68.400,18.290,65.84,22.20,0.00,2,Cruise,641.2175
4833.0,684,68.400,18.290,65.84,22.20,0.00,2,Cruise,641.5695
4834.0,684,68.400,18.290,65.84,22.20,0.00,2,Cruise,641.9216
4835.0,684,68.400,18.290,65.84,22.20,0.00,2,Cruise,642.2737
4836.0,684,68.400,18.290,65.84,22.20,0.00,2,Cruise,642.6258
4837.0,685,68.500,18.290,65.84,22.20,0.00,2,Cruise,642.9778
4838.0,685,68.500,18.309,65.91,22.20,0.00,2,Cruise,642.9778
4839.0,685,68.500,18.327,65.98,22.20,0.00,2,Cruise,642.9778
4840.0,685,68.500,18.345,66.04,22.20,0.00,2,Cruise,642.9778
4841.0,685,68.500,18.363,66.11,22.20,0.00,2,Cruise,642.9778
4842.0,686,68.600,18.382,66.17,22.20,0.00,1,Coast,642.9778
4843.0,686,68.600,18.232,65.64,22.20,0.00,1,Coast,642.9778
4844.0,686,68.600,18.082,65.10,22.20,0.00,1,Coast,642.9778
4845.0,686,68.600,17.933,64.56,22.20,0.00,1,Coast,642.9778
4846.0,686,68.600,17.784,64.02,22.20,0.00,1,Coast,642.9778
4847.0,686,68.600,17.635,63.49,22.20,0.00,2,Cruise,642.9778
4848.0,687,68.700,17.635,63.49,22.20,0.00,1,Coast,643.2864
4849.0,687,68.700,17.460,62.86,22.20,0.00,1,Coast,643.2864
4850.0,687,68.700,17.286,62.23,22.20,0.00,2,Cruise,643.2864
4851.0,687,68.700,17.286,62.23,22.20,0.00,2,Cruise,643.6408
4852.0,687,68.700,17.286,62.23,22.20,0.00,2,Cruise,643.9953
4853.0,687,68.700,17.286,62.23,22.20,0.00,2,Cruise,644.3498
4854.0,688,68.800,17.286,62.23,22.20,0.00,2,Cruise,644.7043
4855.0,688,68.800,17.286,62.23,22.20,0.00,2,Cruise,644.7972
4856.0,688,68.800,17.286,62.23,22.20,0.00,2,Cruise,644.8902
4857.0,688,68.800,17.286,62.23,22.20,0.00,2,Cruise,644.9831
4858.0,688,68.800,17.286,62.23,22.20,0.00,2,Cruise,645.0760
4859.0,689,68.900,17.286,62.23,22.20,0.00,2,Cruise,645.1689
4860.0,689,68.900,17.286,62.23,22.20,0.00,2,Cruise,645.5088
4861.0,689,68.900,17.286,62.23,22.20,0.00,2,Cruise,645.8486
4862.0,689,68.900,17.286,62.23,22.20,0.00,2,Cruise,646.1885
4863.0,689,68.900,17.286,62.23,22.20,0.00,2,Cruise,646.5283
4864.0,689,68.900,17.286,62.23,22.20,0.00,2,Cruise,646.8681
4865.0,690,69.000,17.286,62.23,22.20,0.00,2,Cruise,647.2080
4866.0,690,69.000,17.286,62.23,22.20,0.00,2,Cruise,647.3466
4867.0,690,69.000,17.286,62.23,22.20,0.00,2,Cruise,647.4852
4868.0,690,69.000,17.286,62.23,22.20,0.00,2,Cruise,647.6238
4869.0,690,69.000,17.286,62.23,22.20,0.00,2,Cruise,647.7624
4870.0,690,69.000,17.286,62.23,22.20,0.00,2,Cruise,647.9010
4871.0,691,69.100,17.286,62.23,22.20,0.00,2,Cruise,648.0396
4872.0,691,69.100,17.286,62.23,22.20,0.00,2,Cruise,648.1605
4873.0,691,69.100,17.286,62.23,22.20,0.00,2,Cruise,648.2814
4874.0,691,69.100,17.286,62.23,22.20,0.00,2,Cruise,648.4023
4875.0,691,69.100,17.286,62.23,22.20,0.00,2,Cruise,648.5232
4876.0,691,69.100,17.286,62.23,22.20,0.00,2,Cruise,648.6441
4877.0,692,69.200,17.286,62.23,22.20,0.00,2,Cruise,648.7649
4878.0,692,69.200,17.286,62.23,22.20,0.00,2,Cruise,648.8279
4879.0,692,69.200,17.286,62.23,22.20,0.00,2,Cruise,648.8909
4880.0,692,69.200,17.286,62.23,22.20,0.00,2,Cruise,648.9539
4881.0,692,69.200,17.286,62.23,22.20,0.00,2,Cruise,649.0169
4882.0,692,69.200,17.286,62.23,22.20,0.00,2,Cruise,649.0799
4883.0,693,69.300,17.286,62.23,22.20,0.00,2,Cruise,649.1429
4884.0,693,69.300,17.373,62.54,22.20,0.00,2,Cruise,649.1429
4885.0,693,69.300,17.459,62.85,22.20,0.00,2,Cruise,649.1429
4886.0,693,69.300,17.546,63.16,22.20,0.00,2,Cruise,649.1429
4887.0,693,69.300,17.632,63.48,22.20,0.00,2,Cruise,649.1429
4888.0,694,69.400,17.718,63.79,22.20,0.00,1,Coast,649.1429
4889.0,694,69.400,17.692,63.69,22.20,0.00,1,Coast,649.1429
4890.0,694,69.400,17.665,63.59,22.20,0.00,1,Coast,649.1429
4891.0,694,69.400,17.638,63.50,22.20,0.00,1,Coast,649.1429
4892.0,694,69.400,17.612,63.40,22.20,0.00,1,Coast,649.1429
4893.0,694,69.400,17.585,63.31,22.20,0.00,2,Cruise,649.1429
4894.0,695,69.500,17.585,63.31,22.20,0.00,1,Coast,649.1978
4895.0,695,69.500,17.463,62.87,22.20,0.00,1,Coast,649.1978
4896.0,695,69.500,17.341,62.43,22.20,0.00,1,Coast,649.1978
4897.0,695,69.500,17.219,61.99,22.20,0.00,1,Coast,649.1978
4898.0,695,69.500,17.097,61.55,22.20,0.00,1,Coast,649.1978
4899.0,695,69.500,16.976,61.11,22.20,0.00,1,Coast,649.1978
4900.0,696,69.600,16.854,60.68,22.20,0.00,1,Coast,649.1978
4901.0,696,69.600,16.544,59.56,22.20,0.00,1,Coast,649.1978
4902.0,696,69.600,16.233,58.44,22.20,0.00,1,Coast,649.1978
4903.0,696,69.600,15.923,57.32,22.20,0.00,1,Coast,649.1978
4904.0,696,69.600,15.614,56.21,22.20,0.00,1,Coast,649.1978
4905.0,696,69.600,15.305,55.10,22.20,0.00,1,Coast,649.1978
4906.0,697,69.700,14.996,53.98,22.20,0.00,2,Cruise,649.1978
4907.0,697,69.700,14.996,53.98,22.20,0.00,2,Cruise,649.2238
4908.0,697,69.700,14.996,53.98,22.20,0.00,2,Cruise,649.2498
4909.0,697,69.700,14.996,53.98,22.20,0.00,2,Cruise,649.2758
4910.0,697,69.700,14.996,53.98,22.20,0.00,2,Cruise,649.3018
4911.0,697,69.700,14.996,53.98,22.20,0.00,2,Cruise,649.3279
4912.0,697,69.700,14.996,53.98,22.20,0.00,2,Cruise,649.3539
4913.0,698,69.800,14.996,53.98,22.20,0.00,2,Cruise,649.3799
4914.0,698,69.800,15.130,54.47,22.20,0.00,2,Cruise,649.3799
4915.0,698,69.800,15.265,54.95,22.20,0.00,2,Cruise,649.3799
4916.0,698,69.800,15.399,55.44,22.20,0.00,2,Cruise,649.3799
4917.0,698,69.800,15.533,55.92,22.20,0.00,2,Cruise,649.3799
4918.0,698,69.800,15.667,56.40,22.20,0.00,2,Cruise,649.3799
4919.0,699,69.900,15.801,56.88,22.20,0.00,1,Coast,649.3799
4920.0,699,69.900,15.370,55.33,22.20,0.00,1,Coast,649.3799
4921.0,699,69.900,14.939,53.78,22.20,0.00,1,Coast,649.3799
4922.0,699,69.900,14.509,52.23,22.20,0.00,1,Coast,649.3799
4923.0,699,69.900,14.080,50.69,22.20,0.00,1,Coast,649.3799
4924.0,699,69.900,13.651,49.14,22.20,0.00,3,Power,649.3799
4925.0,699,69.900,13.822,49.76,22.20,0.00,3,Power,650.3495
4926.0,700,70.000,13.994,50.38,11.10,2.89,1,Coast,651.3313
4927.0,700,70.000,14.000,50.40,11.10,2.90,1,Coast,651.3313
4928.0,700,70.000,14.005,50.42,11.10,2.91,1,Coast,651.3313
4929.0,700,70.000,14.011,50.44,11.10,2.91,1,Coast,651.3313
4930.0,700,70.000,14.017,50.46,11.10,2.92,1,Coast,651.3313
4931.0,700,70.000,14.023,50.48,11.10,2.92,1,Coast,651.3313
4932.0,700,70.000,14.029,50.50,11.10,2.93,1,Coast,651.3313
4933.0,701,70.100,14.035,50.53,11.10,2.93,2,Cruise,651.3313
4934.0,701,70.100,14.117,50.82,11.10,3.02,2,Cruise,651.3313
4935.0,701,70.100,14.200,51.12,11.10,3.10,2,Cruise,651.3313
4936.0,701,70.100,14.282,51.41,11.10,3.18,2,Cruise,651.3313
4937.0,701,70.100,14.364,51.71,11.10,3.26,2,Cruise,651.3313
4938.0,701,70.100,14.446,52.01,11.10,3.35,2,Cruise,651.3313
4939.0,701,70.100,14.528,52.30,11.10,3.43,2,Cruise,651.3313
4940.0,702,70.200,14.610,52.60,11.10,3.51,1,Coast,651.3313
4941.0,702,70.200,14.384,51.78,11.10,3.28,1,Coast,651.3313
4942.0,702,70.200,14.158,50.97,11.10,3.06,1,Coast,651.3313
4943.0,702,70.200,13.932,50.16,11.10,2.83,1,Coast,651.3313
4944.0,702,70.200,13.707,49.34,11.10,2.61,1,Coast,651.3313
4945.0,702,70.200,13.482,48.53,11.10,2.38,1,Coast,651.3313
4946.0,702,70.200,13.257,47.72,11.10,2.16,1,Coast,651.3313
4947.0,703,70.300,13.032,46.92,11.10,1.93,2,Cruise,651.3313
4948.0,703,70.300,13.073,47.06,11.10,1.97,2,Cruise,651.3313
4949.0,703,70.300,13.114,47.21,11.10,2.01,2,Cruise,651.3313
4950.0,703,70.300,13.154,47.36,11.10,2.05,2,Cruise,651.3313
4951.0,703,70.300,13.195,47.50,11.10,2.09,2,Cruise,651.3313
4952.0,703,70.300,13.235,47.65,11.10,2.14,2,Cruise,651.3313
4953.0,703,70.300,13.276,47.79,11.10,2.18,2,Cruise,651.3313
4954.0,703,70.300,13.316,47.94,11.10,2.22,2,Cruise,651.3313
4955.0,704,70.400,13.357,48.08,11.10,2.26,1,Coast,651.3313
4956.0,704,70.400,13.337,48.01,11.10,2.24,1,Coast,651.3313
4957.0,704,70.400,13.318,47.94,11.10,2.22,1,Coast,651.3313
4958.0,704,70.400,13.299,47.88,11.10,2.20,1,Coast,651.3313
4959.0,704,70.400,13.279,47.81,11.10,2.18,1,Coast,651.3313
4960.0,704,70.400,13.260,47.74,11.10,2.16,1,Coast,651.3313
4961.0,704,70.400,13.241,47.67,11.10,2.14,1,Coast,651.3313
4962.0,705,70.500,13.222,47.60,11.10,2.12,1,Coast,651.3313
4963.0,705,70.500,13.187,47.47,11.10,2.09,1,Coast,651.3313
4964.0,705,70.500,13.153,47.35,11.10,2.05,1,Coast,651.3313
4965.0,705,70.500,13.118,47.23,11.10,2.02,1,Coast,651.3313
4966.0,705,70.500,13.084,47.10,11.10,1.98,1,Coast,651.3313
4967.0,705,70.500,13.049,46.98,11.10,1.95,1,Coast,651.3313
4968.0,705,70.500,13.015,46.85,11.10,1.92,1,Coast,651.3313
4969.0,705,70.500,12.981,46.73,11.10,1.88,1,Coast,651.3313
4970.0,706,70.600,12.946,46.61,11.10,1.85,2,Cruise,651.3313
4971.0,706,70.600,12.953,46.63,11.10,1.85,2,Cruise,651.3313
4972.0,706,70.600,12.960,46.66,11.10,1.86,2,Cruise,651.3313
4973.0,706,70.600,12.967,46.68,11.10,1.87,1,Coast,651.3313
4974.0,706,70.600,12.974,46.71,11.10,1.87,1,Coast,651.3313
4975.0,706,70.600,12.981,46.73,11.10,1.88,1,Coast,651.3313
4976.0,706,70.600,12.988,46.76,11.10,1.89,1,Coast,651.3313
4977.0,706,70.600,12.994,46.78,11.10,1.89,1,Coast,651.3313
4978.0,707,70.700,13.001,46.80,11.10,1.90,1,Coast,651.3313
4979.0,707,70.700,12.880,46.37,11.10,1.78,1,Coast,651.3313
4980.0,707,70.700,12.760,45.93,11.10,1.66,1,Coast,651.3313
4981.0,707,70.700,12.639,45.50,11.10,1.54,1,Coast,651.3313
4982.0,707,70.700,12.519,45.07,11.10,1.42,1,Coast,651.3313
4983.0,707,70.700,12.398,44.63,11.10,1.30,1,Coast,651.3313
4984.0,707,70.700,12.278,44.20,11.10,1.18,1,Coast,651.3313
4985.0,707,70.700,12.158,43.77,11.10,1.06,1,Coast,651.3313
4986.0,708,70.800,12.038,43.34,11.10,0.94,2,Cruise,651.3313
4987.0,708,70.800,12.042,43.35,11.10,0.94,2,Cruise,651.3313
4988.0,708,70.800,12.045,43.36,11.10,0.94,2,Cruise,651.3313
4989.0,708,70.800,12.048,43.37,11.10,0.95,2,Cruise,651.3313
4990.0,708,70.800,12.051,43.39,11.10,0.95,2,Cruise,651.3313
4991.0,708,70.800,12.055,43.40,11.10,0.95,2,Cruise,651.3313
4992.0,708,70.800,12.058,43.41,11.10,0.96,2,Cruise,651.3313
4993.0,708,70.800,12.061,43.42,11.10,0.96,2,Cruise,651.3313
4994.0,709,70.900,12.065,43.43,11.10,0.96,1,Coast,651.3313
4995.0,709,70.900,11.987,43.15,11.10,0.89,1,Coast,651.3313
4996.0,709,70.900,11.909,42.87,11.10,0.81,1,Coast,651.3313
4997.0,709,70.900,11.832,42.59,11.10,0.73,1,Coast,651.3313
4998.0,709,70.900,11.754,42.31,11.10,0.65,1,Coast,651.3313
4999.0,709,70.900,11.677,42.04,11.10,0.58,1,Coast,651.3313
5000.0,709,70.900,11.599,41.76,11.10,0.50,1,Coast,651.3313
5001.0,709,70.900,11.522,41.48,11.10,0.42,1,Coast,651.3313
5002.0,709,70.900,11.445,41.20,11.10,0.34,1,Coast,651.3313
5003.0,710,71.000,11.368,40.92,11.10,0.27,1,Coast,651.3313
5004.0,710,71.000,11.293,40.65,11.10,0.19,1,Coast,651.3313
5005.0,710,71.000,11.217,40.38,11.10,0.12,1,Coast,651.3313
5006.0,710,71.000,11.142,40.11,11.10,0.04,1,Coast,651.3313
5007.0,710,71.000,11.067,39.84,11.10,0.00,1,Coast,651.3313
5008.0,710,71.000,10.992,39.57,11.10,0.00,1,Coast,651.3313
5009.0,710,71.000,10.917,39.30,11.10,0.00,1,Coast,651.3313
5010.0,710,71.000,10.843,39.03,11.10,0.00,1,Coast,651.3313
5011.0,710,71.000,10.768,38.76,11.10,0.00,1,Coast,651.3313
5012.0,711,71.100,10.693,38.50,11.10,0.00,2,Cruise,651.3313
5013.0,711,71.100,10.693,38.50,11.10,0.00,2,Cruise,651.4124
5014.0,711,71.100,10.693,38.50,11.10,0.00,2,Cruise,651.4935
5015.0,711,71.100,10.693,38.50,11.10,0.00,2,Cruise,651.5746
5016.0,711,71.100,10.693,38.50,11.10,0.00,2,Cruise,651.6557
5017.0,711,71.100,10.693,38.50,11.10,0.00,2,Cruise,651.7368
5018.0,711,71.100,10.693,38.50,11.10,0.00,2,Cruise,651.8178
5019.0,711,71.100,10.693,38.50,11.10,0.00,2,Cruise,651.8989
5020.0,711,71.100,10.693,38.50,11.10,0.00,2,Cruise,651.9800
5021.0,712,71.200,10.693,38.50,11.10,0.00,2,Cruise,652.0611
5022.0,712,71.200,10.693,38.50,11.10,0.00,2,Cruise,652.1107
5023.0,712,71.200,10.693,38.50,11.10,0.00,2,Cruise,652.1604
5024.0,712,71.200,10.693,38.50,11.10,0.00,2,Cruise,652.2100
5025.0,712,71.200,10.693,38.50,11.10,0.00,2,Cruise,652.2596
5026.0,712,71.200,10.693,38.50,11.10,0.00,2,Cruise,652.3092
5027.0,712,71.200,10.693,38.50,11.10,0.00,2,Cruise,652.3588
5028.0,712,71.200,10.693,38.50,11.10,0.00,2,Cruise,652.4084
5029.0,712,71.200,10.693,38.50,11.10,0.00,2,Cruise,652.4581
5030.0,713,71.300,10.693,38.50,11.10,0.00,1,Coast,652.5077
5031.0,713,71.300,10.585,38.11,11.10,0.00,1,Coast,652.5077
5032.0,713,71.300,10.477,37.72,11.10,0.00,1,Coast,652.5077
5033.0,713,71.300,10.369,37.33,11.10,0.00,1,Coast,652.5077
5034.0,713,71.300,10.261,36.94,11.10,0.00,1,Coast,652.5077
5035.0,713,71.300,10.153,36.55,11.10,0.00,1,Coast,652.5077
5036.0,713,71.300,10.045,36.16,11.10,0.00,1,Coast,652.5077
5037.0,713,71.300,9.938,35.78,11.10,0.00,1,Coast,652.5077
5038.0,713,71.300,9.830,35.39,11.10,0.00,1,Coast,652.5077
5039.0,713,71.300,9.723,35.00,11.10,0.00,3,Power,652.5077
5040.0,714,71.400,10.323,37.16,11.10,0.00,2,Cruise,653.5500
5041.0,714,71.400,10.352,37.27,11.10,0.00,2,Cruise,653.5500
5042.0,714,71.400,10.381,37.37,11.10,0.00,2,Cruise,653.5500
5043.0,714,71.400,10.410,37.48,11.10,0.00,2,Cruise,653.5500
5044.0,714,71.400,10.439,37.58,11.10,0.00,2,Cruise,653.5500
5045.0,714,71.400,10.468,37.68,11.10,0.00,2,Cruise,653.5500
5046.0,714,71.400,10.497,37.79,11.10,0.00,2,Cruise,653.5500
5047.0,714,71.400,10.526,37.89,11.10,0.00,2,Cruise,653.5500
5048.0,714,71.400,10.555,38.00,11.10,0.00,2,Cruise,653.5500
5049.0,714,71.400,10.583,38.10,11.10,0.00,2,Cruise,653.5500
5050.0,715,71.500,10.612,38.20,11.10,0.00,1,Coast,653.5500
5051.0,715,71.500,10.492,37.77,11.10,0.00,1,Coast,653.5500
5052.0,715,71.500,10.372,37.34,11.10,0.00,1,Coast,653.5500
5053.0,715,71.500,10.253,36.91,11.10,0.00,1,Coast,653.5500
5054.0,715,71.500,10.133,36.48,11.10,0.00,1,Coast,653.5500
5055.0,715,71.500,10.014,36.05,11.10,0.00,1,Coast,653.5500
5056.0,715,71.500,9.894,35.62,11.10,0.00,3,Power,653.5500
5057.0,715,71.500,10.494,37.78,11.10,0.00,1,Coast,654.5918
5058.0,715,71.500,10.374,37.35,11.10,0.00,1,Coast,654.5918
5059.0,716,71.600,10.255,36.92,11.10,0.00,3,Power,654.5918
5060.0,716,71.600,10.809,38.91,11.10,0.00,2,Cruise,655.3352
5061.0,716,71.600,10.809,38.91,11.10,0.00,2,Cruise,655.3944
5062.0,716,71.600,10.809,38.91,11.10,0.00,2,Cruise,655.4536
5063.0,716,71.600,10.809,38.91,11.10,0.00,2,Cruise,655.5129
5064.0,716,71.600,10.809,38.91,11.10,0.00,2,Cruise,655.5721
5065.0,716,71.600,10.809,38.91,11.10,0.00,2,Cruise,655.6313
5066.0,716,71.600,10.809,38.91,11.10,0.00,2,Cruise,655.6906
5067.0,716,71.600,10.809,38.91,11.10,0.00,2,Cruise,655.7498
5068.0,716,71.600,10.809,38.91,11.10,0.00,2,Cruise,655.8090
5069.0,717,71.700,10.809,38.91,11.10,0.00,1,Coast,655.8683
5070.0,717,71.700,10.664,38.39,11.10,0.00,1,Coast,655.8683
5071.0,717,71.700,10.520,37.87,11.10,0.00,1,Coast,655.8683
5072.0,717,71.700,10.376,37.35,11.10,0.00,1,Coast,655.8683
5073.0,717,71.700,10.231,36.83,11.10,0.00,1,Coast,655.8683
5074.0,717,71.700,10.087,36.31,11.10,0.00,3,Power,655.8683
5075.0,717,71.700,10.544,37.96,11.10,0.00,1,Coast,656.5964
5076.0,717,71.700,10.399,37.44,11.10,0.00,1,Coast,656.5964
5077.0,717,71.700,10.255,36.92,11.10,0.00,1,Coast,656.5964
5078.0,718,71.800,10.111,36.40,11.10,0.00,3,Power,656.5964
5079.0,718,71.800,10.614,38.21,11.10,0.00,1,Coast,657.3279
5080.0,718,71.800,10.517,37.86,11.10,0.00,1,Coast,657.3279
5081.0,718,71.800,10.419,37.51,11.10,0.00,1,Coast,657.3279
5082.0,718,71.800,10.322,37.16,11.10,0.00,1,Coast,657.3279
5083.0,718,71.800,10.225,36.81,11.10,0.00,1,Coast,657.3279
5084.0,718,71.800,10.128,36.46,11.10,0.00,3,Power,657.3279
5085.0,718,71.800,10.631,38.27,11.10,0.00,1,Coast,658.0606
5086.0,718,71.800,10.534,37.92,11.10,0.00,1,Coast,658.0606
5087.0,718,71.800,10.436,37.57,11.10,0.00,1,Coast,658.0606
5088.0,719,71.900,10.339,37.22,11.10,0.00,1,Coast,658.0606
5089.0,719,71.900,10.242,36.87,11.10,0.00,1,Coast,658.0606
5090.0,719,71.900,10.144,36.52,11.10,0.00,1,Coast,658.0606
5091.0,719,71.900,10.047,36.17,11.10,0.00,3,Power,658.0606
5092.0,719,71.900,10.550,37.98,11.10,0.00,1,Coast,658.7875
5093.0,719,71.900,10.453,37.63,11.10,0.00,1,Coast,658.7875
5094.0,719,71.900,10.355,37.28,11.10,0.00,1,Coast,658.7875
5095.0,719,71.900,10.258,36.93,11.10,0.00,1,Coast,658.7875
5096.0,719,71.900,10.161,36.58,11.10,0.00,1,Coast,658.7875
5097.0,719,71.900,10.063,36.23,11.10,0.00,3,Power,658.7875
5098.0,720,72.000,10.566,38.04,11.10,0.00,1,Coast,659.5157
5099.0,720,72.000,10.368,37.32,11.10,0.00,1,Coast,659.5157
5100.0,720,72.000,10.169,36.61,11.10,0.00,1,Coast,659.5157
5101.0,720,72.000,9.971,35.90,11.10,0.00,1,Coast,659.5157
5102.0,720,72.000,9.773,35.18,11.10,0.00,3,Power,659.5157
5103.0,720,72.000,10.373,37.34,11.10,0.00,1,Coast,660.5578
5104.0,720,72.000,10.175,36.63,11.10,0.00,1,Coast,660.5578
5105.0,720,72.000,9.977,35.92,11.10,0.00,1,Coast,660.5578
5106.0,720,72.000,9.779,35.20,11.10,0.00,3,Power,660.5578
5107.0,721,72.100,10.379,37.36,11.10,0.00,2,Cruise,661.5999
5108.0,721,72.100,10.379,37.36,11.10,0.00,2,Cruise,661.6901
5109.0,721,72.100,10.379,37.36,11.10,0.00,2,Cruise,661.7802
5110.0,721,72.100,10.379,37.36,11.10,0.00,2,Cruise,661.8704
5111.0,721,72.100,10.379,37.36,11.10,0.00,2,Cruise,661.9606
5112.0,721,72.100,10.379,37.36,11.10,0.00,2,Cruise,662.0507
5113.0,721,72.100,10.379,37.36,11.10,0.00,2,Cruise,662.1409
5114.0,721,72.100,10.379,37.36,11.10,0.00,2,Cruise,662.2310
5115.0,721,72.100,10.379,37.36,11.10,0.00,2,Cruise,662.3212
5116.0,721,72.100,10.379,37.36,11.10,0.00,2,Cruise,662.4114
5117.0,722,72.200,10.379,37.36,11.10,0.00,2,Cruise,662.5015
5118.0,722,72.200,10.379,37.36,11.10,0.00,2,Cruise,662.5881
5119.0,722,72.200,10.379,37.36,11.10,0.00,2,Cruise,662.6747
5120.0,722,72.200,10.379,37.36,11.10,0.00,2,Cruise,662.7613
5121.0,722,72.200,10.379,37.36,11.10,0.00,2,Cruise,662.8479
5122.0,722,72.200,10.379,37.36,11.10,0.00,2,Cruise,662.9345
5123.0,722,72.200,10.379,37.36,11.10,0.00,2,Cruise,663.0211
5124.0,722,72.200,10.379,37.36,11.10,0.00,2,Cruise,663.1076
5125.0,722,72.200,10.379,37.36,11.10,0.00,2,Cruise,663.1942
5126.0,722,72.200,10.379,37.36,11.10,0.00,2,Cruise,663.2808
5127.0,723,72.300,10.379,37.36,11.10,0.00,2,Cruise,663.3674
5128.0,723,72.300,10.379,37.36,11.10,0.00,2,Cruise,663.4635
5129.0,723,72.300,10.379,37.36,11.10,0.00,2,Cruise,663.5597
5130.0,723,72.300,10.379,37.36,11.10,0.00,2,Cruise,663.6558
5131.0,723,72.300,10.379,37.36,11.10,0.00,2,Cruise,663.7519
5132.0,723,72.300,10.379,37.36,11.10,0.00,2,Cruise,663.8480
5133.0,723,72.300,10.379,37.36,11.10,0.00,2,Cruise,663.9442
5134.0,723,72.300,10.379,37.36,11.10,0.00,2,Cruise,664.0403
5135.0,723,72.300,10.379,37.36,11.10,0.00,2,Cruise,664.1364
5136.0,724,72.400,10.379,37.36,11.10,0.00,2,Cruise,664.2325
5137.0,724,72.400,10.379,37.36,11.10,0.00,2,Cruise,664.3187
5138.0,724,72.400,10.379,37.36,11.10,0.00,2,Cruise,664.4049
5139.0,724,72.400,10.379,37.36,11.10,0.00,2,Cruise,664.4911
5140.0,724,72.400,10.379,37.36,11.10,0.00,2,Cruise,664.5773
5141.0,724,72.400,10.379,37.36,11.10,0.00,2,Cruise,664.6635
5142.0,724,72.400,10.379,37.36,11.10,0.00,2,Cruise,664.7497
5143.0,724,72.400,10.379,37.36,11.10,0.00,2,Cruise,664.8359
5144.0,724,72.400,10.379,37.36,11.10,0.00,2,Cruise,664.9221
5145.0,724,72.400,10.379,37.36,11.10,0.00,2,Cruise,665.0083
5146.0,725,72.500,10.379,37.36,11.10,0.00,1,Coast,665.0945
5147.0,725,72.500,10.304,37.10,11.10,0.00,1,Coast,665.0945
5148.0,725,72.500,10.230,36.83,11.10,0.00,1,Coast,665.0945
5149.0,725,72.500,10.155,36.56,11.10,0.00,1,Coast,665.0945
5150.0,725,72.500,10.081,36.29,11.10,0.00,1,Coast,665.0945
5151.0,725,72.500,10.007,36.02,11.10,0.00,1,Coast,665.0945
5152.0,725,72.500,9.933,35.76,11.10,0.00,1,Coast,665.0945
5153.0,725,72.500,9.858,35.49,11.10,0.00,3,Power,665.0945
5154.0,725,72.500,10.458,37.65,11.10,0.00,1,Coast,666.1364
5155.0,725,72.500,10.384,37.38,11.10,0.00,1,Coast,666.1364
5156.0,726,72.600,10.309,37.11,11.10,0.00,1,Coast,666.1364
5157.0,726,72.600,10.196,36.71,11.10,0.00,1,Coast,666.1364
5158.0,726,72.600,10.084,36.30,11.10,0.00,1,Coast,666.1364
5159.0,726,72.600,9.971,35.90,11.10,0.00,1,Coast,666.1364
5160.0,726,72.600,9.859,35.49,11.10,0.00,1,Coast,666.1364
5161.0,726,72.600,9.746,35.09,11.10,0.00,1,Coast,666.1364
5162.0,726,72.600,9.634,34.68,11.10,0.00,1,Coast,666.1364
5163.0,726,72.600,9.522,34.28,11.10,0.00,3,Power,666.1364
5164.0,726,72.600,10.122,36.44,11.10,0.00,1,Coast,667.1793
5165.0,726,72.600,10.009,36.03,11.10,0.00,1,Coast,667.1793
5166.0,727,72.700,9.897,35.63,11.10,0.00,1,Coast,667.1793
5167.0,727,72.700,9.845,35.44,11.10,0.00,1,Coast,667.1793
5168.0,727,72.700,9.793,35.25,11.10,0.00,1,Coast,667.1793
5169.0,727,72.700,9.741,35.07,11.10,0.00,1,Coast,667.1793
5170.0,727,72.700,9.688,34.88,11.10,0.00,3,Power,667.1793
5171.0,727,72.700,10.288,37.04,11.10,0.00,1,Coast,668.2218
5172.0,727,72.700,10.236,36.85,11.10,0.00,1,Coast,668.2218
5173.0,727,72.700,10.183,36.66,11.10,0.00,1,Coast,668.2218
5174.0,727,72.700,10.131,36.47,11.10,0.00,1,Coast,668.2218
5175.0,727,72.700,10.079,36.28,11.10,0.00,1,Coast,668.2218
5176.0,728,72.800,10.026,36.09,11.10,0.00,1,Coast,668.2218
5177.0,728,72.800,9.973,35.90,11.10,0.00,1,Coast,668.2218
5178.0,728,72.800,9.920,35.71,11.10,0.00,1,Coast,668.2218
5179.0,728,72.800,9.866,35.52,11.10,0.00,1,Coast,668.2218
5180.0,728,72.800,9.813,35.33,11.10,0.00,1,Coast,668.2218
5181.0,728,72.800,9.760,35.14,11.10,0.00,1,Coast,668.2218
5182.0,728,72.800,9.707,34.94,11.10,0.00,1,Coast,668.2218
5183.0,728,72.800,9.654,34.75,11.10,0.00,1,Coast,668.2218
5184.0,728,72.800,9.601,34.56,11.10,0.00,1,Coast,668.2218
5185.0,728,72.800,9.548,34.37,11.10,0.00,1,Coast,668.2218
5186.0,729,72.900,9.495,34.18,11.10,0.00,2,Cruise,668.2218
5187.0,729,72.900,9.532,34.32,11.10,0.00,2,Cruise,668.2218
5188.0,729,72.900,9.569,34.45,11.10,0.00,2,Cruise,668.2218
5189.0,729,72.900,9.607,34.58,11.10,0.00,2,Cruise,668.2218
5190.0,729,72.900,9.644,34.72,11.10,0.00,2,Cruise,668.2218
5191.0,729,72.900,9.681,34.85,11.10,0.00,2,Cruise,668.2218
5192.0,729,72.900,9.718,34.98,11.10,0.00,2,Cruise,668.2218
5193.0,729,72.900,9.755,35.12,11.10,0.00,2,Cruise,668.2218
5194.0,729,72.900,9.792,35.25,11.10,0.00,2,Cruise,668.2218
5195.0,729,72.900,9.829,35.38,11.10,0.00,2,Cruise,668.2218
5196.0,730,73.000,9.866,35.52,11.10,0.00,2,Cruise,668.2218
5197.0,730,73.000,9.866,35.52,11.10,0.00,2,Cruise,668.2278
5198.0,730,73.000,9.866,35.52,11.10,0.00,2,Cruise,668.2339
5199.0,730,73.000,9.866,35.52,11.10,0.00,2,Cruise,668.2400
5200.0,730,73.000,9.866,35.52,11.10,0.00,2,Cruise,668.2460
5201.0,730,73.000,9.866,35.52,11.10,0.00,2,Cruise,668.2521
5202.0,730,73.000,9.866,35.52,11.10,0.00,2,Cruise,668.2582
5203.0,730,73.000,9.866,35.52,11.10,0.00,2,Cruise,668.2642
5204.0,730,73.000,9.866,35.52,11.10,0.00,2,Cruise,668.2703
5205.0,730,73.000,9.866,35.52,11.10,0.00,2,Cruise,668.2764
5206.0,730,73.000,9.866,35.52,11.10,0.00,2,Cruise,668.2824
5207.0,731,73.100,9.866,35.52,11.10,0.00,1,Coast,668.2885
5208.0,731,73.100,9.847,35.45,11.10,0.00,1,Coast,668.2885
5209.0,731,73.100,9.829,35.38,11.10,0.00,1,Coast,668.2885
5210.0,731,73.100,9.811,35.32,11.10,0.00,1,Coast,668.2885
5211.0,731,73.100,9.792,35.25,11.10,0.00,1,Coast,668.2885
5212.0,731,73.100,9.774,35.19,11.10,0.00,1,Coast,668.2885
5213.0,731,73.100,9.756,35.12,11.10,0.00,1,Coast,668.2885
5214.0,731,73.100,9.737,35.05,11.10,0.00,3,Power,668.2885
5215.0,731,73.100,10.337,37.21,11.10,0.00,1,Coast,669.3308
5216.0,731,73.100,10.318,37.15,11.10,0.00,1,Coast,669.3308
5217.0,732,73.200,10.299,37.08,11.10,0.00,1,Coast,669.3308
5218.0,732,73.200,10.312,37.12,11.10,0.00,1,Coast,669.3308
5219.0,732,73.200,10.324,37.16,11.10,0.00,1,Coast,669.3308
5220.0,732,73.200,10.336,37.21,11.10,0.00,1,Coast,669.3308
5221.0,732,73.200,10.348,37.25,11.10,0.00,1,Coast,669.3308
5222.0,732,73.200,10.360,37.29,11.10,0.00,1,Coast,669.3308
5223.0,732,73.200,10.372,37.34,11.10,0.00,1,Coast,669.3308
5224.0,732,73.200,10.384,37.38,11.10,0.00,1,Coast,669.3308
5225.0,732,73.200,10.396,37.42,11.10,0.00,1,Coast,669.3308
5226.0,733,73.300,10.408,37.47,11.10,0.00,1,Coast,669.3308
5227.0,733,73.300,10.369,37.33,11.10,0.00,1,Coast,669.3308
5228.0,733,73.300,10.330,37.19,11.10,0.00,1,Coast,669.3308
5229.0,733,73.300,10.292,37.05,11.10,0.00,1,Coast,669.3308
5230.0,733,73.300,10.254,36.91,11.10,0.00,1,Coast,669.3308
5231.0,733,73.300,10.215,36.77,11.10,0.00,1,Coast,669.3308
5232.0,733,73.300,10.177,36.64,11.10,0.00,1,Coast,669.3308
5233.0,733,73.300,10.138,36.50,11.10,0.00,1,Coast,669.3308
5234.0,733,73.300,10.100,36.36,11.10,0.00,1,Coast,669.3308
5235.0,733,73.300,10.062,36.22,11.10,0.00,1,Coast,669.3308
5236.0,734,73.400,10.024,36.08,11.10,0.00,1,Coast,669.3308
5237.0,734,73.400,9.994,35.98,11.10,0.00,1,Coast,669.3308
5238.0,734,73.400,9.964,35.87,11.10,0.00,1,Coast,669.3308
5239.0,734,73.400,9.934,35.76,11.10,0.00,1,Coast,669.3308
5240.0,734,73.400,9.904,35.65,11.10,0.00,1,Coast,669.3308
5241.0,734,73.400,9.874,35.55,11.10,0.00,1,Coast,669.3308
5242.0,734,73.400,9.845,35.44,11.10,0.00,1,Coast,669.3308
5243.0,734,73.400,9.815,35.33,11.10,0.00,1,Coast,669.3308
5244.0,734,73.400,9.785,35.23,11.10,0.00,1,Coast,669.3308
5245.0,734,73.400,9.755,35.12,11.10,0.00,1,Coast,669.3308
5246.0,735,73.500,9.726,35.01,11.10,0.00,2,Cruise,669.3308
5247.0,735,73.500,9.794,35.26,11.10,0.00,2,Cruise,669.3308
5248.0,735,73.500,9.861,35.50,11.10,0.00,2,Cruise,669.3308
5249.0,735,73.500,9.929,35.74,11.10,0.00,2,Cruise,669.3308
5250.0,735,73.500,9.997,35.99,11.10,0.00,2,Cruise,669.3308
5251.0,735,73.500,10.064,36.23,11.10,0.00,2,Cruise,669.3308
5252.0,735,73.500,10.132,36.47,11.10,0.00,2,Cruise,669.3308
5253.0,735,73.500,10.199,36.72,11.10,0.00,2,Cruise,669.3308
5254.0,735,73.500,10.267,36.96,11.10,0.00,2,Cruise,669.3308
5255.0,735,73.500,10.334,37.20,11.10,0.00,2,Cruise,669.3308
5256.0,736,73.600,10.401,37.44,11.10,0.00,2,Cruise,669.3308
5257.0,736,73.600,10.509,37.83,11.10,0.00,2,Cruise,669.3308
5258.0,736,73.600,10.617,38.22,11.10,0.00,2,Cruise,669.3308
5259.0,736,73.600,10.725,38.61,11.10,0.00,2,Cruise,669.3308
5260.0,736,73.600,10.832,39.00,11.10,0.00,2,Cruise,669.3308
5261.0,736,73.600,10.940,39.38,11.10,0.00,2,Cruise,669.3308
5262.0,736,73.600,11.047,39.77,11.10,0.00,2,Cruise,669.3308
5263.0,736,73.600,11.155,40.16,11.10,0.05,2,Cruise,669.3308
5264.0,736,73.600,11.262,40.54,11.10,0.16,2,Cruise,669.3308
5265.0,737,73.700,11.369,40.93,11.10,0.27,2,Cruise,669.3308
5266.0,737,73.700,11.409,41.07,11.10,0.31,2,Cruise,669.3308
5267.0,737,73.700,11.450,41.22,11.10,0.35,2,Cruise,669.3308
5268.0,737,73.700,11.490,41.36,11.10,0.39,2,Cruise,669.3308
5269.0,737,73.700,11.530,41.51,11.10,0.43,2,Cruise,669.3308
5270.0,737,73.700,11.570,41.65,11.10,0.47,2,Cruise,669.3308
5271.0,737,73.700,11.610,41.80,11.10,0.51,2,Cruise,669.3308
5272.0,737,73.700,11.650,41.94,11.10,0.55,2,Cruise,669.3308
5273.0,737,73.700,11.690,42.09,11.10,0.59,2,Cruise,669.3308
5274.0,738,73.800,11.730,42.23,11.10,0.63,1,Coast,669.3308
5275.0,738,73.800,11.630,41.87,11.10,0.53,1,Coast,669.3308
5276.0,738,73.800,11.529,41.51,11.10,0.43,1,Coast,669.3308
5277.0,738,73.800,11.429,41.14,11.10,0.33,1,Coast,669.3308
5278.0,738,73.800,11.329,40.78,11.10,0.23,1,Coast,669.3308
5279.0,738,73.800,11.229,40.42,11.10,0.13,1,Coast,669.3308
5280.0,738,73.800,11.128,40.06,11.10,0.03,1,Coast,669.3308
5281.0,738,73.800,11.029,39.70,11.10,0.00,1,Coast,669.3308
5282.0,738,73.800,10.929,39.34,11.10,0.00,1,Coast,669.3308
5283.0,739,73.900,10.829,38.98,11.10,0.00,1,Coast,669.3308
5284.0,739,73.900,10.704,38.54,11.10,0.00,1,Coast,669.3308
5285.0,739,73.900,10.580,38.09,11.10,0.00,1,Coast,669.3308
5286.0,739,73.900,10.455,37.64,11.10,0.00,1,Coast,669.3308
5287.0,739,73.900,10.331,37.19,11.10,0.00,1,Coast,669.3308
5288.0,739,73.900,10.206,36.74,11.10,0.00,1,Coast,669.3308
5289.0,739,73.900,10.082,36.30,11.10,0.00,1,Coast,669.3308
5290.0,739,73.900,9.958,35.85,11.10,0.00,1,Coast,669.3308
5291.0,739,73.900,9.834,35.40,11.10,0.00,1,Coast,669.3308
5292.0,739,73.900,9.711,34.96,11.10,0.00,1,Coast,669.3308
5293.0,740,74.000,9.587,34.51,11.10,0.00,2,Cruise,669.3308
5294.0,740,74.000,9.624,34.65,11.10,0.00,2,Cruise,669.3308
5295.0,740,74.000,9.661,34.78,11.10,0.00,2,Cruise,669.3308
5296.0,740,74.000,9.698,34.91,11.10,0.00,2,Cruise,669.3308
5297.0,740,74.000,9.736,35.05,11.10,0.00,2,Cruise,669.3308
5298.0,740,74.000,9.773,35.18,11.10,0.00,2,Cruise,669.3308
5299.0,740,74.000,9.810,35.31,11.10,0.00,2,Cruise,669.3308
5300.0,740,74.000,9.847,35.45,11.10,0.00,2,Cruise,669.3308
5301.0,740,74.000,9.883,35.58,11.10,0.00,2,Cruise,669.3308
5302.0,740,74.000,9.920,35.71,11.10,0.00,2,Cruise,669.3308
5303.0,741,74.100,9.957,35.85,11.10,0.00,1,Coast,669.3308
5304.0,741,74.100,9.768,35.17,11.10,0.00,1,Coast,669.3308
5305.0,741,74.100,9.580,34.49,11.10,0.00,1,Coast,669.3308
5306.0,741,74.100,9.391,33.81,11.10,0.00,1,Coast,669.3308
5307.0,741,74.100,9.203,33.13,11.10,0.00,1,Coast,669.3308
5308.0,741,74.100,9.014,32.45,11.10,0.00,1,Coast,669.3308
5309.0,741,74.100,8.826,31.77,11.10,0.00,1,Coast,669.3308
5310.0,741,74.100,8.638,31.10,11.10,0.00,1,Coast,669.3308
5311.0,741,74.100,8.451,30.42,11.10,0.00,1,Coast,669.3308
5312.0,741,74.100,8.263,29.75,11.10,0.00,3,Power,669.3308
5313.0,741,74.100,8.863,31.91,11.10,0.00,1,Coast,670.3786
5314.0,742,74.200,8.675,31.23,11.10,0.00,1,Coast,670.3786
5315.0,742,74.200,8.602,30.97,11.10,0.00,1,Coast,670.3786
5316.0,742,74.200,8.530,30.71,11.10,0.00,1,Coast,670.3786
5317.0,742,74.200,8.457,30.45,11.10,0.00,1,Coast,670.3786
5318.0,742,74.200,8.385,30.19,11.10,0.00,1,Coast,670.3786
5319.0,742,74.200,8.312,29.92,11.10,0.00,1,Coast,670.3786
5320.0,742,74.200,8.240,29.66,11.10,0.00,1,Coast,670.3786
5321.0,742,74.200,8.168,29.40,11.10,0.00,1,Coast,670.3786
5322.0,742,74.200,8.095,29.14,11.10,0.00,1,Coast,670.3786
5323.0,742,74.200,8.023,28.88,11.10,0.00,3,Power,670.3786
5324.0,742,74.200,8.623,31.04,11.10,0.00,1,Coast,671.4275
5325.0,742,74.200,8.550,30.78,11.10,0.00,1,Coast,671.4275
5326.0,743,74.300,8.478,30.52,11.10,0.00,2,Cruise,671.4275
5327.0,743,74.300,8.739,31.46,11.10,0.00,2,Cruise,671.4275
5328.0,743,74.300,9.001,32.40,11.10,0.00,2,Cruise,671.4275
5329.0,743,74.300,9.262,33.34,11.10,0.00,2,Cruise,671.4275
5330.0,743,74.300,9.523,34.28,11.10,0.00,2,Cruise,671.4275
5331.0,743,74.300,9.783,35.22,11.10,0.00,2,Cruise,671.4275
5332.0,743,74.300,10.044,36.16,11.10,0.00,2,Cruise,671.4275
5333.0,743,74.300,10.304,37.09,11.10,0.00,2,Cruise,671.4275
5334.0,743,74.300,10.564,38.03,11.10,0.00,2,Cruise,671.4275
5335.0,743,74.300,10.823,38.96,11.10,0.00,2,Cruise,671.4275
5336.0,744,74.400,11.083,39.90,11.10,0.00,1,Coast,671.4275
5337.0,744,74.400,10.856,39.08,11.10,0.00,1,Coast,671.4275
5338.0,744,74.400,10.630,38.27,11.10,0.00,1,Coast,671.4275
5339.0,744,74.400,10.404,37.45,11.10,0.00,1,Coast,671.4275
5340.0,744,74.400,10.178,36.64,11.10,0.00,1,Coast,671.4275
5341.0,744,74.400,9.952,35.83,11.10,0.00,1,Coast,671.4275
5342.0,744,74.400,9.727,35.02,11.10,0.00,1,Coast,671.4275
5343.0,744,74.400,9.502,34.21,11.10,0.00,1,Coast,671.4275
5344.0,744,74.400,9.276,33.40,11.10,0.00,1,Coast,671.4275
5345.0,744,74.400,9.052,32.59,11.10,0.00,1,Coast,671.4275
5346.0,745,74.500,8.827,31.78,11.10,0.00,1,Coast,671.4275
5347.0,745,74.500,8.490,30.57,11.10,0.00,1,Coast,671.4275
5348.0,745,74.500,8.154,29.36,11.10,0.00,1,Coast,671.4275
5349.0,745,74.500,7.818,28.15,11.10,0.00,1,Coast,671.4275
5350.0,745,74.500,7.483,26.94,11.10,0.00,3,Power,671.4275
5351.0,745,74.500,8.083,29.10,11.10,0.00,1,Coast,672.4791
5352.0,745,74.500,7.747,27.89,11.10,0.00,1,Coast,672.4791
5353.0,745,74.500,7.411,26.68,11.10,0.00,3,Power,672.4791
5354.0,745,74.500,8.011,28.84,11.10,0.00,1,Coast,673.5312
5355.0,745,74.500,7.675,27.63,11.10,0.00,1,Coast,673.5312
5356.0,745,74.500,7.340,26.42,11.10,0.00,3,Power,673.5312
5357.0,745,74.500,7.940,28.58,11.10,0.00,1,Coast,674.5836
5358.0,745,74.500,7.604,27.37,11.10,0.00,1,Coast,674.5836
5359.0,746,74.600,7.268,26.17,11.10,0.00,1,Coast,674.5836
5360.0,746,74.600,7.109,25.59,11.10,0.00,1,Coast,674.5836
5361.0,746,74.600,6.950,25.02,11.10,0.00,1,Coast,674.5836
5362.0,746,74.600,6.791,24.45,11.10,0.00,1,Coast,674.5836
5363.0,746,74.600,6.632,23.88,11.10,0.00,1,Coast,674.5836
5364.0,746,74.600,6.473,23.30,11.10,0.00,1,Coast,674.5836
5365.0,746,74.600,6.315,22.73,11.10,0.00,1,Coast,674.5836
5366.0,746,74.600,6.156,22.16,11.10,0.00,1,Coast,674.5836
5367.0,746,74.600,5.998,21.59,11.10,0.00,1,Coast,674.5836
5368.0,746,74.600,5.839,21.02,11.10,0.00,3,Power,674.5836
5369.0,746,74.600,6.439,23.18,11.10,0.00,1,Coast,675.6467
5370.0,746,74.600,6.281,22.61,11.10,0.00,1,Coast,675.6467
5371.0,746,74.600,6.122,22.04,11.10,0.00,1,Coast,675.6467
5372.0,746,74.600,5.964,21.47,11.10,0.00,1,Coast,675.6467
5373.0,746,74.600,5.805,20.90,11.10,0.00,3,Power,675.6467
5374.0,747,74.700,6.405,23.06,11.10,0.00,2,Cruise,676.7100
5375.0,747,74.700,6.417,23.10,11.10,0.00,2,Cruise,676.7100
5376.0,747,74.700,6.428,23.14,11.10,0.00,2,Cruise,676.7100
5377.0,747,74.700,6.439,23.18,11.10,0.00,2,Cruise,676.7100
5378.0,747,74.700,6.450,23.22,11.10,0.00,2,Cruise,676.7100
5379.0,747,74.700,6.462,23.26,11.10,0.00,2,Cruise,676.7100
5380.0,747,74.700,6.473,23.30,11.10,0.00,2,Cruise,676.7100
5381.0,747,74.700,6.484,23.34,11.10,0.00,2,Cruise,676.7100
5382.0,747,74.700,6.495,23.38,11.10,0.00,2,Cruise,676.7100
5383.0,747,74.700,6.506,23.42,11.10,0.00,2,Cruise,676.7100
5384.0,747,74.700,6.517,23.46,11.10,0.00,2,Cruise,676.7100
5385.0,747,74.700,6.529,23.50,11.10,0.00,2,Cruise,676.7100
5386.0,747,74.700,6.540,23.54,11.10,0.00,2,Cruise,676.7100
5387.0,747,74.700,6.551,23.58,11.10,0.00,2,Cruise,676.7100
5388.0,747,74.700,6.562,23.62,11.10,0.00,2,Cruise,676.7100
5389.0,747,74.700,6.573,23.66,11.10,0.00,2,Cruise,676.7100
5390.0,748,74.800,6.584,23.70,1.00,0.00,1,Coast,676.7100
5391.0,748,74.800,6.580,23.69,1.00,0.00,1,Coast,676.7100
5392.0,748,74.800,6.575,23.67,1.00,0.00,1,Coast,676.7100
5393.0,748,74.800,6.570,23.65,1.00,0.00,1,Coast,676.7100
5394.0,748,74.800,6.566,23.64,1.00,0.00,1,Coast,676.7100
5395.0,748,74.800,6.561,23.62,1.00,0.00,1,Coast,676.7100
5396.0,748,74.800,6.557,23.60,1.00,0.00,1,Coast,676.7100
5397.0,748,74.800,6.552,23.59,1.00,0.00,1,Coast,676.7100
5398.0,748,74.800,6.547,23.57,1.00,0.00,1,Coast,676.7100
5399.0,748,74.800,6.543,23.55,1.00,0.00,1,Coast,676.7100
5400.0,748,74.800,6.538,23.54,1.00,0.00,1,Coast,676.7100
5401.0,748,74.800,6.534,23.52,1.00,0.00,1,Coast,676.7100
5402.0,748,74.800,6.529,23.51,1.00,0.00,1,Coast,676.7100
5403.0,748,74.800,6.525,23.49,1.00,0.00,1,Coast,676.7100
5404.0,748,74.800,6.520,23.47,1.00,0.00,1,Coast,676.7100
