collect_speed,collect_time,lens_stat/max,lens_stat/mean,lens_stat/min,lens_stat/std,n_collected_episodes,n_collected_steps,pred_dist_std_array_stat/0/max,pred_dist_std_array_stat/0/mean,pred_dist_std_array_stat/0/min,pred_dist_std_array_stat/0/std,returns_stat/max,returns_stat/mean,returns_stat/min,returns_stat/std,step
5471.3168279624,0.3743157386779785,33.0,15.875,8.0,9.22547424255252,8.0,2048.0,1.2019459009170532,1.1373159885406494,1.0636236667633057,0.01894240640103817,-94.59943841206842,-174.57794682530775,-317.8569948913896,87.52988104088033,2048
6062.672982998978,0.33780479431152344,,,,,0.0,2048.0,1.220178246498108,1.1437584161758423,1.0865106582641602,0.024867866188287735,,,,,4096
6017.7877014818305,0.34032440185546875,250.0,250.0,250.0,0.0,1.0,2048.0,1.2000056505203247,1.1208550930023193,0.9921888709068298,0.03832826018333435,-2521.1247570415635,-2521.1247570415635,-2521.1247570415635,0.0,6144
5914.311774045406,0.34627866744995117,,,,,0.0,2048.0,1.3378921747207642,1.200077772140503,0.8433367013931274,0.1482239067554474,,,,,8192
6016.856145610428,0.3403770923614502,,,,,0.0,2048.0,1.337726354598999,1.1408014297485352,0.8375483155250549,0.12752005457878113,,,,,10240
6048.08268827001,0.3386197090148926,,,,,0.0,2048.0,1.2076103687286377,0.9704179763793945,0.7451566457748413,0.08838852494955063,,,,,12288
6034.414402339038,0.3393867015838623,213.0,87.73333333333333,8.0,74.00672642101902,15.0,2048.0,1.0391185283660889,0.7292744517326355,0.5984052419662476,0.07005756348371506,-91.79822182778527,-1851.0437315106221,-4184.60369156211,1565.4657490522686,14336
6042.60284954156,0.3389267921447754,254.0,111.4,22.0,73.39237017565246,10.0,2048.0,1.356269121170044,0.8554719686508179,0.6331689357757568,0.14529526233673096,-327.2793390445331,-986.5106317568263,-2067.4396674046543,590.1170977767001,16384
6065.841069516904,0.3376283645629883,244.0,100.125,10.0,78.91995549289166,8.0,2048.0,1.355395793914795,0.9824591875076294,0.6507633924484253,0.1460588425397873,-96.75525567974455,-546.2644762508444,-1256.6223483949602,403.5048875799857,18432
6046.58836216454,0.3387033939361572,228.0,84.0,1.0,85.77878525602937,6.0,2048.0,1.3865251541137695,1.1099135875701904,0.7399341464042664,0.16254960000514984,-4.0006339778173015,-303.17189343683253,-928.5218444631164,326.747960206265,20480
6089.418432717794,0.3363211154937744,230.0,137.6,45.0,68.67488623943981,5.0,2048.0,1.307618498802185,1.0633255243301392,0.6487833261489868,0.17944025993347168,-18.506492997698544,-178.4533784997474,-458.6258199456186,150.69680227397131,22528
6119.991644259775,0.3346409797668457,148.0,100.0,52.0,48.0,2.0,2048.0,1.3301905393600464,1.1016364097595215,0.6447274088859558,0.1375488042831421,-378.4304943416087,-412.6077989742155,-446.78510360682225,34.17730463260676,24576
6125.411876115989,0.33434486389160156,203.0,110.0,17.0,93.0,2.0,2048.0,1.267490029335022,1.0598390102386475,0.6259379982948303,0.19064342975616455,-32.26159188343477,-44.48013403916144,-56.698676194888115,12.218542155726674,26624
6116.866938260475,0.3348119258880615,28.0,28.0,28.0,0.0,1.0,2048.0,1.3685578107833862,1.0642775297164917,0.6252649426460266,0.1825285404920578,-331.2768351293836,-331.2768351293836,-331.2768351293836,0.0,28672
6101.893584722845,0.3356335163116455,166.0,166.0,166.0,0.0,1.0,2048.0,1.285080075263977,0.9771212339401245,0.5948852896690369,0.23242805898189545,-42.777918856220026,-42.777918856220026,-42.777918856220026,0.0,30720
6101.044140218545,0.3356802463531494,237.0,177.0,84.0,56.87266478722445,4.0,2048.0,1.2300127744674683,0.9060178995132446,0.5492975115776062,0.2054688185453415,138.218946917562,13.743730403324822,-106.7947709420182,100.9197617990662,32768
6123.673912950493,0.334439754486084,206.0,206.0,206.0,0.0,1.0,2048.0,1.2674870491027832,0.8809427618980408,0.5414634943008423,0.19098463654518127,3.6035097614805665,3.6035097614805665,3.6035097614805665,0.0,34816
6117.725151804778,0.3347649574279785,162.0,101.5,41.0,60.5,2.0,2048.0,1.3043168783187866,0.9349417686462402,0.5189242362976074,0.1761111170053482,180.49933814766413,94.71580270084633,8.932267254028517,85.78353544681781,36864
6117.921224220315,0.33475422859191895,49.0,49.0,49.0,0.0,1.0,2048.0,1.3063130378723145,0.854310929775238,0.47106754779815674,0.19952648878097534,146.610614729989,146.610614729989,146.610614729989,0.0,38912
6118.112951623805,0.3347437381744385,255.0,163.0,71.0,92.0,2.0,2048.0,1.3777260780334473,0.8635262846946716,0.4623529314994812,0.20346012711524963,245.49820840831387,195.29014354499859,145.0820786816833,50.208064863315286,40960
5879.163846494479,0.34834885597229004,,,,,0.0,2048.0,1.1574158668518066,0.9172142744064331,0.5390123724937439,0.13585710525512695,,,,,43008
6067.567785278513,0.33753228187561035,,,,,0.0,2048.0,1.0679324865341187,0.9341918230056763,0.4125099182128906,0.19019515812397003,,,,,45056
6041.35765742639,0.33899664878845215,124.0,117.0,110.0,7.0,2.0,2048.0,1.255039930343628,0.8098115921020508,0.3661297559738159,0.2205686718225479,178.92538886156854,166.4006577347896,153.87592660801067,12.524731126778931,47104
6034.244840470633,0.33939623832702637,155.0,87.0,19.0,68.0,2.0,2048.0,1.1672605276107788,0.8096344470977783,0.4803272485733032,0.1549513041973114,174.05726244895254,172.17635259616793,170.29544274338332,1.8809098527846118,49152
5973.990059037937,0.3428194522857666,,,,,0.0,2048.0,1.1691153049468994,0.9226665496826172,0.5262166857719421,0.1327870637178421,,,,,51200
5873.620196107928,0.3486776351928711,203.0,203.0,203.0,0.0,1.0,2048.0,1.13023841381073,0.8588351011276245,0.40359216928482056,0.15524375438690186,305.0775041646312,305.0775041646312,305.0775041646312,0.0,53248
6126.8580191481815,0.33426594734191895,63.0,63.0,63.0,0.0,1.0,2048.0,1.0188887119293213,0.8805451393127441,0.380062460899353,0.19417743384838104,299.099860683623,299.099860683623,299.099860683623,0.0,55296
5979.150489194291,0.34252357482910156,107.0,107.0,107.0,0.0,1.0,2048.0,1.066046953201294,0.9277265071868896,0.3953476548194885,0.16932888329029083,177.49492194367014,177.49492194367014,177.49492194367014,0.0,57344
6111.800982876154,0.33508944511413574,138.0,138.0,138.0,0.0,1.0,2048.0,1.25923752784729,0.9310421347618103,0.39289599657058716,0.1944303661584854,157.8283326575954,157.8283326575954,157.8283326575954,0.0,59392
6100.736491630777,0.3356971740722656,,,,,0.0,2048.0,1.0401057004928589,0.8441011309623718,0.36764660477638245,0.21742914617061615,,,,,61440
6053.969250676408,0.3382904529571533,69.0,56.5,44.0,12.5,2.0,2048.0,1.1725618839263916,0.8151553869247437,0.2584896683692932,0.2643314301967621,325.68552872150127,132.84434478352333,-59.99683915445464,192.84118393797797,63488
6091.914565034697,0.3361833095550537,72.0,37.5,3.0,34.5,2.0,2048.0,1.1137741804122925,0.7282139658927917,0.25340840220451355,0.22909267246723175,327.65860756672066,125.78008705096704,-76.0984334647866,201.87852051575362,65536
5972.68161679428,0.3428945541381836,151.0,129.0,107.0,22.0,2.0,2048.0,1.1234158277511597,0.7303987741470337,0.28092819452285767,0.23488041758537292,410.87731890640816,357.7581290940374,304.6389392816665,53.11918981237082,67584
5975.760483574186,0.34271788597106934,98.0,79.5,61.0,18.5,2.0,2048.0,1.0930380821228027,0.7286747694015503,0.2825567424297333,0.22967714071273804,376.6740143750338,363.3841547133991,350.09429505176445,13.289859661634665,69632
5890.771369124443,0.34766244888305664,167.0,98.5,30.0,68.5,2.0,2048.0,1.0810105800628662,0.7218040227890015,0.30974113941192627,0.22216591238975525,375.6789535517922,274.8705914815564,174.0622294113207,100.80836207023575,71680
5873.122222039897,0.3487071990966797,242.0,141.0,40.0,101.0,2.0,2048.0,1.0706907510757446,0.7940577268600464,0.2733733654022217,0.24235685169696808,385.07421518961377,378.2954725478104,371.51672990600696,6.7787426418034045,73728
5892.129037922553,0.3475823402404785,,,,,0.0,2048.0,1.1800282001495361,0.7767775058746338,0.16006240248680115,0.2820063531398773,,,,,75776
6112.148889949885,0.3350703716278076,256.0,146.75,39.0,87.67375605048525,4.0,2048.0,1.1435978412628174,0.764234185218811,0.17618577182292938,0.2741946280002594,477.31647946533525,385.86358772195985,315.5213839204022,62.3141681548226,77824
6124.7480149676,0.334381103515625,151.0,151.0,151.0,0.0,1.0,2048.0,1.2354646921157837,0.6706376671791077,0.20582304894924164,0.2628410756587982,396.8675876355717,396.8675876355717,396.8675876355717,0.0,79872
6121.910757683092,0.334536075592041,60.0,60.0,60.0,0.0,1.0,2048.0,1.2537219524383545,0.7820538282394409,0.12373753637075424,0.3305899202823639,476.42357186510185,476.42357186510185,476.42357186510185,0.0,81920
6142.103612857187,0.3334362506866455,108.0,108.0,108.0,0.0,1.0,2048.0,1.263761043548584,0.863101601600647,0.0983906090259552,0.3461032509803772,484.47611232559206,484.47611232559206,484.47611232559206,0.0,83968
6107.016931993334,0.33535194396972656,244.0,217.0,190.0,27.0,2.0,2048.0,1.2976853847503662,0.7226408123970032,0.08345554023981094,0.33299779891967773,512.3371994622371,480.8885070324592,449.4398146026813,31.448692429777907,86016
6053.128830447681,0.33833742141723633,192.0,144.0,96.0,48.0,2.0,2048.0,1.278961420059204,0.6087983250617981,0.08510119467973709,0.2582456171512604,528.0443040237053,491.75899535938686,455.4736866950684,36.28530866431845,88064
6014.029522878691,0.34053707122802734,106.0,106.0,106.0,0.0,1.0,2048.0,1.306703805923462,0.5685359239578247,0.08606890588998795,0.2504974901676178,543.9719905811705,543.9719905811705,543.9719905811705,0.0,90112
6008.901210533495,0.34082770347595215,76.0,76.0,76.0,0.0,1.0,2048.0,1.2924180030822754,0.8331655263900757,0.10314133018255234,0.36815783381462097,533.870406491959,533.870406491959,533.870406491959,0.0,92160
6120.650113471589,0.33460497856140137,,,,,0.0,2048.0,1.2802664041519165,0.632872462272644,0.06289155781269073,0.3192436397075653,,,,,94208
6081.0940898961035,0.33678150177001953,188.0,111.0,57.0,55.89871793401586,3.0,2048.0,1.220547080039978,0.5847184658050537,0.06464257836341858,0.29618433117866516,509.74060242901317,476.2226032058249,414.65470362768394,43.59227546371212,96256
5922.503957214237,0.34579968452453613,,,,,0.0,2048.0,1.1813979148864746,0.5160161852836609,0.17360374331474304,0.20877233147621155,,,,,98304
5940.303706044702,0.34476351737976074,,,,,0.0,2048.0,1.130293607711792,0.6415029764175415,0.0625094324350357,0.3219652473926544,,,,,100352
6160.1983555946,0.3324568271636963,,,,,0.0,2048.0,1.0681513547897339,0.5198997855186462,0.059942830353975296,0.21605171263217926,,,,,102400
6075.36952319656,0.3370988368988037,,,,,0.0,2048.0,1.168487310409546,0.49519750475883484,0.13158632814884186,0.24956443905830383,,,,,104448
6048.508557402121,0.3385958671569824,,,,,0.0,2048.0,1.1461169719696045,0.3292580842971802,0.12397062033414841,0.2065497785806656,,,,,106496
6117.468098122372,0.3347790241241455,,,,,0.0,2048.0,0.9759664535522461,0.37372732162475586,0.10434795171022415,0.23206663131713867,,,,,108544
5957.603313534612,0.3437623977661133,,,,,0.0,2048.0,0.9861927628517151,0.3726932406425476,0.09918007254600525,0.2181190699338913,,,,,110592
5774.986649527577,0.3546328544616699,,,,,0.0,2048.0,0.9739522337913513,0.38203179836273193,0.08997717499732971,0.22923782467842102,,,,,112640
5883.911791339418,0.3480677604675293,,,,,0.0,2048.0,0.9507066011428833,0.43914932012557983,0.09733898937702179,0.1835825890302658,,,,,114688
6033.3378463137715,0.3394472599029541,,,,,0.0,2048.0,0.900226891040802,0.37837255001068115,0.07382699102163315,0.19127242267131805,,,,,116736
6051.367691368036,0.3384358882904053,50.0,50.0,50.0,0.0,1.0,2048.0,1.1125822067260742,0.4022493362426758,0.07088766247034073,0.24414168298244476,6309.326918281578,6309.326918281578,6309.326918281578,0.0,118784
6046.047861977319,0.3387336730957031,,,,,0.0,2048.0,1.1796460151672363,0.4732832908630371,0.07930056005716324,0.3107903003692627,,,,,120832
6087.213347468437,0.3364429473876953,,,,,0.0,2048.0,1.1821351051330566,0.4138070344924927,0.07351715117692947,0.3403136432170868,,,,,122880
6018.567732524125,0.34028029441833496,,,,,0.0,2048.0,1.1809401512145996,0.34585464000701904,0.06213013827800751,0.30336999893188477,,,,,124928
5853.810758963588,0.3498575687408447,57.0,57.0,57.0,0.0,1.0,2048.0,0.9570758938789368,0.3333852291107178,0.0991864800453186,0.16130968928337097,6648.350720586084,6648.350720586084,6648.350720586084,0.0,126976
6074.639137521966,0.337139368057251,,,,,0.0,2048.0,1.1928588151931763,0.3736460208892822,0.1252482831478119,0.23479169607162476,,,,,129024
6098.579490157712,0.3358159065246582,,,,,0.0,2048.0,1.2196139097213745,0.42580363154411316,0.11139202862977982,0.32076752185821533,,,,,131072
6023.036777966316,0.3400278091430664,,,,,0.0,2048.0,1.1876205205917358,0.4374312162399292,0.04945600405335426,0.25349366664886475,,,,,133120
5990.337694434662,0.34188389778137207,107.0,107.0,107.0,0.0,1.0,2048.0,0.9522864818572998,0.35610026121139526,0.11307013034820557,0.18509814143180847,291.17344421043504,291.17344421043504,291.17344421043504,0.0,135168
6105.350141298352,0.33544349670410156,253.0,155.0,57.0,98.0,2.0,2048.0,1.2525420188903809,0.4039221405982971,0.13795053958892822,0.23270632326602936,6742.505623125696,6537.948545920644,6333.391468715593,204.55707720505143,137216
6092.912726694964,0.33612823486328125,27.0,27.0,27.0,0.0,1.0,2048.0,1.3420929908752441,0.6430715322494507,0.17784127593040466,0.36177465319633484,6802.869478178432,6802.869478178432,6802.869478178432,0.0,139264
6101.217477031476,0.33567070960998535,,,,,0.0,2048.0,1.2988030910491943,0.6482685804367065,0.03780020400881767,0.35135000944137573,,,,,141312
5954.518357594079,0.34394049644470215,,,,,0.0,2048.0,1.3374056816101074,0.5835103988647461,0.03258083388209343,0.3448528051376343,,,,,143360
5991.018698537176,0.3418450355529785,115.0,78.5,42.0,36.5,2.0,2048.0,1.2852874994277954,0.6703068614006042,0.0508442223072052,0.3017960786819458,6768.039473349665,6764.501778018532,6760.964082687398,3.5376953311333637,145408
6000.690603014619,0.3412940502166748,23.0,23.0,23.0,0.0,1.0,2048.0,1.3407957553863525,0.7387641668319702,0.13739414513111115,0.24961277842521667,6777.374166101408,6777.374166101408,6777.374166101408,0.0,147456
5988.7840807285875,0.34197258949279785,,,,,0.0,2048.0,1.3209238052368164,0.6391592025756836,0.03320261090993881,0.2628327012062073,,,,,149504
6007.468194444833,0.3409090042114258,,,,,0.0,2048.0,1.1983168125152588,0.6028335690498352,0.2128778100013733,0.15236356854438782,,,,,151552
5971.137146733992,0.3429832458496094,,,,,0.0,2048.0,1.191353678703308,0.6255674362182617,0.2566750943660736,0.14309687912464142,,,,,153600
5987.656962499137,0.3420369625091553,,,,,0.0,2048.0,1.2385691404342651,0.7549449801445007,0.04079519212245941,0.2630508542060852,,,,,155648
5996.936995379042,0.3415076732635498,,,,,0.0,2048.0,1.272566318511963,0.6635693311691284,0.03565297648310661,0.24067144095897675,,,,,157696
5897.306847656095,0.3472771644592285,,,,,0.0,2048.0,0.981440544128418,0.511310338973999,0.2065970003604889,0.14540009200572968,,,,,159744
5985.821085999274,0.34214186668395996,,,,,0.0,2048.0,0.9702627062797546,0.4590403735637665,0.19837242364883423,0.18931077420711517,,,,,161792
5722.720166179998,0.35787177085876465,,,,,0.0,2048.0,1.237517237663269,0.48581597208976746,0.04018872603774071,0.19343675673007965,,,,,163840
5942.169310917557,0.34465527534484863,,,,,0.0,2048.0,1.2937757968902588,0.4574317932128906,0.03954529017210007,0.17352549731731415,,,,,165888
5967.582091003888,0.3431875705718994,,,,,0.0,2048.0,0.8537427186965942,0.3945031762123108,0.13966111838817596,0.13883471488952637,,,,,167936
5933.28737153368,0.3451712131500244,,,,,0.0,2048.0,0.8049188852310181,0.42025327682495117,0.15683311223983765,0.13005778193473816,,,,,169984
5966.914694004004,0.34322595596313477,155.0,155.0,155.0,0.0,1.0,2048.0,1.1782242059707642,0.42292261123657227,0.16739802062511444,0.19186946749687195,2749.8620742167523,2749.8620742167523,2749.8620742167523,0.0,172032
5900.239577652277,0.347104549407959,,,,,0.0,2048.0,1.4342691898345947,0.4476970434188843,0.1627652794122696,0.21839863061904907,,,,,174080
5949.445666741237,0.34423375129699707,,,,,0.0,2048.0,1.3495268821716309,0.47210443019866943,0.02325553074479103,0.20399393141269684,,,,,176128
6096.025979629609,0.3359565734863281,75.0,75.0,75.0,0.0,1.0,2048.0,1.2018792629241943,0.4923989772796631,0.16209107637405396,0.21098673343658447,402.5067076860731,402.5067076860731,402.5067076860731,0.0,178176
6097.631412056082,0.33586812019348145,,,,,0.0,2048.0,1.3346538543701172,0.4515920877456665,0.026132769882678986,0.23111248016357422,,,,,180224
6129.612384337473,0.33411574363708496,211.0,194.0,170.0,17.45470328211473,3.0,2048.0,1.1462374925613403,0.5047760605812073,0.12389776855707169,0.18222805857658386,4698.9627288481925,3160.61133071093,290.4798877174979,2031.2408040479042,182272
6012.244769517197,0.3406381607055664,212.0,212.0,212.0,0.0,1.0,2048.0,1.3552850484848022,0.5905444622039795,0.11360286921262741,0.24763432145118713,6442.29026042176,6442.29026042176,6442.29026042176,0.0,184320
5972.835277127066,0.34288573265075684,48.0,48.0,48.0,0.0,1.0,2048.0,1.3674468994140625,0.6012797355651855,0.025872930884361267,0.2963898181915283,7553.641709397673,7553.641709397673,7553.641709397673,0.0,186368
6032.562455405048,0.3394908905029297,91.0,79.5,68.0,11.5,2.0,2048.0,1.3550509214401245,0.622922956943512,0.030927876010537148,0.2958892583847046,110.95103071912939,7.803171350538811,-95.34468801805177,103.14785936859059,188416
5746.432931124564,0.35639500617980957,156.0,117.5,79.0,38.5,2.0,2048.0,1.3355531692504883,0.6298196315765381,0.035104408860206604,0.27209383249282837,155.25041899614905,89.17424137265607,23.09806374916309,66.07617762349298,190464
5878.290801739276,0.3484005928039551,232.0,149.4,18.0,77.08073689320828,5.0,2048.0,1.3664309978485107,0.6085360050201416,0.031172780320048332,0.30570608377456665,7429.943079759165,4456.437186520233,187.74034438219792,3482.638397251183,192512
6155.3206251388365,0.3327202796936035,198.0,198.0,198.0,0.0,1.0,2048.0,1.3687936067581177,0.6969426870346069,0.029085446149110794,0.3000512421131134,253.41862203635623,253.41862203635623,253.41862203635623,0.0,194560
6170.016931402393,0.3319277763366699,36.0,36.0,36.0,0.0,1.0,2048.0,1.3883378505706787,0.7035056352615356,0.03225545585155487,0.3268180787563324,309.52006969682276,309.52006969682276,309.52006969682276,0.0,196608
6138.364061355524,0.33363938331604004,105.0,58.0,11.0,47.0,2.0,2048.0,1.3656694889068604,0.6888811588287354,0.028917184099555016,0.3051300346851349,402.65695129464694,188.1914353451175,-26.274080604411964,214.46551594952945,198656
6175.281999742635,0.33164477348327637,,,,,0.0,2048.0,1.368157148361206,0.6310099363327026,0.024974271655082703,0.3021341860294342,,,,,200704
6160.158596247653,0.3324589729309082,,,,,0.0,2048.0,1.2783857583999634,0.4820697605609894,0.026744963601231575,0.2581382691860199,,,,,202752
6141.862072318653,0.3334493637084961,,,,,0.0,2048.0,1.2491486072540283,0.5500037670135498,0.07503462582826614,0.22618170082569122,,,,,204800
6139.390667626296,0.3335835933685303,,,,,0.0,2048.0,1.2338862419128418,0.5714460611343384,0.06838338822126389,0.20260204374790192,,,,,206848
6144.981602114061,0.333280086517334,,,,,0.0,2048.0,1.3101222515106201,0.548768162727356,0.019966499879956245,0.23701202869415283,,,,,208896
6013.360116207844,0.3405749797821045,,,,,0.0,2048.0,1.2083125114440918,0.5976200699806213,0.015989815816283226,0.21517251431941986,,,,,210944
6220.321700977663,0.32924342155456543,,,,,0.0,2048.0,1.2268438339233398,0.6024136543273926,0.015918124467134476,0.23361511528491974,,,,,212992
6180.413761346434,0.33136940002441406,,,,,0.0,2048.0,1.207287073135376,0.5177896618843079,0.019598929211497307,0.24348030984401703,,,,,215040
6188.6601787304435,0.33092784881591797,,,,,0.0,2048.0,1.2054178714752197,0.4918467402458191,0.018919045105576515,0.18256543576717377,,,,,217088
6170.912290481924,0.3318796157836914,,,,,0.0,2048.0,0.9687461853027344,0.4647693634033203,0.15846611559391022,0.13660229742527008,,,,,219136
5928.647658960056,0.3454413414001465,,,,,0.0,2048.0,0.9291378259658813,0.45715251564979553,0.18862558901309967,0.13170908391475677,,,,,221184
6055.548335839461,0.33820223808288574,,,,,0.0,2048.0,0.8886128067970276,0.4903827905654907,0.0944860652089119,0.14753109216690063,,,,,223232
6063.819961767289,0.3377408981323242,,,,,0.0,2048.0,0.944510817527771,0.5626731514930725,0.2726336121559143,0.11140097677707672,,,,,225280
6147.681892612993,0.3331336975097656,,,,,0.0,2048.0,0.8596542477607727,0.5228884816169739,0.2473030835390091,0.13139386475086212,,,,,227328
6182.691349636377,0.33124732971191406,195.0,195.0,195.0,0.0,1.0,2048.0,1.2164419889450073,0.5498088598251343,0.3018108904361725,0.1194918230175972,7455.784745042276,7455.784745042276,7455.784745042276,0.0,229376
6177.591348141926,0.33152079582214355,,,,,0.0,2048.0,1.4537583589553833,0.5283920168876648,0.12907975912094116,0.18520741164684296,,,,,231424
6076.022722658928,0.3370625972747803,,,,,0.0,2048.0,1.3053017854690552,0.5300794839859009,0.02746894396841526,0.15410269796848297,,,,,233472
6199.773220817539,0.3303346633911133,73.0,73.0,73.0,0.0,1.0,2048.0,1.3338145017623901,0.51365727186203,0.09794700890779495,0.17261172831058502,-334.27995814361674,-334.27995814361674,-334.27995814361674,0.0,235520
6167.664528191611,0.33205437660217285,,,,,0.0,2048.0,1.4371780157089233,0.6042437553405762,0.04701928794384003,0.18859334290027618,,,,,237568
5986.5970236838275,0.34209752082824707,,,,,0.0,2048.0,0.9108850955963135,0.5568122863769531,0.243607759475708,0.1286279261112213,,,,,239616
6035.745794093074,0.3393118381500244,243.0,194.66666666666666,118.0,54.82294734466176,3.0,2048.0,1.4553437232971191,0.6311157941818237,0.13161775469779968,0.30589187145233154,7761.0087312188325,7597.6573358322285,7314.6377071888965,200.91812148480375,241664
5994.543173949848,0.3416440486907959,,,,,0.0,2048.0,1.4684423208236694,0.7155898809432983,0.15187928080558777,0.259968638420105,,,,,243712
5977.182569874075,0.3426363468170166,104.0,69.66666666666667,31.0,29.95923155816176,3.0,2048.0,1.4748761653900146,0.7468834519386292,0.060437142848968506,0.3480961322784424,7913.343839856143,7894.763681146,7884.8299908486015,13.148661739651178,245760
6205.891662657009,0.33000898361206055,12.0,12.0,12.0,0.0,1.0,2048.0,1.4741475582122803,0.807280957698822,0.07636095583438873,0.3886442184448242,7888.39825165867,7888.39825165867,7888.39825165867,0.0,247808
6058.170582174173,0.3380558490753174,,,,,0.0,2048.0,1.4731348752975464,0.8512428998947144,0.06779108196496964,0.38674938678741455,,,,,249856
5964.863693841145,0.34334397315979004,,,,,0.0,2048.0,1.4620780944824219,0.7998966574668884,0.09087011218070984,0.3318101465702057,,,,,251904
6169.578211670575,0.331951379776001,,,,,0.0,2048.0,1.4534192085266113,0.6500042676925659,0.1122250109910965,0.3431178033351898,,,,,253952
6081.154360553609,0.3367781639099121,,,,,0.0,2048.0,1.4524022340774536,0.5003918409347534,0.08135449141263962,0.2983849048614502,,,,,256000
6311.733368015066,0.3244750499725342,,,,,0.0,2048.0,1.4433519840240479,0.49199554324150085,0.16150237619876862,0.18297088146209717,,,,,258048
5790.863035271276,0.35366058349609375,,,,,0.0,2048.0,1.0946428775787354,0.5987941026687622,0.15491315722465515,0.24042528867721558,,,,,260096
6011.5042395774135,0.3406801223754883,,,,,0.0,2048.0,1.0253061056137085,0.6024024486541748,0.11422575265169144,0.16567052900791168,,,,,262144
6045.056486873542,0.3387892246246338,,,,,0.0,2048.0,1.0912883281707764,0.5031560063362122,0.08481704443693161,0.15357737243175507,,,,,264192
5978.946564237275,0.34253525733947754,,,,,0.0,2048.0,0.9267836809158325,0.43489402532577515,0.18896736204624176,0.14294518530368805,,,,,266240
6214.170291265226,0.32956933975219727,,,,,0.0,2048.0,0.923873245716095,0.3942785859107971,0.14170719683170319,0.12274905294179916,,,,,268288
6213.7342599270405,0.3295924663543701,,,,,0.0,2048.0,0.9373782277107239,0.4511708617210388,0.17776060104370117,0.10672969371080399,,,,,270336
6203.471509311055,0.3301377296447754,,,,,0.0,2048.0,0.8403308391571045,0.42428940534591675,0.1563892811536789,0.10808418691158295,,,,,272384
5954.617422968916,0.3439347743988037,,,,,0.0,2048.0,0.8509101867675781,0.4626917839050293,0.12681840360164642,0.10594218224287033,,,,,274432
6142.990888423414,0.333388090133667,,,,,0.0,2048.0,0.8462975025177002,0.45924198627471924,0.15400651097297668,0.0987069383263588,,,,,276480
6172.548543260265,0.33179163932800293,,,,,0.0,2048.0,0.6581485867500305,0.4374333620071411,0.15463005006313324,0.08224111050367355,,,,,278528
6198.65475322816,0.33039426803588867,145.0,145.0,145.0,0.0,1.0,2048.0,1.0725990533828735,0.4793474078178406,0.16087956726551056,0.1266995519399643,2474.6264829812553,2474.6264829812553,2474.6264829812553,0.0,280576
6202.31588007128,0.3301992416381836,,,,,0.0,2048.0,1.4904030561447144,0.5627513527870178,0.18017444014549255,0.19682328402996063,,,,,282624
6208.13422970127,0.32988977432250977,,,,,0.0,2048.0,1.4552900791168213,0.5855578184127808,0.03702129051089287,0.19576671719551086,,,,,284672
6173.386960040131,0.33174657821655273,79.0,79.0,79.0,0.0,1.0,2048.0,1.082282543182373,0.5257617235183716,0.1777321994304657,0.13310371339321136,372.08318702202774,372.08318702202774,372.08318702202774,0.0,286720
6109.066942797647,0.3352394104003906,232.0,145.0,1.0,89.32244958575643,4.0,2048.0,1.4895281791687012,0.6089414358139038,0.1750359982252121,0.24501381814479828,5250.898755714469,4017.5050065649853,3386.147405231618,724.9092626858885,288768
6087.713774638065,0.33641529083251953,161.0,130.0,99.0,31.0,2.0,2048.0,1.4884852170944214,0.711632490158081,0.04248761385679245,0.34086474776268005,3781.9783023814525,3608.641332069378,3435.304361757304,173.3369703120743,290816
6114.480889432402,0.3349425792694092,219.0,156.0,93.0,63.0,2.0,2048.0,1.4878599643707275,0.7732547521591187,0.036632511764764786,0.3850573003292084,175.82377942407396,124.91050026081902,73.99722109756408,50.91327916325494,292864
6140.588809031238,0.33351850509643555,177.0,99.66666666666667,21.0,63.69371153331299,3.0,2048.0,1.4845575094223022,0.6745367646217346,0.03877658396959305,0.3146129250526428,5236.659283137269,1954.250238357876,277.1752785823521,2321.198475100801,294912
6144.607970311088,0.3333003520965576,100.0,75.5,51.0,24.5,2.0,2048.0,1.4886820316314697,0.7796111106872559,0.036357492208480835,0.38099101185798645,324.88320778699654,313.9851632674142,303.0871187478318,10.898044519582356,296960
6087.2564845011175,0.3364405632019043,189.0,116.33333333333333,30.0,65.62689150713211,3.0,2048.0,1.482280969619751,0.687196671962738,0.03653759881854057,0.3379333019256592,367.65091450670513,340.0157654584274,307.1705446660759,24.964340163502822,299008
6074.029185260715,0.3371732234954834,242.0,141.0,8.0,92.80624978954812,4.0,2048.0,1.4793084859848022,0.6133837103843689,0.039644572883844376,0.3061913251876831,398.140266795284,366.8713870113372,294.34098893330616,42.73203748056295,301056
6010.772304053628,0.34072160720825195,163.0,163.0,163.0,0.0,1.0,2048.0,1.4709283113479614,0.6063934564590454,0.03747197613120079,0.3260619640350342,374.95098552890073,374.95098552890073,374.95098552890073,0.0,303104
6065.048737521191,0.33767247200012207,146.0,76.0,3.0,58.418033745297066,3.0,2048.0,1.466662049293518,0.5841599702835083,0.04495637118816376,0.31001925468444824,393.7691869432297,383.4645267033722,377.5140528305373,7.315579286448818,305152
6042.029062451423,0.3389589786529541,93.0,47.0,1.0,46.0,2.0,2048.0,1.4960840940475464,0.640628457069397,0.04517232999205589,0.35498008131980896,412.8645620698222,382.6230209332751,352.38147979672794,30.24154113654714,307200
5927.129965216659,0.34552979469299316,46.0,46.0,46.0,0.0,1.0,2048.0,1.4965386390686035,0.7065806984901428,0.03725849464535713,0.40737923979759216,432.33510274278717,432.33510274278717,432.33510274278717,0.0,309248
5869.386095803596,0.34892916679382324,,,,,0.0,2048.0,1.495605230331421,0.8872323036193848,0.032158415764570236,0.45162782073020935,,,,,311296
5973.898657149156,0.34282469749450684,228.0,120.0,12.0,108.0,2.0,2048.0,1.489680290222168,0.8315954804420471,0.03529352322220802,0.44150492548942566,420.13979727370787,412.5560898250768,404.9723823764458,7.583707448631031,313344
6049.415858604567,0.3385450839996338,,,,,0.0,2048.0,1.4805961847305298,0.7561425566673279,0.0330168791115284,0.31180861592292786,,,,,315392
6115.582246308197,0.3348822593688965,156.0,156.0,156.0,0.0,1.0,2048.0,1.472300410270691,0.6686387658119202,0.032115388661623,0.2669077217578888,449.1149010480359,449.1149010480359,449.1149010480359,0.0,317440
6097.099059094755,0.33589744567871094,,,,,0.0,2048.0,1.492577314376831,0.750501275062561,0.13199041783809662,0.28662243485450745,,,,,319488
6118.832036425492,0.3347043991088867,,,,,0.0,2048.0,1.4897880554199219,0.7858873605728149,0.04605583846569061,0.29961204528808594,,,,,321536
5965.315207155655,0.34331798553466797,,,,,0.0,2048.0,1.4816884994506836,0.7320271730422974,0.06197916716337204,0.2930515706539154,,,,,323584
5974.904231780751,0.34276700019836426,,,,,0.0,2048.0,1.4853709936141968,0.5970531702041626,0.05492148548364639,0.2728120684623718,,,,,325632
5959.08291304945,0.3436770439147949,,,,,0.0,2048.0,1.3421648740768433,0.5937590003013611,0.046185724437236786,0.17647279798984528,,,,,327680
6095.852937669962,0.3359661102294922,,,,,0.0,2048.0,1.1864887475967407,0.5805807709693909,0.19185368716716766,0.17512668669223785,,,,,329728
6056.128963392925,0.33816981315612793,,,,,0.0,2048.0,0.9568356275558472,0.5697015523910522,0.18410617113113403,0.14001566171646118,,,,,331776
6062.839867110572,0.3377954959869385,,,,,0.0,2048.0,1.0468688011169434,0.5871027708053589,0.11354239284992218,0.14852291345596313,,,,,333824
5995.011743752124,0.3416173458099365,164.0,164.0,164.0,0.0,1.0,2048.0,0.9087909460067749,0.5519092082977295,0.10642984509468079,0.177433580160141,7314.348429973203,7314.348429973203,7314.348429973203,0.0,335872
6019.11598343224,0.34024930000305176,,,,,0.0,2048.0,1.320778727531433,0.5574042797088623,0.06465597450733185,0.19333088397979736,,,,,337920
6254.954006441414,0.3274204730987549,,,,,0.0,2048.0,1.3132598400115967,0.6006230115890503,0.0578012689948082,0.18621237576007843,,,,,339968
6136.723958910069,0.333728551864624,96.0,96.0,96.0,0.0,1.0,2048.0,0.9269228577613831,0.5519411563873291,0.08765260130167007,0.16024097800254822,472.4005926091444,472.4005926091444,472.4005926091444,0.0,342016
6089.522037644733,0.336315393447876,,,,,0.0,2048.0,1.332970380783081,0.6225770711898804,0.07472182810306549,0.2302144318819046,,,,,344064
6238.513923829997,0.32828330993652344,,,,,0.0,2048.0,1.2375305891036987,0.6394094228744507,0.037696368992328644,0.1659313440322876,,,,,346112
6097.895458985484,0.33585357666015625,160.0,160.0,160.0,0.0,1.0,2048.0,1.1819517612457275,0.5890161991119385,0.12901581823825836,0.22607852518558502,7251.856022446207,7251.856022446207,7251.856022446207,0.0,348160
6127.583532297034,0.3342263698577881,196.0,196.0,196.0,0.0,1.0,2048.0,1.3239392042160034,0.6180074214935303,0.07777372002601624,0.29238161444664,7096.301652193551,7096.301652193551,7096.301652193551,0.0,350208
6111.544426783994,0.33510351181030273,155.0,125.0,95.0,30.0,2.0,2048.0,1.4525538682937622,0.6450268030166626,0.045229967683553696,0.23838110268115997,7606.8760129812135,7562.50798038776,7518.139947794306,44.36803259345379,352256
5702.115369475328,0.3591649532318115,165.0,165.0,165.0,0.0,1.0,2048.0,1.2668694257736206,0.659446120262146,0.041498783975839615,0.26308146119117737,7733.003585562086,7733.003585562086,7733.003585562086,0.0,354304
6164.013220796778,0.33225107192993164,,,,,0.0,2048.0,1.3418567180633545,0.7487837076187134,0.04437354952096939,0.3168489634990692,,,,,356352
5650.599890407787,0.3624393939971924,,,,,0.0,2048.0,1.4319343566894531,0.8456645011901855,0.035683270543813705,0.3308795094490051,,,,,358400
6006.233239405105,0.34097909927368164,91.0,91.0,91.0,0.0,1.0,2048.0,1.2939330339431763,0.8641151189804077,0.16714847087860107,0.341075599193573,7145.012367618835,7145.012367618835,7145.012367618835,0.0,360448
6209.633167645468,0.32981014251708984,185.0,185.0,185.0,0.0,1.0,2048.0,1.4327515363693237,0.8086016178131104,0.14166602492332458,0.32396599650382996,5931.0484694895285,5931.0484694895285,5931.0484694895285,0.0,362496
6204.712722502764,0.33007168769836426,,,,,0.0,2048.0,1.4191783666610718,0.6215106248855591,0.055397629737854004,0.22671741247177124,,,,,364544
6212.884848835527,0.3296375274658203,,,,,0.0,2048.0,1.3659411668777466,0.684952437877655,0.06605012714862823,0.2737067639827728,,,,,366592
5667.058498475359,0.361386775970459,,,,,0.0,2048.0,1.3429622650146484,0.6238644123077393,0.10009373724460602,0.24414466321468353,,,,,368640
6017.463099500455,0.34034276008605957,,,,,0.0,2048.0,1.3160858154296875,0.620764970779419,0.1419793665409088,0.16618743538856506,,,,,370688
6118.143454818698,0.33474206924438477,,,,,0.0,2048.0,1.0115958452224731,0.5798749923706055,0.1299813836812973,0.17057839035987854,,,,,372736
6073.621186988352,0.33719587326049805,,,,,0.0,2048.0,0.9266092777252197,0.5323629975318909,0.15530912578105927,0.16466131806373596,,,,,374784
6106.0271652748515,0.3354063034057617,,,,,0.0,2048.0,0.964073896408081,0.5533488988876343,0.1741989105939865,0.1742698699235916,,,,,376832
6035.9493707176225,0.33930039405822754,,,,,0.0,2048.0,0.9809722304344177,0.53899085521698,0.2211366593837738,0.13419480621814728,,,,,378880
5999.198651811262,0.34137892723083496,,,,,0.0,2048.0,0.9889298677444458,0.5222146511077881,0.14621064066886902,0.1498892605304718,,,,,380928
6046.873546873834,0.3386874198913574,,,,,0.0,2048.0,0.9923484921455383,0.5149340629577637,0.03416258469223976,0.18930833041667938,,,,,382976
6010.410608630427,0.3407421112060547,,,,,0.0,2048.0,0.9545689225196838,0.5055630803108215,0.06657562404870987,0.15071462094783783,,,,,385024
5941.039124011663,0.34472084045410156,,,,,0.0,2048.0,0.9362846612930298,0.5616883039474487,0.08920450508594513,0.15723341703414917,,,,,387072
6219.799235806042,0.3292710781097412,,,,,0.0,2048.0,0.951819121837616,0.5535714030265808,0.0901179388165474,0.14356502890586853,,,,,389120
6109.796939814842,0.33519935607910156,204.0,204.0,204.0,0.0,1.0,2048.0,0.962507426738739,0.5381676554679871,0.07713095098733902,0.14284974336624146,7686.589184056801,7686.589184056801,7686.589184056801,0.0,391168
6129.791722505998,0.3341059684753418,,,,,0.0,2048.0,0.944864809513092,0.5163896083831787,0.07615949213504791,0.17617769539356232,,,,,393216
6192.586280180978,0.3307180404663086,90.0,90.0,90.0,0.0,1.0,2048.0,1.2510675191879272,0.6724604964256287,0.013424295000731945,0.2150018960237503,6397.23989129643,6397.23989129643,6397.23989129643,0.0,395264
6177.013849128703,0.33155179023742676,240.0,209.0,157.0,36.995495221265344,3.0,2048.0,1.3152514696121216,0.57902592420578,0.13119499385356903,0.18696172535419464,6767.149455104012,6719.9060329387985,6636.781687101098,58.96054752238203,397312
5952.624366446069,0.34404993057250977,100.0,100.0,100.0,0.0,1.0,2048.0,1.310831904411316,0.5832456946372986,0.013864588923752308,0.27156105637550354,6682.5826512864915,6682.5826512864915,6682.5826512864915,0.0,399360
6115.216534418466,0.334902286529541,,,,,0.0,2048.0,1.3088006973266602,0.811796247959137,0.022200578823685646,0.3170138895511627,,,,,401408
6088.140928423755,0.3363916873931885,13.0,13.0,13.0,0.0,1.0,2048.0,1.291256308555603,0.6904501914978027,0.019186394289135933,0.2760450541973114,6775.727171061755,6775.727171061755,6775.727171061755,0.0,403456
6102.829981250884,0.33558201789855957,95.0,91.0,87.0,4.0,2.0,2048.0,1.2528800964355469,0.7155606746673584,0.173536479473114,0.2855779528617859,6678.792389738043,3442.7827377292047,206.77308572036563,3236.0096520088387,405504
6014.44639855148,0.3405134677886963,,,,,0.0,2048.0,1.187268853187561,0.7911869287490845,0.025569627061486244,0.24121128022670746,,,,,407552
6205.3223086286425,0.33003926277160645,,,,,0.0,2048.0,1.2304853200912476,0.7745720148086548,0.026823990046977997,0.2408720701932907,,,,,409600
6140.48345917012,0.333524227142334,,,,,0.0,2048.0,1.031235694885254,0.777774453163147,0.09729720652103424,0.21776652336120605,,,,,411648
6244.087220167901,0.3279902935028076,,,,,0.0,2048.0,1.0414416790008545,0.7796504497528076,0.0940658375620842,0.21596680581569672,,,,,413696
6089.448650457315,0.3363194465637207,,,,,0.0,2048.0,1.0414959192276,0.6817828416824341,0.1025327667593956,0.26220783591270447,,,,,415744
6193.032743296478,0.33069419860839844,,,,,0.0,2048.0,1.1381486654281616,0.6418919563293457,0.11225216835737228,0.25157415866851807,,,,,417792
6148.777638035383,0.33307433128356934,,,,,0.0,2048.0,1.0195871591567993,0.6484439373016357,0.13193051517009735,0.26259270310401917,,,,,419840
6135.295065656728,0.33380627632141113,,,,,0.0,2048.0,1.0131049156188965,0.5615929365158081,0.14611229300498962,0.23210269212722778,,,,,421888
6176.680725733154,0.3315696716308594,,,,,0.0,2048.0,0.9517552852630615,0.44958198070526123,0.09395205229520798,0.12161728739738464,,,,,423936
6240.408362646767,0.328183650970459,,,,,0.0,2048.0,0.9161539077758789,0.4946153163909912,0.14680127799510956,0.1310976892709732,,,,,425984
6105.102804601818,0.33545708656311035,,,,,0.0,2048.0,0.9297383427619934,0.4626573324203491,0.18206848204135895,0.11897691339254379,,,,,428032
6099.549518920109,0.33576250076293945,,,,,0.0,2048.0,0.7510735988616943,0.4693096876144409,0.20058882236480713,0.09500513225793839,,,,,430080
5930.067876667456,0.34535861015319824,,,,,0.0,2048.0,0.9294525980949402,0.4777071177959442,0.10690216720104218,0.10256835073232651,,,,,432128
6062.566010836478,0.337810754776001,,,,,0.0,2048.0,0.8903660774230957,0.5007374882698059,0.16765840351581573,0.09833779186010361,,,,,434176
5803.057060225922,0.3529174327850342,201.0,201.0,201.0,0.0,1.0,2048.0,0.87520831823349,0.4902050793170929,0.13436493277549744,0.09611689299345016,6593.70837291015,6593.70837291015,6593.70837291015,0.0,436224
5856.22522981939,0.3497133255004883,220.0,220.0,220.0,0.0,1.0,2048.0,0.9415503740310669,0.47108933329582214,0.1283835470676422,0.10889367014169693,221.46570169544214,221.46570169544214,221.46570169544214,0.0,438272
6131.134905266464,0.3340327739715576,,,,,0.0,2048.0,0.9209039211273193,0.48722001910209656,0.09563567489385605,0.16560359299182892,,,,,440320
6211.186723143825,0.3297276496887207,,,,,0.0,2048.0,1.243678092956543,0.6208096742630005,0.07375682145357132,0.24657326936721802,,,,,442368
6006.6784367692635,0.3409538269042969,123.0,123.0,123.0,0.0,1.0,2048.0,1.2614060640335083,0.5945371389389038,0.08150836825370789,0.27496567368507385,6657.587554171548,6657.587554171548,6657.587554171548,0.0,444416
6121.823499144079,0.33454084396362305,129.0,129.0,129.0,0.0,1.0,2048.0,1.2985957860946655,0.5682820081710815,0.04790637269616127,0.22812491655349731,6472.7818843305195,6472.7818843305195,6472.7818843305195,0.0,446464
6085.307301149204,0.3365483283996582,228.0,140.66666666666666,8.0,95.3636315490461,3.0,2048.0,1.2663332223892212,0.6496180295944214,0.17031042277812958,0.28974294662475586,6748.853133284386,4545.21572661729,478.8974232648229,2878.688502722399,448512
6149.64482989194,0.33302736282348633,236.0,179.0,82.0,68.93958707931654,3.0,2048.0,1.2512232065200806,0.702421247959137,0.1753823459148407,0.3810393512248993,6746.007523099349,6640.059594442849,6517.820065207758,93.86671817641545,450560
6147.549901452378,0.33314085006713867,,,,,0.0,2048.0,1.2917920351028442,0.8105212450027466,0.05264090374112129,0.4019668400287628,,,,,452608
5782.703722029576,0.3541595935821533,24.0,24.0,24.0,0.0,1.0,2048.0,1.2465704679489136,0.916608452796936,0.0496673658490181,0.32362139225006104,436.7582973894372,436.7582973894372,436.7582973894372,0.0,454656
6225.736180427412,0.32895708084106445,,,,,0.0,2048.0,1.3288116455078125,0.958679735660553,0.05965200811624527,0.26374351978302,,,,,456704
5370.780227125085,0.38132262229919434,,,,,0.0,2048.0,1.3221170902252197,0.8783709406852722,0.06360648572444916,0.26840075850486755,,,,,458752
5924.039709988807,0.34571003913879395,,,,,0.0,2048.0,1.3124189376831055,0.7289056181907654,0.0507977120578289,0.25090527534484863,,,,,460800
6040.8648221377225,0.33902430534362793,79.0,79.0,79.0,0.0,1.0,2048.0,1.306938886642456,0.6675446629524231,0.06318393349647522,0.22341394424438477,503.3605233202733,503.3605233202733,503.3605233202733,0.0,462848
6059.572322145966,0.33797764778137207,,,,,0.0,2048.0,1.3457814455032349,0.7299602031707764,0.08703701943159103,0.1864052414894104,,,,,464896
6071.431817089479,0.33731746673583984,,,,,0.0,2048.0,1.4005643129348755,0.8145294189453125,0.07498997449874878,0.20296959578990936,,,,,466944
6042.58584687591,0.3389277458190918,,,,,0.0,2048.0,1.1719298362731934,0.6684970855712891,0.2319750338792801,0.20370177924633026,,,,,468992
6131.563797658281,0.33400940895080566,,,,,0.0,2048.0,1.3493695259094238,0.6664345264434814,0.05226315185427666,0.22271132469177246,,,,,471040
6197.970450103072,0.3304307460784912,,,,,0.0,2048.0,1.3002609014511108,0.6119357347488403,0.16269654035568237,0.16402147710323334,,,,,473088
6032.952244500068,0.33946895599365234,,,,,0.0,2048.0,0.9782975316047668,0.5975571870803833,0.15049564838409424,0.178752139210701,,,,,475136
5888.065979743254,0.3478221893310547,,,,,0.0,2048.0,1.0500006675720215,0.5087690353393555,0.12510071694850922,0.18051278591156006,,,,,477184
6106.565419657177,0.3353767395019531,,,,,0.0,2048.0,1.0796626806259155,0.5209234952926636,0.13753299415111542,0.14673271775245667,,,,,479232
6124.075565536663,0.33441781997680664,,,,,0.0,2048.0,1.0464171171188354,0.5239406824111938,0.16509318351745605,0.1351974755525589,,,,,481280
6069.5828151066635,0.3374202251434326,,,,,0.0,2048.0,1.1044921875,0.5049262642860413,0.13056717813014984,0.1281655877828598,,,,,483328
6149.32345616086,0.33304476737976074,,,,,0.0,2048.0,0.9723066687583923,0.49851810932159424,0.13169409334659576,0.12357155233621597,,,,,485376
6142.7448853572005,0.3334014415740967,,,,,0.0,2048.0,0.960887610912323,0.5519298315048218,0.0941791832447052,0.1423768550157547,,,,,487424
6056.585858927715,0.33814430236816406,,,,,0.0,2048.0,0.9408670663833618,0.5181409120559692,0.13092884421348572,0.13443118333816528,,,,,489472
6104.334886788242,0.33549928665161133,,,,,0.0,2048.0,1.3154019117355347,0.5360734462738037,0.08036838471889496,0.16743886470794678,,,,,491520
5934.373612769156,0.3451080322265625,,,,,0.0,2048.0,1.326192855834961,0.6490151882171631,0.07479122281074524,0.134816512465477,,,,,493568
6058.029589362612,0.33806371688842773,218.0,155.0,92.0,63.0,2.0,2048.0,1.2211265563964844,0.5805782079696655,0.08561432361602783,0.19068381190299988,5497.717817232137,5419.663588354555,5341.609359476972,78.05422887758277,495616
5935.632510377071,0.3450348377227783,36.0,23.5,11.0,12.5,2.0,2048.0,1.1514902114868164,0.49853166937828064,0.09844067692756653,0.2418312281370163,5766.258373556424,5735.547755321395,5704.837137086365,30.710618235029415,497664
5826.1334201494865,0.3515195846557617,127.0,104.5,82.0,22.5,2.0,2048.0,1.1956641674041748,0.6970506906509399,0.09414675086736679,0.2912399470806122,5995.427127997183,5898.420169385775,5801.413210774367,97.00695861140775,499712
5770.292636002601,0.3549213409423828,201.0,201.0,201.0,0.0,1.0,2048.0,1.1512296199798584,0.7453048229217529,0.08893382549285889,0.28613901138305664,6500.77520082692,6500.77520082692,6500.77520082692,0.0,501760
6173.781848943154,0.3317253589630127,,,,,0.0,2048.0,1.1374024152755737,0.7673599720001221,0.09690377861261368,0.22014887630939484,,,,,503808
6153.865424899345,0.33279895782470703,173.0,173.0,173.0,0.0,1.0,2048.0,1.1329779624938965,0.7853543758392334,0.2532663345336914,0.1395116001367569,6556.467777883866,6556.467777883866,6556.467777883866,0.0,505856
6105.102804601818,0.33545708656311035,,,,,0.0,2048.0,0.9790205955505371,0.6425013542175293,0.11061840504407883,0.14092661440372467,,,,,507904
6245.630818605578,0.3279092311859131,75.0,75.0,75.0,0.0,1.0,2048.0,1.020240306854248,0.6133407354354858,0.1310989409685135,0.12879474461078644,-75.99253748760712,-75.99253748760712,-75.99253748760712,0.0,509952
6148.355135705037,0.3330972194671631,231.0,231.0,231.0,0.0,1.0,2048.0,0.9787753224372864,0.6040177941322327,0.13086384534835815,0.10506632924079895,-802.4615093678938,-802.4615093678938,-802.4615093678938,0.0,512000
6189.409322661625,0.3308877944946289,218.0,198.0,178.0,20.0,2.0,2048.0,0.9496238827705383,0.5468357801437378,0.1288067102432251,0.12143693119287491,-169.03331563114688,-363.0935476798488,-557.1537797285508,194.06023204870198,514048
6134.712303369904,0.33383798599243164,,,,,0.0,2048.0,0.9289408922195435,0.6989992260932922,0.12435965985059738,0.25011491775512695,,,,,516096
6251.312379512132,0.32761120796203613,,,,,0.0,2048.0,0.9013025164604187,0.8708070516586304,0.34501394629478455,0.0967847928404808,,,,,518144
6123.870366871819,0.3344290256500244,,,,,0.0,2048.0,1.1780041456222534,1.111375093460083,0.43147194385528564,0.13508546352386475,,,,,520192
5938.985339789983,0.34484004974365234,,,,,0.0,2048.0,0.9508151412010193,0.9411510229110718,0.7899636626243591,0.029425770044326782,,,,,522240
6130.229176687539,0.33408212661743164,198.0,186.25,152.0,14.762706391444626,8.0,2048.0,0.7867791652679443,0.6911783218383789,0.24915780127048492,0.13024836778640747,227.11787717701299,-253.25754899318284,-949.8309981544987,413.5125328294046,524288
6110.22285198068,0.3351759910583496,,,,,0.0,2048.0,0.8728832006454468,0.4104267656803131,0.20212675631046295,0.14102323353290558,,,,,526336
6130.189803254378,0.33408427238464355,223.0,223.0,223.0,0.0,1.0,2048.0,0.8271236419677734,0.671162486076355,0.41440004110336304,0.049544401466846466,-1839.2115877573906,-1839.2115877573906,-1839.2115877573906,0.0,528384
5755.820419715745,0.35581374168395996,2.0,2.0,2.0,0.0,1.0,2048.0,0.8533915877342224,0.6111366748809814,0.2329004406929016,0.12527135014533997,-1751.6455803789306,-1751.6455803789306,-1751.6455803789306,0.0,530432
6081.107004936424,0.3367807865142822,39.0,30.666666666666668,16.0,10.402991022884823,3.0,2048.0,0.8225811719894409,0.5863200426101685,0.21896246075630188,0.14555403590202332,-4531.734591055802,-5004.188628274274,-5507.610388466972,399.0009547965834,532480
6016.451577702118,0.34039998054504395,29.0,29.0,29.0,0.0,1.0,2048.0,0.8490805625915527,0.6188225746154785,0.2273581475019455,0.10984323918819427,-5532.713960752452,-5532.713960752452,-5532.713960752452,0.0,534528
5692.196655958099,0.3597908020019531,148.0,148.0,148.0,0.0,1.0,2048.0,0.8556184768676758,0.6515843272209167,0.3129827082157135,0.06629972904920578,-5324.810022602959,-5324.810022602959,-5324.810022602959,0.0,536576
5792.05005879751,0.3535881042480469,216.0,201.0,186.0,15.0,2.0,2048.0,0.8511554598808289,0.6462463736534119,0.22180809080600739,0.1035698875784874,-6870.0572490881,-10561.851214603896,-14253.64518011969,3691.793965515795,538624
6019.866827477993,0.3402068614959717,253.0,156.0,48.0,84.05157147053627,3.0,2048.0,0.8767617344856262,0.5783613324165344,0.2226933240890503,0.13761821389198303,-8216.657997807182,-9552.568748380445,-11960.979173860069,1706.395212500161,540672
6066.273727326335,0.337604284286499,209.0,191.5,174.0,17.5,2.0,2048.0,0.8150895833969116,0.5905901789665222,0.22079038619995117,0.135848730802536,-1761.7183150875896,-6204.91482383693,-10648.11133258627,4443.19650874934,542720
6065.417039079518,0.33765196800231934,172.0,132.5,93.0,39.5,2.0,2048.0,0.8475303053855896,0.5886729955673218,0.22151827812194824,0.15194584429264069,-3347.998070927771,-5490.974454845328,-7633.950838762886,2142.976383917557,544768
6041.867571664199,0.33896803855895996,237.0,140.5,44.0,96.5,2.0,2048.0,0.8697372674942017,0.5951348543167114,0.22242464125156403,0.12720100581645966,-603.8339980014778,-1269.9025720435034,-1935.9711460855292,666.0685740420257,546816
5870.906458456357,0.34883880615234375,211.0,125.0,39.0,86.0,2.0,2048.0,0.7917635440826416,0.581369161605835,0.22610372304916382,0.12118051201105118,-4222.177816483423,-6140.401551054212,-8058.625285625002,1918.2237345707895,548864
5708.151483133912,0.35878515243530273,196.0,196.0,196.0,0.0,1.0,2048.0,0.8360971808433533,0.6198030710220337,0.2446795552968979,0.10142453014850616,-5458.85044233569,-5458.85044233569,-5458.85044233569,0.0,550912
5842.276772318143,0.35054826736450195,36.0,36.0,36.0,0.0,1.0,2048.0,0.7974047660827637,0.5953783988952637,0.22656801342964172,0.11940843611955643,253.23587103312525,253.23587103312525,253.23587103312525,0.0,552960
6036.61108959903,0.3392632007598877,,,,,0.0,2048.0,0.7630403637886047,0.6675242185592651,0.349375456571579,0.06386134773492813,,,,,555008
5659.508832590585,0.36186885833740234,217.0,86.66666666666667,8.0,92.8164257493731,3.0,2048.0,0.7559404969215393,0.6355447769165039,0.21241165697574615,0.1478734314441681,-422.0467450329104,-5264.754309317996,-11206.795035543406,4470.950605342861,557056
5882.3846862350465,0.3481581211090088,156.0,53.5,12.0,59.45376354781924,4.0,2048.0,0.821826159954071,0.5378208160400391,0.21844089031219482,0.17460183799266815,-5341.109752405458,-11244.721834998241,-18187.071291389475,4571.355406772869,559104
5888.239534585617,0.3478119373321533,253.0,138.5,24.0,114.5,2.0,2048.0,0.8183454871177673,0.6091264486312866,0.22926029562950134,0.13981857895851135,186.82829734638653,-2559.811516967462,-5306.451331281311,2746.6398143138485,561152
5932.402276568076,0.34522271156311035,139.0,72.5,6.0,66.5,2.0,2048.0,0.7723938226699829,0.604885995388031,0.2235361933708191,0.14765949547290802,225.4304382326199,-1171.0238606016246,-2567.478159435869,1396.4542988342446,563200
5915.619207521364,0.34620213508605957,150.0,140.0,130.0,10.0,2.0,2048.0,0.7839375734329224,0.6577815413475037,0.2354513257741928,0.13442614674568176,-313.3354481696759,-2033.3913557150538,-3753.4472632604316,1720.055907545378,565248
5732.672942178312,0.357250452041626,233.0,194.5,155.0,32.581947967138696,6.0,2048.0,0.786709725856781,0.6588011384010315,0.22289438545703888,0.17012593150138855,216.31252739214486,-2405.21338446239,-4944.117144443835,2106.8360514560054,567296
5846.280840046852,0.3503081798553467,,,,,0.0,2048.0,0.7796413898468018,0.5267846584320068,0.23297373950481415,0.18106524646282196,,,,,569344
5991.612092127841,0.3418111801147461,244.0,128.5,8.0,84.5502808984098,4.0,2048.0,0.771151065826416,0.665717363357544,0.25694766640663147,0.1433807760477066,227.67655026575846,103.4362909096547,-195.20632634719894,173.1045415093949,571392
5900.089629843828,0.34711337089538574,175.0,100.0,25.0,75.0,2.0,2048.0,0.796164870262146,0.6122226119041443,0.2567523121833801,0.17839178442955017,-121.0022441330249,-483.641047864253,-846.2798515954811,362.6388037312281,573440
5897.995210159735,0.34723663330078125,252.0,165.33333333333334,65.0,76.95164426804378,3.0,2048.0,0.8025051355361938,0.6876457929611206,0.2698495090007782,0.16454531252384186,46.71564716639803,-113.20763599265615,-340.59166761560834,165.15639751135694,575488
6094.754350438981,0.336026668548584,122.0,83.33333333333333,42.0,32.71425105702746,3.0,2048.0,0.8269239664077759,0.6248292922973633,0.29577913880348206,0.18230214715003967,232.23698753565773,104.9141530063589,-134.33199599540174,169.2893502530007,577536
5884.705876872382,0.3480207920074463,228.0,115.0,2.0,113.0,2.0,2048.0,0.8403816223144531,0.6957985162734985,0.35973894596099854,0.17349115014076233,259.4983145261905,71.33367954303655,-116.83095544011738,188.16463498315392,579584
6065.091560985701,0.33767008781433105,,,,,0.0,2048.0,0.8188514709472656,0.7637408971786499,0.34345632791519165,0.1210247278213501,,,,,581632
5707.059262182572,0.358853816986084,49.0,28.333333333333332,12.0,15.412837362262522,3.0,2048.0,0.8354775309562683,0.6992127895355225,0.31287881731987,0.18051597476005554,242.86968952830586,111.38211798457358,-31.474302067609305,112.28859980277298,583680
5689.727077809432,0.35994696617126465,186.0,86.33333333333333,33.0,70.53289224814823,3.0,2048.0,0.8335900902748108,0.6683793067932129,0.30327412486076355,0.17340515553951263,242.2463254708083,226.63386291827155,210.1295155849057,13.126791005637,585728
5773.593166272011,0.3547184467315674,221.0,147.75,54.0,62.47949663689681,4.0,2048.0,0.818959653377533,0.65800940990448,0.26402467489242554,0.18951955437660217,282.964297284548,232.3221527506457,199.269788028353,32.98943305811239,587776
5834.590208274041,0.3510100841522217,27.0,27.0,27.0,0.0,1.0,2048.0,0.8385307788848877,0.5986838340759277,0.25361740589141846,0.19947583973407745,112.04736597117873,112.04736597117873,112.04736597117873,0.0,589824
5844.789111054561,0.35039758682250977,228.0,193.0,158.0,35.0,2.0,2048.0,0.885402262210846,0.8004969358444214,0.28919681906700134,0.16367065906524658,275.80115275225194,252.60955146789044,229.41795018352894,23.191601284361496,591872
5955.505030672124,0.3438835144042969,147.0,147.0,147.0,0.0,1.0,2048.0,0.8938018083572388,0.7590864896774292,0.2830984890460968,0.2113717645406723,239.68095872847326,239.68095872847326,239.68095872847326,0.0,593920
5992.749061663695,0.34174633026123047,,,,,0.0,2048.0,0.9506310820579529,0.8814749121665955,0.2856557071208954,0.1682129204273224,,,,,595968
5915.346268689606,0.3462181091308594,,,,,0.0,2048.0,0.9183983206748962,0.915408730506897,0.8805227279663086,0.005811947397887707,,,,,598016
5932.037661474886,0.3452439308166504,201.0,165.71428571428572,141.0,22.688664795533512,7.0,2048.0,0.8476906418800354,0.7300775051116943,0.2513801157474518,0.18553778529167175,274.1478594687373,224.9606768025539,24.454284870617663,82.57718722598476,600064
5972.889267769655,0.3428826332092285,6.0,6.0,6.0,0.0,1.0,2048.0,0.8423129320144653,0.4031141996383667,0.17292624711990356,0.12190767377614975,259.1340283670527,259.1340283670527,259.1340283670527,0.0,602112
5948.259163262607,0.3443024158477783,249.0,238.75,230.0,7.980444849756184,4.0,2048.0,0.8469164967536926,0.7802897691726685,0.2245945930480957,0.13601265847682953,202.15261187912984,59.41497400263277,-36.94080655450284,89.90493067075977,604160
5920.97308176933,0.3458890914916992,170.0,91.75,31.0,50.041857479514086,4.0,2048.0,0.8557632565498352,0.49177563190460205,0.20141147077083588,0.18865954875946045,268.8181822392264,247.9633889545495,223.47402222502376,17.408217148257016,606208
5919.961097496092,0.3459482192993164,254.0,254.0,254.0,0.0,1.0,2048.0,0.8285717964172363,0.6615628600120544,0.17617446184158325,0.20669998228549957,221.68497144703915,221.68497144703915,221.68497144703915,0.0,608256
5891.4218406752625,0.3476240634918213,,,,,0.0,2048.0,0.8410722613334656,0.7849684357643127,0.1738072782754898,0.15048198401927948,,,,,610304
5885.2017851686305,0.3479914665222168,244.0,154.4,33.0,78.96986767115669,5.0,2048.0,0.8272103667259216,0.7060514688491821,0.145172581076622,0.20714879035949707,262.8337783042024,229.82559790299834,209.38604518589437,21.022739427998573,612352
5834.178078944706,0.35103487968444824,,,,,0.0,2048.0,0.8714912533760071,0.6003464460372925,0.11600453406572342,0.2736760377883911,,,,,614400
5870.172253623441,0.34888243675231934,,,,,0.0,2048.0,0.8396593928337097,0.8205341100692749,0.3384947180747986,0.06733429431915283,,,,,616448
5749.987175891372,0.3561747074127197,,,,,0.0,2048.0,0.8340455293655396,0.8298186659812927,0.7757371068000793,0.011106476187705994,,,,,618496
5853.056894326648,0.3499026298522949,,,,,0.0,2048.0,0.7703155279159546,0.7681269645690918,0.7329873442649841,0.0056671216152608395,,,,,620544
5883.315360432862,0.34810304641723633,219.0,164.6,112.0,38.676090805561,5.0,2048.0,0.7250002026557922,0.649243950843811,0.12586945295333862,0.15785501897335052,275.6315188567147,252.36783320174112,236.18654007962783,14.81652526359671,622592
5934.197327725624,0.34511828422546387,219.0,119.5,20.0,99.5,2.0,2048.0,0.8071267008781433,0.5063151121139526,0.12842300534248352,0.2485138326883316,237.70567750718234,230.14351171018535,222.58134591318833,7.562165796997007,624640
5911.019278051923,0.34647154808044434,,,,,0.0,2048.0,0.9261537194252014,0.7102179527282715,0.018388332799077034,0.18778958916664124,,,,,626688
5893.27707943704,0.34751462936401367,,,,,0.0,2048.0,1.1445636749267578,0.7679880261421204,0.0128424521535635,0.14935345947742462,,,,,628736
5940.858334001887,0.34473133087158203,,,,,0.0,2048.0,1.2610987424850464,0.6926021575927734,0.015143963508307934,0.23067623376846313,,,,,630784
5865.114044221521,0.3491833209991455,219.0,202.0,185.0,17.0,2.0,2048.0,1.2846601009368896,0.5929710268974304,0.013835735619068146,0.2489694207906723,529.4819105855911,527.5341723771998,525.5864341688084,1.9477382083913426,632832
5913.973808951718,0.3462984561920166,103.0,103.0,103.0,0.0,1.0,2048.0,1.2558414936065674,0.4941934049129486,0.01358820591121912,0.2365497350692749,479.9707464323506,479.9707464323506,479.9707464323506,0.0,634880
5968.307691880122,0.34314584732055664,,,,,0.0,2048.0,1.2679603099822998,0.6231896281242371,0.10576395690441132,0.20266950130462646,,,,,636928
5670.852121007267,0.36114501953125,,,,,0.0,2048.0,1.0364532470703125,0.6669839024543762,0.01726342923939228,0.1938067525625229,,,,,638976
5865.658725319148,0.3491508960723877,,,,,0.0,2048.0,1.1047160625457764,0.6161512136459351,0.013804604299366474,0.16382275521755219,,,,,641024
5702.539336867297,0.35913825035095215,66.0,66.0,66.0,0.0,1.0,2048.0,1.2568269968032837,0.5850926637649536,0.012571761384606361,0.20400267839431763,540.3912228227799,540.3912228227799,540.3912228227799,0.0,643072
5985.27888337118,0.34217286109924316,,,,,0.0,2048.0,1.317469835281372,0.5620836019515991,0.0767449140548706,0.1996885985136032,,,,,645120
5937.528014769972,0.3449246883392334,,,,,0.0,2048.0,1.0475001335144043,0.6082928776741028,0.0611700564622879,0.19165347516536713,,,,,647168
5958.272761954439,0.34372377395629883,,,,,0.0,2048.0,1.0428917407989502,0.5527232885360718,0.013841923326253891,0.15146037936210632,,,,,649216
5909.750469034117,0.346545934677124,,,,,0.0,2048.0,1.2486363649368286,0.5674986839294434,0.010884088464081287,0.18953265249729156,,,,,651264
5971.751517628967,0.34294795989990234,,,,,0.0,2048.0,1.334564447402954,0.5554342269897461,0.13074541091918945,0.18850071728229523,,,,,653312
5893.693557162745,0.3474900722503662,,,,,0.0,2048.0,1.023848295211792,0.5231281518936157,0.03764450550079346,0.18280482292175293,,,,,655360
5754.594225666222,0.35588955879211426,,,,,0.0,2048.0,0.9332991242408752,0.5061194896697998,0.03899595886468887,0.16816389560699463,,,,,657408
5702.032097573863,0.35917019844055176,,,,,0.0,2048.0,1.0034221410751343,0.5540580749511719,0.13490112125873566,0.1560700386762619,,,,,659456
5713.27684661963,0.3584632873535156,,,,,0.0,2048.0,1.035791039466858,0.5577300190925598,0.08932553231716156,0.1720702052116394,,,,,661504
5653.660685631695,0.3622431755065918,,,,,0.0,2048.0,0.9825210571289062,0.5583785772323608,0.08879934251308441,0.19750769436359406,,,,,663552
5662.194833718726,0.3616971969604492,230.0,127.5,25.0,102.5,2.0,2048.0,0.9655011892318726,0.5738657712936401,0.030686335638165474,0.198062926530838,6345.41423637731,6301.347884623795,6257.28153287028,44.06635175351494,665600
5927.256750844934,0.345522403717041,229.0,185.33333333333334,142.0,35.51838334659329,3.0,2048.0,0.9065817594528198,0.5229492783546448,0.034401822835206985,0.19952890276908875,6401.092000588502,6331.627636887794,6225.955655904929,75.94484169105532,667648
5945.694143965801,0.3444509506225586,,,,,0.0,2048.0,0.8986250162124634,0.5408117771148682,0.14700239896774292,0.23942263424396515,,,,,669696
5930.3339873549685,0.34534311294555664,,,,,0.0,2048.0,1.0231456756591797,0.7160947918891907,0.013737805187702179,0.2631075084209442,,,,,671744
5929.56437871636,0.34538793563842773,170.0,170.0,170.0,0.0,1.0,2048.0,1.1400787830352783,0.532409131526947,0.013899815268814564,0.20276126265525818,537.3631136117881,537.3631136117881,537.3631136117881,0.0,673792
5856.341014811406,0.34970641136169434,202.0,202.0,202.0,0.0,1.0,2048.0,1.2695690393447876,0.5980962514877319,0.011754622682929039,0.2359626144170761,6508.766925348106,6508.766925348106,6508.766925348106,0.0,675840
5734.1654002230935,0.35715746879577637,84.0,84.0,84.0,0.0,1.0,2048.0,1.3219650983810425,0.5432053804397583,0.11961664259433746,0.23208613693714142,6472.299342329907,6472.299342329907,6472.299342329907,0.0,677888
5846.97326095465,0.350266695022583,,,,,0.0,2048.0,1.129644513130188,0.533438503742218,0.012303057126700878,0.2282065451145172,,,,,679936
5880.862399779825,0.3482482433319092,,,,,0.0,2048.0,1.1253000497817993,0.6321147084236145,0.016370877623558044,0.19133532047271729,,,,,681984
6042.156561276304,0.33895182609558105,225.0,225.0,225.0,0.0,1.0,2048.0,1.1919182538986206,0.606539249420166,0.014533881098031998,0.18225978314876556,6437.212487084611,6437.212487084611,6437.212487084611,0.0,684032
5781.594461473019,0.35422754287719727,,,,,0.0,2048.0,1.2789627313613892,0.5320320725440979,0.01307702250778675,0.22298763692378998,,,,,686080
5757.213053356836,0.3557276725769043,,,,,0.0,2048.0,1.0191495418548584,0.5591339468955994,0.011955761350691319,0.19250091910362244,,,,,688128
5777.542468959766,0.3544759750366211,,,,,0.0,2048.0,1.0915939807891846,0.5303454399108887,0.05119503661990166,0.15854224562644958,,,,,690176
5928.181222912353,0.34546852111816406,,,,,0.0,2048.0,1.1075750589370728,0.5407454371452332,0.015057872049510479,0.15569359064102173,,,,,692224
5969.809209282672,0.3430595397949219,,,,,0.0,2048.0,1.1260823011398315,0.5579937696456909,0.03463860601186752,0.1721947193145752,,,,,694272
5976.0930747059065,0.3426988124847412,,,,,0.0,2048.0,1.1561537981033325,0.5429854393005371,0.046232860535383224,0.17304012179374695,,,,,696320
5926.909125784597,0.34554266929626465,,,,,0.0,2048.0,0.9514281153678894,0.4955183267593384,0.02761257067322731,0.1843976378440857,,,,,698368
5978.996503756913,0.3425323963165283,,,,,0.0,2048.0,0.9914625883102417,0.5683211088180542,0.10081319510936737,0.14849230647087097,,,,,700416
6059.478282706795,0.3379828929901123,,,,,0.0,2048.0,0.987514317035675,0.5455577969551086,0.08327259123325348,0.13128067553043365,,,,,702464
6011.125629983359,0.3407015800476074,,,,,0.0,2048.0,0.9447467923164368,0.526199221611023,0.023865478113293648,0.1914675235748291,,,,,704512
6116.374772147284,0.3348388671875,,,,,0.0,2048.0,0.9580076932907104,0.6276455521583557,0.055538471788167953,0.1595533937215805,,,,,706560
6111.905350839557,0.3350837230682373,205.0,205.0,205.0,0.0,1.0,2048.0,0.9736725687980652,0.5519329309463501,0.023244230076670647,0.15635386109352112,6639.077089339454,6639.077089339454,6639.077089339454,0.0,708608
6029.297832033292,0.339674711227417,28.0,28.0,28.0,0.0,1.0,2048.0,0.9057838916778564,0.4855797588825226,0.07632798701524734,0.17569983005523682,6612.895477228406,6612.895477228406,6612.895477228406,0.0,710656
6082.217903665149,0.336719274520874,132.0,115.5,99.0,16.5,2.0,2048.0,1.0129289627075195,0.5250371098518372,0.006419926881790161,0.19511331617832184,6914.84026991474,6844.2668212699,6773.69337262506,70.57344864484003,712704
6100.714827406693,0.33569836616516113,,,,,0.0,2048.0,1.1457598209381104,0.5611570477485657,0.007189782802015543,0.24400807917118073,,,,,714752
6131.073639822733,0.33403611183166504,68.0,68.0,68.0,0.0,1.0,2048.0,1.1383137702941895,0.572579026222229,0.0072346278466284275,0.2163795381784439,6665.7478032406025,6665.7478032406025,6665.7478032406025,0.0,716800
5866.139410308504,0.3491222858428955,210.0,210.0,210.0,0.0,1.0,2048.0,1.0526618957519531,0.5956553816795349,0.0063280160538852215,0.22642134130001068,6701.249059596396,6701.249059596396,6701.249059596396,0.0,718848
5916.246654953465,0.34616541862487793,67.0,67.0,67.0,0.0,1.0,2048.0,1.1313668489456177,0.47135627269744873,0.08036625385284424,0.22707754373550415,6661.55561275258,6661.55561275258,6661.55561275258,0.0,720896
6033.651448965386,0.3394296169281006,,,,,0.0,2048.0,1.2249270677566528,0.6691986918449402,0.005735329817980528,0.29364797472953796,,,,,722944
6035.364124932286,0.33933329582214355,,,,,0.0,2048.0,1.2006322145462036,0.5498882532119751,0.011928238905966282,0.21768276393413544,,,,,724992
6020.799315908629,0.34015417098999023,92.0,92.0,92.0,0.0,1.0,2048.0,1.2096349000930786,0.5508021116256714,0.018936583772301674,0.24294161796569824,6726.908384797182,6726.908384797182,6726.908384797182,0.0,727040
6044.882072530692,0.33879899978637695,,,,,0.0,2048.0,1.2007389068603516,0.5386037826538086,0.006665767170488834,0.24739688634872437,,,,,729088
6052.493337626714,0.33837294578552246,,,,,0.0,2048.0,1.0061886310577393,0.545662522315979,0.01080784946680069,0.1865191012620926,,,,,731136
6025.237866839125,0.3399035930633545,,,,,0.0,2048.0,1.1613309383392334,0.5411348342895508,0.0215548537671566,0.18340106308460236,,,,,733184
6051.576586490299,0.3384242057800293,,,,,0.0,2048.0,1.1367194652557373,0.5631977319717407,0.018970875069499016,0.2008909285068512,,,,,735232
5996.041181040639,0.34155869483947754,,,,,0.0,2048.0,1.0679477453231812,0.5354226231575012,0.016451139003038406,0.19850407540798187,,,,,737280
5975.078787474081,0.342756986618042,,,,,0.0,2048.0,0.9867124557495117,0.5107594728469849,0.018813295289874077,0.16040898859500885,,,,,739328
5942.399510768692,0.34464192390441895,,,,,0.0,2048.0,0.9972628355026245,0.5186135172843933,0.03982581943273544,0.13829457759857178,,,,,741376
5849.270566573241,0.3501291275024414,,,,,0.0,2048.0,1.0259026288986206,0.5070368647575378,0.02367750182747841,0.16466203331947327,,,,,743424
6073.608303725151,0.33719658851623535,,,,,0.0,2048.0,1.1380900144577026,0.524954080581665,0.01235686894506216,0.1748172491788864,,,,,745472
6068.305045208864,0.3374912738800049,,,,,0.0,2048.0,1.1572797298431396,0.5577043890953064,0.02844657003879547,0.1324751377105713,,,,,747520
6042.101311124867,0.3389549255371094,,,,,0.0,2048.0,1.0925854444503784,0.52921462059021,0.028947079554200172,0.1537964642047882,,,,,749568
6083.303359439567,0.33665919303894043,87.0,87.0,87.0,0.0,1.0,2048.0,1.1628849506378174,0.5465824007987976,0.016351498663425446,0.14344912767410278,6690.01130681341,6690.01130681341,6690.01130681341,0.0,751616
6062.792796302727,0.3377981185913086,256.0,199.0,142.0,57.0,2.0,2048.0,1.1029895544052124,0.5551180839538574,0.041229248046875,0.16056415438652039,7370.904322780888,7023.844661874116,6676.785000967346,347.0596609067711,753664
5926.8804996557,0.34554433822631836,64.0,64.0,64.0,0.0,1.0,2048.0,1.0823582410812378,0.49041780829429626,0.00452154828235507,0.2055782526731491,6648.77438802838,6648.77438802838,6648.77438802838,0.0,755712
5906.142222912844,0.3467576503753662,130.0,130.0,130.0,0.0,1.0,2048.0,1.2155358791351318,0.5691406726837158,0.004948761314153671,0.20313894748687744,6790.276782409299,6790.276782409299,6790.276782409299,0.0,757760
5806.422663471645,0.35271286964416504,180.0,180.0,180.0,0.0,1.0,2048.0,1.2634451389312744,0.5484421253204346,0.02391892857849598,0.20161738991737366,6621.476503340835,6621.476503340835,6621.476503340835,0.0,759808
5945.47603415041,0.344463586807251,58.0,58.0,58.0,0.0,1.0,2048.0,1.2634305953979492,0.5329562425613403,0.0044042752124369144,0.22261162102222443,6714.325689757268,6714.325689757268,6714.325689757268,0.0,761856
6087.403154985473,0.33643245697021484,,,,,0.0,2048.0,1.309158444404602,0.5867941379547119,0.004979061894118786,0.22713303565979004,,,,,763904
6041.667845000147,0.33897924423217773,,,,,0.0,2048.0,1.36958646774292,0.5656248331069946,0.005343845579773188,0.2046501785516739,,,,,765952
6109.436264723391,0.335219144821167,43.0,43.0,43.0,0.0,1.0,2048.0,1.3268659114837646,0.5817896127700806,0.016309501603245735,0.21901430189609528,6733.787990711898,6733.787990711898,6733.787990711898,0.0,768000
6108.115601412202,0.33529162406921387,,,,,0.0,2048.0,1.1032003164291382,0.5888559222221375,0.006186945363879204,0.20438899099826813,,,,,770048
6028.684257364315,0.3397092819213867,,,,,0.0,2048.0,1.055256962776184,0.5777744650840759,0.015411242842674255,0.16325567662715912,,,,,772096
6097.7915689403535,0.3358592987060547,,,,,0.0,2048.0,1.294257640838623,0.585209846496582,0.021004894748330116,0.17120304703712463,,,,,774144
6060.735232754467,0.33791279792785645,,,,,0.0,2048.0,1.0856220722198486,0.5672916173934937,0.023511262610554695,0.1500762552022934,,,,,776192
5989.16405693305,0.3419508934020996,,,,,0.0,2048.0,0.9602299332618713,0.5465047955513,0.02040785737335682,0.1648060381412506,,,,,778240
6001.562648337192,0.3412444591522217,,,,,0.0,2048.0,1.0132933855056763,0.5715832114219666,0.019413134083151817,0.16381686925888062,,,,,780288
6087.618859714397,0.33642053604125977,,,,,0.0,2048.0,1.109127163887024,0.5661699175834656,0.05101868882775307,0.15881070494651794,,,,,782336
6112.248920564352,0.3350648880004883,,,,,0.0,2048.0,0.9920943975448608,0.5847029685974121,0.02367286942899227,0.17522753775119781,,,,,784384
6068.986741388544,0.33745336532592773,,,,,0.0,2048.0,1.1851234436035156,0.5828984379768372,0.042944636195898056,0.15892508625984192,,,,,786432
6106.864973272487,0.3353602886199951,,,,,0.0,2048.0,1.238876223564148,0.5246173739433289,0.056877251714468,0.18725039064884186,,,,,788480
6174.176788368596,0.33170413970947266,,,,,0.0,2048.0,1.3224869966506958,0.5957270860671997,0.03825223073363304,0.1929851472377777,,,,,790528
5986.254918836497,0.3421170711517334,,,,,0.0,2048.0,1.305069923400879,0.5851560831069946,0.10934312641620636,0.18868786096572876,,,,,792576
5881.112032956387,0.3482334613800049,85.0,73.0,61.0,12.0,2.0,2048.0,1.2600246667861938,0.524233341217041,0.16671311855316162,0.19818495213985443,6506.369018666843,6444.306902346781,6382.244786026718,62.06211632006216,794624
5814.578248302658,0.3522181510925293,166.0,132.5,99.0,33.5,2.0,2048.0,1.354077935218811,0.5653982162475586,0.006338803563266993,0.23860524594783783,7300.5367760478,3760.5176478997796,220.49851975175858,3540.0191281480206,796672
6037.332358731322,0.33922266960144043,153.0,153.0,153.0,0.0,1.0,2048.0,1.1418029069900513,0.5638743042945862,0.09889959543943405,0.2115585058927536,7174.706907029406,7174.706907029406,7174.706907029406,0.0,798720
6077.57893448405,0.3369762897491455,169.0,169.0,169.0,0.0,1.0,2048.0,1.4439502954483032,0.5371413826942444,0.005492443218827248,0.2509186565876007,7344.525393720866,7344.525393720866,7344.525393720866,0.0,800768
5831.90844852402,0.35117149353027344,,,,,0.0,2048.0,1.4404147863388062,0.5794376134872437,0.005746013484895229,0.24102437496185303,,,,,802816
5885.350977188096,0.34798264503479004,142.0,102.5,63.0,39.5,2.0,2048.0,1.4493907690048218,0.5539178848266602,0.005595484748482704,0.23958590626716614,7566.857373549223,7560.589136366413,7554.320899183604,6.268237182809571,804864
5912.508383229823,0.34638428688049316,216.0,216.0,216.0,0.0,1.0,2048.0,1.4494229555130005,0.6385418772697449,0.006514575332403183,0.24864687025547028,6784.889931371253,6784.889931371253,6784.889931371253,0.0,806912
6059.486831626106,0.3379824161529541,,,,,0.0,2048.0,1.3787140846252441,0.5966678857803345,0.005830050446093082,0.2181122899055481,,,,,808960
6088.309217586063,0.3363823890686035,,,,,0.0,2048.0,1.4005290269851685,0.63590407371521,0.006283500697463751,0.2230861783027649,,,,,811008
6088.201338847485,0.33638834953308105,,,,,0.0,2048.0,1.4225808382034302,0.6227648854255676,0.019199218600988388,0.19247546792030334,,,,,813056
6076.5728943170525,0.3370320796966553,,,,,0.0,2048.0,1.3488616943359375,0.6082682609558105,0.03224440664052963,0.19421729445457458,,,,,815104
6079.062806609315,0.33689403533935547,,,,,0.0,2048.0,1.1642893552780151,0.595647931098938,0.035515397787094116,0.18473297357559204,,,,,817152
6036.16568592867,0.33928823471069336,,,,,0.0,2048.0,1.1109927892684937,0.6019113063812256,0.02433774434030056,0.1604953408241272,,,,,819200
5987.974182502853,0.34201884269714355,,,,,0.0,2048.0,1.1027613878250122,0.5917729735374451,0.02442799136042595,0.17171820998191833,,,,,821248
5864.369276478785,0.3492276668548584,,,,,0.0,2048.0,1.0557502508163452,0.5596897602081299,0.023317497223615646,0.1736844927072525,,,,,823296
5943.941487366779,0.34455251693725586,,,,,0.0,2048.0,0.9601221680641174,0.5701366662979126,0.021506771445274353,0.18058335781097412,,,,,825344
6065.0273260157055,0.3376736640930176,,,,,0.0,2048.0,0.9759337902069092,0.6069014668464661,0.03462887927889824,0.1852942854166031,,,,,827392
5910.50274197122,0.34650182723999023,,,,,0.0,2048.0,0.9683982729911804,0.5688949823379517,0.021412692964076996,0.1827005296945572,,,,,829440
6035.198749952575,0.3393425941467285,,,,,0.0,2048.0,1.1263148784637451,0.6057639718055725,0.03486958146095276,0.18463407456874847,,,,,831488
5909.051230282089,0.3465869426727295,,,,,0.0,2048.0,1.1578315496444702,0.5911356806755066,0.05565056949853897,0.21157041192054749,,,,,833536
5905.9594898972255,0.3467683792114258,65.0,65.0,65.0,0.0,1.0,2048.0,1.191406488418579,0.586947500705719,0.07856208086013794,0.20563627779483795,6669.2128394998035,6669.2128394998035,6669.2128394998035,0.0,835584
5855.921815008726,0.3497314453125,188.0,145.5,103.0,42.5,2.0,2048.0,1.1909894943237305,0.5934489369392395,0.008025825954973698,0.18955963850021362,6720.563514807111,6711.345962358066,6702.128409909022,9.217552449044433,837632
5878.065541956295,0.34841394424438477,120.0,120.0,120.0,0.0,1.0,2048.0,1.2014765739440918,0.5596269369125366,0.007690764497965574,0.2037472128868103,6726.202366136021,6726.202366136021,6726.202366136021,0.0,839680
5804.782523079086,0.3528125286102295,,,,,0.0,2048.0,1.2348698377609253,0.5802516937255859,0.007747819647192955,0.19632287323474884,,,,,841728
5763.981345762334,0.35530996322631836,218.0,186.5,155.0,31.5,2.0,2048.0,1.2574217319488525,0.6182111501693726,0.026773812249302864,0.207037091255188,6660.891834655525,6081.628737980655,5502.365641305786,579.2630966748693,843776
5569.214774934582,0.3677358627319336,121.0,121.0,121.0,0.0,1.0,2048.0,1.2493902444839478,0.5765061378479004,0.036272600293159485,0.21671055257320404,6763.574265647847,6763.574265647847,6763.574265647847,0.0,845824
5675.779429206502,0.36083149909973145,114.0,114.0,114.0,0.0,1.0,2048.0,1.241733193397522,0.5755761861801147,0.00631545577198267,0.191619873046875,6852.227092528437,6852.227092528437,6852.227092528437,0.0,847872
5757.116588865692,0.35573363304138184,,,,,0.0,2048.0,1.0852150917053223,0.6072614192962646,0.006646363064646721,0.18972373008728027,,,,,849920
5896.060105951428,0.3473505973815918,,,,,0.0,2048.0,1.2656842470169067,0.6302471160888672,0.006064139772206545,0.2072293609380722,,,,,851968
5845.978454785198,0.3503262996673584,,,,,0.0,2048.0,1.271797776222229,0.6232492923736572,0.01919485814869404,0.25585469603538513,,,,,854016
6050.860434679091,0.33846426010131836,,,,,0.0,2048.0,1.2338919639587402,0.5692886114120483,0.024462580680847168,0.19900953769683838,,,,,856064
6114.668048587423,0.3349323272705078,,,,,0.0,2048.0,0.9873155355453491,0.5608142614364624,0.034254297614097595,0.16394641995429993,,,,,858112
6092.420086556997,0.33615541458129883,,,,,0.0,2048.0,1.0544461011886597,0.577825665473938,0.015245147980749607,0.17515897750854492,,,,,860160
6166.367265600885,0.3321242332458496,,,,,0.0,2048.0,1.070181131362915,0.5947110652923584,0.03526923060417175,0.20942987501621246,,,,,862208
6203.964350406041,0.3301115036010742,,,,,0.0,2048.0,0.9751311540603638,0.5634589195251465,0.02925964631140232,0.1927812397480011,,,,,864256
6212.947760211661,0.3296341896057129,,,,,0.0,2048.0,0.9802826642990112,0.5566773414611816,0.028580185025930405,0.1939777135848999,,,,,866304
6012.219521174513,0.340639591217041,,,,,0.0,2048.0,0.9707249999046326,0.5412260293960571,0.051546353846788406,0.2320108860731125,,,,,868352
5919.957017614591,0.3459484577178955,,,,,0.0,2048.0,0.9533976316452026,0.5366933345794678,0.03931565210223198,0.23850639164447784,,,,,870400
6017.201757120351,0.34035754203796387,,,,,0.0,2048.0,0.9978110194206238,0.5395766496658325,0.06925607472658157,0.23328211903572083,,,,,872448
5936.141141641276,0.3450052738189697,38.0,38.0,38.0,0.0,1.0,2048.0,0.9925302267074585,0.5711277723312378,0.07721532881259918,0.21244502067565918,6114.280661656449,6114.280661656449,6114.280661656449,0.0,874496
5776.42741853595,0.35454440116882324,231.0,182.0,133.0,49.0,2.0,2048.0,0.975123941898346,0.5675537586212158,0.0041419873014092445,0.20474234223365784,6585.136498454768,6532.855602361092,6480.574706267415,52.28089609367635,876544
5809.414970550302,0.35253119468688965,164.0,133.0,102.0,31.0,2.0,2048.0,0.9623751640319824,0.4978076219558716,0.004661045968532562,0.24101608991622925,6536.170834391977,3367.382278470736,198.59372254949477,3168.788555921241,878592
5918.586495736036,0.34602856636047363,200.0,195.0,190.0,5.0,2.0,2048.0,0.9954991936683655,0.5529704093933105,0.004262187052518129,0.19670788943767548,278.1856700907004,252.5832297615918,226.98078943248322,25.60244032910859,880640
5885.10501601117,0.34799718856811523,246.0,246.0,246.0,0.0,1.0,2048.0,1.3269944190979004,0.5727941989898682,0.01784287951886654,0.21288403868675232,6578.629791183784,6578.629791183784,6578.629791183784,0.0,882688
5791.679061673423,0.3536107540130615,255.0,161.0,67.0,94.0,2.0,2048.0,1.0920114517211914,0.5410659909248352,0.004464851692318916,0.20276345312595367,6838.799907008704,6780.782250667813,6722.764594326923,58.01765634089088,884736
5729.285269221765,0.35746169090270996,182.0,182.0,182.0,0.0,1.0,2048.0,1.2259540557861328,0.5432912111282349,0.00425831601023674,0.23757000267505646,6783.601092777528,6783.601092777528,6783.601092777528,0.0,886784
5996.112334076047,0.3415546417236328,,,,,0.0,2048.0,1.170802116394043,0.561378002166748,0.004128291737288237,0.2286619395017624,,,,,888832
6012.463597370454,0.3406257629394531,,,,,0.0,2048.0,1.1523152589797974,0.5335281491279602,0.004643899854272604,0.22385819256305695,,,,,890880
5825.714582573181,0.3515448570251465,,,,,0.0,2048.0,1.246917486190796,0.5478817224502563,0.013957432471215725,0.2503192722797394,,,,,892928
5895.4247943277205,0.34738802909851074,,,,,0.0,2048.0,1.196420431137085,0.5547274351119995,0.023407932370901108,0.22914251685142517,,,,,894976
5945.311433564619,0.34447312355041504,,,,,0.0,2048.0,1.2357401847839355,0.5713286399841309,0.02333507500588894,0.24838316440582275,,,,,897024
5894.591408378893,0.34743714332580566,,,,,0.0,2048.0,1.269167184829712,0.5773617029190063,0.03123900294303894,0.18716557323932648,,,,,899072
5992.36026986057,0.3417685031890869,,,,,0.0,2048.0,1.1406654119491577,0.5927753448486328,0.027516108006238937,0.2037872076034546,,,,,901120
5792.940645846989,0.3535337448120117,,,,,0.0,2048.0,1.0093971490859985,0.5075500011444092,0.029365358874201775,0.2105242908000946,,,,,903168
6040.741625879044,0.3390312194824219,,,,,0.0,2048.0,0.985653817653656,0.5070538520812988,0.019656892865896225,0.19128112494945526,,,,,905216
6078.735862408641,0.3369121551513672,,,,,0.0,2048.0,0.9918832778930664,0.5255632400512695,0.031442198902368546,0.19965708255767822,,,,,907264
5800.149624742992,0.35309433937072754,,,,,0.0,2048.0,0.9830204248428345,0.4819414019584656,0.027766386047005653,0.2144280970096588,,,,,909312
5686.977247283438,0.3601210117340088,,,,,0.0,2048.0,0.9605671167373657,0.46752217411994934,0.036563072353601456,0.2171013057231903,,,,,911360
5952.455245026128,0.34405970573425293,,,,,0.0,2048.0,1.1548209190368652,0.54352205991745,0.04620509594678879,0.16911672055721283,,,,,913408
6020.681156596376,0.3401608467102051,227.0,227.0,227.0,0.0,1.0,2048.0,1.168716549873352,0.5250189304351807,0.07493554055690765,0.20102539658546448,6357.911848539572,6357.911848539572,6357.911848539572,0.0,915456
6045.230911281515,0.3387794494628906,77.0,77.0,77.0,0.0,1.0,2048.0,1.08567214012146,0.47954171895980835,0.09155352413654327,0.19461855292320251,6404.134727962856,6404.134727962856,6404.134727962856,0.0,917504
5803.821627406679,0.3528709411621094,195.0,175.0,155.0,20.0,2.0,2048.0,1.2721917629241943,0.5776650309562683,0.004258701577782631,0.19624441862106323,6633.098238859453,6575.481781749782,6517.865324640113,57.61645710967014,919552
5958.297559229674,0.3437223434448242,230.0,159.33333333333334,71.0,66.1026138330063,3.0,2048.0,1.2990543842315674,0.5640945434570312,0.14371156692504883,0.16227097809314728,6407.34885302186,2355.499889580203,270.35578934289344,2865.497860189355,921600
6066.616470388824,0.3375852108001709,252.0,149.5,47.0,102.5,2.0,2048.0,1.2135001420974731,0.5587899684906006,0.004178827628493309,0.17639417946338654,6558.979592116531,6518.8818479278725,6478.7841037392145,40.09774418865845,923648
5998.607943641986,0.3414125442504883,205.0,97.5,12.0,72.1959140118054,4.0,2048.0,1.2973644733428955,0.5503953695297241,0.004521471448242664,0.1756393015384674,6664.248543098453,2025.427095639814,464.4891868531448,2678.2406282522265,925696
5924.378826564041,0.3456902503967285,176.0,114.66666666666667,53.0,50.215092905973556,3.0,2048.0,1.0404415130615234,0.554563581943512,0.004207215737551451,0.17970573902130127,473.09808052559185,466.8160882336835,457.3565784809273,6.80789661917392,927744
5929.367914903604,0.3453993797302246,236.0,168.75,130.0,43.135687081580144,4.0,2048.0,1.0486645698547363,0.5562177896499634,0.00453898636624217,0.17504066228866577,474.6091409114602,447.155348380467,413.59277203483526,24.153153343231068,929792
5982.773515125597,0.3423161506652832,246.0,169.33333333333334,88.0,64.58758050550861,3.0,2048.0,1.0592772960662842,0.5405999422073364,0.005114953964948654,0.16972695291042328,495.87358491288086,470.5223317709859,448.10065233635805,19.61292215725781,931840
6082.213597072585,0.3367195129394531,255.0,154.0,53.0,101.0,2.0,2048.0,1.0854665040969849,0.5435631275177002,0.004399082623422146,0.18758875131607056,469.898338346102,464.6326914357296,459.36704452535724,5.265646910372368,933888
6105.493345388043,0.3354356288909912,220.0,131.66666666666666,55.0,67.86424357167444,3.0,2048.0,1.109811782836914,0.5433498620986938,0.004873053636401892,0.19370771944522858,515.1639381466554,506.3183281655375,494.88974518945014,8.47602647219609,935936
6089.478868496738,0.336317777633667,194.0,124.0,54.0,70.0,2.0,2048.0,1.1525615453720093,0.567380428314209,0.004922212101519108,0.22370648384094238,499.9665432870337,491.7399399469543,483.5133366068749,8.226603340079407,937984
6213.680322158992,0.32959532737731934,198.0,167.0,136.0,31.0,2.0,2048.0,1.1538023948669434,0.5302789211273193,0.004545421339571476,0.21571756899356842,485.1767714071916,457.17841601188917,429.18006061658673,27.99835539530244,940032
6142.160707033149,0.3334331512451172,4.0,4.0,4.0,0.0,1.0,2048.0,1.1235723495483398,0.5316227674484253,0.004888171795755625,0.2204446941614151,486.4346987232094,486.4346987232094,486.4346987232094,0.0,942080
5782.337813613437,0.35418200492858887,,,,,0.0,2048.0,1.0484541654586792,0.5595786571502686,0.005284169688820839,0.2104538530111313,,,,,944128
6130.780457863589,0.33405208587646484,26.0,26.0,26.0,0.0,1.0,2048.0,1.154974341392517,0.5486910343170166,0.008124113082885742,0.2458241730928421,453.0205358769363,453.0205358769363,453.0205358769363,0.0,946176
6093.353577513864,0.3361039161682129,,,,,0.0,2048.0,1.1639931201934814,0.49583396315574646,0.0048657008446753025,0.2238728255033493,,,,,948224
5989.222519090356,0.3419475555419922,,,,,0.0,2048.0,1.226873755455017,0.5307610034942627,0.006840559188276529,0.25075194239616394,,,,,950272
5878.479872383321,0.3483893871307373,,,,,0.0,2048.0,1.0014598369598389,0.5394734144210815,0.0425044521689415,0.20339404046535492,,,,,952320
5881.43417159814,0.34821438789367676,,,,,0.0,2048.0,1.2109147310256958,0.5617963075637817,0.03276323527097702,0.2217319756746292,,,,,954368
6084.492636574525,0.3365933895111084,,,,,0.0,2048.0,1.0024855136871338,0.5032640099525452,0.018520720303058624,0.1921703815460205,,,,,956416
6020.854177165859,0.3401510715484619,,,,,0.0,2048.0,0.996361494064331,0.507811963558197,0.019123414531350136,0.17314894497394562,,,,,958464
5864.549444877594,0.34921693801879883,,,,,0.0,2048.0,1.0019688606262207,0.48564743995666504,0.025572489947080612,0.19310711324214935,,,,,960512
6000.531314419757,0.34130311012268066,,,,,0.0,2048.0,0.9599827527999878,0.49526751041412354,0.05609878525137901,0.16656798124313354,,,,,962560
6060.162272486442,0.33794474601745605,,,,,0.0,2048.0,1.266772747039795,0.4969584345817566,0.04036116972565651,0.20121538639068604,,,,,964608
5987.014277639272,0.3420736789703369,,,,,0.0,2048.0,1.160374402999878,0.5142685174942017,0.04913330078125,0.210860013961792,,,,,966656
5957.152966844273,0.34378838539123535,84.0,84.0,84.0,0.0,1.0,2048.0,1.1959351301193237,0.521281361579895,0.029343200847506523,0.2254287749528885,6248.850990101492,6248.850990101492,6248.850990101492,0.0,968704
5983.544494853346,0.3422720432281494,245.0,245.0,245.0,0.0,1.0,2048.0,1.2149806022644043,0.5178073644638062,0.0031559504568576813,0.21866658329963684,6543.040144313964,6543.040144313964,6543.040144313964,0.0,970752
6329.294239266827,0.3235747814178467,191.0,191.0,191.0,0.0,1.0,2048.0,1.1791274547576904,0.5132692456245422,0.02361159957945347,0.22327829897403717,463.06698134979746,463.06698134979746,463.06698134979746,0.0,972800
6215.011060488652,0.3295247554779053,209.0,209.0,209.0,0.0,1.0,2048.0,1.2269974946975708,0.5767899751663208,0.002870911965146661,0.22925275564193726,6675.463828220647,6675.463828220647,6675.463828220647,0.0,974848
6212.610749851193,0.3296520709991455,216.0,124.66666666666667,71.0,64.91190611556216,3.0,2048.0,1.2375543117523193,0.5294013619422913,0.003221208695322275,0.20681150257587433,6661.836579221978,4585.757344897476,482.2878895666598,2901.6591613683386,976896
6182.7492008789795,0.33124423027038574,228.0,143.0,58.0,85.0,2.0,2048.0,1.1538015604019165,0.5439997911453247,0.0026676722336560488,0.22611162066459656,6698.627585014531,3604.06091129645,509.49423757836826,3094.566673718082,978944
5789.742837750489,0.3537290096282959,210.0,135.0,51.0,72.5293044224195,4.0,2048.0,1.2236441373825073,0.5141374468803406,0.0027508928906172514,0.20523865520954132,6765.791771677432,2073.711727336495,499.5686659101955,2708.984510778666,980992
5986.776435757009,0.3420872688293457,176.0,131.5,87.0,44.5,2.0,2048.0,1.1760032176971436,0.5191620588302612,0.003047033678740263,0.23293425142765045,541.9426695645474,531.8899822954111,521.8372950262748,10.0526872691363,983040
6188.5308805719715,0.3309347629547119,197.0,122.75,55.0,54.73744148204225,4.0,2048.0,1.2582879066467285,0.520506739616394,0.002724667079746723,0.22400568425655365,6701.632557898573,2052.449685362633,468.7353480877647,2684.289470954735,985088
6228.286636779364,0.32882237434387207,206.0,138.0,70.0,68.0,2.0,2048.0,1.1528884172439575,0.5528368949890137,0.0027380448300391436,0.23058411478996277,477.8463427556935,473.9110219049164,469.97570105413934,3.9353208507770887,987136
5824.821790288544,0.35159873962402344,214.0,143.33333333333334,33.0,79.03726266065196,3.0,2048.0,1.164243459701538,0.5458974838256836,0.0027218125760555267,0.22575277090072632,495.5691193304575,478.8990585492258,460.14312559331995,14.537615694300008,989184
5884.073009640637,0.34805822372436523,188.0,92.0,18.0,71.12430433168866,3.0,2048.0,1.1207085847854614,0.5053483247756958,0.002526456955820322,0.24331116676330566,518.6025943028442,512.6177875889354,508.7900839248177,4.286502860163391,991232
5888.380807708285,0.34780359268188477,175.0,125.5,76.0,49.5,2.0,2048.0,1.1593719720840454,0.5263146162033081,0.002423433354124427,0.2194911688566208,522.1811853201875,505.22191115593785,488.26263699168817,16.959274164249678,993280
5937.930247106879,0.34490132331848145,204.0,147.66666666666666,76.0,53.36873824836242,3.0,2048.0,1.1201603412628174,0.5513380169868469,0.001947890967130661,0.2180345058441162,526.9527296668109,513.933784725717,504.86423619795954,9.440115993395017,995328
5952.719243645476,0.34404444694519043,201.0,201.0,201.0,0.0,1.0,2048.0,1.2013334035873413,0.5810540914535522,0.0024526759516447783,0.2212696373462677,512.2983324676179,512.2983324676179,512.2983324676179,0.0,997376
6038.741452022572,0.3391435146331787,197.0,197.0,197.0,0.0,1.0,2048.0,1.235137701034546,0.5258690118789673,0.002381651196628809,0.23118741810321808,467.9917858475108,467.9917858475108,467.9917858475108,0.0,999424
5811.977766816805,0.35237574577331543,,,,,0.0,2048.0,1.2492948770523071,0.5213558673858643,0.0023389565758407116,0.24808551371097565,,,,,1001472
5878.765512804719,0.3483724594116211,,,,,0.0,2048.0,1.2337263822555542,0.5343365669250488,0.0024980127345770597,0.22763583064079285,,,,,1003520
5853.966342503935,0.34984827041625977,,,,,0.0,2048.0,1.330665111541748,0.5355297923088074,0.003611292690038681,0.2398490160703659,,,,,1005568
5797.82420782152,0.35323596000671387,,,,,0.0,2048.0,1.024771809577942,0.53688645362854,0.00656640762463212,0.2165323793888092,,,,,1007616
6006.665835936358,0.3409545421600342,,,,,0.0,2048.0,1.0397460460662842,0.5505364537239075,0.011372959241271019,0.20623958110809326,,,,,1009664
5982.048558726197,0.3423576354980469,,,,,0.0,2048.0,0.9977121353149414,0.5188173055648804,0.008948379196226597,0.20520702004432678,,,,,1011712
6105.436930853801,0.33543872833251953,,,,,0.0,2048.0,0.9978120923042297,0.5211419463157654,0.03647475317120552,0.19271455705165863,,,,,1013760
6078.0519744620815,0.33695006370544434,,,,,0.0,2048.0,1.013779640197754,0.49648022651672363,0.03444643318653107,0.17814061045646667,,,,,1015808
5833.861096000005,0.35105395317077637,,,,,0.0,2048.0,1.0083937644958496,0.4891865849494934,0.02531866356730461,0.18325690925121307,,,,,1017856
5928.377608091918,0.3454570770263672,197.0,197.0,197.0,0.0,1.0,2048.0,1.0512192249298096,0.5286943912506104,0.04753125458955765,0.19227465987205505,6598.811051104407,6598.811051104407,6598.811051104407,0.0,1019904
5838.627396897144,0.3507673740386963,,,,,0.0,2048.0,1.1382962465286255,0.5503116846084595,0.057826295495033264,0.18637646734714508,,,,,1021952
6019.592621142596,0.3402223587036133,,,,,0.0,2048.0,1.1494405269622803,0.5196484327316284,0.0018834895454347134,0.22550497949123383,,,,,1024000
5569.2292179938695,0.3677349090576172,72.0,72.0,72.0,0.0,1.0,2048.0,1.2710890769958496,0.5202003717422485,0.05852464959025383,0.22381605207920074,454.1398102210988,454.1398102210988,454.1398102210988,0.0,1026048
5515.309493403088,0.37133002281188965,243.0,243.0,243.0,0.0,1.0,2048.0,1.2186393737792969,0.5637948513031006,0.002025475725531578,0.1985785961151123,6605.3823981403175,6605.3823981403175,6605.3823981403175,0.0,1028096
5788.650379701967,0.35379576683044434,249.0,249.0,249.0,0.0,1.0,2048.0,1.2613461017608643,0.5407480001449585,0.09480257332324982,0.22165821492671967,6533.441304207984,6533.441304207984,6533.441304207984,0.0,1030144
6066.123789414216,0.3376126289367676,196.0,196.0,196.0,0.0,1.0,2048.0,1.125286340713501,0.6147957444190979,0.002167000202462077,0.22348546981811523,6483.690659301916,6483.690659301916,6483.690659301916,0.0,1032192
6093.124500008867,0.3361165523529053,211.0,208.0,205.0,3.0,2.0,2048.0,1.2632273435592651,0.6408138871192932,0.0019591229502111673,0.24625146389007568,6665.002206831642,6617.918286410801,6570.834365989958,47.08392042084188,1034240
5644.343583469241,0.3628411293029785,162.0,162.0,162.0,0.0,1.0,2048.0,1.307915210723877,0.6761600971221924,0.0016058561159297824,0.25659826397895813,496.7108955763647,496.7108955763647,496.7108955763647,0.0,1036288
5709.016454587386,0.3587307929992676,28.0,28.0,28.0,0.0,1.0,2048.0,1.3850700855255127,0.7042340040206909,0.0017390885623171926,0.26489096879959106,6851.962342450725,6851.962342450725,6851.962342450725,0.0,1038336
5687.093966867626,0.36011362075805664,1.0,1.0,1.0,0.0,1.0,2048.0,1.3368775844573975,0.7635705471038818,0.0018756312783807516,0.27071061730384827,6793.216733058,6793.216733058,6793.216733058,0.0,1040384
5779.801084511562,0.3543374538421631,,,,,0.0,2048.0,1.3512730598449707,0.8351668119430542,0.002042327309027314,0.23131638765335083,,,,,1042432
5618.868153792013,0.3644862174987793,,,,,0.0,2048.0,1.3182793855667114,0.8001992702484131,0.14311252534389496,0.1677791178226471,,,,,1044480
6114.106605491919,0.3349630832672119,,,,,0.0,2048.0,0.9995787143707275,0.7687914371490479,0.004340251907706261,0.2598852813243866,,,,,1046528
6075.03867969097,0.33711719512939453,,,,,0.0,2048.0,1.0073617696762085,0.6804840564727783,0.005479658022522926,0.24895696341991425,,,,,1048576
6008.9516517048,0.34082484245300293,,,,,0.0,2048.0,0.999240517616272,0.6245254278182983,0.004277663305401802,0.257565438747406,,,,,1050624
6164.473268659694,0.3322262763977051,,,,,0.0,2048.0,1.0002882480621338,0.5458217859268188,0.004118745680898428,0.24128210544586182,,,,,1052672
6127.268830795502,0.3342435359954834,,,,,0.0,2048.0,1.0005842447280884,0.5754428505897522,0.009072459302842617,0.2406807243824005,,,,,1054720
6197.371249894485,0.3304626941680908,,,,,0.0,2048.0,1.0007203817367554,0.5429456233978271,0.010566591285169125,0.22169068455696106,,,,,1056768
6163.89821955987,0.3322572708129883,,,,,0.0,2048.0,0.999563992023468,0.5118137001991272,0.023719435557723045,0.24084512889385223,,,,,1058816
6099.146746304094,0.3357846736907959,,,,,0.0,2048.0,1.0031464099884033,0.566699206829071,0.02047928236424923,0.20557737350463867,,,,,1060864
6045.367054398865,0.3387718200683594,,,,,0.0,2048.0,1.001783013343811,0.5027179718017578,0.021949533373117447,0.20823699235916138,,,,,1062912
6160.900855360454,0.33241891860961914,,,,,0.0,2048.0,1.0505645275115967,0.47909945249557495,0.015626264736056328,0.21682098507881165,,,,,1064960
6175.583893321907,0.33162856101989746,,,,,0.0,2048.0,0.9955651164054871,0.5104560256004333,0.017550881952047348,0.195912167429924,,,,,1067008
6181.934933020132,0.33128786087036133,,,,,0.0,2048.0,0.995928168296814,0.5255916118621826,0.02087835967540741,0.21447578072547913,,,,,1069056
5849.22675357272,0.3501317501068115,,,,,0.0,2048.0,1.003517746925354,0.4968746304512024,0.022181980311870575,0.22345679998397827,,,,,1071104
5786.755163152034,0.3539116382598877,,,,,0.0,2048.0,1.0960564613342285,0.5132664442062378,0.020023902878165245,0.208609938621521,,,,,1073152
5968.166704185113,0.3431539535522461,246.0,246.0,246.0,0.0,1.0,2048.0,1.1104915142059326,0.562386155128479,0.03700234368443489,0.2106771618127823,6731.8781349052815,6731.8781349052815,6731.8781349052815,0.0,1075200
5891.252138595677,0.34763407707214355,,,,,0.0,2048.0,1.0828582048416138,0.5415664911270142,0.0872117206454277,0.18794329464435577,,,,,1077248
6012.303683141484,0.340634822845459,147.0,144.5,142.0,2.5,2.0,2048.0,1.2108540534973145,0.5754832029342651,0.0009718969813548028,0.17516063153743744,6839.585153945048,6826.1877634955545,6812.79037304606,13.397390449493741,1079296
5877.1646754398325,0.3484673500061035,128.0,117.0,106.0,11.0,2.0,2048.0,1.2647825479507446,0.5873178243637085,0.14248935878276825,0.21699775755405426,6896.2729514099665,6864.1515043625695,6832.0300573151735,32.12144704739649,1081344
6000.82055523731,0.34128665924072266,,,,,0.0,2048.0,1.2000434398651123,0.6074821949005127,0.0008204142795875669,0.24197447299957275,,,,,1083392
5608.59210991096,0.3651540279388428,177.0,134.0,65.0,49.28150430604434,3.0,2048.0,1.27383553981781,0.690147876739502,0.006297347601503134,0.2514740228652954,6827.274224153919,6792.749632918111,6726.922196059017,46.56560600397784,1085440
5890.690575234772,0.34766721725463867,,,,,0.0,2048.0,1.2394403219223022,0.7976144552230835,0.0009347299346700311,0.24129009246826172,,,,,1087488
5701.740665070964,0.3591885566711426,,,,,0.0,2048.0,1.2524303197860718,0.8210086822509766,0.0010353545658290386,0.30629631876945496,,,,,1089536
5717.59688172272,0.35819244384765625,,,,,0.0,2048.0,1.3008126020431519,0.8358087539672852,0.0018646959215402603,0.3186897933483124,,,,,1091584
5827.192636651761,0.3514556884765625,,,,,0.0,2048.0,1.1136338710784912,0.6623961925506592,0.0019860435277223587,0.3410763144493103,,,,,1093632
5963.530264625861,0.34342074394226074,,,,,0.0,2048.0,1.0314687490463257,0.5317304134368896,0.019371192902326584,0.20144152641296387,,,,,1095680
5981.2779644281845,0.34240174293518066,,,,,0.0,2048.0,1.0452938079833984,0.5849226713180542,0.021773479878902435,0.2225690335035324,,,,,1097728
5852.279300964101,0.3499491214752197,,,,,0.0,2048.0,1.012180209159851,0.6215276718139648,0.15788908302783966,0.17845475673675537,,,,,1099776
5981.798614496258,0.34237194061279297,,,,,0.0,2048.0,1.0192002058029175,0.5790653824806213,0.0723148062825203,0.19200652837753296,,,,,1101824
5688.2275255359655,0.36004185676574707,,,,,0.0,2048.0,1.0146629810333252,0.5479708909988403,0.01835676282644272,0.2038230150938034,,,,,1103872
5927.57987422946,0.345503568649292,,,,,0.0,2048.0,0.9961349368095398,0.5339158773422241,0.019087426364421844,0.1799038052558899,,,,,1105920
5889.224551191737,0.34775376319885254,,,,,0.0,2048.0,0.9788004159927368,0.489924818277359,0.016599604859948158,0.21955455839633942,,,,,1107968
5826.892222701582,0.3514738082885742,,,,,0.0,2048.0,0.943767786026001,0.5102813243865967,0.10177252441644669,0.20898057520389557,,,,,1110016
5876.513327951619,0.34850597381591797,,,,,0.0,2048.0,1.0225791931152344,0.5331050157546997,0.01725020632147789,0.20454083383083344,,,,,1112064
5874.254833816817,0.34863996505737305,,,,,0.0,2048.0,1.0305153131484985,0.5590393543243408,0.020655838772654533,0.23764798045158386,,,,,1114112
6027.542071721981,0.33977365493774414,,,,,0.0,2048.0,0.9981278777122498,0.5235415101051331,0.02220796048641205,0.20725440979003906,,,,,1116160
5998.042480988016,0.341444730758667,,,,,0.0,2048.0,0.9988764524459839,0.5778744220733643,0.2119235396385193,0.1399686634540558,,,,,1118208
5912.907232731461,0.3463609218597412,,,,,0.0,2048.0,1.1532357931137085,0.5943151712417603,0.04613696411252022,0.1929699182510376,,,,,1120256
5888.3242976457495,0.3478069305419922,246.0,246.0,246.0,0.0,1.0,2048.0,1.1087383031845093,0.5852228403091431,0.16068102419376373,0.18402069807052612,6785.695115968091,6785.695115968091,6785.695115968091,0.0,1122304
5872.997741716036,0.34871459007263184,199.0,150.25,89.0,41.73352968537409,4.0,2048.0,1.2320556640625,0.6219386458396912,0.1553540825843811,0.19362595677375793,6666.551635874616,6612.584902488664,6524.139077002316,54.145344897410666,1124352
6152.913302714179,0.33285045623779297,220.0,220.0,220.0,0.0,1.0,2048.0,1.2630680799484253,0.5909202694892883,0.0008358299965038896,0.21199467778205872,6781.527565363736,6781.527565363736,6781.527565363736,0.0,1126400
6173.728602549,0.3317282199859619,33.0,18.0,3.0,15.0,2.0,2048.0,1.2533831596374512,0.5245220065116882,0.0008046070579439402,0.2202557772397995,6838.65185599021,6753.104913570366,6667.5579711505225,85.54694241984362,1128448
6130.714823952935,0.33405566215515137,,,,,0.0,2048.0,1.1039793491363525,0.7273705005645752,0.0007981481030583382,0.23885779082775116,,,,,1130496
5983.0027045606985,0.3423030376434326,,,,,0.0,2048.0,1.1593188047409058,0.6767858266830444,0.0015423223376274109,0.288173109292984,,,,,1132544
6165.203293205377,0.3321869373321533,,,,,0.0,2048.0,1.1658320426940918,0.5960469245910645,0.001842218916863203,0.2691190242767334,,,,,1134592
6183.835225092596,0.33118605613708496,,,,,0.0,2048.0,1.0829142332077026,0.49686795473098755,0.013447452336549759,0.23161602020263672,,,,,1136640
6298.090829572658,0.3251779079437256,,,,,0.0,2048.0,1.0061379671096802,0.581536591053009,0.018507441505789757,0.22293570637702942,,,,,1138688
6154.906043461563,0.33274269104003906,,,,,0.0,2048.0,1.0018919706344604,0.6356476545333862,0.170828178524971,0.1845870018005371,,,,,1140736
6203.955388959908,0.3301119804382324,,,,,0.0,2048.0,0.9997657537460327,0.599427342414856,0.029582468792796135,0.16653314232826233,,,,,1142784
6202.481583399463,0.33019042015075684,,,,,0.0,2048.0,1.0002015829086304,0.5225585699081421,0.010715487413108349,0.1689392775297165,,,,,1144832
5894.195025920246,0.3474605083465576,,,,,0.0,2048.0,0.9737969040870667,0.5511828660964966,0.012266425415873528,0.16954220831394196,,,,,1146880
6251.6354024293505,0.3275942802429199,,,,,0.0,2048.0,0.9040714502334595,0.5309163928031921,0.013052140362560749,0.1470969319343567,,,,,1148928
6005.6369463445735,0.34101295471191406,,,,,0.0,2048.0,0.8593540787696838,0.5317692756652832,0.04461590200662613,0.08155486732721329,,,,,1150976
6170.180913380487,0.33191895484924316,,,,,0.0,2048.0,0.9886175990104675,0.5452734231948853,0.009327448904514313,0.12120803445577621,,,,,1153024
6189.783962644838,0.3308677673339844,,,,,0.0,2048.0,0.9396010041236877,0.4971337616443634,0.00995765533298254,0.15356358885765076,,,,,1155072
6142.22219425587,0.33342981338500977,,,,,0.0,2048.0,0.9565475583076477,0.499782919883728,0.009323564358055592,0.11159081757068634,,,,,1157120
6084.89347600947,0.33657121658325195,,,,,0.0,2048.0,0.9298575520515442,0.49752694368362427,0.24026672542095184,0.07827325910329819,,,,,1159168
5960.248925204204,0.3436098098754883,,,,,0.0,2048.0,1.0638236999511719,0.5376498699188232,0.22684450447559357,0.15634159743785858,,,,,1161216
6154.9898373823535,0.33273816108703613,250.0,250.0,250.0,0.0,1.0,2048.0,0.9377431869506836,0.5856645107269287,0.23533399403095245,0.12703417241573334,6725.148670304644,6725.148670304644,6725.148670304644,0.0,1163264
6070.226191494128,0.3373844623565674,139.0,113.25,78.0,24.81305100143874,4.0,2048.0,0.9899495840072632,0.5801234245300293,0.16401608288288116,0.14366070926189423,6778.762334754017,6747.612993294448,6713.288253292752,25.504186222242122,1165312
6055.147084801606,0.3382246494293213,144.0,97.66666666666667,54.0,36.790699307780976,3.0,2048.0,1.0291579961776733,0.5632036328315735,0.0014689357485622168,0.19871029257774353,6873.635116830233,6838.353024884517,6801.290012336719,29.56160003210862,1167360
5986.371730729695,0.34211039543151855,,,,,0.0,2048.0,1.0152583122253418,0.5109055042266846,0.0012973181437700987,0.21537216007709503,,,,,1169408
5991.78762543439,0.34180116653442383,,,,,0.0,2048.0,0.996995210647583,0.5214493870735168,0.0013930756831541657,0.21745739877223969,,,,,1171456
6078.8950282186015,0.33690333366394043,,,,,0.0,2048.0,1.0256034135818481,0.47994065284729004,0.0023103083949536085,0.20618008077144623,,,,,1173504
6158.537735490582,0.3325464725494385,,,,,0.0,2048.0,0.9987309575080872,0.5177104473114014,0.044705722481012344,0.17929479479789734,,,,,1175552
6282.360687773804,0.3259921073913574,,,,,0.0,2048.0,0.9976195693016052,0.5982468128204346,0.16357067227363586,0.19018398225307465,,,,,1177600
6120.453866104255,0.33461570739746094,,,,,0.0,2048.0,0.998963475227356,0.6436513662338257,0.21823889017105103,0.1750355213880539,,,,,1179648
6187.523431731792,0.33098864555358887,,,,,0.0,2048.0,0.9956421256065369,0.5579758882522583,0.06684263795614243,0.17599324882030487,,,,,1181696
6198.077781778378,0.3304250240325928,,,,,0.0,2048.0,0.9967942833900452,0.48087072372436523,0.01275042723864317,0.17531292140483856,,,,,1183744
6169.821937152092,0.3319382667541504,,,,,0.0,2048.0,0.9263042211532593,0.4889402985572815,0.01647951267659664,0.1171080470085144,,,,,1185792
6196.454787176487,0.33051156997680664,,,,,0.0,2048.0,0.7207490801811218,0.47638362646102905,0.047577936202287674,0.08317307382822037,,,,,1187840
6174.558463234861,0.3316836357116699,,,,,0.0,2048.0,0.970224142074585,0.5310921669006348,0.09140562266111374,0.10166609287261963,,,,,1189888
6151.212558594505,0.33294248580932617,,,,,0.0,2048.0,0.9749398827552795,0.4944957494735718,0.017322752624750137,0.1540272831916809,,,,,1191936
5939.954548974918,0.3447837829589844,,,,,0.0,2048.0,0.9686526656150818,0.5227911472320557,0.031195880845189095,0.1520220935344696,,,,,1193984
6197.8362907362925,0.33043789863586426,,,,,0.0,2048.0,0.9037125706672668,0.4893348217010498,0.21788054704666138,0.09190676361322403,,,,,1196032
6216.643791559195,0.3294382095336914,,,,,0.0,2048.0,0.9079657196998596,0.4852483868598938,0.13703539967536926,0.12743042409420013,,,,,1198080
6251.175900987606,0.3276183605194092,,,,,0.0,2048.0,1.0214309692382812,0.6000078320503235,0.11255479604005814,0.14130602777004242,,,,,1200128
6105.818834213317,0.3354177474975586,221.0,197.0,151.0,32.53715824509981,3.0,2048.0,0.9643802642822266,0.566723644733429,0.1283317655324936,0.1490733027458191,6735.1955511123615,6663.960686833525,6606.703410573522,53.379691957281615,1202176
5989.907446508812,0.34190845489501953,202.0,94.25,10.0,83.81042596240637,4.0,2048.0,0.9925358891487122,0.47903716564178467,0.11353232711553574,0.16307154297828674,6742.312084447146,6677.674082608005,6580.421954114094,60.36540091632771,1204224
6209.6690792270165,0.32980823516845703,2.0,2.0,2.0,0.0,1.0,2048.0,0.9917266368865967,0.49067994952201843,0.0009595719748176634,0.2331387847661972,6762.3595265483655,6762.3595265483655,6762.3595265483655,0.0,1206272
6238.124301564409,0.32830381393432617,247.0,200.75,174.0,28.86498744153546,4.0,2048.0,0.9957706332206726,0.4717535972595215,0.0009543204214423895,0.2259577363729477,530.3362688183869,481.78855491140644,440.18460620856604,34.35274672307325,1208320
6076.959793424241,0.33701062202453613,157.0,101.66666666666667,42.0,47.04843839656695,3.0,2048.0,1.0064623355865479,0.4972974956035614,0.11514530330896378,0.1867527812719345,498.1970015758405,496.2499257298555,494.4469181610708,1.5343507108446623,1210368
6301.352631219882,0.3250095844268799,,,,,0.0,2048.0,1.0026628971099854,0.5018470883369446,0.0009160068002529442,0.23828957974910736,,,,,1212416
6017.4546687467555,0.3403432369232178,241.0,164.0,97.0,52.54997621312497,4.0,2048.0,0.9949561357498169,0.5001178979873657,0.0009283074759878218,0.23194162547588348,551.6432006174806,537.163241197034,523.6421415998137,11.292530422366493,1214464
6025.8253774061395,0.3398704528808594,30.0,30.0,30.0,0.0,1.0,2048.0,1.003688931465149,0.49256646633148193,0.0020032518077641726,0.1972295641899109,509.3242003828857,509.3242003828857,509.3242003828857,0.0,1216512
6001.952635219643,0.34122228622436523,,,,,0.0,2048.0,1.0004136562347412,0.5071556568145752,0.0009034830145537853,0.23547089099884033,,,,,1218560
6072.479083366795,0.33725929260253906,,,,,0.0,2048.0,1.1630213260650635,0.48870784044265747,0.0022210043389350176,0.2171189934015274,,,,,1220608
5947.579608855383,0.3443417549133301,,,,,0.0,2048.0,0.9974979162216187,0.557367205619812,0.002365374006330967,0.20170842111110687,,,,,1222656
6246.116756008389,0.3278837203979492,,,,,0.0,2048.0,1.051847219467163,0.5416337251663208,0.024541841819882393,0.2021106481552124,,,,,1224704
6111.074854478477,0.3351292610168457,,,,,0.0,2048.0,1.0167336463928223,0.6052072048187256,0.016668058931827545,0.16073989868164062,,,,,1226752
6109.310255753748,0.33522605895996094,,,,,0.0,2048.0,1.0046136379241943,0.5993716716766357,0.010997535660862923,0.18133245408535004,,,,,1228800
6102.305390387126,0.33561086654663086,,,,,0.0,2048.0,1.035790205001831,0.5739141702651978,0.010385474190115929,0.17764714360237122,,,,,1230848
5999.257310035458,0.34137558937072754,,,,,0.0,2048.0,0.9741367697715759,0.4965996742248535,0.01160141360014677,0.12685830891132355,,,,,1232896
6079.867411167082,0.3368494510650635,,,,,0.0,2048.0,0.7808903455734253,0.46256712079048157,0.008892172016203403,0.1365521401166916,,,,,1234944
6027.284082305682,0.33978819847106934,,,,,0.0,2048.0,1.1281826496124268,0.513836681842804,0.05867340788245201,0.11541277915239334,,,,,1236992
6057.709175559955,0.33808159828186035,,,,,0.0,2048.0,0.8482338190078735,0.45864051580429077,0.027581796050071716,0.11402628570795059,,,,,1239040
6000.678027291767,0.3412947654724121,59.0,59.0,59.0,0.0,1.0,2048.0,0.9634010195732117,0.4884726405143738,0.17765343189239502,0.1195889562368393,6213.020021574025,6213.020021574025,6213.020021574025,0.0,1241088
6056.479101462662,0.3381502628326416,,,,,0.0,2048.0,1.0057204961776733,0.43840163946151733,0.0010149956215173006,0.16501285135746002,,,,,1243136
6043.134231063354,0.3388969898223877,215.0,215.0,215.0,0.0,1.0,2048.0,0.9830584526062012,0.4895475208759308,0.014230923727154732,0.15613122284412384,546.3626729941958,546.3626729941958,546.3626729941958,0.0,1245184
5960.240654007824,0.3436102867126465,254.0,254.0,254.0,0.0,1.0,2048.0,1.0088926553726196,0.46099960803985596,0.10709290206432343,0.1291796863079071,6468.913480861606,6468.913480861606,6468.913480861606,0.0,1247232
6048.155081791535,0.33861565589904785,133.0,133.0,133.0,0.0,1.0,2048.0,1.0460678339004517,0.5862545967102051,0.0010578202782198787,0.18898905813694,6390.899932398297,6390.899932398297,6390.899932398297,0.0,1249280
6222.840673781575,0.32911014556884766,254.0,193.0,132.0,61.0,2.0,2048.0,1.0523349046707153,0.5626481175422668,0.0009478746796958148,0.17239826917648315,6580.739287885964,3528.626427332594,476.51356677922513,3052.1128605533695,1251328
6039.8581585815855,0.339080810546875,183.0,131.8,76.0,47.105838279347076,5.0,2048.0,1.0571472644805908,0.5293824672698975,0.0007893488509580493,0.16573423147201538,6775.5374580631005,5447.274776863102,525.6544441446109,2461.9113626163803,1253376
5888.881372757375,0.34777402877807617,,,,,0.0,2048.0,1.1788403987884521,0.5617300271987915,0.0007716892287135124,0.22308360040187836,,,,,1255424
5960.554975609418,0.34359216690063477,188.0,188.0,188.0,0.0,1.0,2048.0,1.2449249029159546,0.5560442209243774,0.0008705994696356356,0.24032066762447357,532.8257429831934,532.8257429831934,532.8257429831934,0.0,1257472
5924.137763803726,0.3457043170928955,,,,,0.0,2048.0,1.139177918434143,0.5953969955444336,0.0018137645674869418,0.21963727474212646,,,,,1259520
5852.953203272773,0.34990882873535156,,,,,0.0,2048.0,1.208021879196167,0.5959599018096924,0.0010117825586348772,0.21545806527137756,,,,,1261568
5934.127636527424,0.3451223373413086,,,,,0.0,2048.0,1.3047231435775757,0.5285515785217285,0.002362167928367853,0.25137579441070557,,,,,1263616
6024.612441936391,0.3399388790130615,,,,,0.0,2048.0,1.0805871486663818,0.6013174057006836,0.052275218069553375,0.18363545835018158,,,,,1265664
6245.403770972975,0.32792115211486816,,,,,0.0,2048.0,1.2783939838409424,0.6329503655433655,0.050618186593055725,0.18355022370815277,,,,,1267712
6100.446203810428,0.33571314811706543,,,,,0.0,2048.0,1.0892728567123413,0.6202369332313538,0.012868152000010014,0.19123901426792145,,,,,1269760
5960.414353952777,0.3436002731323242,,,,,0.0,2048.0,1.1464508771896362,0.5402718782424927,0.014069355092942715,0.18486784398555756,,,,,1271808
6153.808112915716,0.33280205726623535,,,,,0.0,2048.0,1.1443718671798706,0.483512818813324,0.01224054116755724,0.18691705167293549,,,,,1273856
6211.087919016631,0.32973289489746094,,,,,0.0,2048.0,0.8978471755981445,0.4520648121833801,0.03163471445441246,0.1265663057565689,,,,,1275904
6080.749709056209,0.33680057525634766,,,,,0.0,2048.0,0.9778149127960205,0.41905760765075684,0.011537093669176102,0.1294272392988205,,,,,1277952
6135.746453882978,0.33378171920776367,,,,,0.0,2048.0,0.9675857424736023,0.5014557242393494,0.08520761132240295,0.1382439136505127,,,,,1280000
5847.116540931149,0.35025811195373535,,,,,0.0,2048.0,0.9876845479011536,0.4152959883213043,0.034535910934209824,0.15245039761066437,,,,,1282048
6219.574062368539,0.3292829990386963,,,,,0.0,2048.0,0.9880762696266174,0.44482386112213135,0.12677863240242004,0.13181111216545105,,,,,1284096
5925.126654512822,0.34564661979675293,,,,,0.0,2048.0,0.9748079776763916,0.43278947472572327,0.04352923855185509,0.12449914962053299,,,,,1286144
6100.7538231208255,0.3356962203979492,133.0,133.0,133.0,0.0,1.0,2048.0,0.9767011404037476,0.5207806825637817,0.1962551772594452,0.1522568166255951,6553.804598118848,6553.804598118848,6553.804598118848,0.0,1288192
5987.940789340687,0.34202075004577637,173.0,173.0,173.0,0.0,1.0,2048.0,1.1047544479370117,0.48629897832870483,0.15543730556964874,0.16216886043548584,6738.3446455733865,6738.3446455733865,6738.3446455733865,0.0,1290240
6155.01188879335,0.3327369689941406,238.0,173.83333333333334,112.0,49.91798829636022,6.0,2048.0,1.1872146129608154,0.5397857427597046,0.0004939583013765514,0.17777901887893677,6871.998424471974,5762.835312158731,452.1112436744782,2375.2304203213394,1292288
6148.174709695151,0.33310699462890625,,,,,0.0,2048.0,1.009629726409912,0.5071367025375366,0.0005475887446664274,0.1869848519563675,,,,,1294336
6119.5033347628905,0.3346676826477051,239.0,173.6,33.0,80.41293428298708,5.0,2048.0,1.1847038269042969,0.5140317678451538,0.0005076995003037155,0.2275240123271942,6814.381405481021,1730.737193324811,382.9278029748325,2542.253008459009,1296384
6171.38223634203,0.33185434341430664,105.0,105.0,105.0,0.0,1.0,2048.0,1.2203656435012817,0.5447561740875244,0.0005538456607609987,0.2110280692577362,482.1659695490886,482.1659695490886,482.1659695490886,0.0,1298432
6163.066799830101,0.3323020935058594,252.0,252.0,252.0,0.0,1.0,2048.0,1.210314393043518,0.5154904127120972,0.0005159685970284045,0.23649370670318604,519.1113839188981,519.1113839188981,519.1113839188981,0.0,1300480
6009.18285124256,0.34081172943115234,237.0,237.0,237.0,0.0,1.0,2048.0,1.3785151243209839,0.5465247631072998,0.0004930496797896922,0.23610103130340576,491.0846229853355,491.0846229853355,491.0846229853355,0.0,1302528
6026.514474619341,0.3398315906524658,,,,,0.0,2048.0,1.1196517944335938,0.5787601470947266,0.0005124517483636737,0.19942466914653778,,,,,1304576
6036.751087185686,0.33925533294677734,,,,,0.0,2048.0,1.3860135078430176,0.5496742129325867,0.0006627910188399255,0.19550371170043945,,,,,1306624
6141.264889999743,0.3334817886352539,,,,,0.0,2048.0,1.4236637353897095,0.6155883073806763,0.0008342604269273579,0.19598665833473206,,,,,1308672
6169.1749990663575,0.3319730758666992,,,,,0.0,2048.0,1.2293087244033813,0.5692844986915588,0.0007663755095563829,0.20968498289585114,,,,,1310720
6134.948900271683,0.33382511138916016,,,,,0.0,2048.0,1.3199191093444824,0.6200437545776367,0.008454553782939911,0.22449788451194763,,,,,1312768
6161.373696974305,0.3323934078216553,,,,,0.0,2048.0,1.077223300933838,0.5300632119178772,0.004995834082365036,0.18620136380195618,,,,,1314816
5945.583029418747,0.34445738792419434,,,,,0.0,2048.0,1.0139740705490112,0.5235337018966675,0.004587881732732058,0.17566224932670593,,,,,1316864
6017.319779900317,0.340350866317749,,,,,0.0,2048.0,1.2516568899154663,0.5342497229576111,0.025493614375591278,0.1766705960035324,,,,,1318912
6048.419119909589,0.33860087394714355,,,,,0.0,2048.0,1.1352242231369019,0.48378050327301025,0.006730314809828997,0.1555498242378235,,,,,1320960
5888.1063404215065,0.34781980514526367,,,,,0.0,2048.0,0.9589387774467468,0.5033844113349915,0.0046522486954927444,0.17493778467178345,,,,,1323008
5692.064639551735,0.3597991466522217,,,,,0.0,2048.0,0.9901396036148071,0.47481510043144226,0.037068888545036316,0.14232328534126282,,,,,1325056
5958.314090861167,0.3437213897705078,,,,,0.0,2048.0,0.9795119166374207,0.5110139846801758,0.0501689538359642,0.13371078670024872,,,,,1327104
5762.492657294103,0.35540175437927246,,,,,0.0,2048.0,0.992661714553833,0.5099887251853943,0.038682352751493454,0.14308428764343262,,,,,1329152
5991.194197076219,0.34183502197265625,104.0,101.5,99.0,2.5,2.0,2048.0,0.9812250733375549,0.5793156027793884,0.05335050821304321,0.16598229110240936,6595.712637417804,6571.573336639706,6547.434035861608,24.139300778098004,1331200
6016.8013571877855,0.3403801918029785,,,,,0.0,2048.0,1.0229674577713013,0.5500248074531555,0.1695476770401001,0.14856456220149994,,,,,1333248
6129.664872471316,0.33411288261413574,253.0,202.75,121.0,50.1715806009737,4.0,2048.0,1.0119810104370117,0.528954267501831,0.0005666482029482722,0.1568765938282013,6714.785255037336,3533.705505794893,454.51429283872034,3056.072338692877,1335296
5727.45927038681,0.3575756549835205,84.0,84.0,84.0,0.0,1.0,2048.0,1.0641953945159912,0.5207407474517822,0.14596307277679443,0.16444502770900726,6378.458410446103,6378.458410446103,6378.458410446103,0.0,1337344
5863.520632036364,0.34927821159362793,236.0,146.0,56.0,90.0,2.0,2048.0,1.0518556833267212,0.5668561458587646,0.0005467001465149224,0.2130022495985031,6839.80885461601,6529.548250100437,6219.2876455848655,310.26060451557214,1339392
5669.500949434135,0.36123108863830566,240.0,123.8,22.0,74.34890718766484,5.0,2048.0,1.0712511539459229,0.5371994376182556,0.0006495908601209521,0.16938462853431702,6758.2333002277865,1738.87254509479,477.3202019999153,2509.687714697936,1341440
5746.083129532015,0.3564167022705078,,,,,0.0,2048.0,1.302718162536621,0.5078165531158447,0.0005432155448943377,0.20447641611099243,,,,,1343488
5822.425246336555,0.3517434597015381,213.0,213.0,213.0,0.0,1.0,2048.0,1.3453842401504517,0.5277893543243408,0.0005818723584525287,0.22118212282657623,535.382120872902,535.382120872902,535.382120872902,0.0,1345536
5453.040389625559,0.37557029724121094,185.0,85.33333333333333,20.0,71.60229667328338,3.0,2048.0,1.334680438041687,0.5835684537887573,0.0017471048049628735,0.20568400621414185,542.505934478696,515.3961978768987,496.8879431006976,19.59148457090188,1347584
5552.464461048099,0.36884522438049316,,,,,0.0,2048.0,1.1731144189834595,0.6479427814483643,0.0006094740238040686,0.31605207920074463,,,,,1349632
5778.898981520165,0.35439276695251465,,,,,0.0,2048.0,1.3671687841415405,0.603922426700592,0.0005783007363788784,0.27006396651268005,,,,,1351680
5954.782539252298,0.34392523765563965,,,,,0.0,2048.0,1.290666103363037,0.570612370967865,0.0017688333755359054,0.19514422118663788,,,,,1353728
6115.1773535959155,0.33490443229675293,,,,,0.0,2048.0,1.0791178941726685,0.6509296894073486,0.007539047859609127,0.2289566993713379,,,,,1355776
5958.599275944903,0.3437049388885498,,,,,0.0,2048.0,1.243672251701355,0.6046237349510193,0.012919390574097633,0.22370906174182892,,,,,1357824
6124.018807083384,0.33442091941833496,,,,,0.0,2048.0,1.2096391916275024,0.5651030540466309,0.005625254008919001,0.19509728252887726,,,,,1359872
5811.171735977313,0.35242462158203125,,,,,0.0,2048.0,1.013001561164856,0.5908153057098389,0.00647181598469615,0.17739328742027283,,,,,1361920
6212.741056188487,0.32964515686035156,,,,,0.0,2048.0,1.0938949584960938,0.5426617860794067,0.07912367582321167,0.15441793203353882,,,,,1363968
6081.128530125531,0.3367795944213867,,,,,0.0,2048.0,0.9693686366081238,0.5256755948066711,0.008781838230788708,0.12641476094722748,,,,,1366016
6226.584595935799,0.32891225814819336,,,,,0.0,2048.0,0.980215311050415,0.5130769610404968,0.007905217818915844,0.14893019199371338,,,,,1368064
6234.32577104101,0.3285038471221924,,,,,0.0,2048.0,0.9697080850601196,0.4767010807991028,0.03154376894235611,0.11498215794563293,,,,,1370112
5863.992960424232,0.34925007820129395,,,,,0.0,2048.0,0.9580913782119751,0.4771241247653961,0.07041227072477341,0.0915728434920311,,,,,1372160
6088.865932642028,0.3363516330718994,,,,,0.0,2048.0,0.9762229919433594,0.5040230751037598,0.0641474723815918,0.1581123173236847,,,,,1374208
5910.681689132933,0.34649133682250977,,,,,0.0,2048.0,0.9200899600982666,0.5255047082901001,0.04008093103766441,0.15516236424446106,,,,,1376256
5921.569008519128,0.3458542823791504,215.0,215.0,215.0,0.0,1.0,2048.0,0.9876074194908142,0.5248279571533203,0.11282575130462646,0.1251918077468872,6810.7367100162455,6810.7367100162455,6810.7367100162455,0.0,1378304
6006.397030761517,0.3409698009490967,231.0,123.0,15.0,108.0,2.0,2048.0,0.9442391395568848,0.5186327695846558,0.12843729555606842,0.14650247991085052,6845.004300032605,6782.610218151127,6720.216136269649,62.39408188147809,1380352
5945.138612758129,0.3444831371307373,,,,,0.0,2048.0,0.9968403577804565,0.568735659122467,0.0008610354270786047,0.1744915097951889,,,,,1382400
6212.565817898835,0.3296544551849365,197.0,128.5,60.0,68.5,2.0,2048.0,1.0239248275756836,0.5548886060714722,0.0010083153611049056,0.1927289068698883,6729.167826153498,6391.037433156862,6052.907040160226,338.13039299663615,1384448
6206.66740752248,0.329967737197876,160.0,87.66666666666667,19.0,57.621369492769105,3.0,2048.0,1.1148232221603394,0.5385666489601135,0.0019146364647895098,0.1925908625125885,6811.99154674699,6743.269283804896,6650.670993973989,67.9883748971989,1386496
5887.085385319183,0.34788012504577637,,,,,0.0,2048.0,1.085305094718933,0.5481477975845337,0.0006851762882433832,0.23778782784938812,,,,,1388544
5624.430901474149,0.36412572860717773,,,,,0.0,2048.0,1.2130335569381714,0.5394694209098816,0.0007138565415516496,0.22477783262729645,,,,,1390592
6162.200239316141,0.3323488235473633,,,,,0.0,2048.0,1.1188536882400513,0.5594881176948547,0.00255635310895741,0.2091902792453766,,,,,1392640
6175.947980722843,0.33160901069641113,,,,,0.0,2048.0,1.105011224746704,0.593724250793457,0.012590954080224037,0.20380406081676483,,,,,1394688
5870.834233443643,0.3488430976867676,,,,,0.0,2048.0,1.0676625967025757,0.593417227268219,0.01472516544163227,0.17089617252349854,,,,,1396736
6062.895497189449,0.33779239654541016,,,,,0.0,2048.0,1.0499399900436401,0.5507698059082031,0.006691241171211004,0.17453666031360626,,,,,1398784
6167.199576118469,0.3320794105529785,,,,,0.0,2048.0,0.9959016442298889,0.5721942782402039,0.00894217286258936,0.17802369594573975,,,,,1400832
5995.509679436711,0.34158897399902344,,,,,0.0,2048.0,0.9960227012634277,0.518808126449585,0.010408191941678524,0.15831135213375092,,,,,1402880
6013.162269814536,0.34058618545532227,,,,,0.0,2048.0,0.9710636734962463,0.5069830417633057,0.010867577977478504,0.1496656835079193,,,,,1404928
6003.475327205874,0.34113574028015137,,,,,0.0,2048.0,0.9835821986198425,0.49589282274246216,0.010367356240749359,0.17505072057247162,,,,,1406976
6092.826292838073,0.3361330032348633,,,,,0.0,2048.0,0.9846348166465759,0.5199702978134155,0.015729093924164772,0.17096005380153656,,,,,1409024
6083.031959176101,0.33667421340942383,,,,,0.0,2048.0,0.9840924739837646,0.5410585403442383,0.016905199736356735,0.17573967576026917,,,,,1411072
6074.613362412496,0.3371407985687256,,,,,0.0,2048.0,0.989212155342102,0.48983949422836304,0.03250719606876373,0.1686209887266159,,,,,1413120
6044.580061741035,0.33881592750549316,,,,,0.0,2048.0,0.9732620120048523,0.47492700815200806,0.026533138006925583,0.15826024115085602,,,,,1415168
6018.179799920271,0.3403022289276123,134.0,134.0,134.0,0.0,1.0,2048.0,0.9954656362533569,0.48595452308654785,0.034164607524871826,0.15394087135791779,6603.4797561685145,6603.4797561685145,6603.4797561685145,0.0,1417216
5788.038003239709,0.3538331985473633,227.0,117.0,7.0,110.0,2.0,2048.0,1.025593638420105,0.510604977607727,0.06721756607294083,0.17332451045513153,6703.366584292813,6625.975000461405,6548.5834166299965,77.3915838314083,1419264
6014.282167902673,0.34052276611328125,,,,,0.0,2048.0,0.9929399490356445,0.4978123605251312,0.000735394423827529,0.15639302134513855,,,,,1421312
5840.048482969568,0.35068202018737793,217.0,125.5,57.0,64.28257928863776,4.0,2048.0,1.3405364751815796,0.5187062621116638,0.0007905197562649846,0.20700816810131073,6768.889417596288,5170.907723862905,507.457931689848,2692.6983538206323,1423360
6061.333963698049,0.3378794193267822,133.0,89.0,45.0,44.0,2.0,2048.0,1.3141297101974487,0.5152053833007812,0.007832396775484085,0.21433384716510773,6778.942643826548,6767.147695850494,6755.352747874438,11.794947976055028,1425408
6230.671961690143,0.32869648933410645,,,,,0.0,2048.0,0.9981592893600464,0.4863264262676239,0.0007188902236521244,0.2206520289182663,,,,,1427456
6049.748177842822,0.33852648735046387,,,,,0.0,2048.0,1.1392475366592407,0.4998645782470703,0.0006899159634485841,0.24326708912849426,,,,,1429504
5956.677904231978,0.34381580352783203,,,,,0.0,2048.0,1.233688235282898,0.5366714000701904,0.0033321031369268894,0.21451005339622498,,,,,1431552
6048.525593414873,0.338594913482666,,,,,0.0,2048.0,1.0325677394866943,0.5620304346084595,0.0109332837164402,0.19949744641780853,,,,,1433600
6147.3079323776665,0.33315396308898926,,,,,0.0,2048.0,1.0169153213500977,0.5832439064979553,0.012210498563945293,0.1944887787103653,,,,,1435648
6134.848125286123,0.3338305950164795,,,,,0.0,2048.0,1.0051417350769043,0.5901010036468506,0.0123426653444767,0.20832906663417816,,,,,1437696
5813.460661047622,0.35228586196899414,,,,,0.0,2048.0,1.0014132261276245,0.5433698296546936,0.008563589304685593,0.22713780403137207,,,,,1439744
6148.632396309934,0.3330821990966797,,,,,0.0,2048.0,0.9994929432868958,0.4941398799419403,0.011357991956174374,0.2058258354663849,,,,,1441792
6025.82960451597,0.3398702144622803,,,,,0.0,2048.0,0.9933083653450012,0.4784531593322754,0.0095365634188056,0.18013176321983337,,,,,1443840
6024.092761916784,0.339968204498291,,,,,0.0,2048.0,0.9836922287940979,0.507095217704773,0.008505321107804775,0.194468155503273,,,,,1445888
6197.438318785957,0.3304591178894043,,,,,0.0,2048.0,0.9802692532539368,0.5196704268455505,0.004827990662306547,0.17501553893089294,,,,,1447936
6202.418883801599,0.33019375801086426,,,,,0.0,2048.0,0.9853318929672241,0.5199840068817139,0.01942036859691143,0.18009792268276215,,,,,1449984
5887.771363553801,0.3478395938873291,,,,,0.0,2048.0,0.9866581559181213,0.45830491185188293,0.021655697375535965,0.18757788836956024,,,,,1452032
6174.034781858693,0.3317117691040039,,,,,0.0,2048.0,0.9750592112541199,0.43748781085014343,0.02624381333589554,0.1425042301416397,,,,,1454080
5961.005836833745,0.3435661792755127,163.0,163.0,163.0,0.0,1.0,2048.0,1.0118721723556519,0.4779551029205322,0.024956349283456802,0.16937255859375,6374.104388073597,6374.104388073597,6374.104388073597,0.0,1456128
6165.088247558528,0.33219313621520996,183.0,183.0,183.0,0.0,1.0,2048.0,0.9816824793815613,0.5288507342338562,0.11871101707220078,0.1736602485179901,6692.732904066907,6692.732904066907,6692.732904066907,0.0,1458176
5963.368802804679,0.3434300422668457,244.0,244.0,244.0,0.0,1.0,2048.0,1.09096097946167,0.5481995344161987,0.11070433259010315,0.15092608332633972,6449.358783022109,6449.358783022109,6449.358783022109,0.0,1460224
5724.848358342248,0.357738733291626,178.0,93.0,14.0,67.0870081809188,3.0,2048.0,1.0438987016677856,0.5198072195053101,0.0005090830381959677,0.19191935658454895,6681.647740990974,6618.4280225386165,6569.04175371151,47.00035701422193,1462272
6000.346885558753,0.34131360054016113,76.0,49.5,23.0,26.5,2.0,2048.0,1.158713459968567,0.4770553708076477,0.0004921315121464431,0.2240111380815506,6813.091534670072,6800.6373327005995,6788.183130731127,12.454201969472706,1464320
6186.507399738566,0.331043004989624,,,,,0.0,2048.0,0.9907570481300354,0.48704949021339417,0.0004765657940879464,0.24054649472236633,,,,,1466368
6153.503936409966,0.33281850814819336,208.0,145.5,105.0,38.900514135419854,4.0,2048.0,0.9957025647163391,0.5135982036590576,0.0005609294166788459,0.20849524438381195,566.6658340293317,558.0597636684288,547.5274938892815,7.9394007196091385,1468416
5982.386016571127,0.34233832359313965,,,,,0.0,2048.0,1.0092092752456665,0.46456941962242126,0.0035294238477945328,0.20865827798843384,,,,,1470464
5840.910204331418,0.3506302833557129,,,,,0.0,2048.0,1.0511698722839355,0.5618942379951477,0.0005683398921974003,0.2222224920988083,,,,,1472512
6086.053190667792,0.33650708198547363,238.0,219.0,200.0,19.0,2.0,2048.0,1.0059443712234497,0.4966346323490143,0.000598886632360518,0.23850321769714355,555.0178057918926,550.5196303789407,546.0214549659889,4.4981754129518094,1474560
5846.213198522306,0.3503122329711914,,,,,0.0,2048.0,1.059260368347168,0.47774559259414673,0.003930872306227684,0.21362021565437317,,,,,1476608
5798.1803376065145,0.3532142639160156,,,,,0.0,2048.0,1.0163068771362305,0.543109118938446,0.008894920349121094,0.21688014268875122,,,,,1478656
6070.612282800814,0.33736300468444824,235.0,235.0,235.0,0.0,1.0,2048.0,1.0075101852416992,0.4997181296348572,0.0005511888884939253,0.20664408802986145,563.5621528903948,563.5621528903948,563.5621528903948,0.0,1480704
6185.540696703132,0.33109474182128906,,,,,0.0,2048.0,1.2429230213165283,0.4941074252128601,0.002706521423533559,0.21404528617858887,,,,,1482752
6089.306198025179,0.33632731437683105,,,,,0.0,2048.0,1.0925763845443726,0.5451401472091675,0.009283974766731262,0.21138621866703033,,,,,1484800
6166.6328722083035,0.3321099281311035,,,,,0.0,2048.0,0.9950820803642273,0.4729178249835968,0.00032448084675706923,0.21855482459068298,,,,,1486848
6032.744633169112,0.3394806385040283,46.0,46.0,46.0,0.0,1.0,2048.0,0.9767599701881409,0.4651224613189697,0.005439268425107002,0.18667401373386383,544.4091503675281,544.4091503675281,544.4091503675281,0.0,1488896
5969.634961339543,0.34306955337524414,,,,,0.0,2048.0,1.0503597259521484,0.5055393576622009,0.07033012807369232,0.1992495208978653,,,,,1490944
6091.340014239237,0.3362150192260742,,,,,0.0,2048.0,0.9953115582466125,0.4733182489871979,0.0003438159474171698,0.2198438197374344,,,,,1492992
6116.209282753298,0.33484792709350586,,,,,0.0,2048.0,1.2805376052856445,0.5205727815628052,0.0019517476903274655,0.19593125581741333,,,,,1495040
6087.152956649787,0.33644628524780273,86.0,86.0,86.0,0.0,1.0,2048.0,1.1354783773422241,0.492398738861084,0.01678202673792839,0.18879958987236023,6691.591623769889,6691.591623769889,6691.591623769889,0.0,1497088
6013.069665337574,0.3405914306640625,149.0,149.0,149.0,0.0,1.0,2048.0,1.0468525886535645,0.47216901183128357,0.0038383188657462597,0.20807722210884094,6886.999549055492,6886.999549055492,6886.999549055492,0.0,1499136
6080.491449022584,0.33681488037109375,,,,,0.0,2048.0,0.9721720814704895,0.5167098641395569,0.00039088528137654066,0.18752139806747437,,,,,1501184
6188.664637383998,0.33092761039733887,230.0,230.0,230.0,0.0,1.0,2048.0,1.3342136144638062,0.5242345333099365,0.00035403709625825286,0.20580896735191345,6900.383072135695,6900.383072135695,6900.383072135695,0.0,1503232
6184.382832771287,0.33115673065185547,1.0,1.0,1.0,0.0,1.0,2048.0,1.2337085008621216,0.5504220128059387,0.0017667391803115606,0.20126409828662872,6880.845581973989,6880.845581973989,6880.845581973989,0.0,1505280
6387.898292581355,0.3206062316894531,,,,,0.0,2048.0,1.2548680305480957,0.4975331425666809,0.00033959082793444395,0.20669065415859222,,,,,1507328
6018.00271687919,0.34031224250793457,113.0,74.5,36.0,38.5,2.0,2048.0,1.3029364347457886,0.4846249520778656,0.00593823567032814,0.19956034421920776,6778.0101031260665,6748.230744892201,6718.451386658336,29.779358233865423,1509376
6108.154691795385,0.33528947830200195,,,,,0.0,2048.0,1.2046884298324585,0.5088786482810974,0.0017783805960789323,0.21117635071277618,,,,,1511424
5908.583808293542,0.34661436080932617,,,,,0.0,2048.0,1.3177196979522705,0.49620047211647034,0.00040467799408361316,0.21106797456741333,,,,,1513472
6107.21666067079,0.3353409767150879,91.0,91.0,91.0,0.0,1.0,2048.0,1.1924992799758911,0.5188757181167603,0.0021645452361553907,0.19174647331237793,6790.600267542571,6790.600267542571,6790.600267542571,0.0,1515520
6084.2082019150885,0.3366091251373291,,,,,0.0,2048.0,0.9955361485481262,0.476626992225647,0.003593767760321498,0.20700478553771973,,,,,1517568
6109.844743324108,0.33519673347473145,,,,,0.0,2048.0,0.9963092803955078,0.492753803730011,0.00035915151238441467,0.19532182812690735,,,,,1519616
6207.959251194445,0.3298990726470947,,,,,0.0,2048.0,1.1584677696228027,0.4486791491508484,0.003670166712254286,0.20081232488155365,,,,,1521664
6153.257090626204,0.33283185958862305,,,,,0.0,2048.0,1.0750459432601929,0.4969358444213867,0.0037096692249178886,0.2026921808719635,,,,,1523712
6120.148617434363,0.33463239669799805,,,,,0.0,2048.0,0.9921911954879761,0.45183485746383667,0.007716676220297813,0.185837060213089,,,,,1525760
6044.082447822777,0.33884382247924805,102.0,102.0,102.0,0.0,1.0,2048.0,1.165566325187683,0.45328429341316223,0.0039292280562222,0.21042917668819427,6753.597723435518,6753.597723435518,6753.597723435518,0.0,1527808
6146.489778073536,0.33319830894470215,,,,,0.0,2048.0,0.9979599118232727,0.44489121437072754,0.0033292004372924566,0.17743025720119476,,,,,1529856
6172.038506915754,0.3318190574645996,,,,,0.0,2048.0,1.039086937904358,0.4776155650615692,0.0003645923570729792,0.20032432675361633,,,,,1531904
6252.377116562229,0.32755541801452637,,,,,0.0,2048.0,1.2623562812805176,0.46002182364463806,0.0037779752165079117,0.18906332552433014,,,,,1533952
6161.015744778518,0.3324127197265625,182.0,182.0,182.0,0.0,1.0,2048.0,0.9765181541442871,0.4431998133659363,0.006466273218393326,0.17497380077838898,6830.7476081413115,6830.7476081413115,6830.7476081413115,0.0,1536000
