actor_loss/max,actor_loss/mean,actor_loss/min,actor_loss/std,ent_loss/max,ent_loss/mean,ent_loss/min,ent_loss/std,gradient_steps,loss/max,loss/mean,loss/min,loss/std,smoothed_loss/actor_loss,smoothed_loss/ent_loss,smoothed_loss/gradient_steps,smoothed_loss/loss,smoothed_loss/vf_loss,step,train_time,vf_loss/max,vf_loss/mean,vf_loss/min,vf_loss/std
0.0038392972201108932,-0.018955091113457456,-0.04448924958705902,0.010252582940905476,1.3820339441299438,1.3750941038131714,1.3715072870254517,0.0024339627264601768,80.0,3942.614501953125,3314.6933532714843,2670.318359375,273.3828150709579,-0.018955091113457456,1.3750941038131714,80.0,3314.6933532714843,6629.452008056641,1,0.46198487281799316,7885.24853515625,6629.452008056641,5340.712890625,546.7621877365597
0.002504482865333557,-0.027606320520862936,-0.060516856610774994,0.012188013392385835,1.3810683488845825,1.364057832956314,1.352872610092163,0.006333613234712423,80.0,3645.416015625,3144.1994598388674,2705.053955078125,229.253973459733,-0.023280705817160196,1.3695759683847428,80.0,3229.4464065551756,6458.966744995118,2,0.23764705657958984,7290.9013671875,6288.481481933593,5410.15966796875,458.5028018571539
0.0005750544369220734,-0.024731587036512792,-0.046968571841716766,0.011345639564095381,1.372255563735962,1.338281837105751,1.325747013092041,0.009009392063952855,80.0,1249.0250244140625,905.9997535705567,657.4284057617188,103.39746145095256,-0.02376433289027773,1.3591445912917457,80.0,2454.964188893636,4910.003078715007,3,0.27834010124206543,2498.08251953125,1812.075746154785,1314.9461669921875,206.79387133062195
0.021093519404530525,-0.01059841473470442,-0.04245034605264664,0.012077228123313638,1.2838951349258423,1.2509205594658852,1.2225134372711182,0.013525142841439682,80.0,2071.56787109375,1375.2828224182128,866.1395874023438,233.2796874420685,-0.020472853351384403,1.3320885833352805,80.0,2185.04384727478,4370.155270004273,4,0.31851959228515625,4143.1787109375,2750.6118438720705,1732.33837890625,466.5505365021378
0.0035785064101219177,-0.020594700740184636,-0.04345422983169556,0.011229824705931694,1.32708740234375,1.2882600352168083,1.2706832885742188,0.010258622380821166,80.0,1547.7044677734375,1189.1165580749512,900.996826171875,136.77912011127415,-0.02049722282914445,1.323322873711586,80.0,1985.8583894348144,3971.784227600098,5,0.4199223518371582,3095.440673828125,2378.3000579833983,1802.0242919921875,273.5546282465181
0.012779965996742249,-0.021583785524126143,-0.04765988141298294,0.011892819583072319,1.3004987239837646,1.2328934460878371,1.19545578956604,0.022885799316747973,80.0,87.68450164794922,41.62002687454223,18.86612319946289,14.443558301670931,-0.0206783166116414,1.3082513024409612,80.0,1661.8186623414356,3323.704836114248,6,0.2845010757446289,175.39501953125,83.30787868499756,37.776573181152344,28.879068371191146
0.042426347732543945,0.004949632403440774,-0.021918943151831627,0.013319890907294728,1.0801308155059814,1.0503792196512223,1.029676914215088,0.009740178627037046,80.0,2974.568603515625,1402.327195739746,665.668212890625,621.673027271221,-0.017017181038058233,1.2714124334709986,80.0,1624.7484528269085,3249.556359945025,7,0.24599838256835938,5949.16455078125,2804.6655029296876,1331.3585205078125,1243.3345399946336
0.0013010259717702866,-0.005503827083157375,-0.018329165875911713,0.004704536226441235,1.2273683547973633,1.205762904882431,1.1851717233657837,0.009880800835199327,80.0,4343.716796875,3235.454150390625,2540.017333984375,432.67082126763745,-0.015578011793695622,1.2632062423974277,80.0,1826.086665022373,3652.2297402143477,8,0.2544522285461426,8687.45703125,6470.94340209961,5080.07080078125,865.336451859072
0.0015436531975865364,-0.014944826188730076,-0.03313474729657173,0.009639588682071569,1.2829532623291016,1.2641719371080398,1.2537733316421509,0.005900899037250627,80.0,1459.0216064453125,1172.0613975524902,926.9473876953125,114.01769932775696,-0.01550765783758834,1.263313541809718,80.0,1753.4171908590527,3506.8906530380245,9,0.28351283073425293,2918.070068359375,2344.1779556274414,1853.938720703125,228.03224777556488
0.017052996903657913,-0.013675139209954067,-0.03805013746023178,0.011179357365351795,1.2779967784881592,1.2595897346735,1.2431436777114868,0.007866652202414661,80.0,499.8056640625,319.28344440460205,149.51646423339844,73.48019147122407,-0.015324405974824911,1.2629411610960963,80.0,1610.0038162136075,3220.0635307502744,10,0.29424047470092773,999.6904296875,638.6194301605225,299.07159423828125,146.96611051803475
0.019514597952365875,-0.015211777691729367,-0.03582202270627022,0.011097615638649099,1.2599457502365112,1.2344464376568793,1.2095001935958862,0.010095076980869656,80.0,290.7322998046875,176.6244688987732,93.98741149902344,41.00919725254736,-0.015314167039998045,1.260350731692531,80.0,1479.6966028213499,2959.4490326968103,11,0.26099228858947754,581.4967651367188,353.3040521621704,187.96075439453125,82.01651498565795
0.015192823484539986,-0.009524751733988524,-0.02823389694094658,0.008244185311596371,1.2712681293487549,1.2386873662471771,1.2161548137664795,0.013163060652222886,80.0,279.0517883300781,142.7475531578064,69.36695861816406,37.86424893427294,-0.014831715764497252,1.2585454512387517,80.0,1368.2841820160547,2736.6231906890866,12,0.2602565288543701,558.13037109375,285.538928604126,138.7841033935547,75.72610212873371
0.013588733971118927,-0.009774381224997342,-0.02721024677157402,0.00877394765796765,1.1497608423233032,1.0795928671956063,1.0347881317138672,0.021842969612402254,80.0,121.91400909423828,61.48615279197693,21.245323181152344,17.317132767211085,-0.014442690030689568,1.2447798678508175,80.0,1267.7612566911257,2535.5762872622563,13,0.2634315490722656,243.85394287109375,123.0134461402893,42.5662841796875,34.627372414372076
0.030763257294893265,-0.00585286058485508,-0.028495490550994873,0.010009814093154613,1.0974632501602173,1.0490939229726792,1.0026605129241943,0.019264712701899993,80.0,175.88316345214844,90.30964088439941,48.0892333984375,22.920483691667734,-0.013829130784558533,1.230802300359522,80.0,1183.6575698477882,2367.367407369614,14,0.25318193435668945,351.7878723144531,180.6519687652588,96.23831176757812,45.83739623759922
0.0061683133244514465,-0.01185335113259498,-0.036813706159591675,0.008873622635090688,1.0540740489959717,1.001066940277815,0.9340910911560059,0.035002865229411,80.0,146.85745239257812,98.92027673721313,54.677650451660156,20.790097112235703,-0.013697412141094295,1.2154866096874082,80.0,1111.341750307083,2222.7351989555364,15,0.25850558280944824,293.74169921875,197.88428115844727,109.39054870605469,41.58001249170591
0.016035396605730057,-0.00952701224014163,-0.033252183347940445,0.008955776698052201,0.9817651510238647,0.9125136271119118,0.8653776049613953,0.02046432939256495,80.0,113.60231018066406,63.546158361434934,38.24070358276367,15.42241143667435,-0.013436762147284755,1.1965507982764394,80.0,1045.85452581048,2091.7598503649233,16,0.2575252056121826,227.2236785888672,127.1296215057373,76.51753234863281,30.844004960778804
0.014255061745643616,-0.014151006791507825,-0.037406373769044876,0.0105378034039141,1.0015461444854736,0.942442586272955,0.8834142684936523,0.02624514615289436,80.0,63.84972381591797,34.95873911380768,9.99821949005127,11.844919366659918,-0.013478776538121406,1.1816032563938814,80.0,986.3900677694993,1972.8307197248232,17,0.26085329055786133,127.73275756835938,69.96462948322296,20.025266647338867,23.68893687225018
0.02915085107088089,-0.006673285068245605,-0.024638528004288673,0.008672382504752515,0.8828257322311401,0.8371421180665493,0.765715479850769,0.025966834737690382,80.0,78.38623046875,48.1128490447998,21.755775451660156,12.841536694179,-0.013100693678683863,1.1624665264868073,80.0,934.2635556181272,1868.576556824313,18,0.2611832618713379,156.79598999023438,96.25578751564026,43.5142936706543,25.681553782577765
0.01286320947110653,-0.0100811074138619,-0.032158322632312775,0.0092581933143911,0.8436477780342102,0.798943467438221,0.7526282072067261,0.023808804827172347,80.0,108.39353942871094,50.268763828277585,19.111997604370117,17.337394585456213,-0.012941768085798494,1.143333733905303,80.0,887.7375139449771,1775.52377322473,19,0.2691318988800049,216.796875,100.57366843223572,38.22962188720703,34.67416205849596
0.028526194393634796,-0.006427305418765172,-0.03358249366283417,0.010106530214495146,0.8239330053329468,0.7863435789942741,0.7465668320655823,0.016496805004814232,80.0,74.99222564697266,32.86908173561096,10.691944122314453,11.132351831243778,-0.012616044952446828,1.1254842261597513,80.0,844.9940923345088,1690.0359218096728,20,0.2581782341003418,150.01788330078125,65.76674492359162,21.394695281982422,22.269309221539142
0.04602929949760437,-0.008261240751016885,-0.041520413011312485,0.014195526119455489,0.8329046964645386,0.7829115942120553,0.7340207099914551,0.02179662796357006,80.0,90.53524017333984,37.65401130914688,4.891400337219238,17.76341126147881,-0.012408673323807306,1.1091712436860515,80.0,806.5493265713964,1613.1456494944432,21,0.25290560722351074,181.06724548339844,75.34020318984986,9.706567764282227,35.5287420071557
0.052150968462228775,-0.0026763993490021678,-0.03192588686943054,0.012559743891883147,0.8763905763626099,0.7994001381099224,0.71944260597229,0.03738018385441551,80.0,36.023834228515625,13.65710390806198,4.464718341827393,7.297142206217249,-0.011966297234043436,1.0950907388871367,80.0,770.5087709957902,1541.0633721898898,22,0.40108156204223633,72.04841613769531,27.335548794269563,8.96856689453125,14.59423756184521
0.02941267564892769,-0.0034020141058135776,-0.03226030245423317,0.009606971569152585,0.8017874956130981,0.7663476355373859,0.7286965250968933,0.015097909280725873,80.0,171.93002319335938,81.57867884635925,18.488828659057617,29.184681810924243,-0.011593937098033443,1.0807975604806257,80.0,740.5552887284236,1481.1553772164423,23,0.3110175132751465,343.87408447265625,163.17948780059814,36.98419952392578,58.366609629571045
0.005326986312866211,-0.00799337582429871,-0.028136378154158592,0.007055259942035201,0.8711475729942322,0.8228385515511036,0.7691601514816284,0.02379018188703417,80.0,281.7545166015625,130.0206079006195,51.41865921020508,42.55686680171921,-0.011443913711627828,1.0700492684418956,80.0,715.1163436939319,1430.2769722724954,24,0.3437838554382324,563.5238647460938,260.07365856170657,102.8785171508789,85.11179332947233
0.0090534258633852,-0.006589474779320881,-0.022164180874824524,0.0073106036032347865,0.8857133388519287,0.8112137578427792,0.7651895880699158,0.027270078992587425,80.0,55.362632751464844,25.525356394052505,6.9053263664245605,11.195517001215439,-0.01124973615433555,1.059695848017931,80.0,687.5327042019367,1375.1090980114936,25,0.47202563285827637,110.77220153808594,51.080115747451785,13.825824737548828,22.395665434204066
0.013905385509133339,-0.008903932699467987,-0.029495220631361008,0.009206469962223712,0.9649733901023865,0.911955114454031,0.8014448881149292,0.0481699470048505,80.0,64.5237045288086,23.355651265382768,5.046701431274414,11.962371163192978,-0.011159512944532952,1.0540135121116272,80.0,661.9874329351461,1324.018261539019,26,0.41942620277404785,129.05621337890625,46.747349727153775,10.143369674682617,23.923473412668198
0.019054178148508072,-0.01327186996350065,-0.03369840979576111,0.00960497711951865,1.0480854511260986,1.0175986148416996,0.9675805568695068,0.020765166037390526,80.0,55.873661041259766,27.83950654268265,8.919787406921387,10.116359535483952,-0.011237748389679903,1.0526648122127409,80.0,638.5004726983882,1277.0444707102247,27,0.4104340076446533,111.77278900146484,55.725909161567685,17.866230010986328,20.235928087067066
0.015186231583356857,-0.003715313406428322,-0.020742371678352356,0.006995162710610366,1.0937652587890625,1.0413479834794999,0.9929251670837402,0.020888125132036306,80.0,71.54743194580078,33.33105475902558,11.14041519165039,13.337968792506736,-0.01096908999742092,1.0522606397579823,80.0,616.8872792005538,1233.8175384402277,28,0.42377281188964844,143.11390686035156,66.6903671503067,22.302169799804688,26.676985646061418
0.015770550817251205,-0.011592876247595996,-0.03170039504766464,0.009685901223572442,1.0996707677841187,1.0601884782314301,1.015503168106079,0.01907135223110661,80.0,33.01799011230469,12.106336425244809,1.9916270971298218,6.29802248538991,-0.01099059986811661,1.0525340134984462,80.0,596.0327639324397,1192.1085565094293,29,0.38781166076660156,66.0782241821289,24.257062447071075,4.016831398010254,12.598162200895418
0.021406497806310654,-0.01212740307673812,-0.03491425886750221,0.010390993744089153,1.042445182800293,1.0089840598404407,0.9751675724983215,0.013337400052056822,80.0,27.211597442626953,13.064413818717004,3.6519086360931396,5.38637344203455,-0.011028493308403994,1.0510823483765126,80.0,576.6004855953156,1153.244046694835,30,0.394622802734375,54.4661979675293,26.173262071609496,7.313311576843262,10.77594575500892
0.025791030377149582,-0.008860424411250279,-0.02961873635649681,0.010034408811999017,1.0140433311462402,0.9680915951728821,0.9124370813369751,0.019303776843091185,80.0,64.76206970214844,33.11891338825226,9.057723999023438,11.83319799468322,-0.010958555602044196,1.0484052273054278,80.0,559.0688219757328,1118.180526142351,31,0.3943963050842285,129.54550170898438,66.27490956783295,18.146320343017578,23.66545041202426
0.01040089875459671,-0.00505006720777601,-0.021215418353676796,0.006651387514539396,0.9300718903541565,0.8885376900434494,0.844294011592865,0.01788899243914019,80.0,63.03208923339844,42.915073823928836,20.668493270874023,10.437577993846178,-0.010773915339723317,1.043409366765991,80.0,542.9390173459891,1085.9204478096217,32,0.42345690727233887,126.09834289550781,85.85801949501038,41.35209655761719,20.87716654611963
0.011152200400829315,-0.005908218451077118,-0.0245211198925972,0.008643017800144566,0.9642759561538696,0.9152676686644554,0.8760030269622803,0.01762860987492896,80.0,67.27679443359375,23.9082035779953,7.98744010925293,9.397643579975496,-0.010626469979461312,1.0395262850053384,80.0,527.210810868171,1054.4636623855795,33,0.38881349563598633,134.580810546875,47.84652881622314,16.020004272460938,18.79424383631035
0.01519937813282013,-0.004403371101943776,-0.02517719194293022,0.008464625628610374,0.953242301940918,0.9092756882309914,0.867999792098999,0.01674658274896833,80.0,41.64075469970703,22.21370213031769,8.42896556854248,7.853867499679506,-0.010443437659534326,1.0356953851002104,80.0,512.3579547288224,1024.7575075153043,34,0.24438118934631348,83.3167724609375,44.454396796226504,16.89237403869629,15.709736684598488
0.020359978079795837,-0.008858736278489232,-0.029160402715206146,0.011246723459673626,0.9500856995582581,0.8902024991810322,0.8504127860069275,0.019075312411097046,80.0,53.35960388183594,28.714103984832764,5.0634565353393555,9.566648351413285,-0.01039816047721875,1.0315384455025196,80.0,498.53955899327985,997.1205424479076,35,0.3430163860321045,106.7625732421875,57.46373015642166,10.170166969299316,19.139826709842882
0.012946192175149918,-0.012948736653197557,-0.04501572996377945,0.014108954864714111,1.0474882125854492,0.9966590523719787,0.9490238428115845,0.020055262628724514,80.0,61.200077056884766,36.98579542636871,16.37428855895996,10.36733225983716,-0.010469009815440385,1.0305695734711158,80.0,485.71862111642116,971.4787890851499,36,0.3883345127105713,122.43553924560547,74.0174213886261,32.78947830200195,20.73630620538967
0.016931261867284775,-0.0029719997924985363,-0.018835799768567085,0.006863377949887501,0.9937204122543335,0.9529307439923287,0.8937040567398071,0.019241105930320378,80.0,42.97983932495117,17.851307636499406,7.6975836753845215,6.758416263935238,-0.010266387922928442,1.0284712267284457,80.0,473.07355858993674,946.1882168872937,37,0.44266462326049805,85.99403381347656,35.72761776447296,15.40939712524414,13.51485874264259
0.02593410387635231,-0.009688387624919415,-0.02330910786986351,0.007868019682560793,0.9770262241363525,0.918058556318283,0.8616349697113037,0.0222090281345654,80.0,66.2031021118164,38.607011151313785,12.841617584228516,11.47012766112132,-0.01025117738877031,1.0255656301387048,80.0,461.64022839418357,923.321468030779,38,0.39951395988464355,132.43389892578125,77.25176033973693,25.725387573242188,22.939255929591
0.010790230706334114,-0.014866435853764414,-0.03309638053178787,0.009817843489255408,0.8643531799316406,0.8030799940228462,0.7618659734725952,0.024238882904619227,80.0,35.36247253417969,17.57995522618294,6.726672649383545,6.510641694382585,-0.010369517349411184,1.019860870238298,80.0,450.25406754372193,900.5492689795984,39,0.3998739719390869,70.77843475341797,35.205705034732816,13.4470853805542,13.025064638960371
0.017462681978940964,-0.0025660579965915533,-0.023259788751602173,0.009128871423089773,0.9387258291244507,0.8898211427032947,0.8223288655281067,0.023429157200821813,80.0,64.33649444580078,34.82573901414871,13.127979278564453,11.377318290408777,-0.010174430865590695,1.016609877049923,80.0,439.8683593304828,879.7773974362015,40,0.4017946720123291,128.68826293945312,69.67440724372864,26.27392578125,22.75445367063088
0.016146676614880562,-0.002956961828749627,-0.01566307805478573,0.0067581457881525486,0.9720355272293091,0.9320582479238511,0.8743879795074463,0.020840708293091904,80.0,47.51771545410156,19.29299926161766,6.592972278594971,8.530217787841389,-0.00999839503542384,1.0145476421931896,80.0,429.6104237190471,859.2611329552603,41,0.24590110778808594,95.05343627929688,38.61055371761322,13.220345497131348,17.057661805427365
0.015141107141971588,-0.005939502402907237,-0.029531877487897873,0.0077203183978328755,0.8899476528167725,0.8458668440580368,0.8075482845306396,0.02039935357166962,80.0,92.91726684570312,34.17412927150726,14.630260467529297,14.801590452339186,-0.009901754734649635,1.010531432713781,80.0,420.19527385124854,840.430559654179,42,0.25244688987731934,185.85174560546875,68.37705430984497,29.293865203857422,29.597437062887188
0.012389607727527618,-0.005096815509023145,-0.021562915295362473,0.007400537497488809,0.7604450583457947,0.7201712489128113,0.6790575981140137,0.019335096262122778,80.0,47.71583938598633,20.39690101146698,9.188400268554688,7.505829606303555,-0.009790011961960646,1.0037788702998052,80.0,410.8976372735792,821.8349280093989,43,0.3321518898010254,95.44541931152344,40.818398928642274,18.4143009185791,15.007184484791848
0.0074406638741493225,-0.003903358126990497,-0.020252808928489685,0.005631921556574054,0.7466419339179993,0.7038891963660717,0.6648164987564087,0.0171154590037019,80.0,91.62520599365234,33.20697606801987,9.70483684539795,15.552465390122837,-0.009656224374802234,0.9969631958922203,80.0,402.3137586098165,804.6667668475344,44,0.38364243507385254,183.26190185546875,66.43583688735961,19.419452667236328,31.102937749762937
0.012563403695821762,-0.00797732399078086,-0.02599959261715412,0.008463963816281509,0.9327343702316284,0.8809007272124291,0.8215433359146118,0.023293479678054743,80.0,90.25112915039062,26.10399016737938,4.882620334625244,15.876162529758357,-0.009618915477379537,0.9943840299215582,80.0,393.9535415333179,787.9462065365577,45,0.2583506107330322,180.51864624023438,52.24155285358429,9.779094696044922,31.745971945905556
0.02003374509513378,-0.005715018464252352,-0.03064299374818802,0.009902521829063109,0.7997018694877625,0.7432087615132332,0.7026286125183105,0.020984849731812277,80.0,68.98763275146484,23.009391415119172,10.24478530883789,13.268024163492582,-0.009534048151007207,0.988923697999638,80.0,385.8895382698788,771.8179211157818,46,0.2690761089324951,137.99417114257812,46.04507718086243,20.507946014404297,26.533715392739744
0.006666615605354309,-0.005058064591139555,-0.019280454143881798,0.0061212320580797406,0.7637820243835449,0.7090393245220185,0.6604680418968201,0.021192636796975074,80.0,109.69767761230469,41.29066630601883,11.131352424621582,22.42881420226876,-0.009438814458244066,0.9829687113299014,80.0,378.5576473770307,757.1538298046333,47,0.24031376838684082,219.4140625,82.60562949180603,22.293880462646484,44.8541488143842
0.006596538238227367,-0.006218923383858055,-0.026551753282546997,0.007389290959521507,0.6800265312194824,0.624661073833704,0.5679949522018433,0.024497129605532127,80.0,64.39287567138672,16.952115708589552,4.074933052062988,12.600750113639048,-0.009371733394194356,0.975503968882064,80.0,371.0241988006048,742.0866492375732,48,0.24201726913452148,128.79820251464844,33.92916258573532,8.198969841003418,25.195286981669998
0.009541746228933334,-0.008142022124957293,-0.025014854967594147,0.007611023425163935,0.8031169176101685,0.7428090594708919,0.6889432668685913,0.022929603636557914,80.0,127.0078125,38.75468904972077,12.768708229064941,26.133250080289645,-0.00934663724584258,0.9707550931797952,80.0,364.2431883975255,728.5244832982823,49,0.23426580429077148,254.0294647216797,77.54051821231842,25.573291778564453,52.26038300584142
0.03836794197559357,-0.002057650769711472,-0.029708556830883026,0.009454908128690629,0.7158794403076172,0.6406159535050392,0.5894300937652588,0.02453710768034301,80.0,68.90402221679688,20.385257571935654,5.667855262756348,16.15726958223054,-0.009200857516319959,0.9641523103863001,80.0,357.3660297810137,714.7697424917222,50,0.25316643714904785,137.82150268554688,40.787442970275876,11.368099212646484,32.311128950081596
0.01974564418196678,-0.007000923727173358,-0.02891981229186058,0.008127258169260654,0.6381437182426453,0.5820461094379425,0.5285118818283081,0.02337672323891082,80.0,97.90533447265625,42.745918130874635,17.897478103637695,18.934978843942964,-0.009157721559670024,0.9566600319363323,80.0,351.1970079839521,702.4314628133588,51,0.26067233085632324,195.82232666015625,85.51747889518738,35.833404541015625,37.863843553031714
0.017382804304361343,-0.0016066900978330522,-0.0241701677441597,0.0072768904215671625,0.4255835711956024,0.38242964893579484,0.3308846354484558,0.022851991531504703,80.0,29.63553237915039,9.992735333740711,1.4260667562484741,6.453224991026792,-0.00901250941617316,0.9456171399555527,80.0,344.63538735606346,689.3077103060027,52,0.2385084629058838,59.27635955810547,19.996332430839537,2.8616909980773926,12.905066586992035
0.008047410286962986,-0.008983812131918966,-0.026447907090187073,0.007984561685219271,0.5038778185844421,0.44773801118135453,0.396455317735672,0.018577017144875082,80.0,61.96101760864258,21.862487506866454,8.586141586303711,13.399475875118153,-0.009011967957979684,0.9362231941296245,80.0,338.5453326419277,677.1274119467107,53,0.25716400146484375,123.93104553222656,43.751897263526914,17.203495025634766,26.790959611175683
0.01912030577659607,-0.001208054885501042,-0.017110735177993774,0.006249516722121293,0.4656389057636261,0.42500774674117564,0.378925085067749,0.018951592933214734,80.0,60.462459564208984,20.746196150779724,6.2152934074401855,14.050483995507241,-0.008867451049230078,0.9267562414002087,80.0,332.66016344764716,665.3565952175195,54,0.446291446685791,120.93327331542969,41.50330857038498,12.425439834594727,28.096898136346873
0.012838184833526611,-0.0008017890795599669,-0.018559705466032028,0.006587495129548842,0.571812093257904,0.49352912679314614,0.3816726803779602,0.03835332561416675,80.0,49.42702102661133,18.61491785645485,6.12145471572876,9.417186005060936,-0.008720802649781532,0.9188793847709895,80.0,326.95024989144366,653.9363173033976,55,0.3646705150604248,98.86367797851562,37.24130994081497,12.266803741455078,18.830168965284148
0.0121228639036417,-0.01008747597807087,-0.03590454161167145,0.010669564565282586,0.5877155661582947,0.5346271097660065,0.4937517046928406,0.020231589786725998,80.0,64.82945251464844,22.179315632581712,7.657750606536865,11.836721178526668,-0.008745207530643841,0.9120177370030433,80.0,321.5079117796783,643.0515526971647,56,0.3914065361022949,129.682861328125,44.389499354362485,15.31614875793457,23.6671233773513
0.012162373401224613,-0.0011790239601396023,-0.020444633439183235,0.004930411103171027,0.5420494675636292,0.473991322517395,0.4072470963001251,0.024756275609333783,80.0,28.475963592529297,11.891143590211868,5.012374401092529,5.486675143285424,-0.008612467468003416,0.9043330630646986,80.0,316.07603865354736,632.187387301629,57,0.3962373733520508,56.963253021240234,23.794125151634216,10.040196418762207,10.972301182593608
0.007610853761434555,-0.004638917784905061,-0.02094162255525589,0.006059079088710274,0.5682060122489929,0.5018699396401644,0.44403737783432007,0.024491263534337955,80.0,44.745243072509766,17.754894411563875,2.7980587482452393,11.17370359588893,-0.008543957990708615,0.8973940436953101,80.0,310.9325706493752,621.9001755199555,58,0.407930850982666,89.50262451171875,35.529103964567184,5.64874267578125,22.343531485914774
0.01679733768105507,-0.00488135275663808,-0.021127309650182724,0.007274436058119042,0.6204913258552551,0.5564657784998417,0.48828941583633423,0.028919935155069427,80.0,60.27873611450195,26.183879125118256,11.374641418457031,11.875853698399778,-0.008481879935893862,0.8916155985225056,80.0,306.10632164048945,612.247437799886,59,0.4054715633392334,120.5687255859375,52.388650035858156,22.763717651367188,23.74784567778594
0.008208217099308968,-0.0011090641201008111,-0.007648756727576256,0.0033134659363442866,0.5350481271743774,0.45793795213103294,0.40194380283355713,0.025113145825089233,80.0,103.41092681884766,50.17563807964325,23.51262855529785,16.596169947378005,-0.00835899967229731,0.8843876377493144,80.0,301.8408102478087,603.7160247034826,60,0.4247004985809326,206.83102416992188,100.36265201568604,47.028846740722656,33.19036288474403
0.037591904401779175,-0.0047933583613485094,-0.03664322942495346,0.011665730658913236,0.45215708017349243,0.3953488919883966,0.329135000705719,0.02894572425443663,80.0,94.28218841552734,36.7249543428421,14.57456111907959,15.744239983519483,-0.008300546536052248,0.876370609130283,80.0,297.49464867559607,595.0234243259077,61,0.3977682590484619,188.573974609375,73.4674016714096,29.166982650756836,31.483792068240458
0.008421145379543304,-0.008723103476222604,-0.02578267641365528,0.007353718137219569,0.44956427812576294,0.4089915756136179,0.3702329397201538,0.01841621232900173,80.0,55.26569366455078,21.202864789962767,6.651370525360107,10.870182695772382,-0.008307361970571126,0.8688322376219496,80.0,293.0383295806665,586.1106490236135,62,0.3910646438598633,110.57499694824219,42.43135558366775,13.331439971923828,21.735502577986054
0.03227554261684418,-0.003829203807981685,-0.026381688192486763,0.011066540870383468,0.4428669512271881,0.4095312938094139,0.3554445207118988,0.018573926854133203,80.0,159.41839599609375,43.86307203769684,17.165388107299805,23.081346855939856,-0.008236280094974468,0.8615417464503221,80.0,289.0831667625242,578.2000354343935,63,0.38460469245910645,318.84490966796875,87.74199290275574,34.34430694580078,46.15963794379051
0.0156928151845932,-0.0059825231088325385,-0.02330080419778824,0.007624694529120799,0.5245770812034607,0.4683959111571312,0.3965579867362976,0.021111892122787478,80.0,20.244794845581055,5.8046845778822895,1.759605050086975,3.9469144016909334,-0.008201065142066,0.8553988427738659,80.0,284.6569404783891,569.3473896017299,64,0.3692929744720459,40.50004577636719,11.630702143907547,3.5559847354888916,7.888560148731728
0.02681136131286621,-0.0039064087613951415,-0.026583153754472733,0.011243214721523844,0.5740649700164795,0.5218742433935404,0.4726211726665497,0.02334046842404959,80.0,59.55681228637695,20.722122687101365,6.988511562347412,11.090475520135097,-0.008134993505440294,0.8502676950910917,80.0,280.5964048200616,561.226083537982,65,0.3754720687866211,119.12972259521484,41.46249545812607,13.985733985900879,22.17661177359994
0.01615726575255394,-0.0037265793449478223,-0.019944973289966583,0.008775187434386688,0.4852055311203003,0.43741385266184807,0.38819506764411926,0.021983323783033176,80.0,46.54986572265625,12.234803807735442,4.54658317565918,8.075766965008855,-0.008068199351493438,0.8440123338421638,80.0,276.5303199562385,553.0936551374016,66,0.26880431175231934,93.1089859008789,24.485809099674224,9.090629577636719,16.148994329182667
0.009987251833081245,-0.008255259145516902,-0.0313081257045269,0.008649450120539364,0.5243678092956543,0.47982633039355277,0.4333078861236572,0.017606190611639067,80.0,103.23771667480469,38.97575976848602,14.68967056274414,18.85683249644861,-0.00807099128871767,0.8385767218503933,80.0,272.98472950567503,546.0023711256127,67,0.3064413070678711,206.48519897460938,77.97762634754181,29.428979873657227,37.7093968998233
0.007515870034694672,-0.014179630368016661,-0.03898289054632187,0.010275032649086786,0.8137069940567017,0.7550981976091862,0.7082352638244629,0.020001853250293012,80.0,115.55364227294922,63.19085545539856,26.275108337402344,19.200809420674602,-0.00816082421635442,0.837349096493905,80.0,269.89952547552394,539.8321182098459,68,0.28505873680114746,231.12619018554688,126.42517285346985,52.61052322387695,38.39562380734978
0.014536745846271515,-0.004833814536686987,-0.023807860910892487,0.006849885745200602,0.8261704444885254,0.7558505639433861,0.7101742029190063,0.019455304396944994,80.0,120.68223571777344,45.985485434532166,18.34517478942871,19.160326354673707,-0.008112606684765036,0.8361679583409989,80.0,266.6543944604371,533.3417361461599,69,0.36244821548461914,241.3802032470703,91.99575581550599,36.7259521484375,38.31718550917806
0.013800377026200294,-0.00564548700931482,-0.02142823301255703,0.006919613418023841,0.6959646344184875,0.6554091669619083,0.5840080380439758,0.02238347498792341,80.0,716.7986450195312,240.6219753265381,96.457763671875,139.4642419549596,-0.00807736211797289,0.8335856898927262,80.0,266.2825027585243,532.5978306029525,70,0.4004080295562744,1433.610595703125,481.26834812164304,192.9530487060547,278.92271244101164
0.012134000658988953,-0.0055804128583986316,-0.021699052304029465,0.005919233522893599,0.844984769821167,0.794299766421318,0.7399488687515259,0.022303718846659375,80.0,142.86656188964844,77.9528419494629,40.71833419799805,22.104826908037506,-0.008042193818542265,0.8330323670269317,80.0,263.62997232459384,527.2926883544721,71,0.39626574516296387,285.7491455078125,155.93273096084596,81.48173522949219,44.20709078782442
0.010800836607813835,-0.007431002228986472,-0.027476061135530472,0.008177783673094944,0.9483239650726318,0.8817435376346111,0.8424389362335205,0.02163588739513604,80.0,67.71601104736328,24.825429344177245,7.887337684631348,12.153928071153883,-0.008033705046465103,0.8337089110631495,80.0,260.3132425609769,520.6592253963153,72,0.38663792610168457,135.44985961914062,49.68335536718369,15.815035820007324,24.30198151689317
0.014314159750938416,-0.008147795964032412,-0.026726853102445602,0.007937933330682557,0.8250877261161804,0.7836280934512615,0.713471531867981,0.019129202682446257,80.0,52.99472427368164,25.318686950206757,14.628885269165039,7.64593862170485,-0.008035267935746845,0.8330228724657265,80.0,257.0941390594595,514.221007816759,73,0.3908524513244629,106.005615234375,50.66934208869934,29.311168670654297,15.287096739969352
0.009732451289892197,-0.0029312921047676354,-0.022230112925171852,0.00722708081716824,0.8569226264953613,0.8151630602777005,0.7802673578262329,0.018129381176043884,80.0,54.01687240600586,22.84010037779808,6.788824558258057,9.261644542120836,-0.007966295289382261,0.8327815236523747,80.0,253.92854394213975,507.88967482431525,74,0.3866708278656006,108.0430679321289,45.702366375923155,13.600090026855469,18.51954146449958
0.014704480767250061,-0.004739025881281123,-0.02364075928926468,0.0071216234831244195,0.8597816824913025,0.8203227102756501,0.7960476875305176,0.013611517483942468,80.0,29.217449188232422,8.582974997162818,3.398900032043457,4.8102303243033235,-0.00792326503060758,0.832615406140685,80.0,250.65726968954007,501.3470369532109,75,0.3837766647338867,58.44804000854492,17.191834491491317,6.798029899597168,9.616616006314002
0.007872459478676319,-0.009227304247906432,-0.0255776047706604,0.006680212645549499,0.9883281588554382,0.9510207496583462,0.902497410774231,0.01674686117046043,80.0,41.5794792175293,22.2629976272583,10.826066017150879,6.558507256801419,-0.007940423441361512,0.83417337118697,80.0,247.6520818992469,495.3367268655646,76,0.38234877586364746,83.17872619628906,44.56347029209137,21.7096004486084,13.11281181860214
0.007476521655917168,-0.011398155009374022,-0.03794156759977341,0.009379921273307298,0.8885408639907837,0.846966552734375,0.7922935485839844,0.020085179976637224,80.0,43.30638122558594,15.767795377969742,7.8604888916015625,5.795428857235115,-0.007985329046140896,0.8343395164018713,80.0,244.64059765871085,489.31385153555254,77,0.3878803253173828,86.63679504394531,31.575326454639434,15.74968147277832,11.586264676472888
0.019953936338424683,-0.005711082852212712,-0.028724519535899162,0.010864879342122737,0.788766622543335,0.7112220019102097,0.6537503600120544,0.030974745648692494,80.0,11.497998237609863,3.261752589046955,1.1939738988876343,2.151885173103513,-0.007956172043654636,0.8327610867289014,80.0,241.5459970808946,483.1245605132901,78,0.4181840419769287,23.010292053222656,6.549151799082756,2.3738439083099365,4.3024771202225045
0.012401716783642769,-0.004652094765333459,-0.02132638543844223,0.007394340184722071,0.6257460713386536,0.5519766826182604,0.48563459515571594,0.032618897461875136,80.0,14.011725425720215,3.4792784675955772,1.1879363059997559,2.7717605564948635,-0.007914348280637912,0.8292068537654755,80.0,238.53249431363767,477.097400261292,79,0.4048192501068115,28.035343170166016,6.97890060544014,2.414334297180176,5.537297547220886
0.02618466317653656,-0.0042940876795910295,-0.025769919157028198,0.009524217221973158,0.6585856676101685,0.620845477283001,0.5766910314559937,0.021604898082907883,80.0,33.691226959228516,11.506369736790656,3.6262729167938232,5.976329986092919,-0.007869095023124828,0.8266023365594446,80.0,235.69466775642704,471.42160456519576,80,0.4198479652404785,67.39519500732422,23.03374457359314,7.295632362365723,11.949057998992345
0.02054307609796524,-0.007942750450456514,-0.0332721509039402,0.009804735011161803,0.648827314376831,0.5913308836519718,0.5401384234428406,0.021373453206657744,80.0,18.74750518798828,6.461019085347653,1.523868441581726,3.5833434007938436,-0.007870004349388183,0.8236977507210808,80.0,232.86462271110508,465.76145821552217,81,0.42285799980163574,37.513023376464844,12.94975024163723,3.082887649536133,7.162011417986628
0.0069023240357637405,-0.00380971065023914,-0.02323482744395733,0.006182424344718939,0.5535657405853271,0.5005626019090414,0.43006864190101624,0.024194418246446536,80.0,15.226768493652344,6.1899745017290115,1.6956127882003784,2.97934555068512,-0.007820488572569293,0.8197570781745925,80.0,230.10029773294198,460.23263042838107,82,0.4287426471710205,30.476762771606445,12.397579669952393,3.3919219970703125,5.957194815670376
0.022208716720342636,0.001757879788056016,-0.005468530580401421,0.004714849102431389,0.6240754723548889,0.5756892047822475,0.5238920450210571,0.024918090860394284,80.0,2238.52197265625,1495.9017013549806,907.525634765625,288.7500832315985,-0.007705086544128024,0.8168165013867329,80.0,245.35091705368944,490.73357969644553,83,0.4315321445465088,4477.01171875,2991.811419677734,1815.0615234375,577.4968936811684
0.013747869059443474,-0.0016849045816343278,-0.016428440809249878,0.00553788333552215,0.6394751071929932,0.5798213869333267,0.5332660675048828,0.02476688712189699,80.0,5700.34521484375,2045.111193084717,456.7984619140625,1021.399074724686,-0.0076334177112411935,0.8139951309765734,80.0,266.7766346254874,533.5848152443766,84,0.41771483421325684,11400.703125,4090.2373657226562,913.6082763671875,2042.7980025726392
0.009058160707354546,-0.0033750157483154906,-0.018268421292304993,0.004683687666736157,0.572180449962616,0.5316833581775426,0.49874815344810486,0.017242558395518904,80.0,35.359405517578125,13.817141011357307,2.54767107963562,7.8951077704253,-0.007583318864618538,0.8106738160024672,80.0,263.80064058296824,527.6326605439887,85,0.4017488956451416,70.73049926757812,27.65166571140289,5.1203508377075195,15.786646753926446
0.01119745522737503,-0.004522575775627047,-0.02009955607354641,0.006716594199000753,0.6285684108734131,0.5967176407575607,0.5509528517723083,0.01779062047920017,80.0,35.13357162475586,15.358479660749435,6.256455898284912,6.482694355638021,-0.007547728828700032,0.8081859534996194,80.0,260.91177824666335,521.8548149424237,86,0.3920149803161621,70.28279113769531,30.737938809394837,12.558145523071289,12.961614494210044
0.01733091101050377,-0.005670659034512937,-0.01792694628238678,0.006800461070629056,0.7058678865432739,0.6530547693371773,0.6113351583480835,0.02220963965052159,80.0,35.843353271484375,11.436727702617645,4.547671794891357,5.887760578829732,-0.007526153313824319,0.806402836440281,80.0,258.0442489300651,516.1196775061646,87,0.3761124610900879,71.6995849609375,22.897857987880705,9.116538047790527,11.770804178271035
0.009961176663637161,-0.0019012232776731252,-0.010405167005956173,0.0040384242794401625,0.6026020050048828,0.5567247226834298,0.5108665227890015,0.0168124301209214,80.0,3053.697998046875,2163.202227783203,1291.4071044921875,409.45205675227743,-0.007462233654322601,0.8035655851475894,80.0,279.69377141703256,559.4185378852893,88,0.3797426223754883,6107.4072265625,4326.41939086914,2582.8330078125,818.9030987684043
0.005517303943634033,-0.0016369409102480858,-0.013311505317687988,0.0037380898039924993,0.6924560070037842,0.6635666079819202,0.6383627653121948,0.014021306744816777,80.0,7184.8974609375,3828.266456604004,1520.5936279296875,1405.2125953766242,-0.00739678092686109,0.8019925629322447,80.0,319.56537462138056,639.161581506421,89,0.3866119384765625,14369.806640625,7656.549420166016,3041.201171875,2810.425340625066
0.006506616249680519,-0.0028319657780230046,-0.023288041353225708,0.004969465702438361,0.8004319071769714,0.7509812347590923,0.7109137773513794,0.018418582276937684,80.0,4500.05029296875,1583.6149250030517,260.1202697753906,865.2690602427548,-0.0073460607585406675,0.8014257703969875,80.0,333.61036962562133,667.251458604402,90,0.38460421562194824,9000.1181640625,3167.250520324707,520.2666015625,1730.5360289751272
0.021710451692342758,-0.005320357973687351,-0.018861785531044006,0.008012689610892673,0.7451552152633667,0.6829717248678208,0.6334667205810547,0.019264389595594983,80.0,3987.855224609375,1300.2083539962769,85.07827758789062,837.7690041381644,-0.007323800288377444,0.8001240775889747,80.0,344.23232549782637,688.4952996954158,91,0.39234447479248047,7975.73046875,2600.440997886658,170.1785125732422,1675.5424251507302
0.0038671232759952545,-0.0029553380678407847,-0.017775453627109528,0.004126688678399109,0.7284595370292664,0.6894023388624191,0.6359750628471375,0.020468910371694012,80.0,681.5928344726562,339.1556252479553,112.59943389892578,126.89726905360695,-0.00727631700337161,0.7989205804289036,80.0,344.17714397337124,688.3848176643253,92,0.45996975898742676,1363.199951171875,678.330952835083,225.22332763671875,253.7917443461378
0.008007267490029335,-0.005391511548077687,-0.01932840421795845,0.005469407123080239,0.7819411754608154,0.7275802448391915,0.6783733367919922,0.01966940483448514,80.0,336.7924499511719,192.3830855369568,103.92383575439453,46.52245392448473,-0.007256050278045869,0.7981534800462184,80.0,342.5449497966356,685.1203734488257,93,0.40302157402038574,673.5997314453125,384.7915056228638,207.90081787109375,93.04145171821094
0.0023309513926506042,-0.0016270409163553269,-0.008268946781754494,0.001800857588646352,0.7395009398460388,0.6857799552381039,0.6437330842018127,0.01962826213926476,80.0,9858.2802734375,3847.394380187988,804.1133422851562,1510.6861114492683,-0.007196167199730013,0.7969580170163448,80.0,379.8305820348415,759.6914942110474,94,0.39072465896606445,19716.57421875,7694.805725097656,1608.240966796875,3021.372007139463
0.01250847801566124,-0.006601609778590501,-0.023158103227615356,0.006475499916387996,0.8713077306747437,0.8104407273232936,0.7575512528419495,0.020380709506247055,80.0,58.815311431884766,32.782957553863525,16.68087387084961,8.303655372460826,-0.007189908700560123,0.7970999402827338,80.0,376.177449145568,752.3852187686847,95,0.38446784019470215,117.64901733398438,65.59532718658447,33.400634765625,16.606176857817204
0.013454945757985115,-0.00696271340129897,-0.02754456177353859,0.008880935596347972,0.8198560476303101,0.7519676551222801,0.7088800668716431,0.022511088514306807,80.0,64.45137023925781,34.80792608261108,17.440773010253906,9.857909028227784,-0.007187542082859485,0.7966298123123124,80.0,372.6215166136622,745.273339585277,96,0.3896200656890869,128.9172821044922,69.64481716156006,34.88478088378906,19.710787989360437
0.006589088588953018,-0.006900505843805149,-0.025556696578860283,0.007042419167035727,0.7784959077835083,0.7352536074817181,0.6846684813499451,0.0197792789266032,80.0,84.64433288574219,46.177032589912415,17.103519439697266,12.159753069391753,-0.007184582946374389,0.7959970679326157,80.0,369.25610956187097,738.5425069222131,97,0.38806939125061035,169.30361938476562,92.38257126808166,34.21519088745117,24.315369206777685
0.013900356367230415,-0.008145796484313905,-0.025896262377500534,0.00749854401187002,0.6772700548171997,0.6306676253676414,0.5662280321121216,0.019628922379215794,80.0,66.60111236572266,36.293147110939024,18.827970504760742,10.097180033681157,-0.007194391247781935,0.7943100328044016,80.0,365.8585283123717,731.7473303136169,98,0.39024806022644043,133.2156219482422,72.61519927978516,37.674373626708984,20.191777945172337
0.015945982187986374,-0.004710886522661895,-0.02425405941903591,0.006893216101818658,0.4958222806453705,0.46623885706067086,0.4350472092628479,0.01484113059869876,80.0,98.03207397460938,41.95471568107605,15.152538299560547,16.56716794078595,-0.007169305341467592,0.790996182544364,80.0,362.58677262922726,725.2037025187352,99,0.39042210578918457,196.073974609375,83.92817862033844,30.307931900024414,33.13135081317568
0.011712953448295593,-0.008248254214413464,-0.02725365199148655,0.007413712640755667,0.6193426847457886,0.5793069183826447,0.5244652628898621,0.019584336913260354,80.0,69.58596801757812,29.618736302852632,12.249092102050781,11.524195861739774,-0.007180094830197051,0.7888792899027467,80.0,359.25709226596354,718.5443210476041,100,0.38636302947998047,139.1787109375,59.26555540561676,24.537799835205078,23.044069243260726
0.013015316799283028,-0.006595259951427579,-0.023166703060269356,0.005989396873349575,0.712685227394104,0.6667159862816334,0.6147075891494751,0.01926515738571988,80.0,20.66639518737793,12.130246651172637,4.192790508270264,4.070186743279046,-0.007056496518576752,0.7817955087274312,80.0,326.2314611997605,652.4926711476445,101,0.39287686347961426,41.34676742553711,24.287018060684204,8.415315628051758,8.135508336549389
0.0296780988574028,-0.007591531524667516,-0.035539813339710236,0.010906046067830766,0.7157101631164551,0.6425062939524651,0.5839687585830688,0.02616189333293613,80.0,23.34908676147461,11.37248005270958,6.18491792678833,3.7554169350612625,-0.0068563486286147965,0.7745799933373927,80.0,294.9031914018988,589.8355862594248,102,0.4519643783569336,46.712928771972656,22.77299311161041,12.414163589477539,7.506880180866987
0.01885499618947506,-0.005347321985755116,-0.02884211391210556,0.008415081033911719,0.7808890342712402,0.7415816836059094,0.6985154151916504,0.015520935968806559,80.0,32.49599838256836,16.38674653172493,5.112427711486816,6.373169443196485,-0.006662505978107222,0.7686129918023943,80.0,286.0070613315105,572.0428189925552,103,0.3829469680786133,64.9994888305664,32.79901946783066,10.265545845031738,12.73834801303708
0.041642893105745316,-0.00811885284492746,-0.03954743593931198,0.013734990414958025,0.8073269128799438,0.7654782921075821,0.7309600114822388,0.017305040032498043,80.0,13.248571395874023,6.400330680608749,2.2675929069519043,2.3723711933561313,-0.006637710359209451,0.7637585691288113,80.0,272.3182364141345,544.6650226396919,104,0.3841376304626465,26.513202667236328,12.832208585739135,4.62971830368042,4.741413236250351
0.03151640295982361,-0.0032656675670295955,-0.026503443717956543,0.009052417444937262,0.7187118530273438,0.6722554199397563,0.6278353929519653,0.020434327501476782,80.0,25.227651596069336,10.459313637018203,2.9693870544433594,4.969611150977208,-0.0064644200274779,0.757598522976041,80.0,260.5316639697551,521.0914080976247,105,0.38525390625,50.48329162597656,20.938603776693345,5.984001159667969,9.935757114480461
0.019808035343885422,-0.004805492551531643,-0.02818973921239376,0.01073198261747006,0.7611778974533081,0.663680873811245,0.6027374863624573,0.032787666436227866,80.0,11.050077438354492,4.660796384513378,1.8554714918136597,1.849213733500135,-0.006296637097751955,0.751906397253275,80.0,260.1620716648548,520.3517740849852,106,0.38309764862060547,22.118053436279297,9.344477421045303,3.734510898590088,3.6935385554560183
0.013478059321641922,-0.0025148260116111486,-0.017248131334781647,0.006233826150813468,0.7191306948661804,0.642418847233057,0.5844548940658569,0.025403790275651438,80.0,19.00199317932129,5.146025122702122,1.3378055095672607,3.9452872050014114,-0.006371281681902474,0.7478267935290934,80.0,246.1902599586844,492.40821833801266,107,0.4812047481536865,38.016273498535156,10.309928232431412,2.7009899616241455,7.887566033132233
0.02946644276380539,-0.003317108511691913,-0.02656550332903862,0.009893217605794402,0.6642588376998901,0.5990869030356407,0.5441617965698242,0.02687018122932911,80.0,7.149083614349365,2.446118375658989,0.8255516290664673,1.2922521703079948,-0.0063494144961878185,0.7417600335106255,80.0,213.86017963853476,427.747892844662,108,0.39806103706359863,14.3102445602417,4.910852764546871,1.685473084449768,2.5812365748442585
0.01834661141037941,-0.006967760290717706,-0.028003517538309097,0.009053262177668329,0.7272083759307861,0.6768680676817894,0.6221510767936707,0.022149785835443553,80.0,30.71891212463379,12.159809467196464,3.3860955238342285,5.035108360250853,-0.006269643837207695,0.735886994816363,80.0,202.26116375768186,404.5495842072814,109,0.4005725383758545,61.4463005065918,24.34709188938141,6.81365966796875,10.066496712921467
0.03264107555150986,-0.0037899413495324553,-0.02485039457678795,0.008672869427711722,0.8182317018508911,0.7901869483292103,0.7675437927246094,0.011395053597198057,80.0,28.867774963378906,10.36349487900734,3.1867480278015137,6.074514537078331,-0.006170791858603479,0.73119296695292,80.0,199.17196426242586,398.37089363889396,110,0.41107678413391113,57.751155853271484,20.750373321771622,6.384443283081055,12.145813307786204
0.024327008053660393,-0.009718265966512263,-0.04041217267513275,0.01298572037345176,0.7893511056900024,0.7493085049092769,0.712593674659729,0.016075756443947493,80.0,33.137054443359375,12.034143403172493,2.9384007453918457,6.297423049443073,-0.006115856741351308,0.726341587625444,80.0,197.52606100746988,395.07888021354375,111,0.3898637294769287,66.31837463378906,24.10270962715149,5.9373016357421875,12.589712209930932
0.022290369495749474,-0.002662601351039484,-0.02165244333446026,0.0075279978863520836,0.8035831451416016,0.7638814240694046,0.7373342514038086,0.011147469012027355,80.0,3799.53515625,1111.4360184848308,7.611666202545166,866.8264932657629,-0.006047235237521817,0.7215935282036664,80.0,207.2129456607401,414.45241731636224,112,0.3844418525695801,7599.1005859375,2222.892638885975,15.237671852111816,1733.65866926204
0.03147522360086441,-0.0025694186973851175,-0.025636309757828712,0.009801094092899688,0.7675182223320007,0.7329636789858341,0.7079281806945801,0.01365225621107728,80.0,449.1628723144531,182.12578620910645,36.578514099121094,91.93678333268055,-0.005975185612245696,0.7181272363215686,80.0,208.4193419949114,416.8649965552538,113,0.380584716796875,898.34228515625,364.2713700294495,73.19674682617188,183.87027559776217
0.012336216866970062,-0.006815405731322244,-0.030325904488563538,0.008318085426469024,0.7455441355705261,0.713354616612196,0.6748230457305908,0.01573422320926595,80.0,18.1323184967041,4.945164725184441,1.6399731636047363,3.2634248839956985,-0.0059848110637103664,0.7147698432579638,80.0,207.56569723331927,415.1576591410189,114,0.396373987197876,36.27906036376953,9.918227341771125,3.317284107208252,6.521181043706616
0.009604286402463913,-0.0075108639721293,-0.028127193450927734,0.008833330977907368,0.7307392954826355,0.7024153374135494,0.6548512578010559,0.015364109641716306,80.0,113.47383880615234,57.62543398141861,10.614765167236328,25.792813117208805,-0.00594138619210571,0.7117833272293211,80.0,207.15274880576138,414.33161571402843,115,0.3855299949645996,226.95079040527344,115.27993845939636,21.236173629760742,51.580839428516526
0.0170765221118927,-0.006288802181370556,-0.02345346100628376,0.008834630016814822,0.838863730430603,0.8079163730144501,0.777053952217102,0.014090183568823475,80.0,9.956089973449707,4.762101861834526,2.3479092121124268,1.6253230811004162,-0.005909004091518,0.7107373546883464,80.0,206.56490824076533,413.1558488953858,116,0.37539124488830566,19.92955780029297,9.552939641475678,4.733574390411377,3.2487696161419217
0.020616546273231506,-0.008522953241481446,-0.03075801581144333,0.010020631566659688,0.7862245440483093,0.7465998902916908,0.7027922868728638,0.015599910799926979,80.0,17.359798431396484,5.29136140793562,1.5262030363082886,3.7198494665676627,-0.005852723556017735,0.7087789277285337,80.0,206.26823446370665,412.56234960700573,117,0.39635229110717773,34.73368835449219,10.614700645208359,3.0700368881225586,7.431147227891672
0.02028374746441841,-0.0035389512253459544,-0.0252959243953228,0.008414799591581963,0.7883011102676392,0.7496034599840641,0.7108796834945679,0.013333825823297901,80.0,7461.06689453125,3813.851626586914,1374.7239990234375,1399.3455181646789,-0.00582138021758874,0.7079035411477089,80.0,243.92562223912776,487.8770450887829,118,0.24028921127319336,14922.150390625,7627.72533569336,2749.4375,2798.6954181489104
0.012805668637156487,-0.002305436151800677,-0.01358092576265335,0.004380960399878834,0.8920912742614746,0.8455088853836059,0.8082112073898315,0.01547061742021523,80.0,678.3749389648438,328.15275173187257,199.40042114257812,82.28687049538165,-0.005743623504968126,0.7083691953271627,80.0,246.70446211816372,493.4345786376149,119,0.21032023429870605,1356.768310546875,656.3270233154296,398.79217529296875,164.5731661830157
0.0033916644752025604,-0.000989287084667012,-0.00955328717827797,0.0019025663071672327,0.8324713110923767,0.7922053940594196,0.7549400925636292,0.016128446711204794,80.0,8374.9169921875,3566.8135002136232,945.5553588867188,1460.6825786964603,-0.005689243321627147,0.7084278134778142,80.0,282.0439063029438,564.1133590948731,120,0.3778402805328369,16749.849609375,7133.644790649414,1891.125,2921.364804419176
0.02434539422392845,-0.004351997654885054,-0.022454883903265,0.008982214686861357,0.8728616237640381,0.8216166876256465,0.7604839205741882,0.021463651169382897,80.0,3608.34033203125,1175.9053144454956,231.7552490234375,723.9407089497746,-0.005650150890665828,0.7088148644119501,80.0,293.4264193343073,586.878314530626,121,0.41570472717285156,7216.6982421875,2351.8357467651367,463.52716064453125,1447.8817071076496
0.007895181886851788,-0.009043459850363433,-0.027933528646826744,0.008515686473824552,0.8025342226028442,0.764949095249176,0.7363765835762024,0.01432225865218911,80.0,916.9584350585938,669.6393005371094,436.5275573730469,101.53850146450276,-0.005713821495679441,0.7084703539833427,80.0,299.9862413005978,599.9980789081008,122,0.5077400207519531,1833.93212890625,1339.311986541748,873.1024169921875,203.07470197493672
0.010667730122804642,-0.005385388375725597,-0.02458135038614273,0.007561657139619321,0.8022842407226562,0.7671688124537468,0.7399985790252686,0.012176641294399907,80.0,719.0304565429688,468.44213104248047,238.9622802734375,104.41896137462292,-0.00573365523837856,0.7084785657525063,80.0,303.854875822559,607.7353878051192,123,0.40078282356262207,1438.0751953125,936.9103775024414,477.976806640625,208.8354099460418
0.0037403758615255356,-0.010254522319883108,-0.034955885261297226,0.00859197125999631,0.7071807384490967,0.6633223682641983,0.6066154837608337,0.02004624453752269,80.0,646.7168579101562,237.65240154266357,104.95323181152344,107.27614067165536,-0.005756266703334404,0.7068834039196373,80.0,304.9311937589795,609.888037039891,124,0.398512601852417,1293.4482421875,475.3385820388794,209.93994140625,214.54590174277362
0.002044282853603363,-0.009667527792043985,-0.03115038201212883,0.00798622192914235,0.61556077003479,0.5700991705060006,0.5095617175102234,0.021642814017949603,80.0,171.86546325683594,68.39341650009155,31.031694412231445,28.230725634180605,-0.0057870472334616355,0.7044722580462696,80.0,305.35987436003984,610.7454115878493,125,0.4293355941772461,343.7433776855469,136.81757054328918,62.11009216308594,56.454387506350926
0.006818898022174835,-0.00987778337439522,-0.033107370138168335,0.008828735945738641,0.7514183521270752,0.6540934436023236,0.5943022966384888,0.038833001273173295,80.0,52.63720703125,16.645220738649368,4.5774712562561035,11.00429413747122,-0.005796785740210908,0.7018936413377523,80.0,305.29277005477246,610.6111708799749,126,0.5185985565185547,105.28682708740234,33.32327893972397,9.174971580505371,21.997887178935404
0.017206277698278427,-0.009115828829817475,-0.027309175580739975,0.008587873548258494,0.8530521392822266,0.7924249276518822,0.7233203649520874,0.023371281263539198,80.0,47.55350112915039,10.420067864656449,2.9720046520233154,7.81859574609492,-0.0057552253288740765,0.6996419044658542,80.0,305.1185756679922,610.2626539467722,127,0.4622657299041748,95.1233139038086,20.874215841293335,5.9593610763549805,15.631004543915063
0.008416499942541122,-0.008959744632011279,-0.029061153531074524,0.008966807439886478,0.8683094382286072,0.8171090900897979,0.7923989295959473,0.01576469203157372,80.0,48.81569290161133,13.922367471456528,4.5095438957214355,9.047158238567063,-0.005807669641129904,0.6973995155319571,80.0,304.92448879511653,609.8745402416139,128,0.3304147720336914,97.64675903320312,27.878996634483336,9.035146713256836,18.08758288453086
0.01161644235253334,-0.004597918962826952,-0.028419332578778267,0.0067942006487995725,0.7184099555015564,0.6787077598273754,0.6415963768959045,0.01638688080148493,80.0,24.793746948242188,8.776529374718667,2.6799235343933105,4.1500834530995245,-0.005737720068282215,0.6935847083479167,80.0,304.8911907246113,609.8077279051095,129,0.3069181442260742,49.60142517089844,17.57582879662514,5.377799987792969,8.2973650419541
0.00431051105260849,-0.009335823054425419,-0.0296725332736969,0.008473304338891744,0.6236231327056885,0.5938951551914216,0.5578290224075317,0.015101153658206858,80.0,31.551084518432617,8.41393496543169,1.498526930809021,5.467518537706741,-0.005709804268059088,0.6894338193014264,80.0,304.8446859360784,609.7145794786662,130,0.389690637588501,63.113765716552734,16.858419427275656,3.0407986640930176,10.927981780881074
0.03470561280846596,-0.007541617879178375,-0.03152548521757126,0.012194391697638095,0.5781225562095642,0.540400817990303,0.5072028636932373,0.01504613700492674,80.0,36.50312805175781,8.819183309376239,1.1047353744506836,7.254079211418899,-0.005696616202738369,0.6851569115296008,80.0,304.60168863528963,609.2284729630202,131,0.40482544898986816,73.01045989990234,17.664258003234863,2.242232322692871,14.501945268319389
0.018681738525629044,-0.0058684952498879285,-0.026476314291357994,0.008428318505642844,0.6632516384124756,0.6053911127150059,0.5310681462287903,0.02583842231403441,80.0,7.522244930267334,1.9042307518422603,0.479312926530838,1.2688456081198483,-0.005704800483159488,0.6823254457563164,80.0,304.1915802045688,608.4082158311456,132,0.40982985496520996,15.056680679321289,3.832306307554245,0.9782801866531372,2.5375981199306876
0.008167866617441177,-0.0036849982046987862,-0.020091811195015907,0.007266947305224633,0.6711410284042358,0.5860156200826168,0.4971041679382324,0.03959990045616934,80.0,13.883795738220215,3.987158350646496,0.6838027238845825,2.3964997069330445,-0.005682568280695705,0.679032925270498,80.0,303.99236975229536,608.0096846130788,133,0.2606379985809326,27.785194396972656,7.993407009541988,1.4002870321273804,4.790941544414088
0.012195516377687454,-0.002580178319476545,-0.017794093117117882,0.0065923526123410426,0.7017747759819031,0.6399741299450398,0.5908095836639404,0.023814629198870025,80.0,16.9030704498291,5.364402996003628,0.7957581281661987,2.935018541958072,-0.0056643363528710335,0.6763399096876386,80.0,303.8238767609522,607.6726083031742,134,0.2794005870819092,33.822418212890625,10.746765805780887,1.6342724561691284,5.866739590225915
0.012326193042099476,-0.006148695934098214,-0.021929940208792686,0.007382786567676208,0.703021764755249,0.6634428277611732,0.6112277507781982,0.01951200484255282,80.0,17.055418014526367,6.156942221522331,1.0477267503738403,3.35378916444422,-0.005637235949427123,0.67407231297344,80.0,303.59830514331907,607.2213655084818,135,0.3129708766937256,34.122257232666016,12.339450687170029,2.129575729370117,6.705588301545018
0.0064956992864608765,-0.006169023015536368,-0.025171879678964615,0.00695043896730569,0.6497631072998047,0.6127271853387356,0.5654122829437256,0.017717461857838734,80.0,9.355494499206543,3.689642068743706,1.2234686613082886,1.8367268142269642,-0.005569438813050509,0.6702329943031076,80.0,303.26534360974284,606.555230061993,136,0.24942541122436523,18.722782135009766,7.4038767397403715,2.4694976806640625,3.6718138216128704
0.02285059355199337,-0.004833869321737438,-0.024058924987912178,0.008691684057356193,0.723900556564331,0.6819061860442162,0.638507604598999,0.01956117721294079,80.0,39.14847946166992,11.049195009469987,2.4186439514160156,7.351906250083241,-0.005588057508342899,0.6675227487236264,80.0,303.1973224834726,606.4191708432287,137,0.3725886344909668,78.30889892578125,22.12169588804245,4.864203453063965,14.69957217199569
0.02670782059431076,-0.0016827023937366903,-0.022899802774190903,0.009505336456845785,0.7834285497665405,0.7443969704210758,0.6957284808158875,0.018458875373788465,80.0,23.752607345581055,5.686279280483722,1.9207361936569214,3.481303576450936,-0.005508000656031071,0.6657861328646543,80.0,302.8681151647642,605.760561359331,138,0.38483643531799316,47.520408630371094,11.390811949968338,3.8812522888183594,6.959666664116219
0.015739351511001587,0.001495399494888261,-0.009587743319571018,0.00516698499810021,0.8452369570732117,0.8030094087123871,0.7490702867507935,0.023718170469571132,80.0,1132.11865234375,684.3429668426513,298.0407409667969,188.74698350546066,-0.005344382302544545,0.6657854270115496,80.0,309.53574528092884,619.0954943449944,139,0.3251492977142334,2264.257080078125,1368.6990036010743,596.0989990234375,377.4907109817372
0.002378314733505249,-0.0006660970044322312,-0.005470789968967438,0.0011940902835471505,0.757478654384613,0.7329528912901878,0.7103337049484253,0.011184471763397458,80.0,2119.7529296875,1381.047703552246,758.4378662109375,265.57728655646594,-0.005325382692622951,0.6642167444974184,80.0,322.9979649263098,646.0198643167465,140,0.23961091041564941,4239.5205078125,2762.1114044189453,1516.891845703125,531.153823512732
0.0040271226316690445,-0.0005126959003973752,-0.004335429519414902,0.001512427894029455,0.7818949222564697,0.7550200626254082,0.7278748154640198,0.012673775191588703,80.0,8703.6669921875,5424.416510009765,3188.7802734375,1293.0610689489379,-0.005300940033339429,0.662446362644434,80.0,377.04920003379135,754.1222498684376,141,0.25873446464538574,17407.349609375,10848.84910888672,6377.57763671875,2586.121912167384
0.00646933214738965,-0.005209370149532333,-0.0187997967004776,0.006512271804679359,0.8041179776191711,0.7687978446483612,0.7414259910583496,0.013942242497036435,80.0,6734.4111328125,3436.358491516113,1674.7962646484375,1159.0353206247328,-0.005293638710805681,0.6616756726503372,80.0,411.0710436562374,822.1659071512669,142,0.25208520889282227,13468.865234375,6872.742782592773,3349.595458984375,2318.0732128518403
0.010564090684056282,-0.00500935577438213,-0.0220087468624115,0.005742637664832713,0.7861015796661377,0.7462920308113098,0.7084158658981323,0.016189347718873922,80.0,335.1460266113281,188.93574953079224,114.43165588378906,47.55033693792065,-0.00529276411345927,0.6619368804693222,80.0,412.75643214143065,825.536687609002,143,0.25388121604919434,670.3056640625,377.8964447021484,228.89334106445312,95.097231055935
0.030102554708719254,-0.005488049425184727,-0.021936776116490364,0.011571202317957895,0.7719754576683044,0.7395935632288456,0.7103636264801025,0.014590173687874302,80.0,3440.114501953125,1087.3319736719131,23.439783096313477,776.1644986777269,-0.005308611026441213,0.66229392413795,80.0,423.2976821174696,846.6192263071982,144,0.26416492462158203,6880.244140625,2174.689706707001,46.905784606933594,1552.3264916504295
0.009369287639856339,-0.0030190076271537692,-0.020261120051145554,0.0055816239007456005,0.76756751537323,0.7249663665890693,0.6768139004707336,0.021209648149330313,80.0,139.5090789794922,62.067343735694884,28.333179473876953,23.913857542456302,-0.005259027862804942,0.6607345805317163,80.0,423.65731565315275,847.338363022849,145,0.25965380668640137,279.0328674316406,124.15522441864013,56.68614959716797,47.82597094026419
0.00928208976984024,-0.006684637407306582,-0.02397872507572174,0.007162654527583386,0.7291580438613892,0.6998553074896335,0.6769033670425415,0.012400372841666507,80.0,104.6622314453125,48.982298731803894,24.974138259887695,18.752223274230033,-0.005268724052235485,0.6603010459914804,80.0,423.9170447263196,847.8578318853827,146,0.37764954566955566,209.33868408203125,97.99196343421936,49.98634719848633,37.49817251801274
0.009729023091495037,-0.009830838482594117,-0.03624130040407181,0.008692804192268434,0.6973041296005249,0.6435249917209148,0.6115756630897522,0.018561401973349118,80.0,71.4481430053711,35.021121215820315,16.638647079467773,11.645798981112504,-0.005316451791150031,0.6596459026634691,80.0,423.8543492754176,847.7325233445613,147,0.43904852867126465,142.91339111328125,70.07477540969849,33.30326461791992,23.284903818852342
0.016195429489016533,-0.00736819434678182,-0.023906709626317024,0.006489710045036333,0.6677305698394775,0.6312689825892448,0.5943306684494019,0.015219781017274746,80.0,63.896183013916016,36.08460967540741,19.19403839111328,8.37237067509727,-0.005327944500779268,0.6597119817510247,80.0,424.0456742150858,848.1151975323411,148,0.46627140045166016,127.81199645996094,72.19658136367798,38.40021514892578,16.743249703791452
0.011752501130104065,-0.005315260583302006,-0.024182060733437538,0.007528357606037704,0.6726510524749756,0.6331727132201195,0.600832462310791,0.015038934801901422,80.0,71.03087615966797,35.14318795204163,20.291532516479492,8.939059008245748,-0.005299676885362715,0.658615618288517,80.0,424.00955920410894,848.0428890513629,149,0.438701868057251,142.07479858398438,70.30967011451722,40.619476318359375,17.874990837527758
0.014302203431725502,-0.008408913551829756,-0.029655084013938904,0.008886694446327554,0.7054448127746582,0.6432987168431282,0.6105846166610718,0.01668154169269434,80.0,116.6738510131836,65.03242285251618,31.644678115844727,16.011445844224085,-0.005363189513183898,0.6586424459218979,80.0,424.4560308569147,848.9359599193781,150,0.4329674243927002,233.38265991210938,130.09452977180482,63.31352615356445,32.0209760044505
0.009938444942235947,-0.002826928539434448,-0.015137862414121628,0.004938376379919653,0.6842762231826782,0.6579705335199832,0.6177723407745361,0.014407922491679532,80.0,210.01705932617188,82.72860074043274,38.111637115478516,31.812849878838573,-0.005321449561306508,0.6594016901627184,80.0,424.8558576830103,849.7355452775208,151,0.41527700424194336,420.04791259765625,165.47601470947265,76.25493621826172,63.62339925021512
0.00528973713517189,-0.005872183543397113,-0.02773200534284115,0.006786637175398432,0.7263767719268799,0.6901600793004036,0.6538150310516357,0.013792043059682445,80.0,203.8255615234375,62.20856876373291,25.507179260253906,34.91575832788058,-0.005364104495762149,0.6624789944663644,80.0,425.37801601731024,850.78000879924,152,0.3580899238586426,407.66314697265625,124.44268460273743,51.04339599609375,69.82704879414652
0.02472551167011261,-0.0063967993191909045,-0.024720733985304832,0.009253796685150641,0.7306069135665894,0.6938619419932366,0.6474275588989258,0.017214576840843283,80.0,48.66238784790039,17.939354050159455,6.981607913970947,10.374670322487802,-0.005338234367634868,0.6649402337744832,80.0,425.33878468274315,850.7015436137169,153,0.44492673873901367,97.33677673339844,35.905378711223605,13.999306678771973,20.745258921782433
0.012973189353942871,-0.0056783260719384995,-0.025797542184591293,0.007956808519354408,0.836378276348114,0.7931284628808498,0.7504546642303467,0.015779984023600136,80.0,54.147945404052734,20.485799884796144,9.022416114807129,9.516833683892772,-0.005382937079499244,0.6686214409358798,80.0,425.3361807200834,850.6964987169952,154,0.4017481803894043,108.30927276611328,40.99881889820099,18.07371711730957,19.029277491733325
0.011788975447416306,-0.007128623028984293,-0.03003208339214325,0.008548706162800459,0.8285942077636719,0.7928732804954052,0.7584786415100098,0.015573760979267178,80.0,61.054298400878906,29.34729974269867,13.29199504852295,11.104117378394717,-0.0054462054189934874,0.6716148824729024,80.0,425.44350453894583,850.9113327582328,155,0.3939402103424072,122.11125183105469,58.72471406459808,26.609739303588867,22.198975309859005
0.013825049623847008,-0.005929679647670128,-0.01987897977232933,0.006583854514049987,0.9089891910552979,0.8729159779846668,0.8305388689041138,0.016241661120119506,80.0,80.77108001708984,24.979857528209685,8.24542236328125,14.562331110118858,-0.005404627455689479,0.674997771155089,80.0,425.4715099579022,850.9673280926197,156,0.38950467109680176,161.57101440429688,49.98903279304504,16.506465911865234,29.120287068802146
0.004270938225090504,-0.010630283248610794,-0.03215775638818741,0.008504630727883628,0.9287313222885132,0.8963816799223423,0.8377634882926941,0.01609941539844226,80.0,29.336017608642578,10.997184780240058,3.970369577407837,4.868022988342168,-0.005499140048574191,0.6792216747291384,80.0,425.4625703698024,850.9497224190682,157,0.39405107498168945,58.68702697753906,22.03355779647827,7.984217643737793,9.727967205051202
0.022835800424218178,-0.005788775387918577,-0.019738072529435158,0.007298189160348133,0.8513995409011841,0.8146939061582088,0.7833041548728943,0.01461080801135595,80.0,44.935733795166016,13.250026163458823,2.7229185104370117,10.526298958551482,-0.005510638624604326,0.6823499143943189,80.0,425.41752168732137,850.8597106180637,158,0.3964216709136963,89.90580749511719,26.527923864126205,5.463536262512207,21.050432064837604
0.005761768668889999,-0.003918436384992674,-0.016282550990581512,0.005243169542851459,0.7346645593643188,0.7009996891021728,0.6740155220031738,0.012689692034721024,80.0,46.6071891784668,15.014496311545372,3.2115848064422607,10.253416851403012,-0.005501009460887872,0.6837952535003424,80.0,425.30582785918557,850.636332612142,159,0.38095927238464355,93.22637939453125,30.05084944367409,6.426167011260986,20.50165294594483
0.012022512033581734,-0.00438101488398388,-0.030396990478038788,0.009129297431537457,0.8080002665519714,0.7569414578378201,0.7196024656295776,0.01843509361188532,80.0,21.39204978942871,4.586345372349024,0.8322685360908508,4.414938875225123,-0.005533728968526702,0.6867852885574104,80.0,424.8499349321126,849.7246720079929,160,0.3284182548522949,42.79991912841797,9.196591600775719,1.677909016609192,8.825281639259027
0.022245341911911964,-0.008711113489698618,-0.0293278805911541,0.00933279190355679,0.8054485321044922,0.7651891745626926,0.7273738384246826,0.015958171704512972,80.0,15.678618431091309,4.617935305833816,1.2711265087127686,2.44977080083025,-0.005572906519810203,0.6904836913831534,80.0,424.5288647417426,849.0826839575618,161,0.2556014060974121,31.387832641601562,9.268596628308297,2.5831549167633057,4.894695074413211
0.010653330013155937,-0.0084175621625036,-0.02809314802289009,0.0071546843600719815,0.8020614981651306,0.7507907472550869,0.720139741897583,0.015398731174415451,80.0,10.984302520751953,3.104126140475273,0.7822725176811218,2.5311051763308066,-0.005569851106673014,0.6939016830995679,80.0,424.34787735524776,848.7207714335768,162,0.27870798110961914,21.986812591552734,6.240103185176849,1.601337194442749,5.056554710724315
0.007519003003835678,-0.007268171518808231,-0.02988215908408165,0.008179152113100066,0.831275463104248,0.8007300160825253,0.7527005672454834,0.015145879529398143,80.0,29.91609001159668,8.513442265987397,1.625497817993164,5.275287610921242,-0.005604240783781279,0.6978136703222989,80.0,423.9943810575307,848.01392585887,163,0.3020362854003906,59.85181427001953,17.057435432076453,3.305497407913208,10.541990644074398
0.01599871553480625,-0.0031371924676932396,-0.0210416242480278,0.008143011377691831,0.7731839418411255,0.7339020378887653,0.6930955648422241,0.01781362700686856,80.0,2990.651611328125,989.1168663978576,22.580530166625977,706.1419121361296,-0.005575787477369885,0.7004687315896153,80.0,433.82750287573043,867.6801656714229,164,0.29016566276550293,5981.3330078125,1978.2546833992005,45.176414489746094,1412.2836056922577
0.015015441924333572,-0.004244696494424716,-0.023767244070768356,0.006300193902372225,0.7839316129684448,0.7460830748081207,0.7027549743652344,0.01821184946416269,80.0,35.719635009765625,11.11488335132599,3.140932559967041,6.2266887680684855,-0.005579170354700181,0.7027108199037612,80.0,433.7314304823727,867.4880724941042,165,0.25800418853759766,71.45765686035156,22.253177726268767,6.314495086669922,12.45046408697124
0.014425935223698616,-0.005376901046838611,-0.02020164206624031,0.006325202927844383,0.8404631018638611,0.8040724515914917,0.766780436038971,0.01706354494084622,80.0,35.581275939941406,11.409766069054603,2.2273871898651123,6.008238676147965,-0.005595673571719089,0.7063774058930576,80.0,433.7231801049859,867.4716780762822,166,0.22718000411987305,71.17884826660156,22.846367317438126,4.488851070404053,12.013247882263466
0.0076306164264678955,-0.007848172099329531,-0.025294072926044464,0.007234923852820248,0.7548619508743286,0.7127576068043708,0.6849839687347412,0.015162226016033108,80.0,30.588781356811523,12.959819734096527,4.665080547332764,5.289607821285386,-0.0055916027012572166,0.7087067186571658,80.0,433.46302070464196,866.9513977223783,167,0.27248287200927734,61.1904296875,25.949590957164766,9.377069473266602,10.570120623741973
0.008156813681125641,-0.004233640455640853,-0.022555705159902573,0.005261044025320098,0.7779200673103333,0.7356480769813061,0.6873859167098999,0.021401107463579254,80.0,36.2705078125,11.75298712849617,3.6046247482299805,5.754725446489159,-0.005492142802133459,0.7085122174508871,80.0,432.94864202137296,865.9224375386983,168,0.2801504135131836,72.55590057373047,23.529154485464097,7.240318775177002,11.505846485344179
0.011154737323522568,-0.005361146753421054,-0.027060452848672867,0.008305533284920365,0.8158992528915405,0.788278778642416,0.7591533064842224,0.014746861493902686,80.0,30.087478637695312,10.55915487408638,5.542782306671143,4.566884621465175,-0.0054974161243007994,0.7088364995978773,80.0,432.5943787157684,865.2139279566557,169,0.26008033752441406,60.19091033935547,21.144797611236573,11.101978302001953,9.127937983322408
0.008779682219028473,-0.0007471550139598549,-0.008518379181623459,0.0033625532395758625,0.7496085166931152,0.7067885637283325,0.666259229183197,0.0177258413593991,80.0,3016.36767578125,1066.4916954040527,98.24488830566406,678.488880577498,-0.005448432804347248,0.7093502935655416,80.0,440.8530759165436,881.7312348547728,170,0.2524399757385254,6032.755859375,2132.9990379333494,196.49844360351562,1356.978527688536
0.013977769762277603,-0.0007568456348963082,-0.01946078985929489,0.00724752220301707,0.7296543121337891,0.6907745718955993,0.6498221158981323,0.016500809253020006,80.0,2813.4150390625,921.6770061016083,45.80705642700195,691.1057385775528,-0.0054001971321122255,0.7083150416202845,80.0,449.290317558065,898.6056009150296,171,0.25979018211364746,5626.85302734375,1843.3693369865418,91.64375305175781,1382.2106263597423
0.018065188080072403,-0.002084803988691419,-0.021502066403627396,0.007936021676578102,0.795586884021759,0.7618241675198079,0.7185924053192139,0.016361791698724662,80.0,4844.720703125,1706.1314453125,353.6629638671875,903.5400329026462,-0.0053467351497092745,0.7071158479191364,80.0,466.1033777177483,932.2315903441458,172,0.24595212936401367,9689.45703125,3412.2822982788084,707.3403930664062,1807.0836179980179
0.015233879908919334,-0.002423354296479374,-0.02433782070875168,0.008648302774131438,0.8156644105911255,0.7656917855143547,0.7183053493499756,0.01728312377278516,80.0,2518.52490234375,865.3918596744537,44.96112060546875,614.8565854848543,-0.005289490733033744,0.7069364848397671,80.0,474.5041094449908,949.0329356405288,173,0.33197021484375,5037.056640625,1730.8038717269897,89.93817138671875,1229.7092054725626
0.014661354944109917,-0.00730683850706555,-0.025494348257780075,0.009244038574804289,0.8426879048347473,0.801488084346056,0.7550941109657288,0.017235847125803148,80.0,87.86141204833984,43.34162540435791,15.119510650634766,16.847074768960155,-0.005333246197056723,0.7067997350804507,80.0,474.7091246952564,949.4430509113818,174,0.4261596202850342,175.73779296875,86.71389346122741,30.255455017089844,33.68889915280506
0.012315061874687672,-0.00581297644530423,-0.022857435047626495,0.007531641178176392,0.891302227973938,0.8430651545524597,0.786298394203186,0.02150918838813149,80.0,54.99702453613281,23.91579862833023,11.148582458496094,7.624309492722129,-0.005343985702696955,0.7070271595232188,80.0,474.86245293156804,949.7497334141881,175,0.553886890411377,110.0074462890625,47.860084772109985,22.335851669311523,15.246552556871444
0.01952935755252838,-0.0006952195020858198,-0.013837192207574844,0.005639488312471236,0.8600056171417236,0.8264773659408092,0.8006162643432617,0.014200625274288742,80.0,3446.10205078125,1811.1296897888183,726.187744140625,625.2628212812513,-0.005258664855238749,0.7057817256860435,80.0,492.75111985318364,985.5268713553102,176,0.4053332805633545,6892.2216796875,3622.277264404297,1452.39892578125,1250.5266581168005
0.01188519224524498,-0.0018425745191052556,-0.015630751848220825,0.005701845647881572,0.8251951932907104,0.7867076724767685,0.7528618574142456,0.013818541236590409,80.0,2626.33447265625,866.0537024974823,39.8429069519043,606.7517918929879,-0.0051631090503360625,0.7051791368834673,80.0,501.25397892437866,1002.5323864499479,177,0.4140622615814209,5252.6962890625,1732.1268359184264,79.71056365966797,1213.5027401440263
0.009909075684845448,-0.008687591645866632,-0.028016969561576843,0.00896176305812964,0.73095703125,0.6928452797234058,0.6503397822380066,0.017755893123498914,80.0,21.476383209228516,4.890560165047646,1.4764206409454346,4.135721718404506,-0.005192874138272601,0.7049953696615993,80.0,501.2702670001388,1002.56501845558,178,0.40755248069763184,42.96697998046875,9.812352362275124,2.9683709144592285,8.265761654721631
0.013967711478471756,-0.007451623043743893,-0.02528354339301586,0.0075320398768295915,0.8022788763046265,0.7439983151853085,0.690462589263916,0.021205467296330355,80.0,25.066152572631836,11.692902380228043,6.125636577606201,4.237354235970854,-0.005220869421056706,0.7069155859872697,80.0,501.352403239265,1002.7293853285462,179,0.39746952056884766,50.14879608154297,23.415587902069092,12.260826110839844,8.470145717983748
0.033428627997636795,-0.005177449024631642,-0.03362669423222542,0.010880284105856095,0.7831551432609558,0.7401451893150807,0.6934933662414551,0.019541220728474404,80.0,20.4343204498291,7.808786609768868,3.454871892929077,3.175607094765739,-0.005229703034507113,0.7081085831075906,80.0,501.31542740799495,1002.6554751929194,180,0.6035237312316895,40.883113861083984,15.642731010913849,6.9262800216674805,6.349386605448334
0.017204925417900085,-0.010010536096524447,-0.039583101868629456,0.011659075299085206,0.7875287532806396,0.7424571722745895,0.7036236524581909,0.019299512059641536,80.0,15.78746223449707,4.457719677686692,1.4056423902511597,2.5109596013983664,-0.0052503808909677915,0.7096198459938168,80.0,501.29539441391825,1002.6154807857423,181,0.40535783767700195,31.5906982421875,8.950309523940087,2.8273048400878906,5.015708547251919
0.02592291310429573,-0.009767831536009908,-0.035445135086774826,0.01149050841823812,0.7526606917381287,0.7186147958040238,0.6793295741081238,0.017517363825716524,80.0,16.37290382385254,4.698754277825356,1.630014419555664,3.132420117616089,-0.005309962099825499,0.7118003679327667,80.0,501.28048221167927,1002.5858191542179,182,0.3324310779571533,32.760860443115234,9.431416517496109,3.2939553260803223,6.257837445279448
0.01277642697095871,-0.0026807211223058404,-0.0133493198081851,0.00467050343780295,0.7435652017593384,0.7156677305698395,0.6793138980865479,0.014673906299437588,80.0,35.368831634521484,12.945886680483818,2.6607635021209717,7.180451785892805,-0.0053543481089291176,0.7132001531906426,80.0,486.4509240649342,972.9268194392472,183,0.28684234619140625,70.75265502929688,25.911448180675507,5.343192100524902,14.359260836773515
0.015050459653139114,-0.007695373450405896,-0.02409309148788452,0.008410535733287287,0.7807884216308594,0.7332998678088188,0.6965537667274475,0.016076861326370498,80.0,17.65462875366211,4.547974720597267,0.9526398181915283,3.160363384122256,-0.005414452797616835,0.7147349379993975,80.0,466.0452918812931,932.1157058438511,184,0.27311158180236816,35.32233428955078,9.12600618302822,1.941598892211914,6.314316102755493
0.00715169683098793,-0.012264394393423573,-0.029921293258666992,0.0091098263456502,0.748307466506958,0.7131933026015759,0.6805782914161682,0.016190809260898276,80.0,9.484643936157227,2.081863037869334,0.4045090675354004,1.8247874056140743,-0.005503346584067914,0.716550037443638,80.0,465.92793910155814,931.8812143743784,185,0.33203125,18.980819702148438,4.202518764138222,0.8691441416740417,3.642281020549922
0.025412263348698616,-0.006785332935396582,-0.03243599832057953,0.010593667864977858,0.7477635741233826,0.6984144687652588,0.654668390750885,0.019569217244573243,80.0,10.185409545898438,3.025346428155899,0.6149520874023438,2.034672852175154,-0.005525974155665609,0.717567005723715,80.0,465.80460776923223,931.6346173046977,186,0.28536462783813477,20.391345977783203,6.07823184132576,1.2308828830718994,4.059993998844343
0.010446526110172272,-0.0031766487285494805,-0.01600751094520092,0.005960529846896159,0.7052868008613586,0.6705547139048577,0.6243055462837219,0.016927866347000095,80.0,53.891441345214844,12.743927511572839,2.8428683280944824,9.280038692878954,-0.005501034052605974,0.7177420051693919,80.0,465.8176797673218,931.6607149195223,187,0.24955296516418457,107.77943420410156,25.507619470357895,5.680736541748047,18.55669694893933
0.014180291444063187,-0.007495950674638152,-0.02354085072875023,0.007804698114670517,0.7214182615280151,0.6792113676667213,0.6341703534126282,0.018582199715639503,80.0,24.88280487060547,7.808539101481438,1.423325538635254,4.915084304646256,-0.005556981326575624,0.7189668716192249,80.0,444.26374288050465,888.5529775532932,188,0.24863171577453613,49.779197692871094,15.645654246211052,2.895282506942749,9.827014043164423
0.006893365643918514,-0.0023814467538613828,-0.020568199455738068,0.004105029676745216,0.7810090780258179,0.7500155590474605,0.6928956508636475,0.016873405953567542,80.0,79.86882781982422,16.37018190920353,2.6531734466552734,15.506697682429783,-0.0055644263850117585,0.7198313611298801,80.0,406.14478013355654,812.3150846215933,189,0.25458860397338867,159.75357055664062,32.76012699604034,5.343338489532471,31.010826772321035
0.019638527184724808,-0.005829109641490504,-0.022693609818816185,0.007418189589036065,0.7981579303741455,0.7620350293815136,0.7297324538230896,0.015075262834140755,80.0,40.19879150390625,12.790204176306725,3.4064066410064697,7.175078522615091,-0.005594397823646433,0.7199418990761042,80.0,390.43653292528916,780.8986524900646,190,0.24960947036743164,80.4093017578125,25.607307171821596,6.851991653442383,14.34396702791497
0.011487098410725594,-0.0010956716840155422,-0.015594428405165672,0.005891935650306504,0.7693750262260437,0.727184358984232,0.6928455829620361,0.014979316789432604,80.0,2738.454345703125,865.1180562496186,45.496551513671875,649.2968904605582,-0.0055521509607497155,0.7203840254172682,80.0,386.08562994782255,772.1967711233348,191,0.2543213367462158,5476.92333984375,1730.2528612136841,91.00518798828125,1298.5945263275253
0.005363231524825096,-0.009751794365001842,-0.03006531298160553,0.007720733227885291,0.7140517234802246,0.6790904678404331,0.6267482042312622,0.017473384654917847,80.0,11.825027465820312,3.6240384548902513,1.0901304483413696,1.9431957713057157,-0.005620115523721326,0.7202809067070484,80.0,382.73031407989185,765.4862732184679,192,0.2328939437866211,23.66257667541504,7.281162348389626,2.228569984436035,3.879924898235033
0.003409929573535919,-0.009161175647750496,-0.028911152854561806,0.007864733440595672,0.8889870643615723,0.8441930279135704,0.7993226051330566,0.018315891798739728,80.0,42.24175262451172,15.146988028287888,4.010354042053223,8.532689722582424,-0.005657812164718053,0.7214470345377921,80.0,380.95795310480514,761.9416499865798,193,0.2631795406341553,84.50044250488281,30.329182434082032,8.063800811767578,17.06283116385663
0.012273034080862999,-0.004374174907570705,-0.026863541454076767,0.008644209197454834,0.7612459063529968,0.7275210075080395,0.6718631386756897,0.016264238663946287,80.0,70.62995910644531,35.509318029880525,13.316704750061035,13.601926996922112,-0.005685283504630208,0.7218644450604919,80.0,342.839102483224,685.704012080267,194,0.4128382205963135,141.275634765625,71.041934466362,26.666109085083008,27.19980078362616
0.030507400631904602,-0.0071481021353974935,-0.027805151417851448,0.008658688471990495,0.7116993069648743,0.6772137187421322,0.639611542224884,0.017275817271685714,80.0,38.23316192626953,16.501576673984527,4.6248369216918945,7.074780922747522,-0.005690748428198278,0.7205321749746801,80.0,342.6762886744252,685.3783687451631,195,0.4024238586425781,76.48091125488281,33.03099367618561,9.290301322937012,14.150365588749168
0.043130628764629364,-0.0023176747316028925,-0.019805189222097397,0.010148514761174867,0.9305926561355591,0.8892427675426007,0.8400722742080688,0.016723579623390064,80.0,72.90906524658203,40.5200553059578,14.939042091369629,12.509658424654953,-0.005644298041501318,0.7219049260988832,80.0,342.7334099666587,685.4925458784851,196,0.39388394355773926,145.8342742919922,81.06253049373626,29.895479202270508,25.01844960870572
0.016420572996139526,-0.0059416928212158385,-0.02828851155936718,0.00904093212034985,0.8767725825309753,0.8327755562961101,0.7957109808921814,0.018081174396636455,80.0,167.03538513183594,102.5948338508606,44.03044891357422,24.99388114565244,-0.005634709911275424,0.7228801455870272,80.0,343.29758797926814,686.6209022250923,197,0.39969778060913086,334.09112548828125,205.2182059288025,88.05976867675781,49.98884307874789
0.00986386090517044,-0.00827293322654441,-0.02617931365966797,0.007547515668918114,0.860416829586029,0.8052881240844727,0.7572088837623596,0.021662492891735437,80.0,61.29416275024414,32.003447115421295,15.360566139221191,11.21957263831279,-0.005635981278697728,0.7246263505741954,80.0,343.254690979313,686.5351456938536,198,0.46643614768981934,122.62893676757812,64.03954615592957,30.747180938720703,22.435568984998923
0.02511700987815857,-0.00562681335140951,-0.024115540087223053,0.010233943503567478,0.9721297025680542,0.9000778339803219,0.8102563619613647,0.03666013705043227,80.0,63.57069396972656,28.504964411258698,8.976283073425293,11.35525117563055,-0.0056451405469852035,0.7289647403433918,80.0,343.12019346661486,686.2662557459622,199,0.36745595932006836,127.15937805175781,57.039183831214906,17.924602508544922,22.711660401657635
0.024356532841920853,-0.005859888280974701,-0.028317496180534363,0.009875098878043264,0.9162241220474243,0.874682392179966,0.8205379247665405,0.020701657199921245,80.0,75.24555206298828,38.843642491102216,7.7109761238098145,14.353199792901963,-0.005621256887650816,0.731918495081365,80.0,343.21244252849743,686.4507651781589,200,0.30330753326416016,150.5229034423828,77.71649862527848,15.448227882385254,28.707321019402674
0.03152865171432495,-0.008688284730305895,-0.03294149786233902,0.011518106376584158,0.9509492516517639,0.9074912130832672,0.8462073802947998,0.025856939002782294,80.0,18.518701553344727,7.152010849118232,2.557629346847534,2.903315453418649,-0.0056421871354395995,0.7343262473493813,80.0,343.1626601704768,686.3512904785425,201,0.23988008499145508,37.05481719970703,14.339548099040986,5.13045597076416,5.801422723747939
0.020280493423342705,-0.009101931046461686,-0.031766943633556366,0.009169985327517513,0.9320504665374756,0.879718791693449,0.8276845216751099,0.02281280222002883,80.0,27.170185089111328,11.85718742609024,4.330852031707764,4.793747956335212,-0.005657291130657541,0.7366983723267913,80.0,343.1675072442107,686.3610622782262,202,0.2633047103881836,54.36875534057617,23.7501730799675,8.743481636047363,9.583946855300564
0.023955903947353363,-0.007959959720028564,-0.04253336787223816,0.011319198681459933,0.8104444146156311,0.7541070453822613,0.7049553394317627,0.020517702601221027,80.0,22.056718826293945,12.723925042152405,5.456223487854004,4.068270631250694,-0.005683417508000277,0.7368236259445546,80.0,343.13087902931494,686.2878606035262,203,0.2802555561065674,44.14543533325195,25.478851997852324,10.918584823608398,8.13281987564044
0.011916019022464752,-0.005167992174392566,-0.01767905056476593,0.007153657156009326,0.8000195026397705,0.7562401175498963,0.6898459196090698,0.02064913705878558,80.0,32.99349594116211,8.434926305711269,1.3601386547088623,6.028132851000302,-0.005653908901294928,0.7367312441989777,80.0,343.15122498556593,686.3284916525931,204,0.29538750648498535,66.00411987304688,16.895313492417337,2.7482669353485107,12.055312552604082
0.0283732321113348,0.0002536694461014122,-0.016173090785741806,0.00901758634076832,0.836402952671051,0.7810094565153122,0.7234159708023071,0.02324947392863289,80.0,30.966754913330078,13.21663733124733,4.030181407928467,5.7613281310613855,-0.005618715531163617,0.7378187845647334,80.0,343.17879822250825,686.3835894874782,205,0.2589225769042969,61.935970306396484,26.448387265205383,8.055312156677246,11.523413211911292
0.020526669919490814,-0.007243417645804584,-0.027771323919296265,0.008818386224783805,0.7330963015556335,0.6904954142868519,0.6438126564025879,0.01689942453681328,80.0,37.545780181884766,14.496433353424072,5.993086338043213,5.343501822807037,-0.005643094782106347,0.7380869299694894,80.0,343.2771545921974,686.5803563486188,206,0.2301807403564453,75.10986328125,29.021163535118102,12.018831253051758,10.684488850545685
0.013356557115912437,-0.005967882362892851,-0.03087092936038971,0.00858687600617749,0.6697331666946411,0.6239176303148269,0.5722567439079285,0.022767178972182285,80.0,13.300040245056152,2.3587923564016817,0.574604868888855,2.4562756823342347,-0.005677625345619164,0.7379019178003072,80.0,343.2492822645343,686.5246770545841,207,0.2806084156036377,26.604372024536133,4.741998828947544,1.1686863899230957,4.9053856985623
0.011509228497743607,-0.005875032150652259,-0.024426307529211044,0.007918839888361177,0.7038227319717407,0.6574581190943718,0.6115351915359497,0.022188710008978426,80.0,28.494482040405273,4.8711055427789685,0.6775521039962769,4.2829029772918865,-0.005703204582008765,0.7384856299608945,80.0,343.27353213620563,686.5732396303862,208,0.37122416496276855,56.992950439453125,9.76711034476757,1.3810210227966309,8.562470574177524
0.012392517179250717,-0.006734879454597831,-0.029569197446107864,0.00759464320172274,0.7287197113037109,0.655662789940834,0.5773873925209045,0.037022004342656546,80.0,10.066022872924805,3.8856332167983054,0.9855328798294067,1.7587871061059963,-0.005700875773647567,0.7382735771834851,80.0,343.1907903737016,686.4077472061664,209,0.38579869270324707,20.139873504638672,7.797849467396736,2.008254051208496,3.5139622970379865
0.009444204159080982,-0.007532038912177086,-0.025214964523911476,0.007655563489639239,0.6724118590354919,0.6422664679586887,0.6144448518753052,0.013139146477611803,80.0,8.41212272644043,3.232746823132038,0.9908109903335571,1.393515507532327,-0.005738296749274013,0.7367943723797797,80.0,343.11948289314284,686.2651775033327,210,0.38653135299682617,16.837345123291016,6.49340303838253,2.0233707427978516,2.784691432853443
0.019113389775156975,-0.005993676331127062,-0.019962381571531296,0.006677541839163441,0.6903021931648254,0.6660542003810406,0.626940131187439,0.012613302767872668,80.0,9.320633888244629,2.3669659473001956,0.5548422336578369,1.6207738576236042,-0.005701050852920162,0.7359618293344975,80.0,343.02281111858406,686.0717428106072,211,0.4015069007873535,18.652854919433594,4.759240354597568,1.1455564498901367,3.2364883504954434
0.0040681008249521255,-0.007147020538104698,-0.026015251874923706,0.006522136810003588,0.7488584518432617,0.7161636851727963,0.6866596341133118,0.013733201630591097,80.0,22.859298706054688,3.131766655668616,0.45768722891807556,3.439065837285863,-0.005745895044790813,0.7354846519455315,80.0,331.9397686002925,663.9057379277574,212,0.4701509475708008,45.73345184326172,6.292150600999594,0.9579856991767883,6.873350860041322
0.015609300695359707,-0.002353313070489094,-0.018218839541077614,0.006542186661071365,0.7268635034561157,0.6971797838807106,0.6703960299491882,0.012600414988609438,80.0,52.17494201660156,18.24721442461014,6.504225730895996,8.988659099935644,-0.005743733988521854,0.7351268129944802,80.0,330.30098288244756,660.6281550181733,213,0.5009996891021729,104.34647369384766,36.51307907104492,13.036824226379395,17.972301265012636
0.006132408976554871,-0.004798802547156811,-0.025317005813121796,0.005563914062047182,0.6540941596031189,0.6268899835646152,0.6008431315422058,0.011498799560877003,80.0,29.817638397216797,9.825688073039055,2.905789852142334,5.890292239703531,-0.005723567956680199,0.7342621666640043,80.0,330.3497881159261,660.7257078610585,214,0.3888700008392334,59.65204620361328,19.67351163029671,5.846641540527344,11.776740450701457
0.005843322724103928,-0.005939744896022603,-0.021907895803451538,0.006675235862625535,0.6693185567855835,0.6283184267580509,0.5884866714477539,0.017756551399569935,80.0,14.03646183013916,4.580935780704022,1.3961999416351318,2.27356676528599,-0.005707856765919132,0.7335211975574494,80.0,329.81934313391895,659.6647716512011,215,0.39452075958251953,28.084701538085938,9.186317473649979,2.8356733322143555,4.54175392418691
0.009141331538558006,-0.006762067397357896,-0.02780751697719097,0.006815417109834508,0.8208481669425964,0.7827040463685989,0.7361533641815186,0.01989990656351717,80.0,11.614497184753418,4.093885353207588,1.1468620300292969,1.8947704258680054,-0.005712589418079005,0.7332690742909908,80.0,329.81266096883263,659.6514117439017,216,0.40296459197998047,23.244510650634766,8.21694891154766,2.2946994304656982,3.7882795417464856
0.009370669722557068,-0.00948515790514648,-0.03566601127386093,0.0076528895134820064,0.7483625411987305,0.7139176733791828,0.6723418831825256,0.017177521727402667,80.0,29.777009963989258,8.84176270365715,2.248560667037964,5.253266600165466,-0.005722211464715655,0.7329422521218657,80.0,329.8481649817898,659.7224324785697,217,0.4072144031524658,59.58634567260742,17.71677411198616,4.523251533508301,10.502894244085798
0.009443825110793114,-0.004089545167516917,-0.021592896431684494,0.005497867655427246,0.7349783182144165,0.6755195714533329,0.6203685402870178,0.022473304685287254,80.0,37.89307403564453,14.951023083925246,4.20867395401001,8.083837387030073,-0.005727717404137364,0.7322014132365584,80.0,291.85915894676,583.7444164792522,218,0.3995084762573242,75.81548309326172,29.923735761642455,8.450345039367676,16.165005905834015
0.013782531023025513,-0.007123462564777583,-0.02526708133518696,0.008853009384301187,0.8251960277557373,0.7816809393465519,0.7268613576889038,0.020556260342481647,80.0,45.98271560668945,19.330428364872933,3.5507142543792725,8.304685191384914,-0.005775897668267134,0.731563133776188,80.0,288.77093571308995,577.568053621374,219,0.3950202465057373,91.98469543457031,38.690737527608874,7.11375093460083,16.60829177976801
0.017219454050064087,-0.008863812475465239,-0.03718237206339836,0.011559291176243987,0.8252087235450745,0.7505196422338486,0.6866666674613953,0.024472989035732834,80.0,69.10818481445312,23.772497755289077,6.959211826324463,10.183205279943616,-0.005854642922175116,0.7311462762579324,80.0,253.34052568850663,506.7073830508813,220,0.5789391994476318,138.2309112548828,47.57773360013962,13.95946216583252,20.362274636878514
0.017531506717205048,-0.004174902802333236,-0.03131382539868355,0.008787742992194276,0.8895800113677979,0.8219457909464836,0.7426767945289612,0.02992966932526155,80.0,18.971025466918945,8.91538650393486,2.9787685871124268,3.3441076218596626,-0.005852871973649598,0.7311495672911407,80.0,241.67062640909103,483.36758120056237,221,0.4086275100708008,37.95913314819336,17.85556173324585,5.939395904541016,6.6874975864114194
0.008724551647901535,-0.011765306344022975,-0.032385535538196564,0.01047229997376213,1.0224888324737549,0.940782580524683,0.7894617915153503,0.05241104096151566,80.0,22.402732849121094,7.0361983388662335,2.9005026817321777,3.960336862368958,-0.005880090438586193,0.7329079021438958,80.0,235.04459538710856,470.11560876467075,222,0.435957670211792,44.80568313598633,14.114742952585221,5.884678840637207,7.910846662430274
0.021293943747878075,-0.006590846972540021,-0.032281920313835144,0.011469424333385147,1.0842864513397217,0.9792856611311436,0.8707177042961121,0.05818492139253667,80.0,260.0625,79.95112829208374,23.087108612060547,52.43264481618884,-0.005892145024554337,0.7350290706306696,80.0,231.1596853596046,462.34585521366455,223,0.43770885467529297,520.134033203125,159.9350224018097,46.23103713989258,104.85552905170886
0.00629236176609993,-0.0061656774778384715,-0.02263793908059597,0.006437990437328921,1.0398656129837036,1.0078672297298907,0.9696917533874512,0.014070854803751334,80.0,49.108604431152344,14.128430509567261,4.924381256103516,9.892236038249937,-0.005851256576133891,0.7384745192453265,80.0,228.92444564927365,457.8753628921732,224,0.4530792236328125,98.23548126220703,28.28934988975525,9.892034530639648,19.778700932565837
0.03045995533466339,-0.005380055215209722,-0.025426041334867477,0.009976533029829168,0.9212825298309326,0.8792246870696545,0.8352221250534058,0.017529582302619428,80.0,295.0260314941406,128.53391904830931,58.912925720214844,46.46285427037361,-0.005808381850365548,0.741565774410963,80.0,229.52585067475584,459.0781490082964,225,0.42438530921936035,590.068359375,257.09618215560914,117.86431121826172,92.92176766936927
0.0019004028290510178,-0.01069134782301262,-0.033340245485305786,0.007851146182942048,0.873637855052948,0.8381431393325329,0.8054301738739014,0.014954840629892002,80.0,124.78795623779297,58.48277921676636,27.037635803222656,21.466149848643543,-0.005816517494851723,0.7434062713682651,80.0,229.94422625953703,459.91495325770234,226,0.4384768009185791,249.59263610839844,117.00370388031006,54.12289047241211,42.924232524022415
0.011999387294054031,-0.011423977662343533,-0.03569993004202843,0.010594630606793182,0.9761265516281128,0.9364465355873108,0.9054650664329529,0.01683891352885987,80.0,58.1521110534668,20.71755608320236,7.88002872467041,9.399010898216103,-0.005839598983176983,0.7448464874476194,80.0,230.04720114172255,460.12097798743105,227,0.4335200786590576,116.32266235351562,41.47668881416321,15.779523849487305,18.792245470027584
0.015853244811296463,-0.007291818020166829,-0.031664520502090454,0.008654894126789858,1.0321619510650635,0.989827374368906,0.9428852796554565,0.018997046017705944,80.0,26.547433853149414,13.140642577409745,3.859686851501465,5.182723430468311,-0.005822919717058539,0.7465736702904102,80.0,230.03938389278207,460.1053446730599,228,0.402026891708374,53.114524841308594,26.315665197372436,7.750553131103516,10.364114351174557
0.01491832360625267,-0.005424305587075651,-0.031683165580034256,0.007698651016255379,0.8942424058914185,0.8411992967128754,0.8028810024261475,0.016261373155926708,80.0,20.479116439819336,11.905865687131882,4.215268611907959,4.124686579858099,-0.005831183583301026,0.7481985856592653,80.0,230.0706772559062,460.1679804215058,229,0.24967503547668457,40.975440979003906,23.839403641223907,8.44373607635498,8.251440534521027
0.040837109088897705,0.0004548561351839453,-0.030180171132087708,0.012273006007426307,0.9244534373283386,0.8549822866916656,0.8101754188537598,0.02223961515470139,80.0,38.998477935791016,16.911890494823457,4.990628719329834,7.037511888871936,-0.005733276791404934,0.7508094569742678,80.0,230.15565681120006,460.33779593741133,230,0.31964564323425293,77.93252563476562,33.83997101783753,10.014223098754883,14.068613914746498
0.01097379345446825,-0.008543290197849274,-0.02918834425508976,0.008334516023253087,0.8624900579452515,0.8268360167741775,0.7963876724243164,0.01383370654184541,80.0,113.74340057373047,36.44989804029465,15.510890007019043,16.73633258081547,-0.005743293514591643,0.7536738089621068,80.0,230.43196395850921,460.8904875510856,231,0.408602237701416,227.50344848632812,72.93341937065125,31.07595443725586,33.467435113703196
0.0027469508349895477,-0.012041935499291867,-0.032833121716976166,0.008442771717798985,0.8322547674179077,0.7868130773305893,0.7335735559463501,0.022758965087890135,80.0,31.242284774780273,11.210792514681817,3.2522785663604736,6.019997977629204,-0.0058050279170856825,0.7554880286082626,80.0,230.5250295761376,461.0767785396501,232,0.4887430667877197,62.50112533569336,22.461405164003374,6.5398945808410645,12.033466748666342
0.014261877164244652,-0.008133340417407453,-0.030063122510910034,0.008689947838349565,0.742813766002655,0.6779748268425465,0.6313600540161133,0.022738599952611772,80.0,41.62916946411133,11.846933597326279,3.1656832695007324,5.660251480876918,-0.005849511339212768,0.756407620675862,80.0,230.6036273286044,461.23408140326296,233,0.3839101791381836,83.27154541015625,23.723693370819092,6.354235649108887,11.314726975457189
0.015076002106070518,-0.004849600908346474,-0.022472728043794632,0.00803470913847576,0.7884328365325928,0.7443518429994583,0.7009787559509277,0.018766518954366804,80.0,12.85129165649414,5.011382614076138,0.9265004396438599,2.8023386518497864,-0.0058722055651014675,0.7574513978064061,80.0,230.60009712478518,461.227087259613,234,0.38571834564208984,25.70956802368164,10.047351440787315,1.8832716941833496,5.60280872501728
0.014276230707764626,-0.00781742000253871,-0.02680366113781929,0.008900831008803014,0.7422306537628174,0.7104748077690601,0.6803687810897827,0.015364471066856119,80.0,15.430990219116211,4.225703372061252,1.0653843879699707,2.4296899793780593,-0.005888892805785873,0.757921717606485,80.0,230.58078473629055,461.18850526317215,235,0.41393351554870605,30.879880905151367,8.481251043081283,2.184943675994873,4.854651286999052
0.02002127096056938,-0.005590477626537904,-0.0202329158782959,0.0074965194824223,0.7649326324462891,0.7094081282615662,0.6709728837013245,0.018719528690818454,80.0,13.36906909942627,2.7080975130200384,0.9001075029373169,2.3409588782953046,-0.005883107351895888,0.7588885270357133,80.0,230.57096929073333,461.16888213714213,236,0.39837002754211426,26.75151252746582,5.441564136743546,1.816232442855835,4.678113671592619
0.01597691886126995,-0.00891231030691415,-0.029133101925253868,0.008117654652193367,0.7436516284942627,0.7103530161082745,0.6780896186828613,0.01586547308363089,80.0,44.55132293701172,11.20588103234768,2.3550069332122803,8.418639414618188,-0.005923891761747655,0.7591729953363539,80.0,230.57253615096207,461.17210311486576,237,0.3589746952056885,89.11631774902344,22.4437936604023,4.748434543609619,16.830822303879405
0.01249048300087452,-0.004289743216941133,-0.018170153722167015,0.005961380634261394,0.8148026466369629,0.7707040138542652,0.7416746616363525,0.014740252175009365,80.0,25.10422134399414,6.820115552842617,1.4642996788024902,5.279116251049442,-0.005949962169979699,0.7594360657706857,80.0,230.58387451368566,461.1948372421489,238,0.2883932590484619,50.23011779785156,13.66422467827797,2.9663190841674805,10.555282119276367
0.016155224293470383,-0.003085278091020882,-0.020045991986989975,0.007033124211114771,0.7662057876586914,0.7271767921745778,0.6885864734649658,0.015596152607818166,80.0,16.41031837463379,4.70181210488081,1.4609758853912354,2.9884758593704333,-0.0059957689458387895,0.7586777396053077,80.0,223.787462966308,447.6020905891583,239,0.40842342376708984,32.83527374267578,9.424338302016258,2.928773880004883,5.9728308141106785
0.011534396559000015,-0.00643793439376168,-0.02536742575466633,0.007611498003883557,0.7546348571777344,0.7252321138978004,0.6944060325622559,0.013451084485330925,80.0,37.95563888549805,11.991653269529342,5.249490737915039,7.708672559670262,-0.006053487319732085,0.7586005318313838,80.0,210.09690246348083,420.22108341430874,240,0.37486815452575684,75.92391967773438,24.010686933994293,10.553400993347168,15.411932341582364
0.008135182783007622,-0.010352116529247724,-0.029051611199975014,0.007904139430546167,0.8801143169403076,0.8468238890171051,0.7989934682846069,0.01696084516633837,80.0,25.638450622558594,8.621247747540474,3.5017552375793457,4.3057823937013575,-0.006151881526020589,0.7595185700953009,80.0,155.93894984085856,311.90539368831367,241,0.31652092933654785,51.31013488769531,17.280136287212372,7.03531551361084,8.607619233549322
0.01229085586965084,-0.007845361955696717,-0.02007916197180748,0.0068935639552253685,0.7947804927825928,0.7406955979764461,0.6955714225769043,0.01696312572450538,80.0,69.00904083251953,26.604788076877593,9.477516174316406,11.631225719827539,-0.006178241444082232,0.7592375476285814,80.0,121.84141280646624,243.71036667119708,242,0.28167271614074707,138.03237915039062,53.24008088111877,19.003923416137695,23.258140453691624
0.029969938099384308,-0.005645709205418825,-0.031147485598921776,0.01054201649429165,0.6490325927734375,0.609125503897667,0.5649983882904053,0.019728714276688535,80.0,144.65032958984375,47.06629030704498,17.326231002807617,26.78591861539893,-0.0061846049783926,0.7578658823594452,80.0,120.42271821422874,240.87296276914327,243,0.4676682949066162,289.316650390625,94.15605449676514,34.677520751953125,53.56878523724609
0.044293224811553955,2.600355655886233e-05,-0.021511122584342957,0.010130327084488201,0.7947628498077393,0.7561556063592434,0.7157038450241089,0.018144417348112153,80.0,1543.0361328125,753.114068031311,247.2566375732422,351.67453522203556,-0.006129464448575163,0.7580315027907492,80.0,117.08053915782271,234.18849779283258,244,0.3696575164794922,3086.05810546875,1506.2432090759278,494.52734375,703.3391715996277
0.027573024854063988,-0.0010406346525996923,-0.022486496716737747,0.0076280761672604,0.7308508157730103,0.6546029433608055,0.533689558506012,0.05249565886104339,80.0,403.2163391113281,184.1632046699524,71.39436340332031,63.750452180948535,-0.006109680718829624,0.7573278685584666,80.0,118.30149776716532,236.63036139451708,245,0.3450617790222168,806.4505615234375,368.34158458709715,142.81744384765625,127.50439787859584
0.0634818971157074,0.0006305887422058731,-0.019905012100934982,0.01390091277364571,0.8361918926239014,0.6978900201618672,0.5846881866455078,0.05235539373564869,80.0,347.216796875,159.14094324111937,27.50920867919922,62.06342868218743,-0.006036528457334498,0.7573082156851888,80.0,119.40308421225845,238.83338761626928,246,0.25688648223876953,694.3849487304688,318.294585609436,55.0167236328125,124.12183792427558
0.023903455585241318,-0.004284842600463889,-0.02686835452914238,0.010877111640740672,0.8058491945266724,0.629244040697813,0.5144129991531372,0.078033994400335,80.0,212.81552124023438,94.54621531963349,16.06177520751953,44.31316805196669,-0.005981068498513196,0.7571654061749576,80.0,119.9983351532966,240.02377571117137,247,0.27097153663635254,425.64501953125,189.11358489990235,32.147789001464844,88.62880419046816
0.0438532754778862,-0.0026661103998776524,-0.038111936300992966,0.011619700468116388,0.5940403938293457,0.4619851853698492,0.35432329773902893,0.052639723731360985,80.0,4.532978534698486,1.0366230357438326,0.13455608487129211,0.908897234694785,-0.005934047659044154,0.7554725682027638,80.0,119.64785528689994,239.32268807742747,248,0.22597694396972656,9.07352352142334,2.0878179892897606,0.28035640716552734,1.8143739589947474
0.05796162784099579,0.00305197878042236,-0.019086448475718498,0.013597209210378746,0.6901215314865112,0.5501809395849705,0.39527982473373413,0.06584875528942843,80.0,237.5712127685547,94.30959272384644,17.222370147705078,49.291005376073294,-0.00585037526540691,0.7546426504664124,80.0,120.239519334618,240.50583222243938,249,0.36467766761779785,475.1780090332031,188.6240846157074,34.473323822021484,98.58156990276777
0.022241991013288498,-0.0016671876248437912,-0.021749230101704597,0.008237178994739015,0.5753377676010132,0.5237807016819715,0.4655451476573944,0.02407188516824793,80.0,113.11239624023438,49.849911665916444,14.201690673828125,21.82125521902066,-0.005782958006137049,0.7534474703148009,80.0,120.08769422275198,240.2020232596174,250,0.27739381790161133,226.24171447753906,99.71363348960877,28.43100357055664,43.64350913380159
0.026519685983657837,-0.0016113041492644697,-0.022914934903383255,0.011330382303448351,0.860053300857544,0.6960188698023557,0.4521870017051697,0.11621854417804042,80.0,252.04335021972656,86.92866385579109,5.859148979187012,65.86440374709176,-0.00577080176223535,0.7538279536776246,80.0,120.12969485390559,240.28600782034547,251,0.24518227577209473,504.12774658203125,173.87447078227996,11.705082893371582,131.73558922014408
0.017205940559506416,-0.0017041503044310958,-0.02034802921116352,0.008279874083027161,0.9054883718490601,0.8176260769367218,0.6675755381584167,0.061981872355290187,80.0,207.06753540039062,66.62605718374252,8.55239200592041,42.72339460040341,-0.00572912142984569,0.7551026136539876,80.0,120.1738697381057,240.3742997307554,252,0.3732728958129883,414.14398193359375,133.27187564373017,17.116079330444336,85.45206657842097
0.046317290514707565,-0.003979641164187342,-0.029166799038648605,0.011961890287703702,1.1372928619384766,1.0402384929358959,0.8862745761871338,0.07220273867830994,80.0,164.78382873535156,53.34306629896164,4.671015739440918,30.412605499228267,-0.005704949848295655,0.7585663791634143,80.0,120.5279068605937,241.08239491472395,253,0.3858010768890381,329.5802917480469,106.714897108078,9.371747970581055,60.82039638898742
0.02567989006638527,-0.012117656687041744,-0.0532916821539402,0.01592526632143221,1.1759028434753418,1.0074546866118907,0.8294504284858704,0.08148820039892124,80.0,0.06909544765949249,-0.0024606446037068962,-0.04809914156794548,0.02180896311969576,-0.005769343154446688,0.7607096414007247,80.0,120.3230242552997,240.67280135691817,254,0.2562282085418701,0.16481079161167145,0.039463117625564335,0.02199321798980236,0.02578387088942153
0.024217519909143448,-0.012694094888865947,-0.027710245922207832,0.009857910659271779,1.0672976970672607,0.8914221465587616,0.7634180784225464,0.0696892949180576,80.0,0.021482575684785843,-0.015505478857085109,-0.0315447673201561,0.010387874909271568,-0.005824997873045506,0.7616951300613582,80.0,120.02939620308415,240.0856762730213,255,0.2799031734466553,0.02678953856229782,0.012205674912547693,0.00668148510158062,0.0045209183850440544
0.029777970165014267,-0.0010432932525873185,-0.019480835646390915,0.005926055019794619,0.8435219526290894,0.8197424449026585,0.7930019497871399,0.011195093493104593,80.0,2.8349382877349854,1.0242011878639459,0.3411394953727722,0.41437522928163323,-0.005776134009094677,0.7611633947305383,80.0,119.78983963968068,239.60645478320438,256,0.38713526725769043,5.685736656188965,2.066883811354637,0.705018162727356,0.8276211776069754
0.010906916111707687,-0.0026836245495360346,-0.020029641687870026,0.00606008628436627,0.5912353992462158,0.5447418726980686,0.5022920370101929,0.016405897949954926,80.0,118.28632354736328,34.071021223068236,10.41240406036377,21.107193240313173,-0.005696667422103929,0.7576469966582955,80.0,120.02057800410894,240.0677022497686,257,0.37960314750671387,236.58380126953125,68.15830445289612,20.836641311645508,42.21247661487235
0.005947787314653397,-0.0008129605674184858,-0.0077714379876852036,0.0021157831676897596,1.0056731700897217,0.9937809750437736,0.9830988645553589,0.00479981368177419,80.0,8208.1884765625,4330.6089889526365,1760.53857421875,2087.9198663835386,-0.005646909273898929,0.7594378673471511,80.0,163.19416763200073,326.41481671840273,258,0.5283284187316895,16416.396484375,8661.239370727539,3521.095703125,4175.839014383159
9.591737762093544e-05,-0.00010590542224235833,-0.0005435645580291748,0.0001242757330813088,0.921055793762207,0.8969355471432209,0.8528730869293213,0.013493284175199124,80.0,5770.5244140625,4253.126525878906,3087.70361328125,718.9667549485725,-0.005608783964271426,0.7613972259275614,80.0,205.57528792767437,411.1770198328527,259,0.271817684173584,11541.0673828125,8506.271160888671,6175.42578125,1437.9334126023493
0.00046537071466445923,-0.00010567314748186619,-0.0010673906654119492,0.00021511040546410025,0.8688403964042664,0.8320662021636963,0.7851859927177429,0.014975819802206306,80.0,3720.55859375,2863.862890625,2295.12451171875,294.92115932576735,-0.005566030546906404,0.7621484733708205,80.0,234.16805338020086,468.36247975913005,260,0.39626288414001465,7441.1337890625,5727.742584228516,4590.2646484375,589.8422461129683
0.00014363601803779602,-5.796714685857296e-05,-0.0005001788958907127,0.00011099807110492334,0.9393470883369446,0.9036568559706211,0.8571115136146545,0.014905526506426264,80.0,4798.10009765625,4047.164587402344,3412.962890625,362.00287936221434,-0.0054794990834780045,0.7635331501848996,80.0,274.593519901166,549.2132678529056,261,0.2954690456390381,9596.21875,8094.34740600586,6825.9443359375,724.0058418310538
0.0002030394971370697,-0.00025818906724452975,-0.001392405480146408,0.00032074345813680894,0.9781508445739746,0.9636640541255475,0.9519256353378296,0.005884516368418492,80.0,5570.7861328125,4835.263186645508,4013.339111328125,390.7059482350918,-0.005397905352525413,0.7656618832536042,80.0,322.9151105062163,645.8563307492765,262,0.3129899501800537,11141.591796875,9670.546392822265,8026.69970703125,781.4115957334317
0.0007720589637756348,-9.86698258202523e-05,-0.0007601771503686905,0.00021944312865849796,0.9268903136253357,0.9113757707178592,0.8914189338684082,0.007820642993072786,80.0,3861.4990234375,3403.3841857910156,2779.224365234375,236.0320610990177,-0.005326210335595534,0.7667683407999576,80.0,356.86381794146655,713.7536241317721,263,0.26746368408203125,7723.01611328125,6806.786773681641,5558.4677734375,472.0640141070637
0.0005416907370090485,-0.0001338113157544285,-0.00114523246884346,0.0002549793831886037,0.8777204155921936,0.8324564643204212,0.7884055376052856,0.016032340904789662,80.0,3674.339599609375,3168.3879058837892,2603.238525390625,240.17724389421446,-0.005296176524076145,0.7677538850642739,80.0,378.65652833632595,757.339004177663,264,0.23946714401245117,7348.6962890625,6336.792687988282,5206.494140625,480.354524892782
0.0013450682163238525,-0.0007828259433154017,-0.004494436085224152,0.0011173375877973827,0.8728968501091003,0.8321902379393578,0.7969010472297668,0.013188831686119994,80.0,3055.591064453125,2484.6928833007814,1685.677490234375,228.58473403263048,-0.005261557818565053,0.7686149566955863,80.0,403.3923083358205,806.8105123479102,265,0.28595590591430664,6111.19921875,4969.403994750976,3371.373046875,457.16885867316114
0.0010492056608200073,-0.00039875118527561427,-0.002592045348137617,0.0007667617538712853,0.837419867515564,0.8038993537425995,0.7712353467941284,0.014713463113679543,80.0,2363.5537109375,1914.8196899414063,1411.0673828125,184.78590964826157,-0.005211776319949422,0.7686132257170973,80.0,422.426407574544,844.8786111747357,266,0.29973554611206055,4727.12548828125,3829.65625,2822.14892578125,369.5718201109611
0.0007607024163007736,-0.0005376610846724361,-0.003932386636734009,0.0007196493858721936,0.8950684666633606,0.8630175366997719,0.8236032724380493,0.011864792770990267,80.0,3850.15576171875,3321.612652587891,2797.50830078125,211.37340309758582,-0.0051386712098028505,0.7701158250160515,80.0,455.51293590308194,911.0515517886015,267,0.34131956100463867,7700.3291015625,6643.24365234375,5595.03466796875,422.74642187994954
0.0006785094738006592,-0.0003063922689761966,-0.0017890632152557373,0.0004540718524396792,0.8834940195083618,0.8512404017150402,0.8142900466918945,0.014560793375038926,80.0,3919.6484375,3294.9961700439453,2682.6787109375,222.1478045654691,-0.005099398727936205,0.7712717482633888,80.0,488.3453677322364,976.7163600972624,268,0.458179235458374,7839.314453125,6590.009985351562,5365.37255859375,444.2954846121348
0.0006000213325023651,-0.0008411520277149976,-0.003402508795261383,0.0009920026756944159,0.9150594472885132,0.8949880294501782,0.8706588745117188,0.010516773275876646,80.0,4023.44482421875,3350.351104736328,2648.880859375,293.20383099078725,-0.005054198780679145,0.7723388407714664,80.0,521.7432872308589,1043.5121303218336,269,0.44052815437316895,8046.908203125,6700.721820068359,5297.779296875,586.4072332134649
0.0003829803317785263,-0.0009210491407429799,-0.004674041643738747,0.000965807467909604,0.9050915241241455,0.8721922412514687,0.8257231116294861,0.014632550344767436,80.0,3842.273681640625,3445.69944152832,2918.219482421875,219.78503441200414,-0.005055937721946976,0.7739928775466979,80.0,545.5353646921016,1091.0963214000196,270,0.4200923442840576,7684.56494140625,6891.4181457519535,5836.4609375,439.56918332464807
0.0012417398393154144,-0.0007339815143495798,-0.006338402628898621,0.001308337877056395,0.9600141048431396,0.948360163718462,0.933643102645874,0.004981571649221768,80.0,3863.087158203125,3310.515744018555,2771.224609375,232.84034560985256,-0.0050557090807415075,0.7765687334649265,80.0,569.4237520712709,1138.8731475614043,271,0.2564516067504883,7726.193359375,6621.051953125,5542.4658203125,465.6804914353511
0.004547798074781895,-0.0022707660362357275,-0.009725943207740784,0.002834925784650743,0.8778882026672363,0.8484640210866928,0.8157768845558167,0.012644240434743761,80.0,2375.221435546875,1788.0082092285156,1260.739501953125,267.85920404103234,-0.005057568701216951,0.7774351320005954,80.0,570.2425197104311,1140.510703637454,272,0.37671875953674316,4750.47021484375,3576.037905883789,2521.4970703125,535.7185554138156
0.004966244101524353,-0.002070331107825041,-0.012885562144219875,0.0036242322321945286,0.7525555491447449,0.7157525584101677,0.68317711353302,0.014748158667898699,80.0,1620.121826171875,1015.2119995117188,470.7706298828125,254.25053352328754,-0.005054038469330407,0.7769357397295535,80.0,571.7407211088038,1143.507089557025,273,0.5336911678314209,3240.259521484375,2030.442463684082,941.546875,508.50125096188816
0.00959018711000681,-0.001881800330011174,-0.01353430561721325,0.003508667446364246,0.8620386123657227,0.8358763702213764,0.8116809129714966,0.01198498751900487,80.0,2548.43603515625,1821.057681274414,1221.6611328125,285.4244937031485,-0.004999788087559864,0.7772796225883067,80.0,589.5178816675043,1179.0613091429207,274,0.4297664165496826,5096.89794921875,3642.135852050781,2443.33544921875,570.8503812974867
0.0030962135642766953,-0.00371825160109438,-0.014765184372663498,0.003988686252210132,0.882811427116394,0.8461066797375679,0.8125268220901489,0.013414337040526157,80.0,3049.76904296875,2232.335354614258,1423.7716064453125,300.2388218221526,-0.004978840839117766,0.7773100378401578,80.0,611.6020772273636,1223.2296587346527,275,0.48207831382751465,6099.564453125,4464.695043945312,2847.57080078125,600.4763541435448
0.0073659177869558334,-0.006332376855425537,-0.018186654895544052,0.00643913513408653,0.9203216433525085,0.8875154547393322,0.853537917137146,0.012395437783209172,80.0,3730.148193359375,2145.9762100219727,1264.5609130859375,407.3053962505949,-0.005035212412651163,0.777920418728143,80.0,614.9505424296952,1229.9267146428556,276,0.43419408798217773,7460.337890625,4291.982855224609,2529.151611328125,814.6111525550606
0.008095531724393368,-0.005185487907147035,-0.022040240466594696,0.00587715491602146,0.8651483058929443,0.8352952532470226,0.79909348487854,0.013289368467320506,80.0,1473.8485107421875,541.9242787361145,46.113075256347656,249.66556119074127,-0.00506864154653158,0.7784062945358454,80.0,611.7092481920815,1223.4442025636167,277,0.4905385971069336,2947.7138671875,1083.8756279945374,92.2485122680664,499.33197403498906
0.0051616281270980835,-0.00197417049203068,-0.01218762993812561,0.0036453334942469716,0.730412483215332,0.6944816343486309,0.6621331572532654,0.01571621126755173,80.0,897.7130126953125,259.1269572734833,46.48764419555664,156.551339408667,-0.00500150733499322,0.7784226580820979,80.0,614.2516121631659,1228.528796559754,278,0.420116662979126,1795.439697265625,518.2717519760132,92.98953247070312,313.10145644109184
0.01946944370865822,-0.0028338736708974467,-0.0227192435413599,0.00744078709424559,0.9223017692565918,0.8921338088810444,0.8489169478416443,0.012581870675989804,80.0,1420.1373291015625,767.6816139221191,416.65850830078125,189.26388017881575,-0.004955329841264756,0.7799040130190551,80.0,621.8114992785846,1243.6485079903039,279,0.37821054458618164,2840.27783203125,1535.3867309570312,833.33935546875,378.52696827647554
0.006246762350201607,-0.0031839399598538876,-0.017010681331157684,0.005037617114369514,0.8253452777862549,0.7983414456248283,0.756654679775238,0.01303074514513889,80.0,629.3189086914062,264.51363306045533,81.2328872680664,117.98040112594126,-0.004935394750616979,0.7804859755821526,80.0,624.3785477430916,1248.7825766652259,280,0.26959943771362305,1258.6539306640625,529.0495985031127,162.48191833496094,235.96057940556852
0.016387276351451874,-0.003877762728370726,-0.024049529805779457,0.007061359210417653,0.8920430541038513,0.8744783014059067,0.8543131947517395,0.009562862512105624,80.0,251.22703552246094,133.63501195907594,40.656341552734375,46.0907006308178,-0.004874067016935442,0.7818061868734657,80.0,625.6703206659055,1251.3660262791846,281,0.4014005661010742,502.4822998046875,267.2952709197998,81.3401870727539,92.18393215703841
0.012746483087539673,-0.0014514166221488267,-0.01212054118514061,0.004299907100459361,0.8497204780578613,0.8157954007387161,0.7762079238891602,0.013768715341753194,80.0,246.81918334960938,79.29168518781663,10.994120597839355,48.504163300951696,-0.004790902867796831,0.7827779929228127,80.0,626.4162499750055,1252.8577379991145,282,0.41843247413635254,493.659912109375,158.6025885105133,22.005813598632812,97.00928122151647
0.018056349828839302,-0.0015970780630595982,-0.017831528559327126,0.005484610369978771,0.9132718443870544,0.8867246799170971,0.8593738675117493,0.012150280226706424,80.0,630.9003295898438,198.7096876859665,26.32497215270996,146.7067294740919,-0.004780066437204368,0.7844885624162852,80.0,628.2738879850602,1256.573026572499,283,0.45589256286621094,1261.8184814453125,397.440305519104,52.67333984375,293.4109871190933
0.017329376190900803,-0.003361663338728249,-0.02408110722899437,0.007726160327240904,1.0045362710952759,0.9813052766025067,0.9548141956329346,0.010647409325913928,80.0,51.90699005126953,14.742789790034294,1.007089376449585,9.381412519834372,-0.004736729336087592,0.7869686165042222,80.0,628.3758361357546,1256.7768858002157,284,0.46420907974243164,103.83341217041016,29.511928954720496,2.0517983436584473,18.763867524174923
0.015651684254407883,-0.0016807226871605962,-0.023619428277015686,0.007793295534084571,0.9507691264152527,0.9185608521103859,0.8763857483863831,0.01599587458780887,80.0,55.99673080444336,8.942030619084836,0.7857826948165894,11.639732505971448,-0.004630892619024961,0.7890222919993104,80.0,628.4444378115668,1256.9139185519996,285,0.4363687038421631,112.01220703125,17.90579394251108,1.5916281938552856,23.277936041125482
0.008024830371141434,-0.008356086193816736,-0.03127732500433922,0.008542602699392431,0.9386523365974426,0.8948950663208961,0.8523503541946411,0.017996031603423286,80.0,84.10220336914062,22.49992072582245,5.351058006286621,16.576366392166836,-0.0046466001516091635,0.7909870979748668,80.0,628.6391835545435,1257.303480749029,286,0.445084810256958,168.2225799560547,45.03445154428482,10.749591827392578,33.14544765801529
0.004226163029670715,-0.004244539514183998,-0.014720272272825241,0.003924860603879256,0.927232563495636,0.8784657180309295,0.8351074457168579,0.018134222616158966,80.0,32.385169982910156,9.625329652428627,2.178161382675171,5.9941330813267735,-0.004657279059465508,0.7930662080161274,80.0,628.607997575952,1257.2411717300595,287,0.4357454776763916,64.78846740722656,19.276717573404312,4.390527725219727,11.98580504694996
0.007988177239894867,-0.004427177371690049,-0.019708644598722458,0.005565212243011172,0.8506066799163818,0.8066382192075252,0.7671193480491638,0.019477750007887748,80.0,32.84734344482422,6.228688061237335,2.023808002471924,5.562700342666879,-0.004626591326436028,0.7943404765315354,80.0,628.5921990655496,1257.209538820672,288,0.445615291595459,65.71034240722656,12.482363307476044,4.0889763832092285,11.120962170422098
0.005531486123800278,-0.004671585431788116,-0.019746048375964165,0.005282375867185288,1.0374953746795654,1.0075664900243282,0.9754393100738525,0.014020915702992746,80.0,11.413483619689941,3.682724256068468,0.5518674850463867,2.1915866679556046,-0.004649492713215296,0.7969159858413042,80.0,628.4653244890183,1256.9558869807752,289,0.43679332733154297,22.84337615966797,7.394943006336689,1.1440788507461548,4.380521372662989
0.013365581631660461,-0.004459963628323749,-0.021825389936566353,0.006278237597507432,0.9896824359893799,0.9498033560812473,0.900146484375,0.01779768268262032,80.0,7.442091464996338,1.0170955210924149,0.18065576255321503,1.2964485762371853,-0.004635801253083629,0.7987936691083014,80.0,628.347593402466,1256.7204349795313,290,0.40213918685913086,14.903213500976562,2.0621070474386216,0.4056771695613861,2.5896587073119592
0.018075061962008476,-0.0007734232232905925,-0.015269042924046516,0.006284820820099404,1.1694411039352417,1.1075228065252305,1.0654232501983643,0.020671144246513496,80.0,4.076840877532959,0.5938286166638136,0.11686216294765472,0.6789608145403488,-0.004632578768476379,0.8025970535837114,80.0,619.7023511261365,1239.4300199127824,291,0.3093883991241455,8.174004554748535,1.2113545387983322,0.2571919858455658,1.3567586579450612
0.11859140545129776,0.00898573596496135,-0.028462406247854233,0.03040358760169616,1.160070538520813,1.051839394122362,0.9617847204208374,0.04155229873459043,80.0,0.24537293612957,0.028615874983370305,-0.024592667818069458,0.057389615337726727,-0.004445203465176746,0.8063245428465307,80.0,619.6663969003374,1239.3578112599516,292,0.33260583877563477,0.5192996263504028,0.060297065298072994,0.004354280885308981,0.09299259694485382
0.031167224049568176,-0.01473231822019443,-0.03840535879135132,0.014215693560560093,0.9578119516372681,0.9099267587065697,0.8766398429870605,0.01691931660734478,80.0,4.014334201812744,0.35718409465625883,0.06312506645917892,0.5311369584514182,-0.004500914890901186,0.8069818801544608,80.0,619.518498861001,1239.06213974927,293,0.30780506134033203,8.047780990600586,0.762031365931034,0.21834594011306763,1.054618836263799
0.010173596441745758,-0.003942886122968048,-0.025807876139879227,0.006932238805398908,0.5383959412574768,0.4903095182031393,0.455363392829895,0.017620252964603195,80.0,60.31106948852539,22.232856273651123,8.091121673583984,9.66992220259701,-0.004496602003055159,0.8046097652614117,80.0,619.3857342434388,1238.7965544514473,294,0.3322885036468506,120.63481140136719,44.48340468406677,16.21807098388672,19.339076099197737
0.0026745647192001343,-0.01593853723607026,-0.03535597026348114,0.010184031353667198,1.051936149597168,1.0103703074157238,0.963487446308136,0.021566481413761888,80.0,164.73062133789062,90.46745381355285,44.272674560546875,27.450895885696642,-0.004584506354061887,0.8079413311481477,80.0,620.1253930148345,1240.2761144392307,295,0.34930896759033203,329.53350830078125,180.9869924545288,88.60406494140625,54.904559179667295
0.005293909460306168,-0.005525031738216057,-0.03182024881243706,0.006344564679272685,0.6795217990875244,0.6391692951321601,0.5905678868293762,0.01708945617140666,80.0,4.590721130371094,1.4562692746520043,0.7025352120399475,0.6754146144008132,-0.004616579924128019,0.8054405964240432,80.0,619.7347551545214,1239.4948528543378,296,0.30550670623779297,9.19405746459961,2.9363720044493675,1.4189400672912598,1.3458379646249807
0.008139053359627724,-0.004562322393758223,-0.01665002852678299,0.004778547228399939,0.9619976282119751,0.9044030040502549,0.8499820232391357,0.019786203809105035,80.0,42.064170837402344,12.661561745405198,5.199234962463379,6.976146955834879,-0.004602786219853442,0.8061568709015846,80.0,618.835422433467,1237.6961741575863,297,0.27405333518981934,84.15055847167969,25.350336253643036,10.420618057250977,13.948832417811108
0.018707506358623505,-0.004739049350610003,-0.02683446928858757,0.007910696398152572,1.0867853164672852,1.0571414187550545,1.0120022296905518,0.016681736025834816,80.0,0.6212306618690491,0.12816380851436407,0.007060409523546696,0.1047825217044188,-0.004567447381094098,0.8086754038482904,80.0,618.5166696003979,1237.0586481814507,298,0.30167174339294434,1.2633965015411377,0.2869485423900187,0.047798968851566315,0.20856846337435853
0.018666768446564674,-0.005585492419777438,-0.02558108977973461,0.007930540495506849,1.0646040439605713,0.9822052612900734,0.9238791465759277,0.029976390517510665,80.0,1.6136595010757446,0.5646565778180956,0.17883934080600739,0.2460806194137398,-0.004567034171777777,0.809496678121388,80.0,618.2372665220634,1236.4998576256344,299,0.4339563846588135,3.2467219829559326,1.1601282496005296,0.40055525302886963,0.4895875199592969
0.006268743425607681,-0.0023958336969371885,-0.012171602807939053,0.0038147366958575122,0.8799662590026855,0.8043485753238201,0.7322515249252319,0.02940492424909465,80.0,5.306852340698242,2.012077248841524,0.7556914687156677,1.0042513113206186,-0.004532393625937402,0.8087933399528263,80.0,617.8689508696408,1235.763142970384,300,0.3752453327178955,10.629020690917969,4.045033100247383,1.5262377262115479,2.0069429524852223
0.026099365204572678,-0.004478242481127381,-0.023776236921548843,0.009784310199583748,1.2003676891326904,1.1683706760406494,1.1362080574035645,0.011538009700964866,80.0,28.308265686035156,8.178859074413776,1.0115110874176025,4.619335162717869,-0.004490293203445617,0.8114021345824003,80.0,617.8792193518937,1235.7836479088674,301,0.5242109298706055,56.64043426513672,16.390041947364807,2.055678367614746,9.239933059106189
0.05317116528749466,-0.004514032381121069,-0.026885095983743668,0.016897104853305058,1.1872708797454834,1.140836776793003,1.04459810256958,0.036424703419521406,80.0,0.19228196144104004,0.05406524541322142,-0.02867809683084488,0.05396767527688055,-0.004444414216792212,0.8140133144333959,80.0,617.7611881300869,1235.5475459309812,302,0.43670225143432617,0.40230846405029297,0.13997529134503567,0.004495884757488966,0.10082958965889599
0.04227006062865257,-0.0034716426162049174,-0.023085514083504677,0.011202519879872289,1.1425659656524658,1.0736884646117688,0.9796997308731079,0.038744880166487104,80.0,0.3507204055786133,0.022839313629083334,-0.027385231107473373,0.06233848362480542,-0.004399531045753974,0.8172091286256908,80.0,617.6341772728017,1235.2934983678167,303,0.4236302375793457,0.7371319532394409,0.07409568140865304,0.0023553662467747927,0.12606819031135102
0.01465442031621933,-0.003337189077865332,-0.0191551074385643,0.00684400648595476,1.0230164527893066,0.9412419997155667,0.8921738862991333,0.029365755061845068,80.0,2.298670530319214,0.6804764959029853,0.12228419631719589,0.3516408229889959,-0.0043812230147887024,0.8190591474473478,80.0,617.5566327747036,1235.1384097549435,304,0.4050266742706299,4.615810871124268,1.386452205106616,0.25927257537841797,0.7012858920858132
0.017454754561185837,-0.003124175511766225,-0.017675239592790604,0.006319951614191204,0.7496174573898315,0.7065990753471851,0.6555653214454651,0.02177067014270972,80.0,22.476472854614258,10.361455476284027,4.401944160461426,3.2578751313426855,-0.004415001464367379,0.8183150436356663,80.0,617.528080956154,1235.0813587954756,305,0.39936089515686035,44.9698486328125,20.743291318416595,8.830395698547363,6.51482133631585
0.00791137758642435,-0.00691011999733746,-0.026576295495033264,0.007584373343593029,1.084768295288086,1.0412132993340493,0.9779146313667297,0.019781320149248657,80.0,43.43499755859375,15.886625838279723,4.033834934234619,8.275030370172813,-0.004411668487882708,0.8218222224861382,80.0,617.5419828810025,1235.1092261211393,306,0.4046168327331543,86.88961791992188,31.80789610147476,8.106308937072754,16.548396547700662
0.01094798743724823,-0.004625582048902288,-0.021483469754457474,0.006154205151848632,1.1514043807983398,1.1192057490348817,1.0666961669921875,0.018243160900191756,80.0,74.66497802734375,27.085407292842866,8.52937126159668,13.659666498425386,-0.004398245484742803,0.8267751036733388,80.0,617.789249030367,1235.6038306260673,307,0.2407982349395752,149.35208129882812,54.202449321746826,17.124431610107422,27.314844962674055
0.004832516424357891,-0.003817195224110037,-0.017395254224538803,0.004802198829979449,1.0053997039794922,0.9480131670832634,0.8946865797042847,0.021110173303371324,80.0,127.25909423828125,66.99542925357818,25.371070861816406,16.733902520503165,-0.00437766711547738,0.8296806541532277,80.0,618.410492267475,1236.8463340574172,308,0.36929941177368164,254.53677368164062,134.01745347976686,50.774871826171875,33.466293841408564
0.003078099340200424,-0.004366646497510373,-0.019964685663580894,0.004478320000676636,0.7805421948432922,0.7421578764915466,0.7051098346710205,0.015612034778218644,80.0,181.83770751953125,62.954836988449095,32.16743469238281,27.748365864855153,-0.004353984785906506,0.8305456050187349,80.0,619.0011843051915,1238.0276880698768,309,0.4229886531829834,363.68994140625,125.93325071334839,64.35841369628906,55.49310711607137
0.005162494257092476,-0.004115792649099603,-0.019237283617258072,0.005056388140593636,0.6457318663597107,0.603936605155468,0.5476233959197998,0.018975527116628792,80.0,87.96066284179688,36.647990906238554,15.201069831848145,14.939677061456697,-0.00431982232327573,0.8301623063907025,80.0,619.3353367460226,1238.6959169690278,310,0.41386842727661133,175.9332275390625,73.31629295349121,30.41915512084961,29.8759357067137
0.004472530446946621,-0.004899077606387437,-0.01839640736579895,0.005048341364629755,0.9013755321502686,0.8466357544064522,0.8107616305351257,0.019080197742110595,80.0,65.16445922851562,25.558654469251632,4.406919956207275,11.481203333242608,-0.004308876336028334,0.8319681219309567,80.0,619.5672536312421,1239.1597649644134,311,0.5851054191589355,130.34585571289062,51.14403989315033,8.842222213745117,22.961060832634374
0.012445911765098572,-0.002670149033656344,-0.018831001594662666,0.005934073699514141,1.0233614444732666,0.9455652192234993,0.9009572267532349,0.02420707966475524,80.0,78.47882080078125,23.825403320789338,4.768548488616943,11.824129965919623,-0.004264107620983851,0.8342621372714638,80.0,619.7741899978934,1239.573594039787,312,0.4519317150115967,156.97579956054688,47.67505813837052,9.560564994812012,23.646649253430983
0.007706223987042904,-0.005689479084685445,-0.028303103521466255,0.0071813065506523745,0.8500844240188599,0.8241695210337638,0.794357419013977,0.013215002102984201,80.0,59.680091857910156,22.26612953543663,7.761512279510498,11.510466284338564,-0.0042974692811258135,0.8355320346429944,80.0,619.8143791490016,1239.6540644655122,313,0.580120325088501,119.37640380859375,44.56012164354324,15.563288688659668,23.01628899169029
0.009380454197525978,-0.0074618246289901435,-0.028123725205659866,0.008277602679280198,0.7769947052001953,0.7332278363406658,0.6950460076332092,0.015610656424484996,80.0,88.06353759765625,24.09607649445534,7.893654823303223,16.455014265596322,-0.004324099501944147,0.8365954131707548,80.0,619.9570830332157,1239.9395467585816,314,0.30980896949768066,176.1422882080078,48.22174093723297,15.832014083862305,32.903228683362734
0.003874722868204117,-0.006984251906396821,-0.023143505677580833,0.006122731048904198,0.739295482635498,0.6988370269536972,0.6593486070632935,0.01671235667446413,80.0,26.191162109375,7.004178163409233,1.8235809803009033,5.030430009110461,-0.00433454457204789,0.8373005991727114,80.0,619.9813154570428,1239.9880465982749,315,0.2968268394470215,52.39688491821289,14.036301442980767,3.6853182315826416,10.054644601510804
0.010127851739525795,-0.0033239283598959445,-0.015935707837343216,0.005606036541729302,0.8529707193374634,0.802162654697895,0.759432852268219,0.017839254304732037,80.0,36.28616714477539,16.45811297893524,7.161076545715332,5.7983927028329125,-0.00430016318167327,0.8374951852560044,80.0,620.1049577333,1240.2352662794483,316,0.42490291595458984,72.58818054199219,32.93891702890396,14.334380149841309,11.597293499506117
0.007875531911849976,-0.005792290240060538,-0.02098546177148819,0.006207394021439409,0.764958381652832,0.7314204595983028,0.7048920392990112,0.012870450071842898,80.0,31.882457733154297,7.637062411010265,1.9525902271270752,5.371186913694905,-0.0042632345050224105,0.8376702131181955,80.0,620.0929107303737,1240.2111019170477,317,0.3502216339111328,63.780025482177734,15.300337871909141,3.9277257919311523,10.73827911836081
0.006167754530906677,-0.007186545408330858,-0.02363951876759529,0.007705516477890054,0.7729183435440063,0.7366778999567032,0.7039295434951782,0.015744849031473183,80.0,45.457061767578125,7.184218131005764,1.2518960237503052,9.152125169845354,-0.00429420450743055,0.8382817964032293,80.0,620.0152426808444,1240.0558399885192,318,0.38107872009277344,90.92839050292969,14.397542908787727,2.5112106800079346,18.297914736016935
0.008658765815198421,-0.007281182939186693,-0.023951034992933273,0.008278693401689486,0.732904314994812,0.6941550388932228,0.6551859378814697,0.016857999202751942,80.0,25.043535232543945,6.228039374947548,1.995955467224121,4.987780465722612,-0.004295781711174641,0.837406537398696,80.0,619.8842187909453,1239.7937778555647,319,0.34087061882019043,50.101322174072266,12.484524232149123,4.027841567993164,9.967920620205096
0.00686369463801384,-0.005763103131903336,-0.026877710595726967,0.006892886150113666,0.7479673624038696,0.7034727729856968,0.6644116044044495,0.0194207728904955,80.0,24.878074645996094,10.411861753463745,3.618502140045166,5.211686707647532,-0.004264774617739022,0.8369360687062144,80.0,619.7506124309269,1239.5264937121167,320,0.2734227180480957,49.77014923095703,20.84931925535202,7.267809867858887,10.418672238242957
0.003372577950358391,-0.004960682499222458,-0.018374012783169746,0.004960600500814868,0.6968884468078613,0.6580753140151501,0.6159077882766724,0.018777283021440296,80.0,16.570131301879883,5.196198479831219,1.2706599235534668,2.8088200331771684,-0.004272632414707914,0.8352973639369011,80.0,619.7134205506859,1239.4520928931727,321,0.2521376609802246,33.1581916809082,10.415479838848114,2.5803771018981934,5.615077586502547
0.006129886023700237,-0.004880725633120165,-0.01824868470430374,0.005758350632003669,0.7938084006309509,0.7519115842878819,0.7101577520370483,0.016040608180919333,80.0,30.290376663208008,4.832487690448761,0.9889962077140808,5.795420057806355,-0.004203786607598885,0.8334086539745331,80.0,619.6913834442017,1239.407843214561,322,0.2585482597351074,60.59526443481445,9.689775091409683,2.008972644805908,11.58596357339765
0.005578409880399704,-0.011014532879926264,-0.03417569398880005,0.008760410740893825,0.779636025428772,0.7298676036298275,0.6860811710357666,0.01838602642993775,80.0,14.466297149658203,4.66130136102438,1.3678942918777466,3.1640556996399645,-0.004248023466672748,0.83091447339952,80.0,618.9384851748912,1237.9020852815702,323,0.24850034713745117,28.947771072387695,9.359229102730751,2.794250726699829,6.317615348805266
0.02294594794511795,-0.007624091720208526,-0.03146630525588989,0.011277249234721476,0.7524996995925903,0.6818486973643303,0.6090295314788818,0.028259003814311397,80.0,66.6626968383789,20.03895741701126,7.949464797973633,11.745429967856802,-0.0042626076090964485,0.8276542880758643,80.0,618.9975904439657,1238.0202597850157,324,0.24830007553100586,133.34637451171875,40.10680023431778,15.89511775970459,23.48344885491392
0.008871112018823624,-0.005705681879771873,-0.024377891793847084,0.0062595808269055985,0.7807811498641968,0.7317472711205483,0.677135169506073,0.024523393322529154,80.0,47.85111618041992,13.02187630534172,2.431370258331299,8.953568149180235,-0.00426586387574207,0.8261795139163733,80.0,617.8424700165359,1235.7099959520294,325,0.3643803596496582,95.71501159667969,26.069798856973648,4.905298233032227,17.901635512711472
0.01070401631295681,-0.004794570716330782,-0.021854057908058167,0.007319634811085643,0.7237668037414551,0.6795796640217304,0.6214103102684021,0.02025874324752929,80.0,36.72106170654297,13.515380674600602,2.528716564178467,7.240475571574335,-0.004206896104675252,0.8245938791632653,80.0,617.3927960311142,1234.8104983339504,326,0.3855280876159668,73.45026397705078,27.05394207239151,5.102453231811523,14.477361693004562
0.011258935555815697,-0.01061466857790947,-0.030806638300418854,0.007785313568534337,0.7964223027229309,0.7249823920428753,0.6744077205657959,0.029380547754125456,80.0,13.322052001953125,4.782516318559646,1.4700409173965454,2.0172947930584955,-0.004198803013830911,0.8224792377278208,80.0,617.2334456334679,1234.4917390621795,327,0.3987724781036377,26.658809661865234,9.600761637091637,2.9716644287109375,4.030668472978509
0.01057798694819212,-0.004082587925950065,-0.019468801096081734,0.007058497072362166,0.9456740617752075,0.9030483148992061,0.8560404777526855,0.02030391857493571,80.0,55.777339935302734,31.28412072658539,17.303239822387695,7.886981647116834,-0.004166710712888743,0.821611447133124,80.0,617.4148804149596,1234.854527086605,328,0.3924529552459717,111.56783294677734,62.594467639923096,34.64836120605469,15.771961830075131
0.015277298167347908,-0.007654616923537106,-0.024450719356536865,0.008969936754293346,0.7410473823547363,0.6873729139566421,0.6553555727005005,0.017407514310393734,80.0,44.806243896484375,15.843970036506652,6.118758201599121,8.75763223405811,-0.0041890138262533575,0.8200731833055616,80.0,617.4542614584533,1234.9333030186788,329,0.2985239028930664,89.62621307373047,31.71699684858322,12.280088424682617,17.507624797358087
0.005423835478723049,-0.008036430279025808,-0.028480330482125282,0.007501154738854626,0.7591641545295715,0.7056457497179508,0.6495563983917236,0.019056670133499726,80.0,79.05463409423828,27.11111944913864,13.795985221862793,13.021694308576746,-0.004273926690395455,0.8185798179358242,80.0,617.5562537479965,1235.137427554716,330,0.25456929206848145,158.12283325195312,54.25242462158203,27.638813018798828,26.03744819326521
0.021086059510707855,-0.006515945366118103,-0.035895463079214096,0.00984216371131993,0.7196081876754761,0.6766140602529049,0.6298521757125854,0.01934612684317701,80.0,29.440792083740234,10.156794945895673,1.898638129234314,5.502880365323291,-0.004253653242078144,0.8170775983706116,80.0,617.2933227170525,1234.6114949025405,331,0.2937803268432617,58.89509582519531,20.340154153108596,3.8361663818359375,11.001904650371973
0.0058480724692344666,-0.008910956684849225,-0.03361989185214043,0.008704314814070047,0.7749745845794678,0.7195212356746197,0.6718682050704956,0.021990209181760558,80.0,29.899925231933594,14.175646936893463,3.2950239181518555,5.312473506547191,-0.004222343453933717,0.8164046799540519,80.0,617.3229712612746,1234.670715913464,332,0.41184401512145996,59.817283630371094,28.383506256341935,6.6486945152282715,10.615429933604242
0.0067176129668951035,-0.007573280535871163,-0.023613492026925087,0.006141068165897593,0.852697491645813,0.8097444646060467,0.7722063064575195,0.016717291055793792,80.0,39.357730865478516,11.836994326114654,5.589935302734375,6.063689185760116,-0.004216742855118354,0.8177223763316869,80.0,617.3228718685624,1234.6705322807327,333,0.4138619899749756,78.73220825195312,23.705330097675322,11.209373474121094,12.123859411245798
0.004927940666675568,-0.011761607334483415,-0.02477233111858368,0.007653331171196667,0.7534114122390747,0.723478926718235,0.6865962743759155,0.015852152586299195,80.0,30.760921478271484,14.472687584161758,5.697690963745117,5.767499525937477,-0.004285862919379723,0.8175136471688746,80.0,617.4174849182633,1234.8598924440932,334,0.4644148349761963,61.537193298339844,28.98336777687073,11.421749114990234,11.529512594942355
0.0008234381675720215,-0.012007781496504322,-0.028451507911086082,0.007739557518766181,0.6519632935523987,0.6164662271738053,0.5773244500160217,0.016995363589256678,80.0,9.20930290222168,2.298471850901842,0.9498710632324219,1.656725751581781,-0.00432776653431938,0.816573561362922,80.0,617.3982126030518,1234.8214128197924,335,0.3035445213317871,18.430912017822266,4.633288612961769,1.9242334365844727,3.30511247226529
0.019563516601920128,-0.00804775520809926,-0.035679955035448074,0.009771576690991567,0.7824349999427795,0.7389887906610966,0.6932656764984131,0.018947912500821503,80.0,27.793264389038086,11.5656698346138,4.755000591278076,4.631625556105311,-0.004352339310134993,0.8168693679869174,80.0,617.4867883262676,1234.9986193286077,336,0.28519463539123535,55.60186004638672,23.1622150182724,9.540802001953125,9.257499408427229
0.02575218863785267,-0.007242833316558972,-0.02992568537592888,0.009157615469623999,0.7434557676315308,0.7046508163213729,0.6570730805397034,0.01531256472224896,80.0,12.800033569335938,4.949396587908268,1.2427245378494263,2.51126533381702,-0.004335644540231442,0.8168123459890484,80.0,617.4242234818233,1234.8734551105395,337,0.26976656913757324,25.6149959564209,9.927371853590012,2.520211696624756,5.017242622435745
0.005285676568746567,-0.01109901093877852,-0.032944291830062866,0.008659812222873346,0.7546626925468445,0.7175441466271877,0.6833929419517517,0.0161786424061732,80.0,4.656126499176025,1.4426429510116576,0.3300495147705078,0.9088913497968522,-0.0044037372174498155,0.8162807473167778,80.0,617.370448755805,1234.7660312120065,338,0.2629833221435547,9.324535369873047,2.9218348249793054,0.7297670841217041,1.8093000647431279
0.020158547908067703,-0.005963459640042856,-0.02980121597647667,0.009786602810733135,0.7656030654907227,0.719483033567667,0.6791790723800659,0.017505994740570668,80.0,14.671854019165039,4.093347878754139,1.0567657947540283,2.3197963050986297,-0.004432519032940035,0.8162038097307086,80.0,617.3643641135437,1234.753917951618,339,0.25760960578918457,29.360763549804688,8.213012263178825,2.142057180404663,4.635365881968615
0.011668955907225609,-0.005196176172466949,-0.022963570430874825,0.00699795137806073,0.7484814524650574,0.7166195049881935,0.680218517780304,0.0158939618917786,80.0,14.204047203063965,5.745485605299473,1.4240082502365112,3.0655293835077515,-0.004420101450727088,0.8161176836416126,80.0,617.3019024369014,1234.6289680408584,340,0.26804590225219727,28.422550201416016,11.51569585800171,2.905827045440674,6.126427423394983
0.004385795444250107,-0.007149156148079783,-0.02182600647211075,0.006256277150772178,0.6738304495811462,0.6448942832648754,0.6023982763290405,0.0161086619537227,80.0,18.173355102539062,8.734232066571712,1.3482893705368042,3.896273683238753,-0.004388071846915409,0.8140983875840903,80.0,617.3030322800918,1234.631123281096,341,0.31418800354003906,36.359073638916016,17.49566031098366,2.724849224090576,7.790370722589448
0.017517779022455215,-0.004576210997765884,-0.01946674846112728,0.006509893746325844,0.7900440692901611,0.7501968689262867,0.682052493095398,0.017866214415296684,80.0,8.949567794799805,2.283297075331211,0.5731509327888489,1.4672447106894861,-0.004355380337336101,0.8141934002935884,80.0,617.0598173700762,1234.1446299773352,342,0.2893826961517334,17.91415023803711,4.590750505030155,1.1751956939697266,2.931762174042228
0.03050392121076584,-0.004664555750787258,-0.023305028676986694,0.009023723949894102,0.7756487727165222,0.7321763418614864,0.6861231327056885,0.019596910759038043,80.0,8.119022369384766,2.030653878301382,0.5644464492797852,1.3934208657780838,-0.0043455688027897845,0.8154239086732267,80.0,616.6094610057887,1233.243922236149,343,0.29115724563598633,16.250167846679688,4.085280378162861,1.1371855735778809,2.7832301129331123
0.010689936578273773,-0.008580654306570068,-0.03355533629655838,0.008485548067448348,0.7390666007995605,0.6821186728775501,0.6473137736320496,0.0159321906460329,80.0,13.882004737854004,6.395437051355839,1.529072880744934,3.021303634080187,-0.004431635381421075,0.8146835393384099,80.0,609.1422746959892,1218.309706922774,344,0.2541203498840332,27.778541564941406,12.821677738428116,3.103163719177246,6.037252776288917
0.011360030621290207,-0.004466477048117668,-0.022942349314689636,0.006225968137693146,0.8720248937606812,0.8185761049389839,0.7566223740577698,0.02384683945462382,80.0,8.442893981933594,2.4638512179255487,0.79134202003479,1.5566939428621978,-0.004465893805376254,0.8163232709541917,80.0,607.325281161469,1214.6758211460453,345,0.24967622756958008,16.89710235595703,4.953006914258003,1.617598295211792,3.1117453082906508
0.03161424398422241,0.008825983636779711,-0.009401906281709671,0.008954472432572875,0.7624784708023071,0.661910918354988,0.6019203066825867,0.03278580761496711,80.0,639.5723876953125,362.02044315338134,148.13787841796875,108.61406060012034,-0.004383939856430516,0.8159634799361228,80.0,609.3540761605915,1218.733239994083,346,0.26285576820373535,1279.11669921875,724.036470413208,296.29656982421875,217.22477000019126
0.013453692197799683,-0.002602735668187961,-0.016088763251900673,0.005542328448820899,0.6707059144973755,0.6407539330422878,0.6074878573417664,0.015585216215839064,80.0,296.17218017578125,134.33358182907105,27.53561019897461,58.23993076578272,-0.004367118787107756,0.8160785788595676,80.0,609.7519498256859,1219.5289559984549,347,0.24411940574645996,592.3568725585938,268.6851853370666,55.10926818847656,116.4792029170828
0.010149436071515083,-0.0012227653758600354,-0.010512527078390121,0.00395365517150444,0.7466351985931396,0.7143371880054474,0.6678444147109985,0.01691470175475164,80.0,4511.1796875,1329.0362367630005,135.0559539794922,850.8050759422264,-0.00435268533686758,0.8186020988859236,80.0,623.0319459629586,1246.0889698740734,348,0.2379446029663086,9022.365234375,2658.0892055511476,270.1269836425781,1701.6073968267895
0.007544868625700474,-0.007473601133096963,-0.030934572219848633,0.007198109471767733,0.7666561603546143,0.7100246638059616,0.6491514444351196,0.018785827537925695,80.0,29.29413414001465,14.458759349584579,6.672048568725586,5.16158219404666,-0.004457941136002773,0.8202005361281336,80.0,622.2334376292159,1244.4921956911576,349,0.23493123054504395,58.60184860229492,28.94666632413864,13.381933212280273,10.316906061783305
0.007137421518564224,-0.00645255358540453,-0.025241203606128693,0.006571429451168763,0.7593905925750732,0.7027230463922024,0.6525347232818604,0.01982327601932422,80.0,125.24076080322266,44.98811416625976,5.386712551116943,26.53710384897375,-0.004505794795608381,0.8219899595752359,80.0,622.1848196542194,1244.3950912335408,350,0.2530639171600342,250.50741577148438,90.00318772792816,10.794073104858398,53.07294157181043
0.00365336611866951,-0.008992791498894804,-0.024805638939142227,0.0063935907931460334,0.8050170540809631,0.7562278747558594,0.7142760753631592,0.019878248866327754,80.0,101.84126281738281,48.060664498806,9.985699653625488,21.378474252073055,-0.004579609669104684,0.822592049624771,80.0,621.7961396606495,1243.6178909163966,351,0.2900731563568115,203.72396850585938,96.15443906784057,19.999088287353516,42.75761557291445
0.010736878961324692,-0.010134132078383118,-0.03042762726545334,0.007618182003687641,0.6590535044670105,0.5932705834507942,0.5501468181610107,0.02201197778913222,80.0,93.30709838867188,43.59785067439079,2.8239574432373047,22.10012030215678,-0.004663909486844205,0.8203484946899117,80.0,621.565857595556,1243.157450509478,352,0.3118886947631836,186.62612915039062,87.2278349518776,5.696739196777344,44.19778940753974
0.014051022008061409,-0.0068648621207103135,-0.021152770146727562,0.007474117489159189,0.9047679901123047,0.8366668872535229,0.7802685499191284,0.020727456936225082,80.0,20.678194046020508,10.30880960226059,5.604068756103516,2.8421622234022017,-0.004692761696409433,0.8183127786330879,80.0,621.1355150285891,1242.2967823603642,353,0.30382323265075684,41.37145233154297,20.648082196712494,11.234553337097168,5.683038619282094
0.019706880673766136,-0.011838402546709403,-0.037601687014102936,0.01159321801964269,0.7392040491104126,0.6907175026834012,0.6505219340324402,0.016083105706009546,80.0,28.86841583251953,9.712586146593093,2.2244088649749756,5.290780540051729,-0.004689969155006111,0.815145406793803,80.0,621.2326654965009,1242.4910143646798,354,0.4167749881744385,57.75092697143555,19.4626635491848,4.495118618011475,10.5737637440063
0.0275922529399395,-0.011468324938323348,-0.03025035932660103,0.010070385550099115,0.7277938723564148,0.6789634712040424,0.6209489703178406,0.0202973319317381,80.0,138.13729858398438,60.870301043987276,4.939846992492676,31.285708601096182,-0.004677711455500683,0.8130208200402558,80.0,621.8415235617294,1243.7086634905872,355,0.4046761989593506,276.310546875,121.77711826562881,9.944618225097656,62.564418731874795
0.009736577048897743,-0.006147972459439188,-0.021919813007116318,0.0072515146087310176,0.7269407510757446,0.6793919272720814,0.6223835349082947,0.021016861801678523,80.0,37.43329620361328,15.10370546579361,6.1928181648254395,6.362646015694404,-0.004728758247569203,0.8116173148639502,80.0,621.9823186045086,1243.9903275992508,356,0.401752233505249,74.880126953125,30.233294677734374,12.410757064819336,12.72185408532632
0.05307336151599884,-0.010682030633324758,-0.04200024902820587,0.013686186009653925,0.7663463354110718,0.7260403260588646,0.6915071606636047,0.01686488443439206,80.0,14.333477020263672,4.441984410583973,1.2580660581588745,2.7409093146322356,-0.00480874230840709,0.813430299397558,80.0,621.6860282363838,1243.3979430923398,357,0.39994215965270996,28.682065963745117,8.919853761792183,2.547915458679199,5.472157513828988
0.010428052395582199,-0.010474312951555476,-0.03386479243636131,0.01052571897171965,0.7489646077156067,0.701264251023531,0.6695977449417114,0.015661812713194737,80.0,21.111968994140625,5.478938725590706,1.4420435428619385,3.186393114775463,-0.00490535583224846,0.8105051321573556,80.0,578.4347277341134,1156.895477898889,358,0.4055471420288086,42.235145568847656,10.992851382493972,2.89442777633667,6.3639769489977525
0.021167676895856857,-0.004496753885177895,-0.02227647416293621,0.007689532594619273,0.759222149848938,0.722895297408104,0.681104302406311,0.01715082769341605,80.0,12.502697944641113,3.9380349293351173,0.7167468667030334,2.2904382395221012,-0.004949264316877816,0.8087647296600043,80.0,535.9428428246177,1071.911761502349,359,0.408463716506958,25.022172927856445,7.899521234631538,1.45111083984375,4.578337058116838
0.014479948207736015,-0.009765918349148705,-0.034527793526649475,0.010469175459579323,0.7358900308609009,0.7041618235409259,0.6704564094543457,0.015416246148928576,80.0,27.323715209960938,8.248142805695533,2.8161699771881104,5.724734449667395,-0.005045866768894485,0.8074856858737767,80.0,507.3866953464245,1014.7996346658106,360,0.4108593463897705,54.66193389892578,16.52990057468414,5.673065185546875,11.44331607156612
0.007907208055257797,-0.004644156608264893,-0.022125784307718277,0.006023313759371298,0.7476576566696167,0.7124271154403686,0.6829870939254761,0.0155964136559426,80.0,14.383606910705566,4.7199037879705426,1.0172147750854492,2.617780731382971,-0.005091728663508547,0.8055733884684741,80.0,466.96224851028074,933.9507940505382,361,0.40429258346557617,28.77708625793457,9.463344478607178,2.065789222717285,5.234072558067862
0.018244683742523193,-0.005362672411138192,-0.024638673290610313,0.008539662330129554,0.7450584173202515,0.7105492547154426,0.6704624891281128,0.015942032679733733,80.0,9.46207046508789,2.8092072024941444,0.5941565632820129,1.7662927686081704,-0.005142773496947484,0.803042240474373,80.0,418.63770871585075,837.3017636298621,362,0.4204261302947998,18.93968963623047,5.6433507546782495,1.1919598579406738,3.527200573847009
0.009264010936021805,-0.009996104112360626,-0.02864743396639824,0.008412347956744594,0.764742374420166,0.717683769762516,0.6550134420394897,0.021477656973569598,80.0,9.094902038574219,3.090776916593313,0.6239269375801086,1.5979711828557421,-0.005241747839812888,0.8011053204648196,80.0,384.63477462710654,769.29605489082,363,0.38776087760925293,18.20688819885254,6.215899777412415,1.2804741859436035,3.190483807264997
0.025165559723973274,-0.01032152545521967,-0.03932879492640495,0.010387126227544601,0.7494449615478516,0.7095101192593575,0.6654416918754578,0.018203000368702125,80.0,39.943336486816406,11.325587022304536,2.3897292613983154,7.719676556506245,-0.0053436249812075405,0.7998758570142092,80.0,353.0641514384917,706.1549880834901,364,0.34948134422302246,79.90582275390625,22.68600725531578,4.835038185119629,15.433093909104265
0.009048648178577423,-0.01084379069507122,-0.03313735872507095,0.009745345651566857,0.8451611995697021,0.8067055277526378,0.7598832845687866,0.01746698739846518,80.0,10.799544334411621,3.2455031879246237,0.648542046546936,2.075668153535444,-0.005444234628725099,0.799621009912342,80.0,328.2496776373631,656.5262364168104,365,0.3557138442993164,21.615642547607422,6.528828082978725,1.354670524597168,4.143993397307824
0.008343156427145004,-0.008903839252889156,-0.027034103870391846,0.007858923070380377,0.7630692720413208,0.7228533551096916,0.6826826333999634,0.015920582160608366,80.0,87.15828704833984,42.49053183794022,5.907036304473877,20.98174691682593,-0.005529285509401234,0.7988105499260127,80.0,309.5263860563284,619.0798071948226,366,0.39293885231018066,174.33993530273438,85.01332780122758,11.832759857177734,41.962205472372915
0.011110592633485794,-0.00972052525030449,-0.032213058322668076,0.008699471329070922,0.7941780090332031,0.7559935614466667,0.7261319160461426,0.015062617518975032,80.0,34.75348663330078,12.777066951990127,3.6151187419891357,6.757858564412023,-0.0056211141510575545,0.7977403101734818,80.0,276.4380301999694,552.9032576208051,367,0.39026379585266113,69.51924133300781,25.588694941997527,7.26846981048584,13.510777340608048
0.006740160286426544,-0.0037316100322641434,-0.013371126726269722,0.004351001180628492,0.786171555519104,0.7560672931373119,0.7291824817657471,0.011938293052264742,80.0,1759.3175048828125,760.0787391662598,67.69489288330078,490.01231309398855,-0.0056553663286904345,0.7967885790877044,80.0,251.08885589119254,502.20495822429024,368,0.42040205001831055,3518.64892578125,1520.1800457000732,135.4019775390625,980.0241406864907
0.012038517743349075,-0.007492837373865769,-0.02371039241552353,0.00765156883449433,0.7075521945953369,0.6544943414628506,0.6025976538658142,0.018536898615945874,80.0,38.43852233886719,16.252530431747438,4.934303283691406,7.173249281715869,-0.0057218831821519425,0.7943836422078312,80.0,217.74787014814672,435.5230713863309,369,0.40784645080566406,76.88838195800781,32.53313627243042,9.896519660949707,14.343580201857067
0.010456230491399765,-0.01018151146126911,-0.03254133462905884,0.008983786776879525,0.8202025294303894,0.7807944141328335,0.7382780313491821,0.01565370486367358,80.0,458.94537353515625,90.45022518634796,23.012100219726562,72.95159471133219,-0.005814487805357202,0.7934696639366448,80.0,184.19537798472703,368.4182542324003,370,0.40302348136901855,917.9064331054688,180.93643035888672,46.05525207519531,145.89417658622006
0.006455104798078537,-0.007886190767749213,-0.02841206267476082,0.007579903511588632,0.7569710612297058,0.7200335584580898,0.6835614442825317,0.01822215547881942,80.0,65.13582611083984,24.033937591314317,6.151271343231201,12.305389038250993,-0.005886009897891199,0.791186397884041,80.0,151.33055992045465,302.688715184563,371,0.4095337390899658,130.28533935546875,48.098048341274264,12.328413009643555,24.605064995602984
0.005647545680403709,-0.006099243456264958,-0.02884206548333168,0.006882268963881567,0.7305901050567627,0.6889420241117478,0.643936812877655,0.017924749843563095,80.0,78.90174865722656,23.06105369925499,7.989782810211182,13.964015947152589,-0.005924294672091491,0.7895911779142915,80.0,133.68108836516205,267.38981697213023,372,0.42629122734069824,157.8173065185547,46.14808464050293,16.012943267822266,27.922208707501092
0.006530199199914932,-0.00898563049850054,-0.02811025083065033,0.008360983940364514,0.7915529608726501,0.7462522879242897,0.7039308547973633,0.01817432973339191,80.0,52.72626495361328,14.945759123563766,6.269092559814453,8.684251705455651,-0.005993447665998247,0.7898961752094327,80.0,123.67842596128048,247.38463647770251,373,0.38917088508605957,105.46763610839844,29.924414241313933,12.567012786865234,17.360374759250877
0.0037903953343629837,-0.010177226609084756,-0.029700100421905518,0.007828352338441114,0.7824112772941589,0.7491549655795098,0.7178710103034973,0.014843885880669374,80.0,28.549718856811523,7.337175449728965,2.392359733581543,5.049193932005301,-0.006076401928788982,0.789028961163014,80.0,105.54122090303363,211.11037484162415,374,0.287705659866333,57.113922119140625,14.709688442945481,4.816476821899414,10.088282710804133
0.005954020656645298,-0.009152464038925246,-0.027123741805553436,0.008110877032081673,0.7792959213256836,0.7361577808856964,0.7046661972999573,0.0160170179779381,80.0,56.643341064453125,19.723307573795317,4.680950164794922,12.567665481717414,-0.0061307440531672905,0.7879294721744954,80.0,83.415100432629,166.85822083705037,375,0.3342247009277344,113.30955505371094,39.479643487930296,9.406396865844727,25.130364477185363
0.009627613238990307,-0.006651216617319733,-0.02424079179763794,0.007431963510684223,0.7802548408508301,0.7372516036033631,0.6986714005470276,0.015883114504083782,80.0,21.114330291748047,9.496812698245048,3.1904704570770264,3.4754523336440064,-0.006133932450786233,0.7864268336631358,80.0,62.05030645939172,124.12860901420677,376,0.25400447845458984,42.24362564086914,19.021672940254213,6.410557746887207,6.945995466415877
0.01246882975101471,-0.00820698966854252,-0.03383905068039894,0.008055602738445994,0.8170833587646484,0.776940356940031,0.7476674914360046,0.015209534402765632,80.0,15.178421020507812,5.947691184282303,2.1765382289886475,2.7673710371440334,-0.006164147468400186,0.7858432847000658,80.0,56.6905405838734,113.40912608491745,377,0.2559068202972412,30.372697830200195,11.927335065603256,4.426113605499268,5.533028275587481
0.004447568207979202,-0.0076113364950288085,-0.02635371685028076,0.007426379573859185,0.8140291571617126,0.7784368887543678,0.7476389408111572,0.015030859376297613,80.0,31.352619171142578,6.614296078681946,0.9832282066345215,6.852437030996684,-0.006220519128430167,0.7866828372441232,80.0,54.16541397192538,108.35900240118173,378,0.25251173973083496,62.71989440917969,13.259383602440357,1.9952939748764038,13.69741955843618
0.016605719923973083,-0.01343209829647094,-0.033996835350990295,0.009375611383296059,0.7787551879882812,0.7288028456270694,0.6941854953765869,0.01794768612585616,80.0,8.086606979370117,2.986527282744646,0.8338117599487305,1.5788056004103197,-0.006326501374685903,0.7850495276115835,80.0,46.518463105531644,93.06528003972142,379,0.2577705383300781,16.189693450927734,6.01449481099844,1.7386577129364014,3.148535764083387
0.0052407365292310715,-0.010129028739174827,-0.032257840037345886,0.008818411654705496,0.77149897813797,0.7379059754312038,0.6974610686302185,0.013016756602002612,80.0,27.846223831176758,10.459012949466706,2.034714937210083,5.772853871623363,-0.006395952262479113,0.7844451729096472,80.0,43.977916904421754,87.98431447588771,380,0.2601144313812256,55.707332611083984,20.95304211974144,4.080276012420654,11.539939903532648
0.015185236930847168,-0.006110966246342287,-0.032715339213609695,0.008921799821399038,0.8071383833885193,0.7619156971573829,0.7105867266654968,0.017362353033371178,80.0,14.741870880126953,4.207147258520126,0.7319602370262146,2.519235432772539,-0.006418284297658828,0.7833195468671619,80.0,42.6836382574162,85.39577931464581,381,0.257434606552124,29.498332977294922,8.441754795610905,1.4966189861297607,5.035224599835554
0.019071418792009354,-0.00746930887689814,-0.024024227634072304,0.0075707161853991334,0.7863094806671143,0.7440469570457935,0.7087969779968262,0.01700789412602535,80.0,19.315860748291016,4.111846981197596,0.7438684701919556,3.5705920691335464,-0.006478463220206323,0.7826020624302328,80.0,41.93183987535001,83.89228856539098,382,0.3038918972015381,38.64707946777344,8.253513585031033,1.5192738771438599,7.136490148535337
0.01238485798239708,-0.006963493960211053,-0.02609880268573761,0.008422829779230007,0.7892489433288574,0.7517047464847565,0.7055240273475647,0.01838704480194514,80.0,11.189252853393555,3.198080652952194,0.8729758262634277,2.179614573817135,-0.006532127379177835,0.7812518630959093,80.0,39.97672380501987,79.98213673441974,383,0.2891273498535156,22.39458656311035,6.425122421979904,1.791137933731079,4.352500518153364
0.007235294207930565,-0.009048467059619725,-0.027219276875257492,0.007730836648771231,0.8202420473098755,0.7543343670666218,0.7157648205757141,0.018611532001985252,80.0,10.038321495056152,3.108051735162735,0.704767644405365,1.9904312831047204,-0.00658899541638675,0.7789821540005505,80.0,39.86037642447115,79.74951031550137,384,0.253817081451416,20.114988327026367,6.249287062883377,1.4545457363128662,3.975567925415109
0.010041948407888412,-0.00838259317097254,-0.02655033767223358,0.007748580886191219,0.7162268161773682,0.6566782258450985,0.5992885828018188,0.022130978556264152,80.0,8.969514846801758,2.2731547921895983,0.7464471459388733,1.4725697943517442,-0.0066560141212248704,0.7763633277378976,80.0,39.793687666202196,79.61621445924904,385,0.2287893295288086,17.95301055908203,4.576208317279816,1.5051653385162354,2.937541729102751
0.0031058192253112793,-0.0036463274038396774,-0.014461447484791279,0.003933479766313638,0.816960334777832,0.7619480140507221,0.7349393963813782,0.016239746430494147,80.0,469.1679382324219,226.91706171035767,82.33960723876953,79.79992418157994,-0.0066089165333251,0.7750338572151959,80.0,41.83785907604755,83.70443651790289,386,0.28165602684020996,938.350830078125,453.85665740966795,164.70751953125,159.59909717023052
0.007137048989534378,-0.003461857559159398,-0.01929282955825329,0.004981801048289431,0.7640740871429443,0.7137989133596421,0.6695681810379028,0.017756437093264837,80.0,267.4759521484375,126.27190523147583,21.50164031982422,57.36923688006611,-0.0066010897137748535,0.7733871891684828,80.0,43.00432483183802,86.03731945670513,387,0.3219618797302246,534.963134765625,252.56501145362853,43.02792739868164,114.73616159349837
0.00352359376847744,-0.0024065954727120697,-0.014043407514691353,0.003808122143649796,0.6580297350883484,0.607830598205328,0.5538889169692993,0.02010517788100181,80.0,2210.542724609375,847.3724243164063,139.1847686767578,507.50667075525735,-0.006580883894785074,0.7713991129584611,80.0,51.4157621943897,102.86011399913696,388,0.3172028064727783,4421.09912109375,1694.761817550659,278.3812255859375,1015.0122212498381
7.450580596923828e-09,-0.005884243926266209,-0.02200719341635704,0.004685365110074098,0.7247648239135742,0.6667479149997234,0.6065050959587097,0.021554884257326584,80.0,1937.5228271484375,702.4608215332031,125.99177551269531,408.4078492144798,-0.006593010479729855,0.7679909272082148,80.0,58.403543167161054,116.83563201063245,389,0.33200836181640625,3875.067626953125,1404.9467441558838,252.00936889648438,816.8132990077422
0.003299698233604431,-0.0020507850917056204,-0.012268774211406708,0.0025064779961138173,0.7407814264297485,0.6960285522043705,0.659991979598999,0.0174623673077878,80.0,1558.0479736328125,564.915910243988,46.800331115722656,405.47809446279183,-0.006568918694363673,0.765453179169446,80.0,64.04253131439,128.11350929125518,390,0.31634521484375,3116.109375,1129.8498351097107,93.61329650878906,810.9551319757499
0.003545839339494705,-0.002319662892841734,-0.013059222139418125,0.0032818486976778694,0.711464524269104,0.6523713052272797,0.5851573944091797,0.02460882284022324,80.0,1992.109619140625,798.6247722625733,241.6291961669922,414.3291067681148,-0.006584381091059185,0.7609016641564667,80.0,72.0228407508491,144.0740681205925,391,0.30365610122680664,3984.2314453125,1597.2672374725341,483.277587890625,828.6572484706999
0.00755704753100872,-0.005240824568318203,-0.017721321433782578,0.005878376343538919,0.7176069021224976,0.6653490670025348,0.6178983449935913,0.02190518666640743,80.0,44.87493896484375,13.842195495963097,3.8969204425811768,8.488969430037004,-0.00672664669639198,0.7570367608852685,80.0,72.1609765470589,144.35054694628764,392,0.31316518783569336,89.76336669921875,27.708179634809493,7.841943264007568,16.973181528591656
0.0014563091099262238,-0.0009733352344483137,-0.011915117502212524,0.0019897533091900853,0.7357165813446045,0.6813191913068295,0.6419551968574524,0.01874778611924548,80.0,2431.41845703125,983.9865201950073,64.09910583496094,508.128233523519,-0.006589056866534521,0.754750685211271,80.0,81.99726990806242,164.02281276010024,393,0.49045634269714355,4862.85009765625,1967.9886127471923,128.22396850585938,1016.2558530519277
0.014748265035450459,-0.014694395253900438,-0.03724689781665802,0.01078190638665057,0.8034676313400269,0.764723552763462,0.7200725078582764,0.016872863314362788,80.0,23.56234359741211,10.522147604823113,3.1600606441497803,4.9901839336922995,-0.006696571957843844,0.7574948255568742,80.0,81.88016282137413,163.7888684980725,394,0.2519264221191406,47.181884765625,21.088978481292724,6.366546630859375,9.979031042572089
0.007944557815790176,-0.01268669347045943,-0.035957299172878265,0.00924072216033896,0.7852300405502319,0.7430448271334171,0.7129117250442505,0.015532836877218518,80.0,11.695427894592285,3.8678509667515755,1.1334185600280762,2.252494962646822,-0.006664053520187736,0.7548215707540511,80.0,81.01416679290611,162.05675793506254,395,0.34818530082702637,23.405628204345703,7.775936153531075,2.2903895378112793,4.495903486620351
0.01399384718388319,-0.013944757124409079,-0.03704739362001419,0.010260670642579045,0.8282142877578735,0.7806213200092316,0.7324533462524414,0.018689204949213802,80.0,19.67230987548828,7.96507750749588,4.144643306732178,3.3308404231435356,-0.006748250774049666,0.756236091002822,80.0,81.07925487523455,162.1871307839458,396,0.38584446907043457,39.36103057861328,15.97365689277649,8.355172157287598,6.6527421614502
0.004777301102876663,-0.00978220944525674,-0.026389414444565773,0.007278228857378615,0.7973785400390625,0.7472902372479439,0.7073224782943726,0.014788478962676202,80.0,13.8375244140625,4.731935688853264,1.8520838022232056,2.7095639816163146,-0.0068004496445646535,0.7546649633347988,80.0,80.99995861466904,162.02861123773502,397,0.394254207611084,27.68907928466797,9.498381632566453,3.7650108337402344,5.411603799383318
0.016520727425813675,-0.009280606266111135,-0.027534302324056625,0.009433293901414001,0.8074772357940674,0.7699288077652454,0.7482575178146362,0.013061134624982797,80.0,26.205869674682617,6.499807921051979,2.4124958515167236,4.3867271492180215,-0.006845865213719664,0.7517928372249006,80.0,81.0636750557944,162.15607750956667,398,0.3891458511352539,52.427162170410156,13.03357572555542,4.880063056945801,8.76741610933005
0.00867842510342598,-0.008136904484126717,-0.02779877930879593,0.00859897030640981,0.8058152794837952,0.7732002750039101,0.7381007671356201,0.01508256911585258,80.0,16.019609451293945,3.992105524241924,1.2202831506729126,2.921829796347376,-0.006871379334363156,0.7497027873620391,80.0,81.09794954525866,162.22463571583805,399,0.3918120861053467,32.054832458496094,8.015948876738548,2.4596219062805176,5.83547759049534
0.01725386083126068,-0.01083955704816617,-0.03486351668834686,0.010417531589844894,0.8336042761802673,0.7986243799328804,0.770319402217865,0.013471436239080111,80.0,12.124588012695312,2.781552368402481,0.7353271842002869,2.407849957322568,-0.0069558165678754455,0.7496455454081297,80.0,81.10564429645426,162.2401929485607,400,0.525719165802002,24.262805938720703,5.600756372511387,1.5219223499298096,4.807133398863892
0.013815648853778839,-0.004013645945815369,-0.016524504870176315,0.0070123321697908095,0.7818357944488525,0.7488271608948708,0.7085636258125305,0.013551701174642753,80.0,32.17972946166992,6.145647297054529,0.9362080693244934,6.96264378111223,-0.006951170602522324,0.745450110256672,80.0,81.08531217868068,162.1994355133581,401,0.41994357109069824,64.37540435791016,12.31429842710495,1.8976764678955078,13.919660237754682
0.007284259423613548,-0.005188027082476765,-0.018295155838131905,0.0060442020426776,0.7453058958053589,0.7034416072070598,0.6629092693328857,0.017915437554581835,80.0,22.916162490844727,6.118173758685589,1.407911777496338,4.2408850843891015,-0.006957910549535883,0.7410761585608125,80.0,81.1459532638134,162.3206436849656,402,0.40743422508239746,45.851905822753906,12.26079245209694,2.8589963912963867,8.477622591151835
0.037571605294942856,-0.010000201629009099,-0.0361262746155262,0.011229077617090232,0.7555962800979614,0.7136471726000309,0.656076192855835,0.018936778457108422,80.0,20.430736541748047,4.573458807170391,1.111107587814331,3.7810053175935,-0.0070231961396639234,0.7374757456406951,80.0,81.19145945874881,162.41171463788672,403,0.41013193130493164,40.875450134277344,9.181190973520279,2.269867181777954,7.552002380391307
0.0158223956823349,-0.00794178734649904,-0.03463835269212723,0.009931106677762959,0.7846739292144775,0.7463776186108589,0.7016106843948364,0.01896434888627283,80.0,26.649242401123047,5.564756179600954,0.8019285798072815,4.230417211929072,-0.00706924212235026,0.7355271018296482,80.0,81.24030225558579,162.5094533512294,404,0.5569000244140625,53.31230163574219,11.16032353937626,1.6468758583068848,8.455033332953674
0.015361228957772255,-0.009144140925491229,-0.026508944109082222,0.009410097437056819,0.7250359058380127,0.6811308987438679,0.6282777190208435,0.01819969290359887,80.0,15.07001781463623,4.051523940265179,0.6072186827659607,3.4147353581830644,-0.007129441776487511,0.735272420063615,80.0,81.17720294022561,162.3833700258732,405,0.40552210807800293,30.152870178222656,8.134958782792092,1.2590558528900146,6.8253013111581105
0.008573945611715317,-0.007144235598389059,-0.024776991456747055,0.007288983051967646,0.7559316158294678,0.7076940543949604,0.6500221490859985,0.026211634733232594,80.0,11.058807373046875,2.764741984009743,0.6303220987319946,1.8073166125733913,-0.007131782932498026,0.7319372276142241,80.0,81.04598410168289,162.12087032827733,406,0.31926393508911133,22.13048553466797,5.557926341891289,1.2838194370269775,3.609771510437123
0.023547625169157982,-0.013391346344724298,-0.0372689813375473,0.011957138388721415,0.7430393695831299,0.6971096254885196,0.6559130549430847,0.01773010875812122,80.0,10.250537872314453,3.221796078234911,0.782861053943634,1.6555425970298883,-0.007219440575456247,0.7277162663787604,80.0,80.80734798953682,161.64368900546432,407,0.3240020275115967,20.52022361755371,6.48431704044342,1.6056222915649414,3.304663191471388
0.013707496225833893,-0.0031820783100556583,-0.019881397485733032,0.006738303448661194,0.7522196769714355,0.6913264192640781,0.6333403587341309,0.025616859356665578,80.0,50.51304244995117,12.23152127712965,1.3565971851348877,10.795673754152595,-0.007213089406315702,0.7251493989005686,80.0,80.25970890977233,160.54834680357573,408,0.38425636291503906,101.03997039794922,24.48323329091072,2.7492916584014893,21.585547798715346
0.012394789606332779,-0.0077314749534707515,-0.031197089701890945,0.010079831726631221,0.7738795280456543,0.7351790718734265,0.6858564615249634,0.01845840757207749,80.0,47.4075813293457,22.491807588934897,3.3580386638641357,8.79157500204243,-0.007246737690875307,0.7250796108543873,80.0,79.85507861577719,159.7391521129906,409,0.3737618923187256,94.82618713378906,45.013781654834744,6.77022647857666,17.577383378761503
0.007454778999090195,-0.012238785956287756,-0.03959017992019653,0.010709843280585293,0.6897015571594238,0.6476124942302703,0.5947060585021973,0.015955852922167724,80.0,91.37980651855469,36.56106824874878,15.132734298706055,13.533896061468338,-0.007327967623947188,0.7255163697451354,80.0,79.85420938920228,159.73758484986422,410,0.39101243019104004,182.77500915527344,73.15956664085388,30.326313018798828,27.060195117555825
0.0018558278679847717,-0.004906638880493119,-0.021157972514629364,0.00527002346631466,0.713279128074646,0.6718412682414054,0.6225103139877319,0.018285792767503826,80.0,422.419921875,218.74402885437013,71.94235229492188,75.10124978376764,-0.0073280432366882465,0.723768424883485,80.0,81.78606313305349,163.60125753763316,411,0.38079094886779785,844.855224609375,437.51130867004395,143.9080352783203,150.20116524915719
0.004656098783016205,-0.004224489745683968,-0.020083598792552948,0.0050545678209754545,0.7289227247238159,0.6852324262261391,0.6486309170722961,0.017475639150268864,80.0,528.2233276367188,115.75436832904816,15.198080062866211,114.8582128556584,-0.007343586643808522,0.7211650969535113,80.0,82.70535278313606,165.4398158558905,412,0.45552778244018555,1056.460693359375,231.5308899641037,30.418527603149414,229.71216807524883
0.008015314117074013,-0.012838153977645561,-0.03342745080590248,0.008641976770776875,0.7079805731773376,0.677443166077137,0.648210883140564,0.014870078476954852,80.0,31.141258239746094,16.08851275444031,6.121030330657959,5.805921966238069,-0.007415073392738123,0.719697833403945,80.0,82.64357661532611,165.31637714543936,413,0.4241185188293457,62.29646682739258,32.21625059843063,12.27392864227295,11.607061363470491
0.004200741648674011,-0.008586304457276128,-0.03132759779691696,0.00784708926426373,0.7469652891159058,0.7055770084261894,0.6669626235961914,0.016801865956210322,80.0,37.689300537109375,15.362181919813157,4.8963446617126465,6.5036668275228,-0.007426318191020983,0.7194213251248003,80.0,82.5562376695797,165.1417162169516,414,0.4201216697692871,75.39299011230469,30.7556480884552,9.819438934326172,13.003423068962114
0.021381422877311707,-0.011250095709692686,-0.03126218914985657,0.009786975206640647,0.7973383665084839,0.7547871686518193,0.7093585729598999,0.01821254214242865,80.0,34.06304931640625,11.394818967580795,5.0341291427612305,4.847096677419599,-0.007468976629053941,0.7199808265417815,80.0,82.60014407762141,165.2296255404353,415,0.4116332530975342,68.14282989501953,22.82723379135132,10.132225036621094,9.686356368625818
0.009711362421512604,-0.00966444262303412,-0.029535982757806778,0.009434826943978432,0.7671571373939514,0.7312322445213795,0.690405011177063,0.01646545705138972,80.0,23.792781829833984,8.663698583841324,2.8881893157958984,4.407732994027488,-0.007532381771685323,0.7192715224400164,80.0,82.52219993367045,165.07384987646338,416,0.4042491912841797,47.61293029785156,17.36135063171387,5.802304267883301,8.806166168734249
0.014686685055494308,-0.007165047503076494,-0.023088347166776657,0.007828779802366195,0.7719903588294983,0.7313324697315693,0.6762326955795288,0.017895921832074037,80.0,24.808610916137695,11.261799117922783,3.59550404548645,4.051111123440227,-0.007546109344315483,0.7192706425413489,80.0,82.55844730073959,165.1463720470965,417,0.38284969329833984,49.639549255371094,22.552554935216904,7.237630367279053,8.098780982980426
0.008913137950003147,-0.006254982185782865,-0.02347312867641449,0.007386318505428504,0.7613062858581543,0.7160387970507145,0.6724610328674316,0.017216002770330214,80.0,20.793466567993164,7.8911562860012054,2.036618709564209,3.3683700796779297,-0.007536793712090003,0.719064251512289,80.0,82.56551668228954,165.16048805159332,418,0.39424562454223633,41.6055908203125,15.80914335846901,4.095694065093994,6.732351580157134
0.012198925018310547,-0.007652377977501601,-0.02524287812411785,0.007939164186026576,0.7419091463088989,0.7060271129012108,0.66377854347229,0.016086622967988393,80.0,21.615188598632812,3.3769288465380667,0.5944758653640747,3.2107299286006126,-0.007540505662473151,0.7191829722523689,80.0,82.53700557700544,165.10347563911975,419,0.3917984962463379,43.24691390991211,6.783282984793186,1.2211675643920898,6.419339051462271
0.014545794576406479,-0.008613292063819245,-0.025590386241674423,0.0076997499876560425,0.7677487134933472,0.7063068136572838,0.657394289970398,0.020770384793155364,80.0,17.27398681640625,5.84391150996089,0.7465646862983704,3.902538636973813,-0.007569007551792311,0.7192113126590849,80.0,82.49132607457041,165.01217420437933,420,0.3864917755126953,34.561527252197266,11.719175781309605,1.513091802597046,7.79832355421289
0.01104908250272274,-0.00919744802522473,-0.0294598788022995,0.00809747342696382,0.7567178606987,0.7106510408222675,0.652105450630188,0.021070700312945997,80.0,21.76286506652832,5.713419288396835,0.9501315355300903,5.012703325292566,-0.007611375207052334,0.719737069927156,80.0,82.49649828265606,165.02261387117207,421,0.3888576030731201,43.539634704589844,11.45944651812315,1.924870252609253,10.01991944590949
0.011966466903686523,-0.006402895250357687,-0.024554532021284103,0.00801704883908963,0.7411069869995117,0.6747372955083847,0.6260523796081543,0.023439454969885767,80.0,12.1857271194458,4.389402480423451,0.818821907043457,2.2373355601401266,-0.007626596903224707,0.718965327039361,80.0,82.49206743055582,165.0137671752274,422,0.3838324546813965,24.385570526123047,8.805105496942996,1.6632474660873413,4.470254323685404
0.01124950684607029,-0.004233851630124264,-0.018209893256425858,0.006218954213965484,0.6922096014022827,0.6448143184185028,0.5885295867919922,0.020337287991764593,80.0,11.629721641540527,4.493495175987482,0.47400373220443726,2.559533343412558,-0.007558790090726687,0.7181147941872478,80.0,82.49038936870545,165.01025842683018,423,0.3818686008453369,23.272132873535156,9.008354263007641,0.9747296571731567,5.116227817360933
0.009255750104784966,-0.0027124972140882163,-0.016392812132835388,0.005101319641178606,0.6744636297225952,0.605459013581276,0.5521718263626099,0.025407992861841523,80.0,10.58000373840332,3.1443193316459657,1.0550506114959717,1.990555385015048,-0.007509674145665484,0.7173508973494173,80.0,82.32144298785181,164.67225215272603,424,0.4031805992126465,21.1722412109375,6.3061728239059445,2.135986804962158,3.9772297220195796
0.0059156836941838264,-0.008109219127800316,-0.027199169620871544,0.0073353177843015205,0.6446561217308044,0.5919519685208797,0.5266212821006775,0.02190629307282091,80.0,13.20434284210205,3.1849680304527284,0.9637543559074402,2.383955701415814,-0.007533709518145767,0.7159529443234205,80.0,82.22307390510291,164.4755340991169,425,0.4158904552459717,26.421890258789062,6.397993496060371,1.9585027694702148,4.76306343608758
0.010694973170757294,-0.0057911673444323245,-0.0207003615796566,0.006410674320933955,0.6413390040397644,0.5883184917271137,0.540773868560791,0.02093644489661592,80.0,16.3944091796875,3.9253069676458834,0.9806217551231384,2.9234782811585154,-0.007543675484426784,0.7150403326004742,80.0,82.12717316803337,164.28373430515822,426,0.40413665771484375,32.800052642822266,7.873962676525116,1.9830138683319092,5.843061322119577
0.0128890760242939,-0.008359349216334522,-0.02820512093603611,0.009310934059544407,0.7398298978805542,0.6825540393590928,0.6456277370452881,0.02168135054540189,80.0,20.63751983642578,6.423117533326149,0.8798225522041321,4.185258330254973,-0.007521122290811034,0.7146160490736365,80.0,82.14357918018102,164.31649273763594,427,0.5359206199645996,41.28846740722656,12.8766048848629,1.753684401512146,8.369323317744882
0.008982785046100616,-0.008304472942836583,-0.0333196222782135,0.008265118184290756,0.7182050943374634,0.6750142142176628,0.6253565549850464,0.021859763013032593,80.0,55.08943176269531,23.142400592565536,6.505590915679932,10.145388295497158,-0.0075633411409799,0.712335708066821,80.0,82.06216197884085,164.15369716940822,428,0.4388415813446045,110.19482421875,46.3149108171463,13.052435874938965,20.28274425994861
0.016562752425670624,-0.005832397728227079,-0.026304349303245544,0.006989640290641825,0.6199483871459961,0.5763170592486858,0.5244044661521912,0.017577923917490718,80.0,81.34648132324219,28.342603880167008,5.686854839324951,16.12445184491267,-0.007545118949026799,0.7112251495197414,80.0,82.18714831727742,164.4036111898273,429,0.29914188385009766,162.69146728515625,56.7083988904953,11.413125991821289,32.24339648989123
0.012511096894741058,-0.008508693671319633,-0.0384221076965332,0.011198195810890354,0.7293657064437866,0.6868302740156651,0.643310010433197,0.017996882098212392,80.0,73.16388702392578,24.039706540107726,9.86072826385498,11.984089498262165,-0.007549841582949739,0.7110369947627185,80.0,82.15643418818712,164.34218861626087,430,0.3698904514312744,146.3424072265625,48.110167264938354,19.810039520263672,23.960100190161388
0.00756351463496685,-0.007158315309789031,-0.030010251328349113,0.007704693427677647,0.7383123636245728,0.6920586116611958,0.6382339000701904,0.019372468520396233,80.0,80.33045959472656,29.269224607944487,9.065023422241211,16.052977830506055,-0.007556265282386449,0.7111914402768015,80.0,82.34755848480762,164.72445314876734,431,0.4374086856842041,160.6751251220703,58.566607403755185,18.164875030517578,32.099849543032946
0.010398601181805134,-0.007843852054793387,-0.026329316198825836,0.007450844471943408,0.6930739283561707,0.651724924147129,0.6109995245933533,0.017154755566272335,80.0,59.00691223144531,19.951853692531586,8.055527687072754,10.094229073909144,-0.0075455942360858905,0.7105134771615266,80.0,82.40532055236399,164.83994238387046,432,0.410966157913208,118.02696990966797,39.93242976665497,16.157909393310547,20.184648876017707
0.014571219682693481,-0.013355720473919063,-0.03996753692626953,0.011972765872978184,0.670040488243103,0.6287407778203488,0.5861882567405701,0.019563353814144376,80.0,90.95652770996094,31.519168770313264,14.385212898254395,16.576722131667452,-0.00760341863546637,0.7087034402936697,80.0,82.60214229680598,165.23366532085834,433,0.31771111488342285,181.92459106445312,63.077623796463016,28.8226261138916,33.14106542037335
0.00947340577840805,-0.011098430736456066,-0.031643033027648926,0.008798209655286481,0.6942579746246338,0.6694187186658382,0.6214356422424316,0.014974750498964951,80.0,41.33315658569336,19.90927653312683,8.569150924682617,7.520279071987239,-0.007596786869486096,0.7081628382131459,80.0,82.65650818629561,165.34237302659452,434,0.27265429496765137,82.67929077148438,39.85413835048676,17.1434326171875,15.034367169997875
0.013849157840013504,-0.007554718863684684,-0.027161432430148125,0.008385837379158377,0.6586159467697144,0.608016663044691,0.5628662109375,0.01944508191950464,80.0,15.94167423248291,4.581962847709656,2.0310235023498535,2.9252288238530855,-0.007552256243157899,0.7080783425718548,80.0,82.6793430962637,165.38795209534467,435,0.37953829765319824,31.895423889160156,9.191195487976074,4.078758239746094,5.844218724644956
0.01968660205602646,-0.005698740243678913,-0.02313917502760887,0.007884621689577329,0.6923478841781616,0.6384208872914314,0.584803581237793,0.01977466332097908,80.0,19.00248908996582,4.868635538220405,2.0030863285064697,4.006545327755149,-0.007528766093513694,0.7070726635381581,80.0,82.61237275329975,165.25394431491193,436,0.4009706974029541,38.019588470458984,9.761436975002288,4.039463520050049,8.009018006791123
0.017612455412745476,-0.004968878126237542,-0.02941300719976425,0.009479436725832707,0.7357345819473267,0.7011181846261024,0.6542021036148071,0.018062756836841627,80.0,18.234535217285156,6.341821137070656,1.590154767036438,3.4577598166102295,-0.007506026541610481,0.7070373372212052,80.0,82.62629699879136,165.2817466201335,437,0.3738441467285156,36.447479248046875,12.707602375745774,3.2043819427490234,6.908712973950914
0.005996042862534523,-0.00998473857762292,-0.03286779671907425,0.009577950303914905,0.7799326777458191,0.7254654750227928,0.675352156162262,0.020782720236354198,80.0,14.186033248901367,5.250730988383293,1.5457743406295776,2.5209743709809143,-0.0074948838179989255,0.7071165505051611,80.0,82.6643778791651,165.35788767966628,438,0.2617771625518799,28.38617706298828,10.535940778255462,3.1613502502441406,5.034119938029956
0.024240270256996155,-0.009817231236957014,-0.034887880086898804,0.01127544201753844,0.7876713275909424,0.7436430379748344,0.6996650695800781,0.021090395141594706,80.0,6.204351425170898,1.6196792021393775,0.39353933930397034,1.0716888801310664,-0.007533421533968066,0.7073581505492328,80.0,82.63964119239895,165.30849621419608,439,0.27811408042907715,12.42913818359375,3.2738657161593436,0.8522279262542725,2.132819078135515
0.0074969083070755005,-0.010685799311613665,-0.028989829123020172,0.008633278377524853,0.7682624459266663,0.7165438748896122,0.6458905935287476,0.02413603327261828,80.0,18.554458618164062,5.543237520754337,1.2162762880325317,3.364704108973431,-0.007588317765359533,0.707357394248247,80.0,82.63761871155353,165.30456103037304,440,0.36081910133361816,37.12589645385742,11.122177475690842,2.4647927284240723,6.720725322886833
0.006072990596294403,-0.00896320192841813,-0.03315062075853348,0.00875745797179442,0.6439381837844849,0.6075568526983262,0.5590665340423584,0.018616122686004984,80.0,16.11454963684082,5.578002673387528,1.7314941883087158,2.6850827346480535,-0.007606458223162916,0.7069840199425815,80.0,82.60605641762169,165.2414652563781,441,0.4248380661010742,32.239723205566406,11.186082911491393,3.495208263397217,5.3619393079798945
0.01209999993443489,-0.009668402507668362,-0.02887040004134178,0.007966941363866165,0.6555035710334778,0.6006247244775296,0.5546574592590332,0.0201804034432411,80.0,10.45817756652832,3.5623754426836967,0.8516300916671753,1.858347895812492,-0.007657380138261942,0.7054882984980939,80.0,82.61884720129521,165.26711875341837,442,0.4357321262359619,20.940690994262695,7.156100209057331,1.7416337728500366,3.710992307397356
0.010867882519960403,-0.00844979029498063,-0.028888672590255737,0.008383115127808493,0.7094609141349792,0.6385282121598721,0.6007124781608582,0.021343131531306455,80.0,7.598604679107666,1.912326231598854,0.3824017345905304,1.4142411000350656,-0.007695232483703875,0.7045518172010778,80.0,82.61766392482818,165.26480917558823,443,0.30086398124694824,15.20644760131836,3.8543225951492786,0.7883408665657043,2.822642053337549
0.01960359886288643,-0.004429056268418208,-0.02241901308298111,0.008432116110414842,0.6358760595321655,0.5666681855916977,0.5064074993133545,0.02468251586668106,80.0,12.568242073059082,3.126770357042551,0.8427039980888367,2.104057980766145,-0.0076537165033223565,0.7033973123282193,80.0,82.58497725788504,165.19932972020658,444,0.4363541603088379,25.14763832092285,6.273732200264931,1.7149434089660645,4.2036521891571486
0.005431707948446274,-0.008696979627711699,-0.024185482412576675,0.007324211150089078,0.584307074546814,0.5312419719994068,0.48554128408432007,0.02247268308786094,80.0,7.887742042541504,2.6529809683561325,0.752417266368866,1.4677918827416596,-0.007696021529118297,0.7005239709988236,80.0,82.58686855538934,165.20313945851476,445,0.3141946792602539,15.782055854797363,5.333980745077133,1.540964126586914,2.9298151258337297
0.002690715715289116,-0.012848538241814821,-0.028775904327630997,0.0075511253641307105,0.7153264284133911,0.6764698684215545,0.64518141746521,0.017328215505049566,80.0,5.95283842086792,2.2770107068121432,0.7384791970252991,1.1707497741413282,-0.007912766747904242,0.7006695604994893,80.0,78.98943423092366,158.0087072335854,446,0.4144155979156494,11.923179626464844,4.5932479202747345,1.5161237716674805,2.3353303051554968
0.012596748769283295,-0.0058820515987463295,-0.026548318564891815,0.008031774345251359,0.7171590328216553,0.6682637587189675,0.5977953672409058,0.02413003617514685,80.0,21.55108642578125,6.274025420844555,1.4076813459396362,4.171501522417734,-0.007945559907209828,0.7009446587562559,80.0,77.70883866684139,155.44758718187362,447,0.4308619499206543,43.119483947753906,12.573180165886878,2.8521838188171387,8.342251643798997
0.0441170334815979,-0.007753256693831645,-0.03842850401997566,0.013409833157498633,0.6704316139221191,0.6173301100730896,0.5683863162994385,0.020176702275825385,80.0,36.329288482666016,13.091716599464416,4.6137166023254395,6.9015982141122905,-0.008010864820389542,0.6999745879769326,80.0,64.54939346520601,129.12880798859152,448,0.46323442459106445,72.67506408691406,26.211286222934724,9.305992126464844,13.798088292170826
0.006249469704926014,-0.01079601775854826,-0.03658109903335571,0.009676692320481196,0.7928663492202759,0.7444496892392636,0.6946738362312317,0.019044615404529425,80.0,32.405879974365234,14.846074438095092,4.9022369384765625,6.078027881063852,-0.008044088986644056,0.7003188382312655,80.0,64.55326661609114,129.1366276258901,449,0.45328354835510254,64.82677459716797,29.72863005399704,9.842222213745117,12.150314523667355
0.009985420852899551,-0.005862536677159369,-0.01924055442214012,0.006833610420949942,0.7889888286590576,0.7516631714999675,0.7210321426391602,0.014574155493954511,80.0,69.36489868164062,18.116844213008882,4.711540222167969,13.758943832136248,-0.008038188817561605,0.7008082394823432,80.0,64.28455391655864,128.5992002175525,450,0.45078372955322266,138.7440948486328,36.26044689416885,9.459800720214844,27.51321252639557
0.015193403698503971,-0.005533660971559584,-0.024932781234383583,0.007147830708160342,0.7924704551696777,0.7513657629489898,0.7140469551086426,0.01523204403235643,80.0,41.83912658691406,18.904400503635408,9.135273933410645,7.121458020290308,-0.008003597512288253,0.7007596183642746,80.0,63.992991276606915,128.01600478202846,451,0.4346041679382324,83.70069122314453,37.83489551544189,18.290761947631836,14.240470701953292
0.017746172845363617,-0.012127014918951318,-0.038537830114364624,0.012009593010418037,0.7765204310417175,0.7415384717285634,0.7162551879882812,0.013175810674483689,80.0,71.94990539550781,19.137316989898682,6.259981155395508,10.88609476872261,-0.008023526340693934,0.7022422972470522,80.0,63.748385939762,127.5268636197522,452,0.39252805709838867,143.91445922851562,38.31371872425079,12.550397872924805,21.76199518303146
0.017537325620651245,-0.003620211035013199,-0.02256673574447632,0.007188808858461249,0.7715299129486084,0.732082549482584,0.6892098188400269,0.01832632700231809,80.0,122.08155822753906,25.78186539411545,9.750333786010742,19.949026136395258,-0.007991079829836963,0.7011964538693429,80.0,63.90311649768055,127.8362389238551,453,0.34951019287109375,244.1781005859375,51.58561260700226,19.528118133544922,39.8947244300086
0.04691966623067856,-0.00782415079884231,-0.04203889146447182,0.01406141470768199,0.785210907459259,0.736881910264492,0.6975933313369751,0.01612984421822887,80.0,94.82928466796875,26.773375988006592,8.781421661376953,17.476138660859373,-0.007950937312358292,0.7016580979451537,80.0,64.07372439609469,128.1773836642578,454,0.2683382034301758,189.67794799804688,53.57713758945465,17.639875411987305,34.94544104572423
0.009210191667079926,-0.004118259745882824,-0.016972675919532776,0.005504382207503644,0.7274723052978516,0.7055728204548359,0.6718463897705078,0.014159033055936894,80.0,96.626953125,32.31689419746399,14.769021987915039,15.196011029330208,-0.007877436660433886,0.7019241914376616,80.0,63.788190327629444,127.60617384506017,455,0.26154518127441406,193.26693725585938,64.65613634586335,29.57108497619629,30.38943910456916
0.008556047454476357,-0.00911035380559042,-0.031762704253196716,0.008658574525402385,0.7366615533828735,0.6962771952152252,0.658275842666626,0.015881034719145735,80.0,48.6409912109375,30.991569936275482,15.320042610168457,8.20198191084588,-0.007907060473895399,0.7020930441170932,80.0,63.947068972334264,127.92399375987799,456,0.25551676750183105,97.29303741455078,62.015286159515384,30.683982849121094,16.402579978733826
0.007120417430996895,-0.011690620094304905,-0.035783134400844574,0.010365515419582291,0.7150503396987915,0.6823581099510193,0.6477916240692139,0.015805833471674156,80.0,95.01097106933594,31.02325681447983,10.361897468566895,17.385471817177923,-0.007917146368505202,0.7016562219560147,80.0,64.21288169637323,128.45563063810022,457,0.25374650955200195,190.03599548339844,62.083541584014895,20.77099609375,34.760778698977234
0.010132186114788055,-0.004350718099158257,-0.0236150324344635,0.006479921807987776,0.7301567792892456,0.6933439299464226,0.658012866973877,0.01562682115541548,80.0,185.823486328125,80.01725299358368,22.942951202392578,36.70658814430896,-0.007855910419981228,0.7015770187452436,80.0,64.95826483905314,129.94627287784968,458,0.23829174041748047,371.66064453125,160.05707535743713,45.89751434326172,73.41056606948277
0.008083815686404705,-0.007440886093536392,-0.026702754199504852,0.0077780624706662825,0.7023813724517822,0.662869868427515,0.6212124824523926,0.01844449827733177,80.0,40.793670654296875,13.899777466058731,6.494587421417236,5.869987764055921,-0.007885351742064813,0.7009767644554379,80.0,65.05788226442037,130.14555460739882,459,0.23805713653564453,81.60067749023438,27.82769418954849,13.036304473876953,11.733641622458034
0.010868974030017853,-0.009043303452199326,-0.026857327669858932,0.008671905654979278,0.6927326917648315,0.6533639788627624,0.6130465865135193,0.015787806665505718,80.0,174.5299530029297,51.17050817012787,12.150053977966309,34.49636236813895,-0.007878125593095319,0.7004687860086559,80.0,65.48710591806471,131.0039773047045,460,0.3186652660369873,349.07293701171875,102.37217030525207,24.29742431640625,68.9847516378339
0.0039588287472724915,-0.006883661559550091,-0.02467092126607895,0.006130441672950569,0.7291752696037292,0.6734886050224305,0.6219358444213867,0.023226221453300472,80.0,65.22936248779297,17.8195592045784,5.886654853820801,13.747840236343324,-0.007900520642608171,0.7000794009044766,80.0,65.61810247223079,131.2660074126795,461,0.407989501953125,130.4730682373047,35.66635527610779,11.812002182006836,27.489268362830973
0.006501303985714912,-0.006491169333457947,-0.01944833993911743,0.006018211234278795,0.6801024675369263,0.6389633104205131,0.6046310663223267,0.015480927705203661,80.0,82.99332427978516,25.489825904369354,7.443264484405518,14.07042246237305,-0.00791180561183137,0.6993635414615272,80.0,65.84490865924953,131.71962803962083,462,0.31725311279296875,166.0022430419922,51.00541344881058,14.90252685546875,28.138481521855827
0.013926152139902115,-0.0063120174803771075,-0.03207353875041008,0.008128287879299916,0.6346766948699951,0.593731602281332,0.5529539585113525,0.016589663607849924,80.0,25.223474502563477,6.997673618793487,2.34865665435791,4.473174061188662,-0.007874964745511533,0.6981240197867155,80.0,65.88397762627153,131.79766750057786,463,0.2717316150665283,50.458412170410156,14.019845873117447,4.722825527191162,8.940634305776964
0.014665951952338219,-0.008275508892256766,-0.023771151900291443,0.008706806067651954,0.6849616169929504,0.638358224928379,0.5899674892425537,0.020975370078119865,80.0,25.958553314208984,9.507628640532493,3.187349319458008,4.081465654901571,-0.007854504579881906,0.6974125008434058,80.0,65.86579804245383,131.7612531829104,464,0.2570652961730957,51.930145263671875,19.044575488567354,6.424745559692383,8.15551473202911
0.008598744869232178,-0.007375695247901604,-0.028548523783683777,0.008376572742086905,0.684980571269989,0.6396091923117637,0.5937005281448364,0.01792123089785905,80.0,13.351933479309082,2.385141172632575,0.49496397376060486,2.1751916834866,-0.007819823625410208,0.695741537488997,80.0,65.8571944223009,131.74394316098838,465,0.2602236270904541,26.717266082763672,4.797825890779495,1.0315040349960327,4.345608804792672
0.016129331663250923,-0.009192206006264313,-0.03761933371424675,0.010679551564816809,0.7129682302474976,0.6745807006955147,0.6282022595405579,0.016585334837536214,80.0,25.640871047973633,6.362497608363628,1.850284457206726,4.140285653648862,-0.00782270729294396,0.6952588109448553,80.0,65.49591408000514,131.0213785950914,466,0.29319310188293457,51.295127868652344,12.756871211528779,3.7628655433654785,8.272452672016863
0.030193857848644257,-0.0022199716011527927,-0.016578344628214836,0.008983342176196221,0.6487035155296326,0.603180542588234,0.5610153079032898,0.017725521456406986,80.0,18.31903076171875,3.1567136637866495,0.5692106485366821,3.3139326763636237,-0.007747701756452444,0.6937306807562709,80.0,65.3997105471231,130.82879095464196,467,0.4102447032928467,36.651145935058594,6.329930897057056,1.1301250457763672,6.625528945971716
0.009074918925762177,-0.005617869208799675,-0.021280139684677124,0.006468359159377463,0.6902341842651367,0.6486995846033097,0.6119219064712524,0.016790845157861112,80.0,26.39366340637207,5.694997179508209,1.539628267288208,4.155168406265917,-0.007766564348217799,0.6926570036709307,80.0,57.85587312725559,115.74113253926485,468,0.40099120140075684,52.79693603515625,11.414204162359237,3.0988001823425293,8.303481300743849
0.024689607322216034,-0.006114182830788195,-0.02828775905072689,0.011426343246644296,0.6429413557052612,0.6040702931582927,0.5498392581939697,0.018551073709436653,80.0,13.950303077697754,3.7100639596581457,0.7872036695480347,2.5359533969389876,-0.007752777802787024,0.6921527631878851,80.0,57.730448462534696,115.4902455530092,469,0.4373202323913574,27.911121368408203,7.444437646865845,1.6279466152191162,5.067791101252359
0.0010995324701070786,-0.009936105197994038,-0.027698298916220665,0.007604554197456668,0.6843886375427246,0.6316392630338669,0.5743898153305054,0.021880144097209734,80.0,7.500497817993164,2.5807808760553597,0.44256821274757385,1.527013446231665,-0.007750323740154274,0.6906612116768954,80.0,56.85175401943177,113.73282191732525,470,0.41933608055114746,15.016406059265137,5.194066790491343,0.9417334198951721,3.0488354440652814
0.00872777495533228,-0.005627526511671021,-0.01969301700592041,0.00542993419994012,0.6121628880500793,0.5686012268066406,0.524560809135437,0.019606734746206823,80.0,16.06073760986328,4.773729889839887,0.8661492466926575,3.113994902099462,-0.007727737097593491,0.6891468883603808,80.0,56.659151942417026,113.34754230318964,471,0.41405558586120605,32.13109588623047,9.570086927711964,1.7726510763168335,6.224346618640912
0.028156019747257233,-0.004725288072950207,-0.021409112960100174,0.008412763932831564,0.7066806554794312,0.6235611528158188,0.5669758319854736,0.022958303488824022,80.0,9.446907043457031,2.2877764690667393,0.374650776386261,1.4218219853671497,-0.0077139975437603425,0.6884930796474217,80.0,56.451419170115145,112.93203620405492,472,0.43451786041259766,18.910308837890625,4.597474727034569,0.7937127351760864,2.8400097726416997
0.012851594015955925,-0.009683093708008527,-0.03301209211349487,0.008945386061820102,0.65180903673172,0.611691216379404,0.5534458756446838,0.02016656943247543,80.0,22.637914657592773,5.957115371525288,1.032997488975525,3.8644606461283018,-0.007720972175855423,0.6871474689319729,80.0,56.36153273259475,112.75225036849079,473,0.4564666748046875,45.28927993774414,11.945830684900283,2.106729030609131,7.730851074668769
0.004260458052158356,-0.010265520540997386,-0.03249841183423996,0.007767490436517845,0.6767073273658752,0.6266376428306103,0.5699173212051392,0.0198233649382015,80.0,54.530975341796875,21.561283652484416,1.996026873588562,11.988325277657538,-0.007721855115174549,0.6859222957044842,80.0,56.503773814622306,113.03670979495345,474,0.36165666580200195,109.07250213623047,43.15563108921051,4.043763160705566,23.97519662138528
0.016580257564783096,-0.009604510711506009,-0.030203882604837418,0.009245381280285344,0.6570119857788086,0.6013600140810013,0.560348629951477,0.021027655112717154,80.0,16.56804847717285,4.715668044984341,1.3068737983703613,3.1017074186517473,-0.0077263755819003575,0.684574318036437,80.0,56.353697419334196,112.73653908284008,475,0.42295241355895996,33.148521423339844,9.462572276592255,2.667965888977051,6.195641567988088
0.021073654294013977,-0.007963933935388922,-0.02962137758731842,0.009098666700696416,0.7342067956924438,0.6855769917368889,0.6486364603042603,0.019512264223479712,80.0,18.414199829101562,8.399444708228112,2.8329312801361084,3.740097352540617,-0.00773950275508105,0.6840575719177724,80.0,56.34272373943402,112.71460764129459,476,0.39968299865722656,36.83948516845703,16.828528785705565,5.738739967346191,7.47588861525898
0.013397613540291786,-0.009612228377955034,-0.03058532439172268,0.009548873117845474,0.6993961334228516,0.6587461233139038,0.6234321594238281,0.01542226326996418,80.0,57.73326110839844,15.032297152280808,4.00120735168457,9.718757218685464,-0.007753555142175175,0.682875629581511,80.0,56.43356979911401,112.89630422748624,477,0.3931081295013428,115.47947692871094,30.096993684768677,8.028386116027832,19.43077369281645
0.012369949370622635,-0.011229253420606256,-0.031141141429543495,0.010682830111219165,0.7057141065597534,0.6629365526139737,0.6070125699043274,0.017340548033787272,80.0,50.041996002197266,14.830919486284255,5.5341267585754395,7.8871098140803095,-0.007789734311430949,0.681720626220107,80.0,56.515736033190024,113.06068595546483,478,0.5715556144714355,100.09693908691406,29.69755640029907,11.113495826721191,15.767811411146125
0.025655707344412804,-0.008821290201740339,-0.032715290784835815,0.010357705310006037,0.6417917013168335,0.614075081050396,0.5746143460273743,0.014803596677965785,80.0,98.41240692138672,23.91785371899605,7.329704761505127,17.418611058863533,-0.007743626230483643,0.6805733485743404,80.0,56.72504929755255,113.47919732184705,479,0.5225672721862793,196.8370819091797,47.86563144922256,14.69644832611084,34.82995282226768
0.007153306156396866,-0.010415330991963855,-0.03298578038811684,0.009593590013102709,0.6940996050834656,0.6239084310829639,0.5866280794143677,0.018831251900898037,80.0,111.96524047851562,18.231658416986466,6.358840465545654,15.577261859610733,-0.007746489253011532,0.679433373130858,80.0,56.80277575222775,113.63463315750656,480,0.4207937717437744,223.94284057617188,36.49662568569183,12.789835929870605,31.145923260472916
0.031420737504959106,-0.007252444431651383,-0.033832844346761703,0.009578565191104541,0.6718907356262207,0.6219124957919121,0.5753742456436157,0.017065022796739018,80.0,62.77784729003906,28.155762088298797,11.711223602294922,11.414670253223477,-0.007757904034864625,0.6780333411172034,80.0,57.04226190052554,114.1136002836227,481,0.4039156436920166,125.56834411621094,56.33846740722656,23.418310165405273,22.822927120299347
0.004883885383605957,-0.005939076817594468,-0.030368193984031677,0.007273815083447569,0.684866189956665,0.6347661778330803,0.5954626798629761,0.016852320026910797,80.0,121.63577270507812,50.99030935764313,21.87993621826172,17.901376828331774,-0.007742601714271587,0.6769405333250763,80.0,57.511046524289995,115.05111706961688,482,0.35126399993896484,243.28445434570312,102.00519218444825,43.773807525634766,35.80031349404935
0.005769243463873863,-0.006834605644689873,-0.029668724164366722,0.0067673694832806035,0.6833875179290771,0.6407623223960399,0.5953007936477661,0.016820365011510744,80.0,136.90774536132812,38.374582421779635,12.106305122375488,25.833984341200427,-0.007741312831116374,0.6758311090841892,80.0,57.86281154197826,115.75462233872707,483,0.4186570644378662,273.82818603515625,76.77564933300019,24.239547729492188,51.66155407067276
0.009295442141592503,-0.008883966074790806,-0.028835736215114594,0.007683178935800327,0.6418050527572632,0.6028031691908836,0.5711256265640259,0.01645911021611369,80.0,31.955738067626953,14.623352366685868,6.981255531311035,4.912411189630996,-0.007739667821268084,0.6743157971054317,80.0,57.97796454829349,115.9848947571665,484,0.3622615337371826,63.924476623535156,29.276528906822204,13.98175048828125,9.822706744925263
0.006682580336928368,-0.008753268572036177,-0.03229527920484543,0.008393691834171775,0.6766418218612671,0.6353546500205993,0.5993735790252686,0.016006531804863656,80.0,37.23960876464844,18.079031825065613,8.406618118286133,5.737377064212016,-0.007743374575278722,0.6741025613471866,80.0,58.13602331862226,116.3010154466778,485,0.5252625942230225,74.49110412597656,36.18827726840973,16.825069427490234,11.472868728160094
0.01601179875433445,-0.010720000951550901,-0.0337149053812027,0.009748899163610016,0.7137455344200134,0.6753969684243202,0.6313983201980591,0.01709282663360751,80.0,144.8553924560547,54.296333408355714,19.709644317626953,20.525062289314505,-0.007814111310755833,0.6732370508909226,80.0,56.40981603560223,112.84872502376138,486,0.39745163917541504,289.7252502441406,108.62761511802674,39.464271545410156,41.04800608076472
0.004729213193058968,-0.010160338890273124,-0.03355291858315468,0.009027425842039517,0.7153613567352295,0.6811598867177964,0.6387336254119873,0.018074631259022866,80.0,198.96632385253906,72.28052656650543,17.420833587646484,39.57454945076528,-0.007881096124066971,0.672910660624504,80.0,55.86990224895254,111.7690248747021,487,0.38875532150268555,397.9501647949219,144.59499654769897,34.86227798461914,79.14205691883654
0.007686419412493706,-0.00801940051605925,-0.02555123344063759,0.007343285327988349,0.6533443927764893,0.6057576902210713,0.5535727739334106,0.018795272668045166,80.0,105.14896392822266,33.16412966251373,10.84170913696289,20.191881240619153,-0.007937224174500442,0.6728899315446614,80.0,47.72781930241361,95.48497082926333,488,0.5248138904571533,210.31033325195312,66.35641300678253,21.722129821777344,40.37715762043509
0.013888642191886902,-0.005388599901925773,-0.02596420608460903,0.00839808043317691,0.6383742094039917,0.5991888009011745,0.5567653179168701,0.0175067427172874,80.0,87.60001373291016,24.585814625024796,7.965816974639893,14.987764849309038,-0.007932267734257039,0.672214340403676,80.0,40.94906923333183,81.92744728709756,489,0.39788055419921875,175.2117462158203,49.19438993930817,15.952964782714844,29.97025577424644
0.012721722945570946,-0.006892782769864425,-0.025039326399564743,0.007672886749368351,0.6462039351463318,0.6084570668637752,0.5561606884002686,0.017540714510567514,80.0,75.54682922363281,14.635223138332368,3.012202024459839,17.361630540922317,-0.007980687711038626,0.6713386255502699,80.0,35.44626236227528,70.92191294480861,490,0.44513535499572754,151.10379028320312,29.2964008808136,6.061435699462891,34.71615575814684
0.024907294660806656,-0.004607315134489909,-0.025081954896450043,0.00891888725218644,0.6708595156669617,0.625502772629261,0.5734236240386963,0.020288263274103883,80.0,43.41686248779297,7.13747770935297,1.9162148237228394,7.359053901702389,-0.008003564233455107,0.6710699402242898,80.0,27.531389416743067,55.092207371488215,491,0.39107322692871094,86.84963989257812,14.296680140495301,3.8737268447875977,14.711952324566699
0.012563010677695274,-0.009798600518843159,-0.03246606886386871,0.009145942442975988,0.6793598532676697,0.6216287054121494,0.5806548595428467,0.020181556281063596,80.0,33.373924255371094,7.011757369339466,1.424614429473877,5.569916438659808,-0.008049141992960357,0.6706327366083861,80.0,27.463085035476833,54.955681020841006,492,0.4025130271911621,66.75770568847656,14.055544570088387,2.8447060585021973,11.132090214999815
0.01856994815170765,-0.005369902867823839,-0.023095328360795975,0.008430898820000218,0.6973200440406799,0.6524571277201175,0.5905276536941528,0.020408559401266606,80.0,27.92399787902832,9.454502840340137,1.0508586168289185,5.7908858489510875,-0.008093107669294112,0.6703441159725189,80.0,17.71776486193016,35.465122839376335,493,0.3882029056549072,55.859798431396484,18.932794600725174,2.1241254806518555,11.58059549161056
0.020123418420553207,-0.008300153218442574,-0.024558309465646744,0.0088385622461347,0.6377797722816467,0.5975617513060569,0.5477816462516785,0.018329793060204186,80.0,11.332098007202148,5.6908444061875345,1.1983822584152222,2.6095483318447092,-0.008029165248939533,0.6686724979579448,80.0,17.669451829943807,35.36833545707166,494,0.32152771949768066,22.721681594848633,11.410240250825883,2.408982276916504,5.220359873209641
0.006807103753089905,-0.010604122118093074,-0.03461316227912903,0.009807490600479314,0.6963154077529907,0.6364349752664566,0.5792274475097656,0.025162188051175885,80.0,5.426753520965576,2.0739302884787323,0.4155310392379761,1.1706742046945917,-0.008008339535415871,0.6676063994392751,80.0,17.65151262316108,35.332394070886075,495,0.3671882152557373,10.898931503295898,4.1817975349724295,0.890981912612915,2.3363551620488163
0.024674205109477043,-0.006874038171372376,-0.03229169920086861,0.011357203049270166,0.6657026410102844,0.5885471768677235,0.501240611076355,0.04082024753880772,80.0,13.858534812927246,2.724743165075779,0.6168124675750732,2.4528875360845177,-0.007937632345885503,0.6656856580078601,80.0,17.59910927973688,35.22740755549818,496,0.4384312629699707,27.730743408203125,5.475005353987217,1.2588798999786377,4.897136411248807
0.00615718774497509,-0.010610592120792716,-0.027816925197839737,0.007692149387110181,0.6114494800567627,0.5699834421277046,0.5181587338447571,0.019983080354542083,80.0,11.756623268127441,3.818211276829243,1.1530265808105469,2.270806738571504,-0.007945916172640864,0.6639125900566577,80.0,17.58997203561664,35.2091141738072,497,0.2872016429901123,23.52314567565918,7.669043463468552,2.372159004211426,4.533294583362401
0.015666022896766663,-0.008715924166608602,-0.026715455576777458,0.008498656006373062,0.6786823272705078,0.6330936722457409,0.5892829895019531,0.0190956473202607,80.0,19.390697479248047,5.220836502313614,0.6774622201919556,3.299497791067091,-0.007940269351645837,0.6625442387014627,80.0,17.577182321429255,35.183496084280314,498,0.4310934543609619,38.792747497558594,10.47176677286625,1.3874866962432861,6.594324396631815
0.022030949592590332,-0.00720178009942174,-0.02523748204112053,0.00871705426704309,0.7199374437332153,0.655880081653595,0.6001571416854858,0.020849649989935194,80.0,8.236666679382324,2.6499112591147425,0.6901865601539612,1.484314856392951,-0.00793091810779879,0.6613710367679596,80.0,17.563760378777985,35.15661003173143,499,0.37070488929748535,16.48671531677246,5.327343621850014,1.4223229885101318,2.963732802455917
0.011765900999307632,-0.007919728610431775,-0.023545820266008377,0.007326462845419148,0.6872705817222595,0.6216814763844013,0.5608723163604736,0.02170984369534408,80.0,16.18764305114746,5.251853597164154,1.053420066833496,2.7047203141792937,-0.007901719823421445,0.6596016077324747,80.0,17.5884633910656,35.205922271154826,500,0.34105420112609863,32.38677215576172,10.531980314850808,2.135434627532959,5.40437329576353
0.0385701023042202,-0.005449348461115733,-0.02533521130681038,0.011952135038702799,0.6320673227310181,0.5830138750374317,0.5168774127960205,0.024421759770854364,80.0,29.712238311767578,5.581683351099491,0.9901844263076782,6.341633880531889,-0.00791607684857445,0.6579434748739004,80.0,17.58282375160605,35.194638544581835,501,0.5358686447143555,59.434906005859375,11.185925769805909,2.0023558139801025,12.679697816917901
0.03521813452243805,-0.005185388115933165,-0.0239170603454113,0.009495747880806676,0.7559027075767517,0.6903287567198276,0.6495908498764038,0.021349793165834404,80.0,27.654706954956055,8.721618902683257,2.2492804527282715,4.846572913642663,-0.007916050458909012,0.6578123463690281,80.0,17.608858203046026,35.24670477160067,502,0.44864344596862793,55.321624755859375,17.467415153980255,4.538861274719238,9.692987187841377
0.008021434769034386,-0.010631671082228423,-0.03420949727296829,0.010171127303236807,0.6869080662727356,0.6500513613224029,0.603804349899292,0.016580683570353246,80.0,23.5205078125,7.2373484209179875,1.5716766119003296,4.6146472104988305,-0.007922365153441205,0.6571763882562517,80.0,17.6354970991835,35.29998247446865,503,0.44077014923095703,47.05187225341797,14.508961260318756,3.1960196495056152,9.22593951604316
0.014523237943649292,-0.00785527949919924,-0.025202086195349693,0.007726567956398063,0.7903544306755066,0.7517980135977268,0.7115268111228943,0.01951167179306809,80.0,18.415273666381836,7.706091785430909,2.158223867416382,3.7824146823068947,-0.007921500074968207,0.6572305922061203,80.0,17.6569104552418,35.34280854087323,504,0.33441925048828125,36.838462829589844,15.442930179834367,4.347569465637207,7.565017076813879
0.03603142499923706,-0.005204959399998188,-0.022360078990459442,0.009104800109109908,0.8132929801940918,0.7543043218553066,0.7079682350158691,0.020539005481517898,80.0,28.317584991455078,11.041740456223488,2.605360984802246,5.495250158167269,-0.00788210825971328,0.6579623264372348,80.0,17.726812620401383,35.48254872366041,505,0.3811211585998535,56.65540313720703,22.108977061510085,5.243868827819824,10.990897936901193
0.027834832668304443,-0.009832898766035214,-0.028585879132151604,0.010086480541462231,0.8457653522491455,0.7882283546030522,0.7165907621383667,0.02464632595244818,80.0,41.1464958190918,6.479236559569836,1.7743886709213257,5.9178567114248315,-0.007908994891389739,0.6587676694393158,80.0,17.763957566156986,35.55690849565715,506,0.431659460067749,82.3323745727539,12.993903541564942,3.6107406616210938,11.833693829453807
0.030419830232858658,-0.005317928524164017,-0.025443237274885178,0.008758672963205727,0.8905192613601685,0.8279372707009316,0.7825174331665039,0.021478426176702634,80.0,35.606773376464844,14.316889351606369,4.649533271789551,6.602764147830586,-0.007828260713184137,0.6600759458914399,80.0,17.8749084988907,35.778675058119,507,0.36610865592956543,71.2323226928711,28.660973286628725,9.312747955322266,13.204583087606567
0.010851042345166206,-0.00607258704258129,-0.027951044961810112,0.00786758273549406,0.9774738550186157,0.8931326739490032,0.8288717269897461,0.028872645231634655,80.0,18.87017059326172,5.308409436047077,1.8076691627502441,3.511363632723734,-0.007857165800509392,0.662094008438289,80.0,17.805677380479874,35.640310992263245,508,0.42615747451782227,37.757484436035156,10.64682670533657,3.662163257598877,7.0235724031959155
0.03496585413813591,0.0003998168220277876,-0.020492952316999435,0.01038274820616844,1.007319450378418,0.9389083854854107,0.8732929825782776,0.028032534626769134,80.0,14.734062194824219,5.861129587888717,0.9378551244735718,2.7742228221120397,-0.007775852882754406,0.6641313015744088,80.0,17.63937060046941,35.30757555235177,509,0.3825814723968506,29.493343353271484,11.740237663686276,1.8948801755905151,5.549015226656806
0.03706306591629982,-0.004352283757179975,-0.0375279039144516,0.013020783640908305,1.0579533576965332,0.9434432715177536,0.8760324120521545,0.04097317682067304,80.0,6.129629611968994,0.779355246014893,0.12605343759059906,1.086867817914921,-0.007696987860763329,0.6670896093472837,80.0,17.281553470442066,34.591842725165186,510,0.6113379001617432,12.277264595031738,1.5862839221954346,0.29150718450546265,2.1708907433693994
0.027206098660826683,-0.002793709887191653,-0.019077498465776443,0.008792058458736884,0.9837075471878052,0.9296477235853672,0.8631766438484192,0.026870745210948725,80.0,29.329608917236328,14.257977947592735,2.5169765949249268,4.8741313795488885,-0.007675858570830314,0.6696676739007232,80.0,15.236692961374295,30.5021310011819,511,0.4115025997161865,58.69378662109375,28.540136271715163,5.048489093780518,9.74390612232241
0.026644153520464897,-0.003732595869223587,-0.028313491493463516,0.008851754849107333,0.8387677669525146,0.7657934740185738,0.695077657699585,0.02916243794917102,80.0,21.7313289642334,8.404692994058133,1.9892586469650269,4.701257801890753,-0.0076709396320657095,0.6704732843786477,80.0,14.163196208024397,28.355143771894276,512,0.48886775970458984,43.47554397583008,16.832167035341264,4.010601043701172,9.39853600266599
0.017400164157152176,-0.002098551776725799,-0.01979246363043785,0.0076940605123648215,0.805790901184082,0.7504210494458675,0.6910974383354187,0.022397600913722008,80.0,17.14082908630371,8.315386146306992,2.76497483253479,3.2075778407693547,-0.007563543610056514,0.671203063212335,80.0,14.085464941943064,28.199481044895947,513,0.4182586669921875,34.26924133300781,16.64997789859772,5.547994613647461,6.413152614718739
0.020661236718297005,-0.0008755032846238464,-0.021868329495191574,0.009849371049729473,0.6350651979446411,0.5832052670419217,0.5235211849212646,0.020918027662106452,80.0,23.467409133911133,9.558668634295463,2.4373743534088135,4.768069361050934,-0.00748643559832999,0.6699793457984924,80.0,14.027429809087886,28.083232088036834,514,0.41316819190979004,46.92525100708008,19.130752402544022,4.882503032684326,9.53083731974595
0.008538313210010529,-0.0032731123734265565,-0.016921475529670715,0.005409581292904861,0.5980785489082336,0.5602901607751847,0.4975680708885193,0.018916798167101453,80.0,15.87493896484375,5.130343855917454,1.755071759223938,2.486910241971272,-0.007406665764967329,0.6680343757197259,80.0,13.964785057971254,27.957744147963822,515,0.39382004737854004,31.762001037597656,10.278439784049988,3.553852081298828,4.971563968844729
0.010466081090271473,-0.00486384098767303,-0.027773886919021606,0.00802802384763838,0.6758373975753784,0.5991353414952755,0.544152557849884,0.022506913724281857,80.0,13.694307327270508,7.181283867359161,2.3734705448150635,2.892203858749027,-0.007358659748613717,0.6667134066894649,80.0,13.94996091080643,27.927973422236747,516,0.29974818229675293,27.41990089416504,14.384278059005737,4.777473449707031,5.784408628543261
0.007244467735290527,-0.010797940311022103,-0.027480177581310272,0.007388119724544415,0.5876792669296265,0.5211311709135771,0.4836616814136505,0.017888657507663004,80.0,12.047451972961426,3.1307872854173184,0.607746422290802,2.4877171852221243,-0.007394988676693174,0.664611393701285,80.0,13.868650792481375,27.765383803598585,517,0.24132037162780762,24.10615348815918,6.293593071401119,1.2652240991592407,4.969392629358957
0.004201047122478485,-0.007941298867808654,-0.03012099675834179,0.006950802906910308,0.6982213258743286,0.6454455971717834,0.6075113415718079,0.017287405411004222,80.0,8.265398979187012,2.4869614291936157,0.33882033824920654,1.7494688980823558,-0.0074118518435134315,0.6639054617024958,80.0,13.8146088439133,27.65731951374561,518,0.30715322494506836,16.546506881713867,5.0027143731713295,0.7340840101242065,3.4952940128538494
0.007490329444408417,-0.009810296661453322,-0.02663935348391533,0.008179351035396626,0.6045631170272827,0.5448668256402016,0.5003598928451538,0.023998833321006195,80.0,9.048195838928223,2.794894243776798,0.8504096269607544,1.3582000522961126,-0.007433431030352949,0.6622938588298857,80.0,13.808788497885685,27.64568974799663,519,0.2882993221282959,18.1048526763916,5.62030640989542,1.7622096538543701,2.711005918268193
0.00685998797416687,-0.005681622290285304,-0.019813481718301773,0.005824862611292095,0.6012951135635376,0.5534166850149631,0.5020954608917236,0.016989693040159015,80.0,11.67782974243164,3.542494935542345,0.7631330490112305,1.8274182921033515,-0.00740411433261761,0.6607649575434625,80.0,13.785774332141502,27.59957220458239,520,0.24917387962341309,23.373458862304688,7.107421439886093,1.5408871173858643,3.653097357289229
0.00831468403339386,-0.00325871619861573,-0.016542837023735046,0.004858474979706991,0.6765948534011841,0.632921238988638,0.575317919254303,0.020142119700966334,80.0,7.821478843688965,3.190675413608551,0.6852670311927795,1.716470290327056,-0.00734472701435152,0.6599876595251263,80.0,13.76054689339362,27.548983006648715,521,0.2637317180633545,15.654426574707031,6.400526724755764,1.395066499710083,3.4302441934453802
0.007894648239016533,-0.0021786216530017555,-0.00872885063290596,0.00334903443430627,0.6739782094955444,0.6242552556097507,0.5513882040977478,0.024678279613864946,80.0,10.714814186096191,3.2680728144943716,0.8113704323768616,1.574226911768372,-0.00730248427837796,0.6594828391261399,80.0,13.74933359673433,27.52646183108538,522,0.3948688507080078,21.43767547607422,6.552987940609455,1.6445447206497192,3.146099685834605
0.008386924862861633,-0.004687290987931192,-0.0186723954975605,0.004823951891094036,0.6581881046295166,0.6185253866016864,0.5560225248336792,0.020333476867456787,80.0,6.787252426147461,2.6890212669968605,0.5585073828697205,1.375561379423914,-0.007307018671956029,0.6592199498079718,80.0,13.731288857644424,27.490376164384188,523,0.541229248046875,13.599821090698242,5.399787592887878,1.1500930786132812,2.7475178138831464
0.008422961458563805,-0.00473854600568302,-0.022383451461791992,0.0057864047610679,0.6869608759880066,0.6273312166333198,0.5675599575042725,0.023926497869154864,80.0,5.183472156524658,1.8997452817857265,0.5461048483848572,1.0601997672403136,-0.0073272791598719775,0.6594386718384923,80.0,13.71884311714582,27.465529578991237,524,0.4170517921447754,10.379724502563477,3.8215142846107484,1.112894058227539,2.115883954246763
0.007302016019821167,-0.008274412341415882,-0.023164354264736176,0.0072347744467898345,0.7250266075134277,0.6746082022786141,0.6246269941329956,0.018329579663375537,80.0,25.991506576538086,7.476603633165359,1.5287827253341675,4.7203797672602406,-0.007328931092008134,0.6602652341760696,80.0,13.761759473172948,27.551382127620283,525,0.38947153091430664,51.99506378173828,14.98324835896492,3.081242561340332,9.43734891838776
0.007026779465377331,-0.006010034188511782,-0.025296494364738464,0.006978815590344535,0.731928825378418,0.6950474001467228,0.6252491474151611,0.018049704752629823,80.0,7.059520244598389,1.9290843352675437,0.7002209424972534,0.9338186230167682,-0.0073311197604489274,0.6613325232602656,80.0,13.741797246849162,27.51148339752108,526,0.39377403259277344,14.132308959960938,3.8840896666049955,1.4476407766342163,1.8613739253515933
0.012203080579638481,-0.007145689369644969,-0.026433147490024567,0.008275155032898739,0.7855918407440186,0.7333183057606221,0.667567253112793,0.018965407573238644,80.0,21.07461929321289,9.730434170365333,2.6682605743408203,4.739110017304763,-0.007318983161982032,0.6618401659242807,80.0,13.774870413219553,27.577615609981123,527,0.33481407165527344,42.172367095947266,19.489826130867005,5.348990440368652,9.479046121511544
0.011152448132634163,-0.0089357694494538,-0.03413420915603638,0.008376214415465013,0.7411880493164062,0.6996688671410084,0.6525595188140869,0.01708554206437333,80.0,30.20530891418457,14.201655900478363,4.285501956939697,5.91306761838793,-0.0073252961270482055,0.6620867124535144,80.0,13.68546296629868,27.398818272091454,528,0.38827013969421387,60.423309326171875,28.43517702817917,8.602956771850586,11.823946426144529
0.009536683559417725,-0.007909784297225997,-0.02483895607292652,0.00811056907309795,0.8162656426429749,0.7710050292313099,0.7252025604248047,0.019110376721038706,80.0,36.65950393676758,12.317586451768875,4.181827545166016,4.661885789468156,-0.007346069992738195,0.6640335921533407,80.0,13.525212792014703,27.078398410297932,529,0.4603762626647949,73.33042907714844,24.666412711143494,8.408329963684082,9.319384044209594
0.01774454489350319,-0.0038987284060567617,-0.02065005525946617,0.00773953041822323,0.8841760158538818,0.8430974006652832,0.7916486263275146,0.02093132977417554,80.0,83.5037612915039,37.595982843637465,4.740068435668945,20.981731203736185,-0.007299970340085565,0.6655962634198367,80.0,13.66077555505,27.34946298096329,530,0.38414978981018066,167.021728515625,75.2166243314743,9.519468307495117,41.9632357099172
0.026952125132083893,-0.004741762764751911,-0.03040424734354019,0.009910923318957588,1.1283804178237915,1.0597398310899735,0.9785951972007751,0.0334360446619205,80.0,12.805139541625977,7.611671575903893,2.2410902976989746,2.563942839331619,-0.007275804814635194,0.6692730756141245,80.0,13.444200024729593,26.91633712158352,531,0.4577291011810303,25.63047981262207,15.25402146577835,4.516053676605225,5.128516703975884
0.021376987919211388,-0.005712492554448545,-0.021097473800182343,0.008264940392920896,1.0849988460540771,1.0107945300638677,0.9479793906211853,0.02428691111447784,80.0,20.369808197021484,7.014459174871445,1.675351858139038,3.261152851675274,-0.007254491219631744,0.6728637716732918,80.0,13.314826079552994,26.657618416406216,532,0.3856790065765381,40.78223419189453,14.060559248924255,3.407437801361084,6.521778037863588
0.013555524870753288,-0.0073337839508894834,-0.03474403917789459,0.009353865839431812,0.9855314493179321,0.9272952519357205,0.8617157340049744,0.02977070664878865,80.0,42.3973388671875,24.65064240694046,9.442132949829102,6.517507621452493,-0.007194271854401449,0.6758493164144456,80.0,13.246140815919267,26.52018716440349,533,0.31130528450012207,84.79534149169922,49.33449859619141,18.90583610534668,13.032947671011923
0.012003712356090546,-0.007640971068758518,-0.02746431902050972,0.00840959277711848,0.7748541831970215,0.7147140882909297,0.6383055448532104,0.024733987916865104,80.0,26.855173110961914,15.351601999998092,7.810964107513428,4.030093178814015,-0.007159697257724473,0.6763022701106965,80.0,13.200564070587978,26.428973579384387,534,0.3178067207336426,53.72650146484375,30.732779848575593,15.643925666809082,8.06024886400505
0.009625915437936783,-0.013659743132302537,-0.035128287971019745,0.010278571582552985,0.5918129682540894,0.5552725158631802,0.526721715927124,0.015039535610287523,80.0,13.637840270996094,5.425463899970055,1.8262276649475098,2.1082184736218914,-0.007220747500410653,0.6757748286388814,80.0,13.20899908111058,26.445955152131617,535,0.23913002014160156,27.284826278686523,10.889352762699128,3.704357147216797,4.212466992607204
0.005575032904744148,-0.007285723765380681,-0.02501702681183815,0.006753627038328149,0.6595697402954102,0.6148731894791126,0.5765604376792908,0.017195995095876923,80.0,18.903423309326172,8.99845033288002,2.946690559387207,3.278872067775004,-0.00723661733562767,0.6755393516607583,80.0,13.250297229057178,26.528578478850427,536,0.35372424125671387,37.816898345947266,18.02376964688301,5.894497394561768,6.554186378699848
0.019554901868104935,-0.003618224582169205,-0.02019297331571579,0.007197977890182761,0.7073550224304199,0.6590203255414963,0.6067395210266113,0.022629294612103043,80.0,2.5955207347869873,1.1570548616349696,0.70313560962677,0.3686551974615862,-0.0072231108001869875,0.6751183730699121,80.0,13.198449566302822,26.424847720704975,537,0.27991509437561035,5.204662799835205,2.3345265612006187,1.4430266618728638,0.7340734296497097
0.011476719751954079,-0.0015599726000800728,-0.012532485648989677,0.005703931978199795,0.7075260877609253,0.6562750533223152,0.6024945974349976,0.01677547356029951,80.0,17.169492721557617,5.655259719491005,2.249905824661255,3.463223020813594,-0.007138863140411559,0.6744264688529072,80.0,13.202494853613898,26.43275596126169,538,0.312546968460083,34.32945251464844,11.326764833927154,4.522031307220459,6.922233100387739
0.004247959703207016,-0.004561534011736512,-0.01863403618335724,0.005085768581287118,0.6380730867385864,0.5967037998139858,0.5589339733123779,0.01645037041776142,80.0,9.422737121582031,4.3404069252312185,0.48741739988327026,2.029715137173032,-0.007086306168159354,0.6729570764712988,80.0,13.229702130844817,26.48703601422161,539,0.282848596572876,18.85041046142578,8.70187101215124,1.0241285562515259,4.056560898241921
0.029335662722587585,-0.004412605421384797,-0.029666317626833916,0.00995307107241093,0.5987991094589233,0.5582449562847615,0.5141165256500244,0.01940867837830401,80.0,8.965909004211426,2.8640782803297045,1.0329004526138306,1.407813164384062,-0.007023574229257066,0.6713740872852505,80.0,13.20291053844057,26.433295705966646,540,0.26136088371276855,17.943626403808594,5.748146650195122,2.1087095737457275,2.8109794559964825
0.005266174674034119,-0.005989234667504206,-0.027622200548648834,0.007002653934036042,0.609713077545166,0.553894555568695,0.5115078687667847,0.020162879957375195,80.0,10.726616859436035,4.150469166040421,1.388734221458435,1.6629481991132322,-0.0069938345566479265,0.6708374643139541,80.0,13.188635203367099,26.404674824200566,541,0.24947285652160645,21.463966369628906,8.323994734883309,2.798370122909546,3.323537545469417
0.024366071447730064,-0.0034491641621571035,-0.019612958654761314,0.006645133072009598,0.6659345626831055,0.5974536597728729,0.5403348803520203,0.02291172003507507,80.0,6.518975734710693,1.7600083857774735,0.3535282611846924,1.161410774099645,-0.006931642173192813,0.6708057536669074,80.0,13.170611532798036,26.368502463586623,542,0.2650582790374756,13.054423332214355,3.5388641476631166,0.7514301538467407,2.317531600873099
0.009266575798392296,-0.004498628340661526,-0.021561359986662865,0.006566940363645967,0.6764947175979614,0.6217393338680267,0.5333543419837952,0.02426367661214076,80.0,9.05321216583252,4.244285437464714,0.5968910455703735,1.9593628287178315,-0.0068921305536496225,0.6706378648839889,80.0,13.193931124856695,26.415059266939757,543,0.2975425720214844,18.12371063232422,8.51000293046236,1.2295702695846558,3.9157059673524945
0.012726392596960068,-0.003672649402869865,-0.013584230095148087,0.00559125579059654,0.7189094424247742,0.6685147874057293,0.6126236915588379,0.022578875711945744,80.0,8.776721954345703,3.4231753051280975,0.5892335176467896,1.5654308338281238,-0.006884566484994138,0.6716563309021292,80.0,13.19689517433755,26.4209926071763,544,0.366105318069458,17.574970245361328,6.867066223919392,1.1972174644470215,3.1296567722319883
0.014012493193149567,-0.004090240312507376,-0.02073490619659424,0.005827123890705583,0.7034043073654175,0.6446769930422306,0.5840060710906982,0.024274139845276037,80.0,8.429278373718262,3.342266483604908,1.1028223037719727,1.3205188937740457,-0.006838499091842094,0.6727906811125574,80.0,13.203788029490035,26.43470886936783,545,0.42975616455078125,16.870750427246094,6.705606964230538,2.2229790687561035,2.6388210513561834
0.0068355947732925415,-0.008328950451686978,-0.02944354899227619,0.008050421587508596,0.7914402484893799,0.7391849078238011,0.6595394611358643,0.026851732226558966,80.0,3.2349741458892822,1.0239468716084956,0.3681541979312897,0.6147778937621389,-0.006793303213940817,0.6734178315065799,80.0,13.191257391138002,26.409569743476805,546,0.4252300262451172,6.484928607940674,2.079335331171751,0.7916755676269531,1.222782797990089
0.01688045635819435,-0.0037963299779221415,-0.02567102387547493,0.008895072036075192,0.7713861465454102,0.7108863383531571,0.6591152548789978,0.025142499784684653,80.0,7.220425605773926,2.673217935860157,0.8742458820343018,1.1768446001890145,-0.006772445997732575,0.6738440573029219,80.0,13.155249316288156,26.337520404301582,547,0.41428661346435547,14.442659378051758,5.368246248364448,1.792302131652832,2.3505128781357936
0.016624122858047485,-0.011058809771202504,-0.03436964005231857,0.011146093360836188,0.7616352438926697,0.719900519400835,0.6782763004302979,0.017389960337219137,80.0,17.480236053466797,5.0441773787140844,1.1713252067565918,3.7067143062974575,-0.006805501528506285,0.6748697613961994,80.0,13.074773924080652,26.176656245373188,548,0.3920111656188965,34.976234436035156,10.124870330095291,2.3406805992126465,7.417735987918084
0.008963175117969513,-0.01225411617779173,-0.03410135209560394,0.01099679428255197,0.7887187004089355,0.7457832895219326,0.7025799751281738,0.01771109420816533,80.0,122.76490783691406,43.86736944317818,7.703287601470947,22.236465742201233,-0.006820082512698718,0.6748830973990262,80.0,13.364986874131484,26.75711157538742,549,0.3982524871826172,245.61331176757812,87.77416305541992,15.44239616394043,44.47632289240751
0.007281022146344185,-0.007625964778708294,-0.023449305444955826,0.006519159397252696,0.7475736141204834,0.7115351043641567,0.6683187484741211,0.015488268579261113,80.0,32.21027755737305,18.54431632757187,9.272150039672852,5.275983592207974,-0.006837716793714207,0.6744818167276683,80.0,13.369261595277113,26.765688259504735,550,0.3875455856323242,64.43441009521484,37.118115305900574,18.56955337524414,10.550828026933443
0.011857041157782078,-0.00638115563779138,-0.03207259997725487,0.008612024653442843,0.6056898236274719,0.5554254204034805,0.5069217681884766,0.020703417868231922,80.0,36.819759368896484,8.836973610520364,2.1766750812530518,5.360954627922635,-0.006846191740376526,0.672522413302213,80.0,13.268587326345962,26.564317483864723,551,0.3937380313873291,73.65103149414062,17.69781795144081,4.387879371643066,10.72143362300811
0.021966280415654182,-0.006931163114495575,-0.029543723911046982,0.01014635348559195,1.0318856239318848,0.9445063918828964,0.8823131322860718,0.029958346379672717,80.0,22.673038482666016,9.699053663015366,4.960212230682373,3.0109176657530052,-0.006794233222331968,0.6745520925037564,80.0,13.17420469307713,26.375488895617423,552,0.4676697254180908,45.36482238769531,19.430859899520875,9.973608016967773,6.018209076996328
0.018759503960609436,-0.007282134512206539,-0.025810783728957176,0.008391763083110109,0.8471182584762573,0.7784139789640904,0.6948965191841125,0.03276465342988986,80.0,41.498897552490234,25.710760533809662,14.0263671875,6.761159086777519,-0.006830852457103901,0.6750154067985714,80.0,13.17349364447407,26.37414930959791,553,0.38205695152282715,83.01473999023438,51.451654005050656,28.062137603759766,13.518974713173517
0.013002336025238037,-0.012573466228786856,-0.039397232234478,0.0127594868756635,0.6845813989639282,0.6235136575996876,0.5816181898117065,0.019930711352742773,80.0,35.94662094116211,17.20621562600136,7.09084939956665,5.537210437161813,-0.006878345611403347,0.6738817242719233,80.0,13.077822040854018,26.182878417216244,554,0.3731682300567627,71.90575408935547,34.45004835128784,14.18134880065918,11.068983328779884
0.012769550085067749,-0.007616681361105293,-0.02962922677397728,0.008523307197339295,0.49225401878356934,0.45592761486768724,0.40819716453552246,0.0169638981585267,80.0,17.382205963134766,5.347661569714546,1.9283607006072998,2.2617690336218854,-0.006913329827555571,0.671385272216052,80.0,12.808129714576525,25.643513804696504,555,0.37220239639282227,34.77375411987305,10.719675093889236,3.8792314529418945,4.52284191687556
0.011815119534730911,-0.008302979898871854,-0.02545611560344696,0.007811239146533748,0.6155566573143005,0.5640030890703202,0.512702226638794,0.02467999560464809,80.0,5.888363361358643,2.301187402009964,1.0075595378875732,0.9220341007441353,-0.006905256088488385,0.670062531154603,80.0,12.52122588923387,25.069663551531736,556,0.3610951900482178,11.783075332641602,4.630260843038559,2.053413152694702,1.8400905383599804
0.008418336510658264,-0.011209179105935618,-0.03135116025805473,0.008808090488740749,0.7029372453689575,0.6588962949812412,0.6210966110229492,0.018292305336826582,80.0,4.759786128997803,2.4706760480999947,1.4307730197906494,0.714555585143823,-0.006900441678604693,0.6698279130049052,80.0,12.235700081570071,24.4985976196155,557,0.32982468605041504,9.524251937866211,4.976948392391205,2.909055233001709,1.4225384097434264
0.012678798288106918,-0.009551293606637045,-0.030584268271923065,0.009059852272523726,0.7358716726303101,0.6976236879825592,0.6622096300125122,0.01788910541793359,80.0,16.18279266357422,5.782670471072197,2.957608938217163,2.4930479851022835,-0.006952447433679482,0.6698707105852665,80.0,11.493354256344958,23.014010825835168,558,0.37854838371276855,32.379730224609375,11.598395979404449,5.959592819213867,4.979489806213112
0.0078070759773254395,-0.0076296088693197815,-0.02513536438345909,0.006818395450825966,0.6870898604393005,0.6466226063668727,0.5935209393501282,0.019206675912422873,80.0,14.872232437133789,5.172274874150753,1.672817349433899,2.350701269721803,-0.006954334661437316,0.6697082379646601,80.0,11.406079230425878,22.839461297713214,559,0.5293693542480469,29.757497787475586,10.372741377353668,3.3667240142822266,4.697463382169776
0.029657572507858276,-0.0031149287184234708,-0.02749662473797798,0.008538344415422852,0.7433102130889893,0.6945511311292648,0.6246832609176636,0.022287091707440122,80.0,8.469038009643555,3.686692491173744,0.45970767736434937,1.7665736025248158,-0.006895050914099556,0.6701201094873249,80.0,10.931241073636338,21.889674653358753,560,0.4303586483001709,16.967693328857422,7.3935058698058125,0.9471791982650757,3.5347116820933313
0.02663254365324974,-0.005383730796165764,-0.035390615463256836,0.011882144162111868,0.7698807120323181,0.7047961905598641,0.6544544696807861,0.02384847551555334,80.0,18.119701385498047,3.9438348673284054,0.8607663512229919,3.1435151472485745,-0.006880051606465713,0.6704331853426991,80.0,10.792483830263839,21.612136431671676,561,0.4291996955871582,36.252784729003906,7.91253310739994,1.7656967639923096,6.284029612894204
0.0065414272248744965,-0.004075902153272182,-0.020566239953041077,0.0058318880815801276,0.7800565361976624,0.74548414722085,0.7177969813346863,0.012579511282236328,80.0,8.460182189941406,1.9927908394485712,0.4752849042415619,1.3253174071220273,-0.006855898934663854,0.6714983937107025,80.0,10.557513479614634,21.142168729014692,562,0.4354374408721924,16.935548782348633,4.008643183112144,0.973743736743927,2.6483033035866423
0.006430603563785553,-0.007848292926792056,-0.02891470491886139,0.007135620614815695,0.7645606994628906,0.7379545658826828,0.6965200901031494,0.013393570362201821,80.0,6.3218092918396,2.134678769111633,0.7794965505599976,1.1215857333774415,-0.006871261689128003,0.6729406233467161,80.0,10.508883531117812,21.044968402303756,563,0.4098973274230957,12.659756660461426,4.299813202023506,1.6037546396255493,2.2358878844584718
0.008612999692559242,-0.004602219699881971,-0.01917765848338604,0.0051309388831562485,0.722070574760437,0.6824623830616474,0.6476703882217407,0.016005986521439756,80.0,11.766831398010254,4.1824136704206465,1.1396700143814087,2.029117857168089,-0.006834528797204256,0.6733816649280489,80.0,10.455631381416694,20.93839945802838,564,0.4106628894805908,23.547107696533203,8.387681061029435,2.311128616333008,4.055925971482206
0.01729179359972477,-0.004488908417988569,-0.022057779133319855,0.008097881557710346,0.7439169883728027,0.7057027354836464,0.663489818572998,0.015377776593614726,80.0,11.487760543823242,3.6775574535131454,0.9206236600875854,2.3021620695374767,-0.006805660928905125,0.6740426003597676,80.0,10.468555544225499,20.964203266985713,565,0.41768503189086914,22.991247177124023,7.378206786513329,1.848930835723877,4.601391730597391
0.010083295404911041,-0.006939759175293147,-0.027595441788434982,0.008313899935490855,0.696755051612854,0.6604627020657062,0.6221791505813599,0.013265538016473347,80.0,7.970015048980713,1.7461488544940948,0.5213932991027832,1.3188923032237352,-0.006783136460595414,0.6739014203734695,80.0,10.422392056686803,20.87182841973752,566,0.45385050773620605,15.953882217407227,3.519386486709118,1.0635727643966675,2.635543276188922
0.0014774147421121597,-0.017468235502019525,-0.04370656609535217,0.012319217812123216,0.7803241014480591,0.735346308350563,0.6838802099227905,0.019940443354126574,80.0,11.306951522827148,2.5013771086931227,0.9084468483924866,1.7741125298187566,-0.0069356190996040816,0.6752230780310927,80.0,10.415838691135868,20.859053086839616,567,0.42344069480895996,22.62806510925293,5.052397607266903,1.892944574356079,3.5365262040030654
0.010881525464355946,-0.006427539803553373,-0.02782522514462471,0.007722640297372581,0.8390955924987793,0.8047849468886852,0.7587721347808838,0.01812511096614482,80.0,16.709060668945312,5.905251622200012,1.4886988401412964,3.818780467394804,-0.006943715805551618,0.6767839316539463,80.0,10.417941235562786,20.86330558543652,568,0.39055895805358887,33.418190002441406,11.839454022049903,3.008957862854004,7.635876244128942
0.012113925069570541,-0.005107291782042012,-0.021840181201696396,0.007357514672333377,0.7671338319778442,0.7289114527404308,0.6881529688835144,0.016087618536221412,80.0,37.654937744140625,14.310238939523696,4.8798346519470215,6.445724669481621,-0.006933646895064157,0.678032343249768,80.0,10.52394298536144,21.07531391673535,569,0.4114501476287842,75.33316040039062,28.645270776748657,9.799302101135254,12.888921986596122
0.004082788713276386,-0.009637488500447943,-0.025620143860578537,0.00796237462321514,0.6484166383743286,0.6033704586327076,0.5530233383178711,0.017157914128278814,80.0,43.84514617919922,20.359751605987547,10.204317092895508,6.996354665478204,-0.006930660728088697,0.6777496552057565,80.0,10.701732692660766,21.43088170672953,570,0.3967294692993164,87.70364379882812,40.75084578990936,20.444473266601562,13.989181983966093
0.008813159540295601,-0.005296189524233341,-0.015564324334263802,0.005196617505994519,0.6229119300842285,0.568474569171667,0.5133877992630005,0.018460229465887212,80.0,20.497041702270508,11.267498207092284,5.778461456298828,2.582390981644962,-0.006927347358214322,0.6777483886294067,80.0,10.766670375833291,21.560750420033926,571,0.4197671413421631,41.00625228881836,22.556958258152008,11.565113067626953,5.162441608323124
0.017534751445055008,-0.005180470016784966,-0.017900701612234116,0.006373068687490664,0.5874130129814148,0.5424470957368612,0.4886174201965332,0.018718686222603143,80.0,41.49048614501953,18.79747388958931,7.449878215789795,6.442889035419237,-0.0069318991776526695,0.6769372480586172,80.0,10.931767350038514,21.89093724915385,572,0.5627095699310303,83.0111083984375,37.61615763902664,14.920926094055176,12.885494987765595
0.014184929430484772,-0.004383974545635283,-0.02360595017671585,0.007310608815774918,0.4587656259536743,0.41288881935179234,0.3818703889846802,0.01440053609547462,80.0,52.15635299682617,17.526710492372512,7.11756706237793,7.57572542621403,-0.006878907986028937,0.674949224088341,80.0,11.047463301246987,22.122183408647775,573,0.4104197025299072,104.32131958007812,35.0704466342926,14.28016471862793,15.146829332200321
0.03019094653427601,-0.008855329814832658,-0.032023169100284576,0.011223990176060818,0.5088869333267212,0.4703179463744164,0.4205569326877594,0.018875382347697537,80.0,39.478336334228516,12.604694876074792,2.675624370574951,7.0026101023208716,-0.006864806078767289,0.6733860271237792,80.0,10.95789741348289,21.942992164820435,574,0.39701032638549805,78.9689712524414,25.236506706476213,5.3560662269592285,14.001118412714028
0.00865582749247551,-0.003537383320508525,-0.013884253799915314,0.004015026011346557,0.6577383279800415,0.5971585772931576,0.5557910203933716,0.023739095293271742,80.0,13.676633834838867,3.1057645581662654,0.8615266680717468,2.2775821021622678,-0.0068041348048573135,0.6733440127559007,80.0,10.94179837861471,21.910671912521124,575,0.4100916385650635,27.364070892333984,6.230547046661377,1.7388684749603271,4.5542340186812424
0.03517245501279831,-0.0017984823207370937,-0.03325814753770828,0.011893569021667579,0.7289142608642578,0.6637170441448689,0.5884065628051758,0.031204611442933593,80.0,2.2629635334014893,0.7505445558577776,0.41868698596954346,0.39636619781220633,-0.006742480288710795,0.6731254132799804,80.0,10.865309377091005,21.75756622878462,576,0.4129636287689209,4.5430755615234375,1.517960412055254,0.8498767614364624,0.7900520104198218
0.010931854136288166,-0.015915117249824105,-0.03884299099445343,0.009286803046256793,0.6881453990936279,0.6549484558403492,0.6166549324989319,0.01483476066895976,80.0,19.747425079345703,7.741277888417244,3.421513080596924,3.5165023924516827,-0.0068055091774294856,0.673087436605245,80.0,10.79239918445237,21.611871141113337,577,0.40630674362182617,39.50550079345703,15.527484917640686,6.892247200012207,7.026167754269994
0.006776459515094757,-0.004968163440935314,-0.023219801485538483,0.005886385943354652,0.6404789686203003,0.5973003923892974,0.5484862327575684,0.019652192717312486,80.0,24.8822078704834,4.962710642814637,1.6371930837631226,3.5913147155751317,-0.006742898277632776,0.6724310750029983,80.0,10.693717096017673,21.41436861393601,578,0.39667725563049316,49.77682113647461,9.947303682565689,3.311288833618164,7.17976257635385
0.026993941515684128,-0.0035161047242581846,-0.01875656098127365,0.007504559230202869,0.7038636207580566,0.6631171584129334,0.6204770803451538,0.016167796072151432,80.0,12.143390655517578,3.2297690480947496,0.6288840174674988,2.337181208405972,-0.0066898464228579545,0.6729214957766237,80.0,10.48683624930866,21.000510625846687,579,0.395951509475708,24.299957275390625,6.47983264029026,1.3084237575531006,4.6699150448608675
0.0137905552983284,-0.005923861393239349,-0.03520796447992325,0.008948843713540728,0.7462906241416931,0.6769240982830524,0.6180325746536255,0.032242949792834284,80.0,13.6689453125,2.533683405444026,0.4105042517185211,2.557437358332329,-0.006644931726870708,0.6734516524486245,80.0,10.329856499193236,20.686471899226305,580,0.39775800704956055,27.35127830505371,5.092753023654223,0.8343440294265747,5.110740792125774
0.017479294911026955,-0.014107543614227325,-0.035113465040922165,0.009615195368754137,0.8038061857223511,0.7682427801191807,0.7289929986000061,0.014136924109215635,80.0,10.895088195800781,2.9480078130960465,0.485399067401886,2.384480124684013,-0.0067134827186964684,0.674914955291897,80.0,10.077778956441207,20.18248318068683,581,0.3368239402770996,21.80519676208496,5.939595553278923,0.9512836933135986,4.760510878833608
0.004335667006671429,-0.005559238040586933,-0.018656592816114426,0.005891817363265592,0.6613982915878296,0.6282350875437259,0.5762364864349365,0.017592159242938048,80.0,16.491701126098633,4.589860329031945,1.423089623451233,2.4217665225288307,-0.006709684330926392,0.6748496443890035,80.0,9.613774466155096,19.254465296670794,582,0.5122451782226562,32.99628448486328,9.203403782844543,2.8570683002471924,4.839331309196635
0.006544045172631741,-0.006572034233249724,-0.01917136088013649,0.005446872897355523,0.7542948126792908,0.7037007167935372,0.6678897142410278,0.017259249935741596,80.0,11.050924301147461,2.715172519534826,0.8297010660171509,1.76569221034255,-0.0067070586168119905,0.6754790283329786,80.0,9.257180367132648,18.54128443431854,583,0.3977699279785156,22.11525535583496,5.457563097774982,1.6910088062286377,3.526743431322224
0.009588509798049927,-0.0040996512514539065,-0.024528849869966507,0.006778301404311192,0.711063027381897,0.6751356296241283,0.6287071704864502,0.020515876699430155,80.0,8.620905876159668,1.884299498796463,0.8381035923957825,1.344609769969653,-0.006659215468578622,0.676202352937311,80.0,9.129789838453755,18.286422155588863,584,0.39888525009155273,17.257665634155273,3.7903010338544845,1.710571050643921,2.6850255015610007
0.020145274698734283,-0.010174066398758442,-0.03609791398048401,0.011277838612546756,0.6876426935195923,0.6360104151070118,0.5793220400810242,0.023848348897184374,80.0,12.07963752746582,2.9893864795565603,0.8063817024230957,2.267530483428391,-0.0066734234468458446,0.676208910588175,80.0,8.978893384998663,17.984657795622944,585,0.3975217342376709,24.172229766845703,6.011841271817684,1.6509422063827515,4.523601993281582
0.005881626158952713,-0.012924996542278678,-0.03812645748257637,0.010719641988486238,0.8580116033554077,0.8273536540567875,0.7997844219207764,0.012730275975646835,80.0,5.513653755187988,1.8326917238533498,0.9261885285377502,0.8612339844099537,-0.006695473402753123,0.6777284774444996,80.0,8.45425696815364,16.935459449842572,586,0.41318273544311523,11.043643951416016,3.7077805399894714,1.9307987689971924,1.7114440675753424
0.009591355919837952,-0.005890187312616035,-0.01990174502134323,0.007833394501695004,0.8179105520248413,0.7761327475309372,0.7325714826583862,0.01711480598398443,80.0,47.04943084716797,18.967643254995345,7.742730617523193,8.4677750371636,-0.006652771886976552,0.6786782060526311,80.0,7.921128135038539,15.869135377958417,587,0.47541117668151855,94.10911560058594,37.96258935928345,15.503141403198242,16.928448584237326
0.008875932544469833,-0.005335719353752211,-0.020540829747915268,0.006614517852362448,0.5774341821670532,0.5260478600859642,0.4791465997695923,0.019627130784890513,80.0,41.53474426269531,18.600987458229064,4.396728515625,7.660060455460477,-0.006625935075353481,0.6778811077512802,80.0,7.775496712995692,15.577802920415998,588,0.28653717041015625,83.08103942871094,37.22316725254059,8.818403244018555,15.317873424440538
0.007491324096918106,-0.005453204002697021,-0.0221092589199543,0.006035871555108438,0.5035980939865112,0.450614258274436,0.4074386954307556,0.019878518412228256,80.0,24.623287200927734,13.384996229410172,6.7635087966918945,4.099624213738569,-0.006626581116361194,0.676395362325013,80.0,7.663488529039546,15.353758134916422,589,0.2262725830078125,49.25616455078125,26.78991138935089,13.542583465576172,8.201454591074356
0.022814512252807617,-0.0044422953971661626,-0.029145170003175735,0.009323635908323316,0.556711733341217,0.5206127353012562,0.47660207748413086,0.017832046336636494,80.0,108.33616638183594,25.636455488204955,9.287708282470703,20.50541754456268,-0.0066020762426342115,0.6755169190093876,80.0,7.773500852538271,15.573716199949382,590,0.2766406536102295,216.68292236328125,51.292207384109496,18.5987606048584,41.007815649369654
0.020108379423618317,-0.006767024705186486,-0.029447423294186592,0.01106154746188484,0.5235294103622437,0.48901558518409727,0.43664368987083435,0.018699236922786962,80.0,93.68441009521484,15.352123552560807,3.598764657974243,18.20896008443699,-0.006623673338341177,0.6741520471349359,80.0,7.855647310970351,15.738025011315944,591,0.2665989398956299,187.36611938476562,30.727561277151107,7.198132514953613,36.40957252862553
0.00846523605287075,-0.0027904718357604,-0.009654615074396133,0.0032901922123875034,0.47779491543769836,0.43614769242703916,0.3821670413017273,0.01831770323954927,80.0,34.69284439086914,15.80845662355423,8.736989974975586,4.910723434110721,-0.006553592051510349,0.6722972370050847,80.0,7.943614303512499,15.91378173969686,592,0.3431050777435303,69.39341735839844,31.631217408180238,17.492835998535156,9.820257838797625
0.016354937106370926,-0.004735998524120077,-0.03024871088564396,0.00746635213800298,0.5534842014312744,0.5183275211602449,0.47692805528640747,0.015798919421186393,80.0,137.28643798828125,30.603640186786652,10.443463325500488,23.228849327096246,-0.006547253008073312,0.6709559409394861,80.0,8.155105676976964,16.336724987193943,593,0.2755906581878662,274.5834045410156,61.22711935043335,20.90975570678711,46.454292805069684
0.01207986380904913,-0.005552310065831989,-0.019986145198345184,0.006543804437969953,0.5431262254714966,0.5049135785549879,0.47339972853660583,0.01609442208203489,80.0,77.36591339111328,29.88554566502571,7.999762058258057,12.32016870065323,-0.006519774576547207,0.6700294592119752,80.0,8.397052689565344,16.820545521840454,594,0.2865304946899414,154.73980712890625,59.79229371547699,16.034992218017578,24.638549270105546
0.01425953209400177,-0.008318472997052595,-0.029536282643675804,0.0093591531091205,0.5589621067047119,0.5078041806817055,0.44561630487442017,0.022892598225935746,80.0,43.250999450683594,20.610250377655028,10.471664428710938,6.498371747710669,-0.006496918085336801,0.6687431512661278,80.0,8.582415890457106,17.19120048502833,595,0.28716468811035156,86.51202392578125,41.247293853759764,20.967769622802734,12.989788145886324
0.010361346416175365,-0.005330585659248754,-0.015336595475673676,0.0052340927558291684,0.5922946929931641,0.5370833601802587,0.48869240283966064,0.018666167351446435,80.0,211.7884521484375,59.48036761283875,24.323427200317383,37.95448410712129,-0.0064814835602155655,0.6682285130992532,80.0,9.149972134934737,18.32627181544155,596,0.30665016174316406,423.5892639160156,118.98213839530945,48.687923431396484,75.90478114422838
0.008263906463980675,-0.0091752469423227,-0.024239223450422287,0.007539641053761262,0.6095352172851562,0.5608890272676945,0.4927113652229309,0.02206965868735835,80.0,12.927580833435059,2.9430742055177688,0.7043625712394714,2.139621455683568,-0.006467130108430866,0.668137568950653,80.0,9.141220764221623,18.308738547183577,597,0.280902624130249,25.865612030029297,5.915716637670994,1.4608421325683594,4.271378749569236
0.005987653508782387,-0.0048766205174615605,-0.01737898774445057,0.004362740059972186,0.6108685731887817,0.5620390363037586,0.5199190378189087,0.01593634795177197,80.0,57.775718688964844,28.63565275669098,6.397243499755859,10.876761975486973,-0.006428737071939393,0.6674270225912332,80.0,9.375368926765397,18.776943873472515,598,0.2578096389770508,115.56269073486328,57.292299401760104,12.82279109954834,21.751415006204105
0.01379290409386158,-0.005608738155569881,-0.025165900588035583,0.007750994669078057,0.7658207416534424,0.7270400777459145,0.6880908012390137,0.018256940537168267,80.0,6.477725028991699,1.514737470075488,0.37166327238082886,1.3016294787226734,-0.0064128066525008754,0.6681386225521564,80.0,9.364017188875005,18.754222769327463,599,0.2544858455657959,12.969076156616211,3.055233207345009,0.7880892157554626,2.5979178248120154
0.013306951150298119,-0.007117847210611217,-0.02707318589091301,0.008532076665776971,0.7448300123214722,0.7066887587308883,0.6713557243347168,0.014083067786817024,80.0,5.878912925720215,1.8769804641604424,0.6275030374526978,1.1255277123177563,-0.00640478783850267,0.6689886953756213,80.0,9.330268457544967,18.6867262705341,600,0.30550074577331543,11.772819519042969,3.7823304355144503,1.292941689491272,2.245678793788104
0.012860827147960663,-0.0071181113715283574,-0.02457384765148163,0.00786314856504113,0.7149609327316284,0.6683548659086227,0.5989125967025757,0.022653602446816017,80.0,7.988307476043701,2.3982374861836435,1.0794209241867065,1.214238819220585,-0.0064214754676067964,0.6698421052843332,80.0,9.298433998895808,18.623107795365158,601,0.42856454849243164,15.990299224853516,4.824078252911567,2.1828675270080566,2.425546559184013
0.02584676817059517,-0.009811902709770948,-0.04085710644721985,0.013957861018587772,0.6964856386184692,0.6661804214119911,0.6349257826805115,0.014765372156407648,80.0,28.10357666015625,4.219307882338763,0.7616955637931824,5.818322056502673,-0.006467740613545174,0.6696006219312549,80.0,9.253410888692365,18.533149275846778,602,0.43729186058044434,56.220069885253906,8.471563202142715,1.4967164993286133,11.628868716643868
0.007358323782682419,-0.0068253341712988915,-0.024811819195747375,0.00630728149915723,0.6721577048301697,0.6379158481955528,0.6023819446563721,0.017039650828633998,80.0,12.547718048095703,4.431841190159321,1.707725167274475,2.1208821597358987,-0.00642967724443588,0.6694792667999865,80.0,9.225355816384775,18.476960576869548,603,0.423206090927124,25.108034133911133,8.890091362595559,3.4335834980010986,4.23785439133804
0.01032516360282898,-0.00860165444901213,-0.029215924441814423,0.008040310988675118,0.7371699810028076,0.6982390120625496,0.6498998403549194,0.01625098560563327,80.0,6.037972450256348,1.4009767144918441,0.4299682378768921,0.9498674286910201,-0.00643714099393401,0.6689436767846345,80.0,9.162304665675387,18.350862490095196,604,0.4006180763244629,12.090290069580078,2.8331215023994445,0.8807312250137329,1.8953422746319826
0.008281484246253967,-0.010819182218983769,-0.033115483820438385,0.011376579815645686,0.665643572807312,0.6118244886398315,0.5536988973617554,0.027128274488593774,80.0,22.594398498535156,5.11092129945755,1.4409410953521729,4.1465113627056125,-0.006493283222123866,0.6675188784524796,80.0,9.102996474107726,18.232329894043506,605,0.3798329830169678,45.20195007324219,10.25571745634079,2.9050769805908203,8.28144687740856
0.009806819260120392,-0.007037469960050657,-0.024297812953591347,0.0075079589226993695,0.6615854501724243,0.6243177622556686,0.5961554050445557,0.013662491319220406,80.0,22.531368255615234,5.023658648133278,0.817076563835144,4.104594366335516,-0.006465328934064018,0.6658797725290059,80.0,9.088440694993363,18.203129645116626,606,0.26264476776123047,45.075828552246094,10.073878648877145,1.658604383468628,8.207871191727335
0.00574125349521637,-0.0065724133630283175,-0.01986657828092575,0.006792319400487881,0.5884098410606384,0.5522626511752605,0.5229078531265259,0.016602907075991807,80.0,11.812298774719238,5.227474294602871,1.7096127271652222,2.0452885644203587,-0.006477873782452661,0.6631230263337491,80.0,8.997546544423328,18.021311299093068,607,0.24334454536437988,23.63610076904297,10.479138684272765,3.4354796409606934,4.088389092092656
0.017697773873806,-0.009496468881843611,-0.04013659805059433,0.010301289137932105,0.6842730045318604,0.6531017065048218,0.6281546354293823,0.01324589463141746,80.0,53.18021011352539,8.957353195548057,2.435410976409912,8.35503648790361,-0.006512112600845285,0.6607227166593074,80.0,9.034035982018338,18.09431064710766,608,0.23857426643371582,106.37364959716797,17.946761506795884,4.924323081970215,16.70123187659132
0.006664321757853031,-0.012193090980872512,-0.029708409681916237,0.008825073179297227,0.6257882118225098,0.5973292596638202,0.5678622722625732,0.01306110365460859,80.0,22.32512664794922,7.447198958694935,1.7265154123306274,4.495213068004209,-0.0066380416788742866,0.6573069254010917,80.0,9.049896675726398,18.12621557753533,609,0.2577042579650879,44.66268539428711,14.930730706453323,3.493772029876709,8.984761374173473
0.005919165909290314,-0.01317029536003247,-0.0427195206284523,0.010531259570366594,0.7570340037345886,0.7276504948735237,0.6869453191757202,0.014856418947123888,80.0,78.19373321533203,23.047197127342223,6.503997802734375,15.851018562362931,-0.006726221794902812,0.6551489976346494,80.0,9.272575094539672,18.57170561593026,610,0.2628457546234131,156.40245056152344,46.13528776168823,13.076539993286133,31.68942579349226
0.005722467787563801,-0.01146689390297979,-0.028944246470928192,0.008933974525906033,0.7486010789871216,0.7092746041715146,0.6655364036560059,0.017509692467778393,80.0,40.05426025390625,17.433256685733795,7.796485900878906,6.002678272008278,-0.006812953635060694,0.6529452664405108,80.0,9.304327881921083,18.635340578429396,611,0.2802727222442627,80.11880493164062,34.90363252162933,15.595843315124512,11.997333764377112
0.004710741341114044,-0.016471133532468228,-0.04261564090847969,0.011330833019101939,0.670366644859314,0.6326427437365055,0.596264660358429,0.01651725166734532,80.0,59.066349029541016,20.69167018532753,6.177075386047363,10.521790406657045,-0.00694033901169314,0.6516137591376903,80.0,9.427197653833776,18.881308261089025,612,0.27480435371398926,118.1488265991211,41.428935301303866,12.394002914428711,21.036836284252008
0.011107482016086578,-0.009716856677550822,-0.03206341713666916,0.010286843734594146,0.591596245765686,0.5624458365142345,0.5158542394638062,0.01563381534421089,80.0,72.08387756347656,24.57378237247467,7.123994827270508,14.8236117278038,-0.00701652206070139,0.6497340070083737,80.0,9.589781616095454,19.206590958051386,613,0.2736508846282959,144.16600036621094,49.17824759483337,14.272674560546875,29.637719252229008
0.003564910963177681,-0.009631929942406714,-0.023750558495521545,0.0068501943743742005,0.6702744364738464,0.6273063570261002,0.5780768394470215,0.017531783096762617,80.0,56.4365234375,29.845737600326537,17.518468856811523,8.171529095380727,-0.00710408632727922,0.6501750179082154,80.0,9.792652305755764,19.612516287438574,614,0.2951993942260742,112.88587951660156,59.723285341262816,35.054344177246094,16.338837718587357
0.015042904764413834,-0.003876553534064442,-0.020380210131406784,0.006978000208663371,0.7516872882843018,0.7165032528340817,0.6518970727920532,0.01855790302764584,80.0,102.87124633789062,20.289994460344314,6.516441345214844,20.2671090948069,-0.007110120738885598,0.6517371488288046,80.0,9.944248811800033,19.915752608530227,615,0.3675360679626465,205.7603759765625,40.60207189321518,13.043184280395508,40.53198172699219
0.009553948417305946,-0.005398872500518337,-0.01803065650165081,0.00557042932250394,0.6943039894104004,0.6594220012426376,0.6308062076568604,0.01621764345787554,80.0,26.20505142211914,6.763916012644768,2.4254870414733887,4.007456793097961,-0.007115471054014051,0.6523400154262781,80.0,9.940075133252888,19.907428009681404,616,0.4425182342529297,52.42333221435547,13.551818174123763,4.880245208740234,8.01048844044333
0.0075100623071193695,-0.0036032193718710916,-0.015515973791480064,0.004588470579772853,0.6070169806480408,0.5579388715326786,0.5082849264144897,0.020462458306176986,80.0,62.34818649291992,26.386084723472596,8.458685874938965,10.927671379046696,-0.0070435238446225415,0.6527080924324692,80.0,10.172628107633441,20.37239742512256,617,0.4643409252166748,124.70822143554688,52.79053461551666,16.937053680419922,21.85299841395209
0.006535226479172707,-0.006640905147651211,-0.029551930725574493,0.00787265382381591,0.7179832458496094,0.6650996886193752,0.6100956797599792,0.020115751318791373,80.0,4.461246490478516,1.0509146738797426,0.40328773856163025,0.8071449544801866,-0.007030519907420968,0.652904633346945,80.0,10.158267640080306,20.34365441285074,618,0.42836856842041016,8.9358549118042,2.1284131459891795,0.879086971282959,1.6075553708372474
0.024645507335662842,-0.0036130207474343477,-0.0220760777592659,0.007541244367759306,0.7577183246612549,0.6875819586217403,0.6371941566467285,0.026974600584012107,80.0,14.437881469726562,4.704002354294062,0.7512527108192444,3.047020393121348,-0.006968547148280777,0.6543317846767605,80.0,10.177358721185477,20.381741173520687,619,0.4232358932495117,28.88079833984375,9.428982476890088,1.525956630706787,6.088853219893038
0.01811208762228489,-0.010829015169292688,-0.030944716185331345,0.011445475793226847,0.7475763559341431,0.7090639539062977,0.6563984155654907,0.014869024766116883,80.0,11.7754545211792,2.9227815955877303,0.8430694937705994,2.1874558459229125,-0.007020021077070852,0.6558882573656737,80.0,10.171161587785928,20.369480984181163,620,0.3965320587158203,23.565319061279297,5.881402505934238,1.737646222114563,4.366967536225293
0.007283288985490799,-0.007644594565499574,-0.021382026374340057,0.0064148336340400175,0.6917387843132019,0.6527903027832508,0.6166518926620483,0.01628234620792817,80.0,11.118950843811035,3.0895617425441744,1.3392060995101929,1.5632467225623703,-0.007063879860739689,0.6560869480036199,80.0,10.170150451075287,20.367550401553512,621,0.41052794456481934,22.250736236572266,6.207468461990357,2.6912922859191895,3.121507434468812
0.03927729278802872,-0.0023619839223101733,-0.01687140017747879,0.010287932380900935,0.6695204973220825,0.6189921632409096,0.5800178050994873,0.0183500178893466,80.0,20.071001052856445,4.804309272766114,0.8773772716522217,3.0440772492566683,-0.0070657134834327725,0.6560343170799314,80.0,10.185512815658004,20.398277745991944,622,0.4035830497741699,40.14763259887695,9.62572238445282,1.789097785949707,6.085394470008998
0.006863027811050415,-0.006836189978639595,-0.021858423948287964,0.006759730143060982,0.6305065155029297,0.5974919095635414,0.5644170045852661,0.012689472872856105,80.0,8.257906913757324,1.8848747938871384,0.43827319145202637,1.341706981581085,-0.007087202473339857,0.65582398230955,80.0,10.177471350926906,20.38223358824849,623,0.336301326751709,16.523815155029297,3.7953718185424803,0.9014111161231995,2.6793801575639944
0.02462562918663025,-0.0036284397647250444,-0.01872507482767105,0.007984362732650947,0.6090046167373657,0.5635162971913814,0.519233226776123,0.01669173674483083,80.0,5.547282695770264,2.1583437636494636,0.5817552804946899,1.054452573267825,-0.007076101410930276,0.6551858331151307,80.0,10.180057335745543,20.387370592579245,624,0.41062331199645996,11.111507415771484,4.335214717686176,1.165841817855835,2.1066883209662604
0.006213143467903137,-0.004742073244415224,-0.0174025259912014,0.004969468575368889,0.6756434440612793,0.636828351765871,0.5927866697311401,0.018686175003842714,80.0,11.35732650756836,2.7836022198200228,0.8380379676818848,1.6112201582134795,-0.00704077801996027,0.6548080346100033,80.0,10.13312732161209,20.293432360634203,625,0.58803391456604,22.727924346923828,5.589425164461136,1.6894283294677734,3.2188119644108855
0.00754343718290329,-0.0065849112928844985,-0.024552151560783386,0.007566042208188587,0.5224602222442627,0.4962253015488386,0.46488067507743835,0.012546288038209232,80.0,6.716468811035156,2.892633160203695,0.5544658899307251,1.3299079422514137,-0.007046526791003998,0.6528198136240243,80.0,10.142762809861452,20.312675070524215,626,0.43413853645324707,13.44321346282959,5.808360655605793,1.1574642658233643,2.655322033450019
0.010442355647683144,-0.011996544897556305,-0.0272986963391304,0.009399560918756211,0.6118983626365662,0.5763433009386063,0.5389467477798462,0.014918173180103723,80.0,5.646862506866455,1.8393792934715747,0.6412094831466675,1.2226216460291355,-0.007095035346283112,0.6512500635758042,80.0,10.063852261092514,20.154919594734906,627,0.40531349182128906,11.305193901062012,3.7142785519361494,1.3073289394378662,2.4391718073028943
0.012876620516180992,-0.007843100116588175,-0.02360101416707039,0.0075656456503198485,0.6116964817047119,0.5844054281711578,0.5487384796142578,0.013867648385804154,80.0,4.130526542663574,1.6454862996935844,0.67393958568573,0.7748745962453494,-0.007084108652954455,0.6500974291861057,80.0,9.938290565084667,19.903751293718816,628,0.43244361877441406,8.266587257385254,3.3183469265699386,1.390763282775879,1.5420386305793745
0.009914616122841835,-0.011156988568836823,-0.029918279498815536,0.00907838642508635,0.7394500970840454,0.6915317207574845,0.6546007990837097,0.015407769680202134,80.0,21.49444580078125,6.43337199985981,2.110408306121826,3.9948832232777742,-0.0071165806956705645,0.6493026961013675,80.0,9.879448420565575,19.786116052627563,629,0.3353850841522217,43.0029296875,12.902888602018356,4.250643253326416,7.988175519210868
0.005440190434455872,-0.013654660049360246,-0.031680069863796234,0.00933943427920437,0.6817596554756165,0.6438203789293766,0.6039708852767944,0.018290961796924937,80.0,15.737964630126953,6.131213131546974,1.2945806980133057,3.346076686166201,-0.0072141400121035985,0.6473099258840084,80.0,9.564800723444671,19.15697592949867,630,0.25601768493652344,31.52726173400879,12.302612018585204,2.643352508544922,6.691313401784118
0.0036126207560300827,-0.01610917001962662,-0.03489601984620094,0.009488559697158346,0.6889543533325195,0.6368809126317501,0.601600170135498,0.018480256250264053,80.0,51.79841613769531,19.13499139547348,6.392805099487305,8.133701831529034,-0.007327814084652345,0.643081336699426,80.0,9.680033921640366,19.38758510065079,631,0.2598123550415039,103.60256958007812,38.31493858098984,12.840460777282715,16.263315946631455
0.02767367660999298,-0.0047712352883536365,-0.01900496333837509,0.007873100470436292,0.5700465440750122,0.5316375993192196,0.4907292127609253,0.01884006757294427,80.0,17.246309280395508,9.393860256671905,5.4487762451171875,2.445947505117055,-0.007318401511991397,0.6382897673919796,80.0,9.70382793245837,19.43505846691131,632,0.24857211112976074,34.52546691894531,18.807895874977113,10.919730186462402,4.89050561862776
0.03278505802154541,-0.0107594289816916,-0.03936053439974785,0.013479344833530485,0.6165734529495239,0.5746987327933312,0.5417325496673584,0.01629615771332392,80.0,229.8313751220703,44.51764467954636,11.671075820922852,47.77358158341011,-0.007352657962299418,0.6347638022005557,80.0,9.90249795518443,19.83239649868011,633,0.25435948371887207,459.67437744140625,89.06830177307128,23.362289428710938,95.5397200140007
0.007501848973333836,-0.011041259922785684,-0.035843949764966965,0.00983950555366207,0.6371190547943115,0.5913750521838665,0.5452296137809753,0.0212710285526061,80.0,97.55266571044922,50.62371385097504,16.649831771850586,19.49446231260414,-0.00738666085083969,0.6335304118394852,80.0,10.2552190736942,20.537882081389427,634,0.25038623809814453,195.1550750732422,101.28133811950684,33.352725982666016,38.985309868999465
0.011491529643535614,-0.005799221084453165,-0.019352972507476807,0.006350063364722227,0.5819936990737915,0.5535528726875782,0.5246193408966064,0.013899090014707714,80.0,62.52442932128906,32.287371492385866,10.115851402282715,10.852234036817896,-0.007308055630361196,0.633513215407729,80.0,10.523838149618356,21.07496267914772,635,0.3097043037414551,125.0578384399414,64.59741253852845,20.2480525970459,21.70385355325668
0.0182463638484478,-0.004460402147378773,-0.028523342683911324,0.0072042143322047164,0.6622520089149475,0.6129851534962654,0.5752578973770142,0.016167767029564507,80.0,94.86331939697266,37.331965041160586,11.966552734375,18.691119336831907,-0.0072798024141811765,0.6334943350479006,80.0,10.807173296701164,21.64157608884573,636,0.2632768154144287,189.73873901367188,74.68511061668396,23.98233413696289,37.378989088486
0.010277032852172852,-0.01084071515360847,-0.03051835671067238,0.008124561774620079,0.6677846908569336,0.629106417298317,0.5845304131507874,0.01648152426155606,80.0,10.817072868347168,5.123055878281593,2.4937548637390137,1.6159106599688227,-0.00735202731989557,0.6331951959654688,80.0,10.84683330686763,21.7210345761925,637,0.2576429843902588,21.646041870117188,10.280375295877457,5.030780792236328,3.2251518245877744
0.006021307781338692,-0.011731483059702442,-0.03384503722190857,0.0077764944649355815,0.6583274006843567,0.602786137163639,0.5612398982048035,0.017125910080599514,80.0,44.86067199707031,15.394077199697495,5.788218975067139,9.613670244834925,-0.0074537424244917935,0.6326603068038821,80.0,10.944221481669693,21.91600365902484,638,0.2643303871154785,89.73368835449219,30.823673117160798,11.604249954223633,19.21869901724961
0.002653345465660095,-0.016198318800888956,-0.044643010944128036,0.010680302215439008,0.7711503505706787,0.7299021780490875,0.692184329032898,0.0158151070490163,80.0,31.48695182800293,5.860299144685269,1.3629776239395142,5.888815687377168,-0.007570110272383317,0.6339922905862331,80.0,10.959420403864236,21.946660878926522,639,0.2355363368988037,62.99081802368164,11.767593002319336,2.787419319152832,11.765756006337163
0.012714419513940811,-0.011288873053854332,-0.034459054470062256,0.01030903657805371,0.6816465258598328,0.6435304023325443,0.606266975402832,0.016431178630785342,80.0,19.950353622436523,3.949627608060837,1.06527841091156,4.009250333601313,-0.007638872948708012,0.634845145046711,80.0,10.970275897141544,21.96852644771338,640,0.23798346519470215,39.91355895996094,7.934703528881073,2.159235954284668,8.01051245288204
0.014201812446117401,-0.007287873886525631,-0.02986655943095684,0.009208852794962424,0.7457641959190369,0.7058483257889747,0.6706341505050659,0.016052893827820363,80.0,18.006526947021484,3.255558340251446,0.9957911968231201,3.4905285590866186,-0.007651859340898226,0.6363646827489138,80.0,10.961326788883657,21.95068459397555,641,0.2434070110321045,36.02722930908203,6.539809361100197,2.0228796005249023,6.97428679077136
0.013444546610116959,-0.005770945391850546,-0.03501841425895691,0.008344612509303169,0.6946426033973694,0.6450306206941605,0.5902881026268005,0.01878399053010287,80.0,13.045430183410645,2.3983306117355823,0.5221277475357056,2.361154881278199,-0.007675077153195161,0.6368404523581266,80.0,10.967710011143238,21.96350698937476,642,0.24686813354492188,26.121198654174805,4.8211036875844,1.0757893323898315,4.717009247154899
0.006089460104703903,-0.005341664177831262,-0.01807580143213272,0.005428341774671129,0.7065728902816772,0.6600256152451038,0.6168510913848877,0.014700894839394915,80.0,5.627052307128906,1.9382360875606537,0.5605700612068176,0.9798232855228644,-0.0076835075115668575,0.6372233151718973,80.0,10.944649517644198,21.917410520166158,643,0.32761693000793457,11.267668724060059,3.9003560096025467,1.1542444229125977,1.955860345646615
0.010607789270579815,-0.009547002561157569,-0.03124013915657997,0.009074350038233085,0.7091172933578491,0.6575227312743663,0.6126701235771179,0.017502084134522564,80.0,7.39673376083374,1.7002591278403998,0.3959190845489502,1.5467647018451423,-0.007742251043149735,0.6371133946105838,80.0,10.92742035587132,21.88306748509407,644,0.4218635559082031,14.807730674743652,3.4327627167105677,0.8206900358200073,3.0850189402490575
0.010815493762493134,-0.005255675280932337,-0.023266717791557312,0.0067856938573312795,0.7047673463821411,0.6673985943198204,0.6216667890548706,0.017679548043775226,80.0,15.68111801147461,3.707860966771841,0.8247112035751343,2.740605809446996,-0.007753905392833984,0.6373406106233597,80.0,10.93107630070299,21.890407227620486,645,0.4127085208892822,31.374286651611328,7.439581216871739,1.6744694709777832,5.476357908249283
0.01150590367615223,-0.0067066985357087106,-0.024823015555739403,0.007163456198073302,0.7029142379760742,0.6585469037294388,0.6129393577575684,0.024155488798434478,80.0,8.551090240478516,2.3312873527407647,0.3812046945095062,1.5847555237108817,-0.007737682873674202,0.6365342305824161,80.0,10.944149705514313,21.91650546463579,646,0.4690067768096924,17.114038467407227,4.689159032702446,0.8248996138572693,3.163078036411311
0.009390952996909618,-0.005784111219691112,-0.02865162491798401,0.00695820262829809,0.691761314868927,0.6461519345641136,0.5886709690093994,0.02120696749959478,80.0,6.038135051727295,2.191468681022525,0.4077351987361908,1.2325343441800618,-0.007757560686091892,0.6358868865445256,80.0,10.939332212965937,21.906897288121275,647,0.38838887214660645,12.09103775024414,4.407428596913815,0.8281395435333252,2.459496886447401
0.014646707102656364,-0.009203426097519696,-0.035180095583200455,0.010550791463207771,0.7221639156341553,0.6865488231182099,0.6482653617858887,0.013359751066405473,80.0,5.780749320983887,1.6984051674604417,0.5447118282318115,0.7720341494273553,-0.007739006849355063,0.6355533695816994,80.0,10.9058744908534,21.83993806632608,648,0.4121735095977783,11.574966430664062,3.428948150575161,1.1430319547653198,1.5367572156483373
0.007760802283883095,-0.011178141250275076,-0.03716786578297615,0.011177836074279553,0.71877521276474,0.6933179065585137,0.6685404181480408,0.013421454631363365,80.0,8.888507843017578,2.61557027772069,0.8857837319374084,1.5663777080546508,-0.007728247100079898,0.6350287157520652,80.0,10.493356499198827,21.014870067603884,649,0.4000871181488037,17.790386199951172,5.267363183200359,1.8217467069625854,3.121744620872815
0.010087383911013603,-0.013666661636671051,-0.03151147440075874,0.008976406124089694,0.786624550819397,0.7438145615160465,0.7104611992835999,0.014559528425205253,80.0,17.706640243530273,6.505201601982117,2.806300401687622,3.2503859041862175,-0.007788654068659525,0.6353515103235841,80.0,10.372965351942929,20.774215042419726,650,0.3928062915802002,35.436622619628906,13.052612787485122,5.674332618713379,6.497563042974584
0.007121795788407326,-0.0022111109166871755,-0.01929597184062004,0.005039723582618868,0.745995283126831,0.7052219673991204,0.6396435499191284,0.017331284219296115,80.0,218.07559204101562,53.792973041534424,9.721592903137207,39.14960733469707,-0.007746953621448482,0.6368494757935405,80.0,10.82252534625307,21.67328158760816,651,0.3815598487854004,436.1649169921875,107.60447247028351,19.442781448364258,78.2966870112709
0.005942799150943756,-0.008709860336966812,-0.031730733811855316,0.009065074721604447,0.7118126153945923,0.6776989862322808,0.6424519419670105,0.015041697006221849,80.0,742.3316650390625,317.48371467590334,119.48764038085938,133.3369318316124,-0.007764740593673195,0.6341814017370343,80.0,13.900371956381946,27.828957014568147,652,0.3708834648132324,1484.67724609375,634.99840259552,239.0192413330078,266.6647354440688
0.004008447751402855,-0.0016010330815333872,-0.01059865951538086,0.002692407466094217,0.6348541975021362,0.6047004908323288,0.5721923112869263,0.013277246120920063,80.0,2091.311279296875,589.8979393959046,73.22547912597656,407.41681913457927,-0.007707929579366463,0.6324442668557166,80.0,19.542243745002896,39.112552193649115,653,0.4355137348175049,4182.634765625,1179.811171913147,146.46942138671875,814.8326064946415
0.010235488414764404,-0.0019197216781321913,-0.010960280895233154,0.0037566099992608556,0.6790843605995178,0.6365617416799069,0.6047295331954956,0.015209643141930657,80.0,1526.3902587890625,497.1190579891205,16.901880264282227,352.9070620933495,-0.007601392133859916,0.6325747476965189,80.0,24.341372168634088,48.7105985269621,654,0.4487342834472656,3052.7939453125,994.2546816825867,33.83161926269531,705.8131892984836
0.016671128571033478,-0.005271404754603281,-0.022254344075918198,0.008110751834421058,0.6563067436218262,0.611006822437048,0.5772693157196045,0.01680495324036891,80.0,134.16168212890625,70.99277694225312,20.827913284301758,26.61208813008615,-0.007577939367794897,0.6341255397722125,80.0,24.997823322359473,50.023484941191974,655,0.38792848587036133,268.3646240234375,142.00831651687622,41.656150817871094,53.22528385017303
0.008047608658671379,-0.005716226546792313,-0.02150600031018257,0.006839176227110965,0.5932815074920654,0.5518253140151501,0.5154736638069153,0.01762465225092156,80.0,52.88637161254883,12.983665138483047,4.580257415771484,8.482746672128165,-0.007552071834274101,0.6340037620216608,80.0,25.104648099724205,50.23708032441884,656,0.3718221187591553,105.7862548828125,25.989799165725707,9.170572280883789,16.963266494299752
0.008441966027021408,-0.009310015826486051,-0.024949435144662857,0.0076124706681065055,0.6680770516395569,0.6242028839886189,0.560197651386261,0.019194296503119185,80.0,45.66407012939453,19.887789881229402,10.591527938842773,6.997802205158337,-0.007533080201479606,0.6336568279117345,80.0,25.278819238055494,50.58537767995149,657,0.5288834571838379,91.34034729003906,39.80668394565582,21.206958770751953,13.992000703228697
0.030629605054855347,-0.004386026365682483,-0.02840195782482624,0.01047756810464774,0.7139756083488464,0.6697375334799289,0.6290359497070312,0.01881261747630383,80.0,106.93987274169922,21.700702810287474,5.028127670288086,18.881153388418696,-0.007481427529070061,0.6333779663667083,80.0,25.43799956144765,50.90362944448739,658,0.4466710090637207,213.89935302734375,43.423572432994845,10.080827713012695,37.75989788105373
0.014372715726494789,-0.005991002864902839,-0.02740287035703659,0.008631169260345534,0.7989940047264099,0.7186037078499794,0.654105544090271,0.02627874540528545,80.0,25.324535369873047,10.571835696697235,5.4993672370910645,2.998918164229821,-0.007465041469025891,0.6340977773815394,80.0,25.491995169673118,51.01160228551179,659,0.3231344223022461,50.66047668457031,21.170025479793548,11.001678466796875,5.995729744311608
0.01848987676203251,-0.0030043084057979285,-0.020550139248371124,0.00945114995627279,0.7791019082069397,0.7371690906584263,0.6730526089668274,0.018884058186978053,80.0,31.28512191772461,10.778881216049195,5.378415584564209,5.284931441581376,-0.007463935265899636,0.6345239569768311,80.0,25.56291705692187,51.15345237138122,660,0.38748645782470703,62.58491516113281,21.578514456748962,10.794367790222168,10.565608462758002
0.010845916345715523,-0.0069025921868160365,-0.02468372881412506,0.007768526312899992,0.6631649136543274,0.6222675941884518,0.577336311340332,0.018634534240574378,80.0,11.218670845031738,3.454348677396774,1.3418538570404053,2.018715472845643,-0.007479123879806138,0.6336986710131169,80.0,25.558022195022556,51.14367651887982,661,0.40421414375305176,22.45046615600586,6.934947857260704,2.710261821746826,4.032162928472431
0.017155107110738754,-0.005561902048066258,-0.022984471172094345,0.007477887217057562,0.748214840888977,0.6942070201039314,0.6507112383842468,0.02062840463280282,80.0,20.256284713745117,7.459077459573746,2.160315990447998,3.31481160577211,-0.007493983878754078,0.6331858997419477,80.0,25.6126850612238,51.25302171712369,662,0.4155855178833008,40.526634216308594,14.943163007497787,4.358367919921875,6.624964334875872
0.011851843446493149,-0.008668614202179015,-0.031106792390346527,0.009229611427327927,0.724087119102478,0.6677805244922638,0.6138381958007812,0.021343604856287734,80.0,29.5939884185791,9.754947239160538,2.694734811782837,3.8089849478958526,-0.007502187091507948,0.6324841593280435,80.0,25.688887745924294,51.40542945834249,663,0.4120066165924072,59.20500183105469,19.540587323904038,5.415495872497559,7.620722579064087
0.00040155136957764626,-0.01729887626715936,-0.03938259184360504,0.01143535564381075,0.7532936930656433,0.7090190812945366,0.655597984790802,0.021960978995046572,80.0,15.246942520141602,4.3019670158624645,1.2154221534729004,2.869251452919296,-0.007629153657180722,0.6327497263103724,80.0,25.690083279378708,51.40807976799458,664,0.42705798149108887,30.50773048400879,8.652712026238442,2.5161867141723633,5.7269272266987405
0.025759756565093994,-0.0063522244890918955,-0.027279069647192955,0.0099337557517605,0.7648559808731079,0.7099560238420963,0.662729799747467,0.01886505662442009,80.0,21.94930076599121,5.003979805111885,1.0588959455490112,4.520036802747131,-0.007647786817891756,0.6327922591939569,80.0,25.703347502894704,51.43464633276313,665,0.39998745918273926,43.91099548339844,10.034863263368607,2.1328682899475098,9.035343640445378
0.01912122219800949,-0.00520780332153663,-0.02351692132651806,0.00785059968415521,0.6995538473129272,0.6671784862875938,0.6312828063964844,0.01444159635328893,80.0,53.157859802246094,14.66900514960289,4.681610107421875,11.067704238397674,-0.00763046725935419,0.6328594170361758,80.0,25.832576065845792,51.69307016227394,666,0.3491184711456299,106.33560180664062,29.361769437789917,9.38585090637207,22.131277086034007
0.004671648144721985,-0.013285125431139022,-0.03991745412349701,0.010987559646543372,0.7377747893333435,0.7085634507238865,0.6856591701507568,0.010732192476473343,80.0,23.259960174560547,6.354357334971428,1.671817660331726,5.026852524970108,-0.007588636158645385,0.632591588459909,80.0,25.871105868108575,51.770040748439726,667,0.4112520217895508,46.53404998779297,12.749456223845481,3.390198230743408,10.041402219334456
0.01344854012131691,-0.00514196737203747,-0.030225615948438644,0.007289917836667046,0.7136430144309998,0.6805837087333202,0.6253685355186462,0.01655806874735888,80.0,36.108524322509766,6.814921773970127,0.9541445970535278,6.987462891261059,-0.007575780434330226,0.6313495760783554,80.0,25.880202569626277,51.78818359983713,668,0.39591121673583984,72.230224609375,13.653739161789417,1.9397965669631958,13.96997257634424
0.018019065260887146,-0.008260555705055595,-0.031847305595874786,0.00801483622955981,0.6591537594795227,0.6244261234998703,0.5882028341293335,0.013578242406681264,80.0,12.036200523376465,2.8679236702620985,0.600223183631897,2.0989950377737547,-0.007607313073560361,0.6303047227859498,80.0,25.76577941693366,51.55937946177274,669,0.37992072105407715,24.085018157958984,5.764856970310211,1.2636635303497314,4.193482134291463
0.010529428720474243,-0.007010698196245358,-0.027464980259537697,0.0071914671132838,0.7061793804168701,0.6723014324903488,0.6382710337638855,0.013093745317553996,80.0,10.205092430114746,3.540617696940899,1.015259861946106,1.7659710877110866,-0.007581045170518335,0.6309940325245261,80.0,25.597588077843188,51.22295803225786,670,0.4420747756958008,20.422950744628906,7.108702838420868,2.0816922187805176,3.5250347667643136
0.011605560779571533,-0.010360074997879564,-0.03577352315187454,0.010586491145629878,0.6846990585327148,0.6521975792944431,0.6167234778404236,0.012240055061434548,80.0,11.149676322937012,3.1199983090162275,0.9036532640457153,2.1860821181013437,-0.007631684025254799,0.631831262625754,80.0,25.516113078862432,51.060126056395475,671,0.4107778072357178,22.312658309936523,6.273760671913624,1.8832767009735107,4.363176288356089
0.011650234460830688,-0.009274171607103199,-0.02426951378583908,0.00770182581314603,0.7463794946670532,0.7157692290842533,0.6763847470283508,0.016320069161259453,80.0,7.08733606338501,2.545442982763052,0.8835417032241821,1.4606226462971186,-0.007672621041157982,0.6335644839592279,80.0,25.35359276979417,50.73520197691769,672,0.4634668827056885,14.190343856811523,5.12374969124794,1.8023327589035034,2.915687865713425
0.006634484976530075,-0.00870097595907282,-0.028482256457209587,0.0071411232567128525,0.7693078517913818,0.7402972422540188,0.7121783494949341,0.012473051637164447,80.0,21.623249053955078,6.35792221724987,1.5949398279190063,3.9785044677333987,-0.007715791055292357,0.63683856818825,80.0,25.241904887042946,50.511978034339855,673,0.3893907070159912,43.2609977722168,12.748052376508713,3.223907947540283,7.953608236620513
0.026327606290578842,-0.0055349206551909445,-0.029110364615917206,0.00961028936939595,0.6960013508796692,0.6662920348346233,0.6401497721672058,0.011739326355682585,80.0,375.8863220214844,182.06808881759645,59.319217681884766,74.30027942900006,-0.00768258696369594,0.6387983090728522,80.0,26.936538826458165,53.9012186916098,674,0.34740328788757324,751.7863159179688,364.16057243347166,118.68057250976562,148.59427049473928
0.005395473912358284,-0.004092100274283439,-0.019359219819307327,0.005519357480263271,0.7257916331291199,0.6794519111514091,0.6334956884384155,0.01915356346006135,80.0,214.99005126953125,75.11372253894805,23.945634841918945,44.39790159981277,-0.007688134133233688,0.6396212424114347,80.0,27.65661840626598,55.341405410073705,675,0.28516125679016113,429.99365234375,150.24921889305114,47.89942169189453,88.79296728994242
0.015347182750701904,-0.0030431664083153008,-0.016579661518335342,0.005350907831189427,0.7205361127853394,0.6833904519677162,0.6477919816970825,0.016740633024430563,80.0,1431.870849609375,457.1559803247452,30.211444854736328,330.11705888861235,-0.007700580974109471,0.6398179764896632,80.0,32.22067276395485,64.469542880252,676,0.36710166931152344,2863.755859375,914.3317074298859,60.43490982055664,660.2347339407481
0.015484381467103958,-0.009596018068259582,-0.0406404472887516,0.010675770087117925,0.5967952013015747,0.561425295472145,0.5018857717514038,0.017003696775663477,80.0,37.472206115722656,17.427139496803285,5.155936241149902,7.118860326439322,-0.007637389982293825,0.6388827448859812,80.0,32.317531380038716,64.66311502762137,677,0.2923767566680908,74.95486450195312,34.884699654579165,10.360591888427734,14.233306170933997
0.010277023538947105,-0.005427653709193692,-0.020319342613220215,0.006763764628985186,0.6182841062545776,0.5645005732774735,0.5186065435409546,0.02237961312716039,80.0,19.46077537536621,12.335281652212142,4.8945465087890625,3.028214889306374,-0.007641984884976409,0.638554746694863,80.0,32.39125709013268,64.8105690766722,678,0.41688108444213867,38.93345260620117,24.692708587646486,9.823410034179688,6.054955468692175
0.008898239582777023,-0.00945846716640517,-0.030194371938705444,0.009517093011987488,0.6664588451385498,0.6228927366435528,0.5773369073867798,0.02083832440682393,80.0,34.22955322265625,12.587286442518234,6.1837897300720215,4.338617509676432,-0.0077014085093978805,0.6381525024771691,80.0,32.48483226407692,64.99783022700251,679,0.28337645530700684,68.47379302978516,25.20594767332077,12.406034469604492,8.673962308232037
0.004551993682980537,-0.012953267607372254,-0.03612513840198517,0.009994072169655862,0.6676791906356812,0.6305579014122487,0.5991884469985962,0.015791260650165763,80.0,18.875295639038086,6.553562897443771,2.6835803985595703,2.7826015394843946,-0.007771702571539209,0.637688840508461,80.0,32.525031058996916,65.07835913173109,680,0.3794584274291992,37.763893127441406,13.145643496513367,5.423962116241455,5.557147706989747
0.010106660425662994,-0.006315231573535129,-0.026128072291612625,0.0072152290581881965,0.6877785921096802,0.6318168573081493,0.5744109153747559,0.024476884811480273,80.0,21.915508270263672,9.796865689754487,5.684156894683838,2.8041641558143198,-0.0076937794511322865,0.6363245812803506,80.0,32.5935196377635,65.21515315956624,681,0.3052346706390381,43.84439468383789,19.618998336791993,11.376296997070312,5.604045525831473
0.011313080787658691,-0.012927506800042465,-0.03472113236784935,0.009823703680860373,0.7264545559883118,0.6815753743052483,0.6375994682312012,0.017818447879120587,80.0,15.413040161132812,5.18636575192213,1.9948111772537231,2.521510105257401,-0.007767462138726842,0.6368579841479659,80.0,32.59948469199241,65.22724130261689,682,0.39838528633117676,30.835384368896484,10.412218087911606,3.994981288909912,5.035868597758131
0.007654428482055664,-0.01684509583283216,-0.039795130491256714,0.012414427431830672,0.7383420467376709,0.6997859068214893,0.660331130027771,0.017108675938828078,80.0,8.875261306762695,2.9923677541315556,0.8422904014587402,1.7486201431769952,-0.007870192754722666,0.6368188360482454,80.0,32.602256644338375,65.23298988562077,683,0.37268614768981934,17.764629364013672,6.032421398162842,1.703378438949585,3.4870598869711498
0.006077589932829142,-0.011530376499285922,-0.03559871017932892,0.009550459734935705,0.7122741937637329,0.6608745947480201,0.6109549403190613,0.017658993481320436,80.0,15.445576667785645,3.105281446874142,0.9249394536018372,2.920087559024585,-0.007944500007200985,0.6366762256994845,80.0,32.61446646381914,65.25755528654904,684,0.3873722553253174,30.906204223632812,6.2468411266803745,1.884521484375,5.831182547495376
0.012454532086849213,-0.0081497780920472,-0.03282957524061203,0.009449369627678594,0.6969327926635742,0.6574474975466729,0.6078996658325195,0.02004371218466863,80.0,16.739877700805664,3.2310312256217,0.8451884984970093,2.947002805222706,-0.007924257124133872,0.6368905965238809,80.0,32.616882911279795,65.26235198340565,685,0.30636096000671387,33.49263381958008,6.491510957479477,1.704916000366211,5.886393305287158
0.012364670634269714,-0.013905939110554755,-0.04515437036752701,0.014368524880793489,0.7006270885467529,0.6638096071779728,0.6183273792266846,0.016807801722344275,80.0,18.357763290405273,3.6870504789054395,0.7147713303565979,3.0914195633929933,-0.007934066549816633,0.6352551560550929,80.0,32.63542649883031,65.29942606840282,686,0.35327649116516113,36.72895431518555,7.415189039707184,1.4881267547607422,6.171379723804515
0.016970334574580193,-0.005090775963617488,-0.02099168673157692,0.008638794607719475,0.6890528798103333,0.6472196221351624,0.5982753038406372,0.018351624410124383,80.0,34.33636474609375,6.424185927212238,1.1625958681106567,7.034230988625466,-0.00792607243632665,0.6339660248011351,80.0,32.50999192555249,65.04851515273005,687,0.33519864082336426,68.68643188476562,12.871497792005538,2.377347469329834,14.06443517382414
0.031062131747603416,-0.006709394790232181,-0.03262592852115631,0.011125076047889105,0.7383737564086914,0.6921802528202534,0.6448750495910645,0.01770624525547677,80.0,16.90401268005371,4.0332925647497175,1.3050826787948608,3.068848363802207,-0.007939809190691448,0.635627348728478,80.0,32.3643149766177,64.75722195629031,688,0.27001190185546875,33.82185363769531,8.093847608566284,2.649513006210327,6.129926575753031
0.011107954196631908,-0.007092383765848353,-0.026033852249383926,0.008304257361992784,0.7258920669555664,0.6886774450540543,0.6492713093757629,0.015921135064601608,80.0,15.494513511657715,3.01880646571517,0.9681574702262878,2.224259713079126,-0.00795620098832296,0.6380079805962741,80.0,32.260653078980745,64.54997855500132,689,0.2537109851837158,31.00353240966797,6.065571260452271,1.9513006210327148,4.441676143633944
0.018237516283988953,-0.012746075342874974,-0.034530915319919586,0.01121290028012505,0.7044730186462402,0.6562404319643974,0.623246431350708,0.0187597132612107,80.0,6.611239433288574,2.976935823261738,1.1007723808288574,1.1842392168771927,-0.008039238787780048,0.6393642575629055,80.0,32.03405788233132,64.09698136714847,690,0.28056907653808594,13.235403060913086,5.992488598823547,2.2717573642730713,2.359747307644542
0.021310918033123016,-0.0069222436693962665,-0.028054717928171158,0.009280920006473962,0.6553360819816589,0.6148294411599636,0.5681948661804199,0.017811589721176743,80.0,8.246614456176758,3.2372806154191496,0.6906375288963318,1.622419560224645,-0.008040790977422147,0.6406223961226643,80.0,31.912909452959898,63.85471277707071,691,0.3383502960205078,16.50192642211914,6.500702269375324,1.4135382175445557,3.2421088648098455
0.00707627646625042,-0.011246005384600721,-0.0324774794280529,0.008874548823606136,0.696723997592926,0.6639132127165794,0.626685380935669,0.017217427918944712,80.0,23.62885856628418,8.489064788818359,2.4444265365600586,4.308384404056095,-0.008125346312910552,0.6429000513255596,80.0,31.839715534612537,63.70853960191459,692,0.4164161682128906,47.2744255065918,17.01389989256859,4.942723274230957,8.61100181121406
0.005401406437158585,-0.012162208312656731,-0.03462739661335945,0.009395215408237173,0.6576858162879944,0.6076869666576385,0.562701404094696,0.02202920391988668,80.0,24.224809646606445,9.240692014992238,1.3371870517730713,5.508735272848969,-0.008199608410795917,0.6437936457805336,80.0,31.626086052894593,63.28144703000039,693,0.5539605617523193,48.49291229248047,18.51786215901375,2.699793577194214,11.01934445304446
0.006118370220065117,-0.005774195975391194,-0.0228181891143322,0.005364290464697702,0.6345911026000977,0.5987160883843898,0.5547953844070435,0.015395048530160644,80.0,13.130192756652832,6.406125804781913,2.859077215194702,1.9310590945222703,-0.00820182726989151,0.6447316708788275,80.0,31.39129185429216,62.8118818364665,694,0.5048906803131104,26.27130889892578,12.83577436208725,5.743017196655273,3.859458126703631
0.0074844881892204285,-0.007824397960212082,-0.026429424062371254,0.007641347432282091,0.6163963675498962,0.5842246383428573,0.54478520154953,0.01625536489597324,80.0,69.36092376708984,27.50386563539505,10.166869163513184,12.50404418502248,-0.008196886519523104,0.6454958754554392,80.0,31.46022800686956,62.94975954585523,695,0.42194461822509766,138.73471069335938,55.03506479263306,20.330354690551758,25.003571241543277
0.004672378301620483,-0.010476409271359444,-0.031634241342544556,0.008403361560993654,0.5654770135879517,0.5214473094791174,0.45925378799438477,0.01997856654012066,80.0,29.608945846557617,12.585225033760072,2.184255838394165,6.611786909697786,-0.00824834475564421,0.6453395149484277,80.0,30.991276581078772,62.01195648019761,696,0.4441499710083008,59.21876525878906,25.20183182954788,4.39082145690918,13.219622493882108
0.014668535441160202,-0.003419252508319914,-0.01667986996471882,0.005972413122418932,0.5626913905143738,0.5105972975492478,0.4622924327850342,0.02006328537312286,80.0,27.35922622680664,15.55564068555832,9.067625045776367,4.0085402126542045,-0.008190784811304183,0.6448365976512433,80.0,31.11740224587918,62.26408263186365,697,0.41915059089660645,54.72317886352539,31.12833180427551,18.132732391357422,8.013428015199663
0.01004704087972641,-0.009317851124797017,-0.029141150414943695,0.009071785947830003,0.6173731088638306,0.5699550211429596,0.5230289101600647,0.019868251918642305,80.0,78.16661071777344,37.31810352802277,21.394590377807617,10.95431415117183,-0.008235197117377538,0.6449157574996351,80.0,31.204226753592494,62.437822056688375,698,0.4261338710784912,156.3449249267578,74.66624188423157,42.84002685546875,21.902633859215243
0.013771945610642433,-0.005018123262561858,-0.025679633021354675,0.007755016427267912,0.6082841157913208,0.5573971599340439,0.5056617259979248,0.01857002359670071,80.0,17.511808395385742,6.337705504894257,3.163802146911621,2.8327764359008847,-0.008229290968447456,0.6432193283215164,80.0,31.252456433940683,62.53423567701131,699,0.42026472091674805,35.035423278808594,12.696595239639283,6.339872360229492,5.661968729083632
0.02118477039039135,-0.004360751982312649,-0.02294754981994629,0.009321216069116,0.6569921970367432,0.6061508819460869,0.5616884231567383,0.018585151159635705,80.0,8.372003555297852,2.706612677872181,1.1931735277175903,1.5284839368363903,-0.008201720016164472,0.6422139495536685,80.0,31.2607527560778,62.550753071524205,700,0.4157273769378662,16.75608253479004,5.434069886803627,2.43789005279541,3.0528833053016715
0.007769068703055382,-0.007227592513663695,-0.029253659769892693,0.008035541551721507,0.7181788682937622,0.6686000928282738,0.6231398582458496,0.02055451314938616,80.0,4.230781555175781,1.5337778642773627,0.5057505369186401,0.8192729278929509,-0.008202814827585826,0.6422164018228649,80.0,31.252108159858736,62.533466118104755,701,0.4356257915496826,8.476930618286133,3.0953829109668733,1.0592505931854248,1.6320379115637085
0.006712276488542557,-0.012978445668704808,-0.03848011791706085,0.011198225553404578,0.7085233926773071,0.6591359488666058,0.6107279062271118,0.022067777102465252,80.0,2.9604196548461914,0.9428201764822006,0.4311068058013916,0.5790004245578447,-0.008234480257175165,0.6421459570974111,80.0,31.219343282800175,62.46799828580022,702,0.27234339714050293,5.932037353515625,1.9247799716889857,0.907065749168396,1.1444084124423375
0.007885219529271126,-0.004827388213016093,-0.023442141711711884,0.006687254851832171,0.6007035970687866,0.5482167854905129,0.4982573688030243,0.02283190512386138,80.0,14.284100532531738,3.9924736484885215,1.342416763305664,2.679318572860937,-0.008214500797592336,0.6412489664703608,80.0,31.214949607383463,62.45915303602815,703,0.24832510948181152,28.571773529052734,8.005566385388374,2.73284912109375,5.352027879143798
0.017596032470464706,-0.007735771371517331,-0.03583649545907974,0.008155767763537755,0.5903965830802917,0.5406858995556831,0.4883364737033844,0.02146237282964222,80.0,12.40226936340332,4.564696405827999,1.098471760749817,2.16122326529057,-0.008205841966817388,0.639673435345292,80.0,31.246586804296825,62.52237860140204,704,0.25368237495422363,24.820758819580078,9.1556780397892,2.208460807800293,4.318954793621195
0.0034604016691446304,-0.006563051714329049,-0.024439740926027298,0.005981497604629204,0.631938636302948,0.584576953947544,0.5374071598052979,0.020071437205148947,80.0,8.993786811828613,3.6014296494424345,0.5847833156585693,1.616272098315325,-0.008163280661770841,0.6394009599983692,80.0,31.23149188779667,62.49209819625318,705,0.2660048007965088,17.995840072631836,7.22767694145441,1.1857234239578247,3.2294790319804716
0.03314657509326935,-0.012590948247816414,-0.031622860580682755,0.01135051927438409,0.6780287027359009,0.6365408472716808,0.6017841696739197,0.01796957575656955,80.0,8.002167701721191,2.2335489835590123,0.45424339175224304,1.4078183347739077,-0.008218815444648498,0.6395231908485293,80.0,31.203590791150926,62.436409516260035,706,0.2992095947265625,16.018062591552734,4.505010649561882,0.9659115076065063,2.8068029436655153
0.017287015914916992,-0.007874886499485001,-0.02934901788830757,0.008348837684132951,0.7123889327049255,0.6747965075075626,0.6330484747886658,0.017372603781764844,80.0,9.61038875579834,3.00086827352643,0.6155965328216553,1.7245070634326671,-0.008231840176013064,0.6407485294118525,80.0,31.181324730940158,62.39192795209588,707,0.3878636360168457,19.23501205444336,6.030982267856598,1.2600970268249512,3.4436054035860577
0.015660487115383148,-0.006859901337884366,-0.027408640831708908,0.009484788269008348,0.6805394887924194,0.6324464030563831,0.584278404712677,0.017438391792990088,80.0,7.013939380645752,2.8387771233916284,0.5488461256027222,1.5934138573181056,-0.008205474500573472,0.6405419763773681,80.0,31.1201389702186,62.269499566972264,708,0.362396240234375,14.03764533996582,5.7039229944348335,1.138880968093872,3.1770623683867236
0.011541924439370632,-0.004127742670243606,-0.026349764317274094,0.006688296842077813,0.5756139159202576,0.528547216579318,0.47750088572502136,0.021574231567103502,80.0,20.640026092529297,7.207577136158943,2.669701099395752,3.083309050869791,-0.008124821017467185,0.6398541559465231,80.0,31.11774275199324,62.26453206712008,709,0.411466121673584,41.29175567626953,14.433980721235276,5.375583648681641,6.163241379104001
0.018023844808340073,-0.015069858229253441,-0.035242609679698944,0.010286019014526691,0.617060661315918,0.5851363264024257,0.5485422611236572,0.015938895180227522,80.0,10.998198509216309,3.7330019801855086,1.281285285949707,2.2816348035506087,-0.008143816646159393,0.638429014261812,80.0,30.924600800521674,61.87825765353442,710,0.5068745613098145,22.010725021362305,7.507846403121948,2.6403379440307617,4.551340604653619
0.018861787393689156,-0.007961354951839894,-0.028956472873687744,0.009564655812490613,0.6136212348937988,0.5767918065190315,0.519570529460907,0.017589933058257567,80.0,19.939207077026367,7.11239921450615,1.363834261894226,4.717007333347845,-0.008108761256647995,0.6371041862852872,80.0,30.821392225809394,61.67174389758706,711,0.4118027687072754,39.917724609375,14.252256926894187,2.7817766666412354,9.433537026085117
0.01140716765075922,-0.013331875196308829,-0.03891286998987198,0.01149056183062031,0.7160066962242126,0.6788908369839192,0.6356546878814697,0.020667573925050604,80.0,17.856922149658203,5.711942920088768,1.2985061407089233,3.99516600911722,-0.008077368673286402,0.6375666672177612,80.0,30.671594953157015,61.37209581911565,712,0.4409332275390625,35.71285629272461,11.464127454161645,2.667437791824341,7.986906279100354
0.0070913732051849365,-0.010120821365853771,-0.0265538040548563,0.008194157247494897,0.7155250310897827,0.6767512060701847,0.6378675103187561,0.01607776573324216,80.0,27.161861419677734,8.174284082651138,2.2657876014709473,4.899859277195523,-0.008081408320169431,0.6387097209133208,80.0,30.507599970258774,61.04413679170609,713,0.4219980239868164,54.33833312988281,16.38234485387802,4.568011283874512,9.797845920751023
0.0047865621745586395,-0.009990181942703203,-0.0315486304461956,0.008949417275118212,0.6209535598754883,0.5787886396050453,0.5362265110015869,0.018598229414497593,80.0,43.155155181884766,17.397063714265823,4.46916389465332,7.275121260019666,-0.008084990840172395,0.6382245437391102,80.0,30.38311323139817,60.79516077423095,714,0.42042016983032227,86.32228088378906,34.82568359375,8.980582237243652,14.549085497995376
0.0063772741705179214,-0.015236976149026304,-0.04319816082715988,0.011542326549517317,0.5053484439849854,0.4610045310109854,0.39481228590011597,0.022595153559147416,80.0,38.30808639526367,18.14776114821434,4.46064567565918,7.954798605946978,-0.008198595066322013,0.6356695565208792,80.0,30.361690898276862,60.752492216825495,715,0.38591814041137695,76.625732421875,36.335216152667996,8.990402221679688,15.902406575652495
0.010985860601067543,-0.0032067074906080963,-0.017980242148041725,0.006208911438601398,0.520720362663269,0.4445542886853218,0.3844107985496521,0.02812106881447199,80.0,33.013614654541016,17.606126475334168,8.47765827178955,4.298996266587162,-0.008176673416222911,0.6335208793953061,80.0,30.470113002903762,60.96924961215258,716,0.3981635570526123,66.03740692138672,35.22755770683288,16.97781753540039,8.597689331951477
0.058507319539785385,-0.003938435134477914,-0.029415611177682877,0.0169066508117415,0.5663530826568604,0.5146172676235438,0.44574815034866333,0.024289986102388448,80.0,68.54671478271484,19.1187546312809,5.971766471862793,12.857218934493186,-0.00818002557384898,0.6330876633562147,80.0,30.397439701981842,60.82390104943514,717,0.4017505645751953,137.11375427246094,38.255678343772885,11.983863830566406,25.71038121466735
0.01762959361076355,-0.00904902396723628,-0.026975007727742195,0.009433273915481393,0.5638436079025269,0.5097197603434325,0.4516107439994812,0.020156766526813426,80.0,41.2716064453125,13.746422070264817,4.038407802581787,7.685691594667216,-0.00820410676204483,0.6315338640734552,80.0,30.524394775945698,61.0778282847479,718,0.40328192710876465,82.55474853515625,27.52113667726517,8.100460052490234,15.367649121720552
0.011653997004032135,-0.0015754330495838075,-0.010535776615142822,0.004741804293502957,0.5382212400436401,0.486816494166851,0.4393102824687958,0.019791827801987245,80.0,36.117332458496094,17.856704902648925,8.94953441619873,5.172033463042068,-0.008183730885066324,0.6295262094289064,80.0,30.655921801429244,61.340801431141806,719,0.3969883918762207,72.24752807617188,35.7262971162796,17.904739379882812,10.343555387258283
0.018270643427968025,-0.00725613022223115,-0.026252668350934982,0.009713698648175192,0.6506390571594238,0.5788430191576481,0.529070258140564,0.019286228960541826,80.0,32.7388916015625,13.87543351650238,6.8384294509887695,4.962816577141018,-0.00814800203559571,0.6282240000814199,80.0,30.765448320638388,61.559756967373204,720,0.30378270149230957,65.51248168945312,27.776956129074097,13.704946517944336,9.92821998639274
0.00759880430996418,-0.010098071570973843,-0.02842766046524048,0.008241136303969998,0.5754746198654175,0.5375257007777691,0.4822053909301758,0.016758718834749692,80.0,12.882427215576172,4.851394114643336,0.8863573670387268,2.8010869194839594,-0.008172536805650454,0.627071354061365,80.0,30.783066644359383,61.595019632257525,721,0.264615535736084,25.775463104248047,9.73373495042324,1.8022222518920898,5.596755802464977
0.01744147762656212,-0.005195594974793494,-0.018798761069774628,0.006375202416954841,0.6181021332740784,0.5718457028269768,0.5198160409927368,0.020561774502139016,80.0,23.562448501586914,12.290082713961601,3.8623130321502686,3.999911558169391,-0.008200872916175286,0.6265998894572258,80.0,30.85792437877133,61.744782343663275,722,0.2621183395385742,47.13528060913086,24.601993525028227,7.764276504516602,7.99784485533186
0.01565214991569519,-0.007916630670661107,-0.022485703229904175,0.008906441383253576,0.6324285268783569,0.5837611950933933,0.5333394408226013,0.01768338704944458,80.0,28.14899444580078,9.552933090925217,2.539762020111084,4.917568843063464,-0.0082116773230955,0.6264625823125243,80.0,30.934604961741716,61.89816237143427,723,0.24094486236572266,56.30942916870117,19.13337459564209,5.122673988342285,9.83318816476577
0.011891322210431099,-0.0058717736857943235,-0.01710158959031105,0.006308181614095275,0.6301459074020386,0.5922998666763306,0.5437623858451843,0.019603041378245034,80.0,11.134963989257812,3.1352915167808533,0.8070496320724487,2.0555074395443724,-0.008234110662306192,0.6267504180073737,80.0,30.94437443927303,61.91775195019691,724,0.25301241874694824,22.281448364257812,6.294172593951226,1.6590766906738281,4.106939850237648
0.00741012766957283,-0.010009341192198918,-0.026683766394853592,0.008177015947564252,0.6123358011245728,0.5746194884181023,0.5212866067886353,0.01853789570847528,80.0,12.36342716217041,3.087162670493126,0.5315873026847839,2.2940052442201813,-0.008286783341784029,0.6261283293738962,80.0,30.947410043779765,61.92391606243698,725,0.239670991897583,24.73717498779297,6.205836388468742,1.0762572288513184,4.581500219424909
0.011785158887505531,-0.0028427619312424214,-0.014171469956636429,0.005761590368425861,0.5775076746940613,0.5426152132451534,0.5046521425247192,0.01608950218633599,80.0,15.934914588928223,6.159469139575958,2.119905948638916,3.373184768104563,-0.008249361848167608,0.6265922284908592,80.0,30.980078403573483,61.98918721664696,726,0.2575693130493164,31.878074645996094,12.335476076602935,4.2602338790893555,6.740219953726722
0.008781001903116703,-0.011750239040702581,-0.03899115324020386,0.010429790914639598,0.6422577500343323,0.5978640459477902,0.5576770305633545,0.017136680332026945,80.0,37.45802688598633,6.5514825761318205,1.0217124223709106,6.851551200152101,-0.008246898789599071,0.626807435940951,80.0,31.02719943640009,62.08342865980417,727,0.2543768882751465,74.9280776977539,13.138422867655754,2.0588488578796387,13.696781571614295
0.03213263303041458,-0.011652198852971196,-0.03441179543733597,0.011097847214507052,0.6419637799263,0.590959931910038,0.553240180015564,0.018615430838952757,80.0,7.74532413482666,1.9153196550905704,0.4108514189720154,1.1569602361171167,-0.008284989776962902,0.6268729809783398,80.0,31.029897769954054,62.08890281955898,728,0.2258317470550537,15.502004623413086,3.8657629020512103,0.8918276429176331,2.3064570755352647
0.015250535681843758,-0.004959612133097835,-0.023314865306019783,0.0061730560056493505,0.6243858337402344,0.5732962846755981,0.5195958018302917,0.019275701580269658,80.0,15.594311714172363,4.855005730688572,1.8353487253189087,2.5975978762032517,-0.008223016012605512,0.6256906266175211,80.0,31.014114107262344,62.05718790008128,729,0.28668975830078125,31.19303321838379,9.731396654248238,3.717585802078247,5.189038552802691
0.01516648754477501,-0.005912461638217792,-0.024064812809228897,0.00824058667218104,0.6982300877571106,0.6622302971780301,0.6289428472518921,0.015174683568647438,80.0,26.87646484375,5.866404277831316,0.9786809086799622,6.048943322805942,-0.008145594028494088,0.6258747258000076,80.0,31.01146601872519,62.05174056078493,730,0.3282642364501953,53.76523208618164,11.757878088951111,1.9739484786987305,12.093437998073037
0.009698055684566498,-0.008036801754496992,-0.03209841251373291,0.008310965795317466,0.6448450684547424,0.6049789845943451,0.5651273727416992,0.016504572453553645,80.0,13.537734985351562,4.319811379909515,0.694726288318634,2.919906193843782,-0.00806487034584279,0.6255557065196335,80.0,30.86331421856955,61.75526913434266,731,0.2911214828491211,27.087230682373047,8.667795936763287,1.4585257768630981,5.835610808881618
0.016558870673179626,-0.01165803282347042,-0.028943829238414764,0.00987920619261799,0.5949281454086304,0.5570446707308292,0.5103445053100586,0.018134293882366027,80.0,17.745384216308594,6.489385578036308,1.4092971086502075,3.8213159320031327,-0.00813373832119396,0.6258097772337496,80.0,30.834269471783195,61.697322456061826,732,0.29357123374938965,35.54249954223633,13.013228046894074,2.8661134243011475,7.6379540981690806
0.0054578958079218864,-0.012979157059453428,-0.03713039308786392,0.008870468408305444,0.7056598663330078,0.6610457442700863,0.6185429096221924,0.01821254137114286,80.0,9.165172576904297,2.9344110921025277,1.196491003036499,1.306918243121415,-0.008155935601971578,0.6266732473485171,80.0,30.418437135908757,60.86571945297718,733,0.27163076400756836,18.34377670288086,5.908001464605332,2.4249558448791504,2.6056798055715884
0.006881244480609894,-0.009294469928136095,-0.029558757320046425,0.007894426042793418,0.6574993133544922,0.6179780878126622,0.5621351599693298,0.019073164385491476,80.0,26.249095916748047,12.496728003025055,5.1956610679626465,4.7550017312628805,-0.008138467702025082,0.6269392777048052,80.0,30.03716727742925,60.10315011644363,734,0.24698543548583984,52.52573776245117,25.02440446615219,10.424431800842285,9.506150083899554
0.0009287092834711075,-0.015133669751230627,-0.037797585129737854,0.0095489420173386,0.6841872334480286,0.6360999427735805,0.5947860479354858,0.019496885738485483,80.0,13.542198181152344,3.852927154302597,1.1310458183288574,3.101018893331602,-0.008231812188692856,0.6277647484056651,80.0,29.75282283404842,59.53466442745924,735,0.23763632774353027,27.097518920898438,7.748843640089035,2.3162319660186768,6.198114688313511
0.009129391983151436,-0.006825710640987382,-0.028994085267186165,0.00671018530487957,0.5990821123123169,0.5448863346129655,0.4911133050918579,0.022350349257889136,80.0,14.103283882141113,7.343010422587395,3.266707420349121,2.7393689094404774,-0.008255465273628942,0.6270837602168321,80.0,29.452933287862688,58.934919020235526,736,0.26760435104370117,28.217361450195312,14.710569894313812,6.566047668457031,5.473335146441561
0.005541333928704262,-0.014705166965723038,-0.03281933814287186,0.00964052887071417,0.6028047800064087,0.5642736196517945,0.5386787056922913,0.013407303194767508,80.0,25.31589698791504,9.862545135617257,2.3882954120635986,5.2872867070125,-0.008294109791750088,0.626435432240367,80.0,29.500328180436046,59.02977312922478,737,0.31422901153564453,50.68539047241211,19.76578619480133,4.783698081970215,10.577710301616866
0.0043276092037558556,-0.00836128787486814,-0.029927395284175873,0.006668001469324695,0.619247555732727,0.5730136416852474,0.5308480262756348,0.01839948695809479,80.0,11.584115982055664,5.837218822538853,1.7416337728500366,2.469505710139704,-0.008260407839901745,0.626137707285583,80.0,29.404759596664462,58.83856260329485,738,0.29517149925231934,23.18136978149414,11.702620524168015,3.510542869567871,4.934224487040475
0.008566584438085556,-0.007046295783948153,-0.02355954796075821,0.006939692196918115,0.578254222869873,0.5429487459361553,0.5030826330184937,0.018190424085400777,80.0,21.08262825012207,5.827883321046829,2.108464241027832,3.4242413329552948,-0.008168887609732335,0.6242681729644537,80.0,29.404435438428077,58.83769385492802,739,0.2566797733306885,42.17607879638672,11.680718165636062,4.264399528503418,6.841495291147364
0.012586178258061409,-0.011751504917629062,-0.03686334937810898,0.009729637156492426,0.6173006296157837,0.5813909068703651,0.5453417301177979,0.017084997997056355,80.0,19.677101135253906,6.675158159434796,1.5073899030685425,4.055568375014578,-0.008173513928370083,0.6236467780098319,80.0,29.431690743941818,58.89220129105449,740,0.25282716751098633,39.36865234375,13.385447141528129,3.03328275680542,8.111320454083266
0.0010655596852302551,-0.017310039978474377,-0.03657045587897301,0.009697453676257009,0.5597385764122009,0.5223149638622999,0.48083800077438354,0.017220254297057865,80.0,6.312749862670898,2.074879452586174,0.6846166253089905,1.0854601321693635,-0.008273735589289571,0.6218114443905652,80.0,29.419883955065167,58.86875145013631,741,0.2396690845489502,12.647205352783203,4.194825269281864,1.4353376626968384,2.1591387470296333
0.010024728253483772,-0.009956938825780526,-0.028902364894747734,0.008947516931694864,0.6021074652671814,0.5630790606141091,0.5130834579467773,0.017197847359735327,80.0,9.91726016998291,3.442306099087,0.9930410981178284,1.6221030531654048,-0.008315595523628871,0.6209919287897647,80.0,29.43032370993868,58.8896982897222,742,0.2681121826171875,19.839130401611328,6.915787646174431,2.0199906826019287,3.233244941816602
0.009222956374287605,-0.0066142833791673185,-0.02070786990225315,0.0060622279426935256,0.5668964385986328,0.5190935138612985,0.4805971384048462,0.02021363948047635,80.0,33.082855224609375,4.920035055279731,1.2776492834091187,4.816291201221133,-0.008328321715642233,0.6195826077759266,80.0,29.460141699615864,58.94933153504134,743,0.29006266593933105,66.17562103271484,9.86368054151535,2.5873665809631348,9.628706813684115
0.00582119170576334,-0.01050578075228259,-0.028474323451519012,0.007474771930585104,0.6436450481414795,0.5980001129209995,0.5554302930831909,0.01816266961614037,80.0,11.827559471130371,2.9651823587715627,0.5285324454307556,1.932688211383659,-0.008337909497553482,0.6189873815923929,80.0,29.472790931925175,58.974637270614515,744,0.3769187927246094,23.670806884765625,5.963336274027824,1.0922492742538452,3.8576844180005914
0.0032887402921915054,-0.010215336945839227,-0.0271027609705925,0.007587430168145391,0.5618220567703247,0.5161375880241394,0.478162944316864,0.019340109448175054,80.0,10.03579044342041,2.5321136340498924,0.7236908674240112,1.6652917502377682,-0.008387506114202551,0.617474771529436,80.0,29.461033458597953,58.951191265657535,745,0.380232572555542,20.08391761779785,5.094980721175671,1.4842933416366577,3.3225854948314377
0.02317981980741024,-0.006864877953194082,-0.023991836234927177,0.009121989101238659,0.5567845106124878,0.505195415019989,0.4592614769935608,0.019776847004247256,80.0,42.357303619384766,10.154532414674758,2.138702630996704,7.627594763716947,-0.008389087908377406,0.6159412566423417,80.0,29.539265909217292,59.10762866030634,746,0.376939058303833,84.72733306884766,20.332898497581482,4.319664001464844,15.252597478081073
0.0034878775477409363,-0.00574426079983823,-0.021726058796048164,0.0051493972196972,0.5697300434112549,0.5264576364308595,0.4888637363910675,0.017163040392967097,80.0,9.536585807800293,2.040538967773318,0.4365578591823578,1.7344952147595893,-0.008388689404178877,0.6147443136610091,80.0,29.5377566120848,59.10458533049375,747,0.3733961582183838,19.084264755249023,4.103095615655183,0.9115581512451172,3.464826397951739
0.057035304605960846,-0.008241236809408293,-0.03303759917616844,0.012307097945414522,0.5920307040214539,0.552080861479044,0.5125850439071655,0.017538126238075814,80.0,8.13370132446289,3.104453907907009,0.7243179678916931,1.599631715038593,-0.008379067511297762,0.6133996340446174,80.0,29.551817099489266,59.13266016798467,748,0.3758728504180908,16.281097412109375,6.236431899666786,1.4916386604309082,3.1939554471359966
0.008043100126087666,-0.008922705583972856,-0.025790566578507423,0.007621713353011585,0.5881287455558777,0.5501720011234283,0.5054709911346436,0.01879983584867165,80.0,5.565552711486816,2.6226420924067497,1.0771585702896118,0.9367622540470201,-0.00835651315463474,0.6119681749902665,80.0,29.55188781763613,59.13272786659748,749,0.39708423614501953,11.146440505981445,5.274133044481277,2.1931002140045166,1.8673231406938384
0.008246522396802902,-0.006848621042445302,-0.02315261773765087,0.007008979412665185,0.5873740911483765,0.5436486061662436,0.49133095145225525,0.01950642265262223,80.0,20.188810348510742,6.446684198081494,1.5561048984527588,4.323464530620633,-0.008288332748692484,0.6099665154367685,80.0,29.55130264359713,59.13138112355025,750,0.3855459690093994,40.388668060302734,12.917938482761382,3.1519527435302734,8.646795721186237
