t_s,segment,position_km,speed_ms,speed_kmh,speed_limit_ms,over_limit_ms,action,action_name,energy_kwh
0.0,0,0.000,15.000,54.00,1.00,0.00,0,Brake,0.0000
1.0,0,0.000,14.200,51.12,1.00,0.00,0,Brake,0.0000
2.0,0,0.000,13.400,48.24,1.00,0.00,0,Brake,0.0000
3.0,0,0.000,12.600,45.36,1.00,0.00,0,Brake,0.0000
4.0,0,0.000,11.800,42.48,1.00,0.00,0,Brake,0.0000
5.0,0,0.000,11.000,39.60,1.00,0.00,0,Brake,0.0000
6.0,0,0.000,10.200,36.72,1.00,0.00,0,Brake,0.0000
7.0,0,0.000,9.400,33.84,1.00,0.00,0,Brake,0.0000
8.0,0,0.000,8.600,30.96,1.00,0.00,0,Brake,0.0000
9.0,1,0.100,7.800,28.08,11.10,0.00,3,Power,0.0000
10.0,1,0.100,8.400,30.24,11.10,0.00,1,Coast,1.0500
11.0,1,0.100,8.390,30.21,11.10,0.00,3,Power,1.0500
12.0,1,0.100,8.990,32.37,11.10,0.00,1,Coast,2.0973
13.0,1,0.100,8.980,32.33,11.10,0.00,1,Coast,2.0973
14.0,1,0.100,8.970,32.29,11.10,0.00,1,Coast,2.0973
15.0,1,0.100,8.960,32.25,11.10,0.00,1,Coast,2.0973
16.0,1,0.100,8.950,32.22,11.10,0.00,1,Coast,2.0973
17.0,1,0.100,8.939,32.18,11.10,0.00,1,Coast,2.0973
18.0,1,0.100,8.929,32.15,11.10,0.00,1,Coast,2.0973
19.0,1,0.100,8.919,32.11,11.10,0.00,1,Coast,2.0973
20.0,1,0.100,8.909,32.07,11.10,0.00,1,Coast,2.0973
21.0,2,0.200,8.899,32.04,11.10,0.00,1,Coast,2.0973
22.0,2,0.200,8.826,31.77,11.10,0.00,1,Coast,2.0973
23.0,2,0.200,8.754,31.51,11.10,0.00,1,Coast,2.0973
24.0,2,0.200,8.681,31.25,11.10,0.00,1,Coast,2.0973
25.0,2,0.200,8.609,30.99,11.10,0.00,1,Coast,2.0973
26.0,2,0.200,8.536,30.73,11.10,0.00,3,Power,2.0973
27.0,2,0.200,9.136,32.89,11.10,0.00,1,Coast,3.1439
28.0,2,0.200,9.063,32.63,11.10,0.00,1,Coast,3.1439
29.0,2,0.200,8.991,32.37,11.10,0.00,1,Coast,3.1439
30.0,2,0.200,8.918,32.10,11.10,0.00,1,Coast,3.1439
31.0,2,0.200,8.845,31.84,11.10,0.00,1,Coast,3.1439
32.0,3,0.300,8.773,31.58,11.10,0.00,1,Coast,3.1439
33.0,3,0.300,8.719,31.39,11.10,0.00,1,Coast,3.1439
34.0,3,0.300,8.665,31.19,11.10,0.00,3,Power,3.1439
35.0,3,0.300,9.265,33.35,11.10,0.00,1,Coast,4.1900
36.0,3,0.300,9.210,33.16,11.10,0.00,1,Coast,4.1900
37.0,3,0.300,9.156,32.96,11.10,0.00,1,Coast,4.1900
38.0,3,0.300,9.102,32.77,11.10,0.00,1,Coast,4.1900
39.0,3,0.300,9.047,32.57,11.10,0.00,1,Coast,4.1900
40.0,3,0.300,8.993,32.38,11.10,0.00,1,Coast,4.1900
41.0,3,0.300,8.939,32.18,11.10,0.00,1,Coast,4.1900
42.0,3,0.300,8.885,31.99,11.10,0.00,1,Coast,4.1900
43.0,4,0.400,8.831,31.79,11.10,0.00,1,Coast,4.1900
44.0,4,0.400,8.824,31.77,11.10,0.00,1,Coast,4.1900
45.0,4,0.400,8.817,31.74,11.10,0.00,1,Coast,4.1900
46.0,4,0.400,8.810,31.72,11.10,0.00,1,Coast,4.1900
47.0,4,0.400,8.803,31.69,11.10,0.00,1,Coast,4.1900
48.0,4,0.400,8.796,31.67,11.10,0.00,1,Coast,4.1900
49.0,4,0.400,8.789,31.64,11.10,0.00,1,Coast,4.1900
50.0,4,0.400,8.782,31.62,11.10,0.00,1,Coast,4.1900
51.0,4,0.400,8.776,31.59,11.10,0.00,1,Coast,4.1900
52.0,4,0.400,8.769,31.57,11.10,0.00,1,Coast,4.1900
53.0,4,0.400,8.762,31.54,11.10,0.00,1,Coast,4.1900
54.0,5,0.500,8.755,31.52,11.10,0.00,2,Cruise,4.1900
55.0,5,0.500,8.806,31.70,11.10,0.00,2,Cruise,4.1900
56.0,5,0.500,8.857,31.89,11.10,0.00,2,Cruise,4.1900
57.0,5,0.500,8.908,32.07,11.10,0.00,2,Cruise,4.1900
58.0,5,0.500,8.959,32.25,11.10,0.00,2,Cruise,4.1900
59.0,5,0.500,9.010,32.44,11.10,0.00,2,Cruise,4.1900
60.0,5,0.500,9.061,32.62,11.10,0.00,2,Cruise,4.1900
61.0,5,0.500,9.112,32.80,11.10,0.00,2,Cruise,4.1900
62.0,5,0.500,9.162,32.98,11.10,0.00,2,Cruise,4.1900
63.0,5,0.500,9.213,33.17,11.10,0.00,2,Cruise,4.1900
64.0,5,0.500,9.264,33.35,11.10,0.00,2,Cruise,4.1900
65.0,6,0.600,9.314,33.53,11.10,0.00,2,Cruise,4.1900
66.0,6,0.600,9.314,33.53,11.10,0.00,2,Cruise,4.2455
67.0,6,0.600,9.314,33.53,11.10,0.00,2,Cruise,4.3009
68.0,6,0.600,9.314,33.53,11.10,0.00,2,Cruise,4.3563
69.0,6,0.600,9.314,33.53,11.10,0.00,2,Cruise,4.4118
70.0,6,0.600,9.314,33.53,11.10,0.00,2,Cruise,4.4672
71.0,6,0.600,9.314,33.53,11.10,0.00,2,Cruise,4.5227
72.0,6,0.600,9.314,33.53,11.10,0.00,2,Cruise,4.5781
73.0,6,0.600,9.314,33.53,11.10,0.00,2,Cruise,4.6335
74.0,6,0.600,9.314,33.53,11.10,0.00,2,Cruise,4.6890
75.0,6,0.600,9.314,33.53,11.10,0.00,2,Cruise,4.7444
76.0,7,0.700,9.314,33.53,11.10,0.00,2,Cruise,4.7998
77.0,7,0.700,9.314,33.53,11.10,0.00,2,Cruise,4.9356
78.0,7,0.700,9.314,33.53,11.10,0.00,2,Cruise,5.0713
79.0,7,0.700,9.314,33.53,11.10,0.00,2,Cruise,5.2070
80.0,7,0.700,9.314,33.53,11.10,0.00,2,Cruise,5.3428
81.0,7,0.700,9.314,33.53,11.10,0.00,2,Cruise,5.4785
82.0,7,0.700,9.314,33.53,11.10,0.00,2,Cruise,5.6142
83.0,7,0.700,9.314,33.53,11.10,0.00,2,Cruise,5.7500
84.0,7,0.700,9.314,33.53,11.10,0.00,2,Cruise,5.8857
85.0,7,0.700,9.314,33.53,11.10,0.00,2,Cruise,6.0214
86.0,7,0.700,9.314,33.53,11.10,0.00,2,Cruise,6.1572
87.0,8,0.800,9.314,33.53,11.10,0.00,2,Cruise,6.2929
88.0,8,0.800,9.314,33.53,11.10,0.00,2,Cruise,6.3850
89.0,8,0.800,9.314,33.53,11.10,0.00,2,Cruise,6.4771
90.0,8,0.800,9.314,33.53,11.10,0.00,2,Cruise,6.5692
91.0,8,0.800,9.314,33.53,11.10,0.00,2,Cruise,6.6614
92.0,8,0.800,9.314,33.53,11.10,0.00,2,Cruise,6.7535
93.0,8,0.800,9.314,33.53,11.10,0.00,2,Cruise,6.8456
94.0,8,0.800,9.314,33.53,11.10,0.00,2,Cruise,6.9377
95.0,8,0.800,9.314,33.53,11.10,0.00,2,Cruise,7.0298
96.0,8,0.800,9.314,33.53,11.10,0.00,2,Cruise,7.1219
97.0,8,0.800,9.314,33.53,11.10,0.00,2,Cruise,7.2141
98.0,9,0.900,9.314,33.53,11.10,0.00,2,Cruise,7.3062
99.0,9,0.900,9.314,33.53,11.10,0.00,2,Cruise,7.3620
100.0,9,0.900,9.314,33.53,11.10,0.00,2,Cruise,7.4178
101.0,9,0.900,9.314,33.53,11.10,0.00,2,Cruise,7.4736
102.0,9,0.900,9.314,33.53,11.10,0.00,2,Cruise,7.5294
103.0,9,0.900,9.314,33.53,11.10,0.00,2,Cruise,7.5852
104.0,9,0.900,9.314,33.53,11.10,0.00,2,Cruise,7.6410
105.0,9,0.900,9.314,33.53,11.10,0.00,2,Cruise,7.6968
106.0,9,0.900,9.314,33.53,11.10,0.00,2,Cruise,7.7526
107.0,9,0.900,9.314,33.53,11.10,0.00,2,Cruise,7.8084
108.0,10,1.000,9.314,33.53,11.10,0.00,2,Cruise,7.8643
109.0,10,1.000,9.314,33.53,11.10,0.00,2,Cruise,7.9553
110.0,10,1.000,9.314,33.53,11.10,0.00,2,Cruise,8.0463
111.0,10,1.000,9.314,33.53,11.10,0.00,2,Cruise,8.1373
112.0,10,1.000,9.314,33.53,11.10,0.00,2,Cruise,8.2282
113.0,10,1.000,9.314,33.53,11.10,0.00,2,Cruise,8.3192
114.0,10,1.000,9.314,33.53,11.10,0.00,2,Cruise,8.4102
115.0,10,1.000,9.314,33.53,11.10,0.00,2,Cruise,8.5012
116.0,10,1.000,9.314,33.53,11.10,0.00,2,Cruise,8.5922
117.0,10,1.000,9.314,33.53,11.10,0.00,2,Cruise,8.6832
118.0,10,1.000,9.314,33.53,11.10,0.00,2,Cruise,8.7742
119.0,11,1.100,9.314,33.53,11.10,0.00,2,Cruise,8.8652
120.0,11,1.100,9.314,33.53,11.10,0.00,2,Cruise,8.9597
121.0,11,1.100,9.314,33.53,11.10,0.00,2,Cruise,9.0543
122.0,11,1.100,9.314,33.53,11.10,0.00,2,Cruise,9.1488
123.0,11,1.100,9.314,33.53,11.10,0.00,2,Cruise,9.2433
124.0,11,1.100,9.314,33.53,11.10,0.00,2,Cruise,9.3378
125.0,11,1.100,9.314,33.53,11.10,0.00,2,Cruise,9.4323
126.0,11,1.100,9.314,33.53,11.10,0.00,2,Cruise,9.5268
127.0,11,1.100,9.314,33.53,11.10,0.00,2,Cruise,9.6213
128.0,11,1.100,9.314,33.53,11.10,0.00,2,Cruise,9.7158
129.0,11,1.100,9.314,33.53,11.10,0.00,2,Cruise,9.8103
130.0,12,1.200,9.314,33.53,11.10,0.00,2,Cruise,9.9048
131.0,12,1.200,9.314,33.53,11.10,0.00,2,Cruise,9.9397
132.0,12,1.200,9.314,33.53,11.10,0.00,2,Cruise,9.9745
133.0,12,1.200,9.314,33.53,11.10,0.00,2,Cruise,10.0093
134.0,12,1.200,9.314,33.53,11.10,0.00,2,Cruise,10.0441
135.0,12,1.200,9.314,33.53,11.10,0.00,2,Cruise,10.0789
136.0,12,1.200,9.314,33.53,11.10,0.00,2,Cruise,10.1137
137.0,12,1.200,9.314,33.53,11.10,0.00,2,Cruise,10.1486
138.0,12,1.200,9.314,33.53,11.10,0.00,2,Cruise,10.1834
139.0,12,1.200,9.314,33.53,11.10,0.00,2,Cruise,10.2182
140.0,12,1.200,9.314,33.53,11.10,0.00,2,Cruise,10.2530
141.0,13,1.300,9.314,33.53,11.10,0.00,2,Cruise,10.2878
142.0,13,1.300,9.314,33.53,11.10,0.00,2,Cruise,10.3660
143.0,13,1.300,9.314,33.53,11.10,0.00,2,Cruise,10.4441
144.0,13,1.300,9.314,33.53,11.10,0.00,2,Cruise,10.5223
145.0,13,1.300,9.314,33.53,11.10,0.00,2,Cruise,10.6005
146.0,13,1.300,9.314,33.53,11.10,0.00,2,Cruise,10.6786
147.0,13,1.300,9.314,33.53,11.10,0.00,2,Cruise,10.7568
148.0,13,1.300,9.314,33.53,11.10,0.00,2,Cruise,10.8350
149.0,13,1.300,9.314,33.53,11.10,0.00,2,Cruise,10.9131
150.0,13,1.300,9.314,33.53,11.10,0.00,2,Cruise,10.9913
151.0,14,1.400,9.314,33.53,11.10,0.00,2,Cruise,11.0695
152.0,14,1.400,9.314,33.53,11.10,0.00,2,Cruise,11.0999
153.0,14,1.400,9.314,33.53,11.10,0.00,2,Cruise,11.1303
154.0,14,1.400,9.314,33.53,11.10,0.00,2,Cruise,11.1607
155.0,14,1.400,9.314,33.53,11.10,0.00,2,Cruise,11.1911
156.0,14,1.400,9.314,33.53,11.10,0.00,2,Cruise,11.2215
157.0,14,1.400,9.314,33.53,11.10,0.00,2,Cruise,11.2519
158.0,14,1.400,9.314,33.53,11.10,0.00,2,Cruise,11.2823
159.0,14,1.400,9.314,33.53,11.10,0.00,2,Cruise,11.3127
160.0,14,1.400,9.314,33.53,11.10,0.00,2,Cruise,11.3431
161.0,14,1.400,9.314,33.53,11.10,0.00,2,Cruise,11.3735
162.0,15,1.500,9.314,33.53,11.10,0.00,2,Cruise,11.4039
163.0,15,1.500,9.314,33.53,11.10,0.00,2,Cruise,11.4797
164.0,15,1.500,9.314,33.53,11.10,0.00,2,Cruise,11.5555
165.0,15,1.500,9.314,33.53,11.10,0.00,2,Cruise,11.6313
166.0,15,1.500,9.314,33.53,11.10,0.00,2,Cruise,11.7071
167.0,15,1.500,9.314,33.53,11.10,0.00,2,Cruise,11.7829
168.0,15,1.500,9.314,33.53,11.10,0.00,2,Cruise,11.8587
169.0,15,1.500,9.314,33.53,11.10,0.00,2,Cruise,11.9346
170.0,15,1.500,9.314,33.53,11.10,0.00,2,Cruise,12.0104
171.0,15,1.500,9.314,33.53,11.10,0.00,2,Cruise,12.0862
172.0,15,1.500,9.314,33.53,11.10,0.00,2,Cruise,12.1620
173.0,16,1.600,9.314,33.53,11.10,0.00,2,Cruise,12.2378
174.0,16,1.600,9.314,33.53,11.10,0.00,2,Cruise,12.2975
175.0,16,1.600,9.314,33.53,11.10,0.00,2,Cruise,12.3572
176.0,16,1.600,9.314,33.53,11.10,0.00,2,Cruise,12.4169
177.0,16,1.600,9.314,33.53,11.10,0.00,2,Cruise,12.4767
178.0,16,1.600,9.314,33.53,11.10,0.00,2,Cruise,12.5364
179.0,16,1.600,9.314,33.53,11.10,0.00,2,Cruise,12.5961
180.0,16,1.600,9.314,33.53,11.10,0.00,2,Cruise,12.6558
181.0,16,1.600,9.314,33.53,11.10,0.00,2,Cruise,12.7155
182.0,16,1.600,9.314,33.53,11.10,0.00,2,Cruise,12.7752
183.0,16,1.600,9.314,33.53,11.10,0.00,2,Cruise,12.8349
184.0,17,1.700,9.314,33.53,11.10,0.00,2,Cruise,12.8946
185.0,17,1.700,9.314,33.53,11.10,0.00,2,Cruise,12.9755
186.0,17,1.700,9.314,33.53,11.10,0.00,2,Cruise,13.0563
187.0,17,1.700,9.314,33.53,11.10,0.00,2,Cruise,13.1372
188.0,17,1.700,9.314,33.53,11.10,0.00,2,Cruise,13.2180
189.0,17,1.700,9.314,33.53,11.10,0.00,2,Cruise,13.2989
190.0,17,1.700,9.314,33.53,11.10,0.00,2,Cruise,13.3797
191.0,17,1.700,9.314,33.53,11.10,0.00,2,Cruise,13.4606
192.0,17,1.700,9.314,33.53,11.10,0.00,2,Cruise,13.5414
193.0,17,1.700,9.314,33.53,11.10,0.00,2,Cruise,13.6223
194.0,18,1.800,9.314,33.53,11.10,0.00,1,Coast,13.7031
195.0,18,1.800,9.195,33.10,11.10,0.00,1,Coast,13.7031
196.0,18,1.800,9.075,32.67,11.10,0.00,1,Coast,13.7031
197.0,18,1.800,8.956,32.24,11.10,0.00,1,Coast,13.7031
198.0,18,1.800,8.836,31.81,11.10,0.00,1,Coast,13.7031
199.0,18,1.800,8.717,31.38,11.10,0.00,1,Coast,13.7031
200.0,18,1.800,8.598,30.95,11.10,0.00,1,Coast,13.7031
201.0,18,1.800,8.479,30.52,11.10,0.00,1,Coast,13.7031
202.0,18,1.800,8.360,30.10,11.10,0.00,1,Coast,13.7031
203.0,18,1.800,8.241,29.67,11.10,0.00,1,Coast,13.7031
204.0,18,1.800,8.122,29.24,11.10,0.00,1,Coast,13.7031
205.0,18,1.800,8.004,28.81,11.10,0.00,1,Coast,13.7031
206.0,19,1.900,7.885,28.39,11.10,0.00,2,Cruise,13.7031
207.0,19,1.900,7.895,28.42,11.10,0.00,2,Cruise,13.7031
208.0,19,1.900,7.904,28.46,11.10,0.00,2,Cruise,13.7031
209.0,19,1.900,7.914,28.49,11.10,0.00,2,Cruise,13.7031
210.0,19,1.900,7.924,28.53,11.10,0.00,2,Cruise,13.7031
211.0,19,1.900,7.933,28.56,11.10,0.00,2,Cruise,13.7031
212.0,19,1.900,7.943,28.59,11.10,0.00,2,Cruise,13.7031
213.0,19,1.900,7.953,28.63,11.10,0.00,2,Cruise,13.7031
214.0,19,1.900,7.962,28.66,11.10,0.00,2,Cruise,13.7031
215.0,19,1.900,7.972,28.70,11.10,0.00,2,Cruise,13.7031
216.0,19,1.900,7.981,28.73,11.10,0.00,2,Cruise,13.7031
217.0,19,1.900,7.991,28.77,11.10,0.00,2,Cruise,13.7031
218.0,20,2.000,8.000,28.80,11.10,0.00,1,Coast,13.7031
219.0,20,2.000,7.957,28.65,11.10,0.00,1,Coast,13.7031
220.0,20,2.000,7.914,28.49,11.10,0.00,1,Coast,13.7031
221.0,20,2.000,7.871,28.34,11.10,0.00,1,Coast,13.7031
222.0,20,2.000,7.828,28.18,11.10,0.00,1,Coast,13.7031
223.0,20,2.000,7.785,28.03,11.10,0.00,1,Coast,13.7031
224.0,20,2.000,7.742,27.87,11.10,0.00,1,Coast,13.7031
225.0,20,2.000,7.699,27.72,11.10,0.00,1,Coast,13.7031
226.0,20,2.000,7.656,27.56,11.10,0.00,1,Coast,13.7031
227.0,20,2.000,7.613,27.41,11.10,0.00,1,Coast,13.7031
228.0,20,2.000,7.571,27.25,11.10,0.00,1,Coast,13.7031
229.0,20,2.000,7.528,27.10,11.10,0.00,1,Coast,13.7031
230.0,20,2.000,7.485,26.95,11.10,0.00,1,Coast,13.7031
231.0,21,2.100,7.442,26.79,11.10,0.00,1,Coast,13.7031
232.0,21,2.100,7.321,26.36,11.10,0.00,1,Coast,13.7031
233.0,21,2.100,7.200,25.92,11.10,0.00,1,Coast,13.7031
234.0,21,2.100,7.078,25.48,11.10,0.00,1,Coast,13.7031
235.0,21,2.100,6.957,25.05,11.10,0.00,1,Coast,13.7031
236.0,21,2.100,6.836,24.61,11.10,0.00,1,Coast,13.7031
237.0,21,2.100,6.715,24.18,11.10,0.00,1,Coast,13.7031
238.0,21,2.100,6.595,23.74,11.10,0.00,1,Coast,13.7031
239.0,21,2.100,6.474,23.31,11.10,0.00,1,Coast,13.7031
240.0,21,2.100,6.353,22.87,11.10,0.00,1,Coast,13.7031
241.0,21,2.100,6.232,22.44,11.10,0.00,1,Coast,13.7031
242.0,21,2.100,6.112,22.00,11.10,0.00,1,Coast,13.7031
243.0,21,2.100,5.992,21.57,11.10,0.00,1,Coast,13.7031
244.0,21,2.100,5.871,21.14,11.10,0.00,1,Coast,13.7031
245.0,21,2.100,5.751,20.70,11.10,0.00,1,Coast,13.7031
246.0,21,2.100,5.631,20.27,11.10,0.00,1,Coast,13.7031
247.0,22,2.200,5.511,19.84,11.10,0.00,2,Cruise,13.7031
248.0,22,2.200,5.645,20.32,11.10,0.00,2,Cruise,13.7031
249.0,22,2.200,5.780,20.81,11.10,0.00,2,Cruise,13.7031
250.0,22,2.200,5.914,21.29,11.10,0.00,2,Cruise,13.7031
251.0,22,2.200,6.048,21.77,11.10,0.00,2,Cruise,13.7031
252.0,22,2.200,6.182,22.26,11.10,0.00,2,Cruise,13.7031
253.0,22,2.200,6.316,22.74,11.10,0.00,2,Cruise,13.7031
254.0,22,2.200,6.450,23.22,11.10,0.00,2,Cruise,13.7031
255.0,22,2.200,6.584,23.70,11.10,0.00,2,Cruise,13.7031
256.0,22,2.200,6.718,24.18,11.10,0.00,2,Cruise,13.7031
257.0,22,2.200,6.852,24.67,11.10,0.00,2,Cruise,13.7031
258.0,22,2.200,6.985,25.15,11.10,0.00,2,Cruise,13.7031
259.0,22,2.200,7.119,25.63,11.10,0.00,2,Cruise,13.7031
260.0,22,2.200,7.252,26.11,11.10,0.00,2,Cruise,13.7031
261.0,22,2.200,7.385,26.59,11.10,0.00,2,Cruise,13.7031
262.0,23,2.300,7.518,27.07,11.10,0.00,1,Coast,13.7031
263.0,23,2.300,7.539,27.14,11.10,0.00,1,Coast,13.7031
264.0,23,2.300,7.560,27.22,11.10,0.00,1,Coast,13.7031
265.0,23,2.300,7.581,27.29,11.10,0.00,1,Coast,13.7031
266.0,23,2.300,7.602,27.37,11.10,0.00,1,Coast,13.7031
267.0,23,2.300,7.622,27.44,11.10,0.00,1,Coast,13.7031
268.0,23,2.300,7.643,27.52,11.10,0.00,1,Coast,13.7031
269.0,23,2.300,7.664,27.59,11.10,0.00,1,Coast,13.7031
270.0,23,2.300,7.685,27.66,11.10,0.00,1,Coast,13.7031
271.0,23,2.300,7.705,27.74,11.10,0.00,1,Coast,13.7031
272.0,23,2.300,7.726,27.81,11.10,0.00,1,Coast,13.7031
273.0,23,2.300,7.747,27.89,11.10,0.00,1,Coast,13.7031
274.0,23,2.300,7.768,27.96,11.10,0.00,1,Coast,13.7031
275.0,24,2.400,7.788,28.04,11.10,0.00,1,Coast,13.7031
276.0,24,2.400,7.749,27.90,11.10,0.00,1,Coast,13.7031
277.0,24,2.400,7.709,27.75,11.10,0.00,1,Coast,13.7031
278.0,24,2.400,7.670,27.61,11.10,0.00,1,Coast,13.7031
279.0,24,2.400,7.631,27.47,11.10,0.00,1,Coast,13.7031
280.0,24,2.400,7.592,27.33,11.10,0.00,1,Coast,13.7031
281.0,24,2.400,7.552,27.19,11.10,0.00,1,Coast,13.7031
282.0,24,2.400,7.513,27.05,11.10,0.00,1,Coast,13.7031
283.0,24,2.400,7.474,26.91,11.10,0.00,1,Coast,13.7031
284.0,24,2.400,7.435,26.77,11.10,0.00,1,Coast,13.7031
285.0,24,2.400,7.396,26.62,11.10,0.00,1,Coast,13.7031
286.0,24,2.400,7.357,26.48,11.10,0.00,1,Coast,13.7031
287.0,24,2.400,7.318,26.34,11.10,0.00,1,Coast,13.7031
288.0,24,2.400,7.279,26.20,11.10,0.00,1,Coast,13.7031
289.0,25,2.500,7.240,26.06,11.10,0.00,2,Cruise,13.7031
290.0,25,2.500,7.240,26.06,11.10,0.00,2,Cruise,13.8107
291.0,25,2.500,7.240,26.06,11.10,0.00,2,Cruise,13.9183
292.0,25,2.500,7.240,26.06,11.10,0.00,2,Cruise,14.0259
293.0,25,2.500,7.240,26.06,11.10,0.00,2,Cruise,14.1334
294.0,25,2.500,7.240,26.06,11.10,0.00,2,Cruise,14.2410
295.0,25,2.500,7.240,26.06,11.10,0.00,2,Cruise,14.3486
296.0,25,2.500,7.240,26.06,11.10,0.00,2,Cruise,14.4561
297.0,25,2.500,7.240,26.06,11.10,0.00,2,Cruise,14.5637
298.0,25,2.500,7.240,26.06,11.10,0.00,2,Cruise,14.6713
299.0,25,2.500,7.240,26.06,11.10,0.00,2,Cruise,14.7789
300.0,25,2.500,7.240,26.06,11.10,0.00,2,Cruise,14.8864
301.0,25,2.500,7.240,26.06,11.10,0.00,2,Cruise,14.9940
302.0,26,2.600,7.240,26.06,11.10,0.00,1,Coast,15.1016
303.0,26,2.600,7.194,25.90,11.10,0.00,1,Coast,15.1016
304.0,26,2.600,7.148,25.73,11.10,0.00,1,Coast,15.1016
305.0,26,2.600,7.103,25.57,11.10,0.00,1,Coast,15.1016
306.0,26,2.600,7.057,25.41,11.10,0.00,1,Coast,15.1016
307.0,26,2.600,7.011,25.24,11.10,0.00,1,Coast,15.1016
308.0,26,2.600,6.966,25.08,11.10,0.00,1,Coast,15.1016
309.0,26,2.600,6.920,24.91,11.10,0.00,1,Coast,15.1016
310.0,26,2.600,6.875,24.75,11.10,0.00,1,Coast,15.1016
311.0,26,2.600,6.829,24.59,11.10,0.00,1,Coast,15.1016
312.0,26,2.600,6.784,24.42,11.10,0.00,1,Coast,15.1016
313.0,26,2.600,6.739,24.26,11.10,0.00,1,Coast,15.1016
314.0,26,2.600,6.693,24.10,11.10,0.00,1,Coast,15.1016
315.0,26,2.600,6.648,23.93,11.10,0.00,1,Coast,15.1016
316.0,26,2.600,6.603,23.77,11.10,0.00,1,Coast,15.1016
317.0,27,2.700,6.557,23.61,11.10,0.00,1,Coast,15.1016
318.0,27,2.700,6.527,23.50,11.10,0.00,1,Coast,15.1016
319.0,27,2.700,6.496,23.38,11.10,0.00,1,Coast,15.1016
320.0,27,2.700,6.465,23.27,11.10,0.00,1,Coast,15.1016
321.0,27,2.700,6.434,23.16,11.10,0.00,1,Coast,15.1016
322.0,27,2.700,6.404,23.05,11.10,0.00,1,Coast,15.1016
323.0,27,2.700,6.373,22.94,11.10,0.00,1,Coast,15.1016
324.0,27,2.700,6.342,22.83,11.10,0.00,1,Coast,15.1016
325.0,27,2.700,6.312,22.72,11.10,0.00,1,Coast,15.1016
326.0,27,2.700,6.281,22.61,11.10,0.00,1,Coast,15.1016
327.0,27,2.700,6.250,22.50,11.10,0.00,1,Coast,15.1016
328.0,27,2.700,6.220,22.39,11.10,0.00,1,Coast,15.1016
329.0,27,2.700,6.189,22.28,11.10,0.00,1,Coast,15.1016
330.0,27,2.700,6.159,22.17,11.10,0.00,1,Coast,15.1016
331.0,27,2.700,6.128,22.06,11.10,0.00,1,Coast,15.1016
332.0,27,2.700,6.098,21.95,11.10,0.00,1,Coast,15.1016
333.0,28,2.800,6.067,21.84,3.00,3.07,0,Brake,15.1016
334.0,28,2.800,5.267,18.96,3.00,2.27,0,Brake,15.1016
335.0,28,2.800,4.467,16.08,3.00,1.47,0,Brake,15.1016
336.0,28,2.800,3.667,13.20,3.00,0.67,0,Brake,15.1016
337.0,28,2.800,2.867,10.32,3.00,0.00,2,Cruise,15.1016
338.0,28,2.800,2.867,10.32,3.00,0.00,2,Cruise,15.1295
339.0,28,2.800,2.867,10.32,3.00,0.00,2,Cruise,15.1574
340.0,28,2.800,2.867,10.32,3.00,0.00,2,Cruise,15.1853
341.0,28,2.800,2.867,10.32,3.00,0.00,2,Cruise,15.2132
342.0,28,2.800,2.867,10.32,3.00,0.00,2,Cruise,15.2411
343.0,28,2.800,2.867,10.32,3.00,0.00,2,Cruise,15.2690
344.0,28,2.800,2.867,10.32,3.00,0.00,2,Cruise,15.2969
345.0,28,2.800,2.867,10.32,3.00,0.00,2,Cruise,15.3248
346.0,28,2.800,2.867,10.32,3.00,0.00,2,Cruise,15.3527
347.0,28,2.800,2.867,10.32,3.00,0.00,2,Cruise,15.3806
348.0,28,2.800,2.867,10.32,3.00,0.00,2,Cruise,15.4085
349.0,28,2.800,2.867,10.32,3.00,0.00,2,Cruise,15.4364
350.0,28,2.800,2.867,10.32,3.00,0.00,2,Cruise,15.4643
351.0,28,2.800,2.867,10.32,3.00,0.00,2,Cruise,15.4922
352.0,28,2.800,2.867,10.32,3.00,0.00,2,Cruise,15.5201
353.0,28,2.800,2.867,10.32,3.00,0.00,2,Cruise,15.5480
354.0,28,2.800,2.867,10.32,3.00,0.00,2,Cruise,15.5759
355.0,28,2.800,2.867,10.32,3.00,0.00,2,Cruise,15.6038
356.0,28,2.800,2.867,10.32,3.00,0.00,2,Cruise,15.6317
357.0,28,2.800,2.867,10.32,3.00,0.00,2,Cruise,15.6596
358.0,28,2.800,2.867,10.32,3.00,0.00,2,Cruise,15.6875
359.0,28,2.800,2.867,10.32,3.00,0.00,2,Cruise,15.7154
360.0,28,2.800,2.867,10.32,3.00,0.00,2,Cruise,15.7433
361.0,28,2.800,2.867,10.32,3.00,0.00,2,Cruise,15.7711
362.0,28,2.800,2.867,10.32,3.00,0.00,2,Cruise,15.7990
363.0,28,2.800,2.867,10.32,3.00,0.00,2,Cruise,15.8269
364.0,29,2.900,2.867,10.32,1.00,0.00,2,Cruise,15.8548
365.0,29,2.900,2.867,10.32,1.00,0.00,2,Cruise,15.8909
366.0,29,2.900,2.867,10.32,1.00,0.00,2,Cruise,15.9269
367.0,29,2.900,2.867,10.32,1.00,0.00,2,Cruise,15.9630
368.0,29,2.900,2.867,10.32,1.00,0.00,2,Cruise,15.9990
369.0,29,2.900,2.867,10.32,1.00,0.00,2,Cruise,16.0351
370.0,29,2.900,2.867,10.32,1.00,0.00,2,Cruise,16.0711
371.0,29,2.900,2.867,10.32,1.00,0.00,2,Cruise,16.1072
372.0,29,2.900,2.867,10.32,1.00,0.00,2,Cruise,16.1432
373.0,29,2.900,2.867,10.32,1.00,0.00,2,Cruise,16.1793
374.0,29,2.900,2.867,10.32,1.00,0.00,2,Cruise,16.2153
375.0,29,2.900,2.867,10.32,1.00,0.00,2,Cruise,16.2514
376.0,29,2.900,2.867,10.32,1.00,0.00,2,Cruise,16.2874
377.0,29,2.900,2.867,10.32,1.00,0.00,2,Cruise,16.3235
378.0,29,2.900,2.867,10.32,1.00,0.00,2,Cruise,16.3595
379.0,29,2.900,2.867,10.32,1.00,0.00,2,Cruise,16.3956
380.0,29,2.900,2.867,10.32,1.00,0.00,2,Cruise,16.4316
381.0,29,2.900,2.867,10.32,1.00,0.00,2,Cruise,16.4677
382.0,29,2.900,2.867,10.32,1.00,0.00,2,Cruise,16.5037
383.0,29,2.900,2.867,10.32,1.00,0.00,2,Cruise,16.5397
384.0,29,2.900,2.867,10.32,1.00,0.00,2,Cruise,16.5758
385.0,29,2.900,2.867,10.32,1.00,0.00,2,Cruise,16.6118
386.0,29,2.900,2.867,10.32,1.00,0.00,2,Cruise,16.6479
387.0,29,2.900,2.867,10.32,1.00,0.00,2,Cruise,16.6839
388.0,29,2.900,2.867,10.32,1.00,0.00,2,Cruise,16.7200
389.0,29,2.900,2.867,10.32,1.00,0.00,2,Cruise,16.7560
390.0,29,2.900,2.867,10.32,1.00,0.00,2,Cruise,16.7921
391.0,29,2.900,2.867,10.32,1.00,0.00,2,Cruise,16.8281
392.0,29,2.900,2.867,10.32,1.00,0.00,2,Cruise,16.8642
393.0,29,2.900,2.867,10.32,1.00,0.00,2,Cruise,16.9002
394.0,29,2.900,2.867,10.32,1.00,0.00,2,Cruise,16.9363
395.0,29,2.900,2.867,10.32,1.00,0.00,2,Cruise,16.9723
396.0,29,2.900,2.867,10.32,1.00,0.00,2,Cruise,17.0084
397.0,29,2.900,2.867,10.32,1.00,0.00,2,Cruise,17.0444
398.0,29,2.900,2.867,10.32,1.00,0.00,2,Cruise,17.0805
399.0,30,3.000,2.867,10.32,3.00,0.00,2,Cruise,17.1165
400.0,30,3.000,2.876,10.35,3.00,0.00,2,Cruise,17.1165
401.0,30,3.000,2.885,10.39,3.00,0.00,2,Cruise,17.1165
402.0,30,3.000,2.894,10.42,3.00,0.00,2,Cruise,17.1165
403.0,30,3.000,2.903,10.45,3.00,0.00,2,Cruise,17.1165
404.0,30,3.000,2.912,10.48,3.00,0.00,2,Cruise,17.1165
405.0,30,3.000,2.921,10.52,3.00,0.00,2,Cruise,17.1165
406.0,30,3.000,2.930,10.55,3.00,0.00,2,Cruise,17.1165
407.0,30,3.000,2.940,10.58,3.00,0.00,2,Cruise,17.1165
408.0,30,3.000,2.949,10.61,3.00,0.00,2,Cruise,17.1165
409.0,30,3.000,2.958,10.65,3.00,0.00,2,Cruise,17.1165
410.0,30,3.000,2.967,10.68,3.00,0.00,2,Cruise,17.1165
411.0,30,3.000,2.976,10.71,3.00,0.00,2,Cruise,17.1165
412.0,30,3.000,2.985,10.74,3.00,0.00,2,Cruise,17.1165
413.0,30,3.000,2.994,10.78,3.00,0.00,2,Cruise,17.1165
414.0,30,3.000,3.003,10.81,3.00,0.00,2,Cruise,17.1165
415.0,30,3.000,3.012,10.84,3.00,0.01,2,Cruise,17.1165
416.0,30,3.000,3.020,10.87,3.00,0.02,2,Cruise,17.1165
417.0,30,3.000,3.029,10.91,3.00,0.03,2,Cruise,17.1165
418.0,30,3.000,3.038,10.94,3.00,0.04,2,Cruise,17.1165
419.0,30,3.000,3.047,10.97,3.00,0.05,2,Cruise,17.1165
420.0,30,3.000,3.056,11.00,3.00,0.06,2,Cruise,17.1165
421.0,30,3.000,3.065,11.04,3.00,0.07,2,Cruise,17.1165
422.0,30,3.000,3.074,11.07,3.00,0.07,2,Cruise,17.1165
423.0,30,3.000,3.083,11.10,3.00,0.08,2,Cruise,17.1165
424.0,30,3.000,3.092,11.13,3.00,0.09,2,Cruise,17.1165
425.0,30,3.000,3.101,11.16,3.00,0.10,2,Cruise,17.1165
426.0,30,3.000,3.110,11.20,3.00,0.11,2,Cruise,17.1165
427.0,30,3.000,3.119,11.23,3.00,0.12,2,Cruise,17.1165
428.0,30,3.000,3.128,11.26,3.00,0.13,2,Cruise,17.1165
429.0,30,3.000,3.137,11.29,3.00,0.14,2,Cruise,17.1165
430.0,30,3.000,3.146,11.32,3.00,0.15,2,Cruise,17.1165
431.0,30,3.000,3.155,11.36,3.00,0.15,2,Cruise,17.1165
432.0,31,3.100,3.164,11.39,19.40,0.00,3,Power,17.1165
433.0,31,3.100,3.764,13.55,19.40,0.00,3,Power,18.2235
434.0,31,3.100,4.364,15.71,19.40,0.00,3,Power,19.3152
435.0,31,3.100,4.964,17.87,19.40,0.00,3,Power,20.3958
436.0,31,3.100,5.564,20.03,19.40,0.00,3,Power,21.4681
437.0,31,3.100,6.164,22.19,19.40,0.00,3,Power,22.5337
438.0,31,3.100,6.764,24.35,19.40,0.00,3,Power,23.5940
439.0,31,3.100,7.364,26.51,19.40,0.00,3,Power,24.6500
440.0,31,3.100,7.964,28.67,19.40,0.00,3,Power,25.7023
441.0,31,3.100,8.564,30.83,19.40,0.00,3,Power,26.7515
442.0,31,3.100,9.164,32.99,19.40,0.00,3,Power,27.7980
443.0,31,3.100,9.764,35.15,19.40,0.00,3,Power,28.8422
444.0,31,3.100,10.364,37.31,19.40,0.00,3,Power,29.8844
445.0,31,3.100,10.855,39.08,19.40,0.00,3,Power,30.6333
446.0,32,3.200,11.346,40.85,19.40,0.00,3,Power,31.4169
447.0,32,3.200,11.878,42.76,19.40,0.00,3,Power,32.2366
448.0,32,3.200,12.409,44.67,19.40,0.00,3,Power,33.0938
449.0,32,3.200,12.939,46.58,19.40,0.00,3,Power,33.9884
450.0,32,3.200,13.469,48.49,19.40,0.00,3,Power,34.9205
451.0,32,3.200,13.998,50.39,19.40,0.00,3,Power,35.8899
452.0,32,3.200,14.527,52.30,19.40,0.00,3,Power,36.8967
453.0,32,3.200,15.047,54.17,19.40,0.00,3,Power,37.9259
454.0,33,3.300,15.545,55.96,19.40,0.00,3,Power,38.9537
455.0,33,3.300,16.042,57.75,19.40,0.00,3,Power,39.9810
456.0,33,3.300,16.522,59.48,19.40,0.00,3,Power,41.0072
457.0,33,3.300,16.985,61.15,19.40,0.00,3,Power,42.0325
458.0,33,3.300,17.434,62.76,19.40,0.00,1,Coast,43.0570
459.0,33,3.300,17.376,62.55,19.40,0.00,1,Coast,43.0570
460.0,34,3.400,17.318,62.34,19.40,0.00,1,Coast,43.0570
461.0,34,3.400,17.282,62.21,19.40,0.00,1,Coast,43.0570
462.0,34,3.400,17.246,62.09,19.40,0.00,1,Coast,43.0570
463.0,34,3.400,17.210,61.96,19.40,0.00,1,Coast,43.0570
464.0,34,3.400,17.175,61.83,19.40,0.00,1,Coast,43.0570
465.0,34,3.400,17.139,61.70,19.40,0.00,1,Coast,43.0570
466.0,35,3.500,17.104,61.57,19.40,0.00,3,Power,43.0570
467.0,35,3.500,17.526,63.09,19.40,0.00,1,Coast,44.0806
468.0,35,3.500,17.445,62.80,19.40,0.00,3,Power,44.0806
469.0,35,3.500,17.857,64.28,19.40,0.00,1,Coast,45.1036
470.0,35,3.500,17.776,63.99,19.40,0.00,1,Coast,45.1036
471.0,36,3.600,17.694,63.70,19.40,0.00,1,Coast,45.1036
472.0,36,3.600,17.599,63.36,19.40,0.00,1,Coast,45.1036
473.0,36,3.600,17.505,63.02,19.40,0.00,1,Coast,45.1036
474.0,36,3.600,17.410,62.68,19.40,0.00,3,Power,45.1036
475.0,36,3.600,17.809,64.11,19.40,0.00,1,Coast,46.1263
476.0,36,3.600,17.714,63.77,19.40,0.00,1,Coast,46.1263
477.0,37,3.700,17.620,63.43,19.40,0.00,1,Coast,46.1263
478.0,37,3.700,17.554,63.19,19.40,0.00,1,Coast,46.1263
479.0,37,3.700,17.488,62.96,19.40,0.00,1,Coast,46.1263
480.0,37,3.700,17.422,62.72,19.40,0.00,1,Coast,46.1263
481.0,37,3.700,17.356,62.48,19.40,0.00,1,Coast,46.1263
482.0,37,3.700,17.290,62.25,19.40,0.00,3,Power,46.1263
483.0,38,3.800,17.722,63.80,19.40,0.00,1,Coast,47.1501
484.0,38,3.800,17.634,63.48,19.40,0.00,1,Coast,47.1501
485.0,38,3.800,17.546,63.16,19.40,0.00,1,Coast,47.1501
486.0,38,3.800,17.458,62.85,19.40,0.00,1,Coast,47.1501
487.0,38,3.800,17.370,62.53,19.40,0.00,1,Coast,47.1501
488.0,39,3.900,17.282,62.22,19.40,0.00,1,Coast,47.1501
489.0,39,3.900,17.228,62.02,19.40,0.00,1,Coast,47.1501
490.0,39,3.900,17.174,61.82,19.40,0.00,1,Coast,47.1501
491.0,39,3.900,17.119,61.63,19.40,0.00,1,Coast,47.1501
492.0,39,3.900,17.065,61.43,19.40,0.00,1,Coast,47.1501
493.0,39,3.900,17.011,61.24,19.40,0.00,1,Coast,47.1501
494.0,40,4.000,16.957,61.05,19.40,0.00,1,Coast,47.1501
495.0,40,4.000,16.884,60.78,19.40,0.00,1,Coast,47.1501
496.0,40,4.000,16.812,60.52,19.40,0.00,1,Coast,47.1501
497.0,40,4.000,16.739,60.26,19.40,0.00,1,Coast,47.1501
498.0,40,4.000,16.666,60.00,19.40,0.00,1,Coast,47.1501
499.0,40,4.000,16.594,59.74,19.40,0.00,1,Coast,47.1501
500.0,41,4.100,16.522,59.48,19.40,0.00,1,Coast,47.1501
501.0,41,4.100,16.438,59.18,19.40,0.00,1,Coast,47.1501
502.0,41,4.100,16.355,58.88,19.40,0.00,1,Coast,47.1501
503.0,41,4.100,16.272,58.58,19.40,0.00,1,Coast,47.1501
504.0,41,4.100,16.189,58.28,19.40,0.00,1,Coast,47.1501
505.0,41,4.100,16.106,57.98,19.40,0.00,1,Coast,47.1501
506.0,42,4.200,16.023,57.68,19.40,0.00,1,Coast,47.1501
507.0,42,4.200,15.969,57.49,19.40,0.00,1,Coast,47.1501
508.0,42,4.200,15.916,57.30,19.40,0.00,1,Coast,47.1501
509.0,42,4.200,15.862,57.10,19.40,0.00,1,Coast,47.1501
510.0,42,4.200,15.808,56.91,19.40,0.00,1,Coast,47.1501
511.0,42,4.200,15.755,56.72,19.40,0.00,1,Coast,47.1501
512.0,42,4.200,15.701,56.52,19.40,0.00,1,Coast,47.1501
513.0,43,4.300,15.648,56.33,19.40,0.00,1,Coast,47.1501
514.0,43,4.300,15.570,56.05,19.40,0.00,1,Coast,47.1501
515.0,43,4.300,15.492,55.77,19.40,0.00,1,Coast,47.1501
516.0,43,4.300,15.413,55.49,19.40,0.00,1,Coast,47.1501
517.0,43,4.300,15.335,55.21,19.40,0.00,1,Coast,47.1501
518.0,43,4.300,15.258,54.93,19.40,0.00,1,Coast,47.1501
519.0,44,4.400,15.180,54.65,19.40,0.00,1,Coast,47.1501
520.0,44,4.400,15.148,54.53,19.40,0.00,1,Coast,47.1501
521.0,44,4.400,15.117,54.42,19.40,0.00,3,Power,47.1501
522.0,44,4.400,15.654,56.35,19.40,0.00,1,Coast,48.1791
523.0,44,4.400,15.622,56.24,19.40,0.00,1,Coast,48.1791
524.0,44,4.400,15.590,56.12,19.40,0.00,1,Coast,48.1791
525.0,44,4.400,15.558,56.01,19.40,0.00,1,Coast,48.1791
526.0,45,4.500,15.526,55.89,19.40,0.00,3,Power,48.1791
527.0,45,4.500,15.935,57.37,19.40,0.00,1,Coast,49.2036
528.0,45,4.500,15.791,56.85,19.40,0.00,1,Coast,49.2036
529.0,45,4.500,15.646,56.33,19.40,0.00,3,Power,49.2036
530.0,45,4.500,16.052,57.79,19.40,0.00,1,Coast,50.2278
531.0,45,4.500,15.907,57.27,19.40,0.00,1,Coast,50.2278
532.0,46,4.600,15.763,56.75,19.40,0.00,1,Coast,50.2278
533.0,46,4.600,15.703,56.53,19.40,0.00,1,Coast,50.2278
534.0,46,4.600,15.644,56.32,19.40,0.00,1,Coast,50.2278
535.0,46,4.600,15.585,56.11,19.40,0.00,1,Coast,50.2278
536.0,46,4.600,15.526,55.89,19.40,0.00,1,Coast,50.2278
537.0,46,4.600,15.467,55.68,19.40,0.00,1,Coast,50.2278
538.0,47,4.700,15.408,55.47,19.40,0.00,1,Coast,50.2278
539.0,47,4.700,15.342,55.23,19.40,0.00,1,Coast,50.2278
540.0,47,4.700,15.276,54.99,19.40,0.00,1,Coast,50.2278
541.0,47,4.700,15.210,54.76,19.40,0.00,1,Coast,50.2278
542.0,47,4.700,15.145,54.52,19.40,0.00,1,Coast,50.2278
543.0,47,4.700,15.079,54.28,19.40,0.00,1,Coast,50.2278
544.0,47,4.700,15.013,54.05,19.40,0.00,1,Coast,50.2278
545.0,48,4.800,14.948,53.81,19.40,0.00,1,Coast,50.2278
546.0,48,4.800,14.909,53.67,19.40,0.00,1,Coast,50.2278
547.0,48,4.800,14.870,53.53,19.40,0.00,1,Coast,50.2278
548.0,48,4.800,14.831,53.39,19.40,0.00,1,Coast,50.2278
549.0,48,4.800,14.792,53.25,19.40,0.00,1,Coast,50.2278
550.0,48,4.800,14.754,53.11,19.40,0.00,1,Coast,50.2278
551.0,48,4.800,14.715,52.97,19.40,0.00,1,Coast,50.2278
552.0,49,4.900,14.676,52.83,19.40,0.00,1,Coast,50.2278
553.0,49,4.900,14.587,52.51,19.40,0.00,1,Coast,50.2278
554.0,49,4.900,14.498,52.19,19.40,0.00,1,Coast,50.2278
555.0,49,4.900,14.409,51.87,19.40,0.00,1,Coast,50.2278
556.0,49,4.900,14.320,51.55,19.40,0.00,1,Coast,50.2278
557.0,49,4.900,14.231,51.23,19.40,0.00,1,Coast,50.2278
558.0,49,4.900,14.143,50.91,19.40,0.00,1,Coast,50.2278
559.0,50,5.000,14.054,50.59,19.40,0.00,1,Coast,50.2278
560.0,50,5.000,13.950,50.22,19.40,0.00,1,Coast,50.2278
561.0,50,5.000,13.845,49.84,19.40,0.00,1,Coast,50.2278
562.0,50,5.000,13.741,49.47,19.40,0.00,1,Coast,50.2278
563.0,50,5.000,13.637,49.09,19.40,0.00,1,Coast,50.2278
564.0,50,5.000,13.533,48.72,19.40,0.00,1,Coast,50.2278
565.0,50,5.000,13.429,48.34,19.40,0.00,1,Coast,50.2278
566.0,51,5.100,13.325,47.97,19.40,0.00,1,Coast,50.2278
567.0,51,5.100,13.213,47.57,19.40,0.00,1,Coast,50.2278
568.0,51,5.100,13.102,47.17,19.40,0.00,1,Coast,50.2278
569.0,51,5.100,12.991,46.77,19.40,0.00,1,Coast,50.2278
570.0,51,5.100,12.880,46.37,19.40,0.00,1,Coast,50.2278
571.0,51,5.100,12.769,45.97,19.40,0.00,1,Coast,50.2278
572.0,51,5.100,12.659,45.57,19.40,0.00,1,Coast,50.2278
573.0,51,5.100,12.548,45.17,19.40,0.00,1,Coast,50.2278
574.0,52,5.200,12.438,44.78,19.40,0.00,2,Cruise,50.2278
575.0,52,5.200,12.438,44.78,19.40,0.00,2,Cruise,50.2666
576.0,52,5.200,12.438,44.78,19.40,0.00,2,Cruise,50.3054
577.0,52,5.200,12.438,44.78,19.40,0.00,2,Cruise,50.3442
578.0,52,5.200,12.438,44.78,19.40,0.00,2,Cruise,50.3830
579.0,52,5.200,12.438,44.78,19.40,0.00,2,Cruise,50.4218
580.0,52,5.200,12.438,44.78,19.40,0.00,2,Cruise,50.4606
581.0,52,5.200,12.438,44.78,19.40,0.00,2,Cruise,50.4995
582.0,53,5.300,12.438,44.78,19.40,0.00,1,Coast,50.5383
583.0,53,5.300,12.351,44.46,19.40,0.00,1,Coast,50.5383
584.0,53,5.300,12.265,44.15,19.40,0.00,1,Coast,50.5383
585.0,53,5.300,12.179,43.84,19.40,0.00,1,Coast,50.5383
586.0,53,5.300,12.093,43.53,19.40,0.00,1,Coast,50.5383
587.0,53,5.300,12.007,43.23,19.40,0.00,1,Coast,50.5383
588.0,53,5.300,11.921,42.92,19.40,0.00,1,Coast,50.5383
589.0,53,5.300,11.835,42.61,19.40,0.00,1,Coast,50.5383
590.0,54,5.400,11.750,42.30,19.40,0.00,1,Coast,50.5383
591.0,54,5.400,11.671,42.01,19.40,0.00,1,Coast,50.5383
592.0,54,5.400,11.592,41.73,19.40,0.00,1,Coast,50.5383
593.0,54,5.400,11.513,41.45,19.40,0.00,1,Coast,50.5383
594.0,54,5.400,11.434,41.16,19.40,0.00,1,Coast,50.5383
595.0,54,5.400,11.355,40.88,19.40,0.00,1,Coast,50.5383
596.0,54,5.400,11.276,40.59,19.40,0.00,1,Coast,50.5383
597.0,54,5.400,11.198,40.31,19.40,0.00,1,Coast,50.5383
598.0,54,5.400,11.119,40.03,19.40,0.00,1,Coast,50.5383
599.0,55,5.500,11.041,39.75,19.40,0.00,2,Cruise,50.5383
600.0,55,5.500,11.041,39.75,19.40,0.00,2,Cruise,50.5438
601.0,55,5.500,11.041,39.75,19.40,0.00,2,Cruise,50.5494
602.0,55,5.500,11.041,39.75,19.40,0.00,2,Cruise,50.5550
603.0,55,5.500,11.041,39.75,19.40,0.00,2,Cruise,50.5606
604.0,55,5.500,11.041,39.75,19.40,0.00,2,Cruise,50.5662
605.0,55,5.500,11.041,39.75,19.40,0.00,2,Cruise,50.5718
606.0,55,5.500,11.041,39.75,19.40,0.00,2,Cruise,50.5773
607.0,55,5.500,11.041,39.75,19.40,0.00,2,Cruise,50.5829
608.0,56,5.600,11.041,39.75,19.40,0.00,2,Cruise,50.5885
609.0,56,5.600,11.191,40.29,19.40,0.00,2,Cruise,50.5885
610.0,56,5.600,11.342,40.83,19.40,0.00,2,Cruise,50.5885
611.0,56,5.600,11.492,41.37,19.40,0.00,2,Cruise,50.5885
612.0,56,5.600,11.643,41.91,19.40,0.00,2,Cruise,50.5885
613.0,56,5.600,11.793,42.45,19.40,0.00,2,Cruise,50.5885
614.0,56,5.600,11.943,42.99,19.40,0.00,2,Cruise,50.5885
615.0,56,5.600,12.093,43.53,19.40,0.00,2,Cruise,50.5885
616.0,57,5.700,12.242,44.07,19.40,0.00,1,Coast,50.5885
617.0,57,5.700,11.899,42.84,19.40,0.00,1,Coast,50.5885
618.0,57,5.700,11.556,41.60,19.40,0.00,1,Coast,50.5885
619.0,57,5.700,11.213,40.37,19.40,0.00,1,Coast,50.5885
620.0,57,5.700,10.870,39.13,19.40,0.00,1,Coast,50.5885
621.0,57,5.700,10.528,37.90,19.40,0.00,1,Coast,50.5885
622.0,57,5.700,10.187,36.67,19.40,0.00,1,Coast,50.5885
623.0,57,5.700,9.845,35.44,19.40,0.00,1,Coast,50.5885
624.0,57,5.700,9.504,34.21,19.40,0.00,1,Coast,50.5885
625.0,57,5.700,9.163,32.99,19.40,0.00,1,Coast,50.5885
626.0,58,5.800,8.823,31.76,19.40,0.00,1,Coast,50.5885
627.0,58,5.800,8.772,31.58,19.40,0.00,1,Coast,50.5885
628.0,58,5.800,8.721,31.40,19.40,0.00,1,Coast,50.5885
629.0,58,5.800,8.670,31.21,19.40,0.00,1,Coast,50.5885
630.0,58,5.800,8.620,31.03,19.40,0.00,1,Coast,50.5885
631.0,58,5.800,8.569,30.85,19.40,0.00,1,Coast,50.5885
632.0,58,5.800,8.518,30.67,19.40,0.00,1,Coast,50.5885
633.0,58,5.800,8.468,30.48,19.40,0.00,1,Coast,50.5885
634.0,58,5.800,8.417,30.30,19.40,0.00,1,Coast,50.5885
635.0,58,5.800,8.367,30.12,19.40,0.00,1,Coast,50.5885
636.0,58,5.800,8.316,29.94,19.40,0.00,1,Coast,50.5885
637.0,59,5.900,8.266,29.76,19.40,0.00,1,Coast,50.5885
638.0,59,5.900,8.230,29.63,19.40,0.00,1,Coast,50.5885
639.0,59,5.900,8.195,29.50,19.40,0.00,1,Coast,50.5885
640.0,59,5.900,8.160,29.38,19.40,0.00,1,Coast,50.5885
641.0,59,5.900,8.125,29.25,19.40,0.00,1,Coast,50.5885
642.0,59,5.900,8.089,29.12,19.40,0.00,1,Coast,50.5885
643.0,59,5.900,8.054,29.00,19.40,0.00,1,Coast,50.5885
644.0,59,5.900,8.019,28.87,19.40,0.00,1,Coast,50.5885
645.0,59,5.900,7.984,28.74,19.40,0.00,1,Coast,50.5885
646.0,59,5.900,7.949,28.62,19.40,0.00,1,Coast,50.5885
647.0,59,5.900,7.914,28.49,19.40,0.00,1,Coast,50.5885
648.0,59,5.900,7.879,28.36,19.40,0.00,1,Coast,50.5885
649.0,59,5.900,7.844,28.24,19.40,0.00,1,Coast,50.5885
650.0,60,6.000,7.809,28.11,19.40,0.00,1,Coast,50.5885
651.0,60,6.000,7.752,27.91,19.40,0.00,1,Coast,50.5885
652.0,60,6.000,7.695,27.70,19.40,0.00,1,Coast,50.5885
653.0,60,6.000,7.638,27.50,19.40,0.00,1,Coast,50.5885
654.0,60,6.000,7.582,27.29,19.40,0.00,1,Coast,50.5885
655.0,60,6.000,7.525,27.09,19.40,0.00,1,Coast,50.5885
656.0,60,6.000,7.468,26.89,19.40,0.00,1,Coast,50.5885
657.0,60,6.000,7.412,26.68,19.40,0.00,1,Coast,50.5885
658.0,60,6.000,7.355,26.48,19.40,0.00,1,Coast,50.5885
659.0,60,6.000,7.298,26.27,19.40,0.00,1,Coast,50.5885
660.0,60,6.000,7.242,26.07,19.40,0.00,1,Coast,50.5885
661.0,60,6.000,7.185,25.87,19.40,0.00,1,Coast,50.5885
662.0,60,6.000,7.129,25.66,19.40,0.00,1,Coast,50.5885
663.0,61,6.100,7.073,25.46,19.40,0.00,1,Coast,50.5885
664.0,61,6.100,6.984,25.14,19.40,0.00,1,Coast,50.5885
665.0,61,6.100,6.895,24.82,19.40,0.00,1,Coast,50.5885
666.0,61,6.100,6.806,24.50,19.40,0.00,1,Coast,50.5885
667.0,61,6.100,6.717,24.18,19.40,0.00,1,Coast,50.5885
668.0,61,6.100,6.628,23.86,19.40,0.00,1,Coast,50.5885
669.0,61,6.100,6.540,23.54,19.40,0.00,1,Coast,50.5885
670.0,61,6.100,6.451,23.22,19.40,0.00,1,Coast,50.5885
671.0,61,6.100,6.363,22.91,19.40,0.00,1,Coast,50.5885
672.0,61,6.100,6.274,22.59,19.40,0.00,1,Coast,50.5885
673.0,61,6.100,6.186,22.27,19.40,0.00,1,Coast,50.5885
674.0,61,6.100,6.097,21.95,19.40,0.00,1,Coast,50.5885
675.0,61,6.100,6.009,21.63,19.40,0.00,1,Coast,50.5885
676.0,61,6.100,5.921,21.31,19.40,0.00,1,Coast,50.5885
677.0,61,6.100,5.833,21.00,19.40,0.00,1,Coast,50.5885
678.0,61,6.100,5.745,20.68,19.40,0.00,1,Coast,50.5885
679.0,62,6.200,5.657,20.36,19.40,0.00,1,Coast,50.5885
680.0,62,6.200,5.538,19.94,19.40,0.00,1,Coast,50.5885
681.0,62,6.200,5.420,19.51,19.40,0.00,1,Coast,50.5885
682.0,62,6.200,5.302,19.09,19.40,0.00,1,Coast,50.5885
683.0,62,6.200,5.184,18.66,19.40,0.00,1,Coast,50.5885
684.0,62,6.200,5.066,18.24,19.40,0.00,1,Coast,50.5885
685.0,62,6.200,4.948,17.81,19.40,0.00,1,Coast,50.5885
686.0,62,6.200,4.831,17.39,19.40,0.00,1,Coast,50.5885
687.0,62,6.200,4.713,16.97,19.40,0.00,1,Coast,50.5885
688.0,62,6.200,4.595,16.54,19.40,0.00,1,Coast,50.5885
689.0,62,6.200,4.478,16.12,19.40,0.00,1,Coast,50.5885
690.0,62,6.200,4.360,15.70,19.40,0.00,1,Coast,50.5885
691.0,62,6.200,4.243,15.27,19.40,0.00,1,Coast,50.5885
692.0,62,6.200,4.125,14.85,19.40,0.00,1,Coast,50.5885
693.0,62,6.200,4.008,14.43,19.40,0.00,1,Coast,50.5885
694.0,62,6.200,3.891,14.01,19.40,0.00,1,Coast,50.5885
695.0,62,6.200,3.774,13.59,19.40,0.00,3,Power,50.5885
696.0,62,6.200,4.374,15.75,19.40,0.00,1,Coast,51.6800
697.0,62,6.200,4.256,15.32,19.40,0.00,1,Coast,51.6800
698.0,62,6.200,4.139,14.90,19.40,0.00,1,Coast,51.6800
699.0,62,6.200,4.022,14.48,19.40,0.00,1,Coast,51.6800
700.0,63,6.300,3.905,14.06,19.40,0.00,2,Cruise,51.6800
701.0,63,6.300,4.008,14.43,19.40,0.00,2,Cruise,51.6800
702.0,63,6.300,4.112,14.80,19.40,0.00,2,Cruise,51.6800
703.0,63,6.300,4.215,15.18,19.40,0.00,2,Cruise,51.6800
704.0,63,6.300,4.319,15.55,19.40,0.00,2,Cruise,51.6800
705.0,63,6.300,4.422,15.92,19.40,0.00,2,Cruise,51.6800
706.0,63,6.300,4.525,16.29,19.40,0.00,2,Cruise,51.6800
707.0,63,6.300,4.629,16.66,19.40,0.00,2,Cruise,51.6800
708.0,63,6.300,4.732,17.03,19.40,0.00,2,Cruise,51.6800
709.0,63,6.300,4.835,17.41,19.40,0.00,2,Cruise,51.6800
710.0,63,6.300,4.938,17.78,19.40,0.00,2,Cruise,51.6800
711.0,63,6.300,5.041,18.15,19.40,0.00,2,Cruise,51.6800
712.0,63,6.300,5.144,18.52,19.40,0.00,2,Cruise,51.6800
713.0,63,6.300,5.247,18.89,19.40,0.00,2,Cruise,51.6800
714.0,63,6.300,5.350,19.26,19.40,0.00,2,Cruise,51.6800
715.0,63,6.300,5.452,19.63,19.40,0.00,2,Cruise,51.6800
716.0,63,6.300,5.555,20.00,19.40,0.00,2,Cruise,51.6800
717.0,63,6.300,5.657,20.37,19.40,0.00,2,Cruise,51.6800
718.0,63,6.300,5.760,20.74,19.40,0.00,2,Cruise,51.6800
719.0,63,6.300,5.862,21.10,19.40,0.00,2,Cruise,51.6800
720.0,63,6.300,5.965,21.47,19.40,0.00,2,Cruise,51.6800
721.0,64,6.400,6.067,21.84,19.40,0.00,2,Cruise,51.6800
722.0,64,6.400,6.114,22.01,19.40,0.00,2,Cruise,51.6800
723.0,64,6.400,6.162,22.18,19.40,0.00,2,Cruise,51.6800
724.0,64,6.400,6.209,22.35,19.40,0.00,2,Cruise,51.6800
725.0,64,6.400,6.256,22.52,19.40,0.00,2,Cruise,51.6800
726.0,64,6.400,6.303,22.69,19.40,0.00,2,Cruise,51.6800
727.0,64,6.400,6.350,22.86,19.40,0.00,2,Cruise,51.6800
728.0,64,6.400,6.397,23.03,19.40,0.00,2,Cruise,51.6800
729.0,64,6.400,6.444,23.20,19.40,0.00,2,Cruise,51.6800
730.0,64,6.400,6.491,23.37,19.40,0.00,2,Cruise,51.6800
731.0,64,6.400,6.538,23.54,19.40,0.00,2,Cruise,51.6800
732.0,64,6.400,6.585,23.71,19.40,0.00,2,Cruise,51.6800
733.0,64,6.400,6.632,23.88,19.40,0.00,2,Cruise,51.6800
734.0,64,6.400,6.679,24.04,19.40,0.00,2,Cruise,51.6800
735.0,64,6.400,6.726,24.21,19.40,0.00,2,Cruise,51.6800
736.0,65,6.500,6.772,24.38,3.00,3.77,0,Brake,51.6800
737.0,65,6.500,5.972,21.50,3.00,2.97,0,Brake,51.6800
738.0,65,6.500,5.172,18.62,3.00,2.17,0,Brake,51.6800
739.0,65,6.500,4.372,15.74,3.00,1.37,0,Brake,51.6800
740.0,65,6.500,3.572,12.86,3.00,0.57,0,Brake,51.6800
741.0,65,6.500,2.772,9.98,3.00,0.00,0,Brake,51.6800
742.0,65,6.500,1.972,7.10,3.00,0.00,1,Coast,51.6800
743.0,65,6.500,1.961,7.06,3.00,0.00,1,Coast,51.6800
744.0,65,6.500,1.949,7.02,3.00,0.00,1,Coast,51.6800
745.0,65,6.500,1.937,6.97,3.00,0.00,1,Coast,51.6800
746.0,65,6.500,1.926,6.93,3.00,0.00,1,Coast,51.6800
747.0,65,6.500,1.914,6.89,3.00,0.00,1,Coast,51.6800
748.0,65,6.500,1.902,6.85,3.00,0.00,1,Coast,51.6800
749.0,65,6.500,1.891,6.81,3.00,0.00,1,Coast,51.6800
750.0,65,6.500,1.879,6.76,3.00,0.00,1,Coast,51.6800
751.0,65,6.500,1.867,6.72,3.00,0.00,1,Coast,51.6800
752.0,65,6.500,1.856,6.68,3.00,0.00,1,Coast,51.6800
753.0,65,6.500,1.844,6.64,3.00,0.00,1,Coast,51.6800
754.0,65,6.500,1.832,6.60,3.00,0.00,1,Coast,51.6800
755.0,65,6.500,1.821,6.55,3.00,0.00,1,Coast,51.6800
756.0,65,6.500,1.809,6.51,3.00,0.00,1,Coast,51.6800
757.0,65,6.500,1.797,6.47,3.00,0.00,1,Coast,51.6800
758.0,65,6.500,1.786,6.43,3.00,0.00,1,Coast,51.6800
759.0,65,6.500,1.774,6.39,3.00,0.00,1,Coast,51.6800
760.0,65,6.500,1.763,6.35,3.00,0.00,1,Coast,51.6800
761.0,65,6.500,1.751,6.30,3.00,0.00,1,Coast,51.6800
762.0,65,6.500,1.739,6.26,3.00,0.00,1,Coast,51.6800
763.0,65,6.500,1.728,6.22,3.00,0.00,1,Coast,51.6800
764.0,65,6.500,1.716,6.18,3.00,0.00,1,Coast,51.6800
765.0,65,6.500,1.705,6.14,3.00,0.00,1,Coast,51.6800
766.0,65,6.500,1.693,6.09,3.00,0.00,1,Coast,51.6800
767.0,65,6.500,1.681,6.05,3.00,0.00,1,Coast,51.6800
768.0,65,6.500,1.670,6.01,3.00,0.00,1,Coast,51.6800
769.0,65,6.500,1.658,5.97,3.00,0.00,1,Coast,51.6800
770.0,65,6.500,1.647,5.93,3.00,0.00,1,Coast,51.6800
771.0,65,6.500,1.635,5.89,3.00,0.00,1,Coast,51.6800
772.0,65,6.500,1.624,5.85,3.00,0.00,1,Coast,51.6800
773.0,65,6.500,1.612,5.80,3.00,0.00,1,Coast,51.6800
774.0,65,6.500,1.601,5.76,3.00,0.00,1,Coast,51.6800
775.0,65,6.500,1.589,5.72,3.00,0.00,1,Coast,51.6800
776.0,65,6.500,1.578,5.68,3.00,0.00,1,Coast,51.6800
777.0,65,6.500,1.566,5.64,3.00,0.00,1,Coast,51.6800
778.0,65,6.500,1.555,5.60,3.00,0.00,1,Coast,51.6800
779.0,65,6.500,1.543,5.55,3.00,0.00,1,Coast,51.6800
780.0,65,6.500,1.531,5.51,3.00,0.00,1,Coast,51.6800
781.0,65,6.500,1.520,5.47,3.00,0.00,1,Coast,51.6800
782.0,65,6.500,1.508,5.43,3.00,0.00,1,Coast,51.6800
783.0,65,6.500,1.497,5.39,3.00,0.00,1,Coast,51.6800
784.0,66,6.600,1.486,5.35,1.00,0.00,2,Cruise,51.6800
785.0,66,6.600,1.493,5.37,1.00,0.00,2,Cruise,51.6800
786.0,66,6.600,1.500,5.40,1.00,0.00,2,Cruise,51.6800
787.0,66,6.600,1.507,5.43,1.00,0.00,2,Cruise,51.6800
788.0,66,6.600,1.514,5.45,1.00,0.00,2,Cruise,51.6800
789.0,66,6.600,1.522,5.48,1.00,0.00,2,Cruise,51.6800
790.0,66,6.600,1.529,5.50,1.00,0.00,2,Cruise,51.6800
791.0,66,6.600,1.536,5.53,1.00,0.00,2,Cruise,51.6800
792.0,66,6.600,1.543,5.56,1.00,0.00,2,Cruise,51.6800
793.0,66,6.600,1.551,5.58,1.00,0.00,2,Cruise,51.6800
794.0,66,6.600,1.558,5.61,1.00,0.00,2,Cruise,51.6800
795.0,66,6.600,1.565,5.63,1.00,0.00,2,Cruise,51.6800
796.0,66,6.600,1.572,5.66,1.00,0.00,2,Cruise,51.6800
797.0,66,6.600,1.579,5.69,1.00,0.00,2,Cruise,51.6800
798.0,66,6.600,1.587,5.71,1.00,0.00,2,Cruise,51.6800
799.0,66,6.600,1.594,5.74,1.00,0.00,2,Cruise,51.6800
800.0,66,6.600,1.601,5.76,1.00,0.00,2,Cruise,51.6800
801.0,66,6.600,1.608,5.79,1.00,0.00,2,Cruise,51.6800
802.0,66,6.600,1.615,5.82,1.00,0.00,2,Cruise,51.6800
803.0,66,6.600,1.623,5.84,1.00,0.00,2,Cruise,51.6800
804.0,66,6.600,1.630,5.87,1.00,0.00,2,Cruise,51.6800
805.0,66,6.600,1.637,5.89,1.00,0.00,2,Cruise,51.6800
806.0,66,6.600,1.644,5.92,1.00,0.00,2,Cruise,51.6800
807.0,66,6.600,1.651,5.94,1.00,0.00,2,Cruise,51.6800
808.0,66,6.600,1.658,5.97,1.00,0.00,2,Cruise,51.6800
809.0,66,6.600,1.666,6.00,1.00,0.00,2,Cruise,51.6800
810.0,66,6.600,1.673,6.02,1.00,0.00,2,Cruise,51.6800
811.0,66,6.600,1.680,6.05,1.00,0.00,2,Cruise,51.6800
812.0,66,6.600,1.687,6.07,1.00,0.00,2,Cruise,51.6800
813.0,66,6.600,1.694,6.10,1.00,0.00,2,Cruise,51.6800
814.0,66,6.600,1.701,6.12,1.00,0.00,2,Cruise,51.6800
815.0,66,6.600,1.709,6.15,1.00,0.00,2,Cruise,51.6800
816.0,66,6.600,1.716,6.18,1.00,0.00,2,Cruise,51.6800
817.0,66,6.600,1.723,6.20,1.00,0.00,2,Cruise,51.6800
818.0,66,6.600,1.730,6.23,1.00,0.00,2,Cruise,51.6800
819.0,66,6.600,1.737,6.25,1.00,0.00,2,Cruise,51.6800
820.0,66,6.600,1.744,6.28,1.00,0.00,2,Cruise,51.6800
821.0,66,6.600,1.751,6.30,1.00,0.00,2,Cruise,51.6800
822.0,66,6.600,1.758,6.33,1.00,0.00,2,Cruise,51.6800
823.0,66,6.600,1.766,6.36,1.00,0.00,2,Cruise,51.6800
824.0,66,6.600,1.773,6.38,1.00,0.00,2,Cruise,51.6800
825.0,66,6.600,1.780,6.41,1.00,0.00,2,Cruise,51.6800
826.0,66,6.600,1.787,6.43,1.00,0.00,2,Cruise,51.6800
827.0,66,6.600,1.794,6.46,1.00,0.00,2,Cruise,51.6800
828.0,66,6.600,1.801,6.48,1.00,0.00,2,Cruise,51.6800
829.0,66,6.600,1.808,6.51,1.00,0.00,2,Cruise,51.6800
830.0,66,6.600,1.815,6.54,1.00,0.00,2,Cruise,51.6800
831.0,66,6.600,1.822,6.56,1.00,0.00,2,Cruise,51.6800
832.0,66,6.600,1.830,6.59,1.00,0.00,2,Cruise,51.6800
833.0,66,6.600,1.837,6.61,1.00,0.00,2,Cruise,51.6800
834.0,66,6.600,1.844,6.64,1.00,0.00,2,Cruise,51.6800
835.0,66,6.600,1.851,6.66,1.00,0.00,2,Cruise,51.6800
836.0,66,6.600,1.858,6.69,1.00,0.00,2,Cruise,51.6800
837.0,66,6.600,1.865,6.71,1.00,0.00,2,Cruise,51.6800
838.0,66,6.600,1.872,6.74,1.00,0.00,2,Cruise,51.6800
839.0,66,6.600,1.879,6.76,1.00,0.00,2,Cruise,51.6800
840.0,66,6.600,1.886,6.79,1.00,0.00,2,Cruise,51.6800
841.0,66,6.600,1.893,6.82,1.00,0.00,2,Cruise,51.6800
842.0,66,6.600,1.900,6.84,1.00,0.00,2,Cruise,51.6800
843.0,67,6.700,1.907,6.87,19.40,0.00,3,Power,51.6800
844.0,67,6.700,2.507,9.03,19.40,0.00,3,Power,52.4442
845.0,67,6.700,3.107,11.19,19.40,0.00,3,Power,53.4162
846.0,67,6.700,3.707,13.35,19.40,0.00,3,Power,54.5249
847.0,67,6.700,4.307,15.51,19.40,0.00,3,Power,55.6179
848.0,67,6.700,4.907,17.67,19.40,0.00,3,Power,56.6994
849.0,67,6.700,5.507,19.83,19.40,0.00,3,Power,57.7723
850.0,67,6.700,6.107,21.99,19.40,0.00,3,Power,58.8385
851.0,67,6.700,6.707,24.15,19.40,0.00,3,Power,59.8993
852.0,67,6.700,7.307,26.31,19.40,0.00,3,Power,60.9556
853.0,67,6.700,7.907,28.47,19.40,0.00,3,Power,62.0083
854.0,67,6.700,8.507,30.63,19.40,0.00,1,Coast,63.0577
855.0,67,6.700,8.511,30.64,19.40,0.00,1,Coast,63.0577
856.0,67,6.700,8.514,30.65,19.40,0.00,1,Coast,63.0577
857.0,67,6.700,8.518,30.66,19.40,0.00,1,Coast,63.0577
858.0,67,6.700,8.521,30.68,19.40,0.00,1,Coast,63.0577
859.0,68,6.800,8.524,30.69,19.40,0.00,1,Coast,63.0577
860.0,68,6.800,8.518,30.67,19.40,0.00,1,Coast,63.0577
861.0,68,6.800,8.512,30.64,19.40,0.00,1,Coast,63.0577
862.0,68,6.800,8.505,30.62,19.40,0.00,1,Coast,63.0577
863.0,68,6.800,8.499,30.60,19.40,0.00,1,Coast,63.0577
864.0,68,6.800,8.493,30.57,19.40,0.00,1,Coast,63.0577
865.0,68,6.800,8.486,30.55,19.40,0.00,1,Coast,63.0577
866.0,68,6.800,8.480,30.53,19.40,0.00,1,Coast,63.0577
867.0,68,6.800,8.474,30.51,19.40,0.00,1,Coast,63.0577
868.0,68,6.800,8.468,30.48,19.40,0.00,1,Coast,63.0577
869.0,68,6.800,8.461,30.46,19.40,0.00,1,Coast,63.0577
870.0,68,6.800,8.455,30.44,19.40,0.00,1,Coast,63.0577
871.0,69,6.900,8.449,30.42,19.40,0.00,1,Coast,63.0577
872.0,69,6.900,8.358,30.09,19.40,0.00,1,Coast,63.0577
873.0,69,6.900,8.268,29.77,19.40,0.00,1,Coast,63.0577
874.0,69,6.900,8.178,29.44,19.40,0.00,1,Coast,63.0577
875.0,69,6.900,8.088,29.12,19.40,0.00,1,Coast,63.0577
876.0,69,6.900,7.998,28.79,19.40,0.00,1,Coast,63.0577
877.0,69,6.900,7.908,28.47,19.40,0.00,1,Coast,63.0577
878.0,69,6.900,7.818,28.15,19.40,0.00,3,Power,63.0577
879.0,69,6.900,8.418,30.31,19.40,0.00,1,Coast,64.1076
880.0,69,6.900,8.328,29.98,19.40,0.00,1,Coast,64.1076
881.0,69,6.900,8.238,29.66,19.40,0.00,1,Coast,64.1076
882.0,69,6.900,8.147,29.33,19.40,0.00,1,Coast,64.1076
883.0,70,7.000,8.057,29.01,11.10,0.00,1,Coast,64.1076
884.0,70,7.000,7.766,27.96,11.10,0.00,1,Coast,64.1076
885.0,70,7.000,7.474,26.91,11.10,0.00,1,Coast,64.1076
886.0,70,7.000,7.183,25.86,11.10,0.00,1,Coast,64.1076
887.0,70,7.000,6.892,24.81,11.10,0.00,1,Coast,64.1076
888.0,70,7.000,6.602,23.77,11.10,0.00,3,Power,64.1076
889.0,70,7.000,7.202,25.93,11.10,0.00,1,Coast,65.1647
890.0,70,7.000,6.911,24.88,11.10,0.00,1,Coast,65.1647
891.0,70,7.000,6.620,23.83,11.10,0.00,3,Power,65.1647
892.0,70,7.000,7.220,25.99,11.10,0.00,1,Coast,66.2216
893.0,70,7.000,6.929,24.94,11.10,0.00,1,Coast,66.2216
894.0,70,7.000,6.638,23.90,11.10,0.00,3,Power,66.2216
895.0,70,7.000,7.238,26.06,11.10,0.00,1,Coast,67.2784
896.0,70,7.000,6.947,25.01,11.10,0.00,1,Coast,67.2784
897.0,70,7.000,6.657,23.96,11.10,0.00,1,Coast,67.2784
898.0,71,7.100,6.366,22.92,11.10,0.00,2,Cruise,67.2784
899.0,71,7.100,6.496,23.39,11.10,0.00,2,Cruise,67.2784
900.0,71,7.100,6.626,23.85,11.10,0.00,2,Cruise,67.2784
901.0,71,7.100,6.755,24.32,11.10,0.00,2,Cruise,67.2784
902.0,71,7.100,6.884,24.78,11.10,0.00,2,Cruise,67.2784
903.0,71,7.100,7.014,25.25,11.10,0.00,2,Cruise,67.2784
904.0,71,7.100,7.143,25.71,11.10,0.00,2,Cruise,67.2784
905.0,71,7.100,7.272,26.18,11.10,0.00,2,Cruise,67.2784
906.0,71,7.100,7.401,26.64,11.10,0.00,2,Cruise,67.2784
907.0,71,7.100,7.530,27.11,11.10,0.00,2,Cruise,67.2784
908.0,71,7.100,7.659,27.57,11.10,0.00,2,Cruise,67.2784
909.0,71,7.100,7.788,28.04,11.10,0.00,2,Cruise,67.2784
910.0,71,7.100,7.916,28.50,11.10,0.00,2,Cruise,67.2784
911.0,71,7.100,8.045,28.96,11.10,0.00,2,Cruise,67.2784
912.0,72,7.200,8.173,29.42,11.10,0.00,1,Coast,67.2784
913.0,72,7.200,8.002,28.81,11.10,0.00,1,Coast,67.2784
914.0,72,7.200,7.831,28.19,11.10,0.00,1,Coast,67.2784
915.0,72,7.200,7.660,27.58,11.10,0.00,1,Coast,67.2784
916.0,72,7.200,7.489,26.96,11.10,0.00,1,Coast,67.2784
917.0,72,7.200,7.318,26.35,11.10,0.00,1,Coast,67.2784
918.0,72,7.200,7.148,25.73,11.10,0.00,1,Coast,67.2784
919.0,72,7.200,6.977,25.12,11.10,0.00,1,Coast,67.2784
920.0,72,7.200,6.807,24.50,11.10,0.00,3,Power,67.2784
921.0,72,7.200,7.407,26.66,11.10,0.00,1,Coast,68.3341
922.0,72,7.200,7.236,26.05,11.10,0.00,1,Coast,68.3341
923.0,72,7.200,7.065,25.44,11.10,0.00,1,Coast,68.3341
924.0,72,7.200,6.895,24.82,11.10,0.00,1,Coast,68.3341
925.0,73,7.300,6.725,24.21,11.10,0.00,1,Coast,68.3341
926.0,73,7.300,6.599,23.76,11.10,0.00,1,Coast,68.3341
927.0,73,7.300,6.473,23.30,11.10,0.00,1,Coast,68.3341
928.0,73,7.300,6.347,22.85,11.10,0.00,1,Coast,68.3341
929.0,73,7.300,6.221,22.40,11.10,0.00,1,Coast,68.3341
930.0,73,7.300,6.095,21.94,11.10,0.00,1,Coast,68.3341
931.0,73,7.300,5.970,21.49,11.10,0.00,3,Power,68.3341
932.0,73,7.300,6.570,23.65,11.10,0.00,1,Coast,69.3960
933.0,73,7.300,6.444,23.20,11.10,0.00,1,Coast,69.3960
934.0,73,7.300,6.318,22.74,11.10,0.00,1,Coast,69.3960
935.0,73,7.300,6.192,22.29,11.10,0.00,1,Coast,69.3960
936.0,73,7.300,6.066,21.84,11.10,0.00,3,Power,69.3960
937.0,73,7.300,6.666,24.00,11.10,0.00,1,Coast,70.4572
938.0,73,7.300,6.540,23.55,11.10,0.00,1,Coast,70.4572
939.0,73,7.300,6.414,23.09,11.10,0.00,1,Coast,70.4572
940.0,73,7.300,6.289,22.64,11.10,0.00,1,Coast,70.4572
941.0,74,7.400,6.163,22.19,11.10,0.00,1,Coast,70.4572
942.0,74,7.400,6.106,21.98,11.10,0.00,1,Coast,70.4572
943.0,74,7.400,6.049,21.77,11.10,0.00,1,Coast,70.4572
944.0,74,7.400,5.992,21.57,11.10,0.00,1,Coast,70.4572
945.0,74,7.400,5.934,21.36,11.10,0.00,1,Coast,70.4572
946.0,74,7.400,5.877,21.16,11.10,0.00,1,Coast,70.4572
947.0,74,7.400,5.821,20.95,11.10,0.00,1,Coast,70.4572
948.0,74,7.400,5.764,20.75,11.10,0.00,1,Coast,70.4572
949.0,74,7.400,5.707,20.54,11.10,0.00,1,Coast,70.4572
950.0,74,7.400,5.650,20.34,11.10,0.00,1,Coast,70.4572
951.0,74,7.400,5.593,20.14,11.10,0.00,1,Coast,70.4572
952.0,74,7.400,5.536,19.93,11.10,0.00,1,Coast,70.4572
953.0,74,7.400,5.480,19.73,11.10,0.00,1,Coast,70.4572
954.0,74,7.400,5.423,19.52,11.10,0.00,1,Coast,70.4572
955.0,74,7.400,5.366,19.32,11.10,0.00,1,Coast,70.4572
956.0,74,7.400,5.310,19.11,11.10,0.00,1,Coast,70.4572
957.0,74,7.400,5.253,18.91,11.10,0.00,1,Coast,70.4572
958.0,75,7.500,5.197,18.71,11.10,0.00,3,Power,70.4572
959.0,75,7.500,5.797,20.87,11.10,0.00,1,Coast,71.5266
960.0,75,7.500,5.689,20.48,11.10,0.00,3,Power,71.5266
961.0,75,7.500,6.289,22.64,11.10,0.00,1,Coast,72.5911
962.0,75,7.500,6.182,22.25,11.10,0.00,1,Coast,72.5911
963.0,75,7.500,6.074,21.87,11.10,0.00,1,Coast,72.5911
964.0,75,7.500,5.967,21.48,11.10,0.00,1,Coast,72.5911
965.0,75,7.500,5.859,21.09,11.10,0.00,1,Coast,72.5911
966.0,75,7.500,5.752,20.71,11.10,0.00,1,Coast,72.5911
967.0,75,7.500,5.645,20.32,11.10,0.00,3,Power,72.5911
968.0,75,7.500,6.245,22.48,11.10,0.00,1,Coast,73.6559
969.0,75,7.500,6.137,22.09,11.10,0.00,1,Coast,73.6559
970.0,75,7.500,6.030,21.71,11.10,0.00,1,Coast,73.6559
971.0,75,7.500,5.922,21.32,11.10,0.00,1,Coast,73.6559
972.0,75,7.500,5.815,20.93,11.10,0.00,1,Coast,73.6559
973.0,75,7.500,5.707,20.55,11.10,0.00,1,Coast,73.6559
974.0,75,7.500,5.600,20.16,11.10,0.00,3,Power,73.6559
975.0,76,7.600,6.200,22.32,11.10,0.00,1,Coast,74.7212
976.0,76,7.600,6.157,22.16,11.10,0.00,1,Coast,74.7212
977.0,76,7.600,6.113,22.01,11.10,0.00,1,Coast,74.7212
978.0,76,7.600,6.070,21.85,11.10,0.00,1,Coast,74.7212
979.0,76,7.600,6.026,21.69,11.10,0.00,1,Coast,74.7212
980.0,76,7.600,5.982,21.54,11.10,0.00,1,Coast,74.7212
981.0,76,7.600,5.939,21.38,11.10,0.00,1,Coast,74.7212
982.0,76,7.600,5.896,21.22,11.10,0.00,1,Coast,74.7212
983.0,76,7.600,5.852,21.07,11.10,0.00,1,Coast,74.7212
984.0,76,7.600,5.809,20.91,11.10,0.00,1,Coast,74.7212
985.0,76,7.600,5.765,20.76,11.10,0.00,1,Coast,74.7212
986.0,76,7.600,5.722,20.60,11.10,0.00,1,Coast,74.7212
987.0,76,7.600,5.679,20.44,11.10,0.00,1,Coast,74.7212
988.0,76,7.600,5.636,20.29,11.10,0.00,1,Coast,74.7212
989.0,76,7.600,5.592,20.13,11.10,0.00,1,Coast,74.7212
990.0,76,7.600,5.549,19.98,11.10,0.00,1,Coast,74.7212
991.0,76,7.600,5.506,19.82,11.10,0.00,1,Coast,74.7212
992.0,77,7.700,5.463,19.67,11.10,0.00,1,Coast,74.7212
993.0,77,7.700,5.437,19.57,11.10,0.00,1,Coast,74.7212
994.0,77,7.700,5.411,19.48,11.10,0.00,1,Coast,74.7212
995.0,77,7.700,5.384,19.38,11.10,0.00,1,Coast,74.7212
996.0,77,7.700,5.358,19.29,11.10,0.00,1,Coast,74.7212
997.0,77,7.700,5.332,19.20,11.10,0.00,1,Coast,74.7212
998.0,77,7.700,5.306,19.10,11.10,0.00,1,Coast,74.7212
999.0,77,7.700,5.280,19.01,11.10,0.00,1,Coast,74.7212
1000.0,77,7.700,5.254,18.91,11.10,0.00,1,Coast,74.7212
1001.0,77,7.700,5.228,18.82,11.10,0.00,1,Coast,74.7212
1002.0,77,7.700,5.202,18.73,11.10,0.00,1,Coast,74.7212
1003.0,77,7.700,5.176,18.63,11.10,0.00,1,Coast,74.7212
1004.0,77,7.700,5.150,18.54,11.10,0.00,1,Coast,74.7212
1005.0,77,7.700,5.124,18.45,11.10,0.00,1,Coast,74.7212
1006.0,77,7.700,5.098,18.35,11.10,0.00,1,Coast,74.7212
1007.0,77,7.700,5.072,18.26,11.10,0.00,1,Coast,74.7212
1008.0,77,7.700,5.046,18.17,11.10,0.00,1,Coast,74.7212
1009.0,77,7.700,5.020,18.07,11.10,0.00,1,Coast,74.7212
1010.0,77,7.700,4.994,17.98,11.10,0.00,1,Coast,74.7212
1011.0,77,7.700,4.969,17.89,11.10,0.00,1,Coast,74.7212
1012.0,78,7.800,4.943,17.79,11.10,0.00,3,Power,74.7212
1013.0,78,7.800,5.543,19.95,11.10,0.00,3,Power,75.7937
1014.0,78,7.800,6.143,22.11,11.10,0.00,1,Coast,76.8595
1015.0,78,7.800,6.026,21.69,11.10,0.00,1,Coast,76.8595
1016.0,78,7.800,5.909,21.27,11.10,0.00,1,Coast,76.8595
1017.0,78,7.800,5.793,20.85,11.10,0.00,3,Power,76.8595
1018.0,78,7.800,6.393,23.01,11.10,0.00,1,Coast,77.9230
1019.0,78,7.800,6.276,22.59,11.10,0.00,1,Coast,77.9230
1020.0,78,7.800,6.159,22.17,11.10,0.00,1,Coast,77.9230
1021.0,78,7.800,6.042,21.75,11.10,0.00,1,Coast,77.9230
1022.0,78,7.800,5.925,21.33,11.10,0.00,1,Coast,77.9230
1023.0,78,7.800,5.809,20.91,11.10,0.00,3,Power,77.9230
1024.0,78,7.800,6.409,23.07,11.10,0.00,1,Coast,78.9863
1025.0,78,7.800,6.292,22.65,11.10,0.00,1,Coast,78.9863
1026.0,78,7.800,6.175,22.23,11.10,0.00,1,Coast,78.9863
1027.0,78,7.800,6.058,21.81,11.10,0.00,1,Coast,78.9863
1028.0,79,7.900,5.941,21.39,11.10,0.00,1,Coast,78.9863
1029.0,79,7.900,5.907,21.26,11.10,0.00,1,Coast,78.9863
1030.0,79,7.900,5.872,21.14,11.10,0.00,1,Coast,78.9863
1031.0,79,7.900,5.838,21.02,11.10,0.00,1,Coast,78.9863
1032.0,79,7.900,5.803,20.89,11.10,0.00,1,Coast,78.9863
1033.0,79,7.900,5.769,20.77,11.10,0.00,1,Coast,78.9863
1034.0,79,7.900,5.734,20.64,11.10,0.00,1,Coast,78.9863
1035.0,79,7.900,5.700,20.52,11.10,0.00,1,Coast,78.9863
1036.0,79,7.900,5.666,20.40,11.10,0.00,1,Coast,78.9863
1037.0,79,7.900,5.631,20.27,11.10,0.00,1,Coast,78.9863
1038.0,79,7.900,5.597,20.15,11.10,0.00,1,Coast,78.9863
1039.0,79,7.900,5.563,20.03,11.10,0.00,1,Coast,78.9863
1040.0,79,7.900,5.529,19.90,11.10,0.00,1,Coast,78.9863
1041.0,79,7.900,5.494,19.78,11.10,0.00,1,Coast,78.9863
1042.0,79,7.900,5.460,19.66,11.10,0.00,1,Coast,78.9863
1043.0,79,7.900,5.426,19.53,11.10,0.00,1,Coast,78.9863
1044.0,79,7.900,5.392,19.41,11.10,0.00,1,Coast,78.9863
1045.0,79,7.900,5.358,19.29,11.10,0.00,1,Coast,78.9863
1046.0,80,8.000,5.323,19.16,11.10,0.00,1,Coast,78.9863
1047.0,80,8.000,5.266,18.96,11.10,0.00,1,Coast,78.9863
1048.0,80,8.000,5.209,18.75,11.10,0.00,1,Coast,78.9863
1049.0,80,8.000,5.151,18.54,11.10,0.00,1,Coast,78.9863
1050.0,80,8.000,5.094,18.34,11.10,0.00,1,Coast,78.9863
1051.0,80,8.000,5.037,18.13,11.10,0.00,1,Coast,78.9863
1052.0,80,8.000,4.979,17.93,11.10,0.00,1,Coast,78.9863
1053.0,80,8.000,4.922,17.72,11.10,0.00,1,Coast,78.9863
1054.0,80,8.000,4.865,17.51,11.10,0.00,1,Coast,78.9863
1055.0,80,8.000,4.808,17.31,11.10,0.00,1,Coast,78.9863
1056.0,80,8.000,4.751,17.10,11.10,0.00,3,Power,78.9863
1057.0,80,8.000,5.351,19.26,11.10,0.00,1,Coast,80.0613
1058.0,80,8.000,5.293,19.06,11.10,0.00,1,Coast,80.0613
1059.0,80,8.000,5.236,18.85,11.10,0.00,1,Coast,80.0613
1060.0,80,8.000,5.179,18.64,11.10,0.00,1,Coast,80.0613
1061.0,80,8.000,5.121,18.44,11.10,0.00,1,Coast,80.0613
1062.0,80,8.000,5.064,18.23,11.10,0.00,1,Coast,80.0613
1063.0,80,8.000,5.007,18.02,11.10,0.00,1,Coast,80.0613
1064.0,80,8.000,4.950,17.82,11.10,0.00,1,Coast,80.0613
1065.0,80,8.000,4.892,17.61,11.10,0.00,1,Coast,80.0613
1066.0,81,8.100,4.835,17.41,11.10,0.00,3,Power,80.0613
1067.0,81,8.100,5.435,19.57,11.10,0.00,1,Coast,81.1351
1068.0,81,8.100,5.365,19.31,11.10,0.00,1,Coast,81.1351
1069.0,81,8.100,5.294,19.06,11.10,0.00,1,Coast,81.1351
1070.0,81,8.100,5.223,18.80,11.10,0.00,1,Coast,81.1351
1071.0,81,8.100,5.153,18.55,11.10,0.00,3,Power,81.1351
1072.0,81,8.100,5.753,20.71,11.10,0.00,1,Coast,82.2051
1073.0,81,8.100,5.682,20.45,11.10,0.00,1,Coast,82.2051
1074.0,81,8.100,5.611,20.20,11.10,0.00,1,Coast,82.2051
1075.0,81,8.100,5.540,19.94,11.10,0.00,1,Coast,82.2051
1076.0,81,8.100,5.469,19.69,11.10,0.00,1,Coast,82.2051
1077.0,81,8.100,5.398,19.43,11.10,0.00,1,Coast,82.2051
1078.0,81,8.100,5.327,19.18,11.10,0.00,1,Coast,82.2051
1079.0,81,8.100,5.257,18.92,11.10,0.00,1,Coast,82.2051
1080.0,81,8.100,5.186,18.67,11.10,0.00,3,Power,82.2051
1081.0,81,8.100,5.786,20.83,11.10,0.00,1,Coast,83.2747
1082.0,81,8.100,5.715,20.57,11.10,0.00,1,Coast,83.2747
1083.0,81,8.100,5.644,20.32,11.10,0.00,1,Coast,83.2747
1084.0,82,8.200,5.573,20.06,11.10,0.00,3,Power,83.2747
1085.0,82,8.200,6.173,22.22,11.10,0.00,1,Coast,84.3402
1086.0,82,8.200,6.074,21.87,11.10,0.00,1,Coast,84.3402
1087.0,82,8.200,5.975,21.51,11.10,0.00,1,Coast,84.3402
1088.0,82,8.200,5.876,21.15,11.10,0.00,3,Power,84.3402
1089.0,82,8.200,6.476,23.31,11.10,0.00,1,Coast,85.4030
1090.0,82,8.200,6.377,22.96,11.10,0.00,1,Coast,85.4030
1091.0,82,8.200,6.277,22.60,11.10,0.00,1,Coast,85.4030
1092.0,82,8.200,6.178,22.24,11.10,0.00,1,Coast,85.4030
1093.0,82,8.200,6.079,21.88,11.10,0.00,1,Coast,85.4030
1094.0,82,8.200,5.980,21.53,11.10,0.00,1,Coast,85.4030
1095.0,82,8.200,5.881,21.17,11.10,0.00,3,Power,85.4030
1096.0,82,8.200,6.481,23.33,11.10,0.00,1,Coast,86.4657
1097.0,82,8.200,6.382,22.97,11.10,0.00,1,Coast,86.4657
1098.0,82,8.200,6.282,22.62,11.10,0.00,1,Coast,86.4657
1099.0,82,8.200,6.183,22.26,11.10,0.00,1,Coast,86.4657
1100.0,83,8.300,6.084,21.90,11.10,0.00,1,Coast,86.4657
1101.0,83,8.300,5.968,21.49,11.10,0.00,1,Coast,86.4657
1102.0,83,8.300,5.853,21.07,11.10,0.00,1,Coast,86.4657
1103.0,83,8.300,5.738,20.66,11.10,0.00,1,Coast,86.4657
1104.0,83,8.300,5.623,20.24,11.10,0.00,1,Coast,86.4657
1105.0,83,8.300,5.507,19.83,11.10,0.00,1,Coast,86.4657
1106.0,83,8.300,5.392,19.41,11.10,0.00,1,Coast,86.4657
1107.0,83,8.300,5.277,19.00,11.10,0.00,1,Coast,86.4657
1108.0,83,8.300,5.163,18.59,11.10,0.00,1,Coast,86.4657
1109.0,83,8.300,5.048,18.17,11.10,0.00,1,Coast,86.4657
1110.0,83,8.300,4.933,17.76,11.10,0.00,1,Coast,86.4657
1111.0,83,8.300,4.818,17.35,11.10,0.00,1,Coast,86.4657
1112.0,83,8.300,4.704,16.93,11.10,0.00,1,Coast,86.4657
1113.0,83,8.300,4.589,16.52,11.10,0.00,1,Coast,86.4657
1114.0,83,8.300,4.475,16.11,11.10,0.00,1,Coast,86.4657
1115.0,83,8.300,4.360,15.70,11.10,0.00,1,Coast,86.4657
1116.0,83,8.300,4.246,15.29,11.10,0.00,1,Coast,86.4657
1117.0,83,8.300,4.132,14.87,11.10,0.00,1,Coast,86.4657
1118.0,83,8.300,4.018,14.46,11.10,0.00,1,Coast,86.4657
1119.0,83,8.300,3.903,14.05,11.10,0.00,1,Coast,86.4657
1120.0,83,8.300,3.789,13.64,11.10,0.00,1,Coast,86.4657
1121.0,84,8.400,3.675,13.23,11.10,0.00,2,Cruise,86.4657
1122.0,84,8.400,3.955,14.24,11.10,0.00,2,Cruise,86.4657
1123.0,84,8.400,4.234,15.24,11.10,0.00,2,Cruise,86.4657
1124.0,84,8.400,4.513,16.25,11.10,0.00,2,Cruise,86.4657
1125.0,84,8.400,4.791,17.25,11.10,0.00,2,Cruise,86.4657
1126.0,84,8.400,5.070,18.25,11.10,0.00,2,Cruise,86.4657
1127.0,84,8.400,5.348,19.25,11.10,0.00,2,Cruise,86.4657
1128.0,84,8.400,5.627,20.26,11.10,0.00,2,Cruise,86.4657
1129.0,84,8.400,5.905,21.26,11.10,0.00,2,Cruise,86.4657
1130.0,84,8.400,6.183,22.26,11.10,0.00,2,Cruise,86.4657
1131.0,84,8.400,6.460,23.26,11.10,0.00,2,Cruise,86.4657
1132.0,84,8.400,6.738,24.26,11.10,0.00,2,Cruise,86.4657
1133.0,84,8.400,7.015,25.25,11.10,0.00,2,Cruise,86.4657
1134.0,84,8.400,7.292,26.25,11.10,0.00,2,Cruise,86.4657
1135.0,84,8.400,7.569,27.25,11.10,0.00,2,Cruise,86.4657
1136.0,84,8.400,7.846,28.24,11.10,0.00,2,Cruise,86.4657
1137.0,84,8.400,8.122,29.24,11.10,0.00,2,Cruise,86.4657
1138.0,85,8.500,8.398,30.23,11.10,0.00,1,Coast,86.4657
1139.0,85,8.500,7.936,28.57,11.10,0.00,1,Coast,86.4657
1140.0,85,8.500,7.474,26.91,11.10,0.00,1,Coast,86.4657
1141.0,85,8.500,7.013,25.25,11.10,0.00,1,Coast,86.4657
1142.0,85,8.500,6.552,23.59,11.10,0.00,1,Coast,86.4657
1143.0,85,8.500,6.091,21.93,11.10,0.00,3,Power,86.4657
1144.0,85,8.500,6.691,24.09,11.10,0.00,1,Coast,87.5266
1145.0,85,8.500,6.230,22.43,11.10,0.00,1,Coast,87.5266
1146.0,85,8.500,5.770,20.77,11.10,0.00,3,Power,87.5266
1147.0,85,8.500,6.370,22.93,11.10,0.00,1,Coast,88.5903
1148.0,85,8.500,5.909,21.27,11.10,0.00,3,Power,88.5903
1149.0,85,8.500,6.509,23.43,11.10,0.00,1,Coast,89.6527
1150.0,85,8.500,6.049,21.77,11.10,0.00,3,Power,89.6527
1151.0,85,8.500,6.649,23.93,11.10,0.00,1,Coast,90.7140
1152.0,85,8.500,6.188,22.28,11.10,0.00,3,Power,90.7140
1153.0,86,8.600,6.788,24.44,11.10,0.00,2,Cruise,91.7741
1154.0,86,8.600,6.788,24.44,11.10,0.00,2,Cruise,91.9046
1155.0,86,8.600,6.788,24.44,11.10,0.00,2,Cruise,92.0350
1156.0,86,8.600,6.788,24.44,11.10,0.00,2,Cruise,92.1655
1157.0,86,8.600,6.788,24.44,11.10,0.00,2,Cruise,92.2960
1158.0,86,8.600,6.788,24.44,11.10,0.00,2,Cruise,92.4265
1159.0,86,8.600,6.788,24.44,11.10,0.00,2,Cruise,92.5570
1160.0,86,8.600,6.788,24.44,11.10,0.00,2,Cruise,92.6874
1161.0,86,8.600,6.788,24.44,11.10,0.00,2,Cruise,92.8179
1162.0,86,8.600,6.788,24.44,11.10,0.00,2,Cruise,92.9484
1163.0,86,8.600,6.788,24.44,11.10,0.00,2,Cruise,93.0789
1164.0,86,8.600,6.788,24.44,11.10,0.00,2,Cruise,93.2093
1165.0,86,8.600,6.788,24.44,11.10,0.00,2,Cruise,93.3398
1166.0,86,8.600,6.788,24.44,11.10,0.00,2,Cruise,93.4703
1167.0,86,8.600,6.788,24.44,11.10,0.00,2,Cruise,93.6008
1168.0,87,8.700,6.788,24.44,11.10,0.00,2,Cruise,93.7313
1169.0,87,8.700,6.788,24.44,11.10,0.00,2,Cruise,93.7730
1170.0,87,8.700,6.788,24.44,11.10,0.00,2,Cruise,93.8147
1171.0,87,8.700,6.788,24.44,11.10,0.00,2,Cruise,93.8564
1172.0,87,8.700,6.788,24.44,11.10,0.00,2,Cruise,93.8980
1173.0,87,8.700,6.788,24.44,11.10,0.00,2,Cruise,93.9397
1174.0,87,8.700,6.788,24.44,11.10,0.00,2,Cruise,93.9814
1175.0,87,8.700,6.788,24.44,11.10,0.00,2,Cruise,94.0231
1176.0,87,8.700,6.788,24.44,11.10,0.00,2,Cruise,94.0648
1177.0,87,8.700,6.788,24.44,11.10,0.00,2,Cruise,94.1065
1178.0,87,8.700,6.788,24.44,11.10,0.00,2,Cruise,94.1482
1179.0,87,8.700,6.788,24.44,11.10,0.00,2,Cruise,94.1899
1180.0,87,8.700,6.788,24.44,11.10,0.00,2,Cruise,94.2316
1181.0,87,8.700,6.788,24.44,11.10,0.00,2,Cruise,94.2733
1182.0,88,8.800,6.788,24.44,11.10,0.00,2,Cruise,94.3150
1183.0,88,8.800,6.788,24.44,11.10,0.00,2,Cruise,94.3746
1184.0,88,8.800,6.788,24.44,11.10,0.00,2,Cruise,94.4342
1185.0,88,8.800,6.788,24.44,11.10,0.00,2,Cruise,94.4937
1186.0,88,8.800,6.788,24.44,11.10,0.00,2,Cruise,94.5533
1187.0,88,8.800,6.788,24.44,11.10,0.00,2,Cruise,94.6128
1188.0,88,8.800,6.788,24.44,11.10,0.00,2,Cruise,94.6724
1189.0,88,8.800,6.788,24.44,11.10,0.00,2,Cruise,94.7320
1190.0,88,8.800,6.788,24.44,11.10,0.00,2,Cruise,94.7915
1191.0,88,8.800,6.788,24.44,11.10,0.00,2,Cruise,94.8511
1192.0,88,8.800,6.788,24.44,11.10,0.00,2,Cruise,94.9107
1193.0,88,8.800,6.788,24.44,11.10,0.00,2,Cruise,94.9702
1194.0,88,8.800,6.788,24.44,11.10,0.00,2,Cruise,95.0298
1195.0,88,8.800,6.788,24.44,11.10,0.00,2,Cruise,95.0893
1196.0,88,8.800,6.788,24.44,11.10,0.00,2,Cruise,95.1489
1197.0,89,8.900,6.788,24.44,11.10,0.00,2,Cruise,95.2085
1198.0,89,8.900,6.788,24.44,11.10,0.00,2,Cruise,95.2535
1199.0,89,8.900,6.788,24.44,11.10,0.00,2,Cruise,95.2985
1200.0,89,8.900,6.788,24.44,11.10,0.00,2,Cruise,95.3435
1201.0,89,8.900,6.788,24.44,11.10,0.00,2,Cruise,95.3885
1202.0,89,8.900,6.788,24.44,11.10,0.00,2,Cruise,95.4335
1203.0,89,8.900,6.788,24.44,11.10,0.00,2,Cruise,95.4786
1204.0,89,8.900,6.788,24.44,11.10,0.00,2,Cruise,95.5236
1205.0,89,8.900,6.788,24.44,11.10,0.00,2,Cruise,95.5686
1206.0,89,8.900,6.788,24.44,11.10,0.00,2,Cruise,95.6136
1207.0,89,8.900,6.788,24.44,11.10,0.00,2,Cruise,95.6586
1208.0,89,8.900,6.788,24.44,11.10,0.00,2,Cruise,95.7036
1209.0,89,8.900,6.788,24.44,11.10,0.00,2,Cruise,95.7487
1210.0,89,8.900,6.788,24.44,11.10,0.00,2,Cruise,95.7937
1211.0,89,8.900,6.788,24.44,11.10,0.00,2,Cruise,95.8387
1212.0,90,9.000,6.788,24.44,11.10,0.00,2,Cruise,95.8837
1213.0,90,9.000,6.788,24.44,11.10,0.00,2,Cruise,95.9281
1214.0,90,9.000,6.788,24.44,11.10,0.00,2,Cruise,95.9725
1215.0,90,9.000,6.788,24.44,11.10,0.00,2,Cruise,96.0169
1216.0,90,9.000,6.788,24.44,11.10,0.00,2,Cruise,96.0613
1217.0,90,9.000,6.788,24.44,11.10,0.00,2,Cruise,96.1057
1218.0,90,9.000,6.788,24.44,11.10,0.00,2,Cruise,96.1501
1219.0,90,9.000,6.788,24.44,11.10,0.00,2,Cruise,96.1945
1220.0,90,9.000,6.788,24.44,11.10,0.00,2,Cruise,96.2389
1221.0,90,9.000,6.788,24.44,11.10,0.00,2,Cruise,96.2833
1222.0,90,9.000,6.788,24.44,11.10,0.00,2,Cruise,96.3277
1223.0,90,9.000,6.788,24.44,11.10,0.00,2,Cruise,96.3721
1224.0,90,9.000,6.788,24.44,11.10,0.00,2,Cruise,96.4165
1225.0,90,9.000,6.788,24.44,11.10,0.00,2,Cruise,96.4609
1226.0,91,9.100,6.788,24.44,11.10,0.00,2,Cruise,96.5053
1227.0,91,9.100,6.788,24.44,11.10,0.00,2,Cruise,96.5557
1228.0,91,9.100,6.788,24.44,11.10,0.00,2,Cruise,96.6062
1229.0,91,9.100,6.788,24.44,11.10,0.00,2,Cruise,96.6567
1230.0,91,9.100,6.788,24.44,11.10,0.00,2,Cruise,96.7071
1231.0,91,9.100,6.788,24.44,11.10,0.00,2,Cruise,96.7576
1232.0,91,9.100,6.788,24.44,11.10,0.00,2,Cruise,96.8080
1233.0,91,9.100,6.788,24.44,11.10,0.00,2,Cruise,96.8585
1234.0,91,9.100,6.788,24.44,11.10,0.00,2,Cruise,96.9089
1235.0,91,9.100,6.788,24.44,11.10,0.00,2,Cruise,96.9594
1236.0,91,9.100,6.788,24.44,11.10,0.00,2,Cruise,97.0099
1237.0,91,9.100,6.788,24.44,11.10,0.00,2,Cruise,97.0603
1238.0,91,9.100,6.788,24.44,11.10,0.00,2,Cruise,97.1108
1239.0,91,9.100,6.788,24.44,11.10,0.00,2,Cruise,97.1612
1240.0,91,9.100,6.788,24.44,11.10,0.00,2,Cruise,97.2117
1241.0,92,9.200,6.788,24.44,11.10,0.00,2,Cruise,97.2621
1242.0,92,9.200,6.788,24.44,11.10,0.00,2,Cruise,97.3400
1243.0,92,9.200,6.788,24.44,11.10,0.00,2,Cruise,97.4178
1244.0,92,9.200,6.788,24.44,11.10,0.00,2,Cruise,97.4956
1245.0,92,9.200,6.788,24.44,11.10,0.00,2,Cruise,97.5734
1246.0,92,9.200,6.788,24.44,11.10,0.00,2,Cruise,97.6513
1247.0,92,9.200,6.788,24.44,11.10,0.00,2,Cruise,97.7291
1248.0,92,9.200,6.788,24.44,11.10,0.00,2,Cruise,97.8069
1249.0,92,9.200,6.788,24.44,11.10,0.00,2,Cruise,97.8847
1250.0,92,9.200,6.788,24.44,11.10,0.00,2,Cruise,97.9626
1251.0,92,9.200,6.788,24.44,11.10,0.00,2,Cruise,98.0404
1252.0,92,9.200,6.788,24.44,11.10,0.00,2,Cruise,98.1182
1253.0,92,9.200,6.788,24.44,11.10,0.00,2,Cruise,98.1960
1254.0,92,9.200,6.788,24.44,11.10,0.00,2,Cruise,98.2739
1255.0,92,9.200,6.788,24.44,11.10,0.00,2,Cruise,98.3517
1256.0,93,9.300,6.788,24.44,11.10,0.00,2,Cruise,98.4295
1257.0,93,9.300,6.788,24.44,11.10,0.00,2,Cruise,98.4369
1258.0,93,9.300,6.788,24.44,11.10,0.00,2,Cruise,98.4442
1259.0,93,9.300,6.788,24.44,11.10,0.00,2,Cruise,98.4516
1260.0,93,9.300,6.788,24.44,11.10,0.00,2,Cruise,98.4590
1261.0,93,9.300,6.788,24.44,11.10,0.00,2,Cruise,98.4663
1262.0,93,9.300,6.788,24.44,11.10,0.00,2,Cruise,98.4737
1263.0,93,9.300,6.788,24.44,11.10,0.00,2,Cruise,98.4811
1264.0,93,9.300,6.788,24.44,11.10,0.00,2,Cruise,98.4884
1265.0,93,9.300,6.788,24.44,11.10,0.00,2,Cruise,98.4958
1266.0,93,9.300,6.788,24.44,11.10,0.00,2,Cruise,98.5032
1267.0,93,9.300,6.788,24.44,11.10,0.00,2,Cruise,98.5105
1268.0,93,9.300,6.788,24.44,11.10,0.00,2,Cruise,98.5179
1269.0,93,9.300,6.788,24.44,11.10,0.00,2,Cruise,98.5253
1270.0,93,9.300,6.788,24.44,11.10,0.00,2,Cruise,98.5326
1271.0,94,9.400,6.788,24.44,11.10,0.00,2,Cruise,98.5400
1272.0,94,9.400,6.788,24.44,11.10,0.00,2,Cruise,98.6558
1273.0,94,9.400,6.788,24.44,11.10,0.00,2,Cruise,98.7716
1274.0,94,9.400,6.788,24.44,11.10,0.00,2,Cruise,98.8875
1275.0,94,9.400,6.788,24.44,11.10,0.00,2,Cruise,99.0033
1276.0,94,9.400,6.788,24.44,11.10,0.00,2,Cruise,99.1191
1277.0,94,9.400,6.788,24.44,11.10,0.00,2,Cruise,99.2349
1278.0,94,9.400,6.788,24.44,11.10,0.00,2,Cruise,99.3507
1279.0,94,9.400,6.788,24.44,11.10,0.00,2,Cruise,99.4665
1280.0,94,9.400,6.788,24.44,11.10,0.00,2,Cruise,99.5823
1281.0,94,9.400,6.788,24.44,11.10,0.00,2,Cruise,99.6981
1282.0,94,9.400,6.788,24.44,11.10,0.00,2,Cruise,99.8140
1283.0,94,9.400,6.788,24.44,11.10,0.00,2,Cruise,99.9298
1284.0,94,9.400,6.788,24.44,11.10,0.00,2,Cruise,100.0456
1285.0,95,9.500,6.788,24.44,11.10,0.00,1,Coast,100.1614
1286.0,95,9.500,6.667,24.00,11.10,0.00,1,Coast,100.1614
1287.0,95,9.500,6.547,23.57,11.10,0.00,1,Coast,100.1614
1288.0,95,9.500,6.427,23.14,11.10,0.00,1,Coast,100.1614
1289.0,95,9.500,6.306,22.70,11.10,0.00,1,Coast,100.1614
1290.0,95,9.500,6.186,22.27,11.10,0.00,1,Coast,100.1614
1291.0,95,9.500,6.066,21.84,11.10,0.00,1,Coast,100.1614
1292.0,95,9.500,5.946,21.41,11.10,0.00,1,Coast,100.1614
1293.0,95,9.500,5.826,20.97,11.10,0.00,1,Coast,100.1614
1294.0,95,9.500,5.706,20.54,11.10,0.00,1,Coast,100.1614
1295.0,95,9.500,5.587,20.11,11.10,0.00,1,Coast,100.1614
1296.0,95,9.500,5.467,19.68,11.10,0.00,1,Coast,100.1614
1297.0,95,9.500,5.348,19.25,11.10,0.00,1,Coast,100.1614
1298.0,95,9.500,5.228,18.82,11.10,0.00,1,Coast,100.1614
1299.0,95,9.500,5.109,18.39,11.10,0.00,1,Coast,100.1614
1300.0,95,9.500,4.989,17.96,11.10,0.00,1,Coast,100.1614
1301.0,95,9.500,4.870,17.53,11.10,0.00,1,Coast,100.1614
1302.0,95,9.500,4.751,17.10,11.10,0.00,1,Coast,100.1614
1303.0,96,9.600,4.632,16.67,11.10,0.00,1,Coast,100.1614
1304.0,96,9.600,4.595,16.54,11.10,0.00,1,Coast,100.1614
1305.0,96,9.600,4.557,16.41,11.10,0.00,1,Coast,100.1614
1306.0,96,9.600,4.520,16.27,11.10,0.00,1,Coast,100.1614
1307.0,96,9.600,4.483,16.14,11.10,0.00,1,Coast,100.1614
1308.0,96,9.600,4.445,16.00,11.10,0.00,1,Coast,100.1614
1309.0,96,9.600,4.408,15.87,11.10,0.00,1,Coast,100.1614
1310.0,96,9.600,4.371,15.74,11.10,0.00,1,Coast,100.1614
1311.0,96,9.600,4.334,15.60,11.10,0.00,1,Coast,100.1614
1312.0,96,9.600,4.297,15.47,11.10,0.00,1,Coast,100.1614
1313.0,96,9.600,4.259,15.33,11.10,0.00,1,Coast,100.1614
1314.0,96,9.600,4.222,15.20,11.10,0.00,1,Coast,100.1614
1315.0,96,9.600,4.185,15.07,11.10,0.00,1,Coast,100.1614
1316.0,96,9.600,4.148,14.93,11.10,0.00,1,Coast,100.1614
1317.0,96,9.600,4.111,14.80,11.10,0.00,1,Coast,100.1614
1318.0,96,9.600,4.074,14.67,11.10,0.00,1,Coast,100.1614
1319.0,96,9.600,4.037,14.53,11.10,0.00,1,Coast,100.1614
1320.0,96,9.600,4.000,14.40,11.10,0.00,1,Coast,100.1614
1321.0,96,9.600,3.963,14.27,11.10,0.00,1,Coast,100.1614
1322.0,96,9.600,3.926,14.13,11.10,0.00,1,Coast,100.1614
1323.0,96,9.600,3.889,14.00,11.10,0.00,1,Coast,100.1614
1324.0,96,9.600,3.852,13.87,11.10,0.00,1,Coast,100.1614
1325.0,96,9.600,3.815,13.74,11.10,0.00,1,Coast,100.1614
1326.0,96,9.600,3.778,13.60,11.10,0.00,1,Coast,100.1614
1327.0,97,9.700,3.742,13.47,11.10,0.00,1,Coast,100.1614
1328.0,97,9.700,3.643,13.12,11.10,0.00,1,Coast,100.1614
1329.0,97,9.700,3.545,12.76,11.10,0.00,1,Coast,100.1614
1330.0,97,9.700,3.447,12.41,11.10,0.00,1,Coast,100.1614
1331.0,97,9.700,3.348,12.05,11.10,0.00,1,Coast,100.1614
1332.0,97,9.700,3.250,11.70,11.10,0.00,1,Coast,100.1614
1333.0,97,9.700,3.152,11.35,11.10,0.00,1,Coast,100.1614
1334.0,97,9.700,3.054,11.00,11.10,0.00,1,Coast,100.1614
1335.0,97,9.700,2.956,10.64,11.10,0.00,1,Coast,100.1614
1336.0,97,9.700,2.858,10.29,11.10,0.00,1,Coast,100.1614
1337.0,97,9.700,2.760,9.94,11.10,0.00,1,Coast,100.1614
1338.0,97,9.700,2.663,9.59,11.10,0.00,1,Coast,100.1614
1339.0,97,9.700,2.565,9.23,11.10,0.00,3,Power,100.1614
1340.0,97,9.700,3.165,11.39,11.10,0.00,1,Coast,101.1533
1341.0,97,9.700,3.067,11.04,11.10,0.00,1,Coast,101.1533
1342.0,97,9.700,2.969,10.69,11.10,0.00,1,Coast,101.1533
1343.0,97,9.700,2.871,10.34,11.10,0.00,1,Coast,101.1533
1344.0,97,9.700,2.773,9.98,11.10,0.00,1,Coast,101.1533
1345.0,97,9.700,2.675,9.63,11.10,0.00,1,Coast,101.1533
1346.0,97,9.700,2.577,9.28,11.10,0.00,3,Power,101.1533
1347.0,97,9.700,3.177,11.44,11.10,0.00,1,Coast,102.1496
1348.0,97,9.700,3.079,11.09,11.10,0.00,1,Coast,102.1496
1349.0,97,9.700,2.981,10.73,11.10,0.00,1,Coast,102.1496
1350.0,97,9.700,2.883,10.38,11.10,0.00,1,Coast,102.1496
1351.0,97,9.700,2.785,10.03,11.10,0.00,1,Coast,102.1496
1352.0,97,9.700,2.688,9.68,11.10,0.00,1,Coast,102.1496
1353.0,97,9.700,2.590,9.32,11.10,0.00,3,Power,102.1496
1354.0,97,9.700,3.190,11.48,11.10,0.00,1,Coast,103.1501
1355.0,97,9.700,3.092,11.13,11.10,0.00,1,Coast,103.1501
1356.0,97,9.700,2.994,10.78,11.10,0.00,1,Coast,103.1501
1357.0,97,9.700,2.896,10.43,11.10,0.00,1,Coast,103.1501
1358.0,97,9.700,2.798,10.07,11.10,0.00,1,Coast,103.1501
1359.0,97,9.700,2.700,9.72,11.10,0.00,1,Coast,103.1501
1360.0,98,9.800,2.602,9.37,11.10,0.00,1,Coast,103.1501
1361.0,98,9.800,2.545,9.16,11.10,0.00,1,Coast,103.1501
1362.0,98,9.800,2.489,8.96,11.10,0.00,1,Coast,103.1501
1363.0,98,9.800,2.432,8.76,11.10,0.00,1,Coast,103.1501
1364.0,98,9.800,2.375,8.55,11.10,0.00,1,Coast,103.1501
1365.0,98,9.800,2.319,8.35,11.10,0.00,1,Coast,103.1501
1366.0,98,9.800,2.262,8.14,11.10,0.00,1,Coast,103.1501
1367.0,98,9.800,2.205,7.94,11.10,0.00,1,Coast,103.1501
1368.0,98,9.800,2.149,7.73,11.10,0.00,1,Coast,103.1501
1369.0,98,9.800,2.092,7.53,11.10,0.00,1,Coast,103.1501
1370.0,98,9.800,2.035,7.33,11.10,0.00,3,Power,103.1501
1371.0,98,9.800,2.635,9.49,11.10,0.00,1,Coast,103.9587
1372.0,98,9.800,2.579,9.28,11.10,0.00,1,Coast,103.9587
1373.0,98,9.800,2.522,9.08,11.10,0.00,1,Coast,103.9587
1374.0,98,9.800,2.465,8.87,11.10,0.00,1,Coast,103.9587
1375.0,98,9.800,2.408,8.67,11.10,0.00,1,Coast,103.9587
1376.0,98,9.800,2.352,8.47,11.10,0.00,1,Coast,103.9587
1377.0,98,9.800,2.295,8.26,11.10,0.00,1,Coast,103.9587
1378.0,98,9.800,2.238,8.06,11.10,0.00,1,Coast,103.9587
1379.0,98,9.800,2.182,7.85,11.10,0.00,1,Coast,103.9587
1380.0,98,9.800,2.125,7.65,11.10,0.00,1,Coast,103.9587
1381.0,98,9.800,2.068,7.45,11.10,0.00,1,Coast,103.9587
1382.0,98,9.800,2.012,7.24,11.10,0.00,3,Power,103.9587
1383.0,98,9.800,2.612,9.40,11.10,0.00,1,Coast,104.7592
1384.0,98,9.800,2.555,9.20,11.10,0.00,1,Coast,104.7592
1385.0,98,9.800,2.498,8.99,11.10,0.00,1,Coast,104.7592
1386.0,98,9.800,2.442,8.79,11.10,0.00,1,Coast,104.7592
1387.0,98,9.800,2.385,8.59,11.10,0.00,1,Coast,104.7592
1388.0,98,9.800,2.328,8.38,11.10,0.00,1,Coast,104.7592
1389.0,98,9.800,2.271,8.18,11.10,0.00,1,Coast,104.7592
1390.0,98,9.800,2.215,7.97,11.10,0.00,1,Coast,104.7592
1391.0,98,9.800,2.158,7.77,11.10,0.00,1,Coast,104.7592
1392.0,98,9.800,2.102,7.57,11.10,0.00,1,Coast,104.7592
1393.0,98,9.800,2.045,7.36,11.10,0.00,3,Power,104.7592
1394.0,98,9.800,2.645,9.52,11.10,0.00,1,Coast,105.5711
1395.0,98,9.800,2.588,9.32,11.10,0.00,1,Coast,105.5711
1396.0,98,9.800,2.531,9.11,11.10,0.00,1,Coast,105.5711
1397.0,98,9.800,2.475,8.91,11.10,0.00,1,Coast,105.5711
1398.0,98,9.800,2.418,8.70,11.10,0.00,1,Coast,105.5711
1399.0,98,9.800,2.361,8.50,11.10,0.00,1,Coast,105.5711
1400.0,98,9.800,2.304,8.30,11.10,0.00,1,Coast,105.5711
1401.0,98,9.800,2.248,8.09,11.10,0.00,1,Coast,105.5711
1402.0,99,9.900,2.191,7.89,11.10,0.00,2,Cruise,105.5711
1403.0,99,9.900,2.419,8.71,11.10,0.00,2,Cruise,105.5711
1404.0,99,9.900,2.646,9.53,11.10,0.00,2,Cruise,105.5711
1405.0,99,9.900,2.873,10.34,11.10,0.00,2,Cruise,105.5711
1406.0,99,9.900,3.100,11.16,11.10,0.00,2,Cruise,105.5711
1407.0,99,9.900,3.327,11.98,11.10,0.00,2,Cruise,105.5711
1408.0,99,9.900,3.554,12.80,11.10,0.00,2,Cruise,105.5711
1409.0,99,9.900,3.781,13.61,11.10,0.00,2,Cruise,105.5711
1410.0,99,9.900,4.008,14.43,11.10,0.00,2,Cruise,105.5711
1411.0,99,9.900,4.234,15.24,11.10,0.00,2,Cruise,105.5711
1412.0,99,9.900,4.460,16.06,11.10,0.00,2,Cruise,105.5711
1413.0,99,9.900,4.687,16.87,11.10,0.00,2,Cruise,105.5711
1414.0,99,9.900,4.913,17.69,11.10,0.00,2,Cruise,105.5711
1415.0,99,9.900,5.139,18.50,11.10,0.00,2,Cruise,105.5711
1416.0,99,9.900,5.364,19.31,11.10,0.00,2,Cruise,105.5711
1417.0,99,9.900,5.590,20.12,11.10,0.00,2,Cruise,105.5711
1418.0,99,9.900,5.816,20.94,11.10,0.00,2,Cruise,105.5711
1419.0,99,9.900,6.041,21.75,11.10,0.00,2,Cruise,105.5711
1420.0,99,9.900,6.266,22.56,11.10,0.00,2,Cruise,105.5711
1421.0,99,9.900,6.491,23.37,11.10,0.00,2,Cruise,105.5711
1422.0,99,9.900,6.716,24.18,11.10,0.00,2,Cruise,105.5711
1423.0,99,9.900,6.941,24.99,11.10,0.00,2,Cruise,105.5711
1424.0,100,10.000,7.165,25.80,11.10,0.00,1,Coast,105.5711
1425.0,100,10.000,7.053,25.39,11.10,0.00,1,Coast,105.5711
1426.0,100,10.000,6.940,24.99,11.10,0.00,1,Coast,105.5711
1427.0,100,10.000,6.828,24.58,11.10,0.00,1,Coast,105.5711
1428.0,100,10.000,6.716,24.18,11.10,0.00,1,Coast,105.5711
1429.0,100,10.000,6.604,23.77,11.10,0.00,1,Coast,105.5711
1430.0,100,10.000,6.492,23.37,11.10,0.00,1,Coast,105.5711
1431.0,100,10.000,6.380,22.97,11.10,0.00,1,Coast,105.5711
1432.0,100,10.000,6.268,22.56,11.10,0.00,1,Coast,105.5711
1433.0,100,10.000,6.156,22.16,11.10,0.00,1,Coast,105.5711
1434.0,100,10.000,6.044,21.76,11.10,0.00,1,Coast,105.5711
1435.0,100,10.000,5.932,21.36,11.10,0.00,1,Coast,105.5711
1436.0,100,10.000,5.821,20.95,11.10,0.00,1,Coast,105.5711
1437.0,100,10.000,5.709,20.55,11.10,0.00,1,Coast,105.5711
1438.0,100,10.000,5.598,20.15,11.10,0.00,1,Coast,105.5711
1439.0,100,10.000,5.486,19.75,11.10,0.00,1,Coast,105.5711
1440.0,101,10.100,5.375,19.35,11.10,0.00,1,Coast,105.5711
1441.0,101,10.100,5.163,18.59,11.10,0.00,1,Coast,105.5711
1442.0,101,10.100,4.950,17.82,11.10,0.00,1,Coast,105.5711
1443.0,101,10.100,4.738,17.06,11.10,0.00,1,Coast,105.5711
1444.0,101,10.100,4.526,16.29,11.10,0.00,1,Coast,105.5711
1445.0,101,10.100,4.314,15.53,11.10,0.00,1,Coast,105.5711
1446.0,101,10.100,4.102,14.77,11.10,0.00,1,Coast,105.5711
1447.0,101,10.100,3.891,14.01,11.10,0.00,1,Coast,105.5711
1448.0,101,10.100,3.679,13.25,11.10,0.00,1,Coast,105.5711
1449.0,101,10.100,3.468,12.48,11.10,0.00,1,Coast,105.5711
1450.0,101,10.100,3.257,11.72,11.10,0.00,1,Coast,105.5711
1451.0,101,10.100,3.045,10.96,11.10,0.00,1,Coast,105.5711
1452.0,101,10.100,2.834,10.20,11.10,0.00,1,Coast,105.5711
1453.0,101,10.100,2.624,9.44,11.10,0.00,3,Power,105.5711
1454.0,101,10.100,3.224,11.60,11.10,0.00,1,Coast,106.5833
1455.0,101,10.100,3.012,10.84,11.10,0.00,1,Coast,106.5833
1456.0,101,10.100,2.801,10.08,11.10,0.00,3,Power,106.5833
1457.0,101,10.100,3.401,12.24,11.10,0.00,1,Coast,107.6571
1458.0,101,10.100,3.190,11.48,11.10,0.00,1,Coast,107.6571
1459.0,101,10.100,2.979,10.72,11.10,0.00,1,Coast,107.6571
1460.0,101,10.100,2.768,9.96,11.10,0.00,3,Power,107.6571
1461.0,101,10.100,3.368,12.12,11.10,0.00,1,Coast,108.7194
1462.0,101,10.100,3.157,11.36,11.10,0.00,1,Coast,108.7194
1463.0,101,10.100,2.946,10.60,11.10,0.00,1,Coast,108.7194
1464.0,101,10.100,2.735,9.84,11.10,0.00,3,Power,108.7194
1465.0,101,10.100,3.335,12.00,11.10,0.00,1,Coast,109.7701
1466.0,101,10.100,3.123,11.24,11.10,0.00,1,Coast,109.7701
1467.0,101,10.100,2.912,10.48,11.10,0.00,1,Coast,109.7701
1468.0,102,10.200,2.701,9.73,1.00,0.00,2,Cruise,109.7701
1469.0,102,10.200,2.701,9.73,1.00,0.00,2,Cruise,109.7828
1470.0,102,10.200,2.701,9.73,1.00,0.00,2,Cruise,109.7954
1471.0,102,10.200,2.701,9.73,1.00,0.00,2,Cruise,109.8081
1472.0,102,10.200,2.701,9.73,1.00,0.00,2,Cruise,109.8208
1473.0,102,10.200,2.701,9.73,1.00,0.00,2,Cruise,109.8335
1474.0,102,10.200,2.701,9.73,1.00,0.00,2,Cruise,109.8462
1475.0,102,10.200,2.701,9.73,1.00,0.00,2,Cruise,109.8589
1476.0,102,10.200,2.701,9.73,1.00,0.00,2,Cruise,109.8716
1477.0,102,10.200,2.701,9.73,1.00,0.00,2,Cruise,109.8843
1478.0,102,10.200,2.701,9.73,1.00,0.00,2,Cruise,109.8970
1479.0,102,10.200,2.701,9.73,1.00,0.00,2,Cruise,109.9097
1480.0,102,10.200,2.701,9.73,1.00,0.00,2,Cruise,109.9224
1481.0,102,10.200,2.701,9.73,1.00,0.00,2,Cruise,109.9351
1482.0,102,10.200,2.701,9.73,1.00,0.00,2,Cruise,109.9478
1483.0,102,10.200,2.701,9.73,1.00,0.00,2,Cruise,109.9605
1484.0,102,10.200,2.701,9.73,1.00,0.00,2,Cruise,109.9732
1485.0,102,10.200,2.701,9.73,1.00,0.00,2,Cruise,109.9859
1486.0,102,10.200,2.701,9.73,1.00,0.00,2,Cruise,109.9986
1487.0,102,10.200,2.701,9.73,1.00,0.00,2,Cruise,110.0113
1488.0,102,10.200,2.701,9.73,1.00,0.00,2,Cruise,110.0239
1489.0,102,10.200,2.701,9.73,1.00,0.00,2,Cruise,110.0366
1490.0,102,10.200,2.701,9.73,1.00,0.00,2,Cruise,110.0493
1491.0,102,10.200,2.701,9.73,1.00,0.00,2,Cruise,110.0620
1492.0,102,10.200,2.701,9.73,1.00,0.00,2,Cruise,110.0747
1493.0,102,10.200,2.701,9.73,1.00,0.00,2,Cruise,110.0874
1494.0,102,10.200,2.701,9.73,1.00,0.00,2,Cruise,110.1001
1495.0,102,10.200,2.701,9.73,1.00,0.00,2,Cruise,110.1128
1496.0,102,10.200,2.701,9.73,1.00,0.00,2,Cruise,110.1255
1497.0,102,10.200,2.701,9.73,1.00,0.00,2,Cruise,110.1382
1498.0,102,10.200,2.701,9.73,1.00,0.00,2,Cruise,110.1509
1499.0,102,10.200,2.701,9.73,1.00,0.00,2,Cruise,110.1636
1500.0,102,10.200,2.701,9.73,1.00,0.00,2,Cruise,110.1763
1501.0,102,10.200,2.701,9.73,1.00,0.00,2,Cruise,110.1890
1502.0,102,10.200,2.701,9.73,1.00,0.00,2,Cruise,110.2017
1503.0,102,10.200,2.701,9.73,1.00,0.00,2,Cruise,110.2144
1504.0,102,10.200,2.701,9.73,1.00,0.00,2,Cruise,110.2271
1505.0,103,10.300,2.701,9.73,11.10,0.00,3,Power,110.2398
1506.0,103,10.300,3.301,11.89,11.10,0.00,3,Power,111.2789
1507.0,103,10.300,3.901,14.05,11.10,0.00,3,Power,112.3819
1508.0,103,10.300,4.501,16.21,11.10,0.00,3,Power,113.4708
1509.0,103,10.300,5.101,18.37,11.10,0.00,3,Power,114.5493
1510.0,103,10.300,5.701,20.53,11.10,0.00,3,Power,115.6199
1511.0,103,10.300,6.301,22.69,11.10,0.00,3,Power,116.6842
1512.0,103,10.300,6.901,24.85,11.10,0.00,2,Cruise,117.7434
1513.0,103,10.300,6.901,24.85,11.10,0.00,2,Cruise,117.7688
1514.0,103,10.300,6.901,24.85,11.10,0.00,2,Cruise,117.7941
1515.0,103,10.300,6.901,24.85,11.10,0.00,2,Cruise,117.8194
1516.0,103,10.300,6.901,24.85,11.10,0.00,2,Cruise,117.8447
1517.0,103,10.300,6.901,24.85,11.10,0.00,2,Cruise,117.8700
1518.0,103,10.300,6.901,24.85,11.10,0.00,2,Cruise,117.8954
1519.0,103,10.300,6.901,24.85,11.10,0.00,2,Cruise,117.9207
1520.0,103,10.300,6.901,24.85,11.10,0.00,2,Cruise,117.9460
1521.0,103,10.300,6.901,24.85,11.10,0.00,2,Cruise,117.9713
1522.0,104,10.400,6.901,24.85,11.10,0.00,2,Cruise,117.9967
1523.0,104,10.400,7.170,25.81,11.10,0.00,2,Cruise,117.9967
1524.0,104,10.400,7.439,26.78,11.10,0.00,2,Cruise,117.9967
1525.0,104,10.400,7.708,27.75,11.10,0.00,2,Cruise,117.9967
1526.0,104,10.400,7.976,28.71,11.10,0.00,2,Cruise,117.9967
1527.0,104,10.400,8.244,29.68,11.10,0.00,2,Cruise,117.9967
1528.0,104,10.400,8.512,30.64,11.10,0.00,2,Cruise,117.9967
1529.0,104,10.400,8.780,31.61,11.10,0.00,2,Cruise,117.9967
1530.0,104,10.400,9.047,32.57,11.10,0.00,2,Cruise,117.9967
1531.0,104,10.400,9.315,33.53,11.10,0.00,2,Cruise,117.9967
1532.0,104,10.400,9.582,34.49,11.10,0.00,2,Cruise,117.9967
1533.0,104,10.400,9.848,35.45,11.10,0.00,2,Cruise,117.9967
1534.0,105,10.500,10.115,36.41,11.10,0.00,1,Coast,117.9967
1535.0,105,10.500,9.837,35.41,11.10,0.00,1,Coast,117.9967
1536.0,105,10.500,9.558,34.41,11.10,0.00,3,Power,117.9967
1537.0,105,10.500,10.158,36.57,11.10,0.00,1,Coast,119.0395
1538.0,105,10.500,9.880,35.57,11.10,0.00,1,Coast,119.0395
1539.0,105,10.500,9.602,34.57,11.10,0.00,3,Power,119.0395
1540.0,105,10.500,10.202,36.73,11.10,0.00,1,Coast,120.0822
1541.0,105,10.500,9.923,35.72,11.10,0.00,1,Coast,120.0822
1542.0,105,10.500,9.645,34.72,11.10,0.00,1,Coast,120.0822
1543.0,105,10.500,9.367,33.72,11.10,0.00,3,Power,120.0822
1544.0,106,10.600,9.967,35.88,11.10,0.00,2,Cruise,121.1257
1545.0,106,10.600,9.967,35.88,11.10,0.00,2,Cruise,121.1763
1546.0,106,10.600,9.967,35.88,11.10,0.00,2,Cruise,121.2269
1547.0,106,10.600,9.967,35.88,11.10,0.00,2,Cruise,121.2774
1548.0,106,10.600,9.967,35.88,11.10,0.00,2,Cruise,121.3280
1549.0,106,10.600,9.967,35.88,11.10,0.00,2,Cruise,121.3786
1550.0,106,10.600,9.967,35.88,11.10,0.00,2,Cruise,121.4291
1551.0,106,10.600,9.967,35.88,11.10,0.00,2,Cruise,121.4797
1552.0,106,10.600,9.967,35.88,11.10,0.00,2,Cruise,121.5303
1553.0,106,10.600,9.967,35.88,11.10,0.00,2,Cruise,121.5809
1554.0,107,10.700,9.967,35.88,11.10,0.00,2,Cruise,121.6314
1555.0,107,10.700,9.967,35.88,11.10,0.00,2,Cruise,121.6697
1556.0,107,10.700,9.967,35.88,11.10,0.00,2,Cruise,121.7079
1557.0,107,10.700,9.967,35.88,11.10,0.00,2,Cruise,121.7461
1558.0,107,10.700,9.967,35.88,11.10,0.00,2,Cruise,121.7843
1559.0,107,10.700,9.967,35.88,11.10,0.00,2,Cruise,121.8226
1560.0,107,10.700,9.967,35.88,11.10,0.00,2,Cruise,121.8608
1561.0,107,10.700,9.967,35.88,11.10,0.00,2,Cruise,121.8990
1562.0,107,10.700,9.967,35.88,11.10,0.00,2,Cruise,121.9373
1563.0,107,10.700,9.967,35.88,11.10,0.00,2,Cruise,121.9755
1564.0,108,10.800,9.967,35.88,11.10,0.00,2,Cruise,122.0137
1565.0,108,10.800,9.967,35.88,11.10,0.00,2,Cruise,122.0147
1566.0,108,10.800,9.967,35.88,11.10,0.00,2,Cruise,122.0157
1567.0,108,10.800,9.967,35.88,11.10,0.00,2,Cruise,122.0167
1568.0,108,10.800,9.967,35.88,11.10,0.00,2,Cruise,122.0177
1569.0,108,10.800,9.967,35.88,11.10,0.00,2,Cruise,122.0187
1570.0,108,10.800,9.967,35.88,11.10,0.00,2,Cruise,122.0197
1571.0,108,10.800,9.967,35.88,11.10,0.00,2,Cruise,122.0207
1572.0,108,10.800,9.967,35.88,11.10,0.00,2,Cruise,122.0216
1573.0,108,10.800,9.967,35.88,11.10,0.00,2,Cruise,122.0226
1574.0,109,10.900,9.967,35.88,11.10,0.00,2,Cruise,122.0236
1575.0,109,10.900,9.967,35.88,11.10,0.00,2,Cruise,122.0487
1576.0,109,10.900,9.967,35.88,11.10,0.00,2,Cruise,122.0737
1577.0,109,10.900,9.967,35.88,11.10,0.00,2,Cruise,122.0988
1578.0,109,10.900,9.967,35.88,11.10,0.00,2,Cruise,122.1238
1579.0,109,10.900,9.967,35.88,11.10,0.00,2,Cruise,122.1489
1580.0,109,10.900,9.967,35.88,11.10,0.00,2,Cruise,122.1739
1581.0,109,10.900,9.967,35.88,11.10,0.00,2,Cruise,122.1990
1582.0,109,10.900,9.967,35.88,11.10,0.00,2,Cruise,122.2240
1583.0,109,10.900,9.967,35.88,11.10,0.00,2,Cruise,122.2490
1584.0,110,11.000,9.967,35.88,11.10,0.00,2,Cruise,122.2741
1585.0,110,11.000,9.967,35.88,11.10,0.00,2,Cruise,122.2957
1586.0,110,11.000,9.967,35.88,11.10,0.00,2,Cruise,122.3174
1587.0,110,11.000,9.967,35.88,11.10,0.00,2,Cruise,122.3390
1588.0,110,11.000,9.967,35.88,11.10,0.00,2,Cruise,122.3606
1589.0,110,11.000,9.967,35.88,11.10,0.00,2,Cruise,122.3822
1590.0,110,11.000,9.967,35.88,11.10,0.00,2,Cruise,122.4039
1591.0,110,11.000,9.967,35.88,11.10,0.00,2,Cruise,122.4255
1592.0,110,11.000,9.967,35.88,11.10,0.00,2,Cruise,122.4471
1593.0,110,11.000,9.967,35.88,11.10,0.00,2,Cruise,122.4688
1594.0,111,11.100,9.967,35.88,11.10,0.00,2,Cruise,122.4904
1595.0,111,11.100,9.967,35.88,11.10,0.00,2,Cruise,122.5053
1596.0,111,11.100,9.967,35.88,11.10,0.00,2,Cruise,122.5202
1597.0,111,11.100,9.967,35.88,11.10,0.00,2,Cruise,122.5351
1598.0,111,11.100,9.967,35.88,11.10,0.00,2,Cruise,122.5500
1599.0,111,11.100,9.967,35.88,11.10,0.00,2,Cruise,122.5649
1600.0,111,11.100,9.967,35.88,11.10,0.00,2,Cruise,122.5798
1601.0,111,11.100,9.967,35.88,11.10,0.00,2,Cruise,122.5947
1602.0,111,11.100,9.967,35.88,11.10,0.00,2,Cruise,122.6096
1603.0,111,11.100,9.967,35.88,11.10,0.00,2,Cruise,122.6245
1604.0,112,11.200,9.967,35.88,11.10,0.00,2,Cruise,122.6394
1605.0,112,11.200,9.967,35.88,11.10,0.00,2,Cruise,122.7216
1606.0,112,11.200,9.967,35.88,11.10,0.00,2,Cruise,122.8038
1607.0,112,11.200,9.967,35.88,11.10,0.00,2,Cruise,122.8860
1608.0,112,11.200,9.967,35.88,11.10,0.00,2,Cruise,122.9682
1609.0,112,11.200,9.967,35.88,11.10,0.00,2,Cruise,123.0504
1610.0,112,11.200,9.967,35.88,11.10,0.00,2,Cruise,123.1326
1611.0,112,11.200,9.967,35.88,11.10,0.00,2,Cruise,123.2148
1612.0,112,11.200,9.967,35.88,11.10,0.00,2,Cruise,123.2970
1613.0,112,11.200,9.967,35.88,11.10,0.00,2,Cruise,123.3792
1614.0,113,11.300,9.967,35.88,11.10,0.00,2,Cruise,123.4614
1615.0,113,11.300,9.967,35.88,11.10,0.00,2,Cruise,123.5583
1616.0,113,11.300,9.967,35.88,11.10,0.00,2,Cruise,123.6552
1617.0,113,11.300,9.967,35.88,11.10,0.00,2,Cruise,123.7522
1618.0,113,11.300,9.967,35.88,11.10,0.00,2,Cruise,123.8491
1619.0,113,11.300,9.967,35.88,11.10,0.00,2,Cruise,123.9460
1620.0,113,11.300,9.967,35.88,11.10,0.00,2,Cruise,124.0429
1621.0,113,11.300,9.967,35.88,11.10,0.00,2,Cruise,124.1398
1622.0,113,11.300,9.967,35.88,11.10,0.00,2,Cruise,124.2367
1623.0,113,11.300,9.967,35.88,11.10,0.00,2,Cruise,124.3336
1624.0,114,11.400,9.967,35.88,11.10,0.00,2,Cruise,124.4305
1625.0,114,11.400,9.967,35.88,11.10,0.00,2,Cruise,124.5642
1626.0,114,11.400,9.967,35.88,11.10,0.00,2,Cruise,124.6980
1627.0,114,11.400,9.967,35.88,11.10,0.00,2,Cruise,124.8317
1628.0,114,11.400,9.967,35.88,11.10,0.00,2,Cruise,124.9654
1629.0,114,11.400,9.967,35.88,11.10,0.00,2,Cruise,125.0992
1630.0,114,11.400,9.967,35.88,11.10,0.00,2,Cruise,125.2329
1631.0,114,11.400,9.967,35.88,11.10,0.00,2,Cruise,125.3666
1632.0,114,11.400,9.967,35.88,11.10,0.00,2,Cruise,125.5004
1633.0,114,11.400,9.967,35.88,11.10,0.00,2,Cruise,125.6341
1634.0,115,11.500,9.967,35.88,11.10,0.00,2,Cruise,125.7678
1635.0,115,11.500,9.967,35.88,11.10,0.00,2,Cruise,125.8937
1636.0,115,11.500,9.967,35.88,11.10,0.00,2,Cruise,126.0196
1637.0,115,11.500,9.967,35.88,11.10,0.00,2,Cruise,126.1456
1638.0,115,11.500,9.967,35.88,11.10,0.00,2,Cruise,126.2715
1639.0,115,11.500,9.967,35.88,11.10,0.00,2,Cruise,126.3974
1640.0,115,11.500,9.967,35.88,11.10,0.00,2,Cruise,126.5233
1641.0,115,11.500,9.967,35.88,11.10,0.00,2,Cruise,126.6492
1642.0,115,11.500,9.967,35.88,11.10,0.00,2,Cruise,126.7751
1643.0,115,11.500,9.967,35.88,11.10,0.00,2,Cruise,126.9011
1644.0,116,11.600,9.967,35.88,11.10,0.00,2,Cruise,127.0270
1645.0,116,11.600,9.967,35.88,11.10,0.00,2,Cruise,127.0329
1646.0,116,11.600,9.967,35.88,11.10,0.00,2,Cruise,127.0388
1647.0,116,11.600,9.967,35.88,11.10,0.00,2,Cruise,127.0446
1648.0,116,11.600,9.967,35.88,11.10,0.00,2,Cruise,127.0505
1649.0,116,11.600,9.967,35.88,11.10,0.00,2,Cruise,127.0564
1650.0,116,11.600,9.967,35.88,11.10,0.00,2,Cruise,127.0623
1651.0,116,11.600,9.967,35.88,11.10,0.00,2,Cruise,127.0682
1652.0,116,11.600,9.967,35.88,11.10,0.00,2,Cruise,127.0741
1653.0,116,11.600,9.967,35.88,11.10,0.00,2,Cruise,127.0800
1654.0,117,11.700,9.967,35.88,11.10,0.00,2,Cruise,127.0859
1655.0,117,11.700,9.967,35.88,11.10,0.00,2,Cruise,127.1061
1656.0,117,11.700,9.967,35.88,11.10,0.00,2,Cruise,127.1264
1657.0,117,11.700,9.967,35.88,11.10,0.00,2,Cruise,127.1467
1658.0,117,11.700,9.967,35.88,11.10,0.00,2,Cruise,127.1669
1659.0,117,11.700,9.967,35.88,11.10,0.00,2,Cruise,127.1872
1660.0,117,11.700,9.967,35.88,11.10,0.00,2,Cruise,127.2075
1661.0,117,11.700,9.967,35.88,11.10,0.00,2,Cruise,127.2278
1662.0,117,11.700,9.967,35.88,11.10,0.00,2,Cruise,127.2480
1663.0,117,11.700,9.967,35.88,11.10,0.00,2,Cruise,127.2683
1664.0,118,11.800,9.967,35.88,11.10,0.00,2,Cruise,127.2886
1665.0,118,11.800,9.967,35.88,11.10,0.00,2,Cruise,127.3693
1666.0,118,11.800,9.967,35.88,11.10,0.00,2,Cruise,127.4500
1667.0,118,11.800,9.967,35.88,11.10,0.00,2,Cruise,127.5308
1668.0,118,11.800,9.967,35.88,11.10,0.00,2,Cruise,127.6115
1669.0,118,11.800,9.967,35.88,11.10,0.00,2,Cruise,127.6922
1670.0,118,11.800,9.967,35.88,11.10,0.00,2,Cruise,127.7730
1671.0,118,11.800,9.967,35.88,11.10,0.00,2,Cruise,127.8537
1672.0,118,11.800,9.967,35.88,11.10,0.00,2,Cruise,127.9344
1673.0,118,11.800,9.967,35.88,11.10,0.00,2,Cruise,128.0151
1674.0,119,11.900,9.967,35.88,11.10,0.00,2,Cruise,128.0959
1675.0,119,11.900,9.967,35.88,11.10,0.00,2,Cruise,128.1716
1676.0,119,11.900,9.967,35.88,11.10,0.00,2,Cruise,128.2474
1677.0,119,11.900,9.967,35.88,11.10,0.00,2,Cruise,128.3232
1678.0,119,11.900,9.967,35.88,11.10,0.00,2,Cruise,128.3989
1679.0,119,11.900,9.967,35.88,11.10,0.00,2,Cruise,128.4747
1680.0,119,11.900,9.967,35.88,11.10,0.00,2,Cruise,128.5505
1681.0,119,11.900,9.967,35.88,11.10,0.00,2,Cruise,128.6262
1682.0,119,11.900,9.967,35.88,11.10,0.00,2,Cruise,128.7020
1683.0,119,11.900,9.967,35.88,11.10,0.00,2,Cruise,128.7777
1684.0,119,11.900,9.967,35.88,11.10,0.00,2,Cruise,128.8535
1685.0,120,12.000,9.967,35.88,11.10,0.00,2,Cruise,128.9293
1686.0,120,12.000,9.967,35.88,11.10,0.00,2,Cruise,128.9740
1687.0,120,12.000,9.967,35.88,11.10,0.00,2,Cruise,129.0188
1688.0,120,12.000,9.967,35.88,11.10,0.00,2,Cruise,129.0636
1689.0,120,12.000,9.967,35.88,11.10,0.00,2,Cruise,129.1084
1690.0,120,12.000,9.967,35.88,11.10,0.00,2,Cruise,129.1532
1691.0,120,12.000,9.967,35.88,11.10,0.00,2,Cruise,129.1980
1692.0,120,12.000,9.967,35.88,11.10,0.00,2,Cruise,129.2427
1693.0,120,12.000,9.967,35.88,11.10,0.00,2,Cruise,129.2875
1694.0,120,12.000,9.967,35.88,11.10,0.00,2,Cruise,129.3323
1695.0,121,12.100,9.967,35.88,11.10,0.00,2,Cruise,129.3771
1696.0,121,12.100,9.967,35.88,11.10,0.00,2,Cruise,129.4142
1697.0,121,12.100,9.967,35.88,11.10,0.00,2,Cruise,129.4514
1698.0,121,12.100,9.967,35.88,11.10,0.00,2,Cruise,129.4885
1699.0,121,12.100,9.967,35.88,11.10,0.00,2,Cruise,129.5257
1700.0,121,12.100,9.967,35.88,11.10,0.00,2,Cruise,129.5629
1701.0,121,12.100,9.967,35.88,11.10,0.00,2,Cruise,129.6000
1702.0,121,12.100,9.967,35.88,11.10,0.00,2,Cruise,129.6372
1703.0,121,12.100,9.967,35.88,11.10,0.00,2,Cruise,129.6743
1704.0,121,12.100,9.967,35.88,11.10,0.00,2,Cruise,129.7115
1705.0,122,12.200,9.967,35.88,11.10,0.00,2,Cruise,129.7487
1706.0,122,12.200,10.001,36.00,11.10,0.00,2,Cruise,129.7487
1707.0,122,12.200,10.035,36.13,11.10,0.00,2,Cruise,129.7487
1708.0,122,12.200,10.069,36.25,11.10,0.00,2,Cruise,129.7487
1709.0,122,12.200,10.102,36.37,11.10,0.00,2,Cruise,129.7487
1710.0,122,12.200,10.136,36.49,11.10,0.00,2,Cruise,129.7487
1711.0,122,12.200,10.170,36.61,11.10,0.00,2,Cruise,129.7487
1712.0,122,12.200,10.203,36.73,11.10,0.00,2,Cruise,129.7487
1713.0,122,12.200,10.237,36.85,11.10,0.00,2,Cruise,129.7487
1714.0,123,12.300,10.270,36.97,11.10,0.00,2,Cruise,129.7487
1715.0,123,12.300,10.270,36.97,11.10,0.00,2,Cruise,129.7525
1716.0,123,12.300,10.270,36.97,11.10,0.00,2,Cruise,129.7564
1717.0,123,12.300,10.270,36.97,11.10,0.00,2,Cruise,129.7602
1718.0,123,12.300,10.270,36.97,11.10,0.00,2,Cruise,129.7641
1719.0,123,12.300,10.270,36.97,11.10,0.00,2,Cruise,129.7680
1720.0,123,12.300,10.270,36.97,11.10,0.00,2,Cruise,129.7718
1721.0,123,12.300,10.270,36.97,11.10,0.00,2,Cruise,129.7757
1722.0,123,12.300,10.270,36.97,11.10,0.00,2,Cruise,129.7795
1723.0,123,12.300,10.270,36.97,11.10,0.00,2,Cruise,129.7834
1724.0,124,12.400,10.270,36.97,11.10,0.00,2,Cruise,129.7872
1725.0,124,12.400,10.270,36.97,11.10,0.00,2,Cruise,129.8033
1726.0,124,12.400,10.270,36.97,11.10,0.00,2,Cruise,129.8193
1727.0,124,12.400,10.270,36.97,11.10,0.00,2,Cruise,129.8353
1728.0,124,12.400,10.270,36.97,11.10,0.00,2,Cruise,129.8513
1729.0,124,12.400,10.270,36.97,11.10,0.00,2,Cruise,129.8673
1730.0,124,12.400,10.270,36.97,11.10,0.00,2,Cruise,129.8833
1731.0,124,12.400,10.270,36.97,11.10,0.00,2,Cruise,129.8993
1732.0,124,12.400,10.270,36.97,11.10,0.00,2,Cruise,129.9153
1733.0,124,12.400,10.270,36.97,11.10,0.00,2,Cruise,129.9313
1734.0,125,12.500,10.270,36.97,11.10,0.00,2,Cruise,129.9473
1735.0,125,12.500,10.270,36.97,11.10,0.00,2,Cruise,130.0000
1736.0,125,12.500,10.270,36.97,11.10,0.00,2,Cruise,130.0527
1737.0,125,12.500,10.270,36.97,11.10,0.00,2,Cruise,130.1055
1738.0,125,12.500,10.270,36.97,11.10,0.00,2,Cruise,130.1582
1739.0,125,12.500,10.270,36.97,11.10,0.00,2,Cruise,130.2109
1740.0,125,12.500,10.270,36.97,11.10,0.00,2,Cruise,130.2636
1741.0,125,12.500,10.270,36.97,11.10,0.00,2,Cruise,130.3163
1742.0,125,12.500,10.270,36.97,11.10,0.00,2,Cruise,130.3691
1743.0,125,12.500,10.270,36.97,11.10,0.00,2,Cruise,130.4218
1744.0,126,12.600,10.270,36.97,11.10,0.00,2,Cruise,130.4745
1745.0,126,12.600,10.270,36.97,11.10,0.00,2,Cruise,130.5292
1746.0,126,12.600,10.270,36.97,11.10,0.00,2,Cruise,130.5838
1747.0,126,12.600,10.270,36.97,11.10,0.00,2,Cruise,130.6384
1748.0,126,12.600,10.270,36.97,11.10,0.00,2,Cruise,130.6931
1749.0,126,12.600,10.270,36.97,11.10,0.00,2,Cruise,130.7477
1750.0,126,12.600,10.270,36.97,11.10,0.00,2,Cruise,130.8023
1751.0,126,12.600,10.270,36.97,11.10,0.00,2,Cruise,130.8570
1752.0,126,12.600,10.270,36.97,11.10,0.00,2,Cruise,130.9116
1753.0,127,12.700,10.270,36.97,11.10,0.00,1,Coast,130.9663
1754.0,127,12.700,10.141,36.51,11.10,0.00,1,Coast,130.9663
1755.0,127,12.700,10.013,36.05,11.10,0.00,1,Coast,130.9663
1756.0,127,12.700,9.884,35.58,11.10,0.00,2,Cruise,130.9663
1757.0,127,12.700,9.884,35.58,11.10,0.00,2,Cruise,131.1157
1758.0,127,12.700,9.884,35.58,11.10,0.00,2,Cruise,131.2651
1759.0,127,12.700,9.884,35.58,11.10,0.00,2,Cruise,131.4146
1760.0,127,12.700,9.884,35.58,11.10,0.00,2,Cruise,131.5640
1761.0,127,12.700,9.884,35.58,11.10,0.00,2,Cruise,131.7135
1762.0,127,12.700,9.884,35.58,11.10,0.00,2,Cruise,131.8629
1763.0,128,12.800,9.884,35.58,11.10,0.00,2,Cruise,132.0123
1764.0,128,12.800,9.884,35.58,11.10,0.00,2,Cruise,132.0882
1765.0,128,12.800,9.884,35.58,11.10,0.00,2,Cruise,132.1641
1766.0,128,12.800,9.884,35.58,11.10,0.00,2,Cruise,132.2399
1767.0,128,12.800,9.884,35.58,11.10,0.00,2,Cruise,132.3158
1768.0,128,12.800,9.884,35.58,11.10,0.00,2,Cruise,132.3916
1769.0,128,12.800,9.884,35.58,11.10,0.00,2,Cruise,132.4675
1770.0,128,12.800,9.884,35.58,11.10,0.00,2,Cruise,132.5434
1771.0,128,12.800,9.884,35.58,11.10,0.00,2,Cruise,132.6192
1772.0,128,12.800,9.884,35.58,11.10,0.00,2,Cruise,132.6951
1773.0,128,12.800,9.884,35.58,11.10,0.00,2,Cruise,132.7710
1774.0,129,12.900,9.884,35.58,11.10,0.00,2,Cruise,132.8468
1775.0,129,12.900,9.884,35.58,11.10,0.00,2,Cruise,132.9599
1776.0,129,12.900,9.884,35.58,11.10,0.00,2,Cruise,133.0729
1777.0,129,12.900,9.884,35.58,11.10,0.00,2,Cruise,133.1859
1778.0,129,12.900,9.884,35.58,11.10,0.00,2,Cruise,133.2990
1779.0,129,12.900,9.884,35.58,11.10,0.00,2,Cruise,133.4120
1780.0,129,12.900,9.884,35.58,11.10,0.00,2,Cruise,133.5251
1781.0,129,12.900,9.884,35.58,11.10,0.00,2,Cruise,133.6381
1782.0,129,12.900,9.884,35.58,11.10,0.00,2,Cruise,133.7511
1783.0,129,12.900,9.884,35.58,11.10,0.00,2,Cruise,133.8642
1784.0,130,13.000,9.884,35.58,11.10,0.00,1,Coast,133.9772
1785.0,130,13.000,9.731,35.03,11.10,0.00,1,Coast,133.9772
1786.0,130,13.000,9.579,34.48,11.10,0.00,1,Coast,133.9772
1787.0,130,13.000,9.426,33.93,11.10,0.00,2,Cruise,133.9772
1788.0,130,13.000,9.426,33.93,11.10,0.00,2,Cruise,134.1461
1789.0,130,13.000,9.426,33.93,11.10,0.00,2,Cruise,134.3150
1790.0,130,13.000,9.426,33.93,11.10,0.00,2,Cruise,134.4838
1791.0,130,13.000,9.426,33.93,11.10,0.00,2,Cruise,134.6527
1792.0,130,13.000,9.426,33.93,11.10,0.00,2,Cruise,134.8216
1793.0,130,13.000,9.426,33.93,11.10,0.00,2,Cruise,134.9905
1794.0,131,13.100,9.426,33.93,11.10,0.00,2,Cruise,135.1594
1795.0,131,13.100,9.426,33.93,11.10,0.00,2,Cruise,135.3449
1796.0,131,13.100,9.426,33.93,11.10,0.00,2,Cruise,135.5304
1797.0,131,13.100,9.426,33.93,11.10,0.00,2,Cruise,135.7159
1798.0,131,13.100,9.426,33.93,11.10,0.00,2,Cruise,135.9014
1799.0,131,13.100,9.426,33.93,11.10,0.00,2,Cruise,136.0869
1800.0,131,13.100,9.426,33.93,11.10,0.00,2,Cruise,136.2725
1801.0,131,13.100,9.426,33.93,11.10,0.00,2,Cruise,136.4580
1802.0,131,13.100,9.426,33.93,11.10,0.00,2,Cruise,136.6435
1803.0,131,13.100,9.426,33.93,11.10,0.00,2,Cruise,136.8290
1804.0,131,13.100,9.426,33.93,11.10,0.00,2,Cruise,137.0145
1805.0,132,13.200,9.426,33.93,11.10,0.00,2,Cruise,137.2000
1806.0,132,13.200,9.426,33.93,11.10,0.00,2,Cruise,137.2569
1807.0,132,13.200,9.426,33.93,11.10,0.00,2,Cruise,137.3138
1808.0,132,13.200,9.426,33.93,11.10,0.00,2,Cruise,137.3706
1809.0,132,13.200,9.426,33.93,11.10,0.00,2,Cruise,137.4275
1810.0,132,13.200,9.426,33.93,11.10,0.00,2,Cruise,137.4843
1811.0,132,13.200,9.426,33.93,11.10,0.00,2,Cruise,137.5412
1812.0,132,13.200,9.426,33.93,11.10,0.00,2,Cruise,137.5981
1813.0,132,13.200,9.426,33.93,11.10,0.00,2,Cruise,137.6549
1814.0,132,13.200,9.426,33.93,11.10,0.00,2,Cruise,137.7118
1815.0,133,13.300,9.426,33.93,11.10,0.00,2,Cruise,137.7687
1816.0,133,13.300,9.426,33.93,11.10,0.00,2,Cruise,137.8327
1817.0,133,13.300,9.426,33.93,11.10,0.00,2,Cruise,137.8968
1818.0,133,13.300,9.426,33.93,11.10,0.00,2,Cruise,137.9609
1819.0,133,13.300,9.426,33.93,11.10,0.00,2,Cruise,138.0249
1820.0,133,13.300,9.426,33.93,11.10,0.00,2,Cruise,138.0890
1821.0,133,13.300,9.426,33.93,11.10,0.00,2,Cruise,138.1531
1822.0,133,13.300,9.426,33.93,11.10,0.00,2,Cruise,138.2171
1823.0,133,13.300,9.426,33.93,11.10,0.00,2,Cruise,138.2812
1824.0,133,13.300,9.426,33.93,11.10,0.00,2,Cruise,138.3453
1825.0,133,13.300,9.426,33.93,11.10,0.00,2,Cruise,138.4093
1826.0,134,13.400,9.426,33.93,11.10,0.00,2,Cruise,138.4734
1827.0,134,13.400,9.426,33.93,11.10,0.00,2,Cruise,138.5589
1828.0,134,13.400,9.426,33.93,11.10,0.00,2,Cruise,138.6445
1829.0,134,13.400,9.426,33.93,11.10,0.00,2,Cruise,138.7301
1830.0,134,13.400,9.426,33.93,11.10,0.00,2,Cruise,138.8156
1831.0,134,13.400,9.426,33.93,11.10,0.00,2,Cruise,138.9012
1832.0,134,13.400,9.426,33.93,11.10,0.00,2,Cruise,138.9867
1833.0,134,13.400,9.426,33.93,11.10,0.00,2,Cruise,139.0723
1834.0,134,13.400,9.426,33.93,11.10,0.00,2,Cruise,139.1578
1835.0,134,13.400,9.426,33.93,11.10,0.00,2,Cruise,139.2434
1836.0,134,13.400,9.426,33.93,11.10,0.00,2,Cruise,139.3289
1837.0,135,13.500,9.426,33.93,11.10,0.00,1,Coast,139.4145
1838.0,135,13.500,9.216,33.18,11.10,0.00,1,Coast,139.4145
1839.0,135,13.500,9.006,32.42,11.10,0.00,1,Coast,139.4145
1840.0,135,13.500,8.797,31.67,11.10,0.00,2,Cruise,139.4145
1841.0,135,13.500,8.797,31.67,11.10,0.00,2,Cruise,139.6313
1842.0,135,13.500,8.797,31.67,11.10,0.00,2,Cruise,139.8481
1843.0,135,13.500,8.797,31.67,11.10,0.00,2,Cruise,140.0650
1844.0,135,13.500,8.797,31.67,11.10,0.00,2,Cruise,140.2818
1845.0,135,13.500,8.797,31.67,11.10,0.00,2,Cruise,140.4986
1846.0,135,13.500,8.797,31.67,11.10,0.00,2,Cruise,140.7155
1847.0,135,13.500,8.797,31.67,11.10,0.00,2,Cruise,140.9323
1848.0,136,13.600,8.797,31.67,11.10,0.00,2,Cruise,141.1492
1849.0,136,13.600,8.797,31.67,11.10,0.00,2,Cruise,141.2938
1850.0,136,13.600,8.797,31.67,11.10,0.00,2,Cruise,141.4384
1851.0,136,13.600,8.797,31.67,11.10,0.00,2,Cruise,141.5830
1852.0,136,13.600,8.797,31.67,11.10,0.00,2,Cruise,141.7276
1853.0,136,13.600,8.797,31.67,11.10,0.00,2,Cruise,141.8722
1854.0,136,13.600,8.797,31.67,11.10,0.00,2,Cruise,142.0168
1855.0,136,13.600,8.797,31.67,11.10,0.00,2,Cruise,142.1614
1856.0,136,13.600,8.797,31.67,11.10,0.00,2,Cruise,142.3060
1857.0,136,13.600,8.797,31.67,11.10,0.00,2,Cruise,142.4506
1858.0,136,13.600,8.797,31.67,11.10,0.00,2,Cruise,142.5952
1859.0,137,13.700,8.797,31.67,11.10,0.00,2,Cruise,142.7398
1860.0,137,13.700,8.797,31.67,11.10,0.00,2,Cruise,142.8168
1861.0,137,13.700,8.797,31.67,11.10,0.00,2,Cruise,142.8938
1862.0,137,13.700,8.797,31.67,11.10,0.00,2,Cruise,142.9708
1863.0,137,13.700,8.797,31.67,11.10,0.00,2,Cruise,143.0478
1864.0,137,13.700,8.797,31.67,11.10,0.00,2,Cruise,143.1248
1865.0,137,13.700,8.797,31.67,11.10,0.00,2,Cruise,143.2018
1866.0,137,13.700,8.797,31.67,11.10,0.00,2,Cruise,143.2788
1867.0,137,13.700,8.797,31.67,11.10,0.00,2,Cruise,143.3558
1868.0,137,13.700,8.797,31.67,11.10,0.00,2,Cruise,143.4327
1869.0,137,13.700,8.797,31.67,11.10,0.00,2,Cruise,143.5097
1870.0,137,13.700,8.797,31.67,11.10,0.00,2,Cruise,143.5867
1871.0,138,13.800,8.797,31.67,11.10,0.00,2,Cruise,143.6637
1872.0,138,13.800,8.797,31.67,11.10,0.00,2,Cruise,143.8051
1873.0,138,13.800,8.797,31.67,11.10,0.00,2,Cruise,143.9464
1874.0,138,13.800,8.797,31.67,11.10,0.00,2,Cruise,144.0878
1875.0,138,13.800,8.797,31.67,11.10,0.00,2,Cruise,144.2291
1876.0,138,13.800,8.797,31.67,11.10,0.00,2,Cruise,144.3704
1877.0,138,13.800,8.797,31.67,11.10,0.00,2,Cruise,144.5118
1878.0,138,13.800,8.797,31.67,11.10,0.00,2,Cruise,144.6531
1879.0,138,13.800,8.797,31.67,11.10,0.00,2,Cruise,144.7945
1880.0,138,13.800,8.797,31.67,11.10,0.00,2,Cruise,144.9358
1881.0,138,13.800,8.797,31.67,11.10,0.00,2,Cruise,145.0771
1882.0,139,13.900,8.797,31.67,11.10,0.00,2,Cruise,145.2185
1883.0,139,13.900,8.797,31.67,11.10,0.00,2,Cruise,145.3294
1884.0,139,13.900,8.797,31.67,11.10,0.00,2,Cruise,145.4404
1885.0,139,13.900,8.797,31.67,11.10,0.00,2,Cruise,145.5513
1886.0,139,13.900,8.797,31.67,11.10,0.00,2,Cruise,145.6623
1887.0,139,13.900,8.797,31.67,11.10,0.00,2,Cruise,145.7732
1888.0,139,13.900,8.797,31.67,11.10,0.00,2,Cruise,145.8842
1889.0,139,13.900,8.797,31.67,11.10,0.00,2,Cruise,145.9951
1890.0,139,13.900,8.797,31.67,11.10,0.00,2,Cruise,146.1061
1891.0,139,13.900,8.797,31.67,11.10,0.00,2,Cruise,146.2170
1892.0,139,13.900,8.797,31.67,11.10,0.00,2,Cruise,146.3280
1893.0,140,14.000,8.797,31.67,11.10,0.00,2,Cruise,146.4389
1894.0,140,14.000,8.797,31.67,11.10,0.00,2,Cruise,146.4913
1895.0,140,14.000,8.797,31.67,11.10,0.00,2,Cruise,146.5437
1896.0,140,14.000,8.797,31.67,11.10,0.00,2,Cruise,146.5961
1897.0,140,14.000,8.797,31.67,11.10,0.00,2,Cruise,146.6485
1898.0,140,14.000,8.797,31.67,11.10,0.00,2,Cruise,146.7009
1899.0,140,14.000,8.797,31.67,11.10,0.00,2,Cruise,146.7533
1900.0,140,14.000,8.797,31.67,11.10,0.00,2,Cruise,146.8057
1901.0,140,14.000,8.797,31.67,11.10,0.00,2,Cruise,146.8581
1902.0,140,14.000,8.797,31.67,11.10,0.00,2,Cruise,146.9105
1903.0,140,14.000,8.797,31.67,11.10,0.00,2,Cruise,146.9630
1904.0,140,14.000,8.797,31.67,11.10,0.00,2,Cruise,147.0154
1905.0,141,14.100,8.797,31.67,11.10,0.00,2,Cruise,147.0678
1906.0,141,14.100,8.797,31.67,11.10,0.00,2,Cruise,147.1987
1907.0,141,14.100,8.797,31.67,11.10,0.00,2,Cruise,147.3297
1908.0,141,14.100,8.797,31.67,11.10,0.00,2,Cruise,147.4607
1909.0,141,14.100,8.797,31.67,11.10,0.00,2,Cruise,147.5916
1910.0,141,14.100,8.797,31.67,11.10,0.00,2,Cruise,147.7226
1911.0,141,14.100,8.797,31.67,11.10,0.00,2,Cruise,147.8536
1912.0,141,14.100,8.797,31.67,11.10,0.00,2,Cruise,147.9846
1913.0,141,14.100,8.797,31.67,11.10,0.00,2,Cruise,148.1155
1914.0,141,14.100,8.797,31.67,11.10,0.00,2,Cruise,148.2465
1915.0,141,14.100,8.797,31.67,11.10,0.00,2,Cruise,148.3775
1916.0,142,14.200,8.797,31.67,11.10,0.00,2,Cruise,148.5084
1917.0,142,14.200,8.797,31.67,11.10,0.00,2,Cruise,148.6431
1918.0,142,14.200,8.797,31.67,11.10,0.00,2,Cruise,148.7778
1919.0,142,14.200,8.797,31.67,11.10,0.00,2,Cruise,148.9125
1920.0,142,14.200,8.797,31.67,11.10,0.00,2,Cruise,149.0472
1921.0,142,14.200,8.797,31.67,11.10,0.00,2,Cruise,149.1819
1922.0,142,14.200,8.797,31.67,11.10,0.00,2,Cruise,149.3166
1923.0,142,14.200,8.797,31.67,11.10,0.00,2,Cruise,149.4513
1924.0,142,14.200,8.797,31.67,11.10,0.00,2,Cruise,149.5860
1925.0,142,14.200,8.797,31.67,11.10,0.00,2,Cruise,149.7207
1926.0,142,14.200,8.797,31.67,11.10,0.00,2,Cruise,149.8554
1927.0,143,14.300,8.797,31.67,11.10,0.00,2,Cruise,149.9901
1928.0,143,14.300,8.797,31.67,11.10,0.00,2,Cruise,150.0033
1929.0,143,14.300,8.797,31.67,11.10,0.00,2,Cruise,150.0165
1930.0,143,14.300,8.797,31.67,11.10,0.00,2,Cruise,150.0296
1931.0,143,14.300,8.797,31.67,11.10,0.00,2,Cruise,150.0428
1932.0,143,14.300,8.797,31.67,11.10,0.00,2,Cruise,150.0560
1933.0,143,14.300,8.797,31.67,11.10,0.00,2,Cruise,150.0691
1934.0,143,14.300,8.797,31.67,11.10,0.00,2,Cruise,150.0823
1935.0,143,14.300,8.797,31.67,11.10,0.00,2,Cruise,150.0955
1936.0,143,14.300,8.797,31.67,11.10,0.00,2,Cruise,150.1087
1937.0,143,14.300,8.797,31.67,11.10,0.00,2,Cruise,150.1218
1938.0,143,14.300,8.797,31.67,11.10,0.00,2,Cruise,150.1350
1939.0,144,14.400,8.797,31.67,11.10,0.00,2,Cruise,150.1482
1940.0,144,14.400,8.928,32.14,11.10,0.00,2,Cruise,150.1482
1941.0,144,14.400,9.060,32.62,11.10,0.00,2,Cruise,150.1482
1942.0,144,14.400,9.191,33.09,11.10,0.00,2,Cruise,150.1482
1943.0,144,14.400,9.323,33.56,11.10,0.00,2,Cruise,150.1482
1944.0,144,14.400,9.454,34.03,11.10,0.00,2,Cruise,150.1482
1945.0,144,14.400,9.585,34.51,11.10,0.00,2,Cruise,150.1482
1946.0,144,14.400,9.716,34.98,11.10,0.00,2,Cruise,150.1482
1947.0,144,14.400,9.847,35.45,11.10,0.00,2,Cruise,150.1482
1948.0,144,14.400,9.977,35.92,11.10,0.00,2,Cruise,150.1482
1949.0,145,14.500,10.108,36.39,11.10,0.00,1,Coast,150.1482
1950.0,145,14.500,9.890,35.60,11.10,0.00,1,Coast,150.1482
1951.0,145,14.500,9.672,34.82,11.10,0.00,1,Coast,150.1482
1952.0,145,14.500,9.455,34.04,11.10,0.00,1,Coast,150.1482
1953.0,145,14.500,9.237,33.25,11.10,0.00,2,Cruise,150.1482
1954.0,145,14.500,9.237,33.25,11.10,0.00,2,Cruise,150.3842
1955.0,145,14.500,9.237,33.25,11.10,0.00,2,Cruise,150.6202
1956.0,145,14.500,9.237,33.25,11.10,0.00,2,Cruise,150.8562
1957.0,145,14.500,9.237,33.25,11.10,0.00,2,Cruise,151.0923
1958.0,145,14.500,9.237,33.25,11.10,0.00,2,Cruise,151.3283
1959.0,145,14.500,9.237,33.25,11.10,0.00,2,Cruise,151.5643
1960.0,146,14.600,9.237,33.25,11.10,0.00,2,Cruise,151.8003
1961.0,146,14.600,9.237,33.25,11.10,0.00,2,Cruise,152.0129
1962.0,146,14.600,9.237,33.25,11.10,0.00,2,Cruise,152.2255
1963.0,146,14.600,9.237,33.25,11.10,0.00,2,Cruise,152.4380
1964.0,146,14.600,9.237,33.25,11.10,0.00,2,Cruise,152.6506
1965.0,146,14.600,9.237,33.25,11.10,0.00,2,Cruise,152.8632
1966.0,146,14.600,9.237,33.25,11.10,0.00,2,Cruise,153.0757
1967.0,146,14.600,9.237,33.25,11.10,0.00,2,Cruise,153.2883
1968.0,146,14.600,9.237,33.25,11.10,0.00,2,Cruise,153.5009
1969.0,146,14.600,9.237,33.25,11.10,0.00,2,Cruise,153.7134
1970.0,146,14.600,9.237,33.25,11.10,0.00,2,Cruise,153.9260
1971.0,147,14.700,9.237,33.25,11.10,0.00,1,Coast,154.1386
1972.0,147,14.700,9.042,32.55,11.10,0.00,1,Coast,154.1386
1973.0,147,14.700,8.847,31.85,11.10,0.00,3,Power,154.1386
1974.0,147,14.700,9.447,34.01,11.10,0.00,1,Coast,155.1840
1975.0,147,14.700,9.251,33.30,11.10,0.00,1,Coast,155.1840
1976.0,147,14.700,9.055,32.60,11.10,0.00,1,Coast,155.1840
1977.0,147,14.700,8.860,31.90,11.10,0.00,3,Power,155.1840
1978.0,147,14.700,9.460,34.06,11.10,0.00,1,Coast,156.2293
1979.0,147,14.700,9.264,33.35,11.10,0.00,1,Coast,156.2293
1980.0,147,14.700,9.069,32.65,11.10,0.00,1,Coast,156.2293
1981.0,147,14.700,8.873,31.94,11.10,0.00,3,Power,156.2293
1982.0,148,14.800,9.473,34.10,11.10,0.00,2,Cruise,157.2746
1983.0,148,14.800,9.473,34.10,11.10,0.00,2,Cruise,157.3282
1984.0,148,14.800,9.473,34.10,11.10,0.00,2,Cruise,157.3817
1985.0,148,14.800,9.473,34.10,11.10,0.00,2,Cruise,157.4352
1986.0,148,14.800,9.473,34.10,11.10,0.00,2,Cruise,157.4888
1987.0,148,14.800,9.473,34.10,11.10,0.00,2,Cruise,157.5423
1988.0,148,14.800,9.473,34.10,11.10,0.00,2,Cruise,157.5958
1989.0,148,14.800,9.473,34.10,11.10,0.00,2,Cruise,157.6494
1990.0,148,14.800,9.473,34.10,11.10,0.00,2,Cruise,157.7029
1991.0,148,14.800,9.473,34.10,11.10,0.00,2,Cruise,157.7565
1992.0,149,14.900,9.473,34.10,11.10,0.00,2,Cruise,157.8100
1993.0,149,14.900,9.473,34.10,11.10,0.00,2,Cruise,157.8436
1994.0,149,14.900,9.473,34.10,11.10,0.00,2,Cruise,157.8772
1995.0,149,14.900,9.473,34.10,11.10,0.00,2,Cruise,157.9109
1996.0,149,14.900,9.473,34.10,11.10,0.00,2,Cruise,157.9445
1997.0,149,14.900,9.473,34.10,11.10,0.00,2,Cruise,157.9781
1998.0,149,14.900,9.473,34.10,11.10,0.00,2,Cruise,158.0117
1999.0,149,14.900,9.473,34.10,11.10,0.00,2,Cruise,158.0453
2000.0,149,14.900,9.473,34.10,11.10,0.00,2,Cruise,158.0790
2001.0,149,14.900,9.473,34.10,11.10,0.00,2,Cruise,158.1126
2002.0,149,14.900,9.473,34.10,11.10,0.00,2,Cruise,158.1462
2003.0,150,15.000,9.473,34.10,11.10,0.00,2,Cruise,158.1798
2004.0,150,15.000,9.473,34.10,11.10,0.00,2,Cruise,158.3467
2005.0,150,15.000,9.473,34.10,11.10,0.00,2,Cruise,158.5136
2006.0,150,15.000,9.473,34.10,11.10,0.00,2,Cruise,158.6804
2007.0,150,15.000,9.473,34.10,11.10,0.00,2,Cruise,158.8473
2008.0,150,15.000,9.473,34.10,11.10,0.00,2,Cruise,159.0142
2009.0,150,15.000,9.473,34.10,11.10,0.00,2,Cruise,159.1811
2010.0,150,15.000,9.473,34.10,11.10,0.00,2,Cruise,159.3479
2011.0,150,15.000,9.473,34.10,11.10,0.00,2,Cruise,159.5148
2012.0,150,15.000,9.473,34.10,11.10,0.00,2,Cruise,159.6817
2013.0,150,15.000,9.473,34.10,11.10,0.00,2,Cruise,159.8486
2014.0,151,15.100,9.473,34.10,11.10,0.00,2,Cruise,160.0154
2015.0,151,15.100,9.473,34.10,11.10,0.00,2,Cruise,160.1105
2016.0,151,15.100,9.473,34.10,11.10,0.00,2,Cruise,160.2057
2017.0,151,15.100,9.473,34.10,11.10,0.00,2,Cruise,160.3008
2018.0,151,15.100,9.473,34.10,11.10,0.00,2,Cruise,160.3959
2019.0,151,15.100,9.473,34.10,11.10,0.00,2,Cruise,160.4910
2020.0,151,15.100,9.473,34.10,11.10,0.00,2,Cruise,160.5862
2021.0,151,15.100,9.473,34.10,11.10,0.00,2,Cruise,160.6813
2022.0,151,15.100,9.473,34.10,11.10,0.00,2,Cruise,160.7764
2023.0,151,15.100,9.473,34.10,11.10,0.00,2,Cruise,160.8715
2024.0,152,15.200,9.473,34.10,11.10,0.00,2,Cruise,160.9667
2025.0,152,15.200,9.487,34.15,11.10,0.00,2,Cruise,160.9667
2026.0,152,15.200,9.501,34.20,11.10,0.00,2,Cruise,160.9667
2027.0,152,15.200,9.515,34.25,11.10,0.00,2,Cruise,160.9667
2028.0,152,15.200,9.528,34.30,11.10,0.00,2,Cruise,160.9667
2029.0,152,15.200,9.542,34.35,11.10,0.00,2,Cruise,160.9667
2030.0,152,15.200,9.556,34.40,11.10,0.00,2,Cruise,160.9667
2031.0,152,15.200,9.569,34.45,11.10,0.00,2,Cruise,160.9667
2032.0,152,15.200,9.583,34.50,11.10,0.00,2,Cruise,160.9667
2033.0,152,15.200,9.596,34.55,11.10,0.00,2,Cruise,160.9667
2034.0,152,15.200,9.610,34.60,11.10,0.00,2,Cruise,160.9667
2035.0,153,15.300,9.624,34.64,11.10,0.00,2,Cruise,160.9667
2036.0,153,15.300,9.624,34.64,11.10,0.00,2,Cruise,161.0671
2037.0,153,15.300,9.624,34.64,11.10,0.00,2,Cruise,161.1676
2038.0,153,15.300,9.624,34.64,11.10,0.00,2,Cruise,161.2681
2039.0,153,15.300,9.624,34.64,11.10,0.00,2,Cruise,161.3686
2040.0,153,15.300,9.624,34.64,11.10,0.00,2,Cruise,161.4691
2041.0,153,15.300,9.624,34.64,11.10,0.00,2,Cruise,161.5696
2042.0,153,15.300,9.624,34.64,11.10,0.00,2,Cruise,161.6701
2043.0,153,15.300,9.624,34.64,11.10,0.00,2,Cruise,161.7706
2044.0,153,15.300,9.624,34.64,11.10,0.00,2,Cruise,161.8710
2045.0,154,15.400,9.624,34.64,11.10,0.00,1,Coast,161.9715
2046.0,154,15.400,9.466,34.08,11.10,0.00,2,Cruise,161.9715
2047.0,154,15.400,9.466,34.08,11.10,0.00,2,Cruise,162.1466
2048.0,154,15.400,9.466,34.08,11.10,0.00,2,Cruise,162.3216
2049.0,154,15.400,9.466,34.08,11.10,0.00,2,Cruise,162.4967
2050.0,154,15.400,9.466,34.08,11.10,0.00,2,Cruise,162.6717
2051.0,154,15.400,9.466,34.08,11.10,0.00,2,Cruise,162.8468
2052.0,154,15.400,9.466,34.08,11.10,0.00,2,Cruise,163.0218
2053.0,154,15.400,9.466,34.08,11.10,0.00,2,Cruise,163.1968
2054.0,154,15.400,9.466,34.08,11.10,0.00,2,Cruise,163.3719
2055.0,154,15.400,9.466,34.08,11.10,0.00,2,Cruise,163.5469
2056.0,155,15.500,9.466,34.08,11.10,0.00,2,Cruise,163.7220
2057.0,155,15.500,9.466,34.08,11.10,0.00,2,Cruise,163.8535
2058.0,155,15.500,9.466,34.08,11.10,0.00,2,Cruise,163.9850
2059.0,155,15.500,9.466,34.08,11.10,0.00,2,Cruise,164.1165
2060.0,155,15.500,9.466,34.08,11.10,0.00,2,Cruise,164.2480
2061.0,155,15.500,9.466,34.08,11.10,0.00,2,Cruise,164.3795
2062.0,155,15.500,9.466,34.08,11.10,0.00,2,Cruise,164.5110
2063.0,155,15.500,9.466,34.08,11.10,0.00,2,Cruise,164.6425
2064.0,155,15.500,9.466,34.08,11.10,0.00,2,Cruise,164.7740
2065.0,155,15.500,9.466,34.08,11.10,0.00,2,Cruise,164.9055
2066.0,156,15.600,9.466,34.08,11.10,0.00,2,Cruise,165.0370
2067.0,156,15.600,9.466,34.08,11.10,0.00,2,Cruise,165.1998
2068.0,156,15.600,9.466,34.08,11.10,0.00,2,Cruise,165.3625
2069.0,156,15.600,9.466,34.08,11.10,0.00,2,Cruise,165.5252
2070.0,156,15.600,9.466,34.08,11.10,0.00,2,Cruise,165.6880
2071.0,156,15.600,9.466,34.08,11.10,0.00,2,Cruise,165.8507
2072.0,156,15.600,9.466,34.08,11.10,0.00,2,Cruise,166.0135
2073.0,156,15.600,9.466,34.08,11.10,0.00,2,Cruise,166.1762
2074.0,156,15.600,9.466,34.08,11.10,0.00,2,Cruise,166.3390
2075.0,156,15.600,9.466,34.08,11.10,0.00,2,Cruise,166.5017
2076.0,156,15.600,9.466,34.08,11.10,0.00,2,Cruise,166.6644
2077.0,157,15.700,9.466,34.08,11.10,0.00,1,Coast,166.8272
2078.0,157,15.700,9.262,33.34,11.10,0.00,1,Coast,166.8272
2079.0,157,15.700,9.058,32.61,11.10,0.00,1,Coast,166.8272
2080.0,157,15.700,8.855,31.88,11.10,0.00,3,Power,166.8272
2081.0,157,15.700,9.455,34.04,11.10,0.00,1,Coast,167.8725
2082.0,157,15.700,9.250,33.30,11.10,0.00,1,Coast,167.8725
2083.0,157,15.700,9.047,32.57,11.10,0.00,1,Coast,167.8725
2084.0,157,15.700,8.843,31.83,11.10,0.00,3,Power,167.8725
2085.0,157,15.700,9.443,33.99,11.10,0.00,1,Coast,168.9180
2086.0,157,15.700,9.239,33.26,11.10,0.00,1,Coast,168.9180
2087.0,157,15.700,9.035,32.53,11.10,0.00,1,Coast,168.9180
2088.0,158,15.800,8.831,31.79,11.10,0.00,1,Coast,168.9180
2089.0,158,15.800,8.617,31.02,11.10,0.00,3,Power,168.9180
2090.0,158,15.800,9.217,33.18,11.10,0.00,1,Coast,169.9643
2091.0,158,15.800,9.002,32.41,11.10,0.00,1,Coast,169.9643
2092.0,158,15.800,8.787,31.63,11.10,0.00,1,Coast,169.9643
2093.0,158,15.800,8.573,30.86,11.10,0.00,3,Power,169.9643
2094.0,158,15.800,9.173,33.02,11.10,0.00,1,Coast,171.0108
2095.0,158,15.800,8.958,32.25,11.10,0.00,1,Coast,171.0108
2096.0,158,15.800,8.743,31.48,11.10,0.00,1,Coast,171.0108
2097.0,158,15.800,8.529,30.70,11.10,0.00,3,Power,171.0108
2098.0,158,15.800,9.129,32.86,11.10,0.00,1,Coast,172.0574
2099.0,159,15.900,8.914,32.09,11.10,0.00,2,Cruise,172.0574
2100.0,159,15.900,8.969,32.29,11.10,0.00,2,Cruise,172.0574
2101.0,159,15.900,9.025,32.49,11.10,0.00,2,Cruise,172.0574
2102.0,159,15.900,9.081,32.69,11.10,0.00,2,Cruise,172.0574
2103.0,159,15.900,9.136,32.89,11.10,0.00,2,Cruise,172.0574
2104.0,159,15.900,9.192,33.09,11.10,0.00,2,Cruise,172.0574
2105.0,159,15.900,9.247,33.29,11.10,0.00,2,Cruise,172.0574
2106.0,159,15.900,9.302,33.49,11.10,0.00,2,Cruise,172.0574
2107.0,159,15.900,9.358,33.69,11.10,0.00,2,Cruise,172.0574
2108.0,159,15.900,9.413,33.89,11.10,0.00,2,Cruise,172.0574
2109.0,159,15.900,9.468,34.09,11.10,0.00,2,Cruise,172.0574
2110.0,160,16.000,9.524,34.28,11.10,0.00,2,Cruise,172.0574
2111.0,160,16.000,9.548,34.37,11.10,0.00,2,Cruise,172.0574
2112.0,160,16.000,9.573,34.46,11.10,0.00,2,Cruise,172.0574
2113.0,160,16.000,9.597,34.55,11.10,0.00,2,Cruise,172.0574
2114.0,160,16.000,9.622,34.64,11.10,0.00,2,Cruise,172.0574
2115.0,160,16.000,9.647,34.73,11.10,0.00,2,Cruise,172.0574
2116.0,160,16.000,9.671,34.82,11.10,0.00,2,Cruise,172.0574
2117.0,160,16.000,9.696,34.90,11.10,0.00,2,Cruise,172.0574
2118.0,160,16.000,9.720,34.99,11.10,0.00,2,Cruise,172.0574
2119.0,160,16.000,9.744,35.08,11.10,0.00,2,Cruise,172.0574
2120.0,161,16.100,9.769,35.17,11.10,0.00,2,Cruise,172.0574
2121.0,161,16.100,9.769,35.17,11.10,0.00,2,Cruise,172.1309
2122.0,161,16.100,9.769,35.17,11.10,0.00,2,Cruise,172.2044
2123.0,161,16.100,9.769,35.17,11.10,0.00,2,Cruise,172.2779
2124.0,161,16.100,9.769,35.17,11.10,0.00,2,Cruise,172.3514
2125.0,161,16.100,9.769,35.17,11.10,0.00,2,Cruise,172.4249
2126.0,161,16.100,9.769,35.17,11.10,0.00,2,Cruise,172.4983
2127.0,161,16.100,9.769,35.17,11.10,0.00,2,Cruise,172.5718
2128.0,161,16.100,9.769,35.17,11.10,0.00,2,Cruise,172.6453
2129.0,161,16.100,9.769,35.17,11.10,0.00,2,Cruise,172.7188
2130.0,162,16.200,9.769,35.17,11.10,0.00,2,Cruise,172.7923
2131.0,162,16.200,9.775,35.19,11.10,0.00,2,Cruise,172.7923
2132.0,162,16.200,9.782,35.21,11.10,0.00,2,Cruise,172.7923
2133.0,162,16.200,9.788,35.24,11.10,0.00,2,Cruise,172.7923
2134.0,162,16.200,9.795,35.26,11.10,0.00,2,Cruise,172.7923
2135.0,162,16.200,9.801,35.29,11.10,0.00,2,Cruise,172.7923
2136.0,162,16.200,9.808,35.31,11.10,0.00,2,Cruise,172.7923
2137.0,162,16.200,9.814,35.33,11.10,0.00,2,Cruise,172.7923
2138.0,162,16.200,9.821,35.35,11.10,0.00,2,Cruise,172.7923
2139.0,162,16.200,9.827,35.38,11.10,0.00,2,Cruise,172.7923
2140.0,163,16.300,9.834,35.40,11.10,0.00,2,Cruise,172.7923
2141.0,163,16.300,9.834,35.40,11.10,0.00,2,Cruise,172.8412
2142.0,163,16.300,9.834,35.40,11.10,0.00,2,Cruise,172.8902
2143.0,163,16.300,9.834,35.40,11.10,0.00,2,Cruise,172.9391
2144.0,163,16.300,9.834,35.40,11.10,0.00,2,Cruise,172.9881
2145.0,163,16.300,9.834,35.40,11.10,0.00,2,Cruise,173.0371
2146.0,163,16.300,9.834,35.40,11.10,0.00,2,Cruise,173.0860
2147.0,163,16.300,9.834,35.40,11.10,0.00,2,Cruise,173.1350
2148.0,163,16.300,9.834,35.40,11.10,0.00,2,Cruise,173.1839
2149.0,163,16.300,9.834,35.40,11.10,0.00,2,Cruise,173.2329
2150.0,163,16.300,9.834,35.40,11.10,0.00,2,Cruise,173.2818
2151.0,164,16.400,9.834,35.40,11.10,0.00,2,Cruise,173.3308
2152.0,164,16.400,9.834,35.40,11.10,0.00,2,Cruise,173.4704
2153.0,164,16.400,9.834,35.40,11.10,0.00,2,Cruise,173.6101
2154.0,164,16.400,9.834,35.40,11.10,0.00,2,Cruise,173.7497
2155.0,164,16.400,9.834,35.40,11.10,0.00,2,Cruise,173.8894
2156.0,164,16.400,9.834,35.40,11.10,0.00,2,Cruise,174.0290
2157.0,164,16.400,9.834,35.40,11.10,0.00,2,Cruise,174.1687
2158.0,164,16.400,9.834,35.40,11.10,0.00,2,Cruise,174.3083
2159.0,164,16.400,9.834,35.40,11.10,0.00,2,Cruise,174.4480
2160.0,164,16.400,9.834,35.40,11.10,0.00,2,Cruise,174.5876
2161.0,165,16.500,9.834,35.40,11.10,0.00,2,Cruise,174.7273
2162.0,165,16.500,9.834,35.40,11.10,0.00,2,Cruise,174.8598
2163.0,165,16.500,9.834,35.40,11.10,0.00,2,Cruise,174.9924
2164.0,165,16.500,9.834,35.40,11.10,0.00,2,Cruise,175.1250
2165.0,165,16.500,9.834,35.40,11.10,0.00,2,Cruise,175.2576
2166.0,165,16.500,9.834,35.40,11.10,0.00,2,Cruise,175.3902
2167.0,165,16.500,9.834,35.40,11.10,0.00,2,Cruise,175.5227
2168.0,165,16.500,9.834,35.40,11.10,0.00,2,Cruise,175.6553
2169.0,165,16.500,9.834,35.40,11.10,0.00,2,Cruise,175.7879
2170.0,165,16.500,9.834,35.40,11.10,0.00,2,Cruise,175.9205
2171.0,166,16.600,9.834,35.40,11.10,0.00,2,Cruise,176.0530
2172.0,166,16.600,9.834,35.40,11.10,0.00,2,Cruise,176.1984
2173.0,166,16.600,9.834,35.40,11.10,0.00,2,Cruise,176.3438
2174.0,166,16.600,9.834,35.40,11.10,0.00,2,Cruise,176.4892
2175.0,166,16.600,9.834,35.40,11.10,0.00,2,Cruise,176.6346
2176.0,166,16.600,9.834,35.40,11.10,0.00,2,Cruise,176.7800
2177.0,166,16.600,9.834,35.40,11.10,0.00,2,Cruise,176.9254
2178.0,166,16.600,9.834,35.40,11.10,0.00,2,Cruise,177.0708
2179.0,166,16.600,9.834,35.40,11.10,0.00,2,Cruise,177.2162
2180.0,166,16.600,9.834,35.40,11.10,0.00,2,Cruise,177.3616
2181.0,167,16.700,9.834,35.40,11.10,0.00,1,Coast,177.5069
2182.0,167,16.700,9.603,34.57,11.10,0.00,1,Coast,177.5069
2183.0,167,16.700,9.372,33.74,11.10,0.00,1,Coast,177.5069
2184.0,167,16.700,9.141,32.91,11.10,0.00,1,Coast,177.5069
2185.0,167,16.700,8.910,32.08,11.10,0.00,1,Coast,177.5069
2186.0,167,16.700,8.680,31.25,11.10,0.00,3,Power,177.5069
2187.0,167,16.700,9.280,33.41,11.10,0.00,1,Coast,178.5530
2188.0,167,16.700,9.049,32.58,11.10,0.00,1,Coast,178.5530
2189.0,167,16.700,8.818,31.75,11.10,0.00,1,Coast,178.5530
2190.0,167,16.700,8.588,30.92,11.10,0.00,3,Power,178.5530
2191.0,167,16.700,9.188,33.08,11.10,0.00,1,Coast,179.5994
2192.0,168,16.800,8.958,32.25,11.10,0.00,2,Cruise,179.5994
2193.0,168,16.800,8.958,32.25,11.10,0.00,2,Cruise,179.7318
2194.0,168,16.800,8.958,32.25,11.10,0.00,2,Cruise,179.8642
2195.0,168,16.800,8.958,32.25,11.10,0.00,2,Cruise,179.9966
2196.0,168,16.800,8.958,32.25,11.10,0.00,2,Cruise,180.1289
2197.0,168,16.800,8.958,32.25,11.10,0.00,2,Cruise,180.2613
2198.0,168,16.800,8.958,32.25,11.10,0.00,2,Cruise,180.3937
2199.0,168,16.800,8.958,32.25,11.10,0.00,2,Cruise,180.5261
2200.0,168,16.800,8.958,32.25,11.10,0.00,2,Cruise,180.6584
2201.0,168,16.800,8.958,32.25,11.10,0.00,2,Cruise,180.7908
2202.0,168,16.800,8.958,32.25,11.10,0.00,2,Cruise,180.9232
2203.0,169,16.900,8.958,32.25,11.10,0.00,2,Cruise,181.0556
2204.0,169,16.900,8.958,32.25,11.10,0.00,2,Cruise,181.0878
2205.0,169,16.900,8.958,32.25,11.10,0.00,2,Cruise,181.1200
2206.0,169,16.900,8.958,32.25,11.10,0.00,2,Cruise,181.1522
2207.0,169,16.900,8.958,32.25,11.10,0.00,2,Cruise,181.1844
2208.0,169,16.900,8.958,32.25,11.10,0.00,2,Cruise,181.2166
2209.0,169,16.900,8.958,32.25,11.10,0.00,2,Cruise,181.2488
2210.0,169,16.900,8.958,32.25,11.10,0.00,2,Cruise,181.2810
2211.0,169,16.900,8.958,32.25,11.10,0.00,2,Cruise,181.3132
2212.0,169,16.900,8.958,32.25,11.10,0.00,2,Cruise,181.3454
2213.0,169,16.900,8.958,32.25,11.10,0.00,2,Cruise,181.3776
2214.0,170,17.000,8.958,32.25,11.10,0.00,2,Cruise,181.4098
2215.0,170,17.000,8.958,32.25,11.10,0.00,2,Cruise,181.4176
2216.0,170,17.000,8.958,32.25,11.10,0.00,2,Cruise,181.4255
2217.0,170,17.000,8.958,32.25,11.10,0.00,2,Cruise,181.4333
2218.0,170,17.000,8.958,32.25,11.10,0.00,2,Cruise,181.4411
2219.0,170,17.000,8.958,32.25,11.10,0.00,2,Cruise,181.4489
2220.0,170,17.000,8.958,32.25,11.10,0.00,2,Cruise,181.4567
2221.0,170,17.000,8.958,32.25,11.10,0.00,2,Cruise,181.4645
2222.0,170,17.000,8.958,32.25,11.10,0.00,2,Cruise,181.4724
2223.0,170,17.000,8.958,32.25,11.10,0.00,2,Cruise,181.4802
2224.0,170,17.000,8.958,32.25,11.10,0.00,2,Cruise,181.4880
2225.0,170,17.000,8.958,32.25,11.10,0.00,2,Cruise,181.4958
2226.0,171,17.100,8.958,32.25,11.10,0.00,2,Cruise,181.5036
2227.0,171,17.100,8.958,32.25,11.10,0.00,2,Cruise,181.6314
2228.0,171,17.100,8.958,32.25,11.10,0.00,2,Cruise,181.7592
2229.0,171,17.100,8.958,32.25,11.10,0.00,2,Cruise,181.8870
2230.0,171,17.100,8.958,32.25,11.10,0.00,2,Cruise,182.0148
2231.0,171,17.100,8.958,32.25,11.10,0.00,2,Cruise,182.1425
2232.0,171,17.100,8.958,32.25,11.10,0.00,2,Cruise,182.2703
2233.0,171,17.100,8.958,32.25,11.10,0.00,2,Cruise,182.3981
2234.0,171,17.100,8.958,32.25,11.10,0.00,2,Cruise,182.5259
2235.0,171,17.100,8.958,32.25,11.10,0.00,2,Cruise,182.6537
2236.0,171,17.100,8.958,32.25,11.10,0.00,2,Cruise,182.7815
2237.0,172,17.200,8.958,32.25,11.10,0.00,2,Cruise,182.9092
2238.0,172,17.200,8.958,32.25,11.10,0.00,2,Cruise,183.0124
2239.0,172,17.200,8.958,32.25,11.10,0.00,2,Cruise,183.1155
2240.0,172,17.200,8.958,32.25,11.10,0.00,2,Cruise,183.2186
2241.0,172,17.200,8.958,32.25,11.10,0.00,2,Cruise,183.3218
2242.0,172,17.200,8.958,32.25,11.10,0.00,2,Cruise,183.4249
2243.0,172,17.200,8.958,32.25,11.10,0.00,2,Cruise,183.5280
2244.0,172,17.200,8.958,32.25,11.10,0.00,2,Cruise,183.6311
2245.0,172,17.200,8.958,32.25,11.10,0.00,2,Cruise,183.7343
2246.0,172,17.200,8.958,32.25,11.10,0.00,2,Cruise,183.8374
2247.0,172,17.200,8.958,32.25,11.10,0.00,2,Cruise,183.9405
2248.0,173,17.300,8.958,32.25,11.10,0.00,2,Cruise,184.0436
2249.0,173,17.300,8.958,32.25,11.10,0.00,2,Cruise,184.2046
2250.0,173,17.300,8.958,32.25,11.10,0.00,2,Cruise,184.3655
2251.0,173,17.300,8.958,32.25,11.10,0.00,2,Cruise,184.5265
2252.0,173,17.300,8.958,32.25,11.10,0.00,2,Cruise,184.6875
2253.0,173,17.300,8.958,32.25,11.10,0.00,2,Cruise,184.8484
2254.0,173,17.300,8.958,32.25,11.10,0.00,2,Cruise,185.0094
2255.0,173,17.300,8.958,32.25,11.10,0.00,2,Cruise,185.1703
2256.0,173,17.300,8.958,32.25,11.10,0.00,2,Cruise,185.3313
2257.0,173,17.300,8.958,32.25,11.10,0.00,2,Cruise,185.4922
2258.0,173,17.300,8.958,32.25,11.10,0.00,2,Cruise,185.6532
2259.0,174,17.400,8.958,32.25,11.10,0.00,2,Cruise,185.8141
2260.0,174,17.400,8.958,32.25,11.10,0.00,2,Cruise,185.9560
2261.0,174,17.400,8.958,32.25,11.10,0.00,2,Cruise,186.0979
2262.0,174,17.400,8.958,32.25,11.10,0.00,2,Cruise,186.2397
2263.0,174,17.400,8.958,32.25,11.10,0.00,2,Cruise,186.3816
2264.0,174,17.400,8.958,32.25,11.10,0.00,2,Cruise,186.5235
2265.0,174,17.400,8.958,32.25,11.10,0.00,2,Cruise,186.6653
2266.0,174,17.400,8.958,32.25,11.10,0.00,2,Cruise,186.8072
2267.0,174,17.400,8.958,32.25,11.10,0.00,2,Cruise,186.9491
2268.0,174,17.400,8.958,32.25,11.10,0.00,2,Cruise,187.0909
2269.0,174,17.400,8.958,32.25,11.10,0.00,2,Cruise,187.2328
2270.0,175,17.500,8.958,32.25,11.10,0.00,2,Cruise,187.3747
2271.0,175,17.500,8.958,32.25,11.10,0.00,2,Cruise,187.4730
2272.0,175,17.500,8.958,32.25,11.10,0.00,2,Cruise,187.5714
2273.0,175,17.500,8.958,32.25,11.10,0.00,2,Cruise,187.6698
2274.0,175,17.500,8.958,32.25,11.10,0.00,2,Cruise,187.7682
2275.0,175,17.500,8.958,32.25,11.10,0.00,2,Cruise,187.8665
2276.0,175,17.500,8.958,32.25,11.10,0.00,2,Cruise,187.9649
2277.0,175,17.500,8.958,32.25,11.10,0.00,2,Cruise,188.0633
2278.0,175,17.500,8.958,32.25,11.10,0.00,2,Cruise,188.1616
2279.0,175,17.500,8.958,32.25,11.10,0.00,2,Cruise,188.2600
2280.0,175,17.500,8.958,32.25,11.10,0.00,2,Cruise,188.3584
2281.0,176,17.600,8.958,32.25,11.10,0.00,2,Cruise,188.4568
2282.0,176,17.600,8.958,32.25,11.10,0.00,2,Cruise,188.5944
2283.0,176,17.600,8.958,32.25,11.10,0.00,2,Cruise,188.7321
2284.0,176,17.600,8.958,32.25,11.10,0.00,2,Cruise,188.8697
2285.0,176,17.600,8.958,32.25,11.10,0.00,2,Cruise,189.0074
2286.0,176,17.600,8.958,32.25,11.10,0.00,2,Cruise,189.1450
2287.0,176,17.600,8.958,32.25,11.10,0.00,2,Cruise,189.2827
2288.0,176,17.600,8.958,32.25,11.10,0.00,2,Cruise,189.4204
2289.0,176,17.600,8.958,32.25,11.10,0.00,2,Cruise,189.5580
2290.0,176,17.600,8.958,32.25,11.10,0.00,2,Cruise,189.6957
2291.0,176,17.600,8.958,32.25,11.10,0.00,2,Cruise,189.8333
2292.0,176,17.600,8.958,32.25,11.10,0.00,2,Cruise,189.9710
2293.0,177,17.700,8.958,32.25,11.10,0.00,2,Cruise,190.1087
2294.0,177,17.700,8.958,32.25,11.10,0.00,2,Cruise,190.1988
2295.0,177,17.700,8.958,32.25,11.10,0.00,2,Cruise,190.2889
2296.0,177,17.700,8.958,32.25,11.10,0.00,2,Cruise,190.3790
2297.0,177,17.700,8.958,32.25,11.10,0.00,2,Cruise,190.4692
2298.0,177,17.700,8.958,32.25,11.10,0.00,2,Cruise,190.5593
2299.0,177,17.700,8.958,32.25,11.10,0.00,2,Cruise,190.6494
2300.0,177,17.700,8.958,32.25,11.10,0.00,2,Cruise,190.7396
2301.0,177,17.700,8.958,32.25,11.10,0.00,2,Cruise,190.8297
2302.0,177,17.700,8.958,32.25,11.10,0.00,2,Cruise,190.9198
2303.0,177,17.700,8.958,32.25,11.10,0.00,2,Cruise,191.0099
2304.0,178,17.800,8.958,32.25,11.10,0.00,2,Cruise,191.1001
2305.0,178,17.800,8.958,32.25,11.10,0.00,2,Cruise,191.1165
2306.0,178,17.800,8.958,32.25,11.10,0.00,2,Cruise,191.1329
2307.0,178,17.800,8.958,32.25,11.10,0.00,2,Cruise,191.1494
2308.0,178,17.800,8.958,32.25,11.10,0.00,2,Cruise,191.1658
2309.0,178,17.800,8.958,32.25,11.10,0.00,2,Cruise,191.1822
2310.0,178,17.800,8.958,32.25,11.10,0.00,2,Cruise,191.1987
2311.0,178,17.800,8.958,32.25,11.10,0.00,2,Cruise,191.2151
2312.0,178,17.800,8.958,32.25,11.10,0.00,2,Cruise,191.2316
2313.0,178,17.800,8.958,32.25,11.10,0.00,2,Cruise,191.2480
2314.0,178,17.800,8.958,32.25,11.10,0.00,2,Cruise,191.2644
2315.0,179,17.900,8.958,32.25,11.10,0.00,2,Cruise,191.2809
2316.0,179,17.900,8.958,32.25,11.10,0.00,2,Cruise,191.3925
2317.0,179,17.900,8.958,32.25,11.10,0.00,2,Cruise,191.5042
2318.0,179,17.900,8.958,32.25,11.10,0.00,2,Cruise,191.6158
2319.0,179,17.900,8.958,32.25,11.10,0.00,2,Cruise,191.7275
2320.0,179,17.900,8.958,32.25,11.10,0.00,2,Cruise,191.8392
2321.0,179,17.900,8.958,32.25,11.10,0.00,2,Cruise,191.9508
2322.0,179,17.900,8.958,32.25,11.10,0.00,2,Cruise,192.0625
2323.0,179,17.900,8.958,32.25,11.10,0.00,2,Cruise,192.1741
2324.0,179,17.900,8.958,32.25,11.10,0.00,2,Cruise,192.2858
2325.0,179,17.900,8.958,32.25,11.10,0.00,2,Cruise,192.3975
2326.0,180,18.000,8.958,32.25,11.10,0.00,1,Coast,192.5091
2327.0,180,18.000,8.718,31.38,11.10,0.00,3,Power,192.5091
2328.0,180,18.000,9.318,33.54,11.10,0.00,1,Coast,193.5550
2329.0,180,18.000,9.077,32.68,11.10,0.00,1,Coast,193.5550
2330.0,180,18.000,8.837,31.81,11.10,0.00,3,Power,193.5550
2331.0,180,18.000,9.437,33.97,11.10,0.00,1,Coast,194.6005
2332.0,180,18.000,9.197,33.11,11.10,0.00,1,Coast,194.6005
2333.0,180,18.000,8.957,32.24,11.10,0.00,1,Coast,194.6005
2334.0,180,18.000,8.717,31.38,11.10,0.00,3,Power,194.6005
2335.0,180,18.000,9.317,33.54,11.10,0.00,1,Coast,195.6464
2336.0,180,18.000,9.076,32.67,11.10,0.00,1,Coast,195.6464
2337.0,181,18.100,8.836,31.81,11.10,0.00,2,Cruise,195.6464
2338.0,181,18.100,8.836,31.81,11.10,0.00,2,Cruise,195.7039
2339.0,181,18.100,8.836,31.81,11.10,0.00,2,Cruise,195.7614
2340.0,181,18.100,8.836,31.81,11.10,0.00,2,Cruise,195.8189
2341.0,181,18.100,8.836,31.81,11.10,0.00,2,Cruise,195.8764
2342.0,181,18.100,8.836,31.81,11.10,0.00,2,Cruise,195.9339
2343.0,181,18.100,8.836,31.81,11.10,0.00,2,Cruise,195.9914
2344.0,181,18.100,8.836,31.81,11.10,0.00,2,Cruise,196.0489
2345.0,181,18.100,8.836,31.81,11.10,0.00,2,Cruise,196.1064
2346.0,181,18.100,8.836,31.81,11.10,0.00,2,Cruise,196.1639
2347.0,181,18.100,8.836,31.81,11.10,0.00,2,Cruise,196.2214
2348.0,182,18.200,8.836,31.81,11.10,0.00,2,Cruise,196.2789
2349.0,182,18.200,8.836,31.81,11.10,0.00,2,Cruise,196.2927
2350.0,182,18.200,8.836,31.81,11.10,0.00,2,Cruise,196.3065
2351.0,182,18.200,8.836,31.81,11.10,0.00,2,Cruise,196.3203
2352.0,182,18.200,8.836,31.81,11.10,0.00,2,Cruise,196.3340
2353.0,182,18.200,8.836,31.81,11.10,0.00,2,Cruise,196.3478
2354.0,182,18.200,8.836,31.81,11.10,0.00,2,Cruise,196.3616
2355.0,182,18.200,8.836,31.81,11.10,0.00,2,Cruise,196.3753
2356.0,182,18.200,8.836,31.81,11.10,0.00,2,Cruise,196.3891
2357.0,182,18.200,8.836,31.81,11.10,0.00,2,Cruise,196.4029
2358.0,182,18.200,8.836,31.81,11.10,0.00,2,Cruise,196.4166
2359.0,182,18.200,8.836,31.81,11.10,0.00,2,Cruise,196.4304
2360.0,183,18.300,8.836,31.81,11.10,0.00,2,Cruise,196.4442
2361.0,183,18.300,8.836,31.81,11.10,0.00,2,Cruise,196.5624
2362.0,183,18.300,8.836,31.81,11.10,0.00,2,Cruise,196.6805
2363.0,183,18.300,8.836,31.81,11.10,0.00,2,Cruise,196.7987
2364.0,183,18.300,8.836,31.81,11.10,0.00,2,Cruise,196.9169
2365.0,183,18.300,8.836,31.81,11.10,0.00,2,Cruise,197.0350
2366.0,183,18.300,8.836,31.81,11.10,0.00,2,Cruise,197.1532
2367.0,183,18.300,8.836,31.81,11.10,0.00,2,Cruise,197.2714
2368.0,183,18.300,8.836,31.81,11.10,0.00,2,Cruise,197.3895
2369.0,183,18.300,8.836,31.81,11.10,0.00,2,Cruise,197.5077
2370.0,183,18.300,8.836,31.81,11.10,0.00,2,Cruise,197.6259
2371.0,184,18.400,8.836,31.81,11.10,0.00,2,Cruise,197.7440
2372.0,184,18.400,8.836,31.81,11.10,0.00,2,Cruise,197.7898
2373.0,184,18.400,8.836,31.81,11.10,0.00,2,Cruise,197.8356
2374.0,184,18.400,8.836,31.81,11.10,0.00,2,Cruise,197.8814
2375.0,184,18.400,8.836,31.81,11.10,0.00,2,Cruise,197.9272
2376.0,184,18.400,8.836,31.81,11.10,0.00,2,Cruise,197.9730
2377.0,184,18.400,8.836,31.81,11.10,0.00,2,Cruise,198.0188
2378.0,184,18.400,8.836,31.81,11.10,0.00,2,Cruise,198.0646
2379.0,184,18.400,8.836,31.81,11.10,0.00,2,Cruise,198.1104
2380.0,184,18.400,8.836,31.81,11.10,0.00,2,Cruise,198.1562
2381.0,184,18.400,8.836,31.81,11.10,0.00,2,Cruise,198.2019
2382.0,185,18.500,8.836,31.81,11.10,0.00,2,Cruise,198.2477
2383.0,185,18.500,8.836,31.81,11.10,0.00,2,Cruise,198.2979
2384.0,185,18.500,8.836,31.81,11.10,0.00,2,Cruise,198.3480
2385.0,185,18.500,8.836,31.81,11.10,0.00,2,Cruise,198.3981
2386.0,185,18.500,8.836,31.81,11.10,0.00,2,Cruise,198.4482
2387.0,185,18.500,8.836,31.81,11.10,0.00,2,Cruise,198.4984
2388.0,185,18.500,8.836,31.81,11.10,0.00,2,Cruise,198.5485
2389.0,185,18.500,8.836,31.81,11.10,0.00,2,Cruise,198.5986
2390.0,185,18.500,8.836,31.81,11.10,0.00,2,Cruise,198.6487
2391.0,185,18.500,8.836,31.81,11.10,0.00,2,Cruise,198.6989
2392.0,185,18.500,8.836,31.81,11.10,0.00,2,Cruise,198.7490
2393.0,185,18.500,8.836,31.81,11.10,0.00,2,Cruise,198.7991
2394.0,186,18.600,8.836,31.81,11.10,0.00,2,Cruise,198.8492
2395.0,186,18.600,8.836,31.81,11.10,0.00,2,Cruise,199.0470
2396.0,186,18.600,8.836,31.81,11.10,0.00,2,Cruise,199.2447
2397.0,186,18.600,8.836,31.81,11.10,0.00,2,Cruise,199.4424
2398.0,186,18.600,8.836,31.81,11.10,0.00,2,Cruise,199.6401
2399.0,186,18.600,8.836,31.81,11.10,0.00,2,Cruise,199.8379
2400.0,186,18.600,8.836,31.81,11.10,0.00,2,Cruise,200.0356
2401.0,186,18.600,8.836,31.81,11.10,0.00,2,Cruise,200.2333
2402.0,186,18.600,8.836,31.81,11.10,0.00,2,Cruise,200.4310
2403.0,186,18.600,8.836,31.81,11.10,0.00,2,Cruise,200.6288
2404.0,186,18.600,8.836,31.81,11.10,0.00,2,Cruise,200.8265
2405.0,187,18.700,8.836,31.81,11.10,0.00,2,Cruise,201.0242
2406.0,187,18.700,8.836,31.81,11.10,0.00,2,Cruise,201.0399
2407.0,187,18.700,8.836,31.81,11.10,0.00,2,Cruise,201.0557
2408.0,187,18.700,8.836,31.81,11.10,0.00,2,Cruise,201.0714
2409.0,187,18.700,8.836,31.81,11.10,0.00,2,Cruise,201.0872
2410.0,187,18.700,8.836,31.81,11.10,0.00,2,Cruise,201.1029
2411.0,187,18.700,8.836,31.81,11.10,0.00,2,Cruise,201.1186
2412.0,187,18.700,8.836,31.81,11.10,0.00,2,Cruise,201.1344
2413.0,187,18.700,8.836,31.81,11.10,0.00,2,Cruise,201.1501
2414.0,187,18.700,8.836,31.81,11.10,0.00,2,Cruise,201.1658
2415.0,187,18.700,8.836,31.81,11.10,0.00,2,Cruise,201.1816
2416.0,188,18.800,8.836,31.81,11.10,0.00,2,Cruise,201.1973
2417.0,188,18.800,8.836,31.81,11.10,0.00,2,Cruise,201.3925
2418.0,188,18.800,8.836,31.81,11.10,0.00,2,Cruise,201.5876
2419.0,188,18.800,8.836,31.81,11.10,0.00,2,Cruise,201.7828
2420.0,188,18.800,8.836,31.81,11.10,0.00,2,Cruise,201.9780
2421.0,188,18.800,8.836,31.81,11.10,0.00,2,Cruise,202.1731
2422.0,188,18.800,8.836,31.81,11.10,0.00,2,Cruise,202.3683
2423.0,188,18.800,8.836,31.81,11.10,0.00,2,Cruise,202.5635
2424.0,188,18.800,8.836,31.81,11.10,0.00,2,Cruise,202.7586
2425.0,188,18.800,8.836,31.81,11.10,0.00,2,Cruise,202.9538
2426.0,188,18.800,8.836,31.81,11.10,0.00,2,Cruise,203.1490
2427.0,188,18.800,8.836,31.81,11.10,0.00,2,Cruise,203.3441
2428.0,189,18.900,8.836,31.81,11.10,0.00,2,Cruise,203.5393
2429.0,189,18.900,8.836,31.81,11.10,0.00,2,Cruise,203.7097
2430.0,189,18.900,8.836,31.81,11.10,0.00,2,Cruise,203.8801
2431.0,189,18.900,8.836,31.81,11.10,0.00,2,Cruise,204.0505
2432.0,189,18.900,8.836,31.81,11.10,0.00,2,Cruise,204.2210
2433.0,189,18.900,8.836,31.81,11.10,0.00,2,Cruise,204.3914
2434.0,189,18.900,8.836,31.81,11.10,0.00,2,Cruise,204.5618
2435.0,189,18.900,8.836,31.81,11.10,0.00,2,Cruise,204.7322
2436.0,189,18.900,8.836,31.81,11.10,0.00,2,Cruise,204.9027
2437.0,189,18.900,8.836,31.81,11.10,0.00,2,Cruise,205.0731
2438.0,189,18.900,8.836,31.81,11.10,0.00,2,Cruise,205.2435
2439.0,190,19.000,8.836,31.81,11.10,0.00,2,Cruise,205.4139
2440.0,190,19.000,8.836,31.81,11.10,0.00,2,Cruise,205.5263
2441.0,190,19.000,8.836,31.81,11.10,0.00,2,Cruise,205.6387
2442.0,190,19.000,8.836,31.81,11.10,0.00,2,Cruise,205.7510
2443.0,190,19.000,8.836,31.81,11.10,0.00,2,Cruise,205.8634
2444.0,190,19.000,8.836,31.81,11.10,0.00,2,Cruise,205.9758
2445.0,190,19.000,8.836,31.81,11.10,0.00,2,Cruise,206.0882
2446.0,190,19.000,8.836,31.81,11.10,0.00,2,Cruise,206.2005
2447.0,190,19.000,8.836,31.81,11.10,0.00,2,Cruise,206.3129
2448.0,190,19.000,8.836,31.81,11.10,0.00,2,Cruise,206.4253
2449.0,190,19.000,8.836,31.81,11.10,0.00,2,Cruise,206.5377
2450.0,191,19.100,8.836,31.81,11.10,0.00,2,Cruise,206.6500
2451.0,191,19.100,8.836,31.81,11.10,0.00,2,Cruise,206.7314
2452.0,191,19.100,8.836,31.81,11.10,0.00,2,Cruise,206.8128
2453.0,191,19.100,8.836,31.81,11.10,0.00,2,Cruise,206.8943
2454.0,191,19.100,8.836,31.81,11.10,0.00,2,Cruise,206.9757
2455.0,191,19.100,8.836,31.81,11.10,0.00,2,Cruise,207.0571
2456.0,191,19.100,8.836,31.81,11.10,0.00,2,Cruise,207.1385
2457.0,191,19.100,8.836,31.81,11.10,0.00,2,Cruise,207.2199
2458.0,191,19.100,8.836,31.81,11.10,0.00,2,Cruise,207.3013
2459.0,191,19.100,8.836,31.81,11.10,0.00,2,Cruise,207.3827
2460.0,191,19.100,8.836,31.81,11.10,0.00,2,Cruise,207.4641
2461.0,191,19.100,8.836,31.81,11.10,0.00,2,Cruise,207.5455
2462.0,192,19.200,8.836,31.81,11.10,0.00,2,Cruise,207.6269
2463.0,192,19.200,8.836,31.81,11.10,0.00,2,Cruise,207.7083
2464.0,192,19.200,8.836,31.81,11.10,0.00,2,Cruise,207.7896
2465.0,192,19.200,8.836,31.81,11.10,0.00,2,Cruise,207.8710
2466.0,192,19.200,8.836,31.81,11.10,0.00,2,Cruise,207.9523
2467.0,192,19.200,8.836,31.81,11.10,0.00,2,Cruise,208.0337
2468.0,192,19.200,8.836,31.81,11.10,0.00,2,Cruise,208.1150
2469.0,192,19.200,8.836,31.81,11.10,0.00,2,Cruise,208.1964
2470.0,192,19.200,8.836,31.81,11.10,0.00,2,Cruise,208.2777
2471.0,192,19.200,8.836,31.81,11.10,0.00,2,Cruise,208.3591
2472.0,192,19.200,8.836,31.81,11.10,0.00,2,Cruise,208.4404
2473.0,193,19.300,8.836,31.81,11.10,0.00,2,Cruise,208.5218
2474.0,193,19.300,8.836,31.81,11.10,0.00,2,Cruise,208.5642
2475.0,193,19.300,8.836,31.81,11.10,0.00,2,Cruise,208.6067
2476.0,193,19.300,8.836,31.81,11.10,0.00,2,Cruise,208.6492
2477.0,193,19.300,8.836,31.81,11.10,0.00,2,Cruise,208.6916
2478.0,193,19.300,8.836,31.81,11.10,0.00,2,Cruise,208.7341
2479.0,193,19.300,8.836,31.81,11.10,0.00,2,Cruise,208.7766
2480.0,193,19.300,8.836,31.81,11.10,0.00,2,Cruise,208.8190
2481.0,193,19.300,8.836,31.81,11.10,0.00,2,Cruise,208.8615
2482.0,193,19.300,8.836,31.81,11.10,0.00,2,Cruise,208.9040
2483.0,193,19.300,8.836,31.81,11.10,0.00,2,Cruise,208.9464
2484.0,194,19.400,8.836,31.81,11.10,0.00,2,Cruise,208.9889
2485.0,194,19.400,8.889,32.00,11.10,0.00,2,Cruise,208.9889
2486.0,194,19.400,8.941,32.19,11.10,0.00,2,Cruise,208.9889
2487.0,194,19.400,8.993,32.38,11.10,0.00,2,Cruise,208.9889
2488.0,194,19.400,9.046,32.56,11.10,0.00,2,Cruise,208.9889
2489.0,194,19.400,9.098,32.75,11.10,0.00,2,Cruise,208.9889
2490.0,194,19.400,9.150,32.94,11.10,0.00,2,Cruise,208.9889
2491.0,194,19.400,9.203,33.13,11.10,0.00,2,Cruise,208.9889
2492.0,194,19.400,9.255,33.32,11.10,0.00,2,Cruise,208.9889
2493.0,194,19.400,9.307,33.50,11.10,0.00,2,Cruise,208.9889
2494.0,194,19.400,9.359,33.69,11.10,0.00,2,Cruise,208.9889
2495.0,195,19.500,9.411,33.88,11.10,0.00,2,Cruise,208.9889
2496.0,195,19.500,9.439,33.98,11.10,0.00,2,Cruise,208.9889
2497.0,195,19.500,9.467,34.08,11.10,0.00,2,Cruise,208.9889
2498.0,195,19.500,9.495,34.18,11.10,0.00,2,Cruise,208.9889
2499.0,195,19.500,9.523,34.28,11.10,0.00,2,Cruise,208.9889
2500.0,195,19.500,9.551,34.38,11.10,0.00,2,Cruise,208.9889
2501.0,195,19.500,9.579,34.48,11.10,0.00,2,Cruise,208.9889
2502.0,195,19.500,9.607,34.58,11.10,0.00,2,Cruise,208.9889
2503.0,195,19.500,9.634,34.68,11.10,0.00,2,Cruise,208.9889
2504.0,195,19.500,9.662,34.78,11.10,0.00,2,Cruise,208.9889
2505.0,195,19.500,9.690,34.88,11.10,0.00,2,Cruise,208.9889
2506.0,196,19.600,9.718,34.98,11.10,0.00,2,Cruise,208.9889
2507.0,196,19.600,9.722,35.00,11.10,0.00,2,Cruise,208.9889
2508.0,196,19.600,9.726,35.01,11.10,0.00,2,Cruise,208.9889
2509.0,196,19.600,9.731,35.03,11.10,0.00,2,Cruise,208.9889
2510.0,196,19.600,9.735,35.05,11.10,0.00,2,Cruise,208.9889
2511.0,196,19.600,9.739,35.06,11.10,0.00,2,Cruise,208.9889
2512.0,196,19.600,9.743,35.08,11.10,0.00,2,Cruise,208.9889
2513.0,196,19.600,9.747,35.09,11.10,0.00,2,Cruise,208.9889
2514.0,196,19.600,9.752,35.11,11.10,0.00,2,Cruise,208.9889
2515.0,196,19.600,9.756,35.12,11.10,0.00,2,Cruise,208.9889
2516.0,197,19.700,9.760,35.14,11.10,0.00,2,Cruise,208.9889
2517.0,197,19.700,9.763,35.15,11.10,0.00,2,Cruise,208.9889
2518.0,197,19.700,9.766,35.16,11.10,0.00,2,Cruise,208.9889
2519.0,197,19.700,9.769,35.17,11.10,0.00,2,Cruise,208.9889
2520.0,197,19.700,9.772,35.18,11.10,0.00,2,Cruise,208.9889
2521.0,197,19.700,9.775,35.19,11.10,0.00,2,Cruise,208.9889
2522.0,197,19.700,9.778,35.20,11.10,0.00,2,Cruise,208.9889
2523.0,197,19.700,9.781,35.21,11.10,0.00,2,Cruise,208.9889
2524.0,197,19.700,9.784,35.22,11.10,0.00,2,Cruise,208.9889
2525.0,197,19.700,9.787,35.23,11.10,0.00,2,Cruise,208.9889
2526.0,198,19.800,9.790,35.24,11.10,0.00,1,Coast,208.9889
2527.0,198,19.800,9.922,35.72,11.10,0.00,1,Coast,208.9889
2528.0,198,19.800,10.054,36.20,11.10,0.00,1,Coast,208.9889
2529.0,198,19.800,10.186,36.67,11.10,0.00,1,Coast,208.9889
2530.0,198,19.800,10.318,37.15,11.10,0.00,1,Coast,208.9889
2531.0,198,19.800,10.450,37.62,11.10,0.00,1,Coast,208.9889
2532.0,198,19.800,10.582,38.09,11.10,0.00,1,Coast,208.9889
2533.0,198,19.800,10.713,38.57,11.10,0.00,1,Coast,208.9889
2534.0,198,19.800,10.844,39.04,11.10,0.00,1,Coast,208.9889
2535.0,198,19.800,10.976,39.51,11.10,0.00,1,Coast,208.9889
2536.0,199,19.900,11.107,39.98,11.10,0.01,1,Coast,208.9889
2537.0,199,19.900,11.215,40.38,11.10,0.12,1,Coast,208.9889
2538.0,199,19.900,11.324,40.77,11.10,0.22,1,Coast,208.9889
2539.0,199,19.900,11.433,41.16,11.10,0.33,1,Coast,208.9889
2540.0,199,19.900,11.541,41.55,11.10,0.44,1,Coast,208.9889
2541.0,199,19.900,11.650,41.94,11.10,0.55,1,Coast,208.9889
2542.0,199,19.900,11.758,42.33,11.10,0.66,1,Coast,208.9889
2543.0,199,19.900,11.866,42.72,11.10,0.77,1,Coast,208.9889
2544.0,199,19.900,11.974,43.11,11.10,0.87,1,Coast,208.9889
2545.0,200,20.000,12.082,43.50,11.10,0.98,0,Brake,208.9889
2546.0,200,20.000,11.352,40.87,11.10,0.25,0,Brake,208.9889
2547.0,200,20.000,10.622,38.24,11.10,0.00,1,Coast,208.9889
2548.0,200,20.000,10.693,38.49,11.10,0.00,1,Coast,208.9889
2549.0,200,20.000,10.764,38.75,11.10,0.00,1,Coast,208.9889
2550.0,200,20.000,10.835,39.00,11.10,0.00,1,Coast,208.9889
2551.0,200,20.000,10.905,39.26,11.10,0.00,0,Brake,208.9889
2552.0,200,20.000,10.176,36.63,11.10,0.00,1,Coast,208.9889
2553.0,200,20.000,10.247,36.89,11.10,0.00,1,Coast,208.9889
2554.0,201,20.100,10.319,37.15,11.10,0.00,1,Coast,208.9889
2555.0,201,20.100,10.390,37.41,11.10,0.00,1,Coast,208.9889
2556.0,201,20.100,10.462,37.66,11.10,0.00,1,Coast,208.9889
2557.0,201,20.100,10.534,37.92,11.10,0.00,1,Coast,208.9889
2558.0,201,20.100,10.605,38.18,11.10,0.00,1,Coast,208.9889
2559.0,201,20.100,10.677,38.44,11.10,0.00,0,Brake,208.9889
2560.0,201,20.100,9.948,35.81,11.10,0.00,1,Coast,208.9889
2561.0,201,20.100,10.020,36.07,11.10,0.00,1,Coast,208.9889
2562.0,201,20.100,10.092,36.33,11.10,0.00,1,Coast,208.9889
2563.0,202,20.200,10.164,36.59,11.10,0.00,0,Brake,208.9889
2564.0,202,20.200,9.412,33.88,11.10,0.00,0,Brake,208.9889
2565.0,202,20.200,8.661,31.18,11.10,0.00,1,Coast,208.9889
2566.0,202,20.200,8.711,31.36,11.10,0.00,1,Coast,208.9889
2567.0,202,20.200,8.761,31.54,11.10,0.00,1,Coast,208.9889
2568.0,202,20.200,8.810,31.72,11.10,0.00,1,Coast,208.9889
2569.0,202,20.200,8.860,31.89,11.10,0.00,1,Coast,208.9889
2570.0,202,20.200,8.909,32.07,11.10,0.00,1,Coast,208.9889
2571.0,202,20.200,8.959,32.25,11.10,0.00,1,Coast,208.9889
2572.0,202,20.200,9.008,32.43,11.10,0.00,1,Coast,208.9889
2573.0,202,20.200,9.057,32.61,11.10,0.00,1,Coast,208.9889
2574.0,203,20.300,9.107,32.78,1.00,0.00,2,Cruise,208.9889
2575.0,203,20.300,9.243,33.28,1.00,0.00,2,Cruise,208.9889
2576.0,203,20.300,9.380,33.77,1.00,0.00,2,Cruise,208.9889
2577.0,203,20.300,9.516,34.26,1.00,0.00,2,Cruise,208.9889
2578.0,203,20.300,9.653,34.75,1.00,0.00,2,Cruise,208.9889
2579.0,203,20.300,9.789,35.24,1.00,0.00,2,Cruise,208.9889
2580.0,203,20.300,9.925,35.73,1.00,0.00,2,Cruise,208.9889
2581.0,203,20.300,10.061,36.22,1.00,0.00,2,Cruise,208.9889
2582.0,203,20.300,10.197,36.71,1.00,0.00,2,Cruise,208.9889
2583.0,203,20.300,10.333,37.20,1.00,0.00,2,Cruise,208.9889
2584.0,203,20.300,10.468,37.69,1.00,0.00,2,Cruise,208.9889
2585.0,204,20.400,10.604,38.17,16.60,0.00,3,Power,208.9889
2586.0,204,20.400,11.166,40.20,16.60,0.00,3,Power,209.7572
2587.0,204,20.400,11.728,42.22,16.60,0.00,3,Power,210.5653
2588.0,204,20.400,12.289,44.24,16.60,0.00,3,Power,211.4129
2589.0,204,20.400,12.850,46.26,16.60,0.00,3,Power,212.3001
2590.0,204,20.400,13.410,48.27,16.60,0.00,3,Power,213.2269
2591.0,204,20.400,13.969,50.29,16.60,0.00,3,Power,214.1932
2592.0,204,20.400,14.528,52.30,16.60,0.00,1,Coast,215.1990
2593.0,205,20.500,14.486,52.15,16.60,0.00,2,Cruise,215.1990
2594.0,205,20.500,14.549,52.38,16.60,0.00,2,Cruise,215.1990
2595.0,205,20.500,14.612,52.60,16.60,0.00,2,Cruise,215.1990
2596.0,205,20.500,14.675,52.83,16.60,0.00,2,Cruise,215.1990
2597.0,205,20.500,14.738,53.06,16.60,0.00,2,Cruise,215.1990
2598.0,205,20.500,14.801,53.28,16.60,0.00,2,Cruise,215.1990
2599.0,205,20.500,14.864,53.51,16.60,0.00,2,Cruise,215.1990
2600.0,206,20.600,14.927,53.74,16.60,0.00,1,Coast,215.1990
2601.0,206,20.600,14.788,53.24,16.60,0.00,1,Coast,215.1990
2602.0,206,20.600,14.649,52.74,16.60,0.00,1,Coast,215.1990
2603.0,206,20.600,14.510,52.24,16.60,0.00,1,Coast,215.1990
2604.0,206,20.600,14.371,51.74,16.60,0.00,1,Coast,215.1990
2605.0,206,20.600,14.232,51.24,16.60,0.00,1,Coast,215.1990
2606.0,207,20.700,14.094,50.74,16.60,0.00,1,Coast,215.1990
2607.0,207,20.700,14.050,50.58,16.60,0.00,1,Coast,215.1990
2608.0,207,20.700,14.006,50.42,16.60,0.00,1,Coast,215.1990
2609.0,207,20.700,13.962,50.26,16.60,0.00,1,Coast,215.1990
2610.0,207,20.700,13.918,50.11,16.60,0.00,1,Coast,215.1990
2611.0,207,20.700,13.874,49.95,16.60,0.00,1,Coast,215.1990
2612.0,207,20.700,13.831,49.79,16.60,0.00,1,Coast,215.1990
2613.0,207,20.700,13.787,49.63,16.60,0.00,1,Coast,215.1990
2614.0,208,20.800,13.743,49.48,16.60,0.00,3,Power,215.1990
2615.0,208,20.800,14.159,50.97,16.60,0.00,1,Coast,216.1838
2616.0,208,20.800,13.975,50.31,16.60,0.00,1,Coast,216.1838
2617.0,208,20.800,13.791,49.65,16.60,0.00,3,Power,216.1838
2618.0,208,20.800,14.207,51.15,16.60,0.00,1,Coast,217.1720
2619.0,208,20.800,14.023,50.48,16.60,0.00,1,Coast,217.1720
2620.0,208,20.800,13.839,49.82,16.60,0.00,3,Power,217.1720
2621.0,209,20.900,14.255,51.32,16.60,0.00,3,Power,218.1635
2622.0,209,20.900,14.727,53.02,16.60,0.00,1,Coast,219.1864
2623.0,209,20.900,14.599,52.56,16.60,0.00,1,Coast,219.1864
2624.0,209,20.900,14.471,52.09,16.60,0.00,1,Coast,219.1864
2625.0,209,20.900,14.342,51.63,16.60,0.00,3,Power,219.1864
2626.0,209,20.900,14.814,53.33,16.60,0.00,1,Coast,220.2141
2627.0,209,20.900,14.685,52.87,16.60,0.00,1,Coast,220.2141
2628.0,210,21.000,14.557,52.40,16.60,0.00,1,Coast,220.2141
2629.0,210,21.000,14.370,51.73,16.60,0.00,1,Coast,220.2141
2630.0,210,21.000,14.183,51.06,16.60,0.00,3,Power,220.2141
2631.0,210,21.000,14.596,52.54,16.60,0.00,1,Coast,221.2298
2632.0,210,21.000,14.409,51.87,16.60,0.00,1,Coast,221.2298
2633.0,210,21.000,14.221,51.20,16.60,0.00,3,Power,221.2298
2634.0,210,21.000,14.635,52.68,16.60,0.00,1,Coast,222.2483
2635.0,211,21.100,14.447,52.01,16.60,0.00,1,Coast,222.2483
2636.0,211,21.100,14.359,51.69,16.60,0.00,1,Coast,222.2483
2637.0,211,21.100,14.270,51.37,16.60,0.00,1,Coast,222.2483
2638.0,211,21.100,14.182,51.05,16.60,0.00,1,Coast,222.2483
2639.0,211,21.100,14.093,50.74,16.60,0.00,3,Power,222.2483
2640.0,211,21.100,14.605,52.58,16.60,0.00,1,Coast,223.2612
2641.0,211,21.100,14.516,52.26,16.60,0.00,1,Coast,223.2612
2642.0,212,21.200,14.427,51.94,16.60,0.00,3,Power,223.2612
2643.0,212,21.200,14.890,53.60,16.60,0.00,1,Coast,224.2885
2644.0,212,21.200,14.756,53.12,16.60,0.00,1,Coast,224.2885
2645.0,212,21.200,14.623,52.64,16.60,0.00,1,Coast,224.2885
2646.0,212,21.200,14.489,52.16,16.60,0.00,3,Power,224.2885
2647.0,212,21.200,14.949,53.82,16.60,0.00,1,Coast,225.3157
2648.0,213,21.300,14.815,53.33,16.60,0.00,1,Coast,225.3157
2649.0,213,21.300,14.784,53.22,16.60,0.00,1,Coast,225.3157
2650.0,213,21.300,14.753,53.11,16.60,0.00,1,Coast,225.3157
2651.0,213,21.300,14.722,53.00,16.60,0.00,1,Coast,225.3157
2652.0,213,21.300,14.692,52.89,16.60,0.00,1,Coast,225.3157
2653.0,213,21.300,14.661,52.78,16.60,0.00,1,Coast,225.3157
2654.0,213,21.300,14.630,52.67,16.60,0.00,1,Coast,225.3157
2655.0,214,21.400,14.599,52.56,16.60,0.00,3,Power,225.3157
2656.0,214,21.400,15.024,54.09,16.60,0.00,1,Coast,226.3415
2657.0,214,21.400,14.859,53.49,16.60,0.00,1,Coast,226.3415
2658.0,214,21.400,14.695,52.90,16.60,0.00,1,Coast,226.3415
2659.0,214,21.400,14.530,52.31,16.60,0.00,3,Power,226.3415
2660.0,214,21.400,14.958,53.85,16.60,0.00,1,Coast,227.3674
2661.0,214,21.400,14.793,53.26,16.60,0.00,1,Coast,227.3674
2662.0,215,21.500,14.629,52.66,16.60,0.00,1,Coast,227.3674
2663.0,215,21.500,14.423,51.92,16.60,0.00,1,Coast,227.3674
2664.0,215,21.500,14.217,51.18,16.60,0.00,1,Coast,227.3674
2665.0,215,21.500,14.012,50.44,16.60,0.00,1,Coast,227.3674
2666.0,215,21.500,13.807,49.70,16.60,0.00,3,Power,227.3674
2667.0,215,21.500,14.202,51.13,16.60,0.00,1,Coast,228.3560
2668.0,215,21.500,13.996,50.39,16.60,0.00,1,Coast,228.3560
2669.0,216,21.600,13.791,49.65,16.60,0.00,3,Power,228.3560
2670.0,216,21.600,14.387,51.79,16.60,0.00,2,Cruise,229.3505
2671.0,216,21.600,14.387,51.79,16.60,0.00,2,Cruise,229.3586
2672.0,216,21.600,14.387,51.79,16.60,0.00,2,Cruise,229.3667
2673.0,216,21.600,14.387,51.79,16.60,0.00,2,Cruise,229.3749
2674.0,216,21.600,14.387,51.79,16.60,0.00,2,Cruise,229.3830
2675.0,216,21.600,14.387,51.79,16.60,0.00,2,Cruise,229.3911
2676.0,217,21.700,14.387,51.79,16.60,0.00,3,Power,229.3992
2677.0,217,21.700,14.987,53.95,16.60,0.00,2,Cruise,230.4314
2678.0,217,21.700,14.993,53.97,16.60,0.00,2,Cruise,230.4314
2679.0,217,21.700,14.998,53.99,16.60,0.00,2,Cruise,230.4314
2680.0,217,21.700,15.003,54.01,16.60,0.00,2,Cruise,230.4314
2681.0,217,21.700,15.009,54.03,16.60,0.00,2,Cruise,230.4314
2682.0,217,21.700,15.014,54.05,16.60,0.00,2,Cruise,230.4314
2683.0,218,21.800,15.019,54.07,16.60,0.00,1,Coast,230.4314
2684.0,218,21.800,14.941,53.79,16.60,0.00,1,Coast,230.4314
2685.0,218,21.800,14.862,53.50,16.60,0.00,1,Coast,230.4314
2686.0,218,21.800,14.784,53.22,16.60,0.00,1,Coast,230.4314
2687.0,218,21.800,14.706,52.94,16.60,0.00,1,Coast,230.4314
2688.0,218,21.800,14.627,52.66,16.60,0.00,1,Coast,230.4314
2689.0,219,21.900,14.549,52.38,16.60,0.00,1,Coast,230.4314
2690.0,219,21.900,14.497,52.19,16.60,0.00,3,Power,230.4314
2691.0,219,21.900,15.038,54.14,16.60,0.00,1,Coast,231.4614
2692.0,219,21.900,14.985,53.95,16.60,0.00,1,Coast,231.4614
2693.0,219,21.900,14.933,53.76,16.60,0.00,1,Coast,231.4614
2694.0,219,21.900,14.880,53.57,16.60,0.00,1,Coast,231.4614
2695.0,219,21.900,14.828,53.38,16.60,0.00,1,Coast,231.4614
2696.0,220,22.000,14.776,53.19,16.60,0.00,1,Coast,231.4614
2697.0,220,22.000,14.751,53.10,16.60,0.00,1,Coast,231.4614
2698.0,220,22.000,14.726,53.01,16.60,0.00,1,Coast,231.4614
2699.0,220,22.000,14.701,52.92,16.60,0.00,1,Coast,231.4614
2700.0,220,22.000,14.676,52.84,16.60,0.00,1,Coast,231.4614
2701.0,220,22.000,14.652,52.75,16.60,0.00,3,Power,231.4614
2702.0,220,22.000,15.214,54.77,16.60,0.00,1,Coast,232.4919
2703.0,221,22.100,15.188,54.68,16.60,0.00,2,Cruise,232.4919
2704.0,221,22.100,15.188,54.68,16.60,0.00,2,Cruise,232.6603
2705.0,221,22.100,15.188,54.68,16.60,0.00,2,Cruise,232.8287
2706.0,221,22.100,15.188,54.68,16.60,0.00,2,Cruise,232.9971
2707.0,221,22.100,15.188,54.68,16.60,0.00,2,Cruise,233.1655
2708.0,221,22.100,15.188,54.68,16.60,0.00,2,Cruise,233.3339
2709.0,221,22.100,15.188,54.68,16.60,0.00,2,Cruise,233.5023
2710.0,222,22.200,15.188,54.68,16.60,0.00,2,Cruise,233.6707
2711.0,222,22.200,15.198,54.71,16.60,0.00,2,Cruise,233.6707
2712.0,222,22.200,15.208,54.75,16.60,0.00,2,Cruise,233.6707
2713.0,222,22.200,15.218,54.78,16.60,0.00,2,Cruise,233.6707
2714.0,222,22.200,15.227,54.82,16.60,0.00,2,Cruise,233.6707
2715.0,222,22.200,15.237,54.85,16.60,0.00,2,Cruise,233.6707
2716.0,223,22.300,15.247,54.89,16.60,0.00,2,Cruise,233.6707
2717.0,223,22.300,15.247,54.89,16.60,0.00,2,Cruise,233.8170
2718.0,223,22.300,15.247,54.89,16.60,0.00,2,Cruise,233.9633
2719.0,223,22.300,15.247,54.89,16.60,0.00,2,Cruise,234.1096
2720.0,223,22.300,15.247,54.89,16.60,0.00,2,Cruise,234.2559
2721.0,223,22.300,15.247,54.89,16.60,0.00,2,Cruise,234.4021
2722.0,223,22.300,15.247,54.89,16.60,0.00,2,Cruise,234.5484
2723.0,224,22.400,15.247,54.89,16.60,0.00,2,Cruise,234.6947
2724.0,224,22.400,15.247,54.89,16.60,0.00,2,Cruise,234.7608
2725.0,224,22.400,15.247,54.89,16.60,0.00,2,Cruise,234.8268
2726.0,224,22.400,15.247,54.89,16.60,0.00,2,Cruise,234.8929
2727.0,224,22.400,15.247,54.89,16.60,0.00,2,Cruise,234.9589
2728.0,224,22.400,15.247,54.89,16.60,0.00,2,Cruise,235.0250
2729.0,225,22.500,15.247,54.89,16.60,0.00,2,Cruise,235.0910
2730.0,225,22.500,15.247,54.89,16.60,0.00,2,Cruise,235.2792
2731.0,225,22.500,15.247,54.89,16.60,0.00,2,Cruise,235.4673
2732.0,225,22.500,15.247,54.89,16.60,0.00,2,Cruise,235.6554
2733.0,225,22.500,15.247,54.89,16.60,0.00,2,Cruise,235.8435
2734.0,225,22.500,15.247,54.89,16.60,0.00,2,Cruise,236.0317
2735.0,225,22.500,15.247,54.89,16.60,0.00,2,Cruise,236.2198
2736.0,226,22.600,15.247,54.89,16.60,0.00,2,Cruise,236.4079
2737.0,226,22.600,15.247,54.89,16.60,0.00,2,Cruise,236.5221
2738.0,226,22.600,15.247,54.89,16.60,0.00,2,Cruise,236.6363
2739.0,226,22.600,15.247,54.89,16.60,0.00,2,Cruise,236.7504
2740.0,226,22.600,15.247,54.89,16.60,0.00,2,Cruise,236.8646
2741.0,226,22.600,15.247,54.89,16.60,0.00,2,Cruise,236.9788
2742.0,227,22.700,15.247,54.89,16.60,0.00,2,Cruise,237.0929
2743.0,227,22.700,15.262,54.94,16.60,0.00,2,Cruise,237.0929
2744.0,227,22.700,15.278,55.00,16.60,0.00,2,Cruise,237.0929
2745.0,227,22.700,15.293,55.05,16.60,0.00,2,Cruise,237.0929
2746.0,227,22.700,15.308,55.11,16.60,0.00,2,Cruise,237.0929
2747.0,227,22.700,15.324,55.16,16.60,0.00,2,Cruise,237.0929
2748.0,227,22.700,15.339,55.22,16.60,0.00,2,Cruise,237.0929
2749.0,228,22.800,15.354,55.27,16.60,0.00,2,Cruise,237.0929
2750.0,228,22.800,15.354,55.27,16.60,0.00,2,Cruise,237.2345
2751.0,228,22.800,15.354,55.27,16.60,0.00,2,Cruise,237.3761
2752.0,228,22.800,15.354,55.27,16.60,0.00,2,Cruise,237.5176
2753.0,228,22.800,15.354,55.27,16.60,0.00,2,Cruise,237.6592
2754.0,228,22.800,15.354,55.27,16.60,0.00,2,Cruise,237.8007
2755.0,229,22.900,15.354,55.27,16.60,0.00,2,Cruise,237.9423
2756.0,229,22.900,15.354,55.27,16.60,0.00,2,Cruise,238.0866
2757.0,229,22.900,15.354,55.27,16.60,0.00,2,Cruise,238.2309
2758.0,229,22.900,15.354,55.27,16.60,0.00,2,Cruise,238.3752
2759.0,229,22.900,15.354,55.27,16.60,0.00,2,Cruise,238.5195
2760.0,229,22.900,15.354,55.27,16.60,0.00,2,Cruise,238.6637
2761.0,229,22.900,15.354,55.27,16.60,0.00,2,Cruise,238.8080
2762.0,230,23.000,15.354,55.27,16.60,0.00,2,Cruise,238.9523
2763.0,230,23.000,15.354,55.27,16.60,0.00,2,Cruise,239.1401
2764.0,230,23.000,15.354,55.27,16.60,0.00,2,Cruise,239.3279
2765.0,230,23.000,15.354,55.27,16.60,0.00,2,Cruise,239.5157
2766.0,230,23.000,15.354,55.27,16.60,0.00,2,Cruise,239.7035
2767.0,230,23.000,15.354,55.27,16.60,0.00,2,Cruise,239.8912
2768.0,231,23.100,15.354,55.27,16.60,0.00,2,Cruise,240.0790
2769.0,231,23.100,15.354,55.27,16.60,0.00,2,Cruise,240.1504
2770.0,231,23.100,15.354,55.27,16.60,0.00,2,Cruise,240.2219
2771.0,231,23.100,15.354,55.27,16.60,0.00,2,Cruise,240.2933
2772.0,231,23.100,15.354,55.27,16.60,0.00,2,Cruise,240.3648
2773.0,231,23.100,15.354,55.27,16.60,0.00,2,Cruise,240.4362
2774.0,231,23.100,15.354,55.27,16.60,0.00,2,Cruise,240.5076
2775.0,232,23.200,15.354,55.27,16.60,0.00,2,Cruise,240.5791
2776.0,232,23.200,15.354,55.27,16.60,0.00,2,Cruise,240.7550
2777.0,232,23.200,15.354,55.27,16.60,0.00,2,Cruise,240.9309
2778.0,232,23.200,15.354,55.27,16.60,0.00,2,Cruise,241.1068
2779.0,232,23.200,15.354,55.27,16.60,0.00,2,Cruise,241.2827
2780.0,232,23.200,15.354,55.27,16.60,0.00,2,Cruise,241.4586
2781.0,233,23.300,15.354,55.27,16.60,0.00,1,Coast,241.6345
2782.0,233,23.300,15.260,54.94,16.60,0.00,1,Coast,241.6345
2783.0,233,23.300,15.167,54.60,16.60,0.00,1,Coast,241.6345
2784.0,233,23.300,15.073,54.26,16.60,0.00,1,Coast,241.6345
2785.0,233,23.300,14.980,53.93,16.60,0.00,1,Coast,241.6345
2786.0,233,23.300,14.887,53.59,16.60,0.00,1,Coast,241.6345
2787.0,233,23.300,14.793,53.26,16.60,0.00,2,Cruise,241.6345
2788.0,234,23.400,14.793,53.26,16.60,0.00,0,Brake,241.7964
2789.0,234,23.400,13.993,50.38,16.60,0.00,1,Coast,241.7964
2790.0,234,23.400,13.848,49.85,16.60,0.00,2,Cruise,241.7964
2791.0,234,23.400,13.848,49.85,16.60,0.00,2,Cruise,242.0325
2792.0,234,23.400,13.848,49.85,16.60,0.00,2,Cruise,242.2685
2793.0,234,23.400,13.848,49.85,16.60,0.00,2,Cruise,242.5046
2794.0,234,23.400,13.848,49.85,16.60,0.00,2,Cruise,242.7407
2795.0,235,23.500,13.848,49.85,16.60,0.00,1,Coast,242.9768
2796.0,235,23.500,13.781,49.61,16.60,0.00,1,Coast,242.9768
2797.0,235,23.500,13.714,49.37,16.60,0.00,2,Cruise,242.9768
2798.0,235,23.500,13.714,49.37,16.60,0.00,2,Cruise,243.0851
2799.0,235,23.500,13.714,49.37,16.60,0.00,2,Cruise,243.1935
2800.0,235,23.500,13.714,49.37,16.60,0.00,2,Cruise,243.3019
2801.0,235,23.500,13.714,49.37,16.60,0.00,2,Cruise,243.4102
2802.0,236,23.600,13.714,49.37,16.60,0.00,2,Cruise,243.5186
2803.0,236,23.600,13.714,49.37,16.60,0.00,2,Cruise,243.5643
2804.0,236,23.600,13.714,49.37,16.60,0.00,2,Cruise,243.6100
2805.0,236,23.600,13.714,49.37,16.60,0.00,2,Cruise,243.6557
2806.0,236,23.600,13.714,49.37,16.60,0.00,2,Cruise,243.7014
2807.0,236,23.600,13.714,49.37,16.60,0.00,2,Cruise,243.7470
2808.0,236,23.600,13.714,49.37,16.60,0.00,2,Cruise,243.7927
2809.0,236,23.600,13.714,49.37,16.60,0.00,2,Cruise,243.8384
2810.0,237,23.700,13.714,49.37,16.60,0.00,2,Cruise,243.8841
2811.0,237,23.700,13.714,49.37,16.60,0.00,2,Cruise,243.9489
2812.0,237,23.700,13.714,49.37,16.60,0.00,2,Cruise,244.0138
2813.0,237,23.700,13.714,49.37,16.60,0.00,2,Cruise,244.0786
2814.0,237,23.700,13.714,49.37,16.60,0.00,2,Cruise,244.1434
2815.0,237,23.700,13.714,49.37,16.60,0.00,2,Cruise,244.2082
2816.0,237,23.700,13.714,49.37,16.60,0.00,2,Cruise,244.2731
2817.0,238,23.800,13.714,49.37,16.60,0.00,0,Brake,244.3379
2818.0,238,23.800,12.914,46.49,16.60,0.00,2,Cruise,244.3379
2819.0,238,23.800,12.914,46.49,16.60,0.00,2,Cruise,244.4943
2820.0,238,23.800,12.914,46.49,16.60,0.00,2,Cruise,244.6507
2821.0,238,23.800,12.914,46.49,16.60,0.00,2,Cruise,244.8071
2822.0,238,23.800,12.914,46.49,16.60,0.00,2,Cruise,244.9636
2823.0,238,23.800,12.914,46.49,16.60,0.00,2,Cruise,245.1200
2824.0,238,23.800,12.914,46.49,16.60,0.00,2,Cruise,245.2764
2825.0,239,23.900,12.914,46.49,16.60,0.00,2,Cruise,245.4328
2826.0,239,23.900,12.914,46.49,16.60,0.00,2,Cruise,245.5465
2827.0,239,23.900,12.914,46.49,16.60,0.00,2,Cruise,245.6603
2828.0,239,23.900,12.914,46.49,16.60,0.00,2,Cruise,245.7740
2829.0,239,23.900,12.914,46.49,16.60,0.00,2,Cruise,245.8877
2830.0,239,23.900,12.914,46.49,16.60,0.00,2,Cruise,246.0015
2831.0,239,23.900,12.914,46.49,16.60,0.00,2,Cruise,246.1152
2832.0,240,24.000,12.914,46.49,1.00,0.00,1,Coast,246.2289
2833.0,240,24.000,12.812,46.12,1.00,0.00,1,Coast,246.2289
2834.0,240,24.000,12.710,45.75,1.00,0.00,1,Coast,246.2289
2835.0,240,24.000,12.608,45.39,1.00,0.00,1,Coast,246.2289
2836.0,240,24.000,12.506,45.02,1.00,0.00,1,Coast,246.2289
2837.0,240,24.000,12.404,44.66,1.00,0.00,1,Coast,246.2289
2838.0,240,24.000,12.303,44.29,1.00,0.00,1,Coast,246.2289
2839.0,240,24.000,12.201,43.92,1.00,0.00,1,Coast,246.2289
2840.0,241,24.100,12.100,43.56,22.20,0.00,3,Power,246.2289
2841.0,241,24.100,12.615,45.42,22.20,0.00,3,Power,247.1012
2842.0,241,24.100,13.130,47.27,22.20,0.00,3,Power,248.0099
2843.0,241,24.100,13.644,49.12,22.20,0.00,3,Power,248.9549
2844.0,241,24.100,14.158,50.97,22.20,0.00,3,Power,249.9362
2845.0,241,24.100,14.671,52.82,22.20,0.00,3,Power,250.9537
2846.0,241,24.100,15.170,54.61,22.20,0.00,3,Power,251.9820
2847.0,241,24.100,15.648,56.33,22.20,0.00,3,Power,253.0090
2848.0,242,24.200,16.108,57.99,22.20,0.00,3,Power,254.0350
2849.0,242,24.200,16.531,59.51,22.20,0.00,3,Power,255.0594
2850.0,242,24.200,16.939,60.98,22.20,0.00,3,Power,256.0830
2851.0,242,24.200,17.334,62.40,22.20,0.00,3,Power,257.1059
2852.0,242,24.200,17.717,63.78,22.20,0.00,3,Power,258.1281
2853.0,242,24.200,18.088,65.12,22.20,0.00,3,Power,259.1499
2854.0,243,24.300,18.450,66.42,22.20,0.00,3,Power,260.1711
2855.0,243,24.300,18.802,67.69,22.20,0.00,3,Power,261.1918
2856.0,243,24.300,19.145,68.92,22.20,0.00,3,Power,262.2122
2857.0,243,24.300,19.479,70.13,22.20,0.00,2,Cruise,263.2321
2858.0,243,24.300,19.479,70.13,22.20,0.00,2,Cruise,263.4957
2859.0,244,24.400,19.479,70.13,22.20,0.00,3,Power,263.7594
2860.0,244,24.400,19.847,71.45,22.20,0.00,1,Coast,264.7800
2861.0,244,24.400,19.773,71.18,22.20,0.00,1,Coast,264.7800
2862.0,244,24.400,19.698,70.91,22.20,0.00,1,Coast,264.7800
2863.0,244,24.400,19.624,70.65,22.20,0.00,3,Power,264.7800
2864.0,245,24.500,19.988,71.96,22.20,0.00,1,Coast,265.8005
2865.0,245,24.500,19.909,71.67,22.20,0.00,1,Coast,265.8005
2866.0,245,24.500,19.831,71.39,22.20,0.00,1,Coast,265.8005
2867.0,245,24.500,19.752,71.11,22.20,0.00,3,Power,265.8005
2868.0,245,24.500,20.109,72.39,22.20,0.00,1,Coast,266.8208
2869.0,246,24.600,20.030,72.11,22.20,0.00,2,Cruise,266.8208
2870.0,246,24.600,20.030,72.11,22.20,0.00,2,Cruise,267.0623
2871.0,246,24.600,20.030,72.11,22.20,0.00,2,Cruise,267.3039
2872.0,246,24.600,20.030,72.11,22.20,0.00,2,Cruise,267.5455
2873.0,246,24.600,20.030,72.11,22.20,0.00,2,Cruise,267.7871
2874.0,247,24.700,20.030,72.11,22.20,0.00,1,Coast,268.0287
2875.0,247,24.700,19.977,71.92,22.20,0.00,1,Coast,268.0287
2876.0,247,24.700,19.924,71.73,22.20,0.00,1,Coast,268.0287
2877.0,247,24.700,19.871,71.54,22.20,0.00,1,Coast,268.0287
2878.0,247,24.700,19.818,71.35,22.20,0.00,1,Coast,268.0287
2879.0,248,24.800,19.765,71.16,22.20,0.00,2,Cruise,268.0287
2880.0,248,24.800,19.765,71.16,22.20,0.00,2,Cruise,268.3103
2881.0,248,24.800,19.765,71.16,22.20,0.00,2,Cruise,268.5919
2882.0,248,24.800,19.765,71.16,22.20,0.00,2,Cruise,268.8735
2883.0,248,24.800,19.765,71.16,22.20,0.00,2,Cruise,269.1551
2884.0,249,24.900,19.765,71.16,22.20,0.00,2,Cruise,269.4367
2885.0,249,24.900,19.765,71.16,22.20,0.00,2,Cruise,269.7809
2886.0,249,24.900,19.765,71.16,22.20,0.00,2,Cruise,270.1251
2887.0,249,24.900,19.765,71.16,22.20,0.00,2,Cruise,270.4693
2888.0,249,24.900,19.765,71.16,22.20,0.00,2,Cruise,270.8135
2889.0,250,25.000,19.765,71.16,22.20,0.00,3,Power,271.1577
2890.0,250,25.000,20.100,72.36,22.20,0.00,2,Cruise,272.1774
2891.0,250,25.000,20.100,72.36,22.20,0.00,2,Cruise,272.4155
2892.0,250,25.000,20.100,72.36,22.20,0.00,2,Cruise,272.6537
2893.0,250,25.000,20.100,72.36,22.20,0.00,2,Cruise,272.8918
2894.0,251,25.100,20.100,72.36,22.20,0.00,1,Coast,273.1300
2895.0,251,25.100,20.062,72.22,22.20,0.00,1,Coast,273.1300
2896.0,251,25.100,20.023,72.08,22.20,0.00,1,Coast,273.1300
2897.0,251,25.100,19.985,71.95,22.20,0.00,1,Coast,273.1300
2898.0,251,25.100,19.947,71.81,22.20,0.00,1,Coast,273.1300
2899.0,252,25.200,19.909,71.67,22.20,0.00,1,Coast,273.1300
2900.0,252,25.200,19.840,71.42,22.20,0.00,3,Power,273.1300
2901.0,252,25.200,20.203,72.73,22.20,0.00,1,Coast,274.1504
2902.0,252,25.200,20.134,72.48,22.20,0.00,1,Coast,274.1504
2903.0,252,25.200,20.064,72.23,22.20,0.00,1,Coast,274.1504
2904.0,253,25.300,19.994,71.98,22.20,0.00,1,Coast,274.1504
2905.0,253,25.300,19.916,71.70,22.20,0.00,1,Coast,274.1504
2906.0,253,25.300,19.838,71.42,22.20,0.00,3,Power,274.1504
2907.0,253,25.300,20.194,72.70,22.20,0.00,1,Coast,275.1705
2908.0,253,25.300,20.116,72.42,22.20,0.00,1,Coast,275.1705
2909.0,254,25.400,20.038,72.14,22.20,0.00,1,Coast,275.1705
2910.0,254,25.400,19.908,71.67,22.20,0.00,1,Coast,275.1705
2911.0,254,25.400,19.779,71.20,22.20,0.00,2,Cruise,275.1705
2912.0,254,25.400,19.779,71.20,22.20,0.00,2,Cruise,275.4711
2913.0,254,25.400,19.779,71.20,22.20,0.00,2,Cruise,275.7716
2914.0,255,25.500,19.779,71.20,22.20,0.00,2,Cruise,276.0721
2915.0,255,25.500,19.779,71.20,22.20,0.00,2,Cruise,276.1955
2916.0,255,25.500,19.779,71.20,22.20,0.00,2,Cruise,276.3188
2917.0,255,25.500,19.779,71.20,22.20,0.00,2,Cruise,276.4422
2918.0,255,25.500,19.779,71.20,22.20,0.00,2,Cruise,276.5655
2919.0,256,25.600,19.779,71.20,22.20,0.00,3,Power,276.6888
2920.0,256,25.600,20.135,72.48,22.20,0.00,1,Coast,277.7090
2921.0,256,25.600,20.055,72.20,22.20,0.00,1,Coast,277.7090
2922.0,256,25.600,19.976,71.92,22.20,0.00,1,Coast,277.7090
2923.0,256,25.600,19.897,71.63,22.20,0.00,3,Power,277.7090
2924.0,257,25.700,20.251,72.90,22.20,0.00,1,Coast,278.7291
2925.0,257,25.700,20.242,72.87,22.20,0.00,1,Coast,278.7291
2926.0,257,25.700,20.234,72.84,22.20,0.00,1,Coast,278.7291
2927.0,257,25.700,20.226,72.81,22.20,0.00,1,Coast,278.7291
2928.0,257,25.700,20.217,72.78,22.20,0.00,1,Coast,278.7291
2929.0,258,25.800,20.209,72.75,22.20,0.00,1,Coast,278.7291
2930.0,258,25.800,20.127,72.46,22.20,0.00,1,Coast,278.7291
2931.0,258,25.800,20.044,72.16,22.20,0.00,1,Coast,278.7291
2932.0,258,25.800,19.962,71.86,22.20,0.00,3,Power,278.7291
2933.0,258,25.800,20.311,73.12,22.20,0.00,1,Coast,279.7491
2934.0,259,25.900,20.228,72.82,22.20,0.00,1,Coast,279.7491
2935.0,259,25.900,20.196,72.71,22.20,0.00,1,Coast,279.7491
2936.0,259,25.900,20.164,72.59,22.20,0.00,1,Coast,279.7491
2937.0,259,25.900,20.133,72.48,22.20,0.00,1,Coast,279.7491
2938.0,259,25.900,20.101,72.36,22.20,0.00,1,Coast,279.7491
2939.0,260,26.000,20.069,72.25,22.20,0.00,1,Coast,279.7491
2940.0,260,26.000,19.955,71.84,22.20,0.00,1,Coast,279.7491
2941.0,260,26.000,19.840,71.42,22.20,0.00,1,Coast,279.7491
2942.0,260,26.000,19.726,71.01,22.20,0.00,1,Coast,279.7491
2943.0,260,26.000,19.612,70.60,22.20,0.00,3,Power,279.7491
2944.0,261,26.100,19.936,71.77,22.20,0.00,1,Coast,280.7685
2945.0,261,26.100,19.848,71.45,22.20,0.00,3,Power,280.7685
2946.0,261,26.100,20.193,72.70,22.20,0.00,1,Coast,281.7884
2947.0,261,26.100,20.105,72.38,22.20,0.00,1,Coast,281.7884
2948.0,261,26.100,20.017,72.06,22.20,0.00,1,Coast,281.7884
2949.0,262,26.200,19.929,71.74,22.20,0.00,3,Power,281.7884
2950.0,262,26.200,20.287,73.03,22.20,0.00,1,Coast,282.8086
2951.0,262,26.200,20.213,72.77,22.20,0.00,1,Coast,282.8086
2952.0,262,26.200,20.139,72.50,22.20,0.00,1,Coast,282.8086
2953.0,262,26.200,20.066,72.24,22.20,0.00,1,Coast,282.8086
2954.0,263,26.300,19.993,71.97,22.20,0.00,2,Cruise,282.8086
2955.0,263,26.300,19.993,71.97,22.20,0.00,2,Cruise,282.8327
2956.0,263,26.300,19.993,71.97,22.20,0.00,2,Cruise,282.8568
2957.0,263,26.300,19.993,71.97,22.20,0.00,2,Cruise,282.8809
2958.0,263,26.300,19.993,71.97,22.20,0.00,2,Cruise,282.9050
2959.0,264,26.400,19.993,71.97,22.20,0.00,2,Cruise,282.9291
2960.0,264,26.400,19.993,71.97,22.20,0.00,2,Cruise,283.0259
2961.0,264,26.400,19.993,71.97,22.20,0.00,2,Cruise,283.1228
2962.0,264,26.400,19.993,71.97,22.20,0.00,2,Cruise,283.2197
2963.0,264,26.400,19.993,71.97,22.20,0.00,2,Cruise,283.3165
2964.0,265,26.500,19.993,71.97,22.20,0.00,1,Coast,283.4134
2965.0,265,26.500,19.919,71.71,22.20,0.00,2,Cruise,283.4134
2966.0,265,26.500,19.919,71.71,22.20,0.00,2,Cruise,283.5866
2967.0,265,26.500,19.919,71.71,22.20,0.00,2,Cruise,283.7599
2968.0,265,26.500,19.919,71.71,22.20,0.00,2,Cruise,283.9331
2969.0,266,26.600,19.919,71.71,22.20,0.00,1,Coast,284.1063
2970.0,266,26.600,19.835,71.41,22.20,0.00,1,Coast,284.1063
2971.0,266,26.600,19.753,71.11,22.20,0.00,1,Coast,284.1063
2972.0,266,26.600,19.670,70.81,22.20,0.00,2,Cruise,284.1063
2973.0,266,26.600,19.670,70.81,22.20,0.00,2,Cruise,284.2977
2974.0,267,26.700,19.670,70.81,22.20,0.00,2,Cruise,284.4891
2975.0,267,26.700,19.679,70.84,22.20,0.00,2,Cruise,284.4891
2976.0,267,26.700,19.688,70.88,22.20,0.00,2,Cruise,284.4891
2977.0,267,26.700,19.696,70.91,22.20,0.00,2,Cruise,284.4891
2978.0,267,26.700,19.705,70.94,22.20,0.00,2,Cruise,284.4891
2979.0,268,26.800,19.714,70.97,22.20,0.00,2,Cruise,284.4891
2980.0,268,26.800,19.731,71.03,22.20,0.00,2,Cruise,284.4891
2981.0,268,26.800,19.748,71.09,22.20,0.00,2,Cruise,284.4891
2982.0,268,26.800,19.765,71.15,22.20,0.00,2,Cruise,284.4891
2983.0,268,26.800,19.782,71.21,22.20,0.00,2,Cruise,284.4891
2984.0,269,26.900,19.799,71.27,22.20,0.00,1,Coast,284.4891
2985.0,269,26.900,19.756,71.12,22.20,0.00,1,Coast,284.4891
2986.0,269,26.900,19.714,70.97,22.20,0.00,1,Coast,284.4891
2987.0,269,26.900,19.672,70.82,22.20,0.00,1,Coast,284.4891
2988.0,269,26.900,19.629,70.67,22.20,0.00,1,Coast,284.4891
2989.0,270,27.000,19.587,70.51,22.20,0.00,3,Power,284.4891
2990.0,270,27.000,19.936,71.77,22.20,0.00,1,Coast,285.5092
2991.0,270,27.000,19.846,71.45,22.20,0.00,1,Coast,285.5092
2992.0,270,27.000,19.756,71.12,22.20,0.00,1,Coast,285.5092
2993.0,270,27.000,19.666,70.80,22.20,0.00,3,Power,285.5092
2994.0,271,27.100,20.013,72.05,22.20,0.00,1,Coast,286.5292
2995.0,271,27.100,19.946,71.81,22.20,0.00,1,Coast,286.5292
2996.0,271,27.100,19.879,71.57,22.20,0.00,1,Coast,286.5292
2997.0,271,27.100,19.813,71.33,22.20,0.00,1,Coast,286.5292
2998.0,271,27.100,19.746,71.09,22.20,0.00,1,Coast,286.5292
2999.0,272,27.200,19.680,70.85,22.20,0.00,1,Coast,286.5292
3000.0,272,27.200,19.621,70.64,22.20,0.00,1,Coast,286.5292
3001.0,272,27.200,19.562,70.42,22.20,0.00,3,Power,286.5292
3002.0,272,27.200,19.942,71.79,22.20,0.00,1,Coast,287.5501
3003.0,272,27.200,19.883,71.58,22.20,0.00,1,Coast,287.5501
3004.0,273,27.300,19.823,71.36,22.20,0.00,1,Coast,287.5501
3005.0,273,27.300,19.774,71.19,22.20,0.00,1,Coast,287.5501
3006.0,273,27.300,19.725,71.01,22.20,0.00,1,Coast,287.5501
3007.0,273,27.300,19.676,70.83,22.20,0.00,1,Coast,287.5501
3008.0,273,27.300,19.627,70.66,22.20,0.00,3,Power,287.5501
3009.0,273,27.300,20.016,72.06,22.20,0.00,1,Coast,288.5713
3010.0,274,27.400,19.966,71.88,22.20,0.00,1,Coast,288.5713
3011.0,274,27.400,19.923,71.72,22.20,0.00,1,Coast,288.5713
3012.0,274,27.400,19.880,71.57,22.20,0.00,1,Coast,288.5713
3013.0,274,27.400,19.836,71.41,22.20,0.00,1,Coast,288.5713
3014.0,274,27.400,19.793,71.26,22.20,0.00,1,Coast,288.5713
3015.0,275,27.500,19.750,71.10,22.20,0.00,1,Coast,288.5713
3016.0,275,27.500,19.679,70.84,22.20,0.00,1,Coast,288.5713
3017.0,275,27.500,19.608,70.59,22.20,0.00,3,Power,288.5713
3018.0,275,27.500,19.976,71.91,22.20,0.00,1,Coast,289.5919
3019.0,275,27.500,19.905,71.66,22.20,0.00,1,Coast,289.5919
3020.0,276,27.600,19.833,71.40,22.20,0.00,1,Coast,289.5919
3021.0,276,27.600,19.804,71.30,22.20,0.00,1,Coast,289.5919
3022.0,276,27.600,19.775,71.19,22.20,0.00,1,Coast,289.5919
3023.0,276,27.600,19.746,71.09,22.20,0.00,1,Coast,289.5919
3024.0,276,27.600,19.718,70.98,22.20,0.00,1,Coast,289.5919
3025.0,277,27.700,19.689,70.88,22.20,0.00,1,Coast,289.5919
3026.0,277,27.700,19.608,70.59,22.20,0.00,1,Coast,289.5919
3027.0,277,27.700,19.528,70.30,22.20,0.00,1,Coast,289.5919
3028.0,277,27.700,19.449,70.01,22.20,0.00,1,Coast,289.5919
3029.0,277,27.700,19.369,69.73,22.20,0.00,1,Coast,289.5919
3030.0,278,27.800,19.289,69.44,22.20,0.00,2,Cruise,289.5919
3031.0,278,27.800,19.289,69.44,22.20,0.00,2,Cruise,289.6718
3032.0,278,27.800,19.289,69.44,22.20,0.00,2,Cruise,289.7517
3033.0,278,27.800,19.289,69.44,22.20,0.00,2,Cruise,289.8316
3034.0,278,27.800,19.289,69.44,22.20,0.00,2,Cruise,289.9115
3035.0,279,27.900,19.289,69.44,22.20,0.00,1,Coast,289.9914
3036.0,279,27.900,19.241,69.27,22.20,0.00,1,Coast,289.9914
3037.0,279,27.900,19.194,69.10,22.20,0.00,1,Coast,289.9914
3038.0,279,27.900,19.146,68.93,22.20,0.00,1,Coast,289.9914
3039.0,279,27.900,19.099,68.76,22.20,0.00,1,Coast,289.9914
3040.0,280,28.000,19.052,68.59,22.20,0.00,1,Coast,289.9914
3041.0,280,28.000,19.005,68.42,22.20,0.00,1,Coast,289.9914
3042.0,280,28.000,18.958,68.25,22.20,0.00,1,Coast,289.9914
3043.0,280,28.000,18.912,68.08,22.20,0.00,1,Coast,289.9914
3044.0,280,28.000,18.865,67.92,22.20,0.00,1,Coast,289.9914
3045.0,281,28.100,18.819,67.75,22.20,0.00,2,Cruise,289.9914
3046.0,281,28.100,18.851,67.87,22.20,0.00,2,Cruise,289.9914
3047.0,281,28.100,18.884,67.98,22.20,0.00,2,Cruise,289.9914
3048.0,281,28.100,18.916,68.10,22.20,0.00,2,Cruise,289.9914
3049.0,281,28.100,18.948,68.21,22.20,0.00,2,Cruise,289.9914
3050.0,281,28.100,18.980,68.33,22.20,0.00,2,Cruise,289.9914
3051.0,282,28.200,19.012,68.44,22.20,0.00,2,Cruise,289.9914
3052.0,282,28.200,19.015,68.45,22.20,0.00,2,Cruise,289.9914
3053.0,282,28.200,19.018,68.46,22.20,0.00,2,Cruise,289.9914
3054.0,282,28.200,19.020,68.47,22.20,0.00,2,Cruise,289.9914
3055.0,282,28.200,19.023,68.48,22.20,0.00,2,Cruise,289.9914
3056.0,283,28.300,19.025,68.49,22.20,0.00,2,Cruise,289.9914
3057.0,283,28.300,19.040,68.54,22.20,0.00,2,Cruise,289.9914
3058.0,283,28.300,19.054,68.60,22.20,0.00,2,Cruise,289.9914
3059.0,283,28.300,19.069,68.65,22.20,0.00,2,Cruise,289.9914
3060.0,283,28.300,19.083,68.70,22.20,0.00,2,Cruise,289.9914
3061.0,284,28.400,19.097,68.75,22.20,0.00,3,Power,289.9914
3062.0,284,28.400,19.537,70.33,22.20,0.00,3,Power,291.0141
3063.0,284,28.400,19.965,71.88,22.20,0.00,1,Coast,292.0363
3064.0,284,28.400,19.953,71.83,22.20,0.00,1,Coast,292.0363
3065.0,284,28.400,19.941,71.79,22.20,0.00,1,Coast,292.0363
3066.0,285,28.500,19.929,71.75,22.20,0.00,1,Coast,292.0363
3067.0,285,28.500,19.936,71.77,22.20,0.00,1,Coast,292.0363
3068.0,285,28.500,19.943,71.79,22.20,0.00,1,Coast,292.0363
3069.0,285,28.500,19.950,71.82,22.20,0.00,1,Coast,292.0363
3070.0,285,28.500,19.956,71.84,22.20,0.00,1,Coast,292.0363
3071.0,286,28.600,19.963,71.87,22.20,0.00,3,Power,292.0363
3072.0,286,28.600,20.344,73.24,22.20,0.00,1,Coast,293.0571
3073.0,286,28.600,20.295,73.06,22.20,0.00,1,Coast,293.0571
3074.0,286,28.600,20.245,72.88,22.20,0.00,1,Coast,293.0571
3075.0,286,28.600,20.195,72.70,22.20,0.00,1,Coast,293.0571
3076.0,287,28.700,20.146,72.53,22.20,0.00,1,Coast,293.0571
3077.0,287,28.700,19.979,71.92,22.20,0.00,1,Coast,293.0571
3078.0,287,28.700,19.812,71.32,22.20,0.00,1,Coast,293.0571
3079.0,287,28.700,19.645,70.72,22.20,0.00,1,Coast,293.0571
3080.0,287,28.700,19.479,70.12,22.20,0.00,1,Coast,293.0571
3081.0,288,28.800,19.313,69.53,22.20,0.00,3,Power,293.0571
3082.0,288,28.800,19.619,70.63,22.20,0.00,1,Coast,294.0762
3083.0,288,28.800,19.480,70.13,22.20,0.00,1,Coast,294.0762
3084.0,288,28.800,19.340,69.63,22.20,0.00,3,Power,294.0762
3085.0,288,28.800,19.646,70.72,22.20,0.00,1,Coast,295.0953
3086.0,289,28.900,19.506,70.22,22.20,0.00,3,Power,295.0953
3087.0,289,28.900,19.896,71.63,22.20,0.00,1,Coast,296.1165
3088.0,289,28.900,19.845,71.44,22.20,0.00,1,Coast,296.1165
3089.0,289,28.900,19.794,71.26,22.20,0.00,1,Coast,296.1165
3090.0,289,28.900,19.743,71.07,22.20,0.00,1,Coast,296.1165
3091.0,289,28.900,19.692,70.89,22.20,0.00,1,Coast,296.1165
3092.0,290,29.000,19.641,70.71,22.20,0.00,1,Coast,296.1165
3093.0,290,29.000,19.524,70.29,22.20,0.00,1,Coast,296.1165
3094.0,290,29.000,19.407,69.86,22.20,0.00,1,Coast,296.1165
3095.0,290,29.000,19.290,69.44,22.20,0.00,1,Coast,296.1165
3096.0,290,29.000,19.174,69.03,22.20,0.00,3,Power,296.1165
3097.0,291,29.100,19.506,70.22,22.20,0.00,2,Cruise,297.1364
3098.0,291,29.100,19.587,70.51,22.20,0.00,2,Cruise,297.1364
3099.0,291,29.100,19.668,70.80,22.20,0.00,2,Cruise,297.1364
3100.0,291,29.100,19.749,71.10,22.20,0.00,2,Cruise,297.1364
3101.0,291,29.100,19.830,71.39,22.20,0.00,2,Cruise,297.1364
3102.0,292,29.200,19.911,71.68,22.20,0.00,1,Coast,297.1364
3103.0,292,29.200,19.835,71.41,22.20,0.00,1,Coast,297.1364
3104.0,292,29.200,19.760,71.14,22.20,0.00,1,Coast,297.1364
3105.0,292,29.200,19.685,70.87,22.20,0.00,1,Coast,297.1364
3106.0,292,29.200,19.610,70.60,22.20,0.00,1,Coast,297.1364
3107.0,293,29.300,19.535,70.33,22.20,0.00,1,Coast,297.1364
3108.0,293,29.300,19.482,70.14,22.20,0.00,1,Coast,297.1364
3109.0,293,29.300,19.429,69.95,22.20,0.00,1,Coast,297.1364
3110.0,293,29.300,19.377,69.76,22.20,0.00,1,Coast,297.1364
3111.0,293,29.300,19.324,69.57,22.20,0.00,1,Coast,297.1364
3112.0,294,29.400,19.271,69.38,22.20,0.00,1,Coast,297.1364
3113.0,294,29.400,19.208,69.15,22.20,0.00,1,Coast,297.1364
3114.0,294,29.400,19.146,68.92,22.20,0.00,1,Coast,297.1364
3115.0,294,29.400,19.083,68.70,22.20,0.00,1,Coast,297.1364
3116.0,294,29.400,19.020,68.47,22.20,0.00,1,Coast,297.1364
3117.0,295,29.500,18.958,68.25,22.20,0.00,1,Coast,297.1364
3118.0,295,29.500,18.904,68.05,22.20,0.00,1,Coast,297.1364
3119.0,295,29.500,18.850,67.86,22.20,0.00,1,Coast,297.1364
3120.0,295,29.500,18.796,67.67,22.20,0.00,1,Coast,297.1364
3121.0,295,29.500,18.742,67.47,22.20,0.00,1,Coast,297.1364
3122.0,296,29.600,18.689,67.28,22.20,0.00,2,Cruise,297.1364
3123.0,296,29.600,18.703,67.33,22.20,0.00,2,Cruise,297.1364
3124.0,296,29.600,18.718,67.38,22.20,0.00,2,Cruise,297.1364
3125.0,296,29.600,18.732,67.44,22.20,0.00,2,Cruise,297.1364
3126.0,296,29.600,18.747,67.49,22.20,0.00,2,Cruise,297.1364
3127.0,296,29.600,18.761,67.54,22.20,0.00,2,Cruise,297.1364
3128.0,297,29.700,18.775,67.59,22.20,0.00,2,Cruise,297.1364
3129.0,297,29.700,18.779,67.60,22.20,0.00,2,Cruise,297.1364
3130.0,297,29.700,18.783,67.62,22.20,0.00,2,Cruise,297.1364
3131.0,297,29.700,18.786,67.63,22.20,0.00,2,Cruise,297.1364
3132.0,297,29.700,18.790,67.64,22.20,0.00,2,Cruise,297.1364
3133.0,298,29.800,18.794,67.66,22.20,0.00,3,Power,297.1364
3134.0,298,29.800,19.234,69.24,22.20,0.00,2,Cruise,298.1593
3135.0,298,29.800,19.234,69.24,22.20,0.00,2,Cruise,298.1989
3136.0,298,29.800,19.234,69.24,22.20,0.00,2,Cruise,298.2385
3137.0,298,29.800,19.234,69.24,22.20,0.00,2,Cruise,298.2781
3138.0,299,29.900,19.234,69.24,22.20,0.00,1,Coast,298.3176
3139.0,299,29.900,19.167,69.00,22.20,0.00,1,Coast,298.3176
3140.0,299,29.900,19.099,68.76,22.20,0.00,1,Coast,298.3176
3141.0,299,29.900,19.032,68.52,22.20,0.00,1,Coast,298.3176
3142.0,299,29.900,18.965,68.27,22.20,0.00,1,Coast,298.3176
3143.0,299,29.900,18.898,68.03,22.20,0.00,1,Coast,298.3176
3144.0,300,30.000,18.831,67.79,22.20,0.00,3,Power,298.3176
3145.0,300,30.000,19.240,69.26,22.20,0.00,1,Coast,299.3397
3146.0,300,30.000,19.192,69.09,22.20,0.00,1,Coast,299.3397
3147.0,300,30.000,19.144,68.92,22.20,0.00,1,Coast,299.3397
3148.0,300,30.000,19.097,68.75,22.20,0.00,1,Coast,299.3397
3149.0,301,30.100,19.049,68.58,22.20,0.00,1,Coast,299.3397
3150.0,301,30.100,18.985,68.35,22.20,0.00,1,Coast,299.3397
3151.0,301,30.100,18.921,68.12,22.20,0.00,1,Coast,299.3397
3152.0,301,30.100,18.858,67.89,22.20,0.00,1,Coast,299.3397
3153.0,301,30.100,18.794,67.66,22.20,0.00,1,Coast,299.3397
3154.0,302,30.200,18.730,67.43,22.20,0.00,2,Cruise,299.3397
3155.0,302,30.200,18.730,67.43,22.20,0.00,2,Cruise,299.3866
3156.0,302,30.200,18.730,67.43,22.20,0.00,2,Cruise,299.4335
3157.0,302,30.200,18.730,67.43,22.20,0.00,2,Cruise,299.4804
3158.0,302,30.200,18.730,67.43,22.20,0.00,2,Cruise,299.5272
3159.0,303,30.300,18.730,67.43,22.20,0.00,2,Cruise,299.5741
3160.0,303,30.300,18.812,67.72,22.20,0.00,2,Cruise,299.5741
3161.0,303,30.300,18.894,68.02,22.20,0.00,2,Cruise,299.5741
3162.0,303,30.300,18.976,68.31,22.20,0.00,2,Cruise,299.5741
3163.0,303,30.300,19.058,68.61,22.20,0.00,2,Cruise,299.5741
3164.0,303,30.300,19.139,68.90,22.20,0.00,2,Cruise,299.5741
3165.0,304,30.400,19.220,69.19,22.20,0.00,3,Power,299.5741
3166.0,304,30.400,19.567,70.44,22.20,0.00,3,Power,300.5944
3167.0,304,30.400,19.906,71.66,22.20,0.00,3,Power,301.6142
3168.0,304,30.400,20.237,72.85,22.20,0.00,1,Coast,302.6337
3169.0,304,30.400,20.135,72.49,22.20,0.00,1,Coast,302.6337
3170.0,305,30.500,20.034,72.12,22.20,0.00,2,Cruise,302.6337
3171.0,305,30.500,20.095,72.34,22.20,0.00,2,Cruise,302.6337
3172.0,305,30.500,20.156,72.56,22.20,0.00,2,Cruise,302.6337
3173.0,305,30.500,20.218,72.78,22.20,0.00,2,Cruise,302.6337
3174.0,305,30.500,20.279,73.00,22.20,0.00,2,Cruise,302.6337
3175.0,306,30.600,20.340,73.22,22.20,0.00,1,Coast,302.6337
3176.0,306,30.600,20.219,72.79,22.20,0.00,1,Coast,302.6337
3177.0,306,30.600,20.097,72.35,22.20,0.00,3,Power,302.6337
3178.0,306,30.600,20.404,73.45,22.20,0.00,1,Coast,303.6526
3179.0,306,30.600,20.282,73.02,22.20,0.00,1,Coast,303.6526
3180.0,307,30.700,20.161,72.58,22.20,0.00,3,Power,303.6526
3181.0,307,30.700,20.493,73.77,22.20,0.00,1,Coast,304.6720
3182.0,307,30.700,20.398,73.43,22.20,0.00,1,Coast,304.6720
3183.0,307,30.700,20.302,73.09,22.20,0.00,1,Coast,304.6720
3184.0,307,30.700,20.208,72.75,22.20,0.00,3,Power,304.6720
3185.0,308,30.800,20.538,73.94,22.20,0.00,1,Coast,305.6914
3186.0,308,30.800,20.452,73.63,22.20,0.00,1,Coast,305.6914
3187.0,308,30.800,20.366,73.32,22.20,0.00,1,Coast,305.6914
3188.0,308,30.800,20.280,73.01,22.20,0.00,1,Coast,305.6914
3189.0,308,30.800,20.194,72.70,22.20,0.00,1,Coast,305.6914
3190.0,309,30.900,20.108,72.39,22.20,0.00,1,Coast,305.6914
3191.0,309,30.900,19.993,71.97,22.20,0.00,1,Coast,305.6914
3192.0,309,30.900,19.878,71.56,22.20,0.00,3,Power,305.6914
3193.0,309,30.900,20.195,72.70,22.20,0.00,1,Coast,306.7105
3194.0,309,30.900,20.079,72.28,22.20,0.00,1,Coast,306.7105
3195.0,310,31.000,19.964,71.87,22.20,0.00,1,Coast,306.7105
3196.0,310,31.000,19.943,71.79,22.20,0.00,1,Coast,306.7105
3197.0,310,31.000,19.922,71.72,22.20,0.00,1,Coast,306.7105
3198.0,310,31.000,19.902,71.65,22.20,0.00,1,Coast,306.7105
3199.0,310,31.000,19.881,71.57,22.20,0.00,1,Coast,306.7105
3200.0,311,31.100,19.861,71.50,22.20,0.00,3,Power,306.7105
3201.0,311,31.100,20.228,72.82,22.20,0.00,1,Coast,307.7310
3202.0,311,31.100,20.162,72.58,22.20,0.00,3,Power,307.7310
3203.0,311,31.100,20.522,73.88,22.20,0.00,1,Coast,308.7512
3204.0,311,31.100,20.456,73.64,22.20,0.00,1,Coast,308.7512
3205.0,312,31.200,20.389,73.40,22.20,0.00,1,Coast,308.7512
3206.0,312,31.200,20.335,73.20,22.20,0.00,1,Coast,308.7512
3207.0,312,31.200,20.280,73.01,22.20,0.00,1,Coast,308.7512
3208.0,312,31.200,20.225,72.81,22.20,0.00,1,Coast,308.7512
3209.0,313,31.300,20.170,72.61,22.20,0.00,1,Coast,308.7512
3210.0,313,31.300,20.079,72.29,22.20,0.00,1,Coast,308.7512
3211.0,313,31.300,19.989,71.96,22.20,0.00,1,Coast,308.7512
3212.0,313,31.300,19.898,71.63,22.20,0.00,1,Coast,308.7512
3213.0,313,31.300,19.807,71.31,22.20,0.00,1,Coast,308.7512
3214.0,314,31.400,19.717,70.98,22.20,0.00,2,Cruise,308.7512
3215.0,314,31.400,19.717,70.98,22.20,0.00,2,Cruise,308.8776
3216.0,314,31.400,19.717,70.98,22.20,0.00,2,Cruise,309.0041
3217.0,314,31.400,19.717,70.98,22.20,0.00,2,Cruise,309.1306
3218.0,314,31.400,19.717,70.98,22.20,0.00,2,Cruise,309.2571
3219.0,314,31.400,19.717,70.98,22.20,0.00,2,Cruise,309.3835
3220.0,315,31.500,19.717,70.98,22.20,0.00,2,Cruise,309.5100
3221.0,315,31.500,19.717,70.98,22.20,0.00,2,Cruise,309.7584
3222.0,315,31.500,19.717,70.98,22.20,0.00,2,Cruise,310.0067
3223.0,315,31.500,19.717,70.98,22.20,0.00,2,Cruise,310.2551
3224.0,315,31.500,19.717,70.98,22.20,0.00,2,Cruise,310.5035
3225.0,316,31.600,19.717,70.98,22.20,0.00,2,Cruise,310.7518
3226.0,316,31.600,19.717,70.98,22.20,0.00,2,Cruise,310.8448
3227.0,316,31.600,19.717,70.98,22.20,0.00,2,Cruise,310.9378
3228.0,316,31.600,19.717,70.98,22.20,0.00,2,Cruise,311.0308
3229.0,316,31.600,19.717,70.98,22.20,0.00,2,Cruise,311.1238
3230.0,317,31.700,19.717,70.98,22.20,0.00,2,Cruise,311.2168
3231.0,317,31.700,19.739,71.06,22.20,0.00,2,Cruise,311.2168
3232.0,317,31.700,19.761,71.14,22.20,0.00,2,Cruise,311.2168
3233.0,317,31.700,19.783,71.22,22.20,0.00,2,Cruise,311.2168
3234.0,317,31.700,19.805,71.30,22.20,0.00,2,Cruise,311.2168
3235.0,318,31.800,19.827,71.38,22.20,0.00,2,Cruise,311.2168
3236.0,318,31.800,19.827,71.38,22.20,0.00,2,Cruise,311.3765
3237.0,318,31.800,19.827,71.38,22.20,0.00,2,Cruise,311.5362
3238.0,318,31.800,19.827,71.38,22.20,0.00,2,Cruise,311.6959
3239.0,318,31.800,19.827,71.38,22.20,0.00,2,Cruise,311.8556
3240.0,319,31.900,19.827,71.38,22.20,0.00,1,Coast,312.0152
3241.0,319,31.900,19.710,70.96,22.20,0.00,1,Coast,312.0152
3242.0,319,31.900,19.593,70.53,22.20,0.00,1,Coast,312.0152
3243.0,319,31.900,19.476,70.11,22.20,0.00,1,Coast,312.0152
3244.0,319,31.900,19.360,69.70,22.20,0.00,1,Coast,312.0152
3245.0,320,32.000,19.243,69.28,22.20,0.00,1,Coast,312.0152
3246.0,320,32.000,19.151,68.94,22.20,0.00,1,Coast,312.0152
3247.0,320,32.000,19.059,68.61,22.20,0.00,1,Coast,312.0152
3248.0,320,32.000,18.966,68.28,22.20,0.00,1,Coast,312.0152
3249.0,320,32.000,18.874,67.95,22.20,0.00,1,Coast,312.0152
3250.0,321,32.100,18.782,67.62,22.20,0.00,2,Cruise,312.0152
3251.0,321,32.100,18.782,67.62,22.20,0.00,2,Cruise,312.1837
3252.0,321,32.100,18.782,67.62,22.20,0.00,2,Cruise,312.3521
3253.0,321,32.100,18.782,67.62,22.20,0.00,2,Cruise,312.5205
3254.0,321,32.100,18.782,67.62,22.20,0.00,2,Cruise,312.6890
3255.0,322,32.200,18.782,67.62,22.20,0.00,1,Coast,312.8574
3256.0,322,32.200,18.758,67.53,22.20,0.00,1,Coast,312.8574
3257.0,322,32.200,18.734,67.44,22.20,0.00,1,Coast,312.8574
3258.0,322,32.200,18.710,67.36,22.20,0.00,1,Coast,312.8574
3259.0,322,32.200,18.686,67.27,22.20,0.00,1,Coast,312.8574
3260.0,322,32.200,18.662,67.18,22.20,0.00,1,Coast,312.8574
3261.0,323,32.300,18.638,67.10,22.20,0.00,1,Coast,312.8574
3262.0,323,32.300,18.476,66.51,22.20,0.00,1,Coast,312.8574
3263.0,323,32.300,18.314,65.93,22.20,0.00,1,Coast,312.8574
3264.0,323,32.300,18.153,65.35,22.20,0.00,2,Cruise,312.8574
3265.0,323,32.300,18.153,65.35,22.20,0.00,2,Cruise,313.2018
3266.0,324,32.400,18.153,65.35,22.20,0.00,2,Cruise,313.5462
3267.0,324,32.400,18.153,65.35,22.20,0.00,2,Cruise,313.8352
3268.0,324,32.400,18.153,65.35,22.20,0.00,2,Cruise,314.1242
3269.0,324,32.400,18.153,65.35,22.20,0.00,2,Cruise,314.4131
3270.0,324,32.400,18.153,65.35,22.20,0.00,2,Cruise,314.7021
3271.0,324,32.400,18.153,65.35,22.20,0.00,2,Cruise,314.9911
3272.0,325,32.500,18.153,65.35,22.20,0.00,2,Cruise,315.2800
3273.0,325,32.500,18.153,65.35,22.20,0.00,2,Cruise,315.3416
3274.0,325,32.500,18.153,65.35,22.20,0.00,2,Cruise,315.4031
3275.0,325,32.500,18.153,65.35,22.20,0.00,2,Cruise,315.4646
3276.0,325,32.500,18.153,65.35,22.20,0.00,2,Cruise,315.5261
3277.0,326,32.600,18.153,65.35,22.20,0.00,2,Cruise,315.5877
3278.0,326,32.600,18.153,65.35,22.20,0.00,2,Cruise,315.6913
3279.0,326,32.600,18.153,65.35,22.20,0.00,2,Cruise,315.7948
3280.0,326,32.600,18.153,65.35,22.20,0.00,2,Cruise,315.8984
3281.0,326,32.600,18.153,65.35,22.20,0.00,2,Cruise,316.0020
3282.0,326,32.600,18.153,65.35,22.20,0.00,2,Cruise,316.1056
3283.0,327,32.700,18.153,65.35,22.20,0.00,2,Cruise,316.2092
3284.0,327,32.700,18.153,65.35,22.20,0.00,2,Cruise,316.4753
3285.0,327,32.700,18.153,65.35,22.20,0.00,2,Cruise,316.7414
3286.0,327,32.700,18.153,65.35,22.20,0.00,2,Cruise,317.0076
3287.0,327,32.700,18.153,65.35,22.20,0.00,2,Cruise,317.2737
3288.0,328,32.800,18.153,65.35,22.20,0.00,1,Coast,317.5398
3289.0,328,32.800,18.130,65.27,22.20,0.00,1,Coast,317.5398
3290.0,328,32.800,18.107,65.19,22.20,0.00,1,Coast,317.5398
3291.0,328,32.800,18.084,65.10,22.20,0.00,1,Coast,317.5398
3292.0,328,32.800,18.062,65.02,22.20,0.00,1,Coast,317.5398
3293.0,328,32.800,18.039,64.94,22.20,0.00,1,Coast,317.5398
3294.0,329,32.900,18.016,64.86,22.20,0.00,1,Coast,317.5398
3295.0,329,32.900,17.914,64.49,22.20,0.00,1,Coast,317.5398
3296.0,329,32.900,17.812,64.12,22.20,0.00,1,Coast,317.5398
3297.0,329,32.900,17.711,63.76,22.20,0.00,1,Coast,317.5398
3298.0,329,32.900,17.609,63.39,22.20,0.00,1,Coast,317.5398
3299.0,330,33.000,17.508,63.03,22.20,0.00,1,Coast,317.5398
3300.0,330,33.000,17.498,62.99,22.20,0.00,1,Coast,317.5398
3301.0,330,33.000,17.489,62.96,22.20,0.00,1,Coast,317.5398
3302.0,330,33.000,17.480,62.93,22.20,0.00,1,Coast,317.5398
3303.0,330,33.000,17.471,62.89,22.20,0.00,1,Coast,317.5398
3304.0,330,33.000,17.461,62.86,22.20,0.00,1,Coast,317.5398
3305.0,331,33.100,17.452,62.83,22.20,0.00,2,Cruise,317.5398
3306.0,331,33.100,17.452,62.83,22.20,0.00,2,Cruise,317.6787
3307.0,331,33.100,17.452,62.83,22.20,0.00,2,Cruise,317.8176
3308.0,331,33.100,17.452,62.83,22.20,0.00,2,Cruise,317.9565
3309.0,331,33.100,17.452,62.83,22.20,0.00,2,Cruise,318.0954
3310.0,331,33.100,17.452,62.83,22.20,0.00,2,Cruise,318.2343
3311.0,332,33.200,17.452,62.83,22.20,0.00,1,Coast,318.3732
3312.0,332,33.200,17.402,62.65,22.20,0.00,1,Coast,318.3732
3313.0,332,33.200,17.353,62.47,22.20,0.00,1,Coast,318.3732
3314.0,332,33.200,17.303,62.29,22.20,0.00,1,Coast,318.3732
3315.0,332,33.200,17.253,62.11,22.20,0.00,1,Coast,318.3732
3316.0,332,33.200,17.204,61.93,22.20,0.00,1,Coast,318.3732
3317.0,333,33.300,17.155,61.76,1.00,0.00,2,Cruise,318.3732
3318.0,333,33.300,17.155,61.76,1.00,0.00,2,Cruise,318.4734
3319.0,333,33.300,17.155,61.76,1.00,0.00,2,Cruise,318.5736
3320.0,333,33.300,17.155,61.76,1.00,0.00,2,Cruise,318.6738
3321.0,333,33.300,17.155,61.76,1.00,0.00,2,Cruise,318.7740
3322.0,334,33.400,17.155,61.76,22.20,0.00,3,Power,318.8742
3323.0,334,33.400,17.543,63.16,22.20,0.00,3,Power,319.8968
3324.0,334,33.400,17.920,64.51,22.20,0.00,3,Power,320.9188
3325.0,334,33.400,18.287,65.83,22.20,0.00,3,Power,321.9402
3326.0,334,33.400,18.643,67.11,22.20,0.00,3,Power,322.9612
3327.0,334,33.400,18.990,68.36,22.20,0.00,3,Power,323.9817
3328.0,335,33.500,19.328,69.58,22.20,0.00,3,Power,325.0018
3329.0,335,33.500,19.676,70.83,22.20,0.00,3,Power,326.0220
3330.0,335,33.500,20.016,72.06,22.20,0.00,3,Power,327.0419
3331.0,335,33.500,20.349,73.25,22.20,0.00,1,Coast,328.0614
3332.0,335,33.500,20.251,72.90,22.20,0.00,1,Coast,328.0614
3333.0,336,33.600,20.153,72.55,22.20,0.00,3,Power,328.0614
3334.0,336,33.600,20.535,73.92,22.20,0.00,1,Coast,329.0821
3335.0,336,33.600,20.489,73.76,22.20,0.00,1,Coast,329.0821
3336.0,336,33.600,20.443,73.60,22.20,0.00,1,Coast,329.0821
3337.0,336,33.600,20.398,73.43,22.20,0.00,1,Coast,329.0821
3338.0,337,33.700,20.352,73.27,22.20,0.00,1,Coast,329.0821
3339.0,337,33.700,20.280,73.01,22.20,0.00,3,Power,329.0821
3340.0,337,33.700,20.632,74.28,22.20,0.00,1,Coast,330.1020
3341.0,337,33.700,20.560,74.02,22.20,0.00,1,Coast,330.1020
3342.0,337,33.700,20.488,73.76,22.20,0.00,1,Coast,330.1020
3343.0,338,33.800,20.416,73.50,22.20,0.00,1,Coast,330.1020
3344.0,338,33.800,20.319,73.15,22.20,0.00,1,Coast,330.1020
3345.0,338,33.800,20.221,72.80,22.20,0.00,1,Coast,330.1020
3346.0,338,33.800,20.125,72.45,22.20,0.00,3,Power,330.1020
3347.0,338,33.800,20.455,73.64,22.20,0.00,1,Coast,331.1214
3348.0,339,33.900,20.357,73.29,22.20,0.00,1,Coast,331.1214
3349.0,339,33.900,20.216,72.78,22.20,0.00,1,Coast,331.1214
3350.0,339,33.900,20.075,72.27,22.20,0.00,1,Coast,331.1214
3351.0,339,33.900,19.934,71.76,22.20,0.00,1,Coast,331.1214
3352.0,339,33.900,19.794,71.26,22.20,0.00,1,Coast,331.1214
3353.0,340,34.000,19.653,70.75,22.20,0.00,3,Power,331.1214
3354.0,340,34.000,19.990,71.97,22.20,0.00,1,Coast,332.1412
3355.0,340,34.000,19.890,71.60,22.20,0.00,3,Power,332.1412
3356.0,340,34.000,20.221,72.80,22.20,0.00,1,Coast,333.1607
3357.0,340,34.000,20.120,72.43,22.20,0.00,1,Coast,333.1607
3358.0,341,34.100,20.020,72.07,22.20,0.00,3,Power,333.1607
3359.0,341,34.100,20.371,73.34,22.20,0.00,1,Coast,334.1807
3360.0,341,34.100,20.293,73.06,22.20,0.00,1,Coast,334.1807
3361.0,341,34.100,20.216,72.78,22.20,0.00,1,Coast,334.1807
3362.0,341,34.100,20.138,72.50,22.20,0.00,1,Coast,334.1807
3363.0,342,34.200,20.060,72.22,22.20,0.00,1,Coast,334.1807
3364.0,342,34.200,19.955,71.84,22.20,0.00,1,Coast,334.1807
3365.0,342,34.200,19.851,71.46,22.20,0.00,3,Power,334.1807
3366.0,342,34.200,20.179,72.64,22.20,0.00,1,Coast,335.2002
3367.0,342,34.200,20.074,72.27,22.20,0.00,1,Coast,335.2002
3368.0,343,34.300,19.969,71.89,22.20,0.00,1,Coast,335.2002
3369.0,343,34.300,19.889,71.60,22.20,0.00,3,Power,335.2002
3370.0,343,34.300,20.241,72.87,22.20,0.00,1,Coast,336.2202
3371.0,343,34.300,20.160,72.58,22.20,0.00,1,Coast,336.2202
3372.0,343,34.300,20.080,72.29,22.20,0.00,1,Coast,336.2202
3373.0,344,34.400,19.999,72.00,22.20,0.00,1,Coast,336.2202
3374.0,344,34.400,19.950,71.82,22.20,0.00,1,Coast,336.2202
3375.0,344,34.400,19.900,71.64,22.20,0.00,1,Coast,336.2202
3376.0,344,34.400,19.851,71.46,22.20,0.00,1,Coast,336.2202
3377.0,344,34.400,19.801,71.28,22.20,0.00,1,Coast,336.2202
3378.0,345,34.500,19.752,71.11,22.20,0.00,3,Power,336.2202
3379.0,345,34.500,20.104,72.38,22.20,0.00,1,Coast,337.2403
3380.0,345,34.500,20.021,72.08,22.20,0.00,1,Coast,337.2403
3381.0,345,34.500,19.938,71.78,22.20,0.00,1,Coast,337.2403
3382.0,345,34.500,19.855,71.48,22.20,0.00,1,Coast,337.2403
3383.0,346,34.600,19.772,71.18,22.20,0.00,1,Coast,337.2403
3384.0,346,34.600,19.675,70.83,22.20,0.00,3,Power,337.2403
3385.0,346,34.600,20.015,72.05,22.20,0.00,1,Coast,338.2602
3386.0,346,34.600,19.917,71.70,22.20,0.00,1,Coast,338.2602
3387.0,346,34.600,19.820,71.35,22.20,0.00,1,Coast,338.2602
3388.0,347,34.700,19.723,71.00,22.20,0.00,1,Coast,338.2602
3389.0,347,34.700,19.671,70.82,22.20,0.00,1,Coast,338.2602
3390.0,347,34.700,19.620,70.63,22.20,0.00,1,Coast,338.2602
3391.0,347,34.700,19.568,70.44,22.20,0.00,3,Power,338.2602
3392.0,347,34.700,19.955,71.84,22.20,0.00,1,Coast,339.2813
3393.0,348,34.800,19.903,71.65,22.20,0.00,1,Coast,339.2813
3394.0,348,34.800,19.855,71.48,22.20,0.00,1,Coast,339.2813
3395.0,348,34.800,19.807,71.31,22.20,0.00,1,Coast,339.2813
3396.0,348,34.800,19.759,71.13,22.20,0.00,1,Coast,339.2813
3397.0,348,34.800,19.711,70.96,22.20,0.00,1,Coast,339.2813
3398.0,349,34.900,19.663,70.79,22.20,0.00,3,Power,339.2813
3399.0,349,34.900,20.032,72.12,22.20,0.00,1,Coast,340.3019
3400.0,349,34.900,19.964,71.87,22.20,0.00,1,Coast,340.3019
3401.0,349,34.900,19.896,71.62,22.20,0.00,1,Coast,340.3019
3402.0,349,34.900,19.827,71.38,22.20,0.00,3,Power,340.3019
3403.0,350,35.000,20.193,72.69,22.20,0.00,1,Coast,341.3224
3404.0,350,35.000,20.102,72.37,22.20,0.00,1,Coast,341.3224
3405.0,350,35.000,20.012,72.04,22.20,0.00,1,Coast,341.3224
3406.0,350,35.000,19.922,71.72,22.20,0.00,1,Coast,341.3224
3407.0,350,35.000,19.831,71.39,22.20,0.00,1,Coast,341.3224
3408.0,351,35.100,19.741,71.07,22.20,0.00,3,Power,341.3224
3409.0,351,35.100,20.146,72.53,22.20,0.00,1,Coast,342.3438
3410.0,351,35.100,20.115,72.41,22.20,0.00,1,Coast,342.3438
3411.0,351,35.100,20.084,72.30,22.20,0.00,1,Coast,342.3438
3412.0,351,35.100,20.053,72.19,22.20,0.00,1,Coast,342.3438
3413.0,352,35.200,20.022,72.08,22.20,0.00,1,Coast,342.3438
3414.0,352,35.200,19.957,71.84,22.20,0.00,1,Coast,342.3438
3415.0,352,35.200,19.891,71.61,22.20,0.00,3,Power,342.3438
3416.0,352,35.200,20.257,72.93,22.20,0.00,1,Coast,343.3643
3417.0,352,35.200,20.191,72.69,22.20,0.00,1,Coast,343.3643
3418.0,353,35.300,20.125,72.45,22.20,0.00,1,Coast,343.3643
3419.0,353,35.300,20.029,72.11,22.20,0.00,1,Coast,343.3643
3420.0,353,35.300,19.934,71.76,22.20,0.00,1,Coast,343.3643
3421.0,353,35.300,19.838,71.42,22.20,0.00,1,Coast,343.3643
3422.0,353,35.300,19.743,71.08,22.20,0.00,1,Coast,343.3643
3423.0,354,35.400,19.648,70.73,22.20,0.00,3,Power,343.3643
3424.0,354,35.400,20.033,72.12,22.20,0.00,1,Coast,344.3853
3425.0,354,35.400,19.979,71.93,22.20,0.00,1,Coast,344.3853
3426.0,354,35.400,19.926,71.73,22.20,0.00,3,Power,344.3853
3427.0,354,35.400,20.304,73.09,22.20,0.00,1,Coast,345.4060
3428.0,355,35.500,20.250,72.90,22.20,0.00,3,Power,345.4060
3429.0,355,35.500,20.584,74.10,22.20,0.00,1,Coast,346.4254
3430.0,355,35.500,20.493,73.78,22.20,0.00,1,Coast,346.4254
3431.0,355,35.500,20.402,73.45,22.20,0.00,1,Coast,346.4254
3432.0,355,35.500,20.311,73.12,22.20,0.00,1,Coast,346.4254
3433.0,356,35.600,20.221,72.80,22.20,0.00,3,Power,346.4254
3434.0,356,35.600,20.594,74.14,22.20,0.00,1,Coast,347.4458
3435.0,356,35.600,20.541,73.95,22.20,0.00,1,Coast,347.4458
3436.0,356,35.600,20.489,73.76,22.20,0.00,1,Coast,347.4458
3437.0,356,35.600,20.436,73.57,22.20,0.00,1,Coast,347.4458
3438.0,357,35.700,20.384,73.38,22.20,0.00,1,Coast,347.4458
3439.0,357,35.700,20.332,73.19,22.20,0.00,1,Coast,347.4458
3440.0,357,35.700,20.280,73.01,22.20,0.00,1,Coast,347.4458
3441.0,357,35.700,20.228,72.82,22.20,0.00,1,Coast,347.4458
3442.0,357,35.700,20.177,72.64,22.20,0.00,3,Power,347.4458
3443.0,358,35.800,20.551,73.98,22.20,0.00,1,Coast,348.4663
3444.0,358,35.800,20.424,73.52,22.20,0.00,1,Coast,348.4663
3445.0,358,35.800,20.296,73.07,22.20,0.00,1,Coast,348.4663
3446.0,358,35.800,20.169,72.61,22.20,0.00,1,Coast,348.4663
3447.0,359,35.900,20.043,72.15,22.20,0.00,1,Coast,348.4663
3448.0,359,35.900,19.863,71.51,22.20,0.00,1,Coast,348.4663
3449.0,359,35.900,19.683,70.86,22.20,0.00,1,Coast,348.4663
3450.0,359,35.900,19.503,70.21,22.20,0.00,1,Coast,348.4663
3451.0,359,35.900,19.324,69.57,22.20,0.00,1,Coast,348.4663
3452.0,359,35.900,19.145,68.92,22.20,0.00,1,Coast,348.4663
3453.0,360,36.000,18.967,68.28,22.20,0.00,3,Power,348.4663
3454.0,360,36.000,19.330,69.59,22.20,0.00,1,Coast,349.4871
3455.0,360,36.000,19.240,69.27,22.20,0.00,3,Power,349.4871
3456.0,360,36.000,19.597,70.55,22.20,0.00,1,Coast,350.5076
3457.0,360,36.000,19.507,70.22,22.20,0.00,1,Coast,350.5076
3458.0,361,36.100,19.417,69.90,22.20,0.00,3,Power,350.5076
3459.0,361,36.100,19.831,71.39,22.20,0.00,1,Coast,351.5295
3460.0,361,36.100,19.802,71.29,22.20,0.00,1,Coast,351.5295
3461.0,361,36.100,19.773,71.18,22.20,0.00,1,Coast,351.5295
3462.0,361,36.100,19.745,71.08,22.20,0.00,1,Coast,351.5295
3463.0,362,36.200,19.716,70.98,22.20,0.00,1,Coast,351.5295
3464.0,362,36.200,19.665,70.79,22.20,0.00,1,Coast,351.5295
3465.0,362,36.200,19.614,70.61,22.20,0.00,1,Coast,351.5295
3466.0,362,36.200,19.563,70.43,22.20,0.00,1,Coast,351.5295
3467.0,362,36.200,19.513,70.25,22.20,0.00,3,Power,351.5295
3468.0,363,36.300,19.902,71.65,22.20,0.00,3,Power,352.5507
3469.0,363,36.300,20.266,72.96,22.20,0.00,1,Coast,353.5711
3470.0,363,36.300,20.197,72.71,22.20,0.00,1,Coast,353.5711
3471.0,363,36.300,20.128,72.46,22.20,0.00,1,Coast,353.5711
3472.0,363,36.300,20.059,72.21,22.20,0.00,3,Power,353.5711
3473.0,364,36.400,20.419,73.51,22.20,0.00,1,Coast,354.5913
3474.0,364,36.400,20.395,73.42,22.20,0.00,1,Coast,354.5913
3475.0,364,36.400,20.372,73.34,22.20,0.00,1,Coast,354.5913
3476.0,364,36.400,20.349,73.26,22.20,0.00,1,Coast,354.5913
3477.0,364,36.400,20.326,73.17,22.20,0.00,1,Coast,354.5913
3478.0,365,36.500,20.303,73.09,22.20,0.00,3,Power,354.5913
3479.0,365,36.500,20.622,74.24,22.20,0.00,1,Coast,355.6103
3480.0,365,36.500,20.518,73.86,22.20,0.00,1,Coast,355.6103
3481.0,365,36.500,20.414,73.49,22.20,0.00,1,Coast,355.6103
3482.0,365,36.500,20.310,73.12,22.20,0.00,1,Coast,355.6103
3483.0,366,36.600,20.206,72.74,22.20,0.00,3,Power,355.6103
3484.0,366,36.600,20.586,74.11,22.20,0.00,1,Coast,356.6309
3485.0,366,36.600,20.539,73.94,22.20,0.00,1,Coast,356.6309
3486.0,366,36.600,20.492,73.77,22.20,0.00,1,Coast,356.6309
3487.0,366,36.600,20.446,73.61,22.20,0.00,1,Coast,356.6309
3488.0,367,36.700,20.400,73.44,22.20,0.00,1,Coast,356.6309
3489.0,367,36.700,20.256,72.92,22.20,0.00,1,Coast,356.6309
3490.0,367,36.700,20.112,72.40,22.20,0.00,1,Coast,356.6309
3491.0,367,36.700,19.969,71.89,22.20,0.00,1,Coast,356.6309
3492.0,367,36.700,19.825,71.37,22.20,0.00,3,Power,356.6309
3493.0,368,36.800,20.116,72.42,22.20,0.00,1,Coast,357.6495
3494.0,368,36.800,19.949,71.82,22.20,0.00,1,Coast,357.6495
3495.0,368,36.800,19.782,71.22,22.20,0.00,1,Coast,357.6495
3496.0,368,36.800,19.615,70.62,22.20,0.00,1,Coast,357.6495
3497.0,368,36.800,19.449,70.02,22.20,0.00,1,Coast,357.6495
3498.0,369,36.900,19.283,69.42,22.20,0.00,3,Power,357.6495
3499.0,369,36.900,19.631,70.67,22.20,0.00,3,Power,358.6697
3500.0,369,36.900,19.970,71.89,22.20,0.00,3,Power,359.6895
3501.0,369,36.900,20.301,73.08,22.20,0.00,1,Coast,360.7090
3502.0,369,36.900,20.202,72.73,22.20,0.00,1,Coast,360.7090
3503.0,370,37.000,20.102,72.37,22.20,0.00,1,Coast,360.7090
3504.0,370,37.000,20.021,72.08,22.20,0.00,1,Coast,360.7090
3505.0,370,37.000,19.941,71.79,22.20,0.00,3,Power,360.7090
3506.0,370,37.000,20.291,73.05,22.20,0.00,1,Coast,361.7290
3507.0,370,37.000,20.210,72.76,22.20,0.00,1,Coast,361.7290
3508.0,371,37.100,20.129,72.46,22.20,0.00,1,Coast,361.7290
3509.0,371,37.100,20.074,72.27,22.20,0.00,1,Coast,361.7290
3510.0,371,37.100,20.020,72.07,22.20,0.00,1,Coast,361.7290
3511.0,371,37.100,19.966,71.88,22.20,0.00,1,Coast,361.7290
3512.0,371,37.100,19.912,71.68,22.20,0.00,1,Coast,361.7290
3513.0,372,37.200,19.858,71.49,22.20,0.00,2,Cruise,361.7290
3514.0,372,37.200,19.858,71.49,22.20,0.00,2,Cruise,361.8963
3515.0,372,37.200,19.858,71.49,22.20,0.00,2,Cruise,362.0636
3516.0,372,37.200,19.858,71.49,22.20,0.00,2,Cruise,362.2309
3517.0,372,37.200,19.858,71.49,22.20,0.00,2,Cruise,362.3982
3518.0,373,37.300,19.858,71.49,22.20,0.00,2,Cruise,362.5655
3519.0,373,37.300,19.858,71.49,22.20,0.00,2,Cruise,362.8399
3520.0,373,37.300,19.858,71.49,22.20,0.00,2,Cruise,363.1142
3521.0,373,37.300,19.858,71.49,22.20,0.00,2,Cruise,363.3885
3522.0,373,37.300,19.858,71.49,22.20,0.00,2,Cruise,363.6628
3523.0,374,37.400,19.858,71.49,22.20,0.00,2,Cruise,363.9372
3524.0,374,37.400,19.858,71.49,22.20,0.00,2,Cruise,364.0173
3525.0,374,37.400,19.858,71.49,22.20,0.00,2,Cruise,364.0974
3526.0,374,37.400,19.858,71.49,22.20,0.00,2,Cruise,364.1775
3527.0,374,37.400,19.858,71.49,22.20,0.00,2,Cruise,364.2576
3528.0,375,37.500,19.858,71.49,22.20,0.00,2,Cruise,364.3377
3529.0,375,37.500,19.858,71.49,22.20,0.00,2,Cruise,364.4421
3530.0,375,37.500,19.858,71.49,22.20,0.00,2,Cruise,364.5466
3531.0,375,37.500,19.858,71.49,22.20,0.00,2,Cruise,364.6510
3532.0,375,37.500,19.858,71.49,22.20,0.00,2,Cruise,364.7555
3533.0,376,37.600,19.858,71.49,22.20,0.00,2,Cruise,364.8599
3534.0,376,37.600,19.860,71.50,22.20,0.00,2,Cruise,364.8599
3535.0,376,37.600,19.862,71.50,22.20,0.00,2,Cruise,364.8599
3536.0,376,37.600,19.863,71.51,22.20,0.00,2,Cruise,364.8599
3537.0,376,37.600,19.865,71.51,22.20,0.00,2,Cruise,364.8599
3538.0,377,37.700,19.867,71.52,22.20,0.00,2,Cruise,364.8599
3539.0,377,37.700,19.867,71.52,22.20,0.00,2,Cruise,365.0252
3540.0,377,37.700,19.867,71.52,22.20,0.00,2,Cruise,365.1905
3541.0,377,37.700,19.867,71.52,22.20,0.00,2,Cruise,365.3558
3542.0,377,37.700,19.867,71.52,22.20,0.00,2,Cruise,365.5211
3543.0,378,37.800,19.867,71.52,22.20,0.00,2,Cruise,365.6864
3544.0,378,37.800,19.867,71.52,22.20,0.00,2,Cruise,365.8297
3545.0,378,37.800,19.867,71.52,22.20,0.00,2,Cruise,365.9731
3546.0,378,37.800,19.867,71.52,22.20,0.00,2,Cruise,366.1164
3547.0,378,37.800,19.867,71.52,22.20,0.00,2,Cruise,366.2598
3548.0,379,37.900,19.867,71.52,22.20,0.00,2,Cruise,366.4031
3549.0,379,37.900,19.867,71.52,22.20,0.00,2,Cruise,366.5110
3550.0,379,37.900,19.867,71.52,22.20,0.00,2,Cruise,366.6189
3551.0,379,37.900,19.867,71.52,22.20,0.00,2,Cruise,366.7268
3552.0,379,37.900,19.867,71.52,22.20,0.00,2,Cruise,366.8347
3553.0,380,38.000,19.867,71.52,22.20,0.00,2,Cruise,366.9426
3554.0,380,38.000,19.867,71.52,22.20,0.00,2,Cruise,367.1280
3555.0,380,38.000,19.867,71.52,22.20,0.00,2,Cruise,367.3134
3556.0,380,38.000,19.867,71.52,22.20,0.00,2,Cruise,367.4987
3557.0,380,38.000,19.867,71.52,22.20,0.00,2,Cruise,367.6841
3558.0,381,38.100,19.867,71.52,22.20,0.00,1,Coast,367.8694
3559.0,381,38.100,19.819,71.35,22.20,0.00,1,Coast,367.8694
3560.0,381,38.100,19.771,71.17,22.20,0.00,2,Cruise,367.8694
3561.0,381,38.100,19.771,71.17,22.20,0.00,2,Cruise,367.9811
3562.0,381,38.100,19.771,71.17,22.20,0.00,2,Cruise,368.0927
3563.0,382,38.200,19.771,71.17,22.20,0.00,1,Coast,368.2044
3564.0,382,38.200,19.640,70.70,22.20,0.00,1,Coast,368.2044
3565.0,382,38.200,19.510,70.23,22.20,0.00,1,Coast,368.2044
3566.0,382,38.200,19.379,69.77,22.20,0.00,1,Coast,368.2044
3567.0,382,38.200,19.249,69.30,22.20,0.00,1,Coast,368.2044
3568.0,383,38.300,19.119,68.83,22.20,0.00,1,Coast,368.2044
3569.0,383,38.300,19.001,68.40,22.20,0.00,1,Coast,368.2044
3570.0,383,38.300,18.882,67.98,22.20,0.00,2,Cruise,368.2044
3571.0,383,38.300,18.882,67.98,22.20,0.00,2,Cruise,368.4673
3572.0,383,38.300,18.882,67.98,22.20,0.00,2,Cruise,368.7301
3573.0,384,38.400,18.882,67.98,22.20,0.00,2,Cruise,368.9930
3574.0,384,38.400,18.882,67.98,22.20,0.00,2,Cruise,369.1368
3575.0,384,38.400,18.882,67.98,22.20,0.00,2,Cruise,369.2806
3576.0,384,38.400,18.882,67.98,22.20,0.00,2,Cruise,369.4245
3577.0,384,38.400,18.882,67.98,22.20,0.00,2,Cruise,369.5683
3578.0,384,38.400,18.882,67.98,22.20,0.00,2,Cruise,369.7122
3579.0,385,38.500,18.882,67.98,22.20,0.00,2,Cruise,369.8560
3580.0,385,38.500,18.882,67.98,22.20,0.00,2,Cruise,369.9039
3581.0,385,38.500,18.882,67.98,22.20,0.00,2,Cruise,369.9518
3582.0,385,38.500,18.882,67.98,22.20,0.00,2,Cruise,369.9998
3583.0,385,38.500,18.882,67.98,22.20,0.00,2,Cruise,370.0477
3584.0,386,38.600,18.882,67.98,22.20,0.00,2,Cruise,370.0956
3585.0,386,38.600,18.882,67.98,22.20,0.00,2,Cruise,370.2457
3586.0,386,38.600,18.882,67.98,22.20,0.00,2,Cruise,370.3959
3587.0,386,38.600,18.882,67.98,22.20,0.00,2,Cruise,370.5461
3588.0,386,38.600,18.882,67.98,22.20,0.00,2,Cruise,370.6962
3589.0,387,38.700,18.882,67.98,22.20,0.00,0,Brake,370.8464
3590.0,387,38.700,18.082,65.10,22.20,0.00,1,Coast,370.8464
3591.0,387,38.700,17.934,64.56,22.20,0.00,1,Coast,370.8464
3592.0,387,38.700,17.786,64.03,22.20,0.00,2,Cruise,370.8464
3593.0,387,38.700,17.786,64.03,22.20,0.00,2,Cruise,371.1559
3594.0,387,38.700,17.786,64.03,22.20,0.00,2,Cruise,371.4655
3595.0,388,38.800,17.786,64.03,22.20,0.00,2,Cruise,371.7750
3596.0,388,38.800,17.786,64.03,22.20,0.00,2,Cruise,371.9002
3597.0,388,38.800,17.786,64.03,22.20,0.00,2,Cruise,372.0253
3598.0,388,38.800,17.786,64.03,22.20,0.00,2,Cruise,372.1505
3599.0,388,38.800,17.786,64.03,22.20,0.00,2,Cruise,372.2757
3600.0,389,38.900,17.786,64.03,22.20,0.00,1,Coast,372.4009
3601.0,389,38.900,17.737,63.85,22.20,0.00,1,Coast,372.4009
3602.0,389,38.900,17.688,63.68,22.20,0.00,1,Coast,372.4009
3603.0,389,38.900,17.639,63.50,22.20,0.00,1,Coast,372.4009
3604.0,389,38.900,17.590,63.33,22.20,0.00,1,Coast,372.4009
3605.0,389,38.900,17.542,63.15,22.20,0.00,1,Coast,372.4009
3606.0,390,39.000,17.493,62.98,22.20,0.00,1,Coast,372.4009
3607.0,390,39.000,17.369,62.53,22.20,0.00,1,Coast,372.4009
3608.0,390,39.000,17.244,62.08,22.20,0.00,1,Coast,372.4009
3609.0,390,39.000,17.120,61.63,22.20,0.00,1,Coast,372.4009
3610.0,390,39.000,16.996,61.19,22.20,0.00,2,Cruise,372.4009
3611.0,390,39.000,16.996,61.19,22.20,0.00,2,Cruise,372.6485
3612.0,391,39.100,16.996,61.19,1.00,0.00,2,Cruise,372.8962
3613.0,391,39.100,16.996,61.19,1.00,0.00,2,Cruise,372.9645
3614.0,391,39.100,16.996,61.19,1.00,0.00,2,Cruise,373.0329
3615.0,391,39.100,16.996,61.19,1.00,0.00,2,Cruise,373.1012
3616.0,391,39.100,16.996,61.19,1.00,0.00,2,Cruise,373.1695
3617.0,391,39.100,16.996,61.19,1.00,0.00,2,Cruise,373.2379
3618.0,392,39.200,16.996,61.19,16.60,0.40,1,Coast,373.3062
3619.0,392,39.200,16.928,60.94,16.60,0.33,1,Coast,373.3062
3620.0,392,39.200,16.860,60.69,16.60,0.26,1,Coast,373.3062
3621.0,392,39.200,16.792,60.45,16.60,0.19,1,Coast,373.3062
3622.0,392,39.200,16.724,60.20,16.60,0.12,1,Coast,373.3062
3623.0,392,39.200,16.656,59.96,16.60,0.06,1,Coast,373.3062
3624.0,393,39.300,16.588,59.72,16.60,0.00,1,Coast,373.3062
3625.0,393,39.300,16.551,59.58,16.60,0.00,1,Coast,373.3062
3626.0,393,39.300,16.513,59.45,16.60,0.00,1,Coast,373.3062
3627.0,393,39.300,16.476,59.31,16.60,0.00,1,Coast,373.3062
3628.0,393,39.300,16.439,59.18,16.60,0.00,1,Coast,373.3062
3629.0,393,39.300,16.402,59.05,16.60,0.00,1,Coast,373.3062
3630.0,394,39.400,16.365,58.91,16.60,0.00,1,Coast,373.3062
3631.0,394,39.400,16.271,58.57,16.60,0.00,1,Coast,373.3062
3632.0,394,39.400,16.177,58.24,16.60,0.00,1,Coast,373.3062
3633.0,394,39.400,16.083,57.90,16.60,0.00,1,Coast,373.3062
3634.0,394,39.400,15.989,57.56,16.60,0.00,1,Coast,373.3062
3635.0,394,39.400,15.895,57.22,16.60,0.00,1,Coast,373.3062
3636.0,395,39.500,15.801,56.88,16.60,0.00,1,Coast,373.3062
3637.0,395,39.500,15.725,56.61,16.60,0.00,1,Coast,373.3062
3638.0,395,39.500,15.649,56.34,16.60,0.00,1,Coast,373.3062
3639.0,395,39.500,15.573,56.06,16.60,0.00,1,Coast,373.3062
3640.0,395,39.500,15.498,55.79,16.60,0.00,1,Coast,373.3062
3641.0,395,39.500,15.422,55.52,16.60,0.00,1,Coast,373.3062
3642.0,396,39.600,15.346,55.25,16.60,0.00,1,Coast,373.3062
3643.0,396,39.600,15.243,54.88,16.60,0.00,1,Coast,373.3062
3644.0,396,39.600,15.140,54.51,16.60,0.00,1,Coast,373.3062
3645.0,396,39.600,15.038,54.14,16.60,0.00,1,Coast,373.3062
3646.0,396,39.600,14.935,53.77,16.60,0.00,1,Coast,373.3062
3647.0,396,39.600,14.832,53.40,16.60,0.00,1,Coast,373.3062
3648.0,396,39.600,14.730,53.03,16.60,0.00,1,Coast,373.3062
3649.0,397,39.700,14.627,52.66,16.60,0.00,2,Cruise,373.3062
3650.0,397,39.700,14.627,52.66,16.60,0.00,2,Cruise,373.5220
3651.0,397,39.700,14.627,52.66,16.60,0.00,2,Cruise,373.7378
3652.0,397,39.700,14.627,52.66,16.60,0.00,2,Cruise,373.9536
3653.0,397,39.700,14.627,52.66,16.60,0.00,2,Cruise,374.1694
3654.0,397,39.700,14.627,52.66,16.60,0.00,2,Cruise,374.3852
3655.0,397,39.700,14.627,52.66,16.60,0.00,2,Cruise,374.6010
3656.0,398,39.800,14.627,52.66,16.60,0.00,2,Cruise,374.8168
3657.0,398,39.800,14.627,52.66,16.60,0.00,2,Cruise,375.0119
3658.0,398,39.800,14.627,52.66,16.60,0.00,2,Cruise,375.2071
3659.0,398,39.800,14.627,52.66,16.60,0.00,2,Cruise,375.4022
3660.0,398,39.800,14.627,52.66,16.60,0.00,2,Cruise,375.5973
3661.0,398,39.800,14.627,52.66,16.60,0.00,2,Cruise,375.7925
3662.0,398,39.800,14.627,52.66,16.60,0.00,2,Cruise,375.9876
3663.0,399,39.900,14.627,52.66,16.60,0.00,1,Coast,376.1827
3664.0,399,39.900,14.585,52.50,16.60,0.00,3,Power,376.1827
3665.0,399,39.900,15.131,54.47,16.60,0.00,1,Coast,377.2128
3666.0,399,39.900,15.088,54.32,16.60,0.00,1,Coast,377.2128
3667.0,399,39.900,15.044,54.16,16.60,0.00,1,Coast,377.2128
3668.0,399,39.900,15.001,54.00,16.60,0.00,1,Coast,377.2128
3669.0,400,40.000,14.958,53.85,16.60,0.00,1,Coast,377.2128
3670.0,400,40.000,14.847,53.45,16.60,0.00,1,Coast,377.2128
3671.0,400,40.000,14.736,53.05,16.60,0.00,1,Coast,377.2128
3672.0,400,40.000,14.625,52.65,16.60,0.00,2,Cruise,377.2128
3673.0,400,40.000,14.625,52.65,16.60,0.00,2,Cruise,377.4031
3674.0,400,40.000,14.625,52.65,16.60,0.00,2,Cruise,377.5935
3675.0,400,40.000,14.625,52.65,16.60,0.00,2,Cruise,377.7839
3676.0,401,40.100,14.625,52.65,16.60,0.00,1,Coast,377.9743
3677.0,401,40.100,14.527,52.30,16.60,0.00,1,Coast,377.9743
3678.0,401,40.100,14.429,51.94,16.60,0.00,1,Coast,377.9743
3679.0,401,40.100,14.331,51.59,16.60,0.00,3,Power,377.9743
3680.0,401,40.100,14.832,53.40,16.60,0.00,1,Coast,379.0031
3681.0,401,40.100,14.734,53.04,16.60,0.00,1,Coast,379.0031
3682.0,401,40.100,14.636,52.69,16.60,0.00,1,Coast,379.0031
3683.0,402,40.200,14.537,52.33,16.60,0.00,1,Coast,379.0031
3684.0,402,40.200,14.486,52.15,16.60,0.00,3,Power,379.0031
3685.0,402,40.200,15.028,54.10,16.60,0.00,1,Coast,380.0331
3686.0,402,40.200,14.975,53.91,16.60,0.00,1,Coast,380.0331
3687.0,402,40.200,14.923,53.72,16.60,0.00,1,Coast,380.0331
3688.0,402,40.200,14.871,53.54,16.60,0.00,1,Coast,380.0331
3689.0,402,40.200,14.819,53.35,16.60,0.00,1,Coast,380.0331
3690.0,403,40.300,14.767,53.16,16.60,0.00,2,Cruise,380.0331
3691.0,403,40.300,14.767,53.16,16.60,0.00,2,Cruise,380.2911
3692.0,403,40.300,14.767,53.16,16.60,0.00,2,Cruise,380.5491
3693.0,403,40.300,14.767,53.16,16.60,0.00,2,Cruise,380.8071
3694.0,403,40.300,14.767,53.16,16.60,0.00,2,Cruise,381.0651
3695.0,403,40.300,14.767,53.16,16.60,0.00,2,Cruise,381.3231
3696.0,403,40.300,14.767,53.16,16.60,0.00,2,Cruise,381.5811
3697.0,404,40.400,14.767,53.16,16.60,0.00,1,Coast,381.8392
3698.0,404,40.400,14.758,53.13,16.60,0.00,1,Coast,381.8392
3699.0,404,40.400,14.749,53.10,16.60,0.00,1,Coast,381.8392
3700.0,404,40.400,14.740,53.06,16.60,0.00,1,Coast,381.8392
3701.0,404,40.400,14.731,53.03,16.60,0.00,1,Coast,381.8392
3702.0,404,40.400,14.722,53.00,16.60,0.00,1,Coast,381.8392
3703.0,405,40.500,14.713,52.97,16.60,0.00,1,Coast,381.8392
3704.0,405,40.500,14.620,52.63,16.60,0.00,1,Coast,381.8392
3705.0,405,40.500,14.528,52.30,16.60,0.00,1,Coast,381.8392
3706.0,405,40.500,14.435,51.97,16.60,0.00,1,Coast,381.8392
3707.0,405,40.500,14.342,51.63,16.60,0.00,3,Power,381.8392
3708.0,405,40.500,14.849,53.46,16.60,0.00,1,Coast,382.8681
3709.0,405,40.500,14.756,53.12,16.60,0.00,1,Coast,382.8681
3710.0,406,40.600,14.663,52.79,16.60,0.00,1,Coast,382.8681
3711.0,406,40.600,14.601,52.56,16.60,0.00,1,Coast,382.8681
3712.0,406,40.600,14.539,52.34,16.60,0.00,1,Coast,382.8681
3713.0,406,40.600,14.477,52.12,16.60,0.00,1,Coast,382.8681
3714.0,406,40.600,14.415,51.89,16.60,0.00,1,Coast,382.8681
3715.0,406,40.600,14.353,51.67,16.60,0.00,1,Coast,382.8681
3716.0,406,40.600,14.292,51.45,16.60,0.00,1,Coast,382.8681
3717.0,407,40.700,14.230,51.23,16.60,0.00,1,Coast,382.8681
3718.0,407,40.700,14.166,51.00,16.60,0.00,1,Coast,382.8681
3719.0,407,40.700,14.102,50.77,16.60,0.00,1,Coast,382.8681
3720.0,407,40.700,14.038,50.54,16.60,0.00,1,Coast,382.8681
3721.0,407,40.700,13.975,50.31,16.60,0.00,1,Coast,382.8681
3722.0,407,40.700,13.911,50.08,16.60,0.00,1,Coast,382.8681
3723.0,407,40.700,13.847,49.85,16.60,0.00,1,Coast,382.8681
3724.0,408,40.800,13.784,49.62,16.60,0.00,1,Coast,382.8681
3725.0,408,40.800,13.710,49.36,16.60,0.00,1,Coast,382.8681
3726.0,408,40.800,13.637,49.09,16.60,0.00,3,Power,382.8681
3727.0,408,40.800,14.164,50.99,16.60,0.00,1,Coast,383.8494
3728.0,408,40.800,14.090,50.73,16.60,0.00,1,Coast,383.8494
3729.0,408,40.800,14.017,50.46,16.60,0.00,1,Coast,383.8494
3730.0,408,40.800,13.943,50.19,16.60,0.00,1,Coast,383.8494
3731.0,409,40.900,13.870,49.93,16.60,0.00,1,Coast,383.8494
3732.0,409,40.900,13.759,49.53,16.60,0.00,1,Coast,383.8494
3733.0,409,40.900,13.649,49.14,16.60,0.00,1,Coast,383.8494
3734.0,409,40.900,13.539,48.74,16.60,0.00,1,Coast,383.8494
3735.0,409,40.900,13.428,48.34,16.60,0.00,1,Coast,383.8494
3736.0,409,40.900,13.318,47.95,16.60,0.00,3,Power,383.8494
3737.0,409,40.900,13.809,49.71,16.60,0.00,1,Coast,384.8068
3738.0,409,40.900,13.698,49.31,16.60,0.00,1,Coast,384.8068
3739.0,410,41.000,13.588,48.92,16.60,0.00,3,Power,384.8068
3740.0,410,41.000,14.110,50.80,16.60,0.00,1,Coast,385.7844
3741.0,410,41.000,14.032,50.52,16.60,0.00,1,Coast,385.7844
3742.0,410,41.000,13.954,50.23,16.60,0.00,1,Coast,385.7844
3743.0,410,41.000,13.876,49.95,16.60,0.00,1,Coast,385.7844
3744.0,410,41.000,13.798,49.67,16.60,0.00,1,Coast,385.7844
3745.0,410,41.000,13.720,49.39,16.60,0.00,1,Coast,385.7844
3746.0,411,41.100,13.642,49.11,16.60,0.00,3,Power,385.7844
3747.0,411,41.100,14.173,51.02,16.60,0.00,1,Coast,386.7661
3748.0,411,41.100,14.103,50.77,16.60,0.00,1,Coast,386.7661
3749.0,411,41.100,14.033,50.52,16.60,0.00,1,Coast,386.7661
3750.0,411,41.100,13.963,50.27,16.60,0.00,1,Coast,386.7661
3751.0,411,41.100,13.893,50.01,16.60,0.00,1,Coast,386.7661
3752.0,411,41.100,13.823,49.76,16.60,0.00,3,Power,386.7661
3753.0,412,41.200,14.353,51.67,16.60,0.00,1,Coast,387.7605
3754.0,412,41.200,14.297,51.47,16.60,0.00,1,Coast,387.7605
3755.0,412,41.200,14.241,51.27,16.60,0.00,1,Coast,387.7605
3756.0,412,41.200,14.185,51.07,16.60,0.00,1,Coast,387.7605
3757.0,412,41.200,14.129,50.86,16.60,0.00,1,Coast,387.7605
3758.0,412,41.200,14.073,50.66,16.60,0.00,1,Coast,387.7605
3759.0,412,41.200,14.017,50.46,16.60,0.00,1,Coast,387.7605
3760.0,413,41.300,13.961,50.26,16.60,0.00,1,Coast,387.7605
3761.0,413,41.300,13.865,49.91,16.60,0.00,1,Coast,387.7605
3762.0,413,41.300,13.769,49.57,16.60,0.00,1,Coast,387.7605
3763.0,413,41.300,13.673,49.22,16.60,0.00,1,Coast,387.7605
3764.0,413,41.300,13.577,48.88,16.60,0.00,1,Coast,387.7605
3765.0,413,41.300,13.481,48.53,16.60,0.00,1,Coast,387.7605
3766.0,413,41.300,13.385,48.19,16.60,0.00,3,Power,387.7605
3767.0,413,41.300,13.890,50.00,16.60,0.00,1,Coast,388.7232
3768.0,414,41.400,13.793,49.66,16.60,0.00,1,Coast,388.7232
3769.0,414,41.400,13.708,49.35,16.60,0.00,1,Coast,388.7232
3770.0,414,41.400,13.623,49.04,16.60,0.00,1,Coast,388.7232
3771.0,414,41.400,13.538,48.74,16.60,0.00,1,Coast,388.7232
3772.0,414,41.400,13.453,48.43,16.60,0.00,1,Coast,388.7232
3773.0,414,41.400,13.368,48.13,16.60,0.00,3,Power,388.7232
3774.0,414,41.400,13.883,49.98,16.60,0.00,1,Coast,389.6850
3775.0,415,41.500,13.798,49.67,16.60,0.00,2,Cruise,389.6850
3776.0,415,41.500,13.798,49.67,16.60,0.00,2,Cruise,389.8817
3777.0,415,41.500,13.798,49.67,16.60,0.00,2,Cruise,390.0784
3778.0,415,41.500,13.798,49.67,16.60,0.00,2,Cruise,390.2751
3779.0,415,41.500,13.798,49.67,16.60,0.00,2,Cruise,390.4718
3780.0,415,41.500,13.798,49.67,16.60,0.00,2,Cruise,390.6685
3781.0,415,41.500,13.798,49.67,16.60,0.00,2,Cruise,390.8652
3782.0,416,41.600,13.798,49.67,16.60,0.00,2,Cruise,391.0620
3783.0,416,41.600,13.806,49.70,16.60,0.00,2,Cruise,391.0620
3784.0,416,41.600,13.814,49.73,16.60,0.00,2,Cruise,391.0620
3785.0,416,41.600,13.822,49.76,16.60,0.00,2,Cruise,391.0620
3786.0,416,41.600,13.831,49.79,16.60,0.00,2,Cruise,391.0620
3787.0,416,41.600,13.839,49.82,16.60,0.00,2,Cruise,391.0620
3788.0,416,41.600,13.847,49.85,16.60,0.00,2,Cruise,391.0620
3789.0,417,41.700,13.855,49.88,16.60,0.00,2,Cruise,391.0620
3790.0,417,41.700,13.855,49.88,16.60,0.00,2,Cruise,391.1606
3791.0,417,41.700,13.855,49.88,16.60,0.00,2,Cruise,391.2593
3792.0,417,41.700,13.855,49.88,16.60,0.00,2,Cruise,391.3580
3793.0,417,41.700,13.855,49.88,16.60,0.00,2,Cruise,391.4567
3794.0,417,41.700,13.855,49.88,16.60,0.00,2,Cruise,391.5553
3795.0,417,41.700,13.855,49.88,16.60,0.00,2,Cruise,391.6540
3796.0,417,41.700,13.855,49.88,16.60,0.00,2,Cruise,391.7527
3797.0,418,41.800,13.855,49.88,16.60,0.00,2,Cruise,391.8514
3798.0,418,41.800,13.855,49.88,16.60,0.00,2,Cruise,391.9551
3799.0,418,41.800,13.855,49.88,16.60,0.00,2,Cruise,392.0587
3800.0,418,41.800,13.855,49.88,16.60,0.00,2,Cruise,392.1624
3801.0,418,41.800,13.855,49.88,16.60,0.00,2,Cruise,392.2661
3802.0,418,41.800,13.855,49.88,16.60,0.00,2,Cruise,392.3698
3803.0,418,41.800,13.855,49.88,16.60,0.00,2,Cruise,392.4735
3804.0,419,41.900,13.855,49.88,16.60,0.00,2,Cruise,392.5772
3805.0,419,41.900,13.855,49.88,16.60,0.00,2,Cruise,392.7065
3806.0,419,41.900,13.855,49.88,16.60,0.00,2,Cruise,392.8359
3807.0,419,41.900,13.855,49.88,16.60,0.00,2,Cruise,392.9652
3808.0,419,41.900,13.855,49.88,16.60,0.00,2,Cruise,393.0946
3809.0,419,41.900,13.855,49.88,16.60,0.00,2,Cruise,393.2239
3810.0,419,41.900,13.855,49.88,16.60,0.00,2,Cruise,393.3533
3811.0,420,42.000,13.855,49.88,16.60,0.00,2,Cruise,393.4826
3812.0,420,42.000,13.855,49.88,16.60,0.00,2,Cruise,393.5708
3813.0,420,42.000,13.855,49.88,16.60,0.00,2,Cruise,393.6590
3814.0,420,42.000,13.855,49.88,16.60,0.00,2,Cruise,393.7472
3815.0,420,42.000,13.855,49.88,16.60,0.00,2,Cruise,393.8354
3816.0,420,42.000,13.855,49.88,16.60,0.00,2,Cruise,393.9236
3817.0,420,42.000,13.855,49.88,16.60,0.00,2,Cruise,394.0118
3818.0,421,42.100,13.855,49.88,16.60,0.00,2,Cruise,394.1000
3819.0,421,42.100,13.855,49.88,16.60,0.00,2,Cruise,394.1532
3820.0,421,42.100,13.855,49.88,16.60,0.00,2,Cruise,394.2064
3821.0,421,42.100,13.855,49.88,16.60,0.00,2,Cruise,394.2595
3822.0,421,42.100,13.855,49.88,16.60,0.00,2,Cruise,394.3127
3823.0,421,42.100,13.855,49.88,16.60,0.00,2,Cruise,394.3659
3824.0,421,42.100,13.855,49.88,16.60,0.00,2,Cruise,394.4191
3825.0,422,42.200,13.855,49.88,16.60,0.00,2,Cruise,394.4722
3826.0,422,42.200,13.855,49.88,16.60,0.00,2,Cruise,394.5977
3827.0,422,42.200,13.855,49.88,16.60,0.00,2,Cruise,394.7233
3828.0,422,42.200,13.855,49.88,16.60,0.00,2,Cruise,394.8488
3829.0,422,42.200,13.855,49.88,16.60,0.00,2,Cruise,394.9743
3830.0,422,42.200,13.855,49.88,16.60,0.00,2,Cruise,395.0999
3831.0,422,42.200,13.855,49.88,16.60,0.00,2,Cruise,395.2254
3832.0,422,42.200,13.855,49.88,16.60,0.00,2,Cruise,395.3509
3833.0,423,42.300,13.855,49.88,16.60,0.00,1,Coast,395.4764
3834.0,423,42.300,13.697,49.31,16.60,0.00,1,Coast,395.4764
3835.0,423,42.300,13.539,48.74,16.60,0.00,1,Coast,395.4764
3836.0,423,42.300,13.382,48.17,16.60,0.00,1,Coast,395.4764
3837.0,423,42.300,13.224,47.61,16.60,0.00,2,Cruise,395.4764
3838.0,423,42.300,13.224,47.61,16.60,0.00,2,Cruise,395.7210
3839.0,423,42.300,13.224,47.61,16.60,0.00,2,Cruise,395.9655
3840.0,424,42.400,13.224,47.61,16.60,0.00,2,Cruise,396.2101
3841.0,424,42.400,13.477,48.52,16.60,0.00,2,Cruise,396.2101
3842.0,424,42.400,13.730,49.43,16.60,0.00,2,Cruise,396.2101
3843.0,424,42.400,13.982,50.34,16.60,0.00,2,Cruise,396.2101
3844.0,424,42.400,14.234,51.24,16.60,0.00,2,Cruise,396.2101
3845.0,424,42.400,14.486,52.15,16.60,0.00,2,Cruise,396.2101
3846.0,424,42.400,14.738,53.06,16.60,0.00,2,Cruise,396.2101
3847.0,425,42.500,14.989,53.96,16.60,0.00,0,Brake,396.2101
3848.0,425,42.500,14.189,51.08,16.60,0.00,0,Brake,396.2101
3849.0,425,42.500,13.389,48.20,16.60,0.00,0,Brake,396.2101
3850.0,425,42.500,12.589,45.32,16.60,0.00,1,Coast,396.2101
3851.0,425,42.500,12.318,44.34,16.60,0.00,1,Coast,396.2101
3852.0,425,42.500,12.047,43.37,16.60,0.00,1,Coast,396.2101
3853.0,425,42.500,11.777,42.40,16.60,0.00,1,Coast,396.2101
3854.0,425,42.500,11.506,41.42,16.60,0.00,1,Coast,396.2101
3855.0,426,42.600,11.236,40.45,16.60,0.00,1,Coast,396.2101
3856.0,426,42.600,11.140,40.11,16.60,0.00,1,Coast,396.2101
3857.0,426,42.600,11.044,39.76,16.60,0.00,1,Coast,396.2101
3858.0,426,42.600,10.948,39.41,16.60,0.00,1,Coast,396.2101
3859.0,426,42.600,10.852,39.07,16.60,0.00,1,Coast,396.2101
3860.0,426,42.600,10.757,38.72,16.60,0.00,1,Coast,396.2101
3861.0,426,42.600,10.661,38.38,16.60,0.00,1,Coast,396.2101
3862.0,426,42.600,10.565,38.04,16.60,0.00,1,Coast,396.2101
3863.0,426,42.600,10.470,37.69,16.60,0.00,1,Coast,396.2101
3864.0,427,42.700,10.374,37.35,16.60,0.00,1,Coast,396.2101
3865.0,427,42.700,10.315,37.13,16.60,0.00,1,Coast,396.2101
3866.0,427,42.700,10.255,36.92,16.60,0.00,1,Coast,396.2101
3867.0,427,42.700,10.196,36.70,16.60,0.00,1,Coast,396.2101
3868.0,427,42.700,10.136,36.49,16.60,0.00,1,Coast,396.2101
3869.0,427,42.700,10.077,36.28,16.60,0.00,1,Coast,396.2101
3870.0,427,42.700,10.018,36.06,16.60,0.00,1,Coast,396.2101
3871.0,427,42.700,9.958,35.85,16.60,0.00,1,Coast,396.2101
3872.0,427,42.700,9.899,35.64,16.60,0.00,1,Coast,396.2101
3873.0,427,42.700,9.840,35.42,16.60,0.00,1,Coast,396.2101
3874.0,428,42.800,9.781,35.21,16.60,0.00,1,Coast,396.2101
3875.0,428,42.800,9.696,34.90,16.60,0.00,1,Coast,396.2101
3876.0,428,42.800,9.610,34.60,16.60,0.00,1,Coast,396.2101
3877.0,428,42.800,9.525,34.29,16.60,0.00,1,Coast,396.2101
3878.0,428,42.800,9.440,33.98,16.60,0.00,1,Coast,396.2101
3879.0,428,42.800,9.355,33.68,16.60,0.00,1,Coast,396.2101
3880.0,428,42.800,9.269,33.37,16.60,0.00,1,Coast,396.2101
3881.0,428,42.800,9.184,33.06,16.60,0.00,1,Coast,396.2101
3882.0,428,42.800,9.100,32.76,16.60,0.00,1,Coast,396.2101
3883.0,428,42.800,9.015,32.45,16.60,0.00,1,Coast,396.2101
3884.0,428,42.800,8.930,32.15,16.60,0.00,1,Coast,396.2101
3885.0,429,42.900,8.845,31.84,16.60,0.00,1,Coast,396.2101
3886.0,429,42.900,8.751,31.50,16.60,0.00,1,Coast,396.2101
3887.0,429,42.900,8.656,31.16,16.60,0.00,1,Coast,396.2101
3888.0,429,42.900,8.562,30.82,16.60,0.00,1,Coast,396.2101
3889.0,429,42.900,8.467,30.48,16.60,0.00,1,Coast,396.2101
3890.0,429,42.900,8.373,30.14,16.60,0.00,1,Coast,396.2101
3891.0,429,42.900,8.278,29.80,16.60,0.00,1,Coast,396.2101
3892.0,429,42.900,8.184,29.46,16.60,0.00,1,Coast,396.2101
3893.0,429,42.900,8.090,29.12,16.60,0.00,2,Cruise,396.2101
3894.0,429,42.900,8.090,29.12,16.60,0.00,2,Cruise,396.2996
3895.0,429,42.900,8.090,29.12,16.60,0.00,2,Cruise,396.3891
3896.0,429,42.900,8.090,29.12,16.60,0.00,2,Cruise,396.4786
3897.0,430,43.000,8.090,29.12,16.60,0.00,1,Coast,396.5681
3898.0,430,43.000,8.001,28.80,16.60,0.00,1,Coast,396.5681
3899.0,430,43.000,7.911,28.48,16.60,0.00,1,Coast,396.5681
3900.0,430,43.000,7.822,28.16,16.60,0.00,2,Cruise,396.5681
3901.0,430,43.000,7.822,28.16,16.60,0.00,2,Cruise,396.6502
3902.0,430,43.000,7.822,28.16,16.60,0.00,2,Cruise,396.7323
3903.0,430,43.000,7.822,28.16,16.60,0.00,2,Cruise,396.8143
3904.0,430,43.000,7.822,28.16,16.60,0.00,2,Cruise,396.8964
3905.0,430,43.000,7.822,28.16,16.60,0.00,2,Cruise,396.9785
3906.0,430,43.000,7.822,28.16,16.60,0.00,2,Cruise,397.0606
3907.0,430,43.000,7.822,28.16,16.60,0.00,2,Cruise,397.1426
3908.0,430,43.000,7.822,28.16,16.60,0.00,2,Cruise,397.2247
3909.0,430,43.000,7.822,28.16,16.60,0.00,2,Cruise,397.3068
3910.0,431,43.100,7.822,28.16,16.60,0.00,2,Cruise,397.3889
3911.0,431,43.100,7.822,28.16,16.60,0.00,2,Cruise,397.4376
3912.0,431,43.100,7.822,28.16,16.60,0.00,2,Cruise,397.4864
3913.0,431,43.100,7.822,28.16,16.60,0.00,2,Cruise,397.5351
3914.0,431,43.100,7.822,28.16,16.60,0.00,2,Cruise,397.5839
3915.0,431,43.100,7.822,28.16,16.60,0.00,2,Cruise,397.6327
3916.0,431,43.100,7.822,28.16,16.60,0.00,2,Cruise,397.6814
3917.0,431,43.100,7.822,28.16,16.60,0.00,2,Cruise,397.7302
3918.0,431,43.100,7.822,28.16,16.60,0.00,2,Cruise,397.7790
3919.0,431,43.100,7.822,28.16,16.60,0.00,2,Cruise,397.8277
3920.0,431,43.100,7.822,28.16,16.60,0.00,2,Cruise,397.8765
3921.0,431,43.100,7.822,28.16,16.60,0.00,2,Cruise,397.9252
3922.0,432,43.200,7.822,28.16,16.60,0.00,2,Cruise,397.9740
3923.0,432,43.200,7.822,28.16,16.60,0.00,2,Cruise,398.0248
3924.0,432,43.200,7.822,28.16,16.60,0.00,2,Cruise,398.0756
3925.0,432,43.200,7.822,28.16,16.60,0.00,2,Cruise,398.1264
3926.0,432,43.200,7.822,28.16,16.60,0.00,2,Cruise,398.1772
3927.0,432,43.200,7.822,28.16,16.60,0.00,2,Cruise,398.2280
3928.0,432,43.200,7.822,28.16,16.60,0.00,2,Cruise,398.2788
3929.0,432,43.200,7.822,28.16,16.60,0.00,2,Cruise,398.3296
3930.0,432,43.200,7.822,28.16,16.60,0.00,2,Cruise,398.3804
3931.0,432,43.200,7.822,28.16,16.60,0.00,2,Cruise,398.4311
3932.0,432,43.200,7.822,28.16,16.60,0.00,2,Cruise,398.4819
3933.0,432,43.200,7.822,28.16,16.60,0.00,2,Cruise,398.5327
3934.0,432,43.200,7.822,28.16,16.60,0.00,2,Cruise,398.5835
3935.0,433,43.300,7.822,28.16,22.20,0.00,3,Power,398.6343
3936.0,433,43.300,8.422,30.32,22.20,0.00,2,Cruise,399.6842
3937.0,433,43.300,8.422,30.32,22.20,0.00,2,Cruise,399.7211
3938.0,433,43.300,8.422,30.32,22.20,0.00,2,Cruise,399.7579
3939.0,433,43.300,8.422,30.32,22.20,0.00,2,Cruise,399.7948
3940.0,433,43.300,8.422,30.32,22.20,0.00,2,Cruise,399.8317
3941.0,433,43.300,8.422,30.32,22.20,0.00,2,Cruise,399.8685
3942.0,433,43.300,8.422,30.32,22.20,0.00,2,Cruise,399.9054
3943.0,433,43.300,8.422,30.32,22.20,0.00,2,Cruise,399.9422
3944.0,433,43.300,8.422,30.32,22.20,0.00,2,Cruise,399.9791
3945.0,433,43.300,8.422,30.32,22.20,0.00,2,Cruise,400.0159
3946.0,433,43.300,8.422,30.32,22.20,0.00,2,Cruise,400.0528
3947.0,434,43.400,8.422,30.32,1.00,0.00,1,Coast,400.0897
3948.0,434,43.400,8.342,30.03,1.00,0.00,1,Coast,400.0897
3949.0,434,43.400,8.261,29.74,1.00,0.00,1,Coast,400.0897
3950.0,434,43.400,8.181,29.45,1.00,0.00,1,Coast,400.0897
3951.0,434,43.400,8.101,29.16,1.00,0.00,1,Coast,400.0897
3952.0,434,43.400,8.021,28.87,1.00,0.00,1,Coast,400.0897
3953.0,434,43.400,7.941,28.59,1.00,0.00,1,Coast,400.0897
3954.0,434,43.400,7.861,28.30,1.00,0.00,1,Coast,400.0897
3955.0,434,43.400,7.781,28.01,1.00,0.00,2,Cruise,400.0897
3956.0,434,43.400,7.781,28.01,1.00,0.00,2,Cruise,400.1628
3957.0,434,43.400,7.781,28.01,1.00,0.00,2,Cruise,400.2359
3958.0,434,43.400,7.781,28.01,1.00,0.00,2,Cruise,400.3090
3959.0,434,43.400,7.781,28.01,1.00,0.00,2,Cruise,400.3822
3960.0,435,43.500,7.781,28.01,22.20,0.00,3,Power,400.4553
3961.0,435,43.500,8.381,30.17,22.20,0.00,3,Power,401.5054
3962.0,435,43.500,8.981,32.33,22.20,0.00,3,Power,402.5527
3963.0,435,43.500,9.581,34.49,22.20,0.00,3,Power,403.5976
3964.0,435,43.500,10.181,36.65,22.20,0.00,3,Power,404.6404
3965.0,435,43.500,10.781,38.81,22.20,0.00,3,Power,405.3802
3966.0,435,43.500,11.381,40.97,22.20,0.00,3,Power,406.1623
3967.0,435,43.500,11.981,43.13,22.20,0.00,3,Power,406.9868
3968.0,435,43.500,12.581,45.29,22.20,0.00,3,Power,407.8537
3969.0,436,43.600,13.181,47.45,22.20,0.00,3,Power,408.7629
3970.0,436,43.600,13.781,49.61,22.20,0.00,3,Power,409.7145
3971.0,436,43.600,14.381,51.77,22.20,0.00,3,Power,410.7085
3972.0,436,43.600,14.981,53.93,22.20,0.00,3,Power,411.7407
3973.0,436,43.600,15.568,56.04,22.20,0.00,3,Power,412.7716
3974.0,436,43.600,16.133,58.08,22.20,0.00,3,Power,413.8010
3975.0,436,43.600,16.677,60.04,22.20,0.00,3,Power,414.8292
3976.0,437,43.700,17.204,61.93,22.20,0.00,2,Cruise,415.8563
3977.0,437,43.700,17.315,62.33,22.20,0.00,2,Cruise,415.8563
3978.0,437,43.700,17.426,62.73,22.20,0.00,2,Cruise,415.8563
3979.0,437,43.700,17.536,63.13,22.20,0.00,2,Cruise,415.8563
3980.0,437,43.700,17.647,63.53,22.20,0.00,2,Cruise,415.8563
3981.0,437,43.700,17.757,63.93,22.20,0.00,2,Cruise,415.8563
3982.0,438,43.800,17.868,64.32,22.20,0.00,1,Coast,415.8563
3983.0,438,43.800,17.687,63.67,22.20,0.00,1,Coast,415.8563
3984.0,438,43.800,17.506,63.02,22.20,0.00,1,Coast,415.8563
3985.0,438,43.800,17.326,62.37,22.20,0.00,1,Coast,415.8563
3986.0,438,43.800,17.146,61.73,22.20,0.00,3,Power,415.8563
3987.0,439,43.900,17.468,62.88,22.20,0.00,1,Coast,416.8769
3988.0,439,43.900,17.196,61.90,22.20,0.00,1,Coast,416.8769
3989.0,439,43.900,16.924,60.92,22.20,0.00,1,Coast,416.8769
3990.0,439,43.900,16.652,59.95,22.20,0.00,1,Coast,416.8769
3991.0,439,43.900,16.381,58.97,22.20,0.00,3,Power,416.8769
3992.0,439,43.900,16.634,59.88,22.20,0.00,3,Power,417.8958
3993.0,440,44.000,16.880,60.77,22.20,0.00,3,Power,418.9144
3994.0,440,44.000,17.262,62.14,22.20,0.00,3,Power,419.9369
3995.0,440,44.000,17.632,63.48,22.20,0.00,3,Power,420.9589
3996.0,440,44.000,17.991,64.77,22.20,0.00,3,Power,421.9803
3997.0,440,44.000,18.340,66.03,22.20,0.00,3,Power,423.0012
3998.0,440,44.000,18.680,67.25,22.20,0.00,1,Coast,424.0217
3999.0,441,44.100,18.550,66.78,22.20,0.00,1,Coast,424.0217
4000.0,441,44.100,18.506,66.62,22.20,0.00,1,Coast,424.0217
4001.0,441,44.100,18.462,66.46,22.20,0.00,1,Coast,424.0217
4002.0,441,44.100,18.418,66.30,22.20,0.00,1,Coast,424.0217
4003.0,441,44.100,18.374,66.15,22.20,0.00,1,Coast,424.0217
4004.0,442,44.200,18.330,65.99,22.20,0.00,2,Cruise,424.0217
4005.0,442,44.200,18.643,67.11,22.20,0.00,2,Cruise,424.0217
4006.0,442,44.200,18.956,68.24,22.20,0.00,2,Cruise,424.0217
4007.0,442,44.200,19.268,69.37,22.20,0.00,2,Cruise,424.0217
4008.0,442,44.200,19.580,70.49,22.20,0.00,2,Cruise,424.0217
4009.0,442,44.200,19.892,71.61,22.20,0.00,2,Cruise,424.0217
4010.0,443,44.300,20.203,72.73,22.20,0.00,1,Coast,424.0217
4011.0,443,44.300,19.846,71.45,22.20,0.00,1,Coast,424.0217
4012.0,443,44.300,19.490,70.16,22.20,0.00,1,Coast,424.0217
4013.0,443,44.300,19.134,68.88,22.20,0.00,1,Coast,424.0217
4014.0,443,44.300,18.779,67.60,22.20,0.00,1,Coast,424.0217
4015.0,444,44.400,18.425,66.33,22.20,0.00,3,Power,424.0217
4016.0,444,44.400,18.682,67.25,22.20,0.00,1,Coast,425.0399
4017.0,444,44.400,18.472,66.50,22.20,0.00,3,Power,425.0399
4018.0,444,44.400,18.728,67.42,22.20,0.00,1,Coast,426.0580
4019.0,444,44.400,18.518,66.66,22.20,0.00,1,Coast,426.0580
4020.0,445,44.500,18.309,65.91,22.20,0.00,3,Power,426.0580
4021.0,445,44.500,18.666,67.20,22.20,0.00,3,Power,427.0789
4022.0,445,44.500,19.013,68.45,22.20,0.00,3,Power,428.0995
4023.0,445,44.500,19.352,69.67,22.20,0.00,3,Power,429.1196
4024.0,445,44.500,19.682,70.85,22.20,0.00,3,Power,430.1393
4025.0,446,44.600,20.004,72.01,22.20,0.00,3,Power,431.1587
4026.0,446,44.600,20.372,73.34,22.20,0.00,3,Power,432.1791
4027.0,446,44.600,20.733,74.64,22.20,0.00,1,Coast,433.1992
4028.0,446,44.600,20.670,74.41,22.20,0.00,1,Coast,433.1992
4029.0,446,44.600,20.608,74.19,22.20,0.00,1,Coast,433.1992
4030.0,447,44.700,20.546,73.97,22.20,0.00,1,Coast,433.1992
4031.0,447,44.700,20.459,73.65,22.20,0.00,1,Coast,433.1992
4032.0,447,44.700,20.373,73.34,22.20,0.00,1,Coast,433.1992
4033.0,447,44.700,20.287,73.03,22.20,0.00,3,Power,433.1992
4034.0,447,44.700,20.625,74.25,22.20,0.00,1,Coast,434.2187
4035.0,448,44.800,20.538,73.94,22.20,0.00,1,Coast,434.2187
4036.0,448,44.800,20.437,73.57,22.20,0.00,1,Coast,434.2187
4037.0,448,44.800,20.336,73.21,22.20,0.00,1,Coast,434.2187
4038.0,448,44.800,20.235,72.85,22.20,0.00,1,Coast,434.2187
4039.0,448,44.800,20.135,72.48,22.20,0.00,3,Power,434.2187
4040.0,449,44.900,20.461,73.66,22.20,0.00,1,Coast,435.2380
4041.0,449,44.900,20.354,73.28,22.20,0.00,1,Coast,435.2380
4042.0,449,44.900,20.248,72.89,22.20,0.00,1,Coast,435.2380
4043.0,449,44.900,20.142,72.51,22.20,0.00,3,Power,435.2380
4044.0,449,44.900,20.463,73.67,22.20,0.00,1,Coast,436.2572
4045.0,450,45.000,20.356,73.28,22.20,0.00,1,Coast,436.2572
4046.0,450,45.000,20.256,72.92,22.20,0.00,1,Coast,436.2572
4047.0,450,45.000,20.156,72.56,22.20,0.00,3,Power,436.2572
4048.0,450,45.000,20.483,73.74,22.20,0.00,1,Coast,437.2765
4049.0,450,45.000,20.383,73.38,22.20,0.00,1,Coast,437.2765
4050.0,451,45.100,20.283,73.02,22.20,0.00,1,Coast,437.2765
4051.0,451,45.100,20.190,72.68,22.20,0.00,3,Power,437.2765
4052.0,451,45.100,20.523,73.88,22.20,0.00,1,Coast,438.2959
4053.0,451,45.100,20.429,73.55,22.20,0.00,1,Coast,438.2959
4054.0,451,45.100,20.336,73.21,22.20,0.00,1,Coast,438.2959
4055.0,452,45.200,20.243,72.88,22.20,0.00,1,Coast,438.2959
4056.0,452,45.200,20.141,72.51,22.20,0.00,3,Power,438.2959
4057.0,452,45.200,20.465,73.67,22.20,0.00,1,Coast,439.3152
4058.0,452,45.200,20.362,73.30,22.20,0.00,1,Coast,439.3152
4059.0,452,45.200,20.260,72.93,22.20,0.00,1,Coast,439.3152
4060.0,453,45.300,20.157,72.57,22.20,0.00,1,Coast,439.3152
4061.0,453,45.300,20.030,72.11,22.20,0.00,1,Coast,439.3152
4062.0,453,45.300,19.903,71.65,22.20,0.00,1,Coast,439.3152
4063.0,453,45.300,19.776,71.19,22.20,0.00,1,Coast,439.3152
4064.0,453,45.300,19.650,70.74,22.20,0.00,1,Coast,439.3152
4065.0,454,45.400,19.524,70.28,22.20,0.00,3,Power,439.3152
4066.0,454,45.400,19.856,71.48,22.20,0.00,3,Power,440.3349
4067.0,454,45.400,20.181,72.65,22.20,0.00,1,Coast,441.3543
4068.0,454,45.400,20.072,72.26,22.20,0.00,1,Coast,441.3543
4069.0,454,45.400,19.964,71.87,22.20,0.00,1,Coast,441.3543
4070.0,455,45.500,19.856,71.48,22.20,0.00,1,Coast,441.3543
4071.0,455,45.500,19.700,70.92,22.20,0.00,1,Coast,441.3543
4072.0,455,45.500,19.546,70.36,22.20,0.00,1,Coast,441.3543
4073.0,455,45.500,19.391,69.81,22.20,0.00,1,Coast,441.3543
4074.0,455,45.500,19.236,69.25,22.20,0.00,1,Coast,441.3543
4075.0,456,45.600,19.082,68.70,22.20,0.00,3,Power,441.3543
4076.0,456,45.600,19.490,70.17,22.20,0.00,3,Power,442.3762
4077.0,456,45.600,19.889,71.60,22.20,0.00,3,Power,443.3977
4078.0,456,45.600,20.278,73.00,22.20,0.00,3,Power,444.4187
4079.0,456,45.600,20.658,74.37,22.20,0.00,1,Coast,445.4392
4080.0,457,45.700,20.614,74.21,22.20,0.00,1,Coast,445.4392
4081.0,457,45.700,20.581,74.09,22.20,0.00,1,Coast,445.4392
4082.0,457,45.700,20.548,73.97,22.20,0.00,1,Coast,445.4392
4083.0,457,45.700,20.515,73.85,22.20,0.00,3,Power,445.4392
4084.0,457,45.700,20.901,75.24,22.20,0.00,1,Coast,446.4599
4085.0,458,45.800,20.868,75.12,22.20,0.00,1,Coast,446.4599
4086.0,458,45.800,20.741,74.67,22.20,0.00,1,Coast,446.4599
4087.0,458,45.800,20.615,74.21,22.20,0.00,1,Coast,446.4599
4088.0,458,45.800,20.488,73.76,22.20,0.00,1,Coast,446.4599
4089.0,458,45.800,20.362,73.30,22.20,0.00,1,Coast,446.4599
4090.0,459,45.900,20.236,72.85,22.20,0.00,1,Coast,446.4599
4091.0,459,45.900,20.128,72.46,22.20,0.00,1,Coast,446.4599
4092.0,459,45.900,20.019,72.07,22.20,0.00,3,Power,446.4599
4093.0,459,45.900,20.341,73.23,22.20,0.00,1,Coast,447.4791
4094.0,459,45.900,20.232,72.83,22.20,0.00,1,Coast,447.4791
4095.0,460,46.000,20.123,72.44,22.20,0.00,1,Coast,447.4791
4096.0,460,46.000,20.009,72.03,22.20,0.00,1,Coast,447.4791
4097.0,460,46.000,19.895,71.62,22.20,0.00,3,Power,447.4791
4098.0,460,46.000,20.214,72.77,22.20,0.00,1,Coast,448.4983
4099.0,460,46.000,20.099,72.36,22.20,0.00,1,Coast,448.4983
4100.0,461,46.100,19.985,71.95,22.20,0.00,1,Coast,448.4983
4101.0,461,46.100,19.856,71.48,22.20,0.00,1,Coast,448.4983
4102.0,461,46.100,19.726,71.01,22.20,0.00,3,Power,448.4983
4103.0,461,46.100,20.032,72.12,22.20,0.00,1,Coast,449.5172
4104.0,461,46.100,19.903,71.65,22.20,0.00,1,Coast,449.5172
4105.0,462,46.200,19.773,71.18,22.20,0.00,1,Coast,449.5172
4106.0,462,46.200,19.630,70.67,22.20,0.00,1,Coast,449.5172
4107.0,462,46.200,19.487,70.15,22.20,0.00,3,Power,449.5172
4108.0,462,46.200,19.785,71.23,22.20,0.00,1,Coast,450.5361
4109.0,462,46.200,19.642,70.71,22.20,0.00,1,Coast,450.5361
4110.0,463,46.300,19.499,70.20,22.20,0.00,3,Power,450.5361
4111.0,463,46.300,19.868,71.52,22.20,0.00,3,Power,451.5568
4112.0,463,46.300,20.228,72.82,22.20,0.00,1,Coast,452.5771
4113.0,463,46.300,20.155,72.56,22.20,0.00,3,Power,452.5771
4114.0,463,46.300,20.509,73.83,22.20,0.00,1,Coast,453.5970
4115.0,464,46.400,20.435,73.57,22.20,0.00,1,Coast,453.5970
4116.0,464,46.400,20.358,73.29,22.20,0.00,1,Coast,453.5970
4117.0,464,46.400,20.281,73.01,22.20,0.00,1,Coast,453.5970
4118.0,464,46.400,20.204,72.73,22.20,0.00,3,Power,453.5970
4119.0,464,46.400,20.553,73.99,22.20,0.00,1,Coast,454.6169
4120.0,465,46.500,20.475,73.71,22.20,0.00,1,Coast,454.6169
4121.0,465,46.500,20.344,73.24,22.20,0.00,1,Coast,454.6169
4122.0,465,46.500,20.212,72.76,22.20,0.00,1,Coast,454.6169
4123.0,465,46.500,20.081,72.29,22.20,0.00,1,Coast,454.6169
4124.0,466,46.600,19.950,71.82,22.20,0.00,3,Power,454.6169
4125.0,466,46.600,20.276,72.99,22.20,0.00,1,Coast,455.6362
4126.0,466,46.600,20.171,72.61,22.20,0.00,1,Coast,455.6362
4127.0,466,46.600,20.066,72.24,22.20,0.00,1,Coast,455.6362
4128.0,466,46.600,19.960,71.86,22.20,0.00,3,Power,455.6362
4129.0,467,46.700,20.286,73.03,22.20,0.00,1,Coast,456.6556
4130.0,467,46.700,20.189,72.68,22.20,0.00,1,Coast,456.6556
4131.0,467,46.700,20.093,72.33,22.20,0.00,3,Power,456.6556
4132.0,467,46.700,20.424,73.53,22.20,0.00,1,Coast,457.6750
4133.0,467,46.700,20.328,73.18,22.20,0.00,1,Coast,457.6750
4134.0,468,46.800,20.231,72.83,22.20,0.00,1,Coast,457.6750
4135.0,468,46.800,20.122,72.44,22.20,0.00,1,Coast,457.6750
4136.0,468,46.800,20.014,72.05,22.20,0.00,1,Coast,457.6750
4137.0,468,46.800,19.905,71.66,22.20,0.00,3,Power,457.6750
4138.0,468,46.800,20.229,72.82,22.20,0.00,1,Coast,458.6944
4139.0,469,46.900,20.120,72.43,22.20,0.00,1,Coast,458.6944
4140.0,469,46.900,19.993,71.98,22.20,0.00,1,Coast,458.6944
4141.0,469,46.900,19.867,71.52,22.20,0.00,3,Power,458.6944
4142.0,469,46.900,20.173,72.62,22.20,0.00,1,Coast,459.7133
4143.0,469,46.900,20.046,72.17,22.20,0.00,1,Coast,459.7133
4144.0,470,47.000,19.919,71.71,22.20,0.00,1,Coast,459.7133
4145.0,470,47.000,19.790,71.24,22.20,0.00,1,Coast,459.7133
4146.0,470,47.000,19.661,70.78,22.20,0.00,1,Coast,459.7133
4147.0,470,47.000,19.532,70.32,22.20,0.00,3,Power,459.7133
4148.0,470,47.000,19.844,71.44,22.20,0.00,1,Coast,460.7324
4149.0,471,47.100,19.715,70.97,22.20,0.00,3,Power,460.7324
4150.0,471,47.100,20.049,72.18,22.20,0.00,1,Coast,461.7521
4151.0,471,47.100,19.947,71.81,22.20,0.00,1,Coast,461.7521
4152.0,471,47.100,19.845,71.44,22.20,0.00,3,Power,461.7521
4153.0,471,47.100,20.177,72.64,22.20,0.00,1,Coast,462.7717
4154.0,472,47.200,20.074,72.27,22.20,0.00,1,Coast,462.7717
4155.0,472,47.200,19.917,71.70,22.20,0.00,1,Coast,462.7717
4156.0,472,47.200,19.760,71.14,22.20,0.00,1,Coast,462.7717
4157.0,472,47.200,19.603,70.57,22.20,0.00,1,Coast,462.7717
4158.0,472,47.200,19.446,70.01,22.20,0.00,1,Coast,462.7717
4159.0,472,47.200,19.290,69.44,22.20,0.00,1,Coast,462.7717
4160.0,473,47.300,19.133,68.88,22.20,0.00,3,Power,462.7717
4161.0,473,47.300,19.529,70.31,22.20,0.00,3,Power,463.7933
4162.0,473,47.300,19.916,71.70,22.20,0.00,3,Power,464.8144
4163.0,473,47.300,20.293,73.05,22.20,0.00,1,Coast,465.8351
4164.0,473,47.300,20.238,72.86,22.20,0.00,1,Coast,465.8351
4165.0,474,47.400,20.183,72.66,22.20,0.00,1,Coast,465.8351
4166.0,474,47.400,20.125,72.45,22.20,0.00,1,Coast,465.8351
4167.0,474,47.400,20.067,72.24,22.20,0.00,1,Coast,465.8351
4168.0,474,47.400,20.010,72.03,22.20,0.00,1,Coast,465.8351
4169.0,474,47.400,19.952,71.83,22.20,0.00,1,Coast,465.8351
4170.0,475,47.500,19.894,71.62,22.20,0.00,3,Power,465.8351
4171.0,475,47.500,20.219,72.79,22.20,0.00,1,Coast,466.8544
4172.0,475,47.500,20.111,72.40,22.20,0.00,1,Coast,466.8544
4173.0,475,47.500,20.003,72.01,22.20,0.00,1,Coast,466.8544
4174.0,475,47.500,19.895,71.62,22.20,0.00,3,Power,466.8544
4175.0,476,47.600,20.220,72.79,22.20,0.00,1,Coast,467.8738
4176.0,476,47.600,20.102,72.37,22.20,0.00,1,Coast,467.8738
4177.0,476,47.600,19.984,71.94,22.20,0.00,1,Coast,467.8738
4178.0,476,47.600,19.866,71.52,22.20,0.00,1,Coast,467.8738
4179.0,476,47.600,19.749,71.10,22.20,0.00,1,Coast,467.8738
4180.0,477,47.700,19.631,70.67,22.20,0.00,1,Coast,467.8738
4181.0,477,47.700,19.503,70.21,22.20,0.00,1,Coast,467.8738
4182.0,477,47.700,19.374,69.75,22.20,0.00,1,Coast,467.8738
4183.0,477,47.700,19.246,69.29,22.20,0.00,1,Coast,467.8738
4184.0,477,47.700,19.118,68.83,22.20,0.00,1,Coast,467.8738
4185.0,478,47.800,18.991,68.37,22.20,0.00,2,Cruise,467.8738
4186.0,478,47.800,19.069,68.65,22.20,0.00,2,Cruise,467.8738
4187.0,478,47.800,19.147,68.93,22.20,0.00,2,Cruise,467.8738
4188.0,478,47.800,19.226,69.21,22.20,0.00,2,Cruise,467.8738
4189.0,478,47.800,19.304,69.49,22.20,0.00,2,Cruise,467.8738
4190.0,479,47.900,19.382,69.78,22.20,0.00,1,Coast,467.8738
4191.0,479,47.900,19.157,68.97,22.20,0.00,1,Coast,467.8738
4192.0,479,47.900,18.932,68.16,22.20,0.00,1,Coast,467.8738
4193.0,479,47.900,18.708,67.35,22.20,0.00,1,Coast,467.8738
4194.0,479,47.900,18.484,66.54,22.20,0.00,1,Coast,467.8738
4195.0,480,48.000,18.260,65.73,22.20,0.00,3,Power,467.8738
4196.0,480,48.000,18.742,67.47,22.20,0.00,3,Power,468.8982
4197.0,480,48.000,19.211,69.16,22.20,0.00,2,Cruise,469.9220
4198.0,480,48.000,19.221,69.20,22.20,0.00,2,Cruise,469.9220
4199.0,480,48.000,19.231,69.23,22.20,0.00,2,Cruise,469.9220
4200.0,481,48.100,19.241,69.27,22.20,0.00,3,Power,469.9220
4201.0,481,48.100,19.697,70.91,22.20,0.00,3,Power,470.9451
4202.0,481,48.100,20.142,72.51,22.20,0.00,2,Cruise,471.9676
4203.0,481,48.100,20.150,72.54,22.20,0.00,2,Cruise,471.9676
4204.0,481,48.100,20.158,72.57,22.20,0.00,2,Cruise,471.9676
4205.0,482,48.200,20.166,72.60,22.20,0.00,1,Coast,471.9676
4206.0,482,48.200,20.091,72.33,22.20,0.00,1,Coast,471.9676
4207.0,482,48.200,20.015,72.05,22.20,0.00,3,Power,471.9676
4208.0,482,48.200,20.369,73.33,22.20,0.00,1,Coast,472.9877
4209.0,482,48.200,20.293,73.06,22.20,0.00,1,Coast,472.9877
4210.0,483,48.300,20.217,72.78,22.20,0.00,1,Coast,472.9877
4211.0,483,48.300,20.145,72.52,22.20,0.00,1,Coast,472.9877
4212.0,483,48.300,20.072,72.26,22.20,0.00,1,Coast,472.9877
4213.0,483,48.300,20.000,72.00,22.20,0.00,1,Coast,472.9877
4214.0,483,48.300,19.927,71.74,22.20,0.00,3,Power,472.9877
4215.0,484,48.400,20.286,73.03,22.20,0.00,1,Coast,474.0079
4216.0,484,48.400,20.159,72.57,22.20,0.00,1,Coast,474.0079
4217.0,484,48.400,20.032,72.12,22.20,0.00,1,Coast,474.0079
4218.0,484,48.400,19.906,71.66,22.20,0.00,1,Coast,474.0079
4219.0,484,48.400,19.779,71.20,22.20,0.00,1,Coast,474.0079
4220.0,485,48.500,19.653,70.75,22.20,0.00,1,Coast,474.0079
4221.0,485,48.500,19.552,70.39,22.20,0.00,1,Coast,474.0079
4222.0,485,48.500,19.452,70.03,22.20,0.00,1,Coast,474.0079
4223.0,485,48.500,19.352,69.67,22.20,0.00,1,Coast,474.0079
4224.0,485,48.500,19.252,69.31,22.20,0.00,1,Coast,474.0079
4225.0,485,48.500,19.152,68.95,22.20,0.00,1,Coast,474.0079
4226.0,486,48.600,19.052,68.59,22.20,0.00,1,Coast,474.0079
4227.0,486,48.600,18.987,68.35,22.20,0.00,1,Coast,474.0079
4228.0,486,48.600,18.922,68.12,22.20,0.00,3,Power,474.0079
4229.0,486,48.600,19.311,69.52,22.20,0.00,1,Coast,475.0294
4230.0,486,48.600,19.246,69.28,22.20,0.00,1,Coast,475.0294
4231.0,487,48.700,19.180,69.05,22.20,0.00,1,Coast,475.0294
4232.0,487,48.700,19.123,68.84,22.20,0.00,1,Coast,475.0294
4233.0,487,48.700,19.065,68.63,22.20,0.00,1,Coast,475.0294
4234.0,487,48.700,19.007,68.43,22.20,0.00,1,Coast,475.0294
4235.0,487,48.700,18.950,68.22,22.20,0.00,1,Coast,475.0294
4236.0,488,48.800,18.892,68.01,22.20,0.00,2,Cruise,475.0294
4237.0,488,48.800,18.892,68.01,22.20,0.00,2,Cruise,475.0423
4238.0,488,48.800,18.892,68.01,22.20,0.00,2,Cruise,475.0552
4239.0,488,48.800,18.892,68.01,22.20,0.00,2,Cruise,475.0680
4240.0,488,48.800,18.892,68.01,22.20,0.00,2,Cruise,475.0809
4241.0,489,48.900,18.892,68.01,22.20,0.00,2,Cruise,475.0938
4242.0,489,48.900,18.892,68.01,22.20,0.00,2,Cruise,475.2439
4243.0,489,48.900,18.892,68.01,22.20,0.00,2,Cruise,475.3941
4244.0,489,48.900,18.892,68.01,22.20,0.00,2,Cruise,475.5443
4245.0,489,48.900,18.892,68.01,22.20,0.00,2,Cruise,475.6945
4246.0,489,48.900,18.892,68.01,22.20,0.00,2,Cruise,475.8447
4247.0,490,49.000,18.892,68.01,22.20,0.00,2,Cruise,475.9949
4248.0,490,49.000,18.892,68.01,22.20,0.00,2,Cruise,476.1448
4249.0,490,49.000,18.892,68.01,22.20,0.00,2,Cruise,476.2948
4250.0,490,49.000,18.892,68.01,22.20,0.00,2,Cruise,476.4448
4251.0,490,49.000,18.892,68.01,22.20,0.00,2,Cruise,476.5948
4252.0,491,49.100,18.892,68.01,22.20,0.00,2,Cruise,476.7448
4253.0,491,49.100,18.925,68.13,22.20,0.00,2,Cruise,476.7448
4254.0,491,49.100,18.958,68.25,22.20,0.00,2,Cruise,476.7448
4255.0,491,49.100,18.991,68.37,22.20,0.00,2,Cruise,476.7448
4256.0,491,49.100,19.024,68.49,22.20,0.00,2,Cruise,476.7448
4257.0,492,49.200,19.057,68.60,22.20,0.00,2,Cruise,476.7448
4258.0,492,49.200,19.057,68.60,22.20,0.00,2,Cruise,476.7631
4259.0,492,49.200,19.057,68.60,22.20,0.00,2,Cruise,476.7815
4260.0,492,49.200,19.057,68.60,22.20,0.00,2,Cruise,476.7999
4261.0,492,49.200,19.057,68.60,22.20,0.00,2,Cruise,476.8183
4262.0,493,49.300,19.057,68.60,22.20,0.00,2,Cruise,476.8366
4263.0,493,49.300,19.057,68.60,22.20,0.00,2,Cruise,477.0227
4264.0,493,49.300,19.057,68.60,22.20,0.00,2,Cruise,477.2088
4265.0,493,49.300,19.057,68.60,22.20,0.00,2,Cruise,477.3949
4266.0,493,49.300,19.057,68.60,22.20,0.00,2,Cruise,477.5810
4267.0,493,49.300,19.057,68.60,22.20,0.00,2,Cruise,477.7671
4268.0,494,49.400,19.057,68.60,22.20,0.00,2,Cruise,477.9532
4269.0,494,49.400,19.057,68.60,22.20,0.00,2,Cruise,478.0447
4270.0,494,49.400,19.057,68.60,22.20,0.00,2,Cruise,478.1362
4271.0,494,49.400,19.057,68.60,22.20,0.00,2,Cruise,478.2277
4272.0,494,49.400,19.057,68.60,22.20,0.00,2,Cruise,478.3191
4273.0,495,49.500,19.057,68.60,22.20,0.00,2,Cruise,478.4106
4274.0,495,49.500,19.057,68.60,22.20,0.00,2,Cruise,478.4468
4275.0,495,49.500,19.057,68.60,22.20,0.00,2,Cruise,478.4830
4276.0,495,49.500,19.057,68.60,22.20,0.00,2,Cruise,478.5192
4277.0,495,49.500,19.057,68.60,22.20,0.00,2,Cruise,478.5554
4278.0,496,49.600,19.057,68.60,22.20,0.00,2,Cruise,478.5916
4279.0,496,49.600,19.057,68.60,22.20,0.00,2,Cruise,478.6510
4280.0,496,49.600,19.057,68.60,22.20,0.00,2,Cruise,478.7104
4281.0,496,49.600,19.057,68.60,22.20,0.00,2,Cruise,478.7699
4282.0,496,49.600,19.057,68.60,22.20,0.00,2,Cruise,478.8293
4283.0,497,49.700,19.057,68.60,22.20,0.00,2,Cruise,478.8887
4284.0,497,49.700,19.092,68.73,22.20,0.00,2,Cruise,478.8887
4285.0,497,49.700,19.127,68.86,22.20,0.00,2,Cruise,478.8887
4286.0,497,49.700,19.162,68.98,22.20,0.00,2,Cruise,478.8887
4287.0,497,49.700,19.197,69.11,22.20,0.00,2,Cruise,478.8887
4288.0,497,49.700,19.232,69.23,22.20,0.00,2,Cruise,478.8887
4289.0,498,49.800,19.266,69.36,22.20,0.00,2,Cruise,478.8887
4290.0,498,49.800,19.269,69.37,22.20,0.00,2,Cruise,478.8887
4291.0,498,49.800,19.272,69.38,22.20,0.00,2,Cruise,478.8887
4292.0,498,49.800,19.275,69.39,22.20,0.00,2,Cruise,478.8887
4293.0,498,49.800,19.278,69.40,22.20,0.00,2,Cruise,478.8887
4294.0,499,49.900,19.281,69.41,22.20,0.00,1,Coast,478.8887
4295.0,499,49.900,19.232,69.23,22.20,0.00,2,Cruise,478.8887
4296.0,499,49.900,19.232,69.23,22.20,0.00,2,Cruise,479.0005
4297.0,499,49.900,19.232,69.23,22.20,0.00,2,Cruise,479.1124
4298.0,499,49.900,19.232,69.23,22.20,0.00,2,Cruise,479.2243
4299.0,500,50.000,19.232,69.23,22.20,0.00,1,Coast,479.3361
4300.0,500,50.000,19.163,68.99,22.20,0.00,1,Coast,479.3361
4301.0,500,50.000,19.094,68.74,22.20,0.00,1,Coast,479.3361
4302.0,500,50.000,19.026,68.49,22.20,0.00,2,Cruise,479.3361
4303.0,500,50.000,19.026,68.49,22.20,0.00,2,Cruise,479.4893
4304.0,501,50.100,19.026,68.49,22.20,0.00,1,Coast,479.6424
4305.0,501,50.100,18.980,68.33,22.20,0.00,1,Coast,479.6424
4306.0,501,50.100,18.934,68.16,22.20,0.00,1,Coast,479.6424
4307.0,501,50.100,18.888,68.00,22.20,0.00,1,Coast,479.6424
4308.0,501,50.100,18.842,67.83,22.20,0.00,1,Coast,479.6424
4309.0,501,50.100,18.796,67.67,22.20,0.00,2,Cruise,479.6424
4310.0,502,50.200,18.796,67.67,22.20,0.00,1,Coast,479.7435
4311.0,502,50.200,18.736,67.45,22.20,0.00,1,Coast,479.7435
4312.0,502,50.200,18.676,67.23,22.20,0.00,1,Coast,479.7435
4313.0,502,50.200,18.615,67.02,22.20,0.00,1,Coast,479.7435
4314.0,502,50.200,18.555,66.80,22.20,0.00,1,Coast,479.7435
4315.0,503,50.300,18.495,66.58,22.20,0.00,1,Coast,479.7435
4316.0,503,50.300,18.464,66.47,22.20,0.00,1,Coast,479.7435
4317.0,503,50.300,18.433,66.36,22.20,0.00,1,Coast,479.7435
4318.0,503,50.300,18.402,66.25,22.20,0.00,1,Coast,479.7435
4319.0,503,50.300,18.371,66.14,22.20,0.00,1,Coast,479.7435
4320.0,504,50.400,18.340,66.03,22.20,0.00,1,Coast,479.7435
4321.0,504,50.400,18.227,65.62,22.20,0.00,1,Coast,479.7435
4322.0,504,50.400,18.114,65.21,22.20,0.00,1,Coast,479.7435
4323.0,504,50.400,18.001,64.80,22.20,0.00,1,Coast,479.7435
4324.0,504,50.400,17.888,64.40,22.20,0.00,1,Coast,479.7435
4325.0,504,50.400,17.775,63.99,22.20,0.00,1,Coast,479.7435
4326.0,505,50.500,17.662,63.58,22.20,0.00,1,Coast,479.7435
4327.0,505,50.500,17.586,63.31,22.20,0.00,1,Coast,479.7435
4328.0,505,50.500,17.511,63.04,22.20,0.00,1,Coast,479.7435
4329.0,505,50.500,17.435,62.77,22.20,0.00,1,Coast,479.7435
4330.0,505,50.500,17.359,62.49,22.20,0.00,1,Coast,479.7435
4331.0,505,50.500,17.284,62.22,22.20,0.00,1,Coast,479.7435
4332.0,506,50.600,17.208,61.95,22.20,0.00,1,Coast,479.7435
4333.0,506,50.600,17.124,61.64,22.20,0.00,1,Coast,479.7435
4334.0,506,50.600,17.039,61.34,22.20,0.00,1,Coast,479.7435
4335.0,506,50.600,16.954,61.04,22.20,0.00,1,Coast,479.7435
4336.0,506,50.600,16.870,60.73,22.20,0.00,1,Coast,479.7435
4337.0,506,50.600,16.785,60.43,22.20,0.00,1,Coast,479.7435
4338.0,507,50.700,16.701,60.12,1.00,0.00,1,Coast,479.7435
4339.0,507,50.700,16.630,59.87,1.00,0.00,1,Coast,479.7435
4340.0,507,50.700,16.560,59.61,1.00,0.00,1,Coast,479.7435
4341.0,507,50.700,16.489,59.36,1.00,0.00,1,Coast,479.7435
4342.0,507,50.700,16.419,59.11,1.00,0.00,1,Coast,479.7435
4343.0,507,50.700,16.348,58.85,1.00,0.00,1,Coast,479.7435
4344.0,508,50.800,16.278,58.60,22.20,0.00,3,Power,479.7435
4345.0,508,50.800,16.722,60.20,22.20,0.00,3,Power,480.7684
4346.0,508,50.800,17.150,61.74,22.20,0.00,3,Power,481.7925
4347.0,508,50.800,17.566,63.24,22.20,0.00,3,Power,482.8158
4348.0,508,50.800,17.969,64.69,22.20,0.00,3,Power,483.8385
4349.0,509,50.900,18.360,66.10,22.20,0.00,3,Power,484.8607
4350.0,509,50.900,18.770,67.57,22.20,0.00,3,Power,485.8831
4351.0,509,50.900,19.170,69.01,22.20,0.00,3,Power,486.9049
4352.0,509,50.900,19.559,70.41,22.20,0.00,3,Power,487.9263
4353.0,509,50.900,19.939,71.78,22.20,0.00,3,Power,488.9472
4354.0,509,50.900,20.310,73.12,22.20,0.00,2,Cruise,489.9678
4355.0,510,51.000,20.310,73.12,22.20,0.00,2,Cruise,490.1128
4356.0,510,51.000,20.310,73.12,22.20,0.00,2,Cruise,490.3560
4357.0,510,51.000,20.310,73.12,22.20,0.00,2,Cruise,490.5992
4358.0,510,51.000,20.310,73.12,22.20,0.00,2,Cruise,490.8424
4359.0,511,51.100,20.310,73.12,22.20,0.00,2,Cruise,491.0856
4360.0,511,51.100,20.310,73.12,22.20,0.00,2,Cruise,491.3700
4361.0,511,51.100,20.310,73.12,22.20,0.00,2,Cruise,491.6544
4362.0,511,51.100,20.310,73.12,22.20,0.00,2,Cruise,491.9389
4363.0,511,51.100,20.310,73.12,22.20,0.00,2,Cruise,492.2233
4364.0,512,51.200,20.310,73.12,22.20,0.00,3,Power,492.5077
4365.0,512,51.200,20.707,74.55,22.20,0.00,1,Coast,493.5287
4366.0,512,51.200,20.680,74.45,22.20,0.00,1,Coast,493.5287
4367.0,512,51.200,20.654,74.35,22.20,0.00,1,Coast,493.5287
4368.0,512,51.200,20.627,74.26,22.20,0.00,1,Coast,493.5287
4369.0,513,51.300,20.601,74.16,22.20,0.00,2,Cruise,493.5287
4370.0,513,51.300,20.601,74.16,22.20,0.00,2,Cruise,493.7505
4371.0,513,51.300,20.601,74.16,22.20,0.00,2,Cruise,493.9722
4372.0,513,51.300,20.601,74.16,22.20,0.00,2,Cruise,494.1940
4373.0,513,51.300,20.601,74.16,22.20,0.00,2,Cruise,494.4157
4374.0,514,51.400,20.601,74.16,22.20,0.00,1,Coast,494.6375
4375.0,514,51.400,20.431,73.55,22.20,0.00,1,Coast,494.6375
4376.0,514,51.400,20.261,72.94,22.20,0.00,1,Coast,494.6375
4377.0,514,51.400,20.092,72.33,22.20,0.00,1,Coast,494.6375
4378.0,514,51.400,19.922,71.72,22.20,0.00,1,Coast,494.6375
4379.0,515,51.500,19.754,71.11,22.20,0.00,1,Coast,494.6375
4380.0,515,51.500,19.661,70.78,22.20,0.00,3,Power,494.6375
4381.0,515,51.500,20.006,72.02,22.20,0.00,1,Coast,495.6575
4382.0,515,51.500,19.913,71.69,22.20,0.00,1,Coast,495.6575
4383.0,515,51.500,19.821,71.35,22.20,0.00,1,Coast,495.6575
4384.0,516,51.600,19.728,71.02,22.20,0.00,1,Coast,495.6575
4385.0,516,51.600,19.658,70.77,22.20,0.00,1,Coast,495.6575
4386.0,516,51.600,19.589,70.52,22.20,0.00,1,Coast,495.6575
4387.0,516,51.600,19.519,70.27,22.20,0.00,3,Power,495.6575
4388.0,516,51.600,19.890,71.60,22.20,0.00,1,Coast,496.6782
4389.0,517,51.700,19.819,71.35,22.20,0.00,1,Coast,496.6782
4390.0,517,51.700,19.764,71.15,22.20,0.00,1,Coast,496.6782
4391.0,517,51.700,19.708,70.95,22.20,0.00,1,Coast,496.6782
4392.0,517,51.700,19.653,70.75,22.20,0.00,3,Power,496.6782
4393.0,517,51.700,20.035,72.13,22.20,0.00,1,Coast,497.6991
4394.0,518,51.800,19.979,71.92,22.20,0.00,3,Power,497.6991
4395.0,518,51.800,20.384,73.38,22.20,0.00,1,Coast,498.7205
4396.0,518,51.800,20.358,73.29,22.20,0.00,1,Coast,498.7205
4397.0,518,51.800,20.333,73.20,22.20,0.00,1,Coast,498.7205
4398.0,518,51.800,20.307,73.11,22.20,0.00,1,Coast,498.7205
4399.0,519,51.900,20.281,73.01,22.20,0.00,1,Coast,498.7205
4400.0,519,51.900,20.210,72.76,22.20,0.00,1,Coast,498.7205
4401.0,519,51.900,20.139,72.50,22.20,0.00,1,Coast,498.7205
4402.0,519,51.900,20.068,72.24,22.20,0.00,1,Coast,498.7205
4403.0,519,51.900,19.997,71.99,22.20,0.00,1,Coast,498.7205
4404.0,520,52.000,19.926,71.73,22.20,0.00,3,Power,498.7205
4405.0,520,52.000,20.322,73.16,22.20,0.00,1,Coast,499.7416
4406.0,520,52.000,20.286,73.03,22.20,0.00,1,Coast,499.7416
4407.0,520,52.000,20.250,72.90,22.20,0.00,1,Coast,499.7416
4408.0,520,52.000,20.215,72.77,22.20,0.00,1,Coast,499.7416
4409.0,521,52.100,20.179,72.64,22.20,0.00,3,Power,499.7416
4410.0,521,52.100,20.533,73.92,22.20,0.00,1,Coast,500.7616
4411.0,521,52.100,20.460,73.66,22.20,0.00,1,Coast,500.7616
4412.0,521,52.100,20.387,73.39,22.20,0.00,1,Coast,500.7616
4413.0,521,52.100,20.315,73.13,22.20,0.00,1,Coast,500.7616
4414.0,522,52.200,20.242,72.87,22.20,0.00,1,Coast,500.7616
4415.0,522,52.200,20.133,72.48,22.20,0.00,1,Coast,500.7616
4416.0,522,52.200,20.025,72.09,22.20,0.00,1,Coast,500.7616
4417.0,522,52.200,19.916,71.70,22.20,0.00,1,Coast,500.7616
4418.0,522,52.200,19.808,71.31,22.20,0.00,1,Coast,500.7616
4419.0,523,52.300,19.699,70.92,22.20,0.00,3,Power,500.7616
4420.0,523,52.300,20.104,72.38,22.20,0.00,1,Coast,501.7831
4421.0,523,52.300,20.073,72.26,22.20,0.00,1,Coast,501.7831
4422.0,523,52.300,20.041,72.15,22.20,0.00,1,Coast,501.7831
4423.0,523,52.300,20.010,72.03,22.20,0.00,3,Power,501.7831
4424.0,524,52.400,20.408,73.47,22.20,0.00,1,Coast,502.8043
4425.0,524,52.400,20.322,73.16,22.20,0.00,1,Coast,502.8043
4426.0,524,52.400,20.237,72.85,22.20,0.00,1,Coast,502.8043
4427.0,524,52.400,20.151,72.54,22.20,0.00,3,Power,502.8043
4428.0,524,52.400,20.493,73.77,22.20,0.00,1,Coast,503.8240
4429.0,525,52.500,20.407,73.46,22.20,0.00,1,Coast,503.8240
4430.0,525,52.500,20.325,73.17,22.20,0.00,1,Coast,503.8240
4431.0,525,52.500,20.243,72.87,22.20,0.00,1,Coast,503.8240
4432.0,525,52.500,20.161,72.58,22.20,0.00,1,Coast,503.8240
4433.0,525,52.500,20.080,72.29,22.20,0.00,3,Power,503.8240
4434.0,526,52.600,20.426,73.53,22.20,0.00,1,Coast,504.8438
4435.0,526,52.600,20.367,73.32,22.20,0.00,1,Coast,504.8438
4436.0,526,52.600,20.307,73.11,22.20,0.00,1,Coast,504.8438
4437.0,526,52.600,20.248,72.89,22.20,0.00,3,Power,504.8438
4438.0,526,52.600,20.613,74.21,22.20,0.00,1,Coast,505.8640
4439.0,527,52.700,20.553,73.99,22.20,0.00,1,Coast,505.8640
4440.0,527,52.700,20.489,73.76,22.20,0.00,1,Coast,505.8640
4441.0,527,52.700,20.425,73.53,22.20,0.00,1,Coast,505.8640
4442.0,527,52.700,20.361,73.30,22.20,0.00,1,Coast,505.8640
4443.0,527,52.700,20.297,73.07,22.20,0.00,3,Power,505.8640
4444.0,528,52.800,20.657,74.36,22.20,0.00,1,Coast,506.8841
4445.0,528,52.800,20.532,73.92,22.20,0.00,1,Coast,506.8841
4446.0,528,52.800,20.408,73.47,22.20,0.00,1,Coast,506.8841
4447.0,528,52.800,20.283,73.02,22.20,0.00,1,Coast,506.8841
4448.0,528,52.800,20.159,72.57,22.20,0.00,1,Coast,506.8841
4449.0,529,52.900,20.036,72.13,22.20,0.00,3,Power,506.8841
4450.0,529,52.900,20.406,73.46,22.20,0.00,1,Coast,507.9045
4451.0,529,52.900,20.347,73.25,22.20,0.00,1,Coast,507.9045
4452.0,529,52.900,20.288,73.04,22.20,0.00,1,Coast,507.9045
4453.0,530,53.000,20.229,72.82,22.20,0.00,3,Power,507.9045
4454.0,530,53.000,20.580,74.09,22.20,0.00,1,Coast,508.9245
4455.0,530,53.000,20.507,73.82,22.20,0.00,1,Coast,508.9245
4456.0,530,53.000,20.433,73.56,22.20,0.00,1,Coast,508.9245
4457.0,530,53.000,20.360,73.30,22.20,0.00,1,Coast,508.9245
4458.0,531,53.100,20.287,73.03,22.20,0.00,1,Coast,508.9245
4459.0,531,53.100,20.190,72.68,22.20,0.00,1,Coast,508.9245
4460.0,531,53.100,20.093,72.34,22.20,0.00,1,Coast,508.9245
4461.0,531,53.100,19.997,71.99,22.20,0.00,1,Coast,508.9245
4462.0,531,53.100,19.900,71.64,22.20,0.00,1,Coast,508.9245
4463.0,532,53.200,19.804,71.29,22.20,0.00,3,Power,508.9245
4464.0,532,53.200,20.165,72.59,22.20,0.00,1,Coast,509.9448
4465.0,532,53.200,20.092,72.33,22.20,0.00,1,Coast,509.9448
4466.0,532,53.200,20.018,72.07,22.20,0.00,1,Coast,509.9448
4467.0,532,53.200,19.945,71.80,22.20,0.00,1,Coast,509.9448
4468.0,533,53.300,19.872,71.54,22.20,0.00,3,Power,509.9448
4469.0,533,53.300,20.226,72.81,22.20,0.00,1,Coast,510.9649
4470.0,533,53.300,20.147,72.53,22.20,0.00,1,Coast,510.9649
4471.0,533,53.300,20.068,72.25,22.20,0.00,3,Power,510.9649
4472.0,533,53.300,20.418,73.50,22.20,0.00,1,Coast,511.9848
4473.0,534,53.400,20.339,73.22,22.20,0.00,1,Coast,511.9848
4474.0,534,53.400,20.216,72.78,22.20,0.00,1,Coast,511.9848
4475.0,534,53.400,20.093,72.34,22.20,0.00,1,Coast,511.9848
4476.0,534,53.400,19.971,71.90,22.20,0.00,1,Coast,511.9848
4477.0,534,53.400,19.849,71.46,22.20,0.00,1,Coast,511.9848
4478.0,535,53.500,19.727,71.02,22.20,0.00,1,Coast,511.9848
4479.0,535,53.500,19.703,70.93,22.20,0.00,1,Coast,511.9848
4480.0,535,53.500,19.678,70.84,22.20,0.00,1,Coast,511.9848
4481.0,535,53.500,19.654,70.76,22.20,0.00,1,Coast,511.9848
4482.0,535,53.500,19.630,70.67,22.20,0.00,1,Coast,511.9848
4483.0,536,53.600,19.606,70.58,22.20,0.00,1,Coast,511.9848
4484.0,536,53.600,19.544,70.36,22.20,0.00,1,Coast,511.9848
4485.0,536,53.600,19.482,70.13,22.20,0.00,1,Coast,511.9848
4486.0,536,53.600,19.420,69.91,22.20,0.00,3,Power,511.9848
4487.0,536,53.600,19.801,71.28,22.20,0.00,1,Coast,513.0058
4488.0,537,53.700,19.738,71.06,22.20,0.00,1,Coast,513.0058
4489.0,537,53.700,19.607,70.59,22.20,0.00,1,Coast,513.0058
4490.0,537,53.700,19.477,70.12,22.20,0.00,1,Coast,513.0058
4491.0,537,53.700,19.346,69.65,22.20,0.00,1,Coast,513.0058
4492.0,537,53.700,19.216,69.18,22.20,0.00,1,Coast,513.0058
4493.0,537,53.700,19.086,68.71,22.20,0.00,1,Coast,513.0058
4494.0,538,53.800,18.956,68.24,22.20,0.00,3,Power,513.0058
4495.0,538,53.800,19.401,69.84,22.20,0.00,3,Power,514.0288
4496.0,538,53.800,19.834,71.40,22.20,0.00,1,Coast,515.0512
4497.0,538,53.800,19.824,71.37,22.20,0.00,1,Coast,515.0512
4498.0,538,53.800,19.814,71.33,22.20,0.00,1,Coast,515.0512
4499.0,539,53.900,19.804,71.30,22.20,0.00,3,Power,515.0512
4500.0,539,53.900,20.232,72.83,22.20,0.00,1,Coast,516.0732
4501.0,539,53.900,20.225,72.81,22.20,0.00,1,Coast,516.0732
4502.0,539,53.900,20.218,72.79,22.20,0.00,1,Coast,516.0732
4503.0,539,53.900,20.211,72.76,22.20,0.00,1,Coast,516.0732
4504.0,540,54.000,20.204,72.74,22.20,0.00,1,Coast,516.0732
4505.0,540,54.000,20.113,72.41,22.20,0.00,1,Coast,516.0732
4506.0,540,54.000,20.022,72.08,22.20,0.00,1,Coast,516.0732
4507.0,540,54.000,19.932,71.75,22.20,0.00,1,Coast,516.0732
4508.0,540,54.000,19.841,71.43,22.20,0.00,1,Coast,516.0732
4509.0,541,54.100,19.751,71.10,22.20,0.00,3,Power,516.0732
4510.0,541,54.100,20.094,72.34,22.20,0.00,1,Coast,517.0932
4511.0,541,54.100,20.002,72.01,22.20,0.00,1,Coast,517.0932
4512.0,541,54.100,19.911,71.68,22.20,0.00,1,Coast,517.0932
4513.0,541,54.100,19.819,71.35,22.20,0.00,1,Coast,517.0932
4514.0,542,54.200,19.727,71.02,22.20,0.00,3,Power,517.0932
4515.0,542,54.200,20.102,72.37,22.20,0.00,1,Coast,518.1139
4516.0,542,54.200,20.039,72.14,22.20,0.00,3,Power,518.1139
4517.0,542,54.200,20.406,73.46,22.20,0.00,1,Coast,519.1342
4518.0,542,54.200,20.344,73.24,22.20,0.00,1,Coast,519.1342
4519.0,543,54.300,20.281,73.01,22.20,0.00,1,Coast,519.1342
4520.0,543,54.300,20.165,72.60,22.20,0.00,1,Coast,519.1342
4521.0,543,54.300,20.050,72.18,22.20,0.00,1,Coast,519.1342
4522.0,543,54.300,19.934,71.76,22.20,0.00,1,Coast,519.1342
4523.0,543,54.300,19.819,71.35,22.20,0.00,1,Coast,519.1342
4524.0,544,54.400,19.704,70.93,22.20,0.00,3,Power,519.1342
4525.0,544,54.400,20.110,72.40,22.20,0.00,3,Power,520.1558
4526.0,544,54.400,20.507,73.82,22.20,0.00,1,Coast,521.1768
4527.0,544,54.400,20.475,73.71,22.20,0.00,1,Coast,521.1768
4528.0,544,54.400,20.444,73.60,22.20,0.00,1,Coast,521.1768
4529.0,545,54.500,20.413,73.49,22.20,0.00,1,Coast,521.1768
4530.0,545,54.500,20.281,73.01,22.20,0.00,1,Coast,521.1768
4531.0,545,54.500,20.149,72.54,22.20,0.00,1,Coast,521.1768
4532.0,545,54.500,20.018,72.06,22.20,0.00,1,Coast,521.1768
4533.0,545,54.500,19.886,71.59,22.20,0.00,1,Coast,521.1768
4534.0,546,54.600,19.755,71.12,22.20,0.00,1,Coast,521.1768
4535.0,546,54.600,19.688,70.88,22.20,0.00,1,Coast,521.1768
4536.0,546,54.600,19.620,70.63,22.20,0.00,1,Coast,521.1768
4537.0,546,54.600,19.553,70.39,22.20,0.00,1,Coast,521.1768
4538.0,546,54.600,19.486,70.15,22.20,0.00,3,Power,521.1768
4539.0,547,54.700,19.860,71.50,22.20,0.00,1,Coast,522.1976
4540.0,547,54.700,19.759,71.13,22.20,0.00,1,Coast,522.1976
4541.0,547,54.700,19.658,70.77,22.20,0.00,1,Coast,522.1976
4542.0,547,54.700,19.557,70.41,22.20,0.00,1,Coast,522.1976
4543.0,547,54.700,19.456,70.04,22.20,0.00,1,Coast,522.1976
4544.0,548,54.800,19.356,69.68,22.20,0.00,1,Coast,522.1976
4545.0,548,54.800,19.271,69.37,22.20,0.00,1,Coast,522.1976
4546.0,548,54.800,19.186,69.07,22.20,0.00,1,Coast,522.1976
4547.0,548,54.800,19.101,68.76,22.20,0.00,1,Coast,522.1976
4548.0,548,54.800,19.016,68.46,22.20,0.00,1,Coast,522.1976
4549.0,549,54.900,18.931,68.15,22.20,0.00,3,Power,522.1976
4550.0,549,54.900,19.369,69.73,22.20,0.00,3,Power,523.2205
4551.0,549,54.900,19.796,71.27,22.20,0.00,3,Power,524.2427
4552.0,549,54.900,20.213,72.77,22.20,0.00,1,Coast,525.2645
4553.0,549,54.900,20.195,72.70,22.20,0.00,1,Coast,525.2645
4554.0,550,55.000,20.177,72.64,22.20,0.00,1,Coast,525.2645
4555.0,550,55.000,20.103,72.37,22.20,0.00,1,Coast,525.2645
4556.0,550,55.000,20.029,72.10,22.20,0.00,1,Coast,525.2645
4557.0,550,55.000,19.955,71.84,22.20,0.00,1,Coast,525.2645
4558.0,550,55.000,19.881,71.57,22.20,0.00,1,Coast,525.2645
4559.0,551,55.100,19.807,71.31,22.20,0.00,1,Coast,525.2645
4560.0,551,55.100,19.688,70.88,22.20,0.00,1,Coast,525.2645
4561.0,551,55.100,19.570,70.45,22.20,0.00,1,Coast,525.2645
4562.0,551,55.100,19.452,70.03,22.20,0.00,1,Coast,525.2645
4563.0,551,55.100,19.334,69.60,22.20,0.00,1,Coast,525.2645
4564.0,552,55.200,19.216,69.18,22.20,0.00,2,Cruise,525.2645
4565.0,552,55.200,19.216,69.18,22.20,0.00,2,Cruise,525.3439
4566.0,552,55.200,19.216,69.18,22.20,0.00,2,Cruise,525.4233
4567.0,552,55.200,19.216,69.18,22.20,0.00,2,Cruise,525.5027
4568.0,552,55.200,19.216,69.18,22.20,0.00,2,Cruise,525.5821
4569.0,553,55.300,19.216,69.18,22.20,0.00,1,Coast,525.6615
4570.0,553,55.300,19.083,68.70,22.20,0.00,1,Coast,525.6615
4571.0,553,55.300,18.951,68.22,22.20,0.00,1,Coast,525.6615
4572.0,553,55.300,18.819,67.75,22.20,0.00,1,Coast,525.6615
4573.0,553,55.300,18.687,67.27,22.20,0.00,1,Coast,525.6615
4574.0,553,55.300,18.555,66.80,22.20,0.00,1,Coast,525.6615
4575.0,554,55.400,18.423,66.32,22.20,0.00,2,Cruise,525.6615
4576.0,554,55.400,18.431,66.35,22.20,0.00,2,Cruise,525.6615
4577.0,554,55.400,18.438,66.38,22.20,0.00,2,Cruise,525.6615
4578.0,554,55.400,18.446,66.40,22.20,0.00,2,Cruise,525.6615
4579.0,554,55.400,18.453,66.43,22.20,0.00,2,Cruise,525.6615
4580.0,555,55.500,18.461,66.46,22.20,0.00,2,Cruise,525.6615
4581.0,555,55.500,18.532,66.72,22.20,0.00,2,Cruise,525.6615
4582.0,555,55.500,18.604,66.97,22.20,0.00,2,Cruise,525.6615
4583.0,555,55.500,18.675,67.23,22.20,0.00,2,Cruise,525.6615
4584.0,555,55.500,18.746,67.49,22.20,0.00,2,Cruise,525.6615
4585.0,556,55.600,18.817,67.74,22.20,0.00,2,Cruise,525.6615
4586.0,556,55.600,18.951,68.22,22.20,0.00,2,Cruise,525.6615
4587.0,556,55.600,19.084,68.70,22.20,0.00,2,Cruise,525.6615
4588.0,556,55.600,19.217,69.18,22.20,0.00,2,Cruise,525.6615
4589.0,556,55.600,19.350,69.66,22.20,0.00,2,Cruise,525.6615
4590.0,556,55.600,19.483,70.14,22.20,0.00,2,Cruise,525.6615
4591.0,557,55.700,19.616,70.62,22.20,0.00,2,Cruise,525.6615
4592.0,557,55.700,19.616,70.62,22.20,0.00,2,Cruise,525.6724
4593.0,557,55.700,19.616,70.62,22.20,0.00,2,Cruise,525.6833
4594.0,557,55.700,19.616,70.62,22.20,0.00,2,Cruise,525.6942
4595.0,557,55.700,19.616,70.62,22.20,0.00,2,Cruise,525.7051
4596.0,558,55.800,19.616,70.62,22.20,0.00,2,Cruise,525.7160
4597.0,558,55.800,19.617,70.62,22.20,0.00,2,Cruise,525.7160
4598.0,558,55.800,19.619,70.63,22.20,0.00,2,Cruise,525.7160
4599.0,558,55.800,19.620,70.63,22.20,0.00,2,Cruise,525.7160
4600.0,558,55.800,19.621,70.64,22.20,0.00,2,Cruise,525.7160
4601.0,559,55.900,19.623,70.64,22.20,0.00,1,Coast,525.7160
4602.0,559,55.900,19.595,70.54,22.20,0.00,1,Coast,525.7160
4603.0,559,55.900,19.568,70.45,22.20,0.00,1,Coast,525.7160
4604.0,559,55.900,19.542,70.35,22.20,0.00,1,Coast,525.7160
4605.0,559,55.900,19.515,70.25,22.20,0.00,1,Coast,525.7160
4606.0,560,56.000,19.488,70.16,22.20,0.00,2,Cruise,525.7160
4607.0,560,56.000,19.583,70.50,22.20,0.00,2,Cruise,525.7160
4608.0,560,56.000,19.678,70.84,22.20,0.00,2,Cruise,525.7160
4609.0,560,56.000,19.773,71.18,22.20,0.00,2,Cruise,525.7160
4610.0,560,56.000,19.868,71.52,22.20,0.00,2,Cruise,525.7160
4611.0,561,56.100,19.962,71.86,22.20,0.00,1,Coast,525.7160
4612.0,561,56.100,19.897,71.63,22.20,0.00,1,Coast,525.7160
4613.0,561,56.100,19.831,71.39,22.20,0.00,1,Coast,525.7160
4614.0,561,56.100,19.766,71.16,22.20,0.00,1,Coast,525.7160
4615.0,561,56.100,19.701,70.92,22.20,0.00,1,Coast,525.7160
4616.0,562,56.200,19.635,70.69,22.20,0.00,1,Coast,525.7160
4617.0,562,56.200,19.599,70.56,22.20,0.00,1,Coast,525.7160
4618.0,562,56.200,19.563,70.43,22.20,0.00,1,Coast,525.7160
4619.0,562,56.200,19.527,70.30,22.20,0.00,1,Coast,525.7160
4620.0,562,56.200,19.491,70.17,22.20,0.00,1,Coast,525.7160
4621.0,563,56.300,19.455,70.04,22.20,0.00,1,Coast,525.7160
4622.0,563,56.300,19.437,69.97,22.20,0.00,1,Coast,525.7160
4623.0,563,56.300,19.420,69.91,22.20,0.00,1,Coast,525.7160
4624.0,563,56.300,19.403,69.85,22.20,0.00,1,Coast,525.7160
4625.0,563,56.300,19.385,69.79,22.20,0.00,1,Coast,525.7160
4626.0,564,56.400,19.368,69.72,22.20,0.00,2,Cruise,525.7160
4627.0,564,56.400,19.394,69.82,22.20,0.00,2,Cruise,525.7160
4628.0,564,56.400,19.421,69.92,22.20,0.00,2,Cruise,525.7160
4629.0,564,56.400,19.447,70.01,22.20,0.00,2,Cruise,525.7160
4630.0,564,56.400,19.474,70.11,22.20,0.00,2,Cruise,525.7160
4631.0,565,56.500,19.500,70.20,22.20,0.00,2,Cruise,525.7160
4632.0,565,56.500,19.555,70.40,22.20,0.00,2,Cruise,525.7160
4633.0,565,56.500,19.609,70.59,22.20,0.00,2,Cruise,525.7160
4634.0,565,56.500,19.663,70.79,22.20,0.00,2,Cruise,525.7160
4635.0,565,56.500,19.718,70.98,22.20,0.00,2,Cruise,525.7160
4636.0,565,56.500,19.772,71.18,22.20,0.00,2,Cruise,525.7160
4637.0,566,56.600,19.826,71.37,22.20,0.00,1,Coast,525.7160
4638.0,566,56.600,19.701,70.92,22.20,0.00,1,Coast,525.7160
4639.0,566,56.600,19.577,70.48,22.20,0.00,3,Power,525.7160
4640.0,566,56.600,19.892,71.61,22.20,0.00,1,Coast,526.7353
4641.0,566,56.600,19.767,71.16,22.20,0.00,1,Coast,526.7353
4642.0,567,56.700,19.643,70.71,22.20,0.00,1,Coast,526.7353
4643.0,567,56.700,19.504,70.21,22.20,0.00,3,Power,526.7353
4644.0,567,56.700,19.805,71.30,22.20,0.00,1,Coast,527.7542
4645.0,567,56.700,19.666,70.80,22.20,0.00,1,Coast,527.7542
4646.0,567,56.700,19.527,70.30,22.20,0.00,1,Coast,527.7542
4647.0,568,56.800,19.388,69.80,22.20,0.00,2,Cruise,527.7542
4648.0,568,56.800,19.388,69.80,22.20,0.00,2,Cruise,527.9343
4649.0,568,56.800,19.388,69.80,22.20,0.00,2,Cruise,528.1145
4650.0,568,56.800,19.388,69.80,22.20,0.00,2,Cruise,528.2946
4651.0,568,56.800,19.388,69.80,22.20,0.00,2,Cruise,528.4747
4652.0,569,56.900,19.388,69.80,22.20,0.00,2,Cruise,528.6548
4653.0,569,56.900,19.388,69.80,22.20,0.00,2,Cruise,528.9002
4654.0,569,56.900,19.388,69.80,22.20,0.00,2,Cruise,529.1456
4655.0,569,56.900,19.388,69.80,22.20,0.00,2,Cruise,529.3910
4656.0,569,56.900,19.388,69.80,22.20,0.00,2,Cruise,529.6364
4657.0,570,57.000,19.388,69.80,22.20,0.00,2,Cruise,529.8818
4658.0,570,57.000,19.388,69.80,22.20,0.00,2,Cruise,530.0790
4659.0,570,57.000,19.388,69.80,22.20,0.00,2,Cruise,530.2762
4660.0,570,57.000,19.388,69.80,22.20,0.00,2,Cruise,530.4734
4661.0,570,57.000,19.388,69.80,22.20,0.00,2,Cruise,530.6706
4662.0,571,57.100,19.388,69.80,22.20,0.00,1,Coast,530.8678
4663.0,571,57.100,19.239,69.26,22.20,0.00,1,Coast,530.8678
4664.0,571,57.100,19.089,68.72,22.20,0.00,1,Coast,530.8678
4665.0,571,57.100,18.940,68.18,22.20,0.00,1,Coast,530.8678
4666.0,571,57.100,18.791,67.65,22.20,0.00,2,Cruise,530.8678
4667.0,572,57.200,18.791,67.65,22.20,0.00,2,Cruise,531.1968
4668.0,572,57.200,18.791,67.65,22.20,0.00,2,Cruise,531.2162
4669.0,572,57.200,18.791,67.65,22.20,0.00,2,Cruise,531.2356
4670.0,572,57.200,18.791,67.65,22.20,0.00,2,Cruise,531.2551
4671.0,572,57.200,18.791,67.65,22.20,0.00,2,Cruise,531.2745
4672.0,572,57.200,18.791,67.65,22.20,0.00,2,Cruise,531.2940
4673.0,573,57.300,18.791,67.65,22.20,0.00,2,Cruise,531.3134
4674.0,573,57.300,18.791,67.65,22.20,0.00,2,Cruise,531.3341
4675.0,573,57.300,18.791,67.65,22.20,0.00,2,Cruise,531.3548
4676.0,573,57.300,18.791,67.65,22.20,0.00,2,Cruise,531.3756
4677.0,573,57.300,18.791,67.65,22.20,0.00,2,Cruise,531.3963
4678.0,574,57.400,18.791,67.65,22.20,0.00,2,Cruise,531.4170
4679.0,574,57.400,18.791,67.65,22.20,0.00,2,Cruise,531.5771
4680.0,574,57.400,18.791,67.65,22.20,0.00,2,Cruise,531.7372
4681.0,574,57.400,18.791,67.65,22.20,0.00,2,Cruise,531.8974
4682.0,574,57.400,18.791,67.65,22.20,0.00,2,Cruise,532.0575
4683.0,575,57.500,18.791,67.65,22.20,0.00,2,Cruise,532.2176
4684.0,575,57.500,18.830,67.79,22.20,0.00,2,Cruise,532.2176
4685.0,575,57.500,18.869,67.93,22.20,0.00,2,Cruise,532.2176
4686.0,575,57.500,18.908,68.07,22.20,0.00,2,Cruise,532.2176
4687.0,575,57.500,18.948,68.21,22.20,0.00,2,Cruise,532.2176
4688.0,575,57.500,18.986,68.35,22.20,0.00,2,Cruise,532.2176
4689.0,576,57.600,19.025,68.49,22.20,0.00,1,Coast,532.2176
4690.0,576,57.600,18.914,68.09,22.20,0.00,1,Coast,532.2176
4691.0,576,57.600,18.804,67.69,22.20,0.00,1,Coast,532.2176
4692.0,576,57.600,18.693,67.30,22.20,0.00,1,Coast,532.2176
4693.0,576,57.600,18.583,66.90,22.20,0.00,1,Coast,532.2176
4694.0,577,57.700,18.472,66.50,22.20,0.00,2,Cruise,532.2176
4695.0,577,57.700,18.502,66.61,22.20,0.00,2,Cruise,532.2176
4696.0,577,57.700,18.532,66.71,22.20,0.00,2,Cruise,532.2176
4697.0,577,57.700,18.561,66.82,22.20,0.00,2,Cruise,532.2176
4698.0,577,57.700,18.591,66.93,22.20,0.00,2,Cruise,532.2176
4699.0,578,57.800,18.621,67.03,22.20,0.00,1,Coast,532.2176
4700.0,578,57.800,18.565,66.83,22.20,0.00,1,Coast,532.2176
4701.0,578,57.800,18.510,66.64,22.20,0.00,1,Coast,532.2176
4702.0,578,57.800,18.455,66.44,22.20,0.00,1,Coast,532.2176
4703.0,578,57.800,18.399,66.24,22.20,0.00,1,Coast,532.2176
4704.0,578,57.800,18.344,66.04,22.20,0.00,1,Coast,532.2176
4705.0,579,57.900,18.289,65.84,22.20,0.00,1,Coast,532.2176
4706.0,579,57.900,18.168,65.41,22.20,0.00,1,Coast,532.2176
4707.0,579,57.900,18.048,64.97,22.20,0.00,1,Coast,532.2176
4708.0,579,57.900,17.927,64.54,22.20,0.00,1,Coast,532.2176
4709.0,579,57.900,17.807,64.11,22.20,0.00,1,Coast,532.2176
4710.0,580,58.000,17.687,63.67,22.20,0.00,1,Coast,532.2176
4711.0,580,58.000,17.616,63.42,22.20,0.00,1,Coast,532.2176
4712.0,580,58.000,17.545,63.16,22.20,0.00,1,Coast,532.2176
4713.0,580,58.000,17.474,62.91,22.20,0.00,1,Coast,532.2176
4714.0,580,58.000,17.403,62.65,22.20,0.00,1,Coast,532.2176
4715.0,580,58.000,17.332,62.40,22.20,0.00,1,Coast,532.2176
4716.0,581,58.100,17.262,62.14,22.20,0.00,1,Coast,532.2176
4717.0,581,58.100,17.159,61.77,22.20,0.00,1,Coast,532.2176
4718.0,581,58.100,17.056,61.40,22.20,0.00,1,Coast,532.2176
4719.0,581,58.100,16.954,61.03,22.20,0.00,1,Coast,532.2176
4720.0,581,58.100,16.852,60.67,22.20,0.00,1,Coast,532.2176
4721.0,581,58.100,16.750,60.30,22.20,0.00,1,Coast,532.2176
4722.0,582,58.200,16.648,59.93,22.20,0.00,1,Coast,532.2176
4723.0,582,58.200,16.569,59.65,22.20,0.00,1,Coast,532.2176
4724.0,582,58.200,16.491,59.37,22.20,0.00,1,Coast,532.2176
4725.0,582,58.200,16.413,59.09,22.20,0.00,1,Coast,532.2176
4726.0,582,58.200,16.335,58.81,22.20,0.00,1,Coast,532.2176
4727.0,582,58.200,16.257,58.53,22.20,0.00,1,Coast,532.2176
4728.0,583,58.300,16.180,58.25,22.20,0.00,1,Coast,532.2176
4729.0,583,58.300,16.089,57.92,22.20,0.00,1,Coast,532.2176
4730.0,583,58.300,15.998,57.59,22.20,0.00,1,Coast,532.2176
4731.0,583,58.300,15.907,57.26,22.20,0.00,1,Coast,532.2176
4732.0,583,58.300,15.816,56.94,22.20,0.00,1,Coast,532.2176
4733.0,583,58.300,15.726,56.61,22.20,0.00,1,Coast,532.2176
4734.0,584,58.400,15.635,56.29,22.20,0.00,1,Coast,532.2176
4735.0,584,58.400,15.468,55.68,22.20,0.00,1,Coast,532.2176
4736.0,584,58.400,15.301,55.08,22.20,0.00,1,Coast,532.2176
4737.0,584,58.400,15.134,54.48,22.20,0.00,1,Coast,532.2176
4738.0,584,58.400,14.967,53.88,22.20,0.00,1,Coast,532.2176
4739.0,584,58.400,14.801,53.28,22.20,0.00,1,Coast,532.2176
4740.0,584,58.400,14.635,52.68,22.20,0.00,1,Coast,532.2176
4741.0,585,58.500,14.469,52.09,22.20,0.00,1,Coast,532.2176
4742.0,585,58.500,14.365,51.71,22.20,0.00,1,Coast,532.2176
4743.0,585,58.500,14.261,51.34,22.20,0.00,1,Coast,532.2176
4744.0,585,58.500,14.158,50.97,22.20,0.00,1,Coast,532.2176
4745.0,585,58.500,14.055,50.60,22.20,0.00,1,Coast,532.2176
4746.0,585,58.500,13.952,50.23,22.20,0.00,1,Coast,532.2176
4747.0,585,58.500,13.849,49.85,22.20,0.00,1,Coast,532.2176
4748.0,586,58.600,13.746,49.48,22.20,0.00,1,Coast,532.2176
4749.0,586,58.600,13.663,49.19,22.20,0.00,1,Coast,532.2176
4750.0,586,58.600,13.581,48.89,22.20,0.00,1,Coast,532.2176
4751.0,586,58.600,13.499,48.60,22.20,0.00,1,Coast,532.2176
4752.0,586,58.600,13.417,48.30,22.20,0.00,1,Coast,532.2176
4753.0,586,58.600,13.335,48.01,22.20,0.00,1,Coast,532.2176
4754.0,586,58.600,13.254,47.71,22.20,0.00,1,Coast,532.2176
4755.0,587,58.700,13.172,47.42,1.00,0.00,1,Coast,532.2176
4756.0,587,58.700,13.167,47.40,1.00,0.00,1,Coast,532.2176
4757.0,587,58.700,13.162,47.38,1.00,0.00,1,Coast,532.2176
4758.0,587,58.700,13.157,47.36,1.00,0.00,1,Coast,532.2176
4759.0,587,58.700,13.152,47.35,1.00,0.00,1,Coast,532.2176
4760.0,587,58.700,13.147,47.33,1.00,0.00,1,Coast,532.2176
4761.0,587,58.700,13.142,47.31,1.00,0.00,1,Coast,532.2176
4762.0,587,58.700,13.137,47.29,1.00,0.00,1,Coast,532.2176
4763.0,588,58.800,13.132,47.27,22.20,0.00,3,Power,532.2176
4764.0,588,58.800,13.732,49.43,22.20,0.00,3,Power,533.1657
4765.0,588,58.800,14.332,51.59,22.20,0.00,3,Power,534.1561
4766.0,588,58.800,14.932,53.75,22.20,0.00,3,Power,535.1884
4767.0,588,58.800,15.532,55.91,22.20,0.00,3,Power,536.2198
4768.0,588,58.800,16.129,58.06,22.20,0.00,3,Power,537.2504
4769.0,588,58.800,16.704,60.14,22.20,0.00,3,Power,538.2796
4770.0,589,58.900,17.261,62.14,22.20,0.00,3,Power,539.3075
4771.0,589,58.900,17.515,63.05,22.20,0.00,1,Coast,540.3261
4772.0,589,58.900,17.271,62.17,22.20,0.00,3,Power,540.3261
4773.0,589,58.900,17.524,63.09,22.20,0.00,1,Coast,541.3446
4774.0,589,58.900,17.280,62.21,22.20,0.00,3,Power,541.3446
4775.0,589,58.900,17.533,63.12,22.20,0.00,1,Coast,542.3631
4776.0,590,59.000,17.289,62.24,22.20,0.00,3,Power,542.3631
4777.0,590,59.000,17.803,64.09,22.20,0.00,3,Power,543.3893
4778.0,590,59.000,18.301,65.88,22.20,0.00,3,Power,544.4145
4779.0,590,59.000,18.786,67.63,22.20,0.00,1,Coast,545.4390
4780.0,590,59.000,18.801,67.68,22.20,0.00,1,Coast,545.4390
4781.0,591,59.100,18.815,67.74,22.20,0.00,1,Coast,545.4390
4782.0,591,59.100,18.596,66.95,22.20,0.00,1,Coast,545.4390
4783.0,591,59.100,18.377,66.16,22.20,0.00,1,Coast,545.4390
4784.0,591,59.100,18.158,65.37,22.20,0.00,1,Coast,545.4390
4785.0,591,59.100,17.940,64.58,22.20,0.00,1,Coast,545.4390
4786.0,592,59.200,17.722,63.80,22.20,0.00,1,Coast,545.4390
4787.0,592,59.200,17.813,64.13,22.20,0.00,1,Coast,545.4390
4788.0,592,59.200,17.904,64.45,22.20,0.00,1,Coast,545.4390
4789.0,592,59.200,17.995,64.78,22.20,0.00,1,Coast,545.4390
4790.0,592,59.200,18.086,65.11,22.20,0.00,1,Coast,545.4390
4791.0,592,59.200,18.177,65.44,22.20,0.00,1,Coast,545.4390
4792.0,593,59.300,18.268,65.76,22.20,0.00,3,Power,545.4390
4793.0,593,59.300,18.659,67.17,22.20,0.00,3,Power,546.4610
4794.0,593,59.300,19.041,68.55,22.20,0.00,1,Coast,547.4824
4795.0,593,59.300,18.961,68.26,22.20,0.00,1,Coast,547.4824
4796.0,593,59.300,18.881,67.97,22.20,0.00,1,Coast,547.4824
4797.0,594,59.400,18.801,67.68,22.20,0.00,1,Coast,547.4824
4798.0,594,59.400,18.732,67.44,22.20,0.00,1,Coast,547.4824
4799.0,594,59.400,18.664,67.19,22.20,0.00,3,Power,547.4824
4800.0,594,59.400,19.056,68.60,22.20,0.00,1,Coast,548.5042
4801.0,594,59.400,18.986,68.35,22.20,0.00,1,Coast,548.5042
4802.0,594,59.400,18.917,68.10,22.20,0.00,1,Coast,548.5042
4803.0,595,59.500,18.848,67.85,22.20,0.00,1,Coast,548.5042
4804.0,595,59.500,18.794,67.66,22.20,0.00,1,Coast,548.5042
4805.0,595,59.500,18.740,67.46,22.20,0.00,1,Coast,548.5042
4806.0,595,59.500,18.686,67.27,22.20,0.00,1,Coast,548.5042
4807.0,595,59.500,18.632,67.08,22.20,0.00,1,Coast,548.5042
4808.0,596,59.600,18.578,66.88,22.20,0.00,1,Coast,548.5042
4809.0,596,59.600,18.410,66.28,22.20,0.00,1,Coast,548.5042
4810.0,596,59.600,18.241,65.67,22.20,0.00,1,Coast,548.5042
4811.0,596,59.600,18.073,65.06,22.20,0.00,1,Coast,548.5042
4812.0,596,59.600,17.905,64.46,22.20,0.00,1,Coast,548.5042
4813.0,596,59.600,17.738,63.86,22.20,0.00,1,Coast,548.5042
4814.0,597,59.700,17.570,63.25,22.20,0.00,3,Power,548.5042
4815.0,597,59.700,17.959,64.65,22.20,0.00,3,Power,549.5265
4816.0,597,59.700,18.337,66.01,22.20,0.00,2,Cruise,550.5482
4817.0,597,59.700,18.337,66.01,22.20,0.00,2,Cruise,550.7668
4818.0,597,59.700,18.337,66.01,22.20,0.00,2,Cruise,550.9854
4819.0,598,59.800,18.337,66.01,22.20,0.00,1,Coast,551.2041
4820.0,598,59.800,18.419,66.31,22.20,0.00,1,Coast,551.2041
4821.0,598,59.800,18.502,66.61,22.20,0.00,1,Coast,551.2041
4822.0,598,59.800,18.584,66.90,22.20,0.00,1,Coast,551.2041
4823.0,598,59.800,18.666,67.20,22.20,0.00,1,Coast,551.2041
4824.0,599,59.900,18.749,67.49,22.20,0.00,1,Coast,551.2041
4825.0,599,59.900,18.877,67.96,22.20,0.00,1,Coast,551.2041
4826.0,599,59.900,19.005,68.42,22.20,0.00,1,Coast,551.2041
4827.0,599,59.900,19.133,68.88,22.20,0.00,1,Coast,551.2041
4828.0,599,59.900,19.260,69.34,22.20,0.00,1,Coast,551.2041
4829.0,599,59.900,19.388,69.80,22.20,0.00,1,Coast,551.2041
4830.0,600,60.000,19.515,70.25,22.20,0.00,2,Cruise,551.2041
4831.0,600,60.000,19.563,70.43,22.20,0.00,2,Cruise,551.2041
4832.0,600,60.000,19.611,70.60,22.20,0.00,2,Cruise,551.2041
4833.0,600,60.000,19.658,70.77,22.20,0.00,2,Cruise,551.2041
4834.0,600,60.000,19.706,70.94,22.20,0.00,2,Cruise,551.2041
4835.0,601,60.100,19.753,71.11,22.20,0.00,2,Cruise,551.2041
4836.0,601,60.100,19.984,71.94,22.20,0.00,2,Cruise,551.2041
4837.0,601,60.100,20.214,72.77,22.20,0.00,2,Cruise,551.2041
4838.0,601,60.100,20.444,73.60,22.20,0.00,2,Cruise,551.2041
4839.0,601,60.100,20.673,74.42,22.20,0.00,2,Cruise,551.2041
4840.0,602,60.200,20.902,75.25,22.20,0.00,0,Brake,551.2041
4841.0,602,60.200,20.102,72.37,22.20,0.00,1,Coast,551.2041
4842.0,602,60.200,19.456,70.04,22.20,0.00,1,Coast,551.2041
4843.0,602,60.200,18.811,67.72,22.20,0.00,1,Coast,551.2041
4844.0,602,60.200,18.168,65.40,22.20,0.00,1,Coast,551.2041
4845.0,603,60.300,17.524,63.09,22.20,0.00,3,Power,551.2041
4846.0,603,60.300,17.868,64.32,22.20,0.00,3,Power,552.2251
4847.0,603,60.300,18.201,65.52,22.20,0.00,3,Power,553.2456
4848.0,603,60.300,18.525,66.69,22.20,0.00,3,Power,554.2657
4849.0,603,60.300,18.840,67.83,22.20,0.00,3,Power,555.2854
4850.0,604,60.400,19.147,68.93,22.20,0.00,3,Power,556.3048
4851.0,604,60.400,19.400,69.84,22.20,0.00,3,Power,557.3226
4852.0,604,60.400,19.646,70.73,22.20,0.00,3,Power,558.3401
4853.0,604,60.400,19.886,71.59,22.20,0.00,3,Power,559.3574
4854.0,604,60.400,20.121,72.44,22.20,0.00,3,Power,560.3745
4855.0,605,60.500,20.350,73.26,22.20,0.00,3,Power,561.3913
4856.0,605,60.500,20.734,74.64,22.20,0.00,1,Coast,562.4120
4857.0,605,60.500,20.696,74.51,22.20,0.00,1,Coast,562.4120
4858.0,605,60.500,20.657,74.37,22.20,0.00,1,Coast,562.4120
4859.0,605,60.500,20.619,74.23,22.20,0.00,1,Coast,562.4120
4860.0,606,60.600,20.581,74.09,22.20,0.00,1,Coast,562.4120
4861.0,606,60.600,20.535,73.92,22.20,0.00,1,Coast,562.4120
4862.0,606,60.600,20.488,73.76,22.20,0.00,3,Power,562.4120
4863.0,606,60.600,20.862,75.10,22.20,0.00,1,Coast,563.4323
4864.0,606,60.600,20.815,74.94,22.20,0.00,1,Coast,563.4323
4865.0,607,60.700,20.769,74.77,22.20,0.00,1,Coast,563.4323
4866.0,607,60.700,20.586,74.11,22.20,0.00,3,Power,563.4323
4867.0,607,60.700,20.820,74.95,22.20,0.00,1,Coast,564.4492
4868.0,607,60.700,20.637,74.29,22.20,0.00,1,Coast,564.4492
4869.0,607,60.700,20.454,73.63,22.20,0.00,3,Power,564.4492
4870.0,608,60.800,20.691,74.49,22.20,0.00,1,Coast,565.4662
4871.0,608,60.800,20.629,74.26,22.20,0.00,1,Coast,565.4662
4872.0,608,60.800,20.567,74.04,22.20,0.00,1,Coast,565.4662
4873.0,608,60.800,20.504,73.82,22.20,0.00,1,Coast,565.4662
4874.0,608,60.800,20.442,73.59,22.20,0.00,1,Coast,565.4662
4875.0,609,60.900,20.380,73.37,22.20,0.00,1,Coast,565.4662
4876.0,609,60.900,20.238,72.86,22.20,0.00,1,Coast,565.4662
4877.0,609,60.900,20.096,72.34,22.20,0.00,1,Coast,565.4662
4878.0,609,60.900,19.954,71.83,22.20,0.00,1,Coast,565.4662
4879.0,609,60.900,19.812,71.32,22.20,0.00,1,Coast,565.4662
4880.0,610,61.000,19.671,70.82,22.20,0.00,1,Coast,565.4662
4881.0,610,61.000,19.665,70.79,22.20,0.00,1,Coast,565.4662
4882.0,610,61.000,19.660,70.77,22.20,0.00,1,Coast,565.4662
4883.0,610,61.000,19.654,70.75,22.20,0.00,1,Coast,565.4662
4884.0,610,61.000,19.648,70.73,22.20,0.00,1,Coast,565.4662
4885.0,611,61.100,19.643,70.71,22.20,0.00,1,Coast,565.4662
4886.0,611,61.100,19.389,69.80,22.20,0.00,1,Coast,565.4662
4887.0,611,61.100,19.136,68.89,22.20,0.00,1,Coast,565.4662
4888.0,611,61.100,18.883,67.98,22.20,0.00,3,Power,565.4662
4889.0,611,61.100,19.086,68.71,22.20,0.00,1,Coast,566.4827
4890.0,612,61.200,18.833,67.80,22.20,0.00,1,Coast,566.4827
4891.0,612,61.200,18.387,66.19,22.20,0.00,1,Coast,566.4827
4892.0,612,61.200,17.941,64.59,22.20,0.00,1,Coast,566.4827
4893.0,612,61.200,17.495,62.98,22.20,0.00,1,Coast,566.4827
4894.0,612,61.200,17.050,61.38,22.20,0.00,3,Power,566.4827
4895.0,612,61.200,17.110,61.60,22.20,0.00,3,Power,567.4956
4896.0,613,61.300,17.168,61.81,22.20,0.00,3,Power,568.5084
4897.0,613,61.300,17.581,63.29,22.20,0.00,3,Power,569.5317
4898.0,613,61.300,17.981,64.73,22.20,0.00,3,Power,570.5543
4899.0,613,61.300,18.370,66.13,22.20,0.00,3,Power,571.5764
4900.0,613,61.300,18.749,67.50,22.20,0.00,3,Power,572.5979
4901.0,614,61.400,19.117,68.82,22.20,0.00,3,Power,573.6189
4902.0,614,61.400,19.489,70.16,22.20,0.00,3,Power,574.6399
4903.0,614,61.400,19.852,71.47,22.20,0.00,3,Power,575.6604
4904.0,614,61.400,20.206,72.74,22.20,0.00,3,Power,576.6805
4905.0,614,61.400,20.552,73.99,22.20,0.00,3,Power,577.7003
4906.0,615,61.500,20.890,75.20,22.20,0.00,3,Power,578.7197
4907.0,615,61.500,21.167,76.20,22.20,0.00,3,Power,579.7375
4908.0,615,61.500,21.438,77.18,22.20,0.00,3,Power,580.7551
4909.0,615,61.500,21.703,78.13,22.20,0.00,3,Power,581.7725
4910.0,615,61.500,21.963,79.07,22.20,0.00,1,Coast,582.7897
4911.0,616,61.600,21.827,78.58,22.20,0.00,1,Coast,582.7897
4912.0,616,61.600,21.765,78.35,22.20,0.00,1,Coast,582.7897
4913.0,616,61.600,21.703,78.13,22.20,0.00,1,Coast,582.7897
4914.0,616,61.600,21.641,77.91,22.20,0.00,2,Cruise,582.7897
4915.0,616,61.600,21.641,77.91,22.20,0.00,2,Cruise,582.9466
4916.0,617,61.700,21.641,77.91,22.20,0.00,3,Power,583.1036
4917.0,617,61.700,21.906,78.86,22.20,0.00,3,Power,584.1209
4918.0,617,61.700,22.165,79.80,22.20,0.00,1,Coast,585.1380
4919.0,617,61.700,22.032,79.32,22.20,0.00,1,Coast,585.1380
4920.0,618,61.800,21.899,78.84,22.20,0.00,1,Coast,585.1380
4921.0,618,61.800,21.782,78.41,22.20,0.00,3,Power,585.1380
4922.0,618,61.800,22.059,79.41,22.20,0.00,1,Coast,586.1556
4923.0,618,61.800,21.941,78.99,22.20,0.00,1,Coast,586.1556
4924.0,618,61.800,21.824,78.57,22.20,0.00,1,Coast,586.1556
4925.0,619,61.900,21.706,78.14,22.20,0.00,3,Power,586.1556
4926.0,619,61.900,21.961,79.06,22.20,0.00,1,Coast,587.1726
4927.0,619,61.900,21.819,78.55,22.20,0.00,3,Power,587.1726
4928.0,619,61.900,22.072,79.46,22.20,0.00,1,Coast,588.1896
4929.0,620,62.000,21.930,78.95,22.20,0.00,1,Coast,588.1896
4930.0,620,62.000,21.840,78.62,22.20,0.00,1,Coast,588.1896
4931.0,620,62.000,21.750,78.30,22.20,0.00,1,Coast,588.1896
4932.0,620,62.000,21.660,77.98,22.20,0.00,1,Coast,588.1896
4933.0,620,62.000,21.570,77.65,22.20,0.00,1,Coast,588.1896
4934.0,621,62.100,21.481,77.33,22.20,0.00,3,Power,588.1896
4935.0,621,62.100,21.700,78.12,22.20,0.00,2,Cruise,589.2058
4936.0,621,62.100,21.700,78.12,22.20,0.00,2,Cruise,589.6691
4937.0,621,62.100,21.700,78.12,22.20,0.00,2,Cruise,590.1324
4938.0,622,62.200,21.700,78.12,22.20,0.00,2,Cruise,590.5957
4939.0,622,62.200,21.700,78.12,22.20,0.00,2,Cruise,590.9206
4940.0,622,62.200,21.700,78.12,22.20,0.00,2,Cruise,591.2455
4941.0,622,62.200,21.700,78.12,22.20,0.00,2,Cruise,591.5704
4942.0,622,62.200,21.700,78.12,22.20,0.00,2,Cruise,591.8954
4943.0,623,62.300,21.700,78.12,22.20,0.00,2,Cruise,592.2203
4944.0,623,62.300,21.700,78.12,22.20,0.00,2,Cruise,592.5971
4945.0,623,62.300,21.700,78.12,22.20,0.00,2,Cruise,592.9740
4946.0,623,62.300,21.700,78.12,22.20,0.00,2,Cruise,593.3509
4947.0,623,62.300,21.700,78.12,22.20,0.00,2,Cruise,593.7278
4948.0,624,62.400,21.700,78.12,22.20,0.00,2,Cruise,594.1046
4949.0,624,62.400,21.700,78.12,22.20,0.00,2,Cruise,594.2153
4950.0,624,62.400,21.700,78.12,22.20,0.00,2,Cruise,594.3259
4951.0,624,62.400,21.700,78.12,22.20,0.00,2,Cruise,594.4366
4952.0,625,62.500,21.700,78.12,22.20,0.00,2,Cruise,594.5472
4953.0,625,62.500,21.700,78.12,22.20,0.00,2,Cruise,594.6438
4954.0,625,62.500,21.700,78.12,22.20,0.00,2,Cruise,594.7404
4955.0,625,62.500,21.700,78.12,22.20,0.00,2,Cruise,594.8371
4956.0,625,62.500,21.700,78.12,22.20,0.00,2,Cruise,594.9337
4957.0,626,62.600,21.700,78.12,22.20,0.00,1,Coast,595.0303
4958.0,626,62.600,21.676,78.03,22.20,0.00,1,Coast,595.0303
4959.0,626,62.600,21.653,77.95,22.20,0.00,2,Cruise,595.0303
4960.0,626,62.600,21.653,77.95,22.20,0.00,2,Cruise,595.0891
4961.0,627,62.700,21.653,77.95,22.20,0.00,2,Cruise,595.1480
4962.0,627,62.700,21.653,77.95,22.20,0.00,2,Cruise,595.6572
4963.0,627,62.700,21.653,77.95,22.20,0.00,2,Cruise,596.1664
4964.0,627,62.700,21.653,77.95,22.20,0.00,2,Cruise,596.6756
4965.0,627,62.700,21.653,77.95,22.20,0.00,2,Cruise,597.1848
4966.0,628,62.800,21.653,77.95,22.20,0.00,2,Cruise,597.6941
4967.0,628,62.800,21.653,77.95,22.20,0.00,2,Cruise,597.8905
4968.0,628,62.800,21.653,77.95,22.20,0.00,2,Cruise,598.0870
4969.0,628,62.800,21.653,77.95,22.20,0.00,2,Cruise,598.2835
4970.0,628,62.800,21.653,77.95,22.20,0.00,2,Cruise,598.4800
4971.0,629,62.900,21.653,77.95,22.20,0.00,2,Cruise,598.6765
4972.0,629,62.900,21.653,77.95,22.20,0.00,2,Cruise,598.8002
4973.0,629,62.900,21.653,77.95,22.20,0.00,2,Cruise,598.9240
4974.0,629,62.900,21.653,77.95,22.20,0.00,2,Cruise,599.0478
4975.0,630,63.000,21.653,77.95,22.20,0.00,1,Coast,599.1715
4976.0,630,63.000,21.473,77.30,22.20,0.00,1,Coast,599.1715
4977.0,630,63.000,21.293,76.66,22.20,0.00,3,Power,599.1715
4978.0,630,63.000,21.517,77.46,22.20,0.00,1,Coast,600.1879
4979.0,630,63.000,21.337,76.81,22.20,0.00,3,Power,600.1879
4980.0,631,63.100,21.561,77.62,22.20,0.00,1,Coast,601.2043
4981.0,631,63.100,21.458,77.25,22.20,0.00,1,Coast,601.2043
4982.0,631,63.100,21.355,76.88,22.20,0.00,1,Coast,601.2043
4983.0,631,63.100,21.252,76.51,22.20,0.00,1,Coast,601.2043
4984.0,631,63.100,21.150,76.14,22.20,0.00,1,Coast,601.2043
4985.0,632,63.200,21.048,75.77,22.20,0.00,1,Coast,601.2043
4986.0,632,63.200,20.945,75.40,22.20,0.00,1,Coast,601.2043
4987.0,632,63.200,20.842,75.03,22.20,0.00,1,Coast,601.2043
4988.0,632,63.200,20.739,74.66,22.20,0.00,1,Coast,601.2043
4989.0,633,63.300,20.636,74.29,22.20,0.00,1,Coast,601.2043
4990.0,633,63.300,20.573,74.06,22.20,0.00,1,Coast,601.2043
4991.0,633,63.300,20.511,73.84,22.20,0.00,1,Coast,601.2043
4992.0,633,63.300,20.448,73.61,22.20,0.00,1,Coast,601.2043
4993.0,633,63.300,20.385,73.39,22.20,0.00,1,Coast,601.2043
4994.0,634,63.400,20.323,73.16,22.20,0.00,1,Coast,601.2043
4995.0,634,63.400,20.164,72.59,22.20,0.00,1,Coast,601.2043
4996.0,634,63.400,20.005,72.02,22.20,0.00,3,Power,601.2043
4997.0,634,63.400,20.276,72.99,22.20,0.00,1,Coast,602.2223
4998.0,634,63.400,20.117,72.42,22.20,0.00,1,Coast,602.2223
4999.0,635,63.500,19.958,71.85,22.20,0.00,1,Coast,602.2223
5000.0,635,63.500,19.905,71.66,22.20,0.00,3,Power,602.2223
5001.0,635,63.500,20.285,73.02,22.20,0.00,1,Coast,603.2430
5002.0,635,63.500,20.232,72.83,22.20,0.00,1,Coast,603.2430
5003.0,635,63.500,20.179,72.64,22.20,0.00,1,Coast,603.2430
5004.0,636,63.600,20.126,72.45,22.20,0.00,1,Coast,603.2430
5005.0,636,63.600,20.022,72.08,22.20,0.00,3,Power,603.2430
5006.0,636,63.600,20.348,73.25,22.20,0.00,1,Coast,604.2624
5007.0,636,63.600,20.243,72.88,22.20,0.00,1,Coast,604.2624
5008.0,636,63.600,20.139,72.50,22.20,0.00,1,Coast,604.2624
5009.0,637,63.700,20.035,72.13,22.20,0.00,3,Power,604.2624
5010.0,637,63.700,20.313,73.13,22.20,0.00,1,Coast,605.2805
5011.0,637,63.700,20.161,72.58,22.20,0.00,1,Coast,605.2805
5012.0,637,63.700,20.009,72.03,22.20,0.00,3,Power,605.2805
5013.0,637,63.700,20.287,73.03,22.20,0.00,1,Coast,606.2986
5014.0,638,63.800,20.135,72.49,22.20,0.00,1,Coast,606.2986
5015.0,638,63.800,20.009,72.03,22.20,0.00,3,Power,606.2986
5016.0,638,63.800,20.313,73.13,22.20,0.00,1,Coast,607.3174
5017.0,638,63.800,20.187,72.67,22.20,0.00,1,Coast,607.3174
5018.0,638,63.800,20.061,72.22,22.20,0.00,3,Power,607.3174
5019.0,639,63.900,20.364,73.31,22.20,0.00,1,Coast,608.3362
5020.0,639,63.900,20.178,72.64,22.20,0.00,1,Coast,608.3362
5021.0,639,63.900,19.992,71.97,22.20,0.00,1,Coast,608.3362
5022.0,639,63.900,19.806,71.30,22.20,0.00,3,Power,608.3362
5023.0,639,63.900,20.054,72.20,22.20,0.00,1,Coast,609.3536
5024.0,640,64.000,19.869,71.53,22.20,0.00,3,Power,609.3536
5025.0,640,64.000,20.207,72.74,22.20,0.00,1,Coast,610.3733
5026.0,640,64.000,20.111,72.40,22.20,0.00,1,Coast,610.3733
5027.0,640,64.000,20.016,72.06,22.20,0.00,1,Coast,610.3733
5028.0,640,64.000,19.922,71.72,22.20,0.00,3,Power,610.3733
5029.0,641,64.100,20.258,72.93,22.20,0.00,1,Coast,611.3930
5030.0,641,64.100,20.141,72.51,22.20,0.00,1,Coast,611.3930
5031.0,641,64.100,20.024,72.09,22.20,0.00,1,Coast,611.3930
5032.0,641,64.100,19.907,71.66,22.20,0.00,1,Coast,611.3930
5033.0,641,64.100,19.790,71.24,22.20,0.00,1,Coast,611.3930
5034.0,642,64.200,19.673,70.82,22.20,0.00,1,Coast,611.3930
5035.0,642,64.200,19.494,70.18,22.20,0.00,1,Coast,611.3930
5036.0,642,64.200,19.314,69.53,22.20,0.00,1,Coast,611.3930
5037.0,642,64.200,19.135,68.89,22.20,0.00,1,Coast,611.3930
5038.0,642,64.200,18.956,68.24,22.20,0.00,1,Coast,611.3930
5039.0,643,64.300,18.777,67.60,22.20,0.00,1,Coast,611.3930
5040.0,643,64.300,18.741,67.47,22.20,0.00,1,Coast,611.3930
5041.0,643,64.300,18.705,67.34,22.20,0.00,1,Coast,611.3930
5042.0,643,64.300,18.669,67.21,22.20,0.00,1,Coast,611.3930
5043.0,643,64.300,18.634,67.08,22.20,0.00,3,Power,611.3930
5044.0,643,64.300,19.059,68.61,22.20,0.00,1,Coast,612.4156
5045.0,644,64.400,19.023,68.48,22.20,0.00,2,Cruise,612.4156
5046.0,644,64.400,19.023,68.48,22.20,0.00,2,Cruise,612.8483
5047.0,644,64.400,19.023,68.48,22.20,0.00,2,Cruise,613.2810
5048.0,644,64.400,19.023,68.48,22.20,0.00,2,Cruise,613.7137
5049.0,644,64.400,19.023,68.48,22.20,0.00,2,Cruise,614.1464
5050.0,645,64.500,19.023,68.48,22.20,0.00,2,Cruise,614.5791
5051.0,645,64.500,19.089,68.72,22.20,0.00,2,Cruise,614.5791
5052.0,645,64.500,19.154,68.95,22.20,0.00,2,Cruise,614.5791
5053.0,645,64.500,19.220,69.19,22.20,0.00,2,Cruise,614.5791
5054.0,645,64.500,19.285,69.43,22.20,0.00,2,Cruise,614.5791
5055.0,646,64.600,19.350,69.66,22.20,0.00,1,Coast,614.5791
5056.0,646,64.600,19.360,69.70,22.20,0.00,1,Coast,614.5791
5057.0,646,64.600,19.370,69.73,22.20,0.00,1,Coast,614.5791
5058.0,646,64.600,19.380,69.77,22.20,0.00,1,Coast,614.5791
5059.0,646,64.600,19.390,69.80,22.20,0.00,1,Coast,614.5791
5060.0,647,64.700,19.400,69.84,22.20,0.00,3,Power,614.5791
5061.0,647,64.700,19.765,71.16,22.20,0.00,1,Coast,615.5998
5062.0,647,64.700,19.688,70.88,22.20,0.00,1,Coast,615.5998
5063.0,647,64.700,19.610,70.60,22.20,0.00,1,Coast,615.5998
5064.0,647,64.700,19.532,70.32,22.20,0.00,3,Power,615.5998
5065.0,648,64.800,19.895,71.62,22.20,0.00,2,Cruise,616.6203
5066.0,648,64.800,20.320,73.15,22.20,0.00,2,Cruise,616.6203
5067.0,648,64.800,20.744,74.68,22.20,0.00,2,Cruise,616.6203
5068.0,648,64.800,21.167,76.20,22.20,0.00,2,Cruise,616.6203
5069.0,648,64.800,21.590,77.72,22.20,0.00,2,Cruise,616.6203
5070.0,649,64.900,22.012,79.24,22.20,0.00,1,Coast,616.6203
5071.0,649,64.900,21.704,78.13,22.20,0.00,1,Coast,616.6203
5072.0,649,64.900,21.396,77.02,22.20,0.00,1,Coast,616.6203
5073.0,649,64.900,21.088,75.92,22.20,0.00,1,Coast,616.6203
5074.0,649,64.900,20.781,74.81,22.20,0.00,1,Coast,616.6203
5075.0,650,65.000,20.475,73.71,22.20,0.00,1,Coast,616.6203
5076.0,650,65.000,20.027,72.10,22.20,0.00,1,Coast,616.6203
5077.0,650,65.000,19.579,70.49,22.20,0.00,1,Coast,616.6203
5078.0,650,65.000,19.132,68.88,22.20,0.00,1,Coast,616.6203
5079.0,650,65.000,18.686,67.27,22.20,0.00,1,Coast,616.6203
5080.0,651,65.100,18.241,65.67,22.20,0.00,3,Power,616.6203
5081.0,651,65.100,18.676,67.23,22.20,0.00,3,Power,617.6434
5082.0,651,65.100,19.100,68.76,22.20,0.00,3,Power,618.6660
5083.0,651,65.100,19.513,70.25,22.20,0.00,2,Cruise,619.6881
5084.0,651,65.100,19.513,70.25,22.20,0.00,2,Cruise,619.7741
5085.0,652,65.200,19.513,70.25,22.20,0.00,1,Coast,619.8602
5086.0,652,65.200,19.368,69.72,22.20,0.00,1,Coast,619.8602
5087.0,652,65.200,19.222,69.20,22.20,0.00,1,Coast,619.8602
5088.0,652,65.200,19.077,68.68,22.20,0.00,1,Coast,619.8602
5089.0,652,65.200,18.932,68.16,22.20,0.00,1,Coast,619.8602
5090.0,653,65.300,18.788,67.64,22.20,0.00,1,Coast,619.8602
5091.0,653,65.300,18.746,67.48,22.20,0.00,1,Coast,619.8602
5092.0,653,65.300,18.703,67.33,22.20,0.00,1,Coast,619.8602
5093.0,653,65.300,18.661,67.18,22.20,0.00,1,Coast,619.8602
5094.0,653,65.300,18.619,67.03,22.20,0.00,1,Coast,619.8602
5095.0,653,65.300,18.577,66.88,22.20,0.00,1,Coast,619.8602
5096.0,654,65.400,18.535,66.73,22.20,0.00,2,Cruise,619.8602
5097.0,654,65.400,18.570,66.85,22.20,0.00,2,Cruise,619.8602
5098.0,654,65.400,18.606,66.98,22.20,0.00,2,Cruise,619.8602
5099.0,654,65.400,18.641,67.11,22.20,0.00,2,Cruise,619.8602
5100.0,654,65.400,18.676,67.23,22.20,0.00,2,Cruise,619.8602
5101.0,655,65.500,18.711,67.36,22.20,0.00,1,Coast,619.8602
5102.0,655,65.500,18.660,67.18,22.20,0.00,1,Coast,619.8602
5103.0,655,65.500,18.610,67.00,22.20,0.00,1,Coast,619.8602
5104.0,655,65.500,18.560,66.81,22.20,0.00,1,Coast,619.8602
5105.0,655,65.500,18.510,66.63,22.20,0.00,1,Coast,619.8602
5106.0,655,65.500,18.459,66.45,22.20,0.00,1,Coast,619.8602
5107.0,656,65.600,18.409,66.27,22.20,0.00,2,Cruise,619.8602
5108.0,656,65.600,18.450,66.42,22.20,0.00,2,Cruise,619.8602
5109.0,656,65.600,18.490,66.56,22.20,0.00,2,Cruise,619.8602
5110.0,656,65.600,18.531,66.71,22.20,0.00,2,Cruise,619.8602
5111.0,656,65.600,18.571,66.85,22.20,0.00,2,Cruise,619.8602
5112.0,657,65.700,18.611,67.00,22.20,0.00,2,Cruise,619.8602
5113.0,657,65.700,18.635,67.09,22.20,0.00,2,Cruise,619.8602
5114.0,657,65.700,18.658,67.17,22.20,0.00,2,Cruise,619.8602
5115.0,657,65.700,18.682,67.26,22.20,0.00,2,Cruise,619.8602
5116.0,657,65.700,18.706,67.34,22.20,0.00,2,Cruise,619.8602
5117.0,658,65.800,18.729,67.43,22.20,0.00,1,Coast,619.8602
5118.0,658,65.800,18.700,67.32,22.20,0.00,1,Coast,619.8602
5119.0,658,65.800,18.670,67.21,22.20,0.00,1,Coast,619.8602
5120.0,658,65.800,18.640,67.10,22.20,0.00,1,Coast,619.8602
5121.0,658,65.800,18.610,67.00,22.20,0.00,1,Coast,619.8602
5122.0,658,65.800,18.581,66.89,22.20,0.00,1,Coast,619.8602
5123.0,659,65.900,18.551,66.78,22.20,0.00,2,Cruise,619.8602
5124.0,659,65.900,18.582,66.89,22.20,0.00,2,Cruise,619.8602
5125.0,659,65.900,18.613,67.01,22.20,0.00,2,Cruise,619.8602
5126.0,659,65.900,18.643,67.12,22.20,0.00,2,Cruise,619.8602
5127.0,659,65.900,18.674,67.23,22.20,0.00,2,Cruise,619.8602
5128.0,660,66.000,18.704,67.34,22.20,0.00,3,Power,619.8602
5129.0,660,66.000,19.158,68.97,22.20,0.00,2,Cruise,620.8836
5130.0,660,66.000,19.158,68.97,22.20,0.00,2,Cruise,620.8975
5131.0,660,66.000,19.158,68.97,22.20,0.00,2,Cruise,620.9114
5132.0,660,66.000,19.158,68.97,22.20,0.00,2,Cruise,620.9253
5133.0,661,66.100,19.158,68.97,22.20,0.00,3,Power,620.9393
5134.0,661,66.100,19.541,70.35,22.20,0.00,3,Power,621.9605
5135.0,661,66.100,19.915,71.69,22.20,0.00,3,Power,622.9813
5136.0,661,66.100,20.280,73.01,22.20,0.00,2,Cruise,624.0016
5137.0,661,66.100,20.280,73.01,22.20,0.00,2,Cruise,624.1619
5138.0,662,66.200,20.280,73.01,22.20,0.00,1,Coast,624.3222
5139.0,662,66.200,20.244,72.88,22.20,0.00,1,Coast,624.3222
5140.0,662,66.200,20.208,72.75,22.20,0.00,1,Coast,624.3222
5141.0,662,66.200,20.173,72.62,22.20,0.00,1,Coast,624.3222
5142.0,662,66.200,20.137,72.49,22.20,0.00,1,Coast,624.3222
5143.0,663,66.300,20.101,72.36,22.20,0.00,1,Coast,624.3222
5144.0,663,66.300,20.098,72.35,22.20,0.00,1,Coast,624.3222
5145.0,663,66.300,20.095,72.34,22.20,0.00,1,Coast,624.3222
5146.0,663,66.300,20.092,72.33,22.20,0.00,1,Coast,624.3222
5147.0,663,66.300,20.089,72.32,22.20,0.00,1,Coast,624.3222
5148.0,664,66.400,20.086,72.31,22.20,0.00,1,Coast,624.3222
5149.0,664,66.400,19.980,71.93,22.20,0.00,1,Coast,624.3222
5150.0,664,66.400,19.875,71.55,22.20,0.00,1,Coast,624.3222
5151.0,664,66.400,19.769,71.17,22.20,0.00,1,Coast,624.3222
5152.0,664,66.400,19.664,70.79,22.20,0.00,1,Coast,624.3222
5153.0,665,66.500,19.559,70.41,22.20,0.00,1,Coast,624.3222
5154.0,665,66.500,19.424,69.93,22.20,0.00,1,Coast,624.3222
5155.0,665,66.500,19.290,69.44,22.20,0.00,1,Coast,624.3222
5156.0,665,66.500,19.155,68.96,22.20,0.00,1,Coast,624.3222
5157.0,665,66.500,19.021,68.48,22.20,0.00,1,Coast,624.3222
5158.0,666,66.600,18.887,67.99,22.20,0.00,1,Coast,624.3222
5159.0,666,66.600,18.825,67.77,22.20,0.00,1,Coast,624.3222
5160.0,666,66.600,18.763,67.55,22.20,0.00,1,Coast,624.3222
5161.0,666,66.600,18.701,67.32,22.20,0.00,1,Coast,624.3222
5162.0,666,66.600,18.639,67.10,22.20,0.00,1,Coast,624.3222
5163.0,666,66.600,18.577,66.88,22.20,0.00,1,Coast,624.3222
5164.0,667,66.700,18.515,66.66,22.20,0.00,2,Cruise,624.3222
5165.0,667,66.700,18.617,67.02,22.20,0.00,2,Cruise,624.3222
5166.0,667,66.700,18.718,67.38,22.20,0.00,2,Cruise,624.3222
5167.0,667,66.700,18.819,67.75,22.20,0.00,2,Cruise,624.3222
5168.0,667,66.700,18.920,68.11,22.20,0.00,2,Cruise,624.3222
5169.0,668,66.800,19.020,68.47,22.20,0.00,3,Power,624.3222
5170.0,668,66.800,19.445,70.00,22.20,0.00,1,Coast,625.3446
5171.0,668,66.800,19.417,69.90,22.20,0.00,1,Coast,625.3446
5172.0,668,66.800,19.389,69.80,22.20,0.00,1,Coast,625.3446
5173.0,668,66.800,19.361,69.70,22.20,0.00,1,Coast,625.3446
5174.0,669,66.900,19.333,69.60,22.20,0.00,1,Coast,625.3446
5175.0,669,66.900,19.251,69.30,22.20,0.00,1,Coast,625.3446
5176.0,669,66.900,19.168,69.01,22.20,0.00,1,Coast,625.3446
5177.0,669,66.900,19.086,68.71,22.20,0.00,1,Coast,625.3446
5178.0,669,66.900,19.004,68.42,22.20,0.00,3,Power,625.3446
5179.0,669,66.900,19.375,69.75,22.20,0.00,1,Coast,626.3655
5180.0,670,67.000,19.292,69.45,22.20,0.00,1,Coast,626.3655
5181.0,670,67.000,19.168,69.00,22.20,0.00,3,Power,626.3655
5182.0,670,67.000,19.492,70.17,22.20,0.00,1,Coast,627.3852
5183.0,670,67.000,19.368,69.72,22.20,0.00,1,Coast,627.3852
5184.0,670,67.000,19.243,69.28,22.20,0.00,1,Coast,627.3852
5185.0,671,67.100,19.119,68.83,22.20,0.00,3,Power,627.3852
5186.0,671,67.100,19.501,70.20,22.20,0.00,1,Coast,628.4064
5187.0,671,67.100,19.432,69.96,22.20,0.00,1,Coast,628.4064
5188.0,671,67.100,19.364,69.71,22.20,0.00,1,Coast,628.4064
5189.0,671,67.100,19.296,69.46,22.20,0.00,1,Coast,628.4064
5190.0,672,67.200,19.227,69.22,22.20,0.00,3,Power,628.4064
5191.0,672,67.200,19.672,70.82,22.20,0.00,1,Coast,629.4292
5192.0,672,67.200,19.669,70.81,22.20,0.00,1,Coast,629.4292
5193.0,672,67.200,19.665,70.80,22.20,0.00,1,Coast,629.4292
5194.0,672,67.200,19.662,70.78,22.20,0.00,1,Coast,629.4292
5195.0,673,67.300,19.659,70.77,22.20,0.00,3,Power,629.4292
5196.0,673,67.300,20.078,72.28,22.20,0.00,3,Power,630.4511
5197.0,673,67.300,20.487,73.75,22.20,0.00,2,Cruise,631.4725
5198.0,673,67.300,20.487,73.75,22.20,0.00,2,Cruise,631.5193
5199.0,673,67.300,20.487,73.75,22.20,0.00,2,Cruise,631.5661
5200.0,674,67.400,20.487,73.75,22.20,0.00,2,Cruise,631.6128
5201.0,674,67.400,20.487,73.75,22.20,0.00,2,Cruise,631.9247
5202.0,674,67.400,20.487,73.75,22.20,0.00,2,Cruise,632.2365
5203.0,674,67.400,20.487,73.75,22.20,0.00,2,Cruise,632.5483
5204.0,674,67.400,20.487,73.75,22.20,0.00,2,Cruise,632.8602
5205.0,675,67.500,20.487,73.75,22.20,0.00,2,Cruise,633.1720
5206.0,675,67.500,20.487,73.75,22.20,0.00,2,Cruise,633.4124
5207.0,675,67.500,20.487,73.75,22.20,0.00,2,Cruise,633.6527
5208.0,675,67.500,20.487,73.75,22.20,0.00,2,Cruise,633.8930
5209.0,675,67.500,20.487,73.75,22.20,0.00,2,Cruise,634.1334
5210.0,676,67.600,20.487,73.75,22.20,0.00,1,Coast,634.3737
5211.0,676,67.600,20.369,73.33,22.20,0.00,1,Coast,634.3737
5212.0,676,67.600,20.251,72.90,22.20,0.00,1,Coast,634.3737
5213.0,676,67.600,20.133,72.48,22.20,0.00,1,Coast,634.3737
5214.0,676,67.600,20.015,72.05,22.20,0.00,1,Coast,634.3737
5215.0,677,67.700,19.898,71.63,22.20,0.00,1,Coast,634.3737
5216.0,677,67.700,19.718,70.98,22.20,0.00,1,Coast,634.3737
5217.0,677,67.700,19.538,70.34,22.20,0.00,1,Coast,634.3737
5218.0,677,67.700,19.359,69.69,22.20,0.00,1,Coast,634.3737
5219.0,677,67.700,19.180,69.05,22.20,0.00,1,Coast,634.3737
5220.0,678,67.800,19.001,68.40,22.20,0.00,1,Coast,634.3737
5221.0,678,67.800,18.950,68.22,22.20,0.00,1,Coast,634.3737
5222.0,678,67.800,18.899,68.04,22.20,0.00,1,Coast,634.3737
5223.0,678,67.800,18.849,67.86,22.20,0.00,1,Coast,634.3737
5224.0,678,67.800,18.798,67.67,22.20,0.00,1,Coast,634.3737
5225.0,679,67.900,18.748,67.49,22.20,0.00,3,Power,634.3737
5226.0,679,67.900,19.243,69.27,22.20,0.00,2,Cruise,635.3982
5227.0,679,67.900,19.279,69.40,22.20,0.00,2,Cruise,635.3982
5228.0,679,67.900,19.314,69.53,22.20,0.00,2,Cruise,635.3982
5229.0,679,67.900,19.350,69.66,22.20,0.00,2,Cruise,635.3982
5230.0,680,68.000,19.386,69.79,22.20,0.00,1,Coast,635.3982
5231.0,680,68.000,19.338,69.62,22.20,0.00,1,Coast,635.3982
5232.0,680,68.000,19.290,69.44,22.20,0.00,1,Coast,635.3982
5233.0,680,68.000,19.242,69.27,22.20,0.00,1,Coast,635.3982
5234.0,680,68.000,19.194,69.10,22.20,0.00,1,Coast,635.3982
5235.0,681,68.100,19.146,68.93,22.20,0.00,1,Coast,635.3982
5236.0,681,68.100,19.045,68.56,22.20,0.00,1,Coast,635.3982
5237.0,681,68.100,18.944,68.20,22.20,0.00,1,Coast,635.3982
5238.0,681,68.100,18.843,67.83,22.20,0.00,1,Coast,635.3982
5239.0,681,68.100,18.742,67.47,22.20,0.00,2,Cruise,635.3982
5240.0,681,68.100,18.742,67.47,22.20,0.00,2,Cruise,635.6205
5241.0,682,68.200,18.742,67.47,22.20,0.00,1,Coast,635.8428
5242.0,682,68.200,18.567,66.84,22.20,0.00,1,Coast,635.8428
5243.0,682,68.200,18.392,66.21,22.20,0.00,1,Coast,635.8428
5244.0,682,68.200,18.218,65.59,22.20,0.00,1,Coast,635.8428
5245.0,682,68.200,18.044,64.96,22.20,0.00,1,Coast,635.8428
5246.0,683,68.300,17.870,64.33,22.20,0.00,1,Coast,635.8428
5247.0,683,68.300,17.644,63.52,22.20,0.00,1,Coast,635.8428
5248.0,683,68.300,17.418,62.71,22.20,0.00,1,Coast,635.8428
5249.0,683,68.300,17.193,61.89,22.20,0.00,1,Coast,635.8428
5250.0,683,68.300,16.968,61.08,22.20,0.00,1,Coast,635.8428
5251.0,683,68.300,16.743,60.27,22.20,0.00,1,Coast,635.8428
5252.0,684,68.400,16.518,59.47,22.20,0.00,1,Coast,635.8428
5253.0,684,68.400,16.357,58.89,22.20,0.00,1,Coast,635.8428
5254.0,684,68.400,16.196,58.31,22.20,0.00,1,Coast,635.8428
5255.0,684,68.400,16.035,57.73,22.20,0.00,1,Coast,635.8428
5256.0,684,68.400,15.875,57.15,22.20,0.00,1,Coast,635.8428
5257.0,684,68.400,15.714,56.57,22.20,0.00,1,Coast,635.8428
5258.0,685,68.500,15.554,55.99,22.20,0.00,2,Cruise,635.8428
5259.0,685,68.500,15.576,56.07,22.20,0.00,2,Cruise,635.8428
5260.0,685,68.500,15.598,56.15,22.20,0.00,2,Cruise,635.8428
5261.0,685,68.500,15.620,56.23,22.20,0.00,2,Cruise,635.8428
5262.0,685,68.500,15.642,56.31,22.20,0.00,2,Cruise,635.8428
5263.0,685,68.500,15.664,56.39,22.20,0.00,2,Cruise,635.8428
5264.0,685,68.500,15.686,56.47,22.20,0.00,2,Cruise,635.8428
5265.0,686,68.600,15.707,56.55,22.20,0.00,1,Coast,635.8428
5266.0,686,68.600,15.561,56.02,22.20,0.00,1,Coast,635.8428
5267.0,686,68.600,15.415,55.49,22.20,0.00,1,Coast,635.8428
5268.0,686,68.600,15.269,54.97,22.20,0.00,3,Power,635.8428
5269.0,686,68.600,15.687,56.47,22.20,0.00,1,Coast,636.8678
5270.0,686,68.600,15.541,55.95,22.20,0.00,1,Coast,636.8678
5271.0,687,68.700,15.395,55.42,22.20,0.00,1,Coast,636.8678
5272.0,687,68.700,15.223,54.80,22.20,0.00,1,Coast,636.8678
5273.0,687,68.700,15.051,54.18,22.20,0.00,3,Power,636.8678
5274.0,687,68.700,15.451,55.62,22.20,0.00,1,Coast,637.8923
5275.0,687,68.700,15.279,55.00,22.20,0.00,1,Coast,637.8923
5276.0,687,68.700,15.107,54.39,22.20,0.00,1,Coast,637.8923
5277.0,687,68.700,14.935,53.77,22.20,0.00,3,Power,637.8923
5278.0,688,68.800,15.340,55.22,22.20,0.00,2,Cruise,638.9171
5279.0,688,68.800,15.340,55.22,22.20,0.00,2,Cruise,638.9950
5280.0,688,68.800,15.340,55.22,22.20,0.00,2,Cruise,639.0729
5281.0,688,68.800,15.340,55.22,22.20,0.00,2,Cruise,639.1508
5282.0,688,68.800,15.340,55.22,22.20,0.00,2,Cruise,639.2287
5283.0,688,68.800,15.340,55.22,22.20,0.00,2,Cruise,639.3066
5284.0,689,68.900,15.340,55.22,22.20,0.00,1,Coast,639.3845
5285.0,689,68.900,15.175,54.63,22.20,0.00,1,Coast,639.3845
5286.0,689,68.900,15.011,54.04,22.20,0.00,1,Coast,639.3845
5287.0,689,68.900,14.846,53.45,22.20,0.00,1,Coast,639.3845
5288.0,689,68.900,14.682,52.86,22.20,0.00,1,Coast,639.3845
5289.0,689,68.900,14.519,52.27,22.20,0.00,1,Coast,639.3845
5290.0,689,68.900,14.355,51.68,22.20,0.00,3,Power,639.3845
5291.0,690,69.000,14.790,53.25,22.20,0.00,2,Cruise,640.4110
5292.0,690,69.000,14.790,53.25,22.20,0.00,2,Cruise,640.5240
5293.0,690,69.000,14.790,53.25,22.20,0.00,2,Cruise,640.6371
5294.0,690,69.000,14.790,53.25,22.20,0.00,2,Cruise,640.7501
5295.0,690,69.000,14.790,53.25,22.20,0.00,2,Cruise,640.8632
5296.0,690,69.000,14.790,53.25,22.20,0.00,2,Cruise,640.9762
5297.0,690,69.000,14.790,53.25,22.20,0.00,2,Cruise,641.0892
5298.0,691,69.100,14.790,53.25,22.20,0.00,2,Cruise,641.2023
5299.0,691,69.100,14.790,53.25,22.20,0.00,2,Cruise,641.3002
5300.0,691,69.100,14.790,53.25,22.20,0.00,2,Cruise,641.3980
5301.0,691,69.100,14.790,53.25,22.20,0.00,2,Cruise,641.4959
5302.0,691,69.100,14.790,53.25,22.20,0.00,2,Cruise,641.5938
5303.0,691,69.100,14.790,53.25,22.20,0.00,2,Cruise,641.6917
5304.0,692,69.200,14.790,53.25,22.20,0.00,2,Cruise,641.7896
5305.0,692,69.200,14.790,53.25,22.20,0.00,2,Cruise,641.8379
5306.0,692,69.200,14.790,53.25,22.20,0.00,2,Cruise,641.8863
5307.0,692,69.200,14.790,53.25,22.20,0.00,2,Cruise,641.9346
5308.0,692,69.200,14.790,53.25,22.20,0.00,2,Cruise,641.9830
5309.0,692,69.200,14.790,53.25,22.20,0.00,2,Cruise,642.0313
5310.0,692,69.200,14.790,53.25,22.20,0.00,2,Cruise,642.0796
5311.0,693,69.300,14.790,53.25,22.20,0.00,2,Cruise,642.1280
5312.0,693,69.300,14.880,53.57,22.20,0.00,2,Cruise,642.1280
5313.0,693,69.300,14.970,53.89,22.20,0.00,2,Cruise,642.1280
5314.0,693,69.300,15.060,54.22,22.20,0.00,2,Cruise,642.1280
5315.0,693,69.300,15.149,54.54,22.20,0.00,2,Cruise,642.1280
5316.0,693,69.300,15.239,54.86,22.20,0.00,2,Cruise,642.1280
5317.0,693,69.300,15.328,55.18,22.20,0.00,2,Cruise,642.1280
5318.0,694,69.400,15.417,55.50,22.20,0.00,2,Cruise,642.1280
5319.0,694,69.400,15.417,55.50,22.20,0.00,2,Cruise,642.1710
5320.0,694,69.400,15.417,55.50,22.20,0.00,2,Cruise,642.2140
5321.0,694,69.400,15.417,55.50,22.20,0.00,2,Cruise,642.2570
5322.0,694,69.400,15.417,55.50,22.20,0.00,2,Cruise,642.3000
5323.0,694,69.400,15.417,55.50,22.20,0.00,2,Cruise,642.3430
5324.0,695,69.500,15.417,55.50,22.20,0.00,1,Coast,642.3860
5325.0,695,69.500,15.298,55.07,22.20,0.00,1,Coast,642.3860
5326.0,695,69.500,15.179,54.64,22.20,0.00,1,Coast,642.3860
5327.0,695,69.500,15.060,54.22,22.20,0.00,1,Coast,642.3860
5328.0,695,69.500,14.941,53.79,22.20,0.00,1,Coast,642.3860
5329.0,695,69.500,14.822,53.36,22.20,0.00,1,Coast,642.3860
5330.0,695,69.500,14.704,52.93,22.20,0.00,1,Coast,642.3860
5331.0,696,69.600,14.585,52.51,22.20,0.00,1,Coast,642.3860
5332.0,696,69.600,14.277,51.40,22.20,0.00,1,Coast,642.3860
5333.0,696,69.600,13.970,50.29,22.20,0.00,1,Coast,642.3860
5334.0,696,69.600,13.662,49.18,22.20,0.00,1,Coast,642.3860
5335.0,696,69.600,13.356,48.08,22.20,0.00,1,Coast,642.3860
5336.0,696,69.600,13.049,46.98,22.20,0.00,1,Coast,642.3860
5337.0,696,69.600,12.743,45.87,22.20,0.00,1,Coast,642.3860
5338.0,697,69.700,12.437,44.77,22.20,0.00,3,Power,642.3860
5339.0,697,69.700,13.025,46.89,22.20,0.00,2,Cruise,643.2847
5340.0,697,69.700,13.025,46.89,22.20,0.00,2,Cruise,643.3038
5341.0,697,69.700,13.025,46.89,22.20,0.00,2,Cruise,643.3229
5342.0,697,69.700,13.025,46.89,22.20,0.00,2,Cruise,643.3420
5343.0,697,69.700,13.025,46.89,22.20,0.00,2,Cruise,643.3611
5344.0,697,69.700,13.025,46.89,22.20,0.00,2,Cruise,643.3801
5345.0,697,69.700,13.025,46.89,22.20,0.00,2,Cruise,643.3992
5346.0,698,69.800,13.025,46.89,22.20,0.00,2,Cruise,643.4183
5347.0,698,69.800,13.162,47.38,22.20,0.00,2,Cruise,643.4183
5348.0,698,69.800,13.299,47.88,22.20,0.00,2,Cruise,643.4183
5349.0,698,69.800,13.436,48.37,22.20,0.00,2,Cruise,643.4183
5350.0,698,69.800,13.572,48.86,22.20,0.00,2,Cruise,643.4183
5351.0,698,69.800,13.708,49.35,22.20,0.00,2,Cruise,643.4183
5352.0,698,69.800,13.844,49.84,22.20,0.00,2,Cruise,643.4183
5353.0,699,69.900,13.980,50.33,22.20,0.00,0,Brake,643.4183
5354.0,699,69.900,13.180,47.45,22.20,0.00,0,Brake,643.4183
5355.0,699,69.900,12.380,44.57,22.20,0.00,1,Coast,643.4183
5356.0,699,69.900,11.953,43.03,22.20,0.00,1,Coast,643.4183
5357.0,699,69.900,11.527,41.50,22.20,0.00,1,Coast,643.4183
5358.0,699,69.900,11.101,39.96,22.20,0.00,1,Coast,643.4183
5359.0,699,69.900,10.675,38.43,22.20,0.00,1,Coast,643.4183
5360.0,699,69.900,10.249,36.90,22.20,0.00,1,Coast,643.4183
5361.0,699,69.900,9.824,35.37,22.20,0.00,3,Power,643.4183
5362.0,700,70.000,10.275,36.99,11.10,0.00,2,Cruise,644.4526
5363.0,700,70.000,10.285,37.02,11.10,0.00,2,Cruise,644.4526
5364.0,700,70.000,10.294,37.06,11.10,0.00,2,Cruise,644.4526
5365.0,700,70.000,10.304,37.09,11.10,0.00,2,Cruise,644.4526
5366.0,700,70.000,10.314,37.13,11.10,0.00,2,Cruise,644.4526
5367.0,700,70.000,10.324,37.17,11.10,0.00,2,Cruise,644.4526
5368.0,700,70.000,10.334,37.20,11.10,0.00,2,Cruise,644.4526
5369.0,700,70.000,10.343,37.24,11.10,0.00,2,Cruise,644.4526
5370.0,700,70.000,10.353,37.27,11.10,0.00,2,Cruise,644.4526
5371.0,700,70.000,10.363,37.31,11.10,0.00,2,Cruise,644.4526
5372.0,701,70.100,10.373,37.34,11.10,0.00,2,Cruise,644.4526
5373.0,701,70.100,10.459,37.65,11.10,0.00,2,Cruise,644.4526
5374.0,701,70.100,10.545,37.96,11.10,0.00,2,Cruise,644.4526
5375.0,701,70.100,10.631,38.27,11.10,0.00,2,Cruise,644.4526
5376.0,701,70.100,10.717,38.58,11.10,0.00,2,Cruise,644.4526
5377.0,701,70.100,10.803,38.89,11.10,0.00,2,Cruise,644.4526
5378.0,701,70.100,10.889,39.20,11.10,0.00,2,Cruise,644.4526
5379.0,701,70.100,10.975,39.51,11.10,0.00,2,Cruise,644.4526
5380.0,701,70.100,11.061,39.82,11.10,0.00,2,Cruise,644.4526
5381.0,702,70.200,11.146,40.13,11.10,0.05,1,Coast,644.4526
5382.0,702,70.200,10.924,39.33,11.10,0.00,1,Coast,644.4526
5383.0,702,70.200,10.702,38.53,11.10,0.00,1,Coast,644.4526
5384.0,702,70.200,10.480,37.73,11.10,0.00,1,Coast,644.4526
5385.0,702,70.200,10.258,36.93,11.10,0.00,1,Coast,644.4526
5386.0,702,70.200,10.037,36.13,11.10,0.00,1,Coast,644.4526
5387.0,702,70.200,9.815,35.33,11.10,0.00,3,Power,644.4526
5388.0,702,70.200,10.415,37.49,11.10,0.00,1,Coast,645.4946
5389.0,702,70.200,10.194,36.70,11.10,0.00,1,Coast,645.4946
5390.0,702,70.200,9.972,35.90,11.10,0.00,1,Coast,645.4946
5391.0,703,70.300,9.751,35.10,11.10,0.00,2,Cruise,645.4946
5392.0,703,70.300,9.795,35.26,11.10,0.00,2,Cruise,645.4946
5393.0,703,70.300,9.839,35.42,11.10,0.00,2,Cruise,645.4946
5394.0,703,70.300,9.883,35.58,11.10,0.00,2,Cruise,645.4946
5395.0,703,70.300,9.927,35.74,11.10,0.00,2,Cruise,645.4946
5396.0,703,70.300,9.971,35.89,11.10,0.00,2,Cruise,645.4946
5397.0,703,70.300,10.015,36.05,11.10,0.00,2,Cruise,645.4946
5398.0,703,70.300,10.058,36.21,11.10,0.00,2,Cruise,645.4946
5399.0,703,70.300,10.102,36.37,11.10,0.00,2,Cruise,645.4946
5400.0,703,70.300,10.146,36.53,11.10,0.00,2,Cruise,645.4946
5401.0,704,70.400,10.190,36.68,11.10,0.00,2,Cruise,645.4946
5402.0,704,70.400,10.190,36.68,11.10,0.00,2,Cruise,645.5139
5403.0,704,70.400,10.190,36.68,11.10,0.00,2,Cruise,645.5333
5404.0,704,70.400,10.190,36.68,11.10,0.00,2,Cruise,645.5526
5405.0,704,70.400,10.190,36.68,11.10,0.00,2,Cruise,645.5719
5406.0,704,70.400,10.190,36.68,11.10,0.00,2,Cruise,645.5912
5407.0,704,70.400,10.190,36.68,11.10,0.00,2,Cruise,645.6105
5408.0,704,70.400,10.190,36.68,11.10,0.00,2,Cruise,645.6299
5409.0,704,70.400,10.190,36.68,11.10,0.00,2,Cruise,645.6492
5410.0,705,70.500,10.190,36.68,11.10,0.00,2,Cruise,645.6685
5411.0,705,70.500,10.190,36.68,11.10,0.00,2,Cruise,645.7061
5412.0,705,70.500,10.190,36.68,11.10,0.00,2,Cruise,645.7438
5413.0,705,70.500,10.190,36.68,11.10,0.00,2,Cruise,645.7814
5414.0,705,70.500,10.190,36.68,11.10,0.00,2,Cruise,645.8191
5415.0,705,70.500,10.190,36.68,11.10,0.00,2,Cruise,645.8567
5416.0,705,70.500,10.190,36.68,11.10,0.00,2,Cruise,645.8943
5417.0,705,70.500,10.190,36.68,11.10,0.00,2,Cruise,645.9320
5418.0,705,70.500,10.190,36.68,11.10,0.00,2,Cruise,645.9696
5419.0,705,70.500,10.190,36.68,11.10,0.00,2,Cruise,646.0072
5420.0,706,70.600,10.190,36.68,11.10,0.00,2,Cruise,646.0449
5421.0,706,70.600,10.199,36.72,11.10,0.00,2,Cruise,646.0449
5422.0,706,70.600,10.209,36.75,11.10,0.00,2,Cruise,646.0449
5423.0,706,70.600,10.219,36.79,11.10,0.00,2,Cruise,646.0449
5424.0,706,70.600,10.228,36.82,11.10,0.00,2,Cruise,646.0449
5425.0,706,70.600,10.238,36.86,11.10,0.00,2,Cruise,646.0449
5426.0,706,70.600,10.248,36.89,11.10,0.00,2,Cruise,646.0449
5427.0,706,70.600,10.257,36.93,11.10,0.00,2,Cruise,646.0449
5428.0,706,70.600,10.267,36.96,11.10,0.00,2,Cruise,646.0449
5429.0,706,70.600,10.276,37.00,11.10,0.00,2,Cruise,646.0449
5430.0,707,70.700,10.286,37.03,11.10,0.00,2,Cruise,646.0449
5431.0,707,70.700,10.286,37.03,11.10,0.00,2,Cruise,646.1877
5432.0,707,70.700,10.286,37.03,11.10,0.00,2,Cruise,646.3306
5433.0,707,70.700,10.286,37.03,11.10,0.00,2,Cruise,646.4734
5434.0,707,70.700,10.286,37.03,11.10,0.00,2,Cruise,646.6163
5435.0,707,70.700,10.286,37.03,11.10,0.00,2,Cruise,646.7592
5436.0,707,70.700,10.286,37.03,11.10,0.00,2,Cruise,646.9020
5437.0,707,70.700,10.286,37.03,11.10,0.00,2,Cruise,647.0449
5438.0,707,70.700,10.286,37.03,11.10,0.00,2,Cruise,647.1877
5439.0,707,70.700,10.286,37.03,11.10,0.00,2,Cruise,647.3306
5440.0,708,70.800,10.286,37.03,11.10,0.00,2,Cruise,647.4734
5441.0,708,70.800,10.291,37.05,11.10,0.00,2,Cruise,647.4734
5442.0,708,70.800,10.296,37.07,11.10,0.00,2,Cruise,647.4734
5443.0,708,70.800,10.301,37.08,11.10,0.00,2,Cruise,647.4734
5444.0,708,70.800,10.306,37.10,11.10,0.00,2,Cruise,647.4734
5445.0,708,70.800,10.311,37.12,11.10,0.00,2,Cruise,647.4734
5446.0,708,70.800,10.316,37.14,11.10,0.00,2,Cruise,647.4734
5447.0,708,70.800,10.321,37.16,11.10,0.00,2,Cruise,647.4734
5448.0,708,70.800,10.326,37.17,11.10,0.00,2,Cruise,647.4734
5449.0,709,70.900,10.331,37.19,11.10,0.00,2,Cruise,647.4734
5450.0,709,70.900,10.331,37.19,11.10,0.00,2,Cruise,647.5658
5451.0,709,70.900,10.331,37.19,11.10,0.00,2,Cruise,647.6582
5452.0,709,70.900,10.331,37.19,11.10,0.00,2,Cruise,647.7506
5453.0,709,70.900,10.331,37.19,11.10,0.00,2,Cruise,647.8429
5454.0,709,70.900,10.331,37.19,11.10,0.00,2,Cruise,647.9353
5455.0,709,70.900,10.331,37.19,11.10,0.00,2,Cruise,648.0277
5456.0,709,70.900,10.331,37.19,11.10,0.00,2,Cruise,648.1200
5457.0,709,70.900,10.331,37.19,11.10,0.00,2,Cruise,648.2124
5458.0,709,70.900,10.331,37.19,11.10,0.00,2,Cruise,648.3048
5459.0,710,71.000,10.331,37.19,11.10,0.00,2,Cruise,648.3972
5460.0,710,71.000,10.331,37.19,11.10,0.00,2,Cruise,648.4874
5461.0,710,71.000,10.331,37.19,11.10,0.00,2,Cruise,648.5777
5462.0,710,71.000,10.331,37.19,11.10,0.00,2,Cruise,648.6679
5463.0,710,71.000,10.331,37.19,11.10,0.00,2,Cruise,648.7582
5464.0,710,71.000,10.331,37.19,11.10,0.00,2,Cruise,648.8484
5465.0,710,71.000,10.331,37.19,11.10,0.00,2,Cruise,648.9387
5466.0,710,71.000,10.331,37.19,11.10,0.00,2,Cruise,649.0289
5467.0,710,71.000,10.331,37.19,11.10,0.00,2,Cruise,649.1192
5468.0,710,71.000,10.331,37.19,11.10,0.00,2,Cruise,649.2094
5469.0,711,71.100,10.331,37.19,11.10,0.00,2,Cruise,649.2997
5470.0,711,71.100,10.331,37.19,11.10,0.00,2,Cruise,649.3776
5471.0,711,71.100,10.331,37.19,11.10,0.00,2,Cruise,649.4555
5472.0,711,71.100,10.331,37.19,11.10,0.00,2,Cruise,649.5334
5473.0,711,71.100,10.331,37.19,11.10,0.00,2,Cruise,649.6114
5474.0,711,71.100,10.331,37.19,11.10,0.00,2,Cruise,649.6893
5475.0,711,71.100,10.331,37.19,11.10,0.00,2,Cruise,649.7672
5476.0,711,71.100,10.331,37.19,11.10,0.00,2,Cruise,649.8452
5477.0,711,71.100,10.331,37.19,11.10,0.00,2,Cruise,649.9231
5478.0,711,71.100,10.331,37.19,11.10,0.00,2,Cruise,650.0010
5479.0,712,71.200,10.331,37.19,11.10,0.00,2,Cruise,650.0789
5480.0,712,71.200,10.331,37.19,11.10,0.00,2,Cruise,650.1265
5481.0,712,71.200,10.331,37.19,11.10,0.00,2,Cruise,650.1740
5482.0,712,71.200,10.331,37.19,11.10,0.00,2,Cruise,650.2215
5483.0,712,71.200,10.331,37.19,11.10,0.00,2,Cruise,650.2690
5484.0,712,71.200,10.331,37.19,11.10,0.00,2,Cruise,650.3165
5485.0,712,71.200,10.331,37.19,11.10,0.00,2,Cruise,650.3640
5486.0,712,71.200,10.331,37.19,11.10,0.00,2,Cruise,650.4116
5487.0,712,71.200,10.331,37.19,11.10,0.00,2,Cruise,650.4591
5488.0,713,71.300,10.331,37.19,11.10,0.00,2,Cruise,650.5066
5489.0,713,71.300,10.331,37.19,11.10,0.00,2,Cruise,650.6377
5490.0,713,71.300,10.331,37.19,11.10,0.00,2,Cruise,650.7688
5491.0,713,71.300,10.331,37.19,11.10,0.00,2,Cruise,650.8999
5492.0,713,71.300,10.331,37.19,11.10,0.00,2,Cruise,651.0310
5493.0,713,71.300,10.331,37.19,11.10,0.00,2,Cruise,651.1620
5494.0,713,71.300,10.331,37.19,11.10,0.00,2,Cruise,651.2931
5495.0,713,71.300,10.331,37.19,11.10,0.00,2,Cruise,651.4242
5496.0,713,71.300,10.331,37.19,11.10,0.00,2,Cruise,651.5553
5497.0,713,71.300,10.331,37.19,11.10,0.00,2,Cruise,651.6864
5498.0,714,71.400,10.331,37.19,11.10,0.00,1,Coast,651.8175
5499.0,714,71.400,10.360,37.30,11.10,0.00,1,Coast,651.8175
5500.0,714,71.400,10.389,37.40,11.10,0.00,1,Coast,651.8175
5501.0,714,71.400,10.418,37.51,11.10,0.00,1,Coast,651.8175
5502.0,714,71.400,10.447,37.61,11.10,0.00,1,Coast,651.8175
5503.0,714,71.400,10.476,37.71,11.10,0.00,1,Coast,651.8175
5504.0,714,71.400,10.505,37.82,11.10,0.00,1,Coast,651.8175
5505.0,714,71.400,10.534,37.92,11.10,0.00,1,Coast,651.8175
5506.0,714,71.400,10.563,38.03,11.10,0.00,1,Coast,651.8175
5507.0,715,71.500,10.592,38.13,11.10,0.00,1,Coast,651.8175
5508.0,715,71.500,10.472,37.70,11.10,0.00,2,Cruise,651.8175
5509.0,715,71.500,10.472,37.70,11.10,0.00,2,Cruise,651.9651
5510.0,715,71.500,10.472,37.70,11.10,0.00,2,Cruise,652.1127
5511.0,715,71.500,10.472,37.70,11.10,0.00,2,Cruise,652.2603
5512.0,715,71.500,10.472,37.70,11.10,0.00,2,Cruise,652.4079
5513.0,715,71.500,10.472,37.70,11.10,0.00,2,Cruise,652.5555
5514.0,715,71.500,10.472,37.70,11.10,0.00,2,Cruise,652.7031
5515.0,715,71.500,10.472,37.70,11.10,0.00,2,Cruise,652.8507
5516.0,715,71.500,10.472,37.70,11.10,0.00,2,Cruise,652.9983
5517.0,716,71.600,10.472,37.70,11.10,0.00,2,Cruise,653.1459
5518.0,716,71.600,10.472,37.70,11.10,0.00,2,Cruise,653.2029
5519.0,716,71.600,10.472,37.70,11.10,0.00,2,Cruise,653.2599
5520.0,716,71.600,10.472,37.70,11.10,0.00,2,Cruise,653.3169
5521.0,716,71.600,10.472,37.70,11.10,0.00,2,Cruise,653.3738
5522.0,716,71.600,10.472,37.70,11.10,0.00,2,Cruise,653.4308
5523.0,716,71.600,10.472,37.70,11.10,0.00,2,Cruise,653.4878
5524.0,716,71.600,10.472,37.70,11.10,0.00,2,Cruise,653.5448
5525.0,716,71.600,10.472,37.70,11.10,0.00,2,Cruise,653.6018
5526.0,716,71.600,10.472,37.70,11.10,0.00,2,Cruise,653.6588
5527.0,717,71.700,10.472,37.70,11.10,0.00,1,Coast,653.7157
5528.0,717,71.700,10.328,37.18,11.10,0.00,1,Coast,653.7157
5529.0,717,71.700,10.183,36.66,11.10,0.00,1,Coast,653.7157
5530.0,717,71.700,10.040,36.14,11.10,0.00,1,Coast,653.7157
5531.0,717,71.700,9.896,35.62,11.10,0.00,2,Cruise,653.7157
5532.0,717,71.700,9.896,35.62,11.10,0.00,2,Cruise,653.8830
5533.0,717,71.700,9.896,35.62,11.10,0.00,2,Cruise,654.0502
5534.0,717,71.700,9.896,35.62,11.10,0.00,2,Cruise,654.2175
5535.0,717,71.700,9.896,35.62,11.10,0.00,2,Cruise,654.3847
5536.0,718,71.800,9.896,35.62,11.10,0.00,2,Cruise,654.5520
5537.0,718,71.800,9.896,35.62,11.10,0.00,2,Cruise,654.6646
5538.0,718,71.800,9.896,35.62,11.10,0.00,2,Cruise,654.7772
5539.0,718,71.800,9.896,35.62,11.10,0.00,2,Cruise,654.8899
5540.0,718,71.800,9.896,35.62,11.10,0.00,2,Cruise,655.0025
5541.0,718,71.800,9.896,35.62,11.10,0.00,2,Cruise,655.1151
5542.0,718,71.800,9.896,35.62,11.10,0.00,2,Cruise,655.2277
5543.0,718,71.800,9.896,35.62,11.10,0.00,2,Cruise,655.3404
5544.0,718,71.800,9.896,35.62,11.10,0.00,2,Cruise,655.4530
5545.0,718,71.800,9.896,35.62,11.10,0.00,2,Cruise,655.5656
5546.0,718,71.800,9.896,35.62,11.10,0.00,2,Cruise,655.6783
5547.0,719,71.900,9.896,35.62,11.10,0.00,2,Cruise,655.7909
5548.0,719,71.900,9.896,35.62,11.10,0.00,2,Cruise,655.9037
5549.0,719,71.900,9.896,35.62,11.10,0.00,2,Cruise,656.0166
5550.0,719,71.900,9.896,35.62,11.10,0.00,2,Cruise,656.1294
5551.0,719,71.900,9.896,35.62,11.10,0.00,2,Cruise,656.2423
5552.0,719,71.900,9.896,35.62,11.10,0.00,2,Cruise,656.3552
5553.0,719,71.900,9.896,35.62,11.10,0.00,2,Cruise,656.4680
5554.0,719,71.900,9.896,35.62,11.10,0.00,2,Cruise,656.5809
5555.0,719,71.900,9.896,35.62,11.10,0.00,2,Cruise,656.6937
5556.0,719,71.900,9.896,35.62,11.10,0.00,2,Cruise,656.8066
5557.0,720,72.000,9.896,35.62,11.10,0.00,1,Coast,656.9194
5558.0,720,72.000,9.698,34.91,11.10,0.00,1,Coast,656.9194
5559.0,720,72.000,9.500,34.20,11.10,0.00,1,Coast,656.9194
5560.0,720,72.000,9.303,33.49,11.10,0.00,3,Power,656.9194
5561.0,720,72.000,9.903,35.65,11.10,0.00,1,Coast,657.9632
5562.0,720,72.000,9.705,34.94,11.10,0.00,1,Coast,657.9632
5563.0,720,72.000,9.507,34.23,11.10,0.00,1,Coast,657.9632
5564.0,720,72.000,9.310,33.51,11.10,0.00,3,Power,657.9632
5565.0,720,72.000,9.910,35.67,11.10,0.00,1,Coast,659.0068
5566.0,720,72.000,9.712,34.96,11.10,0.00,1,Coast,659.0068
5567.0,721,72.100,9.514,34.25,11.10,0.00,2,Cruise,659.0068
5568.0,721,72.100,9.514,34.25,11.10,0.00,2,Cruise,659.0886
5569.0,721,72.100,9.514,34.25,11.10,0.00,2,Cruise,659.1703
5570.0,721,72.100,9.514,34.25,11.10,0.00,2,Cruise,659.2521
5571.0,721,72.100,9.514,34.25,11.10,0.00,2,Cruise,659.3338
5572.0,721,72.100,9.514,34.25,11.10,0.00,2,Cruise,659.4156
5573.0,721,72.100,9.514,34.25,11.10,0.00,2,Cruise,659.4973
5574.0,721,72.100,9.514,34.25,11.10,0.00,2,Cruise,659.5791
5575.0,721,72.100,9.514,34.25,11.10,0.00,2,Cruise,659.6608
5576.0,721,72.100,9.514,34.25,11.10,0.00,2,Cruise,659.7426
5577.0,721,72.100,9.514,34.25,11.10,0.00,2,Cruise,659.8243
5578.0,722,72.200,9.514,34.25,11.10,0.00,2,Cruise,659.9061
5579.0,722,72.200,9.514,34.25,11.10,0.00,2,Cruise,659.9845
5580.0,722,72.200,9.514,34.25,11.10,0.00,2,Cruise,660.0630
5581.0,722,72.200,9.514,34.25,11.10,0.00,2,Cruise,660.1415
5582.0,722,72.200,9.514,34.25,11.10,0.00,2,Cruise,660.2200
5583.0,722,72.200,9.514,34.25,11.10,0.00,2,Cruise,660.2984
5584.0,722,72.200,9.514,34.25,11.10,0.00,2,Cruise,660.3769
5585.0,722,72.200,9.514,34.25,11.10,0.00,2,Cruise,660.4554
5586.0,722,72.200,9.514,34.25,11.10,0.00,2,Cruise,660.5339
5587.0,722,72.200,9.514,34.25,11.10,0.00,2,Cruise,660.6123
5588.0,723,72.300,9.514,34.25,11.10,0.00,2,Cruise,660.6908
5589.0,723,72.300,9.514,34.25,11.10,0.00,2,Cruise,660.7780
5590.0,723,72.300,9.514,34.25,11.10,0.00,2,Cruise,660.8652
5591.0,723,72.300,9.514,34.25,11.10,0.00,2,Cruise,660.9525
5592.0,723,72.300,9.514,34.25,11.10,0.00,2,Cruise,661.0397
5593.0,723,72.300,9.514,34.25,11.10,0.00,2,Cruise,661.1269
5594.0,723,72.300,9.514,34.25,11.10,0.00,2,Cruise,661.2141
5595.0,723,72.300,9.514,34.25,11.10,0.00,2,Cruise,661.3013
5596.0,723,72.300,9.514,34.25,11.10,0.00,2,Cruise,661.3885
5597.0,723,72.300,9.514,34.25,11.10,0.00,2,Cruise,661.4758
5598.0,723,72.300,9.514,34.25,11.10,0.00,2,Cruise,661.5630
5599.0,724,72.400,9.514,34.25,11.10,0.00,2,Cruise,661.6502
5600.0,724,72.400,9.514,34.25,11.10,0.00,2,Cruise,661.7283
5601.0,724,72.400,9.514,34.25,11.10,0.00,2,Cruise,661.8064
5602.0,724,72.400,9.514,34.25,11.10,0.00,2,Cruise,661.8845
5603.0,724,72.400,9.514,34.25,11.10,0.00,2,Cruise,661.9626
5604.0,724,72.400,9.514,34.25,11.10,0.00,2,Cruise,662.0408
5605.0,724,72.400,9.514,34.25,11.10,0.00,2,Cruise,662.1189
5606.0,724,72.400,9.514,34.25,11.10,0.00,2,Cruise,662.1970
5607.0,724,72.400,9.514,34.25,11.10,0.00,2,Cruise,662.2751
5608.0,724,72.400,9.514,34.25,11.10,0.00,2,Cruise,662.3532
5609.0,725,72.500,9.514,34.25,11.10,0.00,2,Cruise,662.4313
5610.0,725,72.500,9.514,34.25,11.10,0.00,2,Cruise,662.5139
5611.0,725,72.500,9.514,34.25,11.10,0.00,2,Cruise,662.5965
5612.0,725,72.500,9.514,34.25,11.10,0.00,2,Cruise,662.6791
5613.0,725,72.500,9.514,34.25,11.10,0.00,2,Cruise,662.7616
5614.0,725,72.500,9.514,34.25,11.10,0.00,2,Cruise,662.8442
5615.0,725,72.500,9.514,34.25,11.10,0.00,2,Cruise,662.9268
5616.0,725,72.500,9.514,34.25,11.10,0.00,2,Cruise,663.0094
5617.0,725,72.500,9.514,34.25,11.10,0.00,2,Cruise,663.0919
5618.0,725,72.500,9.514,34.25,11.10,0.00,2,Cruise,663.1745
5619.0,725,72.500,9.514,34.25,11.10,0.00,2,Cruise,663.2571
5620.0,726,72.600,9.514,34.25,11.10,0.00,1,Coast,663.3397
5621.0,726,72.600,9.402,33.85,11.10,0.00,1,Coast,663.3397
5622.0,726,72.600,9.290,33.44,11.10,0.00,1,Coast,663.3397
5623.0,726,72.600,9.178,33.04,11.10,0.00,1,Coast,663.3397
5624.0,726,72.600,9.066,32.64,11.10,0.00,2,Cruise,663.3397
5625.0,726,72.600,9.066,32.64,11.10,0.00,2,Cruise,663.4588
5626.0,726,72.600,9.066,32.64,11.10,0.00,2,Cruise,663.5778
5627.0,726,72.600,9.066,32.64,11.10,0.00,2,Cruise,663.6969
5628.0,726,72.600,9.066,32.64,11.10,0.00,2,Cruise,663.8160
5629.0,726,72.600,9.066,32.64,11.10,0.00,2,Cruise,663.9351
5630.0,727,72.700,9.066,32.64,11.10,0.00,2,Cruise,664.0542
5631.0,727,72.700,9.066,32.64,11.10,0.00,2,Cruise,664.1090
5632.0,727,72.700,9.066,32.64,11.10,0.00,2,Cruise,664.1639
5633.0,727,72.700,9.066,32.64,11.10,0.00,2,Cruise,664.2187
5634.0,727,72.700,9.066,32.64,11.10,0.00,2,Cruise,664.2736
5635.0,727,72.700,9.066,32.64,11.10,0.00,2,Cruise,664.3284
5636.0,727,72.700,9.066,32.64,11.10,0.00,2,Cruise,664.3833
5637.0,727,72.700,9.066,32.64,11.10,0.00,2,Cruise,664.4381
5638.0,727,72.700,9.066,32.64,11.10,0.00,2,Cruise,664.4930
5639.0,727,72.700,9.066,32.64,11.10,0.00,2,Cruise,664.5479
5640.0,727,72.700,9.066,32.64,11.10,0.00,2,Cruise,664.6027
5641.0,728,72.800,9.066,32.64,11.10,0.00,2,Cruise,664.6576
5642.0,728,72.800,9.066,32.64,11.10,0.00,2,Cruise,664.7136
5643.0,728,72.800,9.066,32.64,11.10,0.00,2,Cruise,664.7695
5644.0,728,72.800,9.066,32.64,11.10,0.00,2,Cruise,664.8255
5645.0,728,72.800,9.066,32.64,11.10,0.00,2,Cruise,664.8815
5646.0,728,72.800,9.066,32.64,11.10,0.00,2,Cruise,664.9375
5647.0,728,72.800,9.066,32.64,11.10,0.00,2,Cruise,664.9935
5648.0,728,72.800,9.066,32.64,11.10,0.00,2,Cruise,665.0495
5649.0,728,72.800,9.066,32.64,11.10,0.00,2,Cruise,665.1055
5650.0,728,72.800,9.066,32.64,11.10,0.00,2,Cruise,665.1615
5651.0,728,72.800,9.066,32.64,11.10,0.00,2,Cruise,665.2175
5652.0,728,72.800,9.066,32.64,11.10,0.00,2,Cruise,665.2735
5653.0,729,72.900,9.066,32.64,11.10,0.00,2,Cruise,665.3295
5654.0,729,72.900,9.104,32.77,11.10,0.00,2,Cruise,665.3295
5655.0,729,72.900,9.142,32.91,11.10,0.00,2,Cruise,665.3295
5656.0,729,72.900,9.179,33.05,11.10,0.00,2,Cruise,665.3295
5657.0,729,72.900,9.217,33.18,11.10,0.00,2,Cruise,665.3295
5658.0,729,72.900,9.254,33.32,11.10,0.00,2,Cruise,665.3295
5659.0,729,72.900,9.292,33.45,11.10,0.00,2,Cruise,665.3295
5660.0,729,72.900,9.329,33.59,11.10,0.00,2,Cruise,665.3295
5661.0,729,72.900,9.367,33.72,11.10,0.00,2,Cruise,665.3295
5662.0,729,72.900,9.404,33.85,11.10,0.00,2,Cruise,665.3295
5663.0,730,73.000,9.441,33.99,11.10,0.00,2,Cruise,665.3295
5664.0,730,73.000,9.441,33.99,11.10,0.00,2,Cruise,665.3348
5665.0,730,73.000,9.441,33.99,11.10,0.00,2,Cruise,665.3402
5666.0,730,73.000,9.441,33.99,11.10,0.00,2,Cruise,665.3456
5667.0,730,73.000,9.441,33.99,11.10,0.00,2,Cruise,665.3510
5668.0,730,73.000,9.441,33.99,11.10,0.00,2,Cruise,665.3563
5669.0,730,73.000,9.441,33.99,11.10,0.00,2,Cruise,665.3617
5670.0,730,73.000,9.441,33.99,11.10,0.00,2,Cruise,665.3671
5671.0,730,73.000,9.441,33.99,11.10,0.00,2,Cruise,665.3725
5672.0,730,73.000,9.441,33.99,11.10,0.00,2,Cruise,665.3778
5673.0,730,73.000,9.441,33.99,11.10,0.00,2,Cruise,665.3832
5674.0,731,73.100,9.441,33.99,11.10,0.00,2,Cruise,665.3886
5675.0,731,73.100,9.441,33.99,11.10,0.00,2,Cruise,665.4086
5676.0,731,73.100,9.441,33.99,11.10,0.00,2,Cruise,665.4287
5677.0,731,73.100,9.441,33.99,11.10,0.00,2,Cruise,665.4487
5678.0,731,73.100,9.441,33.99,11.10,0.00,2,Cruise,665.4688
5679.0,731,73.100,9.441,33.99,11.10,0.00,2,Cruise,665.4888
5680.0,731,73.100,9.441,33.99,11.10,0.00,2,Cruise,665.5089
5681.0,731,73.100,9.441,33.99,11.10,0.00,2,Cruise,665.5289
5682.0,731,73.100,9.441,33.99,11.10,0.00,2,Cruise,665.5490
5683.0,731,73.100,9.441,33.99,11.10,0.00,2,Cruise,665.5690
5684.0,731,73.100,9.441,33.99,11.10,0.00,2,Cruise,665.5890
5685.0,732,73.200,9.441,33.99,11.10,0.00,2,Cruise,665.6091
5686.0,732,73.200,9.454,34.03,11.10,0.00,2,Cruise,665.6091
5687.0,732,73.200,9.467,34.08,11.10,0.00,2,Cruise,665.6091
5688.0,732,73.200,9.480,34.13,11.10,0.00,2,Cruise,665.6091
5689.0,732,73.200,9.493,34.17,11.10,0.00,2,Cruise,665.6091
5690.0,732,73.200,9.505,34.22,11.10,0.00,2,Cruise,665.6091
5691.0,732,73.200,9.518,34.27,11.10,0.00,2,Cruise,665.6091
5692.0,732,73.200,9.531,34.31,11.10,0.00,2,Cruise,665.6091
5693.0,732,73.200,9.544,34.36,11.10,0.00,2,Cruise,665.6091
5694.0,732,73.200,9.556,34.40,11.10,0.00,2,Cruise,665.6091
5695.0,733,73.300,9.569,34.45,11.10,0.00,2,Cruise,665.6091
5696.0,733,73.300,9.569,34.45,11.10,0.00,2,Cruise,665.6516
5697.0,733,73.300,9.569,34.45,11.10,0.00,2,Cruise,665.6942
5698.0,733,73.300,9.569,34.45,11.10,0.00,2,Cruise,665.7367
5699.0,733,73.300,9.569,34.45,11.10,0.00,2,Cruise,665.7792
5700.0,733,73.300,9.569,34.45,11.10,0.00,2,Cruise,665.8218
5701.0,733,73.300,9.569,34.45,11.10,0.00,2,Cruise,665.8643
5702.0,733,73.300,9.569,34.45,11.10,0.00,2,Cruise,665.9069
5703.0,733,73.300,9.569,34.45,11.10,0.00,2,Cruise,665.9494
5704.0,733,73.300,9.569,34.45,11.10,0.00,2,Cruise,665.9920
5705.0,733,73.300,9.569,34.45,11.10,0.00,2,Cruise,666.0345
5706.0,734,73.400,9.569,34.45,11.10,0.00,2,Cruise,666.0770
5707.0,734,73.400,9.569,34.45,11.10,0.00,2,Cruise,666.1102
5708.0,734,73.400,9.569,34.45,11.10,0.00,2,Cruise,666.1434
5709.0,734,73.400,9.569,34.45,11.10,0.00,2,Cruise,666.1766
5710.0,734,73.400,9.569,34.45,11.10,0.00,2,Cruise,666.2098
5711.0,734,73.400,9.569,34.45,11.10,0.00,2,Cruise,666.2430
5712.0,734,73.400,9.569,34.45,11.10,0.00,2,Cruise,666.2762
5713.0,734,73.400,9.569,34.45,11.10,0.00,2,Cruise,666.3094
5714.0,734,73.400,9.569,34.45,11.10,0.00,2,Cruise,666.3426
5715.0,734,73.400,9.569,34.45,11.10,0.00,2,Cruise,666.3758
5716.0,735,73.500,9.569,34.45,11.10,0.00,2,Cruise,666.4090
5717.0,735,73.500,9.637,34.69,11.10,0.00,2,Cruise,666.4090
5718.0,735,73.500,9.705,34.94,11.10,0.00,2,Cruise,666.4090
5719.0,735,73.500,9.773,35.18,11.10,0.00,2,Cruise,666.4090
5720.0,735,73.500,9.841,35.43,11.10,0.00,2,Cruise,666.4090
5721.0,735,73.500,9.908,35.67,11.10,0.00,2,Cruise,666.4090
5722.0,735,73.500,9.976,35.91,11.10,0.00,2,Cruise,666.4090
5723.0,735,73.500,10.044,36.16,11.10,0.00,2,Cruise,666.4090
5724.0,735,73.500,10.111,36.40,11.10,0.00,2,Cruise,666.4090
5725.0,735,73.500,10.179,36.64,11.10,0.00,2,Cruise,666.4090
5726.0,736,73.600,10.246,36.89,11.10,0.00,2,Cruise,666.4090
5727.0,736,73.600,10.354,37.27,11.10,0.00,2,Cruise,666.4090
5728.0,736,73.600,10.462,37.66,11.10,0.00,2,Cruise,666.4090
5729.0,736,73.600,10.570,38.05,11.10,0.00,2,Cruise,666.4090
5730.0,736,73.600,10.678,38.44,11.10,0.00,2,Cruise,666.4090
5731.0,736,73.600,10.786,38.83,11.10,0.00,2,Cruise,666.4090
5732.0,736,73.600,10.893,39.22,11.10,0.00,2,Cruise,666.4090
5733.0,736,73.600,11.001,39.60,11.10,0.00,2,Cruise,666.4090
5734.0,736,73.600,11.108,39.99,11.10,0.01,2,Cruise,666.4090
5735.0,737,73.700,11.215,40.37,11.10,0.12,2,Cruise,666.4090
5736.0,737,73.700,11.256,40.52,11.10,0.16,2,Cruise,666.4090
5737.0,737,73.700,11.296,40.67,11.10,0.20,2,Cruise,666.4090
5738.0,737,73.700,11.337,40.81,11.10,0.24,2,Cruise,666.4090
5739.0,737,73.700,11.377,40.96,11.10,0.28,2,Cruise,666.4090
5740.0,737,73.700,11.417,41.10,11.10,0.32,2,Cruise,666.4090
5741.0,737,73.700,11.457,41.25,11.10,0.36,2,Cruise,666.4090
5742.0,737,73.700,11.498,41.39,11.10,0.40,2,Cruise,666.4090
5743.0,737,73.700,11.538,41.54,11.10,0.44,2,Cruise,666.4090
5744.0,738,73.800,11.578,41.68,11.10,0.48,1,Coast,666.4090
5745.0,738,73.800,11.478,41.32,11.10,0.38,1,Coast,666.4090
5746.0,738,73.800,11.377,40.96,11.10,0.28,1,Coast,666.4090
5747.0,738,73.800,11.277,40.60,11.10,0.18,1,Coast,666.4090
5748.0,738,73.800,11.177,40.24,11.10,0.08,1,Coast,666.4090
5749.0,738,73.800,11.077,39.88,11.10,0.00,1,Coast,666.4090
5750.0,738,73.800,10.977,39.52,11.10,0.00,1,Coast,666.4090
5751.0,738,73.800,10.877,39.16,11.10,0.00,1,Coast,666.4090
5752.0,738,73.800,10.778,38.80,11.10,0.00,1,Coast,666.4090
5753.0,739,73.900,10.678,38.44,11.10,0.00,1,Coast,666.4090
5754.0,739,73.900,10.553,37.99,11.10,0.00,1,Coast,666.4090
5755.0,739,73.900,10.429,37.54,11.10,0.00,1,Coast,666.4090
5756.0,739,73.900,10.305,37.10,11.10,0.00,1,Coast,666.4090
5757.0,739,73.900,10.180,36.65,11.10,0.00,1,Coast,666.4090
5758.0,739,73.900,10.056,36.20,11.10,0.00,1,Coast,666.4090
5759.0,739,73.900,9.932,35.76,11.10,0.00,1,Coast,666.4090
5760.0,739,73.900,9.808,35.31,11.10,0.00,1,Coast,666.4090
5761.0,739,73.900,9.685,34.86,11.10,0.00,1,Coast,666.4090
5762.0,739,73.900,9.561,34.42,11.10,0.00,1,Coast,666.4090
5763.0,740,74.000,9.437,33.97,11.10,0.00,2,Cruise,666.4090
5764.0,740,74.000,9.475,34.11,11.10,0.00,2,Cruise,666.4090
5765.0,740,74.000,9.512,34.24,11.10,0.00,2,Cruise,666.4090
5766.0,740,74.000,9.549,34.38,11.10,0.00,2,Cruise,666.4090
5767.0,740,74.000,9.587,34.51,11.10,0.00,2,Cruise,666.4090
5768.0,740,74.000,9.624,34.65,11.10,0.00,2,Cruise,666.4090
5769.0,740,74.000,9.661,34.78,11.10,0.00,2,Cruise,666.4090
5770.0,740,74.000,9.698,34.91,11.10,0.00,2,Cruise,666.4090
5771.0,740,74.000,9.735,35.05,11.10,0.00,2,Cruise,666.4090
5772.0,740,74.000,9.772,35.18,11.10,0.00,2,Cruise,666.4090
5773.0,741,74.100,9.809,35.31,11.10,0.00,0,Brake,666.4090
5774.0,741,74.100,9.009,32.43,11.10,0.00,1,Coast,666.4090
5775.0,741,74.100,8.821,31.76,11.10,0.00,1,Coast,666.4090
5776.0,741,74.100,8.633,31.08,11.10,0.00,1,Coast,666.4090
5777.0,741,74.100,8.445,30.40,11.10,0.00,1,Coast,666.4090
5778.0,741,74.100,8.258,29.73,11.10,0.00,1,Coast,666.4090
5779.0,741,74.100,8.070,29.05,11.10,0.00,1,Coast,666.4090
5780.0,741,74.100,7.883,28.38,11.10,0.00,1,Coast,666.4090
5781.0,741,74.100,7.696,27.71,11.10,0.00,1,Coast,666.4090
5782.0,741,74.100,7.509,27.03,11.10,0.00,1,Coast,666.4090
5783.0,741,74.100,7.322,26.36,11.10,0.00,1,Coast,666.4090
5784.0,741,74.100,7.136,25.69,11.10,0.00,1,Coast,666.4090
5785.0,741,74.100,6.949,25.02,11.10,0.00,1,Coast,666.4090
5786.0,742,74.200,6.763,24.35,11.10,0.00,2,Cruise,666.4090
5787.0,742,74.200,6.763,24.35,11.10,0.00,2,Cruise,666.4656
5788.0,742,74.200,6.763,24.35,11.10,0.00,2,Cruise,666.5222
5789.0,742,74.200,6.763,24.35,11.10,0.00,2,Cruise,666.5789
5790.0,742,74.200,6.763,24.35,11.10,0.00,2,Cruise,666.6355
5791.0,742,74.200,6.763,24.35,11.10,0.00,2,Cruise,666.6921
5792.0,742,74.200,6.763,24.35,11.10,0.00,2,Cruise,666.7488
5793.0,742,74.200,6.763,24.35,11.10,0.00,2,Cruise,666.8054
5794.0,742,74.200,6.763,24.35,11.10,0.00,2,Cruise,666.8620
5795.0,742,74.200,6.763,24.35,11.10,0.00,2,Cruise,666.9187
5796.0,742,74.200,6.763,24.35,11.10,0.00,2,Cruise,666.9753
5797.0,742,74.200,6.763,24.35,11.10,0.00,2,Cruise,667.0319
5798.0,742,74.200,6.763,24.35,11.10,0.00,2,Cruise,667.0886
5799.0,742,74.200,6.763,24.35,11.10,0.00,2,Cruise,667.1452
5800.0,742,74.200,6.763,24.35,11.10,0.00,2,Cruise,667.2018
5801.0,743,74.300,6.763,24.35,11.10,0.00,2,Cruise,667.2585
5802.0,743,74.300,7.026,25.29,11.10,0.00,2,Cruise,667.2585
5803.0,743,74.300,7.288,26.24,11.10,0.00,2,Cruise,667.2585
5804.0,743,74.300,7.551,27.18,11.10,0.00,2,Cruise,667.2585
5805.0,743,74.300,7.813,28.13,11.10,0.00,2,Cruise,667.2585
5806.0,743,74.300,8.075,29.07,11.10,0.00,2,Cruise,667.2585
5807.0,743,74.300,8.337,30.01,11.10,0.00,2,Cruise,667.2585
5808.0,743,74.300,8.599,30.96,11.10,0.00,2,Cruise,667.2585
5809.0,743,74.300,8.860,31.90,11.10,0.00,2,Cruise,667.2585
5810.0,743,74.300,9.121,32.84,11.10,0.00,2,Cruise,667.2585
5811.0,743,74.300,9.382,33.78,11.10,0.00,2,Cruise,667.2585
5812.0,743,74.300,9.643,34.72,11.10,0.00,2,Cruise,667.2585
5813.0,744,74.400,9.904,35.65,11.10,0.00,0,Brake,667.2585
5814.0,744,74.400,9.104,32.77,11.10,0.00,0,Brake,667.2585
5815.0,744,74.400,8.304,29.89,11.10,0.00,1,Coast,667.2585
5816.0,744,74.400,8.080,29.09,11.10,0.00,1,Coast,667.2585
5817.0,744,74.400,7.856,28.28,11.10,0.00,1,Coast,667.2585
5818.0,744,74.400,7.632,27.48,11.10,0.00,1,Coast,667.2585
5819.0,744,74.400,7.409,26.67,11.10,0.00,1,Coast,667.2585
5820.0,744,74.400,7.185,25.87,11.10,0.00,1,Coast,667.2585
5821.0,744,74.400,6.962,25.06,11.10,0.00,1,Coast,667.2585
5822.0,744,74.400,6.739,24.26,11.10,0.00,1,Coast,667.2585
5823.0,744,74.400,6.517,23.46,11.10,0.00,1,Coast,667.2585
5824.0,744,74.400,6.294,22.66,11.10,0.00,1,Coast,667.2585
5825.0,744,74.400,6.072,21.86,11.10,0.00,1,Coast,667.2585
5826.0,745,74.500,5.849,21.06,11.10,0.00,1,Coast,667.2585
5827.0,745,74.500,5.515,19.85,11.10,0.00,1,Coast,667.2585
5828.0,745,74.500,5.181,18.65,11.10,0.00,3,Power,667.2585
5829.0,745,74.500,5.781,20.81,11.10,0.00,1,Coast,668.3281
5830.0,745,74.500,5.447,19.61,11.10,0.00,1,Coast,668.3281
5831.0,745,74.500,5.113,18.41,11.10,0.00,3,Power,668.3281
5832.0,745,74.500,5.713,20.57,11.10,0.00,1,Coast,669.3986
5833.0,745,74.500,5.379,19.36,11.10,0.00,1,Coast,669.3986
5834.0,745,74.500,5.045,18.16,11.10,0.00,3,Power,669.3986
5835.0,745,74.500,5.645,20.32,11.10,0.00,1,Coast,670.4698
5836.0,745,74.500,5.311,19.12,11.10,0.00,1,Coast,670.4698
5837.0,745,74.500,4.977,17.92,11.10,0.00,3,Power,670.4698
5838.0,745,74.500,5.577,20.08,11.10,0.00,1,Coast,671.5418
5839.0,745,74.500,5.243,18.87,11.10,0.00,1,Coast,671.5418
5840.0,745,74.500,4.909,17.67,11.10,0.00,3,Power,671.5418
5841.0,745,74.500,5.509,19.83,11.10,0.00,1,Coast,672.6147
5842.0,745,74.500,5.175,18.63,11.10,0.00,3,Power,672.6147
5843.0,745,74.500,5.775,20.79,11.10,0.00,1,Coast,673.6845
5844.0,745,74.500,5.441,19.59,11.10,0.00,1,Coast,673.6845
5845.0,746,74.600,5.107,18.39,11.10,0.00,3,Power,673.6845
5846.0,746,74.600,5.707,20.55,11.10,0.00,3,Power,674.7550
5847.0,746,74.600,6.307,22.71,11.10,0.00,3,Power,675.8192
5848.0,746,74.600,6.907,24.87,11.10,0.00,3,Power,676.8784
5849.0,746,74.600,7.507,27.03,11.10,0.00,2,Cruise,677.9335
5850.0,746,74.600,7.507,27.03,11.10,0.00,2,Cruise,678.0743
5851.0,746,74.600,7.507,27.03,11.10,0.00,2,Cruise,678.2151
5852.0,746,74.600,7.507,27.03,11.10,0.00,2,Cruise,678.3559
5853.0,746,74.600,7.507,27.03,11.10,0.00,2,Cruise,678.4967
5854.0,746,74.600,7.507,27.03,11.10,0.00,2,Cruise,678.6376
5855.0,746,74.600,7.507,27.03,11.10,0.00,2,Cruise,678.7784
5856.0,746,74.600,7.507,27.03,11.10,0.00,2,Cruise,678.9192
5857.0,746,74.600,7.507,27.03,11.10,0.00,2,Cruise,679.0600
5858.0,746,74.600,7.507,27.03,11.10,0.00,2,Cruise,679.2008
5859.0,747,74.700,7.507,27.03,11.10,0.00,3,Power,679.3417
5860.0,747,74.700,8.107,29.19,11.10,0.00,3,Power,680.3932
5861.0,747,74.700,8.707,31.35,11.10,0.00,3,Power,681.4417
5862.0,747,74.700,9.307,33.51,11.10,0.00,2,Cruise,682.4877
5863.0,747,74.700,9.316,33.54,11.10,0.00,2,Cruise,682.4877
5864.0,747,74.700,9.325,33.57,11.10,0.00,2,Cruise,682.4877
5865.0,747,74.700,9.334,33.60,11.10,0.00,2,Cruise,682.4877
5866.0,747,74.700,9.343,33.63,11.10,0.00,2,Cruise,682.4877
5867.0,747,74.700,9.351,33.67,11.10,0.00,2,Cruise,682.4877
5868.0,747,74.700,9.360,33.70,11.10,0.00,2,Cruise,682.4877
5869.0,747,74.700,9.369,33.73,11.10,0.00,2,Cruise,682.4877
5870.0,748,74.800,9.378,33.76,1.00,0.00,2,Cruise,682.4877
5871.0,748,74.800,9.378,33.76,1.00,0.00,2,Cruise,682.4952
5872.0,748,74.800,9.378,33.76,1.00,0.00,2,Cruise,682.5028
5873.0,748,74.800,9.378,33.76,1.00,0.00,2,Cruise,682.5104
5874.0,748,74.800,9.378,33.76,1.00,0.00,2,Cruise,682.5180
5875.0,748,74.800,9.378,33.76,1.00,0.00,2,Cruise,682.5255
5876.0,748,74.800,9.378,33.76,1.00,0.00,2,Cruise,682.5331
5877.0,748,74.800,9.378,33.76,1.00,0.00,2,Cruise,682.5407
5878.0,748,74.800,9.378,33.76,1.00,0.00,2,Cruise,682.5483
5879.0,748,74.800,9.378,33.76,1.00,0.00,2,Cruise,682.5558
5880.0,748,74.800,9.378,33.76,1.00,0.00,2,Cruise,682.5634
