actor_loss/max,actor_loss/mean,actor_loss/min,actor_loss/std,ent_loss/max,ent_loss/mean,ent_loss/min,ent_loss/std,gradient_steps,loss/max,loss/mean,loss/min,loss/std,smoothed_loss/actor_loss,smoothed_loss/ent_loss,smoothed_loss/gradient_steps,smoothed_loss/loss,smoothed_loss/vf_loss,step,train_time,vf_loss/max,vf_loss/mean,vf_loss/min,vf_loss/std
0.014270821586251259,-0.019718974840361624,-0.045887332409620285,0.01288442080629313,1.3810956478118896,1.3702975809574127,1.3641602993011475,0.0027142366597082933,80.0,10195.1416015625,7794.482556152344,5009.3642578125,1051.12478518536,-0.019718974840361624,1.3702975809574127,80.0,7794.482556152344,15589.03193359375,1,0.38245177268981934,20390.296875,15589.03193359375,10018.7548828125,2102.2506664843054
0.011723533272743225,-0.02698327467078343,-0.05639345198869705,0.014046124732405576,1.379974365234375,1.3608287513256072,1.3501768112182617,0.0066018313490123735,80.0,3283.46826171875,2680.7568939208986,2152.4013671875,247.79684919399872,-0.02335112475557253,1.36556316614151,80.0,5237.619725036621,10475.31351623535,2,0.1935288906097412,6566.98046875,5361.595098876953,4304.88671875,495.58594558077925
0.008133981376886368,-0.018769946007523686,-0.043690890073776245,0.012750161979960456,1.3713834285736084,1.3399656757712364,1.327830195426941,0.00840213821250128,80.0,1764.3828125,1376.4497314453124,986.03076171875,168.41676346843107,-0.02182406517288958,1.3570306693514187,80.0,3950.563060506185,7901.196949768066,3,0.20072460174560547,3528.8076171875,2752.963816833496,1972.1295166015625,336.832964148596
0.021162942051887512,-0.013591283123241737,-0.04770101606845856,0.012282852214221759,1.3488661050796509,1.3281529784202575,1.29743230342865,0.010064549389172733,80.0,1577.3048095703125,1136.1718009948731,801.5271606445312,180.60633593825995,-0.01976586966047762,1.3498112466186285,80.0,3246.965245628357,6493.997052383423,4,0.1996471881866455,3154.64306640625,2272.3973602294923,1603.118896484375,361.21036192757816
0.00953279435634613,-0.017548445356078447,-0.04245026037096977,0.010942469401069682,1.337072730064392,1.2882675513625146,1.2220062017440796,0.02395227018547785,80.0,360.7470703125,265.9679090499878,176.48785400390625,37.212121282891246,-0.019322384799597785,1.3375025075674056,80.0,2650.7657783126833,5301.596978225708,5,0.19638729095458984,721.56005859375,531.9966815948486,353.0378112792969,74.42285530751721
0.020437495782971382,-0.016788543277652935,-0.03980383276939392,0.010790952823709924,1.3230617046356201,1.2688760817050935,1.240531086921692,0.01703002391593029,80.0,91.07331848144531,57.16156103610992,29.865724563598633,14.194049965528373,-0.018900077879273645,1.326064769923687,80.0,2218.4984087665875,4437.061161351204,6,0.19170022010803223,182.18817138671875,114.38207697868347,59.768123626708984,28.386948652512338
0.018138114362955093,-0.010981362103484571,-0.045606791973114014,0.01171977956566619,1.3200733661651611,1.3096520826220512,1.2975761890411377,0.004653925912037927,80.0,1507.6915283203125,1012.4354446411132,625.6783447265625,174.12466182763666,-0.017768832768446634,1.3237201003091674,80.0,2046.2036996058055,4092.4694316795894,7,0.18990206718444824,3015.42138671875,2024.9190536499023,1251.392333984375,348.2511884038948
0.0124755734577775,-0.022418329154606908,-0.05484837293624878,0.012840189746964409,1.3288006782531738,1.273260200023651,1.224064588546753,0.0272783682773577,80.0,70.38475036621094,16.70662004351616,6.706231117248535,15.482756733813241,-0.01835001981671667,1.317412612773478,80.0,1792.5165646605194,3585.0961954623453,8,0.196425199508667,140.79608154296875,33.48354194164276,13.471426010131836,30.955059175920326
0.04417455196380615,0.0038857797568198293,-0.021920591592788696,0.013920712949812107,1.1865503787994385,1.1588474482297897,1.1222946643829346,0.015064958178834768,80.0,3359.43896484375,1932.204815673828,1108.196533203125,459.61842273965755,-0.015879375419657057,1.2997942611575126,80.0,1808.0374814397758,3616.1327306561993,9,0.1992814540863037,6718.908203125,3864.425012207031,2216.408203125,919.2361504688886
0.005278155207633972,-0.00670799175859429,-0.019211433827877045,0.005761721386247994,1.2210206985473633,1.192597422003746,1.174912929534912,0.010944324825609846,80.0,1076.2069091796875,767.2453659057617,512.73681640625,126.28009230913065,-0.014962237053550782,1.289074577242136,80.0,1703.9582698863746,3407.9722580361363,10,0.1936197280883789,2152.43994140625,1534.5280044555664,1025.5087890625,252.55908507340374
0.004193760454654694,-0.010116260877111927,-0.03117161989212036,0.00810104632148395,1.2573134899139404,1.2279028683900832,1.1984076499938965,0.012635659650443798,80.0,100.96868896484375,61.01439509391785,33.814979553222656,15.345291429725558,-0.014521693764783612,1.2835135128010402,80.0,1554.599735814333,3109.2541964552615,11,0.18706488609313965,201.96231079101562,122.0735806465149,67.68941497802734,30.688806128305142
0.00033638812601566315,-0.013274534622905777,-0.029167257249355316,0.007186816539387499,1.2201265096664429,1.1901303440332414,1.1582975387573242,0.014983981005465802,80.0,75.47178649902344,37.79124374389649,12.923117637634277,17.48554068737946,-0.014417763836293793,1.2757315820703903,80.0,1428.1990281417966,2856.4524166564147,12,0.17777681350708008,150.96871948242188,75.63283886909485,25.928749084472656,34.962648058662076
0.009539838880300522,-0.00309157810988836,-0.02099502831697464,0.005477793785739371,1.1393846273422241,1.097904035449028,1.0694453716278076,0.01337573781465704,80.0,1187.29443359375,751.2882667541504,292.077392578125,178.47878670063307,-0.013546518780416452,1.2620525400225933,80.0,1376.128969573516,2752.310282529317,13,0.18138384819030762,2374.611328125,1502.6046730041503,584.1746826171875,356.9572835250219
0.03253347426652908,-0.005642256920691579,-0.02652076631784439,0.010698112177774893,1.10098135471344,1.0706892311573029,1.0023019313812256,0.020223808006835764,80.0,157.57830810546875,33.67485649585724,9.32469654083252,34.83741554718528,-0.012981928647578963,1.248383732246501,80.0,1280.239390067969,2560.5297202808515,14,0.18104267120361328,315.1763610839844,67.3824110507965,18.70709991455078,69.66993506893374
0.019342225044965744,-0.004682561184745282,-0.02781355194747448,0.010072756365971892,1.07779860496521,1.055353505909443,1.0137532949447632,0.011725378514537112,80.0,116.1506118774414,20.724466925859453,6.942752838134766,21.897119962182103,-0.01242863748339005,1.2355150504906973,80.0,1196.2717285251615,2392.5930326612793,15,0.18540716171264648,232.32235717773438,41.47940598726272,13.912962913513184,43.79070477267233
0.007159041240811348,-0.007137562416028231,-0.03169926255941391,0.008196251809944244,1.0023292303085327,0.9766584537923336,0.9516175985336304,0.010795287745768347,80.0,141.95089721679688,33.348600244522096,12.195076942443848,31.65355018727198,-0.012097945291679934,1.2193365131970495,80.0,1123.5890330076218,2247.2266561977567,16,0.19018864631652832,283.92230224609375,66.73100924491882,24.39886474609375,63.300499733733965
0.02150760218501091,-0.0033030522870831193,-0.029431011527776718,0.009278596261412645,0.989532470703125,0.9520659498870373,0.9213943481445312,0.019771315014293675,80.0,139.5679168701172,77.66777076721192,40.8683967590332,26.16037260423296,-0.01158059864435071,1.203614715355284,80.0,1062.064252875833,2124.1757463672584,17,0.1809985637664795,279.15484619140625,155.36118907928466,81.80277252197266,52.3147701024905
0.004379391670227051,-0.003132842923514545,-0.011548010632395744,0.0036549216867993567,0.959373950958252,0.9269930392503738,0.9056775569915771,0.012319162012211414,80.0,126.65936279296875,79.80933423042298,40.57423400878906,24.78912298873643,-0.011111278882082033,1.1882468444605667,80.0,1007.4945351733103,2015.035064595938,18,0.19212031364440918,253.33775329589844,159.64347448349,81.1612548828125,49.5749981730432
0.00463172048330307,-0.0032729192345868794,-0.014510247856378555,0.0036230589268949477,0.9762227535247803,0.9633271984755993,0.9426713585853577,0.006507014033441429,80.0,100.46839141845703,52.33333044052124,25.62100601196289,18.679117787904975,-0.010698733637477026,1.1764089683560948,80.0,957.2228928189529,1914.4907177015355,19,0.1856236457824707,200.95590209960938,104.69247360229492,51.281497955322266,37.35394920653874
0.007679928094148636,-0.004360107384854928,-0.021162554621696472,0.0052748364531220865,0.969348132610321,0.9242369323968888,0.8982663154602051,0.01765864323894857,80.0,193.72506713867188,95.3291479587555,39.98609161376953,32.06814977558157,-0.01038180232484592,1.1638003665581345,80.0,914.1282055759432,1828.300456866622,20,0.1911327838897705,387.46954345703125,190.6855010032654,80.00149536132812,64.13371059080482
0.024657439440488815,-0.00993463663617149,-0.03952856361865997,0.01120422033608831,0.9487478733062744,0.906463610380888,0.8836976289749146,0.014344435430633124,80.0,101.75464630126953,62.42032916545868,31.167600631713867,20.772562632730715,-0.01036050872062333,1.1515462353115988,80.0,873.5706876516344,1747.1851330433572,21,0.19220781326293945,203.5282745361328,124.87865657806397,62.37164306640625,41.53869937548695
0.006302991881966591,-0.003897468582727015,-0.015682345256209373,0.004608310624844794,0.8953699469566345,0.8733138829469681,0.8592290878295898,0.007527379905091948,80.0,90.96144104003906,50.54083671569824,23.938861846923828,18.47893976485438,-0.01006673416890077,1.1388993102041156,80.0,836.1602398818192,1672.363396765427,22,0.19176602363586426,181.9398956298828,101.10693492889405,47.903221130371094,36.953700911811005
0.00013413652777671814,-0.004806255572475493,-0.01949792541563511,0.004248686862598829,0.8856265544891357,0.863543976843357,0.8486831188201904,0.009424885853002716,80.0,96.6301040649414,55.4620707988739,25.753881454467773,19.786378438962124,-0.009838017708186627,1.1269273391884305,80.0,802.2168412260389,1604.4759023225827,23,0.1817469596862793,193.27786254882812,110.95102458000183,51.53578186035156,39.56883628750057
0.009820534847676754,-0.004137070279102773,-0.018139056861400604,0.005109824093082687,0.8520491123199463,0.8168486550450325,0.797005295753479,0.012179255189026012,80.0,65.26660919189453,29.182087790966033,13.075614929199219,13.108366738488067,-0.0096004782319748,1.1140073940157889,80.0,770.0070598329106,1540.0556058401862,24,0.19240212440490723,130.55023193359375,58.388786745071414,26.164201736450195,26.213810288235344
0.03262902796268463,-0.0009054075635503978,-0.020183302462100983,0.012332140505721187,1.0154109001159668,0.9083916783332825,0.8211408257484436,0.04452238422863245,80.0,16.230852127075195,6.350266909599304,2.060795307159424,3.6182072757499486,-0.009252675405237824,1.1057827653884886,80.0,739.4607881159781,1478.9622021079063,25,0.33815765380859375,32.48048400878906,12.720512533187867,4.1402459144592285,7.242855770553874
0.06411891430616379,0.003789796796627343,-0.020671891048550606,0.014717999987795128,0.8546658158302307,0.7695289671421051,0.7446718215942383,0.019044932910170443,80.0,179.5401611328125,69.56088110208512,11.36435317993164,39.14034924317309,-0.008751041859012241,1.0928499269943968,80.0,713.6954070769823,1427.4301778797922,26,0.3401186466217041,359.10015869140625,139.1295721769333,22.772369384765625,78.27808536124708
0.002452317625284195,-0.0012933301622979343,-0.007017448544502258,0.001943263014274136,0.9764708280563354,0.9486727133393288,0.9186174273490906,0.011120461815285951,80.0,7060.90185546875,3005.543359375,1397.7716064453125,1739.4524660284947,-0.008474830314689489,1.0875100301923573,80.0,798.5786645695014,1597.1960317969322,27,0.3285045623779297,14121.822265625,6011.108233642578,2795.56787109375,3478.9034690287212
0.004563519731163979,-0.0013218091567978262,-0.0060637518763542175,0.0020401042624994567,0.93898606300354,0.9150113947689533,0.888448178768158,0.009633585737861453,80.0,38935.859375,27009.96357421875,18775.33984375,4405.700839991772,-0.008219365273336216,1.0813493646415213,80.0,1734.6995541998315,3469.4372048382247,28,0.3297395706176758,77871.734375,54019.94887695312,37550.703125,8811.40071483282
0.0009664734825491905,-0.0027017644548323005,-0.011670414358377457,0.002899753397060219,0.7581577897071838,0.7251478433609009,0.6934113502502441,0.01712947269431703,80.0,17394.599609375,11348.7845703125,7185.8681640625,2207.9660604175847,-0.008029103176146425,1.0690665535628794,80.0,2066.219727169234,4132.4769215423485,29,0.3358902931213379,34789.22265625,22697.588989257812,14371.7578125,4415.930923076961
-5.774199962615967e-08,-0.026023187208920717,-0.052070051431655884,0.01308488416534399,0.791221022605896,0.7837648622691631,0.7548037171363831,0.01013246730147418,80.0,6029.7626953125,5459.960510253906,4919.32666015625,234.84858834291285,-0.008628905977238902,1.059556497186422,80.0,2179.3444199387227,4358.727313627004,30,0.34543657302856445,12059.5478515625,10919.98868408203,9838.7109375,469.6878987963461
-5.587935447692871e-08,-0.025895016954746098,-0.06835928559303284,0.01394024364849009,0.8636080026626587,0.8499828420579434,0.8142365217208862,0.01335753512615193,80.0,4947.88037109375,4412.7501770019535,3860.649658203125,215.9414181065584,-0.009185877299093974,1.0527960566984065,80.0,2251.3897669407625,4502.818991372277,31,0.33438801765441895,9895.79296875,8825.56932373047,7721.3798828125,431.8728852835177
0.008177652955055237,-0.015799127228092402,-0.053957752883434296,0.011918883108173468,0.9788200855255127,0.9536674715578556,0.9242137670516968,0.013194713390124891,80.0,1382.1611328125,1006.1870407104492,693.447998046875,125.80352490081447,-0.009392541359375173,1.0496982884127646,80.0,2212.477181746066,4424.994171750917,32,0.4071617126464844,2764.341796875,2012.4247634887695,1386.930419921875,251.60941060662333
0.00786388386040926,-0.005869963101577014,-0.02634846419095993,0.006007628186879745,0.8829054832458496,0.8582406431436539,0.8338719606399536,0.011704081019654174,80.0,1358.9840087890625,1044.617010498047,728.3733520507812,139.26960232826536,-0.009285796563684319,1.0438965415864279,80.0,2177.087479587035,4354.214436883997,33,0.36287403106689453,2718.00048828125,2089.2629211425783,1456.7733154296875,278.53728494446915
0.007885076105594635,-0.012674144370248542,-0.038043297827243805,0.010692558169776246,1.1334713697433472,1.1048266857862472,1.070300817489624,0.014598216406662978,80.0,1533.289306640625,1030.3522132873536,548.5357055664062,200.81896779183077,-0.00938545385211268,1.0456886046511285,80.0,2143.3599717546913,4286.759655212303,34,0.3420596122741699,3066.608642578125,2060.751860046387,1097.12890625,401.6411731220677
0.011093320325016975,-0.00535795462783426,-0.025038614869117737,0.008165979517459546,1.1574550867080688,1.127432432770729,1.1005017757415771,0.013148540105730334,80.0,1329.317626953125,857.1281517028808,543.6720581054688,172.9094271382227,-0.009270382445704725,1.0480241425974028,80.0,2106.6104911817824,4213.260510068961,35,0.36470460891723633,2658.657470703125,1714.2895751953124,1087.3905029296875,345.8195226358803
0.008570540696382523,-0.014447075536008925,-0.035977404564619064,0.011660144265162955,1.2015501260757446,1.1689548194408417,1.1433422565460205,0.01151701053028906,80.0,792.8515014648438,294.34661121368407,140.10800170898438,129.4022235229305,-0.009414179475990953,1.0513833280652762,80.0,2056.2698278493353,4112.579537582727,36,0.3188817501068115,1585.7261962890625,588.7455005645752,280.31072998046875,258.7913766869226
0.01752086915075779,-0.003333520330488682,-0.017529092729091644,0.007074173669161496,1.2284166812896729,1.2108859419822693,1.1830096244812012,0.00872454923629954,80.0,635.9238891601562,178.503089094162,44.55290985107422,130.08917456725422,-0.009249837336923323,1.0556942095224922,80.0,2005.5193754505465,4011.078389539267,37,0.31825947761535645,1271.873779296875,357.0370599746704,89.14986419677734,260.17315699559504
0.0035647861659526825,-0.009443545329850167,-0.029559962451457977,0.007000315682516495,1.2986491918563843,1.2808462634682656,1.2660090923309326,0.00767470106879582,80.0,61.391319274902344,18.139163064956666,7.756567001342773,11.089202377604526,-0.009254934915684555,1.0616192635736967,80.0,1953.2198961772417,3906.4795590262656,38,0.3183887004852295,122.80844116210938,36.322830045223235,15.5420503616333,22.171696114544112
0.02587244287133217,-0.006378812249749899,-0.03566554933786392,0.010934545624251562,1.3232699632644653,1.305407340824604,1.2745343446731567,0.010916466832449992,80.0,156.72276306152344,28.22279179096222,10.037599563598633,32.404347745709785,-0.00918118818066059,1.0678702399134634,80.0,1903.860996064773,3807.761735699115,39,0.31382060050964355,313.4715576171875,56.48444926738739,20.132930755615234,64.80112277199228
0.030414756387472153,-0.003944505582330749,-0.025886982679367065,0.010994754993810385,1.315084457397461,1.2949120491743087,1.2646498680114746,0.01113624254696937,80.0,212.8540802001953,36.98617339730263,5.019256591796875,55.618388923919554,-0.009050271115702344,1.0735462851449848,80.0,1857.1891254980862,3714.417845672369,40,0.3451731204986572,425.7344665527344,74.00613462924957,10.111050605773926,111.22704231416253
0.011145234107971191,-0.0094412361853756,-0.03187290206551552,0.009460074820492806,1.2959609031677246,1.2824334263801576,1.2649195194244385,0.00574443684082163,80.0,393.74749755859375,117.96042892932891,29.780855178833008,88.85475718765026,-0.009059806849109009,1.078641093467794,80.0,1814.7689133866534,3629.577541864209,41,0.27995753288269043,787.51904296875,235.9653895378113,59.59105682373047,177.70036832947972
0.0036564357578754425,-0.009877967031206936,-0.04692423343658447,0.009491997378407498,1.267418622970581,1.2290179774165153,1.2028789520263672,0.019685563691882898,80.0,327.9448547363281,112.20768451690674,32.036651611328125,68.13798670360522,-0.009079286853444673,1.082221495466573,80.0,1774.231741270707,3548.503307688804,42,0.2407245635986328,655.914794921875,224.45970649719237,64.13157653808594,136.2664920371392
0.0171283520758152,-0.0034139081428293137,-0.02925407513976097,0.0063758447326886175,1.154104232788086,1.1378078028559684,1.122527003288269,0.005556509381006223,80.0,369.6383361816406,147.46924180984496,40.90809631347656,83.46718430304938,-0.008947533860174548,1.0835142002895821,80.0,1736.4000552367334,3472.8396974840825,43,0.32711100578308105,739.300537109375,294.96806888580323,81.83615112304688,166.93039223129242
0.01043500006198883,-0.006070499075576663,-0.030862562358379364,0.006677618577494024,1.045933485031128,0.9915494993329048,0.9031683206558228,0.0314698359946201,80.0,44.808265686035156,6.529601174592972,2.4580187797546387,7.811215741265365,-0.008882146705979142,1.0814240934496577,80.0,1697.0848176444122,3394.209049230001,44,0.2636539936065674,89.63677215576172,13.091174304485321,4.979150772094727,15.619346850461252
0.022506779059767723,-0.002299454348394647,-0.018414385616779327,0.00776106146319664,0.899151623249054,0.8188621371984481,0.7730271220207214,0.029459413564409398,80.0,166.17987060546875,45.093588542938235,12.664375305175781,39.9207038512812,-0.008735864653588376,1.075589383310742,80.0,1660.373901442157,3320.7868071028915,45,0.20091676712036133,332.3795471191406,90.2081535100937,25.350723266601562,79.83777609173514
0.00930827483534813,-0.008083289506612346,-0.033435940742492676,0.0077432701600461465,1.0096195936203003,0.9657913379371166,0.9282593131065369,0.022627583624069303,80.0,172.7527313232422,83.81358904838562,20.480783462524414,34.399779230103675,-0.008721678237349767,1.0732024692808806,80.0,1626.100851172727,3252.240630014305,46,0.3077855110168457,345.52435302734375,167.6626610279083,41.020320892333984,68.79110177266031
0.010157657787203789,-0.0024760788423009218,-0.019081387668848038,0.00500760292391844,0.9100607633590698,0.8376081593334674,0.7702255249023438,0.02879799825144644,80.0,127.84998321533203,25.535174125432967,4.850519180297852,31.01350459977227,-0.00858879314383809,1.0681898243883825,80.0,1592.0462622993803,3184.131085810255,47,0.2724452018737793,255.71607971191406,51.09205242395401,9.70559310913086,62.02466010415061
0.006867361254990101,-0.0017406364902853965,-0.013799205422401428,0.004370574736798368,0.9621584415435791,0.9237472988665104,0.881636917591095,0.019384448763402343,80.0,233.60848999023438,46.425916242599484,7.434548377990723,57.88278756704174,-0.00844612321355574,1.0651806051066766,80.0,1559.8458384231974,3119.7298921123147,48,0.30626583099365234,467.2341003417969,92.87378830909729,14.915206909179688,115.76334669311623
0.012097354978322983,-0.005776609922759235,-0.028160592541098595,0.008537647826642522,1.0151307582855225,0.9857217043638229,0.9358171820640564,0.017244868345718423,80.0,233.27774047851562,73.15106855630874,10.941803932189941,52.19429391733259,-0.008391643350478262,1.0635589948874347,80.0,1529.5051288340774,3059.0483311443913,49,0.30867981910705566,466.5780029296875,146.33340468406678,21.949329376220703,104.38085612928822
0.008698323741555214,-0.002531710604671389,-0.013171453028917313,0.004392498355027998,0.8785301446914673,0.8185245931148529,0.7553437948226929,0.02376009037138053,80.0,67.82808685302734,9.063278444111347,1.5857371091842651,14.76340855017874,-0.008274444695562124,1.058658306851983,80.0,1499.096291826278,2998.2303243378997,50,0.30266237258911133,135.67323303222656,18.14799081981182,3.1968531608581543,29.525316983394895
0.021411770954728127,-0.005578912165947259,-0.033498749136924744,0.010268821092423637,0.9055967330932617,0.8325136579573155,0.7481096982955933,0.036887331029672045,80.0,163.16909790039062,34.02585332393646,4.532902717590332,32.5043185271038,-0.008221591116550069,1.0542240980501267,80.0,1470.369420483095,2940.7763868880625,51,0.34757518768310547,326.3556213378906,68.07951439619065,9.119562149047852,65.00106173789051
0.01558796875178814,-0.002247230015927926,-0.045028746128082275,0.009066058103098995,0.7439407110214233,0.654448089748621,0.5573790669441223,0.038226587506163576,80.0,93.61612701416016,19.453556454181673,5.549159049987793,20.996828099232733,-0.008106699556922718,1.0465360978904825,80.0,1442.4671923286928,2884.9715466819707,52,0.310166597366333,187.24501037597656,38.92469617128372,11.12587833404541,41.988912861068016
0.01185698714107275,-0.0010768497188109905,-0.01520770788192749,0.006316298704583118,0.9247207641601562,0.87442219927907,0.8174304962158203,0.0225439780053474,80.0,81.66209411621094,25.883221673965455,4.960038185119629,20.914260198878008,-0.007974060880731932,1.0432886658412104,80.0,1415.7391928823772,2831.515217221402,53,0.30815649032592773,163.33554077148438,51.786085271835326,9.926448822021484,41.823800061618805
0.015383582562208176,-0.0022471915057394654,-0.016216881573200226,0.006240022426975902,0.9165506958961487,0.8742517694830895,0.8174939155578613,0.02138079436003544,80.0,32.155853271484375,6.54273392856121,2.3416552543640137,7.059386463530233,-0.007868007744157997,1.0401583529456897,80.0,1389.6429621610105,2779.322480739874,54,0.30931735038757324,64.32952880859375,13.107447218894958,4.726107120513916,14.11700106522368
0.011700227856636047,0.0018341856426559388,-0.010997394099831581,0.00397319890231498,0.7750657200813293,0.7534533590078354,0.732120156288147,0.008786813900091206,80.0,9841.81640625,6810.105639648437,4655.919921875,1094.6962135951308,-0.007691604228034108,1.0349455348740924,80.0,1488.196829024418,2976.4297575460246,55,0.3863496780395508,19683.65234375,13620.222705078126,9311.84765625,2189.3936049249755
0.0002564750611782074,-0.0004072766401804984,-0.0018564453348517418,0.00042240493234665775,0.7424948215484619,0.7066368788480759,0.6783952116966248,0.012118734358333187,80.0,49079.390625,41639.93950195312,32479.4296875,3904.036306987943,-0.007561526949679578,1.0290828803021994,80.0,2205.1922338981444,4410.420202549388,56,0.3338313102722168,98158.796875,83279.89467773438,64958.87890625,7808.072499404596
0.003047361969947815,-0.0027861709473654627,-0.01779153011739254,0.0037328458415296665,1.0784296989440918,1.0485495507717133,1.006911039352417,0.013165938691593639,80.0,21580.236328125,14985.531732177735,7742.47802734375,3249.9430967610056,-0.007477748774200383,1.0294244008367521,80.0,2429.408716324102,4858.852999417353,57,0.32459330558776855,43160.4921875,29971.089624023436,15484.982421875,6499.8839966115465
0.007931698113679886,-0.0020795871270820497,-0.015329938381910324,0.003941072727432121,1.05670964717865,1.0232693672180175,0.985034704208374,0.015078082918181425,80.0,3875.31884765625,2660.3901489257814,1895.177001953125,466.6274750036,-0.00738467702166386,1.0293182795674638,80.0,2433.391154817234,4866.817688114427,58,0.30878472328186035,7750.65771484375,5320.804943847656,3790.37939453125,933.2520435718002
0.006403248757123947,-0.002004581713117659,-0.010323699563741684,0.0029138643111649427,0.8107338547706604,0.7713200636208057,0.7256977558135986,0.01800993390260719,80.0,2321.562744140625,1542.5214706420898,755.4798583984375,336.10823959516455,-0.007293488965586806,1.0249454284497237,80.0,2418.2916686447743,4836.618445413749,59,0.31624436378479004,4643.140625,3085.062368774414,1510.9908447265625,672.2149776374097
0.0008101649582386017,-0.0011958008748479188,-0.009106580168008804,0.001677086156945194,1.0107977390289307,0.9868671603500843,0.9546478986740112,0.014460204857795823,80.0,5847.4306640625,2441.620018005371,1189.85595703125,1083.4283997462542,-0.007191860830741159,1.024310790648063,80.0,2418.680474467451,4837.395840270868,60,0.3293776512145996,11694.880859375,4883.26213684082,2379.73583984375,2166.8549264148182
0.0010452531278133392,-0.0007332851295359432,-0.0031202025711536407,0.0008918048341222786,0.8266044855117798,0.8064555667340756,0.78592449426651,0.009126845993726729,80.0,40493.3671875,35804.54113769531,31380.52734375,1673.8203772361774,-0.007085982540557466,1.020739393534719,80.0,2965.9896656679075,5932.013919637585,61,0.3307645320892334,80986.75,71609.09868164062,62761.0703125,3347.6402312596906
4.470348358154297e-08,-0.001494257355807349,-0.005833422765135765,0.001404293163580389,0.8937814235687256,0.8718175098299981,0.8434062004089355,0.011277881897792743,80.0,35125.8125,31248.308471679688,27861.841796875,1486.009497043345,-0.0069957934246744,1.0183374276685138,80.0,3422.1560980229365,6844.346539916868,62,0.3328847885131836,70251.640625,62496.63637695312,55723.703125,2972.016572790749
0.0027726851403713226,-0.0018143621331546456,-0.007800396531820297,0.002103118574199773,0.8253141641616821,0.7792817160487175,0.7433300018310547,0.019340443223113575,80.0,9762.431640625,7431.160729980469,6112.27978515625,697.6660295954935,-0.006913548483539166,1.0145428925634377,80.0,3485.7910921809926,6971.616289236764,63,0.32619714736938477,19524.87890625,14862.340747070313,12224.5859375,1395.3305508718913
0.008522430434823036,-0.0013582484825747088,-0.015575624071061611,0.003265639324784155,0.8995685577392578,0.8656540915369988,0.8415609002113342,0.012617443576983037,80.0,1021.7549438476562,622.5686946868897,289.1896667480469,168.56533738278785,-0.006826746921024095,1.0122165050473997,80.0,3441.0532422201472,6882.140369338868,64,0.3246779441833496,2043.52685546875,1245.1574157714845,578.3919677734375,337.1291850865321
0.00031607598066329956,-0.005164268525550142,-0.0148698128759861,0.0038906409854037346,0.8612250685691833,0.8092525936663151,0.765745997428894,0.024034360108550912,80.0,493.71405029296875,258.65181638598443,3.5826735496520996,101.89468564829004,-0.006801170330324496,1.0090939833338446,80.0,3392.093220284237,6784.220212100974,65,0.3256049156188965,987.4470825195312,517.3301488757133,7.188246726989746,203.78968329180623
0.012825781479477882,-0.0014231931592803449,-0.01278778351843357,0.003981927321478644,0.6802337169647217,0.6456615917384625,0.6073377132415771,0.015974375166929313,80.0,479.92138671875,166.47133933305741,12.055864334106445,95.03303745094688,-0.006719685827732918,1.0035874319460356,80.0,3343.220161481946,6686.473821584519,66,0.3299531936645508,959.8555908203125,332.95843801498415,24.15066146850586,190.06492523362323
0.004409130662679672,-0.001644290704280138,-0.009870065376162529,0.0031773690370088667,0.8518888354301453,0.7899467356503009,0.7566619515419006,0.020024933290083282,80.0,427.2564697265625,194.14151873588563,18.63129425048828,91.87124144099238,-0.006643933661711235,1.0003987648371442,80.0,3296.2189877096166,6592.47125897492,67,0.3741109371185303,854.528564453125,388.3021267414093,37.28036117553711,183.7413657455315
0.014291632920503616,-0.004676878085592762,-0.03524213284254074,0.00927556354263225,0.8386808037757874,0.7984865821897984,0.7504599094390869,0.022635783427292448,80.0,190.1124725341797,73.38693506717682,23.714550018310547,33.675565011102684,-0.006615006373827139,0.9974294680335066,80.0,3248.8243987001692,6497.681963910206,68,0.30649638175964355,380.2451477050781,146.79919457435608,47.426353454589844,67.34724012336672
0.012255084700882435,-0.003133365570101887,-0.023655451834201813,0.007683429322778483,0.849869430065155,0.8021613135933876,0.7579655647277832,0.026713661084433012,80.0,393.6387939453125,164.09558281898498,36.96403121948242,77.19211615901483,-0.0065645478114543096,0.9945994947807513,80.0,3204.1181839772535,6408.269377132904,69,0.30831074714660645,787.3018798828125,328.2134762763977,73.9877700805664,154.3805743840905
0.02134549245238304,-0.00143696055165492,-0.02152727171778679,0.006906868098022546,0.9035770297050476,0.8480750903487205,0.8063898086547852,0.02186582317165991,80.0,294.22607421875,91.29449885487557,5.2152276039123535,55.61398168993063,-0.006491296564885747,0.9925062890031509,80.0,3159.649274189791,6319.331369367795,70,0.38083696365356445,588.469970703125,182.60883357524872,10.456028938293457,111.2278050761448
0.0076408907771110535,-0.0033367628057021648,-0.016817109659314156,0.0060282815154795956,0.8294385671615601,0.7897614687681198,0.7472190856933594,0.020446734514863354,80.0,424.2918395996094,142.75550208091735,40.316673278808594,68.90030798308291,-0.006446866511939499,0.9896507281547701,80.0,3117.157812610793,6234.348300394332,71,0.3088369369506836,848.6152954101562,285.5334722518921,80.64451599121094,137.80189107271468
0.016586000099778175,-0.00167994552757591,-0.024799879640340805,0.006945989926014181,0.7673395872116089,0.7288404375314712,0.6910029649734497,0.012674335795933684,80.0,97.55899047851562,29.2228404045105,5.349643230438232,18.458691109526512,-0.006380659276045562,0.9860283630072243,80.0,3074.269826885706,6148.572124237774,72,0.31530022621154785,195.13046264648438,58.46361712217331,10.72932243347168,36.915016802527994
0.012717030942440033,-0.00282433622633107,-0.021419566124677658,0.0068479838431520995,0.8145614862442017,0.7675086788833141,0.7242882251739502,0.02022000565776917,80.0,96.62692260742188,30.180457279086113,3.0467441082000732,19.469541646642497,-0.006331942521939883,0.9830349426767598,80.0,3032.5699725075333,6065.172258343068,73,0.3109748363494873,193.2616729736328,60.38191392421722,6.087060928344727,38.93734448536969
0.015329037792980671,-0.006562035268871114,-0.03540249541401863,0.009761078820918739,0.8142340183258057,0.7942974522709847,0.7609132528305054,0.012863557341344147,80.0,28.39628791809082,10.459040898084641,2.657879114151001,6.786435375975069,-0.0063350518833848995,0.9804844360496547,80.0,2991.7306355938917,5983.493539878203,74,0.30693984031677246,56.808937072753906,20.94709194302559,5.394852638244629,13.564603720027884
0.1952010989189148,0.10855593697633595,-0.005061844363808632,0.04117579416959525,0.7575035095214844,0.6536030948162079,0.6091905236244202,0.03310341478462225,80.0,49326.92578125,40955.77436523438,33492.8671875,3559.6936043690544,-0.004803172031921955,0.9761260181665421,80.0,3497.917885322432,6995.864917679826,75,0.30541110038757324,98653.546875,81911.346875,66985.53125,7119.415676510892
0.0041918326169252396,-0.001743775373324752,-0.011231644079089165,0.00288562567076709,0.8013749122619629,0.7703613676130772,0.747281551361084,0.011309959327015815,80.0,51899.3359375,39117.217944335935,28401.111328125,4232.5948231565235,-0.004762916812729887,0.9734185885539964,80.0,3966.5928860989256,7933.214783714672,76,0.32434821128845215,103798.6875,78234.45473632813,56802.2421875,8465.188326003088
0.0018148533999919891,-0.0017270976211875677,-0.010466784238815308,0.002462786672051613,1.0406304597854614,1.0145185954868794,0.9791424870491028,0.013999774067842037,80.0,5607.8173828125,4026.74328918457,2690.0986328125,654.955423316093,-0.004723490589463104,0.9739523548778001,80.0,3967.374060164973,7934.77706318246,77,0.33577442169189453,11215.66015625,8053.510302734375,5380.2314453125,1309.9102419497037
0.0027316436171531677,-0.0018854296242352575,-0.009223811328411102,0.0022670375398990564,0.8306227922439575,0.803569296002388,0.7725417017936707,0.012944726302249784,80.0,5096.314453125,3504.5159240722655,2162.2392578125,645.3980540653971,-0.004687105192473003,0.9717679566870897,80.0,3961.4399814971175,7922.9087893324395,78,0.32997775077819824,10192.6455078125,7009.051702880859,4324.4990234375,1290.7941098284184
0.001175837591290474,-0.0031999890692532063,-0.015226788818836212,0.003375873892859196,0.8602607250213623,0.8432276114821434,0.8246334791183472,0.007699789676143134,80.0,11763.4677734375,9113.495263671875,6589.9306640625,1290.6521710257985,-0.004668280937748702,0.970140863709812,80.0,4026.655871144899,8053.340504277845,79,0.33408546447753906,23526.953125,18227.014270019532,13179.89453125,2581.300639999387
0.0024915672838687897,-0.001379235106287524,-0.005263091064989567,0.0015130720582801375,0.7824191451072693,0.7722782135009766,0.7589061260223389,0.004799106175448532,80.0,20706.0625,16361.825036621094,12138.69140625,2243.101763824329,-0.004627167864855437,0.9676675805822015,80.0,4180.845485713351,8361.71960338209,80,0.305509090423584,41412.140625,32723.66843261719,24277.40234375,4486.202476143421
0.0008942577987909317,-0.002472641569329426,-0.009998641908168793,0.0021818756483209883,0.7857853174209595,0.769380659610033,0.7554094195365906,0.006476180260555794,80.0,18641.3671875,14861.527026367188,12687.5478515625,1018.3248621335787,-0.004600568774787215,0.9652195939035327,80.0,4312.70575164735,8625.440036459066,81,0.3041224479675293,37282.75,29723.07468261719,25375.123046875,2036.6470340416995
0.0027964338660240173,-0.0018430331780109554,-0.006970447488129139,0.0019226289696439986,0.8203690648078918,0.7917677529156208,0.7662730813026428,0.010532757415265812,80.0,5933.90673828125,4711.371502685547,3565.19970703125,516.2710914454342,-0.004566940291899699,0.9631043275500216,80.0,4317.567529099035,8635.163479424433,82,0.2861485481262207,11867.8291015625,9422.76235961914,7130.41015625,1032.5416663775504
0.005668008700013161,-0.001029840117553249,-0.012386510148644447,0.0023234911066494887,0.8036932945251465,0.7719946928322315,0.7365095019340515,0.015346262738158917,80.0,1964.05810546875,1058.4813373565673,357.3649597167969,359.07633982151435,-0.004524324627148537,0.9608018018305302,80.0,4278.301430403342,8556.631150326995,83,0.19664454460144043,3928.1328125,2116.9801643371584,714.7550048828125,718.1527202342746
0.009847953915596008,-0.0021635481505654754,-0.021966762840747833,0.006002271630277695,0.7894537448883057,0.7270413972437382,0.6720045804977417,0.0277182989900185,80.0,1156.8170166015625,488.41630401611326,81.67272186279297,234.85174629711656,-0.004496220145284453,0.9580189398711637,80.0,4233.183750327304,8466.395678055607,84,0.17900753021240234,2313.66455078125,976.8514795303345,163.3631134033203,469.70289802461923
0.020560119301080704,-0.004163887683534995,-0.0221976600587368,0.00969252029108891,0.7501956224441528,0.6701934412121773,0.5545215606689453,0.04868524890170484,80.0,570.3403930664062,201.79470779150725,1.7159069776535034,134.67102491238222,-0.004492310351616812,0.9546327575339991,80.0,4185.75564394453,8371.539389413316,85,0.2066352367401123,1140.727783203125,403.6111434608698,3.4116859436035156,269.34371771345866
0.013160031288862228,-0.001307471439940855,-0.020992781966924667,0.007932736560759539,0.7958831191062927,0.7348280027508736,0.6962330341339111,0.019982152986836893,80.0,696.8130493164062,306.158153629303,37.535762786865234,136.66673642625088,-0.004455277341015929,0.9520768882923348,80.0,4140.644045219934,8281.316066467418,86,0.17930889129638672,1393.634033203125,612.333616065979,75.10006713867188,273.3319942617223
0.02229851856827736,-0.002045503939734772,-0.02256122976541519,0.00735409862781733,0.8366367816925049,0.8053688377141952,0.7474979162216187,0.01956171522401408,80.0,558.8590087890625,279.17233791351316,97.56605529785156,103.28467009723082,-0.004427578796173617,0.9503905888604023,80.0,4096.259312952045,8192.546512499008,87,0.17496562004089355,1117.737060546875,558.3648712158204,195.16070556640625,206.57281765213662
0.023607688024640083,-0.004755179409403354,-0.030668433755636215,0.008776420610526086,0.8201671838760376,0.7747762434184551,0.7296370267868042,0.01861186917204421,80.0,800.8522338867188,338.1557864189148,86.70184326171875,140.83175391233672,-0.004431301530414864,0.948394971298562,80.0,4053.5535910596227,8107.135035979139,88,0.27522897720336914,1601.728759765625,676.3365787506103,173.40762329101562,281.6648508307894
0.030878940597176552,-0.0014797774143517016,-0.022196514531970024,0.011017282558895202,0.7713444828987122,0.701249772310257,0.5825079679489136,0.04128501668079479,80.0,368.462890625,147.4251051738858,1.669152855873108,82.172467498522,-0.004398138338099548,0.9456180589503789,80.0,4009.664506948547,8019.356745649858,89,0.3353433609008789,736.9404296875,294.8671966731548,3.3654112815856934,164.34743216288
0.018543582409620285,-0.0008823448966722936,-0.019060984253883362,0.008381561572478016,0.7652561664581299,0.7201547347009182,0.6537624597549438,0.020223010336239952,80.0,328.754638671875,140.80187129974365,11.703119277954102,70.30969260234296,-0.004359073966528133,0.9431129109031625,80.0,3966.6771443302273,7933.381891913281,90,0.332503080368042,657.5347290039062,281.6199093580246,23.423601150512695,140.62006176112325
0.016549769788980484,-0.005481476505519822,-0.040281057357788086,0.011142284715489972,0.7494937181472778,0.6301729083061218,0.5361629724502563,0.04840550902364793,80.0,133.6792755126953,40.32997694015503,11.34717845916748,24.979945454477896,-0.004371408060363207,0.9396740097757226,80.0,3923.5304721611055,7847.08850321023,91,0.15815401077270508,267.37255859375,80.6835199356079,22.680633544921875,49.954089416245544
0.02242034114897251,-0.002200019283918664,-0.01667933538556099,0.006637596825537374,0.8849029541015625,0.819923733919859,0.7600809931755066,0.025773359855417306,80.0,64.14944458007812,13.578739362955094,4.460773468017578,12.393106003268892,-0.004347806008445331,0.9383723763425067,80.0,3881.030996804604,7762.089479014536,92,0.18349385261535645,128.31683349609375,27.178277206420898,8.942522048950195,24.784915068274845
0.01468319445848465,0.0009810770105104893,-0.00867857038974762,0.005106769613013896,0.6679427623748779,0.5762954510748386,0.5436519384384155,0.023337231568723932,80.0,20408.025390625,15248.839782714844,10843.4208984375,2112.5876425460374,-0.004290506191037205,0.9344790760708114,80.0,4003.2654998789076,8006.558295152904,93,0.2381124496459961,40816.0625,30497.689379882813,21686.83984375,4225.175985699866
0.0002263672649860382,-0.00011472160695120692,-0.0008117407560348511,0.00022631909958071146,0.6755940914154053,0.6402194403111935,0.6056735515594482,0.015867234547208356,80.0,52421.06640625,43586.99013671875,36517.14453125,2788.160720261238,-0.00424608295078097,0.9313486544137942,80.0,4424.36895346231,8848.765078166569,94,0.2812833786010742,104842.1484375,87173.9958984375,73034.3046875,5576.321440522476
0.0017721066251397133,-0.0004473480221349746,-0.0026856912299990654,0.0008229301483621277,0.9097950458526611,0.8571940772235394,0.8094604015350342,0.021202051810602016,80.0,30386.068359375,20378.441796875,12345.947265625,3532.064435690999,-0.0042060962673215385,0.9305680799170547,80.0,4592.306562340338,9184.640190316624,95,0.32715821266174316,60772.15625,40756.90073242188,24691.912109375,7064.128520921422
0.01139499619603157,-0.005378852772992104,-0.021464530378580093,0.006117858497768874,0.9681781530380249,0.9242664441466332,0.8853520154953003,0.01896571750370355,80.0,4436.59521484375,3270.073620605469,2396.27001953125,477.00777074129917,-0.004218312480922274,0.9305024378777791,80.0,4578.5333025306,9157.09369298555,96,0.32180309295654297,8873.2080078125,6540.1764465332035,4792.580078125,954.012726188773
0.0036627724766731262,-0.004325957084074616,-0.01584969460964203,0.003968180548313245,0.7595154047012329,0.6983294412493706,0.6565202474594116,0.019269950845664685,80.0,2513.19482421875,1732.4546691894532,984.784423828125,312.3641073532096,-0.004219422219099103,0.9281089018300636,80.0,4549.192285692032,9098.411613353626,97,0.2641716003417969,5026.404296875,3464.931968688965,1969.6080322265625,624.7268288902812
0.003044417127966881,-0.007640777382766828,-0.025449708104133606,0.007379396630816597,0.8448846340179443,0.8093193478882312,0.7857264280319214,0.01277565131113645,80.0,2340.785400390625,1548.8596435546874,1081.505126953125,246.5217196535576,-0.004254334006483467,0.9268967635245347,80.0,4518.576646486548,9037.180379999292,98,0.3386719226837158,4681.5908203125,3097.7507446289064,2163.0458984375,493.03652309332296
0.03640078753232956,-0.006776564556639641,-0.02432606741786003,0.01037699592254207,0.9683804512023926,0.9204377017915248,0.8940887451171875,0.015823691998026933,80.0,1103.1998291015625,528.5675838470459,259.5886535644531,178.15152731032265,-0.004279811082747671,0.9268315204767266,80.0,4478.273524641705,8956.574185573092,99,0.19684767723083496,2206.41796875,1057.16713180542,519.2130737304688,356.2965441134585
8.631497621536255e-05,-0.012242026958847418,-0.032803475856781006,0.008284364675246932,1.1252444982528687,1.0992508083581924,1.0615869760513306,0.01390164111497045,80.0,879.4310913085938,301.7986031532288,111.61163330078125,201.00796840419048,-0.004359433241508668,0.9285557133555412,80.0,4436.50877542682,8873.044880481124,100,0.19274187088012695,1758.88427734375,603.6436763763428,223.3111114501953,402.0044436991603
0.004306415095925331,-0.005075823632068932,-0.0271650031208992,0.006344138385844742,1.1579482555389404,1.1232164710760117,1.080104112625122,0.017332056247804786,80.0,1046.4580078125,422.61129274368284,120.9721450805664,189.94847563697326,-0.004213001729425741,0.9260849022567272,80.0,4362.790062792733,8725.607113181473,101,0.2066645622253418,2092.935302734375,845.25520362854,241.97421264648438,379.89046086631976
0.011341365054249763,-0.00406882272218354,-0.018115000799298286,0.005801104270881602,1.0404603481292725,0.9927887760102749,0.9432161450386047,0.017121386606391426,80.0,470.03070068359375,248.59598083496093,77.61666107177734,93.60236698544914,-0.003983857209939743,0.9224045025035739,80.0,4338.468453661874,8676.96336175859,102,0.19222760200500488,940.0809326171875,497.2199565887451,155.2742919921875,187.20087092520777
0.010578116402029991,-0.008265861542895436,-0.029159337282180786,0.00864670011674966,1.1237514019012451,1.0839154332876206,1.0195575952529907,0.01906787601805195,80.0,487.0051574707031,260.4548764228821,73.39728546142578,95.67285892496547,-0.0038788163652934598,0.9198440000787376,80.0,4327.3085051116495,8654.643203194975,103,0.20499086380004883,974.0299072265625,520.947960472107,146.8737030029297,191.3393088920824
0.014923349022865295,-0.012016926985234022,-0.030417408794164658,0.01063783987653175,1.197375774383545,1.1379726573824882,1.0596535205841064,0.03049972657464409,80.0,156.10540771484375,57.7656288087368,4.44596004486084,35.30574813697489,-0.0038630728039133833,0.9179421968683599,80.0,4316.524443389789,8633.07501010537,104,0.27652883529663086,312.2921447753906,115.57805126905441,8.948826789855957,70.61077623355789
0.01353016309440136,-0.002693176071625203,-0.01882963255047798,0.0048247032787924506,0.9882538318634033,0.9269765846431255,0.8605751991271973,0.0247826157578868,80.0,213.36705017089844,83.63254879713058,4.434391975402832,47.9892587665368,-0.003714520111068851,0.914329287201166,80.0,4314.70108978726,8629.427933535098,105,0.2774324417114258,426.7602233886719,167.28902456760406,8.901058197021484,95.97612442927066
0.00969664379954338,-0.0017963937541935592,-0.011434048414230347,0.004400118244568633,0.9013118147850037,0.8486648738384247,0.7952792644500732,0.025636327041380826,80.0,208.6928253173828,100.40863353013992,8.50652027130127,46.66522500563365,-0.003564598615834257,0.9101271751224993,80.0,4315.1335605122,8630.29249111104,106,0.16695237159729004,417.40496826171875,200.83783457279205,17.02515983581543,93.32975252484037
0.009602241218090057,-0.0025397525052540003,-0.014805160462856293,0.004330083706028723,0.7891079187393188,0.7282485574483871,0.6649091243743896,0.027520199689833297,80.0,198.7465057373047,75.08654329776763,28.391691207885742,27.69618419605341,-0.003480182519851951,0.9043131398707629,80.0,4305.760071498767,8611.545227880239,107,0.2849869728088379,397.5059814453125,150.19273056983948,56.80300521850586,55.39120690312561
0.011212531477212906,-0.001481977995717898,-0.012101873755455017,0.005552418875451704,0.8344965577125549,0.7687730006873608,0.69711834192276,0.03005312523863113,80.0,260.0414733886719,122.05161242485046,42.24354553222656,52.040633606241535,-0.003270819008263061,0.8992682678774,80.0,4306.8135214225795,8613.651608118058,108,0.22316908836364746,520.0900268554688,244.1215657234192,84.51002502441406,104.07715031811084
0.012184472754597664,-0.0013881387945730238,-0.0083132553845644,0.0034843517940139493,0.7844464182853699,0.708634252846241,0.642305314540863,0.033714624614011125,80.0,158.52084350585938,60.391900128126146,4.351881504058838,30.17040752841033,-0.003323558193776989,0.8947661359235642,80.0,4288.0953922671215,8576.215365505219,109,0.20724129676818848,317.05462646484375,120.80075092315674,8.709548950195312,60.34080524389898
0.00903221033513546,-0.0022550694993697107,-0.02006431668996811,0.006130816396083251,0.9580416679382324,0.8739363253116608,0.8049319982528687,0.028063831741736114,80.0,120.88956451416016,43.53826422095299,5.393443584442139,24.435450697186567,-0.0032790289711847435,0.8915795249566435,80.0,4280.8583212502745,8561.741070636035,110,0.23865485191345215,241.7926788330078,87.098517537117,10.809135437011719,48.86771158138357
0.022429700940847397,-0.003164691309211776,-0.01665521040558815,0.007257577500829019,0.7678605318069458,0.6971378564834595,0.6425769925117493,0.029390604425618125,80.0,63.34524154663086,16.559997606277467,7.382927894592285,10.886035021138476,-0.0032095132755057417,0.8862718748375774,80.0,4280.4137772753975,8560.851737502813,111,0.21124768257141113,126.6897964477539,33.140267324447635,14.79372787475586,21.76821380320049
0.01425713300704956,0.0026481568173039706,-0.006149499677121639,0.0049706833148552895,0.8155021667480469,0.7208767883479595,0.6645249128341675,0.025468780845113243,80.0,6533.70458984375,4163.08338470459,1921.4615478515625,871.4951313619702,-0.0030502863611036445,0.8815793392807246,80.0,4321.666698685006,8643.357167720078,112,0.2104330062866211,13067.41015625,8326.175860595704,3842.919921875,1742.9891918737571
0.001978125423192978,-0.0006185452046338468,-0.006693996489048004,0.0013710132788691885,0.8055232763290405,0.7654052533209323,0.7204210162162781,0.018060420174257043,80.0,8517.3671875,4004.3996551513674,1651.2664794921875,1372.0690866105297,-0.003025556032051099,0.8782543514594436,80.0,4354.1978125689775,8708.419279834032,113,0.21260714530944824,17034.751953125,8008.815884399414,3302.5498046875,2744.1377283342003
0.0033691488206386566,-0.001909902022453025,-0.00944824144244194,0.002594412302168749,0.743935227394104,0.6987532034516335,0.6532160639762878,0.01993431392818937,80.0,11929.6982421875,7893.977136230469,4788.19970703125,1606.5312405529678,-0.002988232483068714,0.8745349911823871,80.0,4432.800835366323,8865.625174717667,114,0.21197295188903809,23859.4140625,15787.971899414062,9576.4150390625,3213.060761749309
0.007431831676512957,-0.0039930269762407985,-0.020335767418146133,0.004127308132270412,0.7591241598129272,0.722539809346199,0.6731100082397461,0.01981868359919039,80.0,15127.3095703125,9705.02449951172,5270.1220703125,2281.440009313334,-0.0029813371409836685,0.8712068542167545,80.0,4529.643835692182,9059.311092938065,115,0.21414923667907715,30254.6328125,19410.071228027344,10540.2734375,4562.878344603656
0.0039010774344205856,-0.012971021851990372,-0.03064723312854767,0.008580803086223766,1.0402312278747559,1.0032086782157421,0.9667701721191406,0.014933258559383598,80.0,11723.4404296875,5754.077780151367,2753.4580078125,1880.6843178338015,-0.0030396717353432905,0.8714723564609886,80.0,4586.851127491251,9173.725798287513,116,0.20810794830322266,23446.921875,11508.201544189453,5506.9755859375,3761.3660201251964
0.0013605998829007149,-0.017216830048710108,-0.042205292731523514,0.009778327430585262,1.150840163230896,1.10008185505867,1.0621052980422974,0.016928803206779364,80.0,5092.46484375,2166.51064453125,813.1121215820312,1057.039700482818,-0.0031788095129595606,0.8729525155127049,80.0,4607.739556228891,9215.502963343743,117,0.20459771156311035,10185.0146484375,4333.077694702149,1626.310302734375,2114.0756333243444
0.0053829289972782135,-0.006287525407969952,-0.026054877787828445,0.006367455285078451,1.0469601154327393,1.0028778694570064,0.9446719884872437,0.020639330602455562,80.0,1761.1820068359375,1127.8172828674317,593.4908447265625,238.86580055211638,-0.003210356337804115,0.8737113638147713,80.0,4618.219635715261,9236.463200519684,118,0.20242023468017578,3522.384765625,2255.6671920776366,1187.0205078125,477.7275420525052
0.005866192281246185,-0.003319609453319572,-0.014818273484706879,0.00428031049628746,0.7605850696563721,0.7143673777580262,0.6578493714332581,0.022509800428774148,80.0,2281.671875,1224.9000099182128,534.2769165039062,357.71169647694916,-0.003210823239991441,0.8712217656075956,80.0,4629.945302510038,9259.914485149504,119,0.2062058448791504,4563.35791015625,2449.8209365844727,1068.572998046875,715.4200395196448
0.002550240606069565,-0.009020529658300802,-0.0400366485118866,0.00948872174864536,0.8555288314819336,0.7939074493944644,0.7403340339660645,0.025774212820461412,80.0,1323.14599609375,671.6791400909424,235.58941650390625,272.7864376503226,-0.0032574274627259,0.8699184707775713,80.0,4635.70880243136,9271.44155213654,120,0.24953722953796387,2646.30712890625,1343.3921997070313,471.27496337890625,545.5620985650401
0.013443144038319588,-0.005529416853096336,-0.021922754123806953,0.007358642711952934,1.0516338348388672,1.0063402600586415,0.9603601694107056,0.02017446125499955,80.0,588.4313354492188,191.63887042999266,65.11474609375,129.80493315980934,-0.003213375264895148,0.8709172372743487,80.0,4637.000987844006,9274.025854842306,121,0.43636536598205566,1176.8839111328125,383.30892715454104,130.2665252685547,259.60464394959246
0.01258843019604683,-0.011836643191054463,-0.02906348928809166,0.0092953424520618,1.187835693359375,1.1567912638187408,1.1079621315002441,0.017933347350244013,80.0,336.0378723144531,164.81535444259643,87.96595001220703,51.00599471400362,-0.003292767010978423,0.8737520110830664,80.0,4638.143733021274,9276.31156067574,122,0.3309621810913086,672.1016845703125,329.6775182723999,175.92916870117188,102.01001870864995
0.01995532587170601,-0.0027683019055984915,-0.027558468282222748,0.00899376236184732,1.108752965927124,1.0348455294966699,0.9784209728240967,0.03089070962744704,80.0,247.04942321777344,45.243307542800906,10.227456092834473,59.403703655788675,-0.003272387474309653,0.8754650266095996,80.0,4638.0415453887135,9276.107178915383,123,0.3286137580871582,494.11920166015625,90.51284854412079,20.437175750732422,118.80421704606702
0.0067900363355875015,-0.00442445141961798,-0.018068937584757805,0.005441972918640302,1.0059261322021484,0.9638980448246002,0.9315425157546997,0.01689635182121481,80.0,337.1781921386719,66.10449475049973,11.51822566986084,78.60423261817168,-0.0032752612857148058,0.8769355205073953,80.0,4638.410769458309,9276.845662211299,124,0.326063871383667,674.3755493164062,132.2371163368225,23.08706283569336,157.20616920886863
0.00963804591447115,-0.001742761500645429,-0.011210464872419834,0.004893748812584847,1.018662691116333,0.928622481226921,0.8590407371520996,0.040965930300901565,80.0,275.9762268066406,72.28601756095887,21.779773712158203,61.50525183835041,-0.003283634825085756,0.8771378285363318,80.0,4639.0701269648225,9278.164398019673,125,0.3893916606903076,551.9691772460938,144.59409337043763,43.59418487548828,123.00670341848063
0.005856715142726898,-0.002087075699819252,-0.010516412556171417,0.0036018251533860026,0.9631935954093933,0.9169599875807762,0.8718584179878235,0.01780284074180353,80.0,482.0164489746094,258.2807536125183,114.43363189697266,91.60163518279447,-0.003342403550050222,0.8786121387407184,80.0,4640.9573256899275,9281.938942490699,126,0.34954190254211426,964.0509033203125,516.58401927948,228.890380859375,183.2014843411968
0.01348661258816719,-0.00810624442237895,-0.02241034433245659,0.00682384551415484,1.018389105796814,0.9286990150809288,0.8589509725570679,0.03628794973357012,80.0,112.71575164794922,25.077399665117262,3.9180212020874023,18.929036145293882,-0.0034105326926510316,0.8784124017581344,80.0,4611.152666092828,9222.329756015062,127,0.33855652809143066,225.45330810546875,50.18958607912064,7.832638740539551,37.85283546343788
0.007615402340888977,-0.011484863242367282,-0.032729990780353546,0.008020704272713605,1.0393129587173462,0.9400319315493106,0.8489433526992798,0.048438526421505285,80.0,30.093034744262695,12.022156846523284,4.818780899047852,5.659304294781293,-0.0035121632335067265,0.878662607125938,80.0,4341.173251919106,8682.371128085613,128,0.3308687210083008,60.2017822265625,24.086084008216858,9.703278541564941,11.310064221728899
0.011051148176193237,-0.0158141857071314,-0.05350745469331741,0.017792283279392713,0.8789041042327881,0.7426625587046146,0.5951529145240784,0.06772037564553322,80.0,53.717220306396484,12.120972046256066,2.325334310531616,7.8255116985687145,-0.003643287446029717,0.8788377542793749,80.0,4227.806615936443,8455.638122449815,129,0.32997655868530273,107.45024871826172,24.288425678014754,4.687066078186035,15.632514320560674
0.029992468655109406,-0.003860111749963835,-0.02878648042678833,0.01115889435923719,0.937012255191803,0.8954230517148971,0.8541645407676697,0.020788699624520273,80.0,241.94973754882812,65.67847905158996,22.83099365234375,53.15867359250612,-0.003421656691440148,0.8799543361738325,80.0,4173.863795624421,8347.752061471881,130,0.33246874809265137,483.91815185546875,131.38258628845216,45.69422149658203,106.3116340621647
0.019411353394389153,-0.00876148464740254,-0.038709551095962524,0.009592017321015308,0.9682996273040771,0.9117144122719765,0.8680633306503296,0.021202057462964802,80.0,113.10213470458984,29.30628423690796,8.733524322509766,24.358171512091836,-0.0032503213683667126,0.8805716518759726,80.0,4130.02935669677,8260.08285148448,131,0.3299441337585449,226.2217254638672,58.64832499027252,17.446319580078125,48.70890683903729
0.02073373645544052,-0.006003055680776015,-0.0260599497705698,0.009777294486876906,0.8416515588760376,0.75325231179595,0.6670964956283569,0.03757986296155756,80.0,57.80690002441406,25.59756691455841,8.572568893432617,11.154444175181231,-0.003152360652893549,0.8785675002783537,80.0,4120.223461958812,8240.470825899305,132,0.3715207576751709,115.62945556640625,51.222204971313474,17.17630958557129,22.2973146846245
0.006312720477581024,-0.004026982205687091,-0.015089284628629684,0.004545512327677026,0.7759687304496765,0.6956253074109554,0.6264849305152893,0.0320067972604382,80.0,52.291053771972656,18.024712851643564,2.8790102005004883,11.290633112091422,-0.0031339308439346496,0.8769413469210267,80.0,4109.957538982347,8219.93891060573,133,0.32099318504333496,104.59617614746094,36.071391785144804,5.786369323730469,22.578410524570458
0.008739815093576908,-0.002781983674503863,-0.0151850376278162,0.004990668791366276,0.6667732000350952,0.6069751784205437,0.5349982380867004,0.027322907648674816,80.0,51.062252044677734,16.08999831676483,3.0490050315856934,11.212825482076573,-0.003035009236977203,0.8719628318473696,80.0,4099.814916832641,8199.65336900777,134,0.3251783847808838,102.12875366210938,32.19770025014877,6.112424850463867,22.42170053360213
0.014924593269824982,-0.008008037996478378,-0.026104336604475975,0.008238311978927751,0.6533467769622803,0.5702397920191288,0.4811217486858368,0.03832323798262981,80.0,27.80280303955078,8.547323022782802,1.4387307167053223,5.587510280661293,-0.0030615100706636437,0.8663909054398536,80.0,4091.32910854584,8182.681693924072,135,0.3313751220703125,55.6163330078125,17.12206682562828,2.8988471031188965,11.166980061040247
0.014894215390086174,-0.0027096897130832074,-0.016333431005477905,0.006034614481531485,0.6028823852539062,0.5307319894433021,0.47110292315483093,0.02581340937713865,80.0,17.004777908325195,5.448096489906311,1.7973394393920898,3.705359812677382,-0.0029441362124343873,0.860008677139878,80.0,4088.440123398602,8176.903361188711,136,0.3226816654205322,34.019309997558594,10.912227028608322,3.6353988647460938,7.406968455661977
0.010053716599941254,-0.00018731054733507336,-0.008715907111763954,0.0033653633421357795,0.5344502925872803,0.48029222451150416,0.438240647315979,0.02180493391957747,80.0,2461.593505859375,1446.4956058502198,428.2826843261719,375.07073902265756,-0.0029126741146028507,0.8527027399651704,80.0,4101.120048566163,8202.26300236112,137,0.32680296897888184,4923.197265625,2893.0011772155763,856.5775756835938,750.1406535729227
0.002239879220724106,-0.000570767352473922,-0.004249840974807739,0.0013734553031729095,0.4644036889076233,0.41724965199828146,0.376505583524704,0.01573475780558893,80.0,5453.017578125,2790.263023376465,1084.6287841796875,1007.9568366453577,-0.0028239463348290876,0.8440667738504705,80.0,4128.841287169278,8257.705129437865,138,0.33513307571411133,10906.04296875,5580.535537719727,2169.2646484375,2015.913428001945
0.0037924423813819885,-0.0009335823910078034,-0.006882558576762676,0.0015046606664399103,0.5639899969100952,0.5185705430805683,0.46887680888175964,0.021369299212607204,80.0,9298.18359375,5299.458755493164,2598.80078125,1524.4983770252836,-0.002769494036241667,0.8361984058730303,80.0,4181.553646806299,8363.129581881227,139,0.3065621852874756,18596.380859375,10598.929693603515,5197.61279296875,3048.996464681918
0.0033445460721850395,-0.008186394086806104,-0.022930357605218887,0.006298947611148525,0.851880669593811,0.7564513429999351,0.7104089260101318,0.02829842948463145,80.0,8957.1767578125,4428.0166488647465,1898.081787109375,1561.660963475416,-0.00281191292128642,0.8308137988112866,80.0,4225.463951560974,8450.95016903347,140,0.19813776016235352,17914.38671875,8856.064849853516,3796.19873046875,3123.3175738990544
0.002556411549448967,-0.0015110147884115576,-0.00845268927514553,0.0022468070109189224,1.0033409595489502,0.9692388042807579,0.924492597579956,0.020365447508046492,80.0,7868.6494140625,4361.055160522461,1394.32470703125,1378.1749237181405,-0.0027326107073167797,0.8276818525902928,80.0,4267.894898876905,8535.8118418898,141,0.2797865867614746,15737.322265625,8722.132675170898,2788.674072265625,2756.3502222816405
0.0071075186133384705,-0.005129559291526675,-0.02288210019469261,0.00578508892939427,0.8905274868011475,0.8319688759744167,0.7613533735275269,0.026233717238642793,80.0,846.79443359375,474.13696365356446,185.20252990722656,149.9241019613245,-0.0026851266299199776,0.8237113615758718,80.0,4271.514191668271,8543.050253137051,142,0.22974419593811035,1693.6290283203125,948.3008312225342,370.42901611328125,299.8460971013379
0.001999574713408947,-0.000938613701146096,-0.006289154291152954,0.0016673809522310182,0.6810218095779419,0.6448682606220245,0.6115521192550659,0.016195248475409353,80.0,1272.9722900390625,585.6880088806153,265.9438171386719,194.79050073146686,-0.0026603736855031457,0.8187819661535322,80.0,4275.896379338979,8551.814480445326,143,0.35448288917541504,2545.95703125,1171.3907997131348,531.90234375,389.5802585322328
0.022609075531363487,-0.006260775710688904,-0.025176234543323517,0.007934370478080523,0.7258679866790771,0.691795927286148,0.6393524408340454,0.019420408597817577,80.0,464.8157653808594,218.6836094379425,49.37823486328125,92.4770568126315,-0.0026622764518542674,0.8157844304330646,80.0,4278.0179194216125,8556.057504490436,144,0.3559269905090332,929.644775390625,437.3935788154602,98.72506713867188,184.95166014468862
0.011800214648246765,-0.005686217150650918,-0.022242877632379532,0.005954711253157388,0.7310992479324341,0.6533648937940597,0.6057779788970947,0.031615301733344384,80.0,211.0706329345703,64.49033818244934,21.686866760253906,46.147561850922486,-0.002696144079876831,0.8141294579990208,80.0,4278.2118869180085,8556.445474124728,145,0.278339147567749,422.15557861328125,129.00511693954468,43.42442321777344,92.29063816874715
0.01564263552427292,-0.0006055461446521804,-0.0133445393294096,0.004647209684485817,0.8030543327331543,0.7375932916998863,0.612734854221344,0.044573361282551904,80.0,137.52633666992188,33.77484309673309,9.915629386901855,28.942013155627517,-0.0026213666462572287,0.8118474775366483,80.0,4277.711499458492,8555.444504005729,146,0.3627169132232666,275.0667419433594,67.5656491279602,19.845184326171875,57.88329912434653
0.011187012307345867,-0.004617411730578169,-0.022715887054800987,0.00714549531255801,0.8400748372077942,0.7447292521595955,0.6885318160057068,0.02933861656761507,80.0,147.15682983398438,22.84660585820675,3.9088199138641357,31.253418594165606,-0.0026427799751400018,0.8109186884649098,80.0,4277.684613775819,8555.390756890953,147,0.3503108024597168,294.32879638671875,45.71734094619751,7.861874103546143,62.502376952921786
0.016885772347450256,-0.010774423758266493,-0.03701667860150337,0.012386502781765205,0.9537822604179382,0.9214325755834579,0.8827575445175171,0.016272467315568244,80.0,1168.7437744140625,474.6359365463257,164.94139099121094,279.84557837526484,-0.002733117847819812,0.8108955412320792,80.0,4281.966713978856,8563.955137473286,148,0.21628212928771973,2337.506591796875,949.3118465423584,329.9137268066406,559.6758048419093
0.010654717683792114,-0.020172053773421794,-0.054801806807518005,0.015351601035359293,1.1461529731750488,1.1111453756690026,1.0713815689086914,0.01578905605224864,80.0,1341.7003173828125,586.3574180603027,271.4482116699219,250.1648387960893,-0.0028770722863264374,0.8121497779451309,80.0,4287.098777473896,8574.219577436148,149,0.19496440887451172,2683.41943359375,1172.777400970459,542.988525390625,500.30739978280934
0.006924626417458057,-0.01971002812497318,-0.05373242869973183,0.011817820399931848,1.3181074857711792,1.2887579053640366,1.2641966342926025,0.010622924931613998,80.0,2518.703369140625,1486.477685546875,903.34521484375,390.2885794164678,-0.0030488554615294553,0.8168521110676228,80.0,4301.872921544924,8603.768302987546,150,0.21710705757141113,5037.4326171875,2973.0205459594727,1806.782470703125,780.5639106244608
0.0019478332251310349,-0.012983394658658654,-0.03735532611608505,0.009995640608016425,1.1494860649108887,1.099580316245556,1.0382450819015503,0.021275637794949467,80.0,1652.5198974609375,771.3170639038086,424.70208740234375,297.3064805102672,-0.00312290028645657,0.8195227776505051,80.0,4309.2458336507225,8618.514328644365,151,0.21634864807128906,3305.06201171875,1542.682080078125,849.4210205078125,594.6027086824973
0.0005391128361225128,-0.013496639369986952,-0.03260793909430504,0.008417988340343076,1.0016796588897705,0.961000119894743,0.9254776239395142,0.016208980345964154,80.0,226.6398468017578,87.3871187210083,39.55373764038086,39.31946733932244,-0.00323539437999716,0.8225882979519664,80.0,4309.9251692733915,8619.873286183805,152,0.18811321258544922,453.29888916015625,174.82045011520387,79.16885375976562,78.62871846008488
0.0005847811698913574,-0.010555203421972692,-0.024204503744840622,0.006736808896195593,0.899773120880127,0.8442699432373046,0.788693904876709,0.026948981458231006,80.0,73.60482788085938,25.6037336230278,8.825647354125977,11.633450614575006,-0.0033301779170287773,0.822286775391549,80.0,4309.9223743928815,8619.86787996313,153,0.30382323265075684,147.2266845703125,51.24546320438385,17.708372116088867,23.25964875083497
0.030468694865703583,0.0007852478243876249,-0.018932022154331207,0.010026409580189013,0.8173367977142334,0.6566087901592255,0.5072720050811768,0.07994608186977088,80.0,115.92880249023438,35.71774035692215,10.448664665222168,20.85165594253504,-0.003299853523727506,0.8201103455983103,80.0,4310.214124457166,8620.451275916072,154,0.4872403144836426,231.83837890625,71.44704251289367,20.939558029174805,41.69862715525388
0.021649710834026337,-0.005357741832267493,-0.03404933959245682,0.010901118350978553,0.6621031761169434,0.5914495393633843,0.538299560546875,0.025740773311679267,80.0,87.60716247558594,29.168401259183884,6.673905849456787,18.186078450650967,-0.0033717727984767403,0.8184903074018658,80.0,4242.404752073274,8484.832642330379,155,0.3457612991333008,175.22552490234375,58.3593465089798,13.378572463989258,36.367162253766125
0.018336476758122444,-0.001398131321184337,-0.012602643109858036,0.005495523441014824,0.568612277507782,0.49733299016952515,0.4155009984970093,0.03360726666820244,80.0,43.17574691772461,7.930002491176128,1.8929845094680786,8.921939610262795,-0.003381681345286779,0.8163972685150802,80.0,3826.084657078654,7652.1924230320155,156,0.3346080780029297,86.36016082763672,15.872747898101807,3.7714853286743164,17.84275941767021
0.01910884492099285,-0.004739369900198654,-0.02721109241247177,0.007529101930393888,0.5206338763237,0.46148686669766903,0.4135001301765442,0.021292181539540572,80.0,42.64019012451172,10.434568879008292,2.3744611740112305,9.41563486146388,-0.0034012133348151107,0.8105266416743397,80.0,3676.333685445666,7352.6904052538575,157,0.3372974395751953,85.29146575927734,20.887846207618715,4.768895149230957,18.827570354817055
0.012527866289019585,-0.00896954191266559,-0.032861799001693726,0.008580704590785795,0.8814255595207214,0.8256772942841053,0.7764750719070435,0.023402502247480063,80.0,203.86807250976562,82.53848495483399,42.19683837890625,30.294539932838592,-0.0034701128826709455,0.8085507209450006,80.0,3650.5551688059572,7301.133470044583,158,0.33257150650024414,407.772216796875,165.11142292022706,84.4213638305664,60.58860416531787
0.007304226979613304,-0.00837711637141183,-0.024270376190543175,0.00634997602102352,0.7170190811157227,0.639377623796463,0.5617033243179321,0.038576151206076256,80.0,238.19244384765625,106.05187520980834,58.693328857421875,33.97857101134678,-0.0035338382292538872,0.8072312965467573,80.0,3636.1904728516342,7272.404179275006,159,0.22549033164978027,476.3996276855469,212.13329181671142,117.41607666015625,67.95057370562218
0.010336880572140217,-0.009008493460714816,-0.03042612411081791,0.009367913112212488,0.782856822013855,0.6921697616577148,0.6153527498245239,0.037074057469673155,80.0,93.8063735961914,40.09995522499084,18.861995697021484,17.465711940608973,-0.0036119651551125564,0.8042843225598335,80.0,3612.175272223831,7224.373875616044,160,0.19428658485412598,187.6272430419922,80.23177094459534,37.75126647949219,34.9225353959032
0.017425380647182465,-0.008649075619177892,-0.035961706191301346,0.011681643486624371,0.9080551862716675,0.7715679109096527,0.6605998277664185,0.07038148565719107,80.0,125.51835632324219,25.559596395492555,9.124279022216797,25.91733422170642,-0.003691123060008976,0.8039354460015892,80.0,3254.3854568108322,6508.794408020227,161,0.19059133529663086,251.0539093017578,51.151922059059146,18.30703353881836,51.824159964761684
0.016145506873726845,-0.012627662636805325,-0.0363151840865612,0.008560159002728268,1.0523135662078857,0.9710978686809539,0.8875406384468079,0.02808935532850237,80.0,64.57826232910156,12.616368120908737,5.107675552368164,12.393572394079563,-0.0038024571128189555,0.8049282495900988,80.0,2942.0285357752437,5884.0808183854515,162,0.19042086601257324,129.17794799804688,25.27741347551346,10.268730163574219,24.780314179230636
0.010805012658238411,-0.006954553874675184,-0.02514687180519104,0.007524055395845716,0.8319060802459717,0.7723065875470638,0.7090494632720947,0.028870932575781025,80.0,19.280460357666016,4.353820541501046,1.9699393510818481,3.414278369452951,-0.0038538590302341614,0.8048584983050823,80.0,2867.760466680855,5735.544780877769,163,0.1990358829498291,38.576515197753906,8.73699630200863,3.986009359359741,6.8218265878153534
0.010160238482058048,-0.00569320116774179,-0.02660362422466278,0.007027973948156731,0.5194287300109863,0.4169360391795635,0.33699485659599304,0.034484891515508896,80.0,21.26675033569336,3.6368109419941903,0.8791109323501587,3.9219369682719822,-0.003897208557085833,0.8003713177815079,80.0,2861.571147843405,5723.1661401899755,164,0.19953370094299316,42.54258728027344,7.293346992135048,1.7957513332366943,7.8382311472092505
0.01678861677646637,-0.004431134962942451,-0.020147621631622314,0.007979759304119264,0.7148640751838684,0.6322521634399891,0.5595815181732178,0.035634018743981366,80.0,46.6569709777832,9.819518584012986,2.1564879417419434,9.73253853642121,-0.003889877221459756,0.7986013134792447,80.0,2859.0828248653856,5718.189444146902,165,0.18350577354431152,93.32540130615234,19.660544568300246,4.321979999542236,19.459127633361668
0.006582852452993393,-0.0009419538910151459,-0.015960991382598877,0.0034936746335764678,0.33851784467697144,0.295365996286273,0.24978530406951904,0.017402335025319092,80.0,5258.47265625,1694.1598155975341,165.16542053222656,1019.35311432639,-0.003885064828777104,0.7950983575247227,80.0,2874.35970962803,5748.743134074003,166,0.19209074974060059,10516.951171875,3388.3274307250977,330.3480224609375,2038.7065444562459
0.009389115497469902,-0.0025515219080261887,-0.016788935288786888,0.0049454938310205185,0.5854196548461914,0.5418368071317673,0.505218505859375,0.01847696970409953,80.0,20635.63671875,11179.496697998047,5934.30078125,2808.9909594095857,-0.0038941371408145646,0.7926172582395375,80.0,2984.2132614206516,5968.45020704487,167,0.19542884826660156,41271.2890625,22359.009423828124,11868.6279296875,5617.981922826071
0.008688773959875107,-0.0005659484246280045,-0.008862998336553574,0.0021346652887078233,0.6385865211486816,0.5661817401647568,0.509954035282135,0.023220966756198256,80.0,2095.647216796875,988.9646766662597,443.80194091796875,303.776579404777,-0.0038530278442049167,0.7902942098192871,80.0,2993.369038836642,5986.761633189945,168,0.19909405708312988,4191.3056640625,1977.9418090820313,887.6170654296875,607.5524043972928
0.01538899913430214,-0.002322717587230727,-0.020579848438501358,0.005600883120964601,0.5054668188095093,0.4375294506549835,0.3858395218849182,0.029299117883476673,80.0,736.296875,297.9053763389587,83.28345489501953,135.18447326021658,-0.0038449213643762053,0.7866478911899031,80.0,2994.7071367718427,5989.437739926129,169,0.20255088806152344,1472.60205078125,595.8241498947143,166.58456420898438,270.3662643042269
0.007830196991562843,-0.0056418395775835965,-0.026012707501649857,0.006834460385541349,0.5801441073417664,0.5165311168879271,0.44055187702178955,0.028999366525880064,80.0,137.50152587890625,22.43850785791874,3.9627511501312256,24.796841694376038,-0.003886970154635492,0.7833324514552951,80.0,2994.0185768618726,5988.060637890012,170,0.20066070556640625,275.0118103027344,44.89862996339798,7.975900650024414,49.58762242484833
0.020342843607068062,-0.000912131107179448,-0.013299187645316124,0.00624392293417464,0.7172824144363403,0.6227733187377453,0.506974458694458,0.05930251487938432,80.0,137.80877685546875,28.115694451332093,8.029691696166992,29.521699594372254,-0.0038627238376502645,0.7816625699549913,80.0,2992.8721787855775,5985.767759848267,171,0.1973423957824707,275.6267395019531,56.24566807746887,16.096603393554688,59.03918666656525
0.010272786021232605,-0.007128312613349408,-0.02600807696580887,0.008376232385293588,0.847133457660675,0.7277921192348004,0.6793663501739502,0.0375187463143727,80.0,31.217336654663086,10.0113689661026,4.80116081237793,6.167532753647835,-0.003917207508507999,0.7816520867720247,80.0,2992.6800640711936,5985.383639181644,172,0.19004178047180176,62.448646545410156,20.051550459861755,9.653972625732422,12.330488477096088
0.016909921541810036,-0.011014974385034293,-0.03403041884303093,0.01163762149730086,0.7808077335357666,0.6947285279631614,0.5463134050369263,0.0685154040385384,80.0,81.3823013305664,35.75712959766388,14.944437026977539,13.145061771002917,-0.003999113890095031,0.7809242852628232,80.0,2992.735830794378,5985.495321877033,173,0.1946125030517578,162.7816162109375,71.55018346309662,29.920591354370117,26.28138467009389
0.01372571475803852,-0.007903305045329035,-0.025244764983654022,0.00877567625855308,0.8952449560165405,0.8720161609351635,0.8327866792678833,0.011156202459405944,80.0,112.01856994628906,54.27200431823731,20.846988677978516,20.185114562174732,-0.0040125265878596115,0.781701472349465,80.0,2993.1739604285804,5986.371623512955,174,0.19395232200622559,224.05462646484375,108.57725553512573,41.71167755126953,40.368137002642676
0.006401194259524345,-0.0009138541063293815,-0.015979766845703125,0.003719222324807165,0.7915849089622498,0.7520656310021877,0.7233012914657593,0.016055562274204238,80.0,864.6031494140625,368.32758808135986,184.72598266601562,158.86362308285914,-0.005107224498686264,0.7826860977113248,80.0,2587.2994926570505,5174.624875225752,175,0.1924889087677002,1729.2198486328125,736.6720462799072,369.46051025390625,317.72607917891605
0.009930692613124847,-0.00927553468500264,-0.031275972723960876,0.008235695485826712,0.8741496801376343,0.8042149804532528,0.732555091381073,0.030184957881697495,80.0,30.132537841796875,8.666158413887024,3.613250732421875,5.019328740018407,-0.005182542091803043,0.7830246338397263,80.0,2196.2139747978304,4392.453997383862,176,0.1982419490814209,60.2812614440918,17.366952139139176,7.277769565582275,10.031378053505907
0.01630626991391182,-0.005607670737663284,-0.028236979618668556,0.0073024362932656095,0.878952145576477,0.8228796951472759,0.763555645942688,0.021465188310699608,80.0,8.816133499145508,2.3396567635238172,0.6319382786750793,1.8337629296082407,-0.0052213478229678,0.7811082448363302,80.0,2155.9699384736195,4311.965964221268,177,0.19309115409851074,17.64913558959961,4.7069864749908445,1.2956485748291016,3.6632798634960952
0.029179375618696213,-0.006023044732864946,-0.04815036058425903,0.01319730782614184,0.7166087627410889,0.646003695577383,0.5675886869430542,0.03207310191283661,80.0,14.55384635925293,3.7211819350719453,1.0032336711883545,2.5602750276188075,-0.005262723974054099,0.7795325888320802,80.0,2120.9619910522474,4241.950120492756,178,0.19731521606445312,29.119796752929688,7.467330029606819,2.0340828895568848,5.1153430096775825
0.014126662164926529,-0.004953500413103029,-0.019735779613256454,0.006396547794342945,0.7267466187477112,0.6825407937169075,0.6325220465660095,0.022440695663786675,80.0,11.656298637390137,2.2209804620593787,0.41863104701042175,2.372693786605133,-0.0052802590874925955,0.777925720654428,80.0,2029.8492482201495,4059.724632979683,179,0.19548869132995605,23.326534271240234,4.465518712252378,0.8740267157554626,4.74309138385001
0.010854169726371765,-0.0084574512031395,-0.030782222747802734,0.008820255460068647,0.7418931126594543,0.6987748637795448,0.6443618535995483,0.02411208038192124,80.0,19.01344108581543,5.020265182107687,0.7977623343467712,4.249235226702061,-0.005351041248461116,0.7771906871572137,80.0,1866.2812005057597,3732.5886628616677,180,0.19057345390319824,38.04882049560547,10.071420815587043,1.6254003047943115,8.490011278530858
0.015697576105594635,0.004021729179657996,-0.0060799382627010345,0.0042299864532464706,0.591200590133667,0.5241788871586323,0.4843999445438385,0.022216166282208714,80.0,5451.5185546875,1666.7807411193849,297.9052429199219,1418.7712943585373,-0.005286097540971241,0.7747386694326996,80.0,1734.3337376532813,3468.6935553558687,181,0.19210171699523926,10903.048828125,3333.5639320373534,595.8189697265625,2837.543395859002
0.0024143513292074203,-0.00020554547663778066,-0.00484740175306797,0.0012870540647891343,0.6237438917160034,0.591316445171833,0.5575019121170044,0.01435336793613738,80.0,10587.259765625,6294.928656005859,2463.946044921875,2530.9281857874803,-0.005269722663957508,0.7727341563552618,80.0,1750.1693091864843,3500.3646276214945,182,0.1986386775970459,21174.53125,12589.869586181641,4927.91357421875,5061.855818315578
0.0016928762197494507,-0.0015877418220043183,-0.008299978449940681,0.002030147469424094,0.694119930267334,0.6378778651356697,0.593578577041626,0.02335928670880959,80.0,8824.9365234375,5211.339190673828,2324.950439453125,1747.3326291193225,-0.005275301681002018,0.771392988078296,80.0,1791.6978877196568,3583.4217683609354,183,0.19371700286865234,17649.884765625,10422.69423828125,4649.9111328125,3494.6625158808147
0.010670514777302742,-0.0050139843369834125,-0.019389934837818146,0.005486196171252583,0.8899389505386353,0.8328036457300186,0.777387797832489,0.028268965555100257,80.0,5969.7744140625,2831.988536071777,1070.5068359375,1322.776441369716,-0.005303806042866198,0.7724506105631589,80.0,1815.1336100402136,3630.2932905529365,184,0.1959552764892578,11939.564453125,5664.003698730468,2141.0322265625,2645.546798804724
0.004704587161540985,-0.004904103197623045,-0.022756490856409073,0.005839881939722436,0.9944810271263123,0.9640224948525429,0.9225799441337585,0.017723641657624845,80.0,3831.632080078125,2641.800573730469,1933.201171875,508.9160216313037,-0.005311208198007079,0.7753889010995626,80.0,1839.5336686996034,3679.0934816695976,185,0.19011139869689941,7663.283203125,5283.630255126953,3866.419921875,1017.827365113081
0.017226241528987885,-0.012596920010400936,-0.0427505224943161,0.011839969796124204,0.9233205318450928,0.8736814819276333,0.8309579491615295,0.020789490984035135,80.0,2455.657958984375,1750.4192733764648,1234.255859375,272.6262756374606,-0.00542410268371168,0.7767774358913303,80.0,1853.976279897075,3707.9789574596216,186,0.19479870796203613,4911.34912109375,3500.8811950683594,2468.5673828125,545.2452196315248
0.008970912545919418,-0.0066505922994110735,-0.024344369769096375,0.007829798308980411,0.8407600522041321,0.7965847954154015,0.755321204662323,0.019349064497197505,80.0,694.447509765625,261.73233633041383,126.82624053955078,84.74679773154347,-0.005470153567308443,0.7766895954683423,80.0,1853.801879881244,3707.630247849637,187,0.1939997673034668,1388.9112548828125,523.4939102172851,253.71041870117188,169.49032666338098
0.009224623441696167,-0.0022235415410250424,-0.015470396727323532,0.004676120035010215,0.7205051183700562,0.6644874259829521,0.6133711338043213,0.020006063526997988,80.0,1087.4176025390625,809.036644744873,512.4723510742188,133.72667880957155,-0.00544483718862466,0.7755867072939873,80.0,1858.5106884645033,3717.047792370968,188,0.1923685073852539,2174.84912109375,1618.091030883789,1024.95654296875,267.4529674773186
0.002390557900071144,-0.0005582761717960238,-0.002529958263039589,0.0009329866276878516,0.6416206955909729,0.5983730562031269,0.5486133098602295,0.016147424188058146,80.0,3257.804931640625,2680.571127319336,2189.05126953125,240.48794559686436,-0.005435622176199104,0.7745579401329159,80.0,1883.842148685958,3767.710674237244,189,0.19355416297912598,6515.62109375,5361.155383300781,4378.11767578125,480.9751856696277
0.005001990124583244,-0.003499038773588836,-0.014906305819749832,0.004994957729214872,0.7797802090644836,0.7247265182435513,0.638501763343811,0.036434244452596375,80.0,4774.2861328125,4122.3979217529295,3571.24658203125,298.81260019440117,-0.005461789114968269,0.7746036579683424,80.0,1923.65810919049,3847.342648300402,190,0.1976783275604248,9548.583984375,8244.817315673828,7142.5126953125,597.6215438678844
0.004653395153582096,-0.007726436969824136,-0.029217807576060295,0.007933825482777128,1.0414495468139648,0.9956658542156219,0.9217201471328735,0.03488652343728642,80.0,4207.05322265625,3466.07890625,2741.981201171875,348.80907742412654,-0.00548423871961131,0.7782585874274374,80.0,1957.9155984835886,3915.8577449247764,191,0.19480276107788086,8414.125,6932.1931823730465,5484.0,697.609518887544
0.021462194621562958,-0.009311093774158508,-0.030503764748573303,0.008769613415792491,1.1738049983978271,1.1354630693793297,1.0560047626495361,0.029899283290281433,80.0,3926.573974609375,3118.0706420898437,2602.041748046875,276.44595492641827,-0.00555534946451371,0.781413980782032,80.0,1988.9605175108577,3977.9477885076926,192,0.1929481029510498,7853.169921875,6236.182635498047,5204.1474609375,552.8831187046791
0.0023149074986577034,-0.017257211729884148,-0.04468770697712898,0.010368401569371195,1.237187147140503,1.2138465583324431,1.164894700050354,0.013594125394702056,80.0,3261.868896484375,2734.4548400878907,2194.63427734375,241.33196855605874,-0.005737732351917657,0.787789491854608,80.0,1863.816668084588,3727.660579706423,193,0.1979672908782959,6523.76708984375,5468.96849975586,4389.314453125,482.6580397851003
0.012394464574754238,-0.006235946709057316,-0.026690345257520676,0.008750435333974493,1.0047121047973633,0.9475669384002685,0.9070673584938049,0.017819698006906953,80.0,1996.7161865234375,804.4448429107666,402.9545593261719,342.5910881183196,-0.005798944602938718,0.7908629668354987,80.0,1435.9912151465082,2872.009831957095,194,0.19880270957946777,3993.451416015625,1608.9211235046387,805.952880859375,685.1737395012908
0.0061774421483278275,-0.00337886186898686,-0.01614004746079445,0.003996951645671386,0.7674459218978882,0.7014959484338761,0.6455227732658386,0.019051665813620274,80.0,1058.0908203125,491.70168647766116,163.4879913330078,220.36134808073396,-0.0058282597414072365,0.7893059855476021,80.0,1237.1238140425348,2474.2750662481712,195,0.3161888122558594,2116.1943359375,983.424161529541,326.9981689453125,440.7187783960564
0.0015617944300174713,-0.000709493743488565,-0.008210375905036926,0.0014440921014264698,0.4554019570350647,0.4124133612960577,0.35083073377609253,0.021339286000086655,80.0,6858.92041015625,4755.122756958008,2951.64892578125,813.5329161716954,-0.005781566151112202,0.7841874547190965,80.0,1251.97430540606,2503.9758535406518,196,0.31424760818481445,13717.849609375,9510.25517578125,5903.3232421875,1627.0645875547793
0.001792360097169876,-0.0004141035315115005,-0.005471347365528345,0.0011019908760772617,0.40539443492889404,0.3652243860065937,0.3123199939727783,0.01977585166236242,80.0,5661.0,1534.4457286834718,94.05154418945312,961.2479924204955,-0.005742447615586571,0.7808564041666686,80.0,1249.9942160010003,2500.01553003525,197,0.3161890506744385,11322.0078125,3068.8996181488037,188.1068115234375,1922.496053846055
0.0021015265956521034,-0.0005147901189047843,-0.004759646020829678,0.0012125378146541942,0.46407589316368103,0.4130077641457319,0.3794962763786316,0.01858472386721462,80.0,19768.267578125,10933.493463134766,5332.14599609375,2768.2218196967356,-0.00567118774294795,0.7768932883292436,80.0,1343.8405541968011,2687.707981207125,198,0.3076748847961426,39536.55078125,21866.995861816406,10664.306640625,5536.4434295830515
0.000920608639717102,-0.0006706763058900833,-0.005881583318114281,0.0010363992988039322,0.5576585531234741,0.5077472630888223,0.46567654609680176,0.017422934653877772,80.0,2865.120849609375,1626.3009437561036,637.9462890625,436.9343335985771,-0.005610128860440456,0.7727663839422165,80.0,1354.8178877958915,2709.6624440596033,199,0.30733156204223633,5730.25146484375,3252.6134170532227,1275.90625,873.8676953269957
0.0008583888411521912,-0.001548612624173984,-0.00999140739440918,0.002318616034415986,0.4815141558647156,0.4478275068104267,0.40533870458602905,0.015612535682697456,80.0,1208.008056640625,506.4438642501831,172.3198699951172,234.14488521456255,-0.00550319471709372,0.7662521509267388,80.0,1356.864340406861,2713.755005060427,200,0.34966444969177246,2416.02490234375,1012.8997764587402,344.654296875,468.28799800515907
0.002084556967020035,-0.002643790189176798,-0.014289457350969315,0.0035150645052386856,0.6005344390869141,0.5631564766168594,0.5266326069831848,0.01647803193360049,80.0,757.004150390625,174.43923864364623,41.4070930480957,184.01571240429877,-0.005478874382664799,0.7606515509821473,80.0,1354.3826198658605,2708.791403311007,201,0.323596715927124,1514.019775390625,348.89502868652346,82.83782196044922,368.02831019605384
0.006331797689199448,-0.0015643500082660466,-0.011396480724215508,0.0035911321354997945,0.6738142967224121,0.5965880244970322,0.555686354637146,0.025120661838973164,80.0,318.45159912109375,52.23934925794602,9.66304874420166,76.57215233040607,-0.005453829655525624,0.756689543467015,80.0,1352.4190535500907,2704.864141346924,202,0.33474183082580566,636.9156494140625,104.49376018047333,19.335445404052734,153.14314067659424
0.012472536414861679,-0.0017943748156540097,-0.014802701771259308,0.00490842591322071,0.817202627658844,0.7618394158780575,0.7106842994689941,0.022965651453645736,80.0,205.08975219726562,26.730068600177766,4.386284828186035,46.66865452437333,-0.00538911478825321,0.7534687832929194,80.0,1350.0818054718638,2700.1894513747616,203,0.27822041511535645,410.193359375,53.47896325588226,8.786696434020996,93.33598645080096
0.016468413174152374,-0.004427731037139893,-0.026004280894994736,0.006890342993219015,0.7863732576370239,0.7094754904508591,0.6554298400878906,0.02534391798165388,80.0,189.429443359375,24.279488182067873,2.725569486618042,40.318211853092684,-0.005313222828772269,0.7491838116236031,80.0,1349.7469440655973,2699.5194910695473,204,0.3358736038208008,378.87890625,48.58202074766159,5.486551284790039,80.63389064828168
0.012131806463003159,-0.00411467679659836,-0.016557207331061363,0.005284179443648635,0.7171341776847839,0.6453504391014576,0.566724419593811,0.038511212478550466,80.0,392.9048767089844,120.30699419975281,44.76436233520508,72.08766421189813,-0.005327437836022,0.7463675501681863,80.0,1350.1136885196233,2700.252952062122,205,0.212371826171875,785.8224487304688,240.63512382507324,89.5523452758789,144.17273928543628
0.009455986320972443,-0.0007661430921871215,-0.0071009136736392975,0.0029837605169582494,0.4984157681465149,0.4273826491087675,0.37810081243515015,0.02214115212176403,80.0,307.3597412109375,158.44240713119507,72.93988037109375,51.81683729872399,-0.005317135329401936,0.7421547279208898,80.0,1350.6940262556338,2701.4135226356907,206,0.3329956531524658,614.7239379882812,316.89489192962645,145.89401245117188,103.6312013269661
0.013712875545024872,-0.005953761708224192,-0.027311274781823158,0.008443222021476349,0.728581428527832,0.6711919978260994,0.6059257388114929,0.030984986672199306,80.0,71.3828353881836,18.818992310762404,5.8922648429870605,13.34363209198338,-0.005351275421431639,0.741584162324667,80.0,1350.1313507457637,2700.2882284889142,207,0.20482802391052246,142.77792358398438,37.66331589221954,11.851086616516113,26.681127672837498
0.007792104035615921,-0.003495188773376867,-0.018279261887073517,0.005598984861769875,0.8003498911857605,0.6799131229519844,0.6083366870880127,0.03739160074390796,80.0,31.013931274414062,7.674016430974007,2.550997018814087,5.654177341179872,-0.005371407529208227,0.7406955635473134,80.0,1348.9875747858248,2698.000699045352,208,0.30593037605285645,62.04298400878906,15.368621367216111,5.130764007568359,11.306952968099482
0.01076557394117117,-0.0023590944008901717,-0.025812719017267227,0.005542483942326424,0.7323927879333496,0.6813369303941726,0.626984715461731,0.023808676782904523,80.0,36.59846115112305,8.73147992491722,1.4895575046539307,7.863922999758451,-0.005381117085271399,0.7404225903227925,80.0,1348.470970583793,2696.9675045824865,209,0.22147917747497559,73.21026611328125,17.481304636597635,2.9905643463134766,15.724377245875491
0.011245288886129856,-0.003934019902953878,-0.015721861273050308,0.005192270141718072,0.6832261085510254,0.6311403989791871,0.5580154657363892,0.025795358765756275,80.0,29.656173706054688,9.479303732514381,2.811696767807007,5.633501413295919,-0.005397906589307239,0.7379946310594677,80.0,1348.1303809789085,2696.28631039115,210,0.3376426696777344,59.32367706298828,18.979098403453825,5.6628594398498535,11.261831867201966
0.007418647408485413,-0.002048091916367412,-0.00824476033449173,0.003148662217687871,0.4967917203903198,0.4589629862457514,0.40748679637908936,0.017663794032977596,80.0,68.81940460205078,12.351896578073502,1.3010122776031494,14.072465320043742,-0.005386740595378798,0.7356128823570907,80.0,1348.0882999686264,2696.202078402392,211,0.3307833671569824,137.64854431152344,24.717068448662758,2.6196510791778564,28.143674621776395
0.009525323286652565,-0.004083400132367387,-0.026659242808818817,0.0075357238927210145,0.6881924867630005,0.5832402870059014,0.5148048400878906,0.030638809552566166,80.0,67.7279281616211,27.696093440055847,8.306602478027344,12.04039796522909,-0.0054540561648755105,0.7342365173436701,80.0,1306.7344270559809,2613.4944399763267,212,0.3362407684326172,135.46719360351562,55.41201798915863,16.636323928833008,24.076663908422585
0.006299667060375214,-0.003688375698402524,-0.016175903379917145,0.004990688159066281,0.732255220413208,0.6381112426519394,0.5785569548606873,0.029537742884409357,80.0,15.171989440917969,3.423384264111519,1.0457608699798584,2.9204526237502546,-0.0054847544698131976,0.7329635772369802,80.0,1266.7246643471085,2533.474950206987,213,0.32752013206481934,30.355859756469727,6.866907465457916,2.1253154277801514,5.837603292123329
0.011241483502089977,-0.00232550750952214,-0.014753814786672592,0.005591571915499443,0.7492170333862305,0.6674630403518677,0.5661013126373291,0.03560350709370601,80.0,11.081140518188477,2.490313094854355,0.7157480716705322,1.8950786327491158,-0.005488910524683889,0.7326506756059825,80.0,1187.8097961157523,2375.645217477582,214,0.3312077522277832,22.175567626953125,4.998626473546028,1.444500207901001,3.787991497244409
0.021124694496393204,0.001361662388080731,-0.009166952222585678,0.006045170508642763,0.4770687222480774,0.40956950187683105,0.3327702283859253,0.03405035446171804,80.0,192.09442138671875,44.30587373971939,10.278266906738281,43.17830248948225,-0.005435363631040673,0.729520972531289,80.0,1091.2026098580325,2182.430677355311,215,0.33163881301879883,384.196533203125,88.61721580028534,20.564693450927734,86.35148403977114
0.02506317012012005,-0.004459365940419957,-0.022868208587169647,0.00784210270037416,0.678058922290802,0.6121811330318451,0.5365309715270996,0.028961566080928914,80.0,54.75446319580078,17.760744941234588,8.554713249206543,9.4388093437853,-0.0053502470719249675,0.7256106970794498,80.0,1033.8394395059308,2067.704088436387,216,0.33336949348449707,109.52215576171875,35.542652297019956,17.11739158630371,18.876360236632816
0.0027164220809936523,-0.0008654495584778487,-0.008692402392625809,0.002383112563326473,0.5180888175964355,0.4685022849589586,0.3988555073738098,0.02964091651662323,80.0,286.18682861328125,113.83350925445556,31.153419494628906,51.771078766748225,-0.005186733267022645,0.7192949013784526,80.0,1013.3126681531631,2026.65009268739,217,0.3303337097167969,572.3822021484375,227.67811980247498,62.31222915649414,103.54021916354368
0.0008490197360515594,-0.0003277897834777832,-0.002884248271584511,0.000622834855997405,0.4194326400756836,0.3664659660309553,0.31791141629219055,0.02037079503710424,80.0,4863.55615234375,2734.4058181762693,1613.3157958984375,613.1979436202474,-0.005127135910777724,0.7129307823441922,80.0,1029.3785535062514,2058.7816174829222,218,0.33088231086730957,9727.1201171875,5468.819671630859,3226.63818359375,1226.3955190358615
0.028660766780376434,-0.004116908268770203,-0.025772016495466232,0.00822386874689321,0.6089895963668823,0.5280500531196595,0.4504375457763672,0.03419279547077959,80.0,591.1808471679688,279.58204517364504,89.62152862548828,96.41487462823713,-0.005135108898932231,0.7110676090978086,80.0,1019.9253738588059,2039.8752369878514,219,0.3320426940917969,1182.371826171875,559.1828870773315,179.28607177734375,192.82529339244638
0.01763772964477539,-0.0050150363415014,-0.018215786665678024,0.006623404644776586,0.2840993404388428,0.24146042503416537,0.18766248226165771,0.01857888569401273,80.0,63.93195343017578,28.713976788520814,10.6127347946167,11.8367352247514,-0.005095053965764237,0.7055431388542054,80.0,1013.4957222257816,2027.015743119977,220,0.41464734077453613,127.8682861328125,57.4428129196167,21.236019134521484,23.673839612234428
0.0013569751754403114,-8.260953472927213e-06,-0.0032624341547489166,0.0009357287392080056,0.36497044563293457,0.3126858830451965,0.2697076201438904,0.01849471290289924,80.0,18869.900390625,10577.971081542968,4870.42529296875,2804.037651720904,-0.005039842406768002,0.698606595084071,80.0,1117.3590443369112,2234.742136270307,221,0.30542421340942383,37739.8046875,21155.9482421875,9740.857421875,5608.075128914697
0.002874661237001419,-0.0006302032037638128,-0.005908027291297913,0.0013135583045979522,0.4706626236438751,0.4228255420923233,0.37255847454071045,0.01743797791516305,80.0,1276.7757568359375,628.7399879455567,369.2210388183594,179.45051051203194,-0.004927778006895096,0.6912669378668069,80.0,1121.998290671941,2244.020257983945,222,0.30311083793640137,2553.5595703125,1257.4896896362304,738.455322265625,358.90042219324636
0.0035543441772460938,-0.0009486233466304839,-0.0048909662291407585,0.001433594845373736,0.3835136592388153,0.3353762712329626,0.2748776376247406,0.02177012669748274,80.0,748.0750122070312,288.3040855407715,101.72327423095703,113.63475771714145,-0.004909581221305416,0.6842722452841699,80.0,1124.4288984519208,2248.881297236465,223,0.36137914657592773,1496.157470703125,576.6167737960816,203.45738220214844,227.26865886635926
0.0024043936282396317,-0.000685479084495455,-0.005557890981435776,0.0014651152419958237,0.44327419996261597,0.40081713125109675,0.3504486680030823,0.018448592519353987,80.0,298.55584716796875,96.00796203613281,23.944154739379883,50.200323633831864,-0.0048721914979541914,0.6786414361484349,80.0,1124.727933124777,2249.479179199718,224,0.33447265625,597.1197509765625,192.02531266212463,47.89856719970703,100.4003555728507
0.0034778863191604614,-0.0017556934733875095,-0.00752587616443634,0.002300660631046782,0.4667147099971771,0.4230796989053488,0.3701910972595215,0.01983587660891055,80.0,227.41334533691406,52.85029040575027,12.881895065307617,52.677189381792175,-0.004872320817681612,0.6735860083252193,80.0,1124.533575853225,2249.090363807701,225,0.3282661437988281,454.8345031738281,105.71255416870117,25.7846736907959,105.35228581042844
0.016970276832580566,-0.0027628276380710303,-0.020506925880908966,0.00619265882983051,0.6343456506729126,0.5367113180458546,0.4833909273147583,0.032611913505513214,80.0,80.8227310180664,24.492036640644073,7.759393692016602,14.27101729701612,-0.0048790783370641294,0.6697835216298701,80.0,1122.1956886835062,2244.4145269426335,226,0.3305997848510742,161.655517578125,49.00033277273178,15.53686237335205,28.539256246945012
0.005629170220345259,-0.004766955494415015,-0.017475565895438194,0.004538702361921572,0.7357497811317444,0.673091534525156,0.5881791710853577,0.034013375021351634,80.0,80.05490112304688,17.440927892923355,6.074088096618652,13.131404064625086,-0.00484568544778449,0.6672274468243122,80.0,1122.1193239657844,2244.261679597758,227,0.3285994529724121,160.12693786621094,34.90485159158707,12.169900894165039,26.26055828656658
0.01426018588244915,-0.005158503976417705,-0.024748867377638817,0.0073837964089460365,0.7972075343132019,0.7065122507512569,0.6280385851860046,0.047947631785060604,80.0,66.73391723632812,16.149197852611543,6.077830791473389,12.68503346706686,-0.0047824218551249945,0.6648922500163319,80.0,1122.1605943758452,2244.3440471884237,228,0.3374354839324951,133.48226928710938,32.322843074798584,12.181692123413086,25.369375564881103
0.009633161127567291,-0.0004402556165587157,-0.010241258889436722,0.0036255030389355887,0.82293301820755,0.7581588521599769,0.6872595548629761,0.027662571882471728,80.0,125.84930419921875,25.506060272455215,5.64847993850708,26.408427005456485,-0.004628682554219267,0.6650472129508854,80.0,1122.294445258107,2244.611444575153,229,0.33100128173828125,251.70933532714844,51.02816435098648,11.318954467773438,52.81466089451184
0.0027049072086811066,-0.0005709456076147035,-0.004117805510759354,0.0015190387285345713,0.6428835391998291,0.5674130447208882,0.4994540810585022,0.02638215458546634,80.0,339.71197509765625,59.578782844543454,11.608203887939453,74.79914755364686,-0.004595790892795776,0.6617671128809454,80.0,1122.2334482960366,2244.4893192828517,230,0.30399250984191895,679.436279296875,119.17005705833435,23.22287368774414,149.59778001595382
0.019999083131551743,-0.005607810110086575,-0.027022525668144226,0.008178289408716814,0.7254612445831299,0.6733900211751461,0.6253332495689392,0.01897843442464968,80.0,85.0769271850586,16.197274151444436,3.9554200172424316,18.003291848831406,-0.004564254147422616,0.659383868969977,80.0,1122.102358195182,2244.2270283501366,231,0.31763625144958496,170.1669464111328,32.41923171877861,7.956335544586182,36.001929830723164
0.01164621114730835,-0.004823406535433605,-0.01790069043636322,0.005652914773589338,0.6624159812927246,0.58165063560009,0.5240885019302368,0.02901262779659628,80.0,14.168067932128906,3.00613249540329,0.7356789708137512,3.059373138757874,-0.004552457655969192,0.6576678522080184,80.0,1121.8764438509904,2243.7751417486447,232,0.1929304599761963,28.3497257232666,6.03354482203722,1.51116943359375,6.11606955103245
0.012876652181148529,-0.0001283734629396349,-0.016772156581282616,0.005443845880764545,0.6076306104660034,0.5116411626338959,0.42644965648651123,0.03136124682449076,80.0,14.635217666625977,4.907503740489483,1.3596594333648682,2.6267607195668776,-0.004513471568541718,0.6558280107602477,80.0,1121.7452717598787,2243.512682801642,233,0.19720053672790527,29.280975341796875,9.825497084856034,2.7367615699768066,5.251590760886231
0.009015752002596855,-0.002091847383417189,-0.011712496168911457,0.004185143693079513,0.5959773659706116,0.5082904305309057,0.4409582018852234,0.0286736829193908,80.0,25.462072372436523,5.556039543449879,0.8945026397705078,6.4197760865651015,-0.0045065702056308506,0.6548411632813513,80.0,1121.6399321721456,2243.301970085658,234,0.2000565528869629,50.939674377441406,11.126428651809693,1.802133321762085,12.838144955378803
0.0081329345703125,-0.004264099569991231,-0.019110586494207382,0.00600707346286821,0.54844731092453,0.4824361462146044,0.4257405996322632,0.026820589770187347,80.0,11.231915473937988,2.57344615906477,0.6364171504974365,2.2950733232139067,-0.0044691308213659795,0.6539631268233062,80.0,1121.5801934035082,2243.182400109328,235,0.2021031379699707,22.472946166992188,5.165069192647934,1.2884637117385864,4.5858465826609685
0.004106398671865463,-0.0037842590943910183,-0.016251154243946075,0.004428974189417163,0.6458263397216797,0.5916128233075142,0.5306926965713501,0.02258748797946782,80.0,82.98576354980469,43.61401226520538,16.769451141357422,11.793498512867655,-0.004479876515179057,0.6545719351619482,80.0,1121.9618525612614,2243.945752087928,236,0.19635868072509766,165.98092651367188,87.24742488861084,33.574302673339844,23.583636987462707
0.0055708009749650955,-0.0065173370880074796,-0.018907465040683746,0.006018861806347518,0.7378973960876465,0.6669851012527943,0.5877891778945923,0.029666385128372833,80.0,15.332132339477539,3.345849150419235,0.7187491655349731,3.3803426759999504,-0.004543176780585781,0.6564388639293611,80.0,1107.5303549942632,2215.0829210422553,237,0.1896512508392334,30.678342819213867,6.718072648346424,1.4623703956604004,6.755186252175714
0.011012346483767033,-0.001643084012903273,-0.01679864339530468,0.005430964266488182,0.7079272270202637,0.6312089078128338,0.5416429042816162,0.03129814912425507,80.0,20.770017623901367,4.217256812751293,0.9074594974517822,3.869196958695713,-0.004553899947190075,0.6585784564875066,80.0,1079.6698973286263,2159.36206990502,238,0.1926710605621338,41.55105209350586,8.450423996150494,1.8610635995864868,7.737647797483688
0.0258796289563179,0.0007398763438686729,-0.01910765841603279,0.010129185282489819,0.5108746290206909,0.43652706369757655,0.37003934383392334,0.02815503353874971,80.0,520.9896240234375,146.87198758125305,63.15824508666992,78.6221768474187,-0.00453716535984131,0.6577580216936768,80.0,1028.144029649507,2056.3102852189313,239,0.18995094299316406,1041.9876708984375,293.7512249946594,126.3345718383789,157.24438473961175
0.0051552914083004,-0.012960233306512237,-0.029560860246419907,0.008761633337750069,0.8705918788909912,0.8287946119904518,0.7601118087768555,0.020284580969524103,80.0,3569.927734375,1683.368537902832,729.5286254882812,833.665970574337,-0.004584903752038372,0.6584814543835819,80.0,1000.6975485398881,2001.4174322678816,240,0.19865059852600098,7139.875,3366.7795547485352,1459.095947265625,1667.3227944236842
0.004949738271534443,-0.004503911692881957,-0.015479423105716705,0.004464089728983533,0.6783608198165894,0.6391385741531849,0.5852980017662048,0.02384720957659316,80.0,7890.78955078125,2735.933285713196,242.93519592285156,2457.6171716438625,-0.004614832721083075,0.655180452082306,80.0,984.4463297917956,1968.91498899243,241,0.17967748641967773,15781.5908203125,5471.888347625732,485.89581298828125,4915.229917167314
0.00500757060945034,-0.00035668396158143877,-0.0047155991196632385,0.001804325901750761,0.5670827627182007,0.5277985289692879,0.49863678216934204,0.02635200317847596,80.0,5902.0478515625,2827.2684066772463,1220.13623046875,1332.283419743954,-0.0045671039677836235,0.6521387486122547,80.0,1007.9776442220323,2015.9774608132616,242,0.20462417602539062,11804.10546875,5654.548013305664,2440.27587890625,2664.5656973672903
0.007185876369476318,-0.00715799648896791,-0.019954457879066467,0.006134972394431765,0.6750370264053345,0.6392023123800754,0.5700939893722534,0.02375888222429619,80.0,4755.5419921875,3495.2388427734377,2470.412841796875,605.8706256450774,-0.004629297795661842,0.6520820891298353,80.0,1037.0731525609604,2074.168600484587,243,0.20511412620544434,9511.095703125,6990.504766845703,4940.87109375,1211.737888194581
0.009166629984974861,-0.00561983254738152,-0.025056198239326477,0.005981122997787117,0.7531226277351379,0.7219673171639442,0.6484439969062805,0.022418617164356093,80.0,4305.90625,3171.9189697265624,2382.97265625,602.764836448858,-0.004622888364028768,0.6523838030286133,80.0,1066.6055061638467,2133.233301048972,244,0.19939088821411133,8611.826171875,6343.863635253906,4765.974609375,1205.5271003676348
0.0036417096853256226,-0.00987790422514081,-0.03159906715154648,0.006796619531291278,0.8042231202125549,0.7643534578382969,0.6852147579193115,0.024421374208583195,80.0,3718.90625,3148.5203399658203,2587.925048828125,307.63122036289275,-0.004664805234773667,0.6534936886690557,80.0,1097.4458061816806,2194.91400702069,245,0.20120930671691895,7437.83203125,6297.075714111328,5175.884765625,615.2582422789288
0.012403367087244987,-0.008658768463646993,-0.030941210687160492,0.008196733219562782,0.9326072931289673,0.8911534443497657,0.8396047949790955,0.016349673155590858,80.0,6500.6689453125,4107.967611694336,2799.15380859375,697.0897357526372,-0.004745337457963615,0.6550292901955546,80.0,1138.1877338676563,2276.398053715445,246,0.20157527923583984,13001.396484375,8215.970318603515,5598.34765625,1394.1803806617731
0.0067201778292655945,-0.00984044639626518,-0.028161263093352318,0.007957006886775583,0.9359023571014404,0.8892286516726017,0.8051242828369141,0.03515357024150032,80.0,3423.00048828125,2664.695178222656,2162.927001953125,316.76054766089027,-0.004797567804620485,0.6564742841906847,80.0,1164.606219591301,2329.235158748366,247,0.19482660293579102,6846.0166015625,5329.427844238281,4325.8935546875,633.5134279931439
0.004858937114477158,-0.016858666343614458,-0.04984482377767563,0.010025177466170323,0.9672386646270752,0.9171646192669869,0.8464779853820801,0.02721407132954996,80.0,2829.3564453125,2441.281604003906,2004.576416015625,218.41938325496724,-0.004858410230473964,0.6564316046275198,80.0,1184.2726762658765,2368.5681930539386,248,0.19653654098510742,5658.7314453125,4882.61527709961,4009.2216796875,436.8328153374264
0.00949348509311676,-0.006895627442281694,-0.03317130357027054,0.008262409331657384,0.907616376876831,0.8683683916926384,0.8345602750778198,0.01424748118988148,80.0,5336.74853515625,1765.4834243774415,889.4912109375,1006.1997114475727,-0.004725645967162562,0.6540038347877563,80.0,1196.063936329048,2392.1503987042684,249,0.19783353805541992,10673.515625,3530.997966003418,1779.021240234375,2012.3928842190328
0.030042041093111038,-0.0006652877666056157,-0.012181174010038376,0.004961705730439193,0.7088849544525146,0.6490418814122677,0.5918493270874023,0.027863557725143036,80.0,2381.190185546875,550.3992433071137,46.22825622558594,608.9070866351497,-0.004535198563578887,0.6476066745482386,80.0,1186.7031519066504,2373.4283211056963,250,0.19444870948791504,4762.392578125,1100.812786102295,92.47637176513672,1217.812930007442
0.01369413360953331,-0.0028850826900452377,-0.013939970172941685,0.004887419543680582,0.3476189970970154,0.3096482541412115,0.26390838623046875,0.016121132766265672,80.0,328.58172607421875,69.42023048400878,15.131572723388672,77.88996567362706,-0.0044342154438927524,0.6397073539271951,80.0,1179.6841835724526,2359.3900245501773,251,0.2027587890625,657.1699829101562,138.8524245262146,30.280471801757812,155.77723787134968
0.009183723479509354,-0.0015506971714785323,-0.01124551147222519,0.004122491357902138,0.7381634712219238,0.6051275745034218,0.5305929183959961,0.036545834352472294,80.0,60.18983840942383,15.386574524641038,5.2859039306640625,12.394034971099359,-0.00431475602190767,0.6361486284732818,80.0,1178.9641781304888,2357.9497035786885,252,0.19493865966796875,120.39173889160156,30.788352966308594,10.604998588562012,24.786915725404484
0.05773845314979553,-0.006483871815726161,-0.04123939573764801,0.019608933844274902,0.28902003169059753,0.23107872437685728,0.16579478979110718,0.027493172159809818,80.0,68.47913360595703,16.969768708944322,7.143004417419434,11.684806398357303,-0.004274042705845204,0.6300167162846774,80.0,1178.8778384813484,2357.7768202121033,253,0.19303512573242188,136.96157836914062,33.957126545906064,14.293859481811523,23.36511464091433
0.008027823641896248,0.000989581021713093,-0.0066068340092897415,0.002993825512133458,0.5430387258529663,0.4773743126541376,0.39669162034988403,0.02649219701826865,80.0,11048.0830078125,5029.474002075195,1773.82861328125,2028.7421551384043,-0.004271999373871949,0.6282243715096264,80.0,1228.8154010985309,2457.651905328967,254,0.19762754440307617,22096.177734375,10058.95555419922,3547.666015625,4057.4839502453574
0.0015036389231681824,-0.0002350630413275212,-0.00201563723385334,0.000624375918871463,0.48562729358673096,0.43573370985686777,0.39438489079475403,0.01915963356415771,80.0,9893.5283203125,4773.327902984619,598.3070678710938,1607.5476706988532,-0.00422077258596255,0.6266672132145614,80.0,1276.2569961157853,2552.534961155869,255,0.19531607627868652,19787.06640625,9546.664929199218,1196.619384765625,3215.0951677225785
0.01540154404938221,-0.002635579789057374,-0.02123413234949112,0.006629407984456849,0.9173483848571777,0.8621823191642761,0.8066095113754272,0.022506814255399927,80.0,2284.73388671875,878.4901371002197,462.88092041015625,341.1161415480901,-0.004233147070641281,0.6303157065045089,80.0,1284.9625974618755,2569.9462617988365,256,0.20444941520690918,4569.4853515625,1757.0028121948242,925.7816162109375,682.2301916856386
0.017086554318666458,-0.0016636031621601432,-0.01886298507452011,0.005422002622818537,0.8463494777679443,0.8111805975437164,0.7710607647895813,0.016088216687669406,80.0,2652.683837890625,1685.0813385009765,939.1380615234375,377.4832953770615,-0.004202389403260895,0.6338126438129693,80.0,1301.7090651580954,2603.4392056939378,257,0.20061039924621582,5305.3828125,3370.1822357177734,1878.28955078125,754.9647683012306
0.005140144377946854,-0.0033138628292363136,-0.012057729065418243,0.004148093836141697,0.7251348495483398,0.6872693359851837,0.6483865976333618,0.017872118474716845,80.0,2400.447021484375,1512.0762893676758,856.02001953125,355.50916602056935,-0.004145832612426602,0.6324285642299801,80.0,1316.0044432022237,2632.029820972182,258,0.1951296329498291,4800.90673828125,3024.172950744629,1712.0584716796875,711.0169626051371
0.009843200445175171,-0.003952431795187295,-0.017954427748918533,0.0053397883448995384,0.7636680006980896,0.7236094109714031,0.6810002326965332,0.019572642514347722,80.0,2442.516845703125,1457.4293998718263,829.171875,342.4291145930333,-0.004101585766664357,0.6332708821017295,80.0,1329.518218448844,2659.057299836852,259,0.3105762004852295,4885.0478515625,2914.8811782836915,1658.34716796875,684.8556467794822
0.007515793666243553,-0.0026054764806758613,-0.015347793698310852,0.004336560576958889,0.7210583686828613,0.6708232343196869,0.6231430768966675,0.02295290161674758,80.0,3039.92431640625,1416.4870094299317,494.130126953125,559.7395749719238,-0.004037555596863967,0.6330574168283493,80.0,1343.282088990893,2686.584908534267,260,0.3062465190887451,6079.861328125,2832.992640686035,988.2825927734375,1119.4758907031396
0.006683919578790665,-0.0018027999671176077,-0.012009575963020325,0.0030941246634514363,0.64033043384552,0.5887388363480568,0.5247259140014648,0.02401609898975048,80.0,3676.252685546875,1821.7570343017578,803.3309936523438,793.068310951924,-0.003969092840343365,0.6312291260827333,80.0,1361.2440633699557,2722.508683732011,261,0.4582362174987793,7352.517578125,3643.529441833496,1606.686279296875,1586.1343633028896
0.009235948324203491,-0.0019407459010835737,-0.018622389063239098,0.0044769538076710165,0.6898180246353149,0.6112000584602356,0.5278099775314331,0.03120915348076808,80.0,4323.2939453125,2726.8797409057615,1546.2518310546875,724.353033009241,-0.003862223672986147,0.6276301479805261,80.0,1388.3866970978042,2776.7936657007713,262,0.3367950916290283,8646.599609375,5453.775610351562,3092.511474609375,1448.7037124813262
0.011655531823635101,-0.0041639194882009175,-0.01745971292257309,0.0052812861296813425,0.7255018949508667,0.6770719565451145,0.5979642271995544,0.02664273431533749,80.0,4420.25830078125,3618.664416503906,2888.313720703125,358.35727244792787,-0.003834317329121405,0.6266778016705065,80.0,1424.5298030574286,2849.0798030619703,263,0.33742618560791016,8840.529296875,7237.350732421875,5776.6171875,716.7113091757452
0.01584405079483986,-0.0033919757697731256,-0.01846674643456936,0.005078767456598867,0.8055342435836792,0.7577018216252327,0.6888228058815002,0.025775177588574994,80.0,4165.173828125,3556.515493774414,3086.3232421875,267.13227691573815,-0.0038113050751417184,0.6300854594949633,80.0,1460.0585898857528,2920.1373990109937,264,0.3338141441345215,8330.361328125,7113.052941894532,6172.67333984375,534.2609178623886
0.013910055160522461,-0.005595797981368378,-0.030438531190156937,0.007423067175797882,0.8115721344947815,0.7570173516869545,0.6952488422393799,0.02554514144656269,80.0,3307.45263671875,2503.0246765136717,1802.895751953125,331.1090600317389,-0.003822951705325977,0.6313331113774329,80.0,1484.9906414650495,2970.0015505843535,265,0.34595632553100586,6614.91748046875,5006.075701904297,3605.83056640625,662.214000513895
0.006677132099866867,-0.009598623326746747,-0.029294710606336594,0.00815553942159758,0.7807262539863586,0.7274696327745914,0.6688021421432495,0.025001611815722184,80.0,2695.84326171875,1700.030958557129,1227.5836181640625,262.82592496525245,-0.003909518399683293,0.6356541477423161,80.0,1485.0493528946454,2970.1192326980004,266,0.31000256538391113,5391.701171875,3400.0956420898438,2455.17822265625,525.6466379050529
0.008448110893368721,-0.005070729344151914,-0.018558181822299957,0.00512868846290752,0.6840059757232666,0.6319694072008133,0.5626487731933594,0.030541565646679324,80.0,1071.34228515625,315.22262182235715,102.1108627319336,238.8689093306345,-0.00393471047404455,0.6365554737430066,80.0,1376.406612132888,2752.8338187194245,267,0.3078913688659668,2142.6962890625,630.4680259704589,204.2497100830078,477.73280472030166
0.015466200187802315,-0.005655215273145586,-0.023066481575369835,0.007071988601940056,0.7485988736152649,0.683870904147625,0.6291025280952454,0.024382389552342062,80.0,302.9944763183594,64.83561588525772,13.751543045043945,68.01094350589032,-0.003985603142529727,0.6377323653828353,80.0,1367.1653215250783,2734.351362819232,268,0.3060643672943115,606.0009765625,129.69621906280517,27.529094696044922,136.01592119358358
0.023311413824558258,-0.0032339766214136033,-0.0186549611389637,0.007027648171191734,0.8344162702560425,0.6875612065196037,0.5713076591491699,0.04932531717538262,80.0,67.40193939208984,23.2287015914917,10.816434860229492,14.127772554845208,-0.003994715732871555,0.6402326829414815,80.0,1364.4185547776037,2728.857897546328,269,0.30829739570617676,134.8184051513672,46.47762260437012,21.634557723999023,28.254734153418703
0.006833020597696304,-0.010588975972495973,-0.025968624278903008,0.006818908144644354,0.7765498161315918,0.7197102077305317,0.6664750576019287,0.029112571133468452,80.0,947.3229370117188,369.113240814209,196.1848602294922,151.53508964734064,-0.0040441870968206785,0.6422644738499075,80.0,1367.8853021071666,2735.791531794943,270,0.3060643672943115,1894.662841796875,738.2620548248291,392.40679931640625,303.062296727045
0.005376890301704407,-0.0031313557527028026,-0.015602117404341698,0.004552211349605605,0.5645450353622437,0.501074505969882,0.4176713228225708,0.030607893903397115,80.0,647.0565795898438,145.6151081085205,47.37901306152344,134.11561702011983,-0.004066379343275912,0.6410474857222289,80.0,1369.0602962437385,2738.1415401276727,271,0.3112490177154541,1294.1240234375,291.2465013504028,94.79615783691406,268.2277908270535
0.02563270926475525,-0.004172984941396863,-0.028179045766592026,0.009823006827315968,0.5472528338432312,0.47343039885163307,0.40137267112731934,0.02804330681403526,80.0,993.4241333007812,279.59729595184325,69.38914489746094,195.11643169095825,-0.004036826066556386,0.6385038685183971,80.0,1371.756155513596,2743.5331487399712,272,0.31514811515808105,1986.8570556640625,559.2124116897583,138.79832458496094,390.22685893291947
0.004844192415475845,-0.006535301980329677,-0.028135865926742554,0.0074455381561581765,0.899507999420166,0.8118768870830536,0.753551721572876,0.03365254101714249,80.0,6017.34033203125,1994.6389778137207,741.4678344726562,1499.929861913919,-0.003992029342509341,0.639675352109596,80.0,1391.3449739957566,2782.7107196287293,273,0.4415626525878906,12034.697265625,3989.3072723388673,1482.992431640625,2999.8523938519907
0.017182104289531708,-0.01861656384426169,-0.04263598471879959,0.011230304833820086,0.9049381017684937,0.8356359302997589,0.7592706680297852,0.03023765013976309,80.0,603.6452026367188,331.4001808166504,184.9675750732422,94.21009600867694,-0.0040991619304986664,0.639311549803242,80.0,1394.1162557607404,2788.2534901451245,274,0.4503800868988037,1207.306884765625,662.8543071746826,369.9891052246094,188.41081830560097
0.012737944722175598,-0.009402057237457484,-0.02746541053056717,0.008135210929770681,0.6878143548965454,0.6132238864898681,0.5457109212875366,0.02851396321401145,80.0,181.859375,51.802010083198546,18.63488006591797,33.63044229046388,-0.004184043961809948,0.6379231323581189,80.0,1390.9509999807588,2781.9231205658098,275,0.3337545394897461,363.7308349609375,103.63508834838868,37.28498840332031,67.25404130649285
0.01664607599377632,-0.0042060224281158295,-0.016437474638223648,0.005822133609823254,0.5093861818313599,0.4424162279814482,0.3993571400642395,0.02357600272103966,80.0,84.8036117553711,23.833420407772063,6.294454574584961,16.47726599291207,-0.00413334883924108,0.6343051448334008,80.0,1391.1026726006976,2782.2262920567773,276,0.33234453201293945,169.61553955078125,47.68410123586655,12.610815048217773,32.9514511770163
0.02604478970170021,-0.006217304238816723,-0.02776355668902397,0.009837153134564191,0.8409445285797119,0.7494473189115525,0.694298505783081,0.0275663369251384,80.0,74.12239074707031,21.434802448749544,6.62205696105957,14.567896672596412,-0.004139445174252614,0.6335708210710436,80.0,1391.2936240575498,2782.60819247482,277,0.3273453712463379,148.25885009765625,42.89702827930451,13.278116226196289,29.12875284225539
0.017933813855051994,-0.0035055083222687244,-0.025693491101264954,0.009983280505173659,0.6410067081451416,0.5641896415501833,0.4964023530483246,0.030173439435587802,80.0,291.18890380859375,64.70508377552032,10.342419624328613,55.81469079061045,-0.004114269810146652,0.6327526805307716,80.0,1391.9034630759543,2783.827803800531,278,0.3316004276275635,582.3873291015625,129.428462600708,20.707189559936523,111.62101510021829
0.010896297171711922,-0.004303020419320092,-0.01925003156065941,0.006498076209245662,0.7894618511199951,0.7490003921091557,0.697696328163147,0.020017059091459746,80.0,324.01434326171875,123.00523810386657,23.605438232421875,68.26996774371166,-0.004107765010208823,0.633417276514694,80.0,1393.1113056523723,2786.2434892229585,279,0.3322114944458008,648.0443725585938,246.0340609550476,47.21009826660156,136.53803722624372
0.010947365313768387,-0.0030391816282644866,-0.015397503972053528,0.005344802397603452,0.44965267181396484,0.40479930602014064,0.36001306772232056,0.019542921982411445,80.0,411.7119445800781,172.65774230957032,51.71274948120117,81.18493030381767,-0.004053582314460072,0.6304775209371001,80.0,1394.7876804236469,2789.596071592256,280,0.32525181770324707,823.431640625,345.3296577453613,103.4461441040039,162.36883917427835
0.01844128593802452,-0.01003937969217077,-0.03774870187044144,0.012310827391495228,0.7537703514099121,0.7110378473997117,0.6621473431587219,0.0214005935078481,80.0,1092.317626953125,285.13838176727296,83.16309356689453,232.1579858201738,-0.00419419340317836,0.6323461105395107,80.0,1380.9712568301254,2761.9635428923816,281,0.33504486083984375,2184.6494140625,570.3110620498658,166.39967346191406,464.3065276132565
0.012790940701961517,-0.0042438990611117335,-0.022079460322856903,0.0071098821153285,0.7907298803329468,0.728967723250389,0.6897587776184082,0.019041322090251587,80.0,91.19181060791016,31.81218103170395,14.904271125793457,18.09598311434767,-0.0042345769390231,0.6337226233202964,80.0,1318.3400920803842,2636.701321320221,282,0.3322458267211914,182.39511108398438,63.647428965568544,29.840105056762695,36.18758339689157
0.013814819976687431,-0.00720899227890186,-0.0429532565176487,0.01179914189498896,0.7913739085197449,0.7509510032832623,0.7127781510353088,0.018379752430965138,80.0,1272.419921875,372.4866539478302,38.081809997558594,319.51125060382094,-0.004290789443592076,0.6348533547017723,80.0,1269.9515667131245,2539.924406396553,283,0.3411538600921631,2544.858154296875,745.0027459144592,76.15130615234375,639.0159789401702
0.07075442373752594,-0.006129034783225506,-0.03237990662455559,0.012289607536390475,0.7247574329376221,0.6375142425298691,0.5836183428764343,0.033532760374590166,80.0,102.6827163696289,21.678989750146865,3.647563934326172,22.266090437784367,-0.004301939948054496,0.6329004606697708,80.0,1241.8484712499082,2483.718199286863,284,0.3510756492614746,205.37855529785156,43.382987761497496,7.312344551086426,44.5264213753096
0.013551329262554646,-0.003278653381858021,-0.024981075897812843,0.007688630091583245,0.6622898578643799,0.6211019530892372,0.5759770274162292,0.02048336556670468,80.0,42.33039855957031,13.047143405675888,4.564892292022705,9.427088057389723,-0.004285685449896846,0.6294712552521379,80.0,1215.5609369466604,2431.1430293977705,285,0.3443903923034668,84.673095703125,26.11326621770859,9.164897918701172,18.847759998168197
0.012656375765800476,-0.00931634206790477,-0.039318908005952835,0.009975909209355701,0.6512103080749512,0.6083748236298561,0.5515644550323486,0.02254146435180327,80.0,124.53417205810547,32.012079775333405,10.831337928771973,22.91162456886852,-0.004252879670471885,0.6268181886691601,80.0,1198.3768650106488,2396.774767045781,286,0.33021116256713867,249.0782012939453,64.05495986938476,21.665592193603516,45.81441133499284
0.007627375423908234,0.00010730144567787648,-0.010802472941577435,0.003071290936834429,0.6488052606582642,0.5887549817562103,0.530967116355896,0.026124256257778256,80.0,7953.25048828125,2304.5676885604857,243.9601593017578,1273.4648602761163,-0.004185300733020995,0.6247398905325681,80.0,1218.8052185329498,2437.6312974412886,287,0.3330652713775635,15906.513671875,4609.146949768066,487.935546875,2546.9296716757026
0.00961281917989254,-0.005772234266623854,-0.02359418198466301,0.006959956561810068,0.7066403031349182,0.6557281650602818,0.6053088903427124,0.022510850520093224,80.0,4937.58203125,2357.9343200683593,657.4059448242188,967.5819763536142,-0.0042207876602769825,0.6246522979233414,80.0,1234.2941952861847,2468.6093203905075,288,0.32737159729003906,9875.21484375,4715.893325805664,1314.8343505859375,1935.1659415460058
0.00898318737745285,-0.0014642281166743487,-0.013529464602470398,0.0050630586084852896,0.6101236939430237,0.5484562952071428,0.4886424243450165,0.021125151636524134,80.0,3119.085205078125,1301.2274990081787,149.78440856933594,731.4132887502993,-0.004229847179725766,0.6241531303133816,80.0,1220.500759003073,2441.0224554727524,289,0.33460497856140137,6238.1767578125,2602.4688915252686,299.574951171875,1462.8237022385258
0.01787496730685234,-0.0025787937571294605,-0.01848221942782402,0.005423870377269025,0.7189934253692627,0.6759893126785755,0.6193934082984924,0.021005201177987636,80.0,4234.7509765625,1261.0701848983765,148.8970184326172,813.561171164382,-0.004220644729561172,0.6236657582577319,80.0,1191.8874816345276,2383.7958726594893,290,0.33728861808776855,8469.5224609375,2522.159034347534,297.8095703125,1627.1234933394387
0.011672666296362877,-0.010051127808401361,-0.034890126436948776,0.009581055747743355,0.8303917646408081,0.7953135535120964,0.7413972616195679,0.01888663325162283,80.0,601.3221435546875,317.6744041442871,171.51498413085938,99.85937044383039,-0.004243891637946944,0.6216622352506965,80.0,1160.4034366134704,2320.8277889650312,291,0.33428406715393066,1202.6612548828125,635.3848129272461,343.09088134765625,199.7122473361413
0.018565436825156212,-0.00456531330710277,-0.021646946668624878,0.008128090937396738,0.7060531973838806,0.6528093911707401,0.5990473031997681,0.02045950100395527,80.0,288.6221618652344,123.04893207550049,54.534053802490234,45.52985745454026,-0.0041964338332763865,0.6168356984686106,80.0,1130.453219513327,2260.927163132474,292,0.34413909912109375,577.2578735351562,246.12005224227906,109.07424926757812,91.05580956256107
0.01449480652809143,-0.0038418360927607864,-0.02070583775639534,0.007290003528848219,0.6606465578079224,0.6149251244962215,0.5670449137687683,0.021058727987556234,80.0,348.1249694824219,153.3965485572815,45.92319869995117,60.54660999551813,-0.004062280076905153,0.6108464841302484,80.0,1104.6426365980208,2209.305608939931,293,0.4288604259490967,696.260986328125,306.8130805015564,91.88406372070312,121.09114913565774
0.015854673460125923,-0.004772224399494008,-0.02564869448542595,0.007895336945553881,0.6842337846755981,0.6131706334650516,0.5627034902572632,0.024709345575889732,80.0,82.33248901367188,17.058207628130912,3.653543710708618,16.99234570265571,-0.00404764285380952,0.6075025210808963,80.0,1096.7687702451942,2193.557779935405,294,0.31118130683898926,164.6796112060547,34.13822305202484,7.3460540771484375,33.98207180177651
0.010018231347203255,-0.007291671895654872,-0.03742644190788269,0.008389439945731944,0.8129955530166626,0.7566024772822857,0.6713556051254272,0.025223401415109918,80.0,31.703657150268555,8.409357823431492,1.4773834943771362,6.9158879475938795,-0.0040867709540762,0.6080535863693803,80.0,1091.935846958652,2183.892022630438,295,0.305952787399292,63.4221076965332,16.84843103289604,3.000669479370117,13.824272005077978
0.015871450304985046,-0.00555812845705077,-0.024687379598617554,0.008020679305666375,0.938965916633606,0.8878933362662792,0.8356338739395142,0.020905127467187652,80.0,12.790746688842773,3.5177709475159644,1.200639009475708,2.517225774801227,-0.0041352573012118235,0.6128083861190826,80.0,1044.4197970985472,2088.8601150331947,296,0.3097832202911377,25.598791122436523,7.064416056871414,2.418647289276123,5.029480046038672
0.015379045158624649,-0.006019017787184566,-0.018227143213152885,0.006614247399217367,0.8331749439239502,0.7789866335690021,0.734017014503479,0.020938028656227556,80.0,12.13705062866211,3.4009111180901526,1.3285117149353027,2.1720754448748107,-0.004191306443768554,0.6169460085947067,80.0,1029.1093489228933,2058.239413251654,297,0.3098759651184082,24.29076385498047,6.829439994692803,2.673647403717041,4.33875283930228
0.007963478565216064,-0.003929697367129848,-0.01925954967737198,0.005752086534560489,0.7135860919952393,0.6592317566275596,0.6062568426132202,0.022009315488756804,80.0,46.345359802246094,14.974394547939301,4.823545455932617,9.81927559876063,-0.004225455516250804,0.619408248519525,80.0,919.9241582370252,1839.8691529642497,298,0.3110849857330322,92.70297241210938,29.969833076000214,9.664694786071777,19.63424354591897
0.0067696887999773026,-0.005874681496061384,-0.022142969071865082,0.006622275526307457,0.6861030459403992,0.6391419239342213,0.5903347730636597,0.02113750376527471,80.0,49.59562683105469,16.443737602233888,6.723273754119873,10.203937237344483,-0.0042774955681525164,0.6207221951279789,80.0,903.8255861754864,1807.6721388658436,299,0.3055577278137207,99.20326232910156,32.912007212638855,13.492619514465332,20.40332412177631
0.0124090276658535,-0.005124335363507271,-0.019714631140232086,0.006722231116167741,0.8757161498069763,0.8349887415766716,0.787490963935852,0.01744033205725134,80.0,31.048175811767578,8.616061186790466,2.445863723754883,6.392269992107449,-0.00431325279554585,0.6245938074756414,80.0,898.8473081448526,1797.7157318083794,300,0.3326539993286133,62.088706970214844,17.259070712327958,4.930192947387695,12.7791277185063
0.01541903056204319,-0.005822521162917838,-0.02243661880493164,0.007412163713527685,0.7992035746574402,0.7554686449468135,0.7034798860549927,0.018659294973077594,80.0,371.0689697265625,87.98063538074493,9.406700134277344,65.09165066049658,-0.00434504010528326,0.626516929158941,80.0,897.9827221122237,1795.9866617724444,301,0.3304166793823242,742.1539306640625,175.98802509307862,18.836009979248047,130.18078583707074
0.005036233924329281,-0.003681903751567006,-0.016183003783226013,0.004302989283912079,0.6946207880973816,0.6543658815324307,0.6079574823379517,0.018006769166484436,80.0,131.9951934814453,53.52810215950012,13.10354232788086,25.11673305512321,-0.0043662156427162705,0.6270947077292949,80.0,897.9956096412392,1796.012490720227,302,0.32135772705078125,264.00665283203125,107.07665495872497,26.24081802368164,50.22997846490387
0.009441845118999481,-0.0004745215002913028,-0.011753350496292114,0.0034439958612642,0.6950237154960632,0.6479947879910469,0.6015768051147461,0.021208329029610527,80.0,4962.85888671875,1220.1927183151245,134.8115692138672,897.7335072220023,-0.004353017109562643,0.6259562614504247,80.0,909.9302361383888,1819.8816946751622,303,0.33365821838378906,9925.7314453125,2440.3993587493896,269.64111328125,1795.4670312239539
0.006009634584188461,-0.0023332490993198006,-0.01086798682808876,0.0035425796867191873,0.719398021697998,0.6721409678459167,0.6225299835205078,0.018513374055697217,80.0,3683.7685546875,1280.2141050338746,166.5996551513672,769.3989418323316,-0.004332072290184442,0.6255829162243753,80.0,922.4895823069066,1845.0003377168923,304,0.42472267150878906,7367.548828125,2560.446324920654,333.20684814453125,1538.7978693847142
0.004585960879921913,-0.00484411607903894,-0.021662771701812744,0.005094875892057489,0.6969382762908936,0.6423554658889771,0.5799334645271301,0.021848471535360226,80.0,355.0783386230469,122.15516414642335,19.45816421508789,67.95601840972357,-0.004339366683008848,0.6255529664922506,80.0,922.5080640063732,1845.0373151424676,305,0.32500505447387695,710.1785278320312,244.33286638259887,38.95754623413086,135.90941509069944
0.021182265132665634,-0.002972860605223104,-0.018375977873802185,0.007415318375063659,0.838172972202301,0.7994791813194752,0.7642209529876709,0.01782462046726975,80.0,97.35237121582031,41.6248440861702,14.11555004119873,20.724752619134517,-0.004361433858139208,0.6292739318143576,80.0,921.3398883759228,1842.701082459286,306,0.33129048347473145,194.71434020996094,83.2716236114502,28.265907287597656,41.447046123575596
0.04468511790037155,-0.011760097235674038,-0.040016092360019684,0.013399258396169017,0.7081445455551147,0.6397625975310802,0.599034309387207,0.02279423367284315,80.0,129.60568237304688,37.20725247859955,5.542150497436523,24.401565179200265,-0.0044194972134137065,0.6289596378114075,80.0,921.5237709776014,1843.0689575050624,307,0.33416104316711426,259.22735595703125,74.45082046985627,11.124388694763184,48.79495141667408
0.0038362443447113037,-0.006873300310689956,-0.023780949413776398,0.006452603856907869,0.7516917586326599,0.6975798577070236,0.6407231092453003,0.022872008593358712,80.0,61.21885681152344,11.783431854844093,3.4052653312683105,9.933311333876395,-0.004453278328786837,0.6291363051589578,80.0,921.5648651318401,1843.1512169103175,308,0.3292381763458252,122.4516372680664,23.59456189274788,6.870904922485352,19.861017593546183
0.005289871245622635,-0.004873752617277205,-0.022193290293216705,0.005451907593907528,0.8325024843215942,0.7660586267709732,0.6846043467521667,0.0291391211594247,80.0,28.926424026489258,7.652010893821716,1.8253061771392822,5.089818792340332,-0.004478424910950707,0.6299835221227259,80.0,921.5540704415292,1843.1296947687117,309,0.3343982696533203,57.868141174316406,15.329090476036072,3.6844449043273926,10.174028863674055
0.026151668280363083,-0.001138323510531336,-0.014080964028835297,0.006102043242863173,0.7546829581260681,0.6767038494348526,0.5902553796768188,0.038255176163148524,80.0,625.8077392578125,230.42522716522217,91.48064422607422,108.10210839961688,-0.004450467947026481,0.6304391566272826,80.0,923.7635296758563,1847.5485664166658,310,0.32648181915283203,1251.63037109375,460.86626319885255,183.00363159179688,216.20293379742498
0.005575910210609436,-0.004705193842528388,-0.023051433265209198,0.006040317916352288,0.6807042360305786,0.6396775566041469,0.597296953201294,0.01927695671629515,80.0,231.1663360595703,116.12347655296325,41.750545501708984,43.76135321101307,-0.004477038966288091,0.6322463023308664,80.0,924.8012454756052,1849.624087302461,311,0.3255748748779297,462.3456726074219,232.26915702819824,83.553466796875,87.51802679448627
0.012498460710048676,-0.003570176882203668,-0.02192133478820324,0.006816982916919216,0.690403163433075,0.650703951716423,0.6006969213485718,0.018856151101658197,80.0,5935.55517578125,3168.6225311279295,1154.4583740234375,1085.7922146195149,-0.004471906733786454,0.6329209389779716,80.0,956.2105098524838,1912.4426193442494,312,0.333859920501709,11871.134765625,6337.265222167969,2308.9501953125,2171.5826013148335
0.014472080394625664,-0.00614330405369401,-0.023221062496304512,0.007903280462910884,0.6607815027236938,0.6145926468074322,0.5553138256072998,0.019619995756133653,80.0,5741.37548828125,2161.6623001098633,304.5263671875,1041.1822353529533,-0.004496456017339369,0.6326857530195266,80.0,977.7928990109414,1955.607441862002,313,0.3145616054534912,11482.794921875,4323.349159240723,609.0472412109375,2082.3703624611962
0.007288665045052767,-0.0032427090511191635,-0.01742580346763134,0.00485095740854966,0.7288290858268738,0.7011834889650345,0.6596274971961975,0.014221465315327713,80.0,3337.47314453125,1086.6284258842468,121.91764068603516,653.7329214389551,-0.0045056280327553395,0.6330229575056583,80.0,988.6342801388353,1977.2902294849011,314,0.30719661712646484,6674.974609375,2173.2773887634276,243.86093139648438,1307.464864971602
0.004289465025067329,-0.007275574468076229,-0.029116548597812653,0.00783841038991107,0.7974775433540344,0.7643029443919659,0.7185225486755371,0.016021207978594073,80.0,383.7493896484375,128.83855266571044,64.72593688964844,54.36646450050834,-0.004592000401316909,0.6365702919308096,80.0,989.4796069280951,1978.981126737222,315,0.19513821601867676,767.5130004882812,257.70694103240965,129.51760864257812,108.72648265697273
0.01472883578389883,-0.0041896142822224645,-0.017640158534049988,0.006287754923729018,0.7431182265281677,0.7081506550312042,0.6665925979614258,0.015253923887772063,80.0,140.56442260742188,46.99366775751114,12.365365982055664,31.876036352710692,-0.004589302884734935,0.6375299871508031,80.0,989.771936156258,1979.5657989927379,316,0.17006731033325195,281.1446838378906,94.00987784862518,24.77183723449707,63.74825958003058
0.0059920549392700195,-0.007396820076974109,-0.02219979465007782,0.00631651256286553,0.7731480598449707,0.7360124319791794,0.6901798248291016,0.01566060446140277,80.0,102.69398498535156,27.00955460071564,5.675690650939941,19.786793365682346,-0.004654616589919897,0.6402050886210054,80.0,988.9036966097207,1977.8295040238947,317,0.16233205795288086,205.40338134765625,54.04862291812897,11.354860305786133,39.56750773419179
0.021857786923646927,-0.005813469516579062,-0.02665013261139393,0.008508794665682972,0.8431355357170105,0.7786691352725029,0.6941183805465698,0.03939404490275091,80.0,41.17290496826172,13.759476220607757,2.4714479446411133,7.811391906088638,-0.00470947338725091,0.6443271203134208,80.0,961.6972331901641,1923.416768837437,318,0.17503619194030762,82.3531723022461,27.54615298509598,4.986040115356445,15.61544505301092
0.017095128074288368,-0.009974259190494194,-0.03519993647933006,0.011321626845228342,0.8953696489334106,0.8533706717193127,0.8116435408592224,0.02042563722198953,80.0,9.690804481506348,2.2851074673235416,0.8285037279129028,1.8909770873080605,-0.00476804689646815,0.6475803264994174,80.0,958.9242638131009,1917.8710122753232,319,0.17637181282043457,19.399974822998047,4.607230865955353,1.7136311531066895,3.772689496036846
0.014342375099658966,-0.008125357254175469,-0.03385113179683685,0.010610452164190036,0.8854585289955139,0.8496457085013389,0.821190357208252,0.013526278922027391,80.0,27.857507705688477,8.540729647874832,2.699514865875244,5.239290583459583,-0.004799150105594891,0.6536621793340892,80.0,958.7225313416944,1917.4677311761825,320,0.171952486038208,55.73816680908203,17.114703005552293,5.415309906005859,10.473694739298363
0.02203572727739811,-0.006970119604375213,-0.028506986796855927,0.00998805874641847,0.7776379585266113,0.7401506699621677,0.6993844509124756,0.016033006549566877,80.0,57.093528747558594,14.174016731977463,5.797892093658447,9.168459325885422,-0.004868768692103913,0.6579368272032589,80.0,853.0845606935845,1706.1920165203064,321,0.18210792541503906,114.2026138305664,28.376776599884032,11.625399589538574,18.33167003694854
0.008074350655078888,-0.006604810318094678,-0.02073577046394348,0.0064243521895980165,0.7627465724945068,0.7291285142302513,0.6885197162628174,0.016368210426678485,80.0,41.056488037109375,17.502619761228562,5.3641815185546875,6.750275547684437,-0.004928514763247221,0.660999856924638,80.0,846.9721870117413,1693.9674499400105,322,0.1992943286895752,82.12673950195312,35.03303160667419,10.780271530151367,13.496402986040573
0.01279996708035469,-0.006771043944172561,-0.02629285678267479,0.0070118862550857496,0.8571006059646606,0.8253257170319557,0.7904762029647827,0.01613368355158439,80.0,24.612186431884766,6.536182755231858,1.8995145559310913,4.890496435038061,-0.004986738969222642,0.6658993513826281,80.0,844.1545079838857,1688.3323063433318,323,0.20214557647705078,49.241127014160156,13.102414128184318,3.8340799808502197,9.775766961207152
0.018291693180799484,-0.009344107564538717,-0.03157220035791397,0.009619575035096334,0.8220922946929932,0.79089540168643,0.7614850997924805,0.01342370175847032,80.0,26.04884910583496,4.915027773380279,1.0591113567352295,4.830894561821063,-0.005073325254023074,0.6698001340869815,80.0,843.2435786412582,1686.5106988340765,324,0.19162487983703613,52.11225891113281,9.86456173658371,2.1834557056427,9.655163561160766
0.007500540465116501,-0.009117499983403832,-0.02754822000861168,0.007898692520948481,0.8120330572128296,0.7686634980142116,0.7323675751686096,0.01627273211657266,80.0,54.28609848022461,10.529146453738212,2.0137031078338623,10.254468767485644,-0.0051469433191232376,0.6732559720780701,80.0,842.8203672017381,1685.6644923032072,325,0.19591259956359863,108.58734130859375,21.09190108180046,4.071865081787109,20.500723196512105
0.026508305221796036,-0.002834287699079141,-0.032660529017448425,0.010920370259571833,0.8390889167785645,0.7869100056588649,0.7110898494720459,0.026394999610580245,80.0,25.22757911682129,5.789209346473217,1.5125740766525269,4.469736388254024,-0.005147657919733318,0.6757579589542001,80.0,842.6333389287964,1685.2904872298093,326,0.1942157745361328,50.470436096191406,11.599825432896614,3.0432801246643066,8.939026876523403
0.04239055886864662,0.00043748534517362714,-0.020656824111938477,0.013924312136052068,0.7707393765449524,0.6855270713567734,0.523958683013916,0.07358879539539048,80.0,75.19868469238281,17.859366410970686,2.404017925262451,18.30061019334892,-0.005095613511337432,0.6758823143225163,80.0,842.6375233139769,1685.2987543957677,327,0.194655179977417,150.41162109375,35.731568187475204,4.835827827453613,36.585106211314276
0.02915147691965103,-0.004190964507870376,-0.029967403039336205,0.009547862899510528,0.7054470777511597,0.6696216434240341,0.6330678462982178,0.01768683085700805,80.0,3066.139404296875,689.7422220259905,3.8272173404693604,744.2507673248289,-0.005085938116651959,0.6755134082492441,80.0,849.3734535557106,1698.770588203117,328,0.19870495796203613,6132.2998046875,1379.5062238097191,7.665999412536621,1488.507118265578
0.008073195815086365,-0.0051986308360937985,-0.023284565657377243,0.006243197572572063,0.7752983570098877,0.7411128766834736,0.7080187201499939,0.013371523056052869,80.0,2531.95556640625,933.9388182640075,65.82706451416016,559.7065529871165,-0.00513352186884731,0.6753429484944791,80.0,858.4577811356262,1716.9393351393196,329,0.1987168788909912,5063.93115234375,1867.9028579711915,131.69729614257812,1119.41114459165
0.0258674006909132,-0.00887427784036845,-0.03179582208395004,0.011937492544579672,0.7396167516708374,0.6970210038125515,0.6642303466796875,0.016143378123284133,80.0,308.7860107421875,101.69508597850799,18.26515769958496,59.18359700036613,-0.005216555191174848,0.6766390280853958,80.0,858.8789441669658,1717.7818531737776,330,0.2038588523864746,617.5858154296875,203.4218605041504,36.59056091308594,118.35622208289996
0.0032767783850431442,-0.007759242679458112,-0.02460281178355217,0.0067053622932360295,0.7571836709976196,0.7182812795042992,0.6856327056884766,0.01591659541792789,80.0,122.93333435058594,16.610538789629935,1.4737701416015625,30.44080259090907,-0.005238069516868564,0.6770879406686872,80.0,858.8830768133478,1717.7901704695673,331,0.2001941204071045,245.88107299804688,33.25096129775047,2.996138095855713,60.880135186576965
0.003881276585161686,-0.005786689283559099,-0.023485589772462845,0.006228307746850122,0.6915373802185059,0.6550351060926914,0.618108868598938,0.015645554514308307,80.0,94.38644409179688,29.49661535024643,4.461174964904785,21.908861209427307,-0.0052477023443498185,0.6778217853736134,80.0,859.1479816418961,1718.32001407358,332,0.20447516441345215,188.7897491455078,59.017905223369596,8.955833435058594,43.81307940450289
0.010166462510824203,-0.00497785194311291,-0.018427714705467224,0.005593159733782768,0.8080934286117554,0.7630929186940193,0.7143579721450806,0.019210021524062947,80.0,29.93291664123535,5.10153393894434,1.4235810041427612,5.869718541081978,-0.005296197129151552,0.6803363029342144,80.0,859.1499219438806,1718.324041958153,333,0.20024323463439941,59.88206481933594,10.22828554213047,2.881422758102417,11.735549396362408
0.014088626950979233,-0.0015143264317885041,-0.01837366819381714,0.005822770612569163,0.7796119451522827,0.750303203612566,0.7200927734375,0.01397736279551158,80.0,666.6264038085938,289.64133155345917,14.609296798706055,147.91078155017405,-0.0052904219196352655,0.6827564306650309,80.0,861.9907748639806,1724.0057847011683,334,0.18742728233337402,1333.254150390625,579.3007029533386,29.251625061035156,295.8191046255549
0.012831601314246655,-0.0008635220350697636,-0.012458868324756622,0.0046535394142383675,0.7568574547767639,0.7249422624707222,0.6801650524139404,0.013094689801973513,80.0,485.15692138671875,215.81132974624634,95.81237030029297,72.92255558098938,-0.00525641614428605,0.6851814918275921,80.0,864.1231536998525,1728.2705229004619,335,0.20461535453796387,970.32763671875,431.6388891220093,191.66302490234375,145.84376424335494
0.005392535589635372,-0.008630603685742245,-0.03264256566762924,0.0076291147819583524,0.6118414402008057,0.5760430112481117,0.5246989130973816,0.019748698992938175,80.0,63.5629997253418,22.67199456691742,9.048699378967285,13.492523225009077,-0.005304879590199561,0.6850257937069982,80.0,863.9137335228694,1727.8517763665911,336,0.19862627983093262,127.13900756835938,45.37277150154114,18.142200469970703,26.977137610224496
0.02217263914644718,-0.006343593256315216,-0.03473175689578056,0.010423035727025002,0.6769428253173828,0.6441788800060749,0.6043533086776733,0.01646161862459037,80.0,7695.46044921875,4314.678771972656,1245.318115234375,1363.2270418470052,-0.0053031421518826396,0.684797731494531,80.0,907.027062751092,1814.0784269084181,337,0.20317816734313965,15390.9775390625,8629.383126831055,2490.6494140625,2726.4609956138893
0.013605358079075813,-0.008004435553448274,-0.029272358864545822,0.009822653832785768,0.7341718673706055,0.6960277102887631,0.6568792462348938,0.017540498450514537,80.0,3299.2431640625,991.4093894004822,108.53496551513672,701.001396957806,-0.005366755667288089,0.6854459195192905,80.0,916.8989840769692,1833.8224098052974,338,0.20528554916381836,6598.513671875,1982.848713684082,217.10089111328125,1402.0008466089923
0.005700844340026379,-0.012102625047555193,-0.036815714091062546,0.010420118750337656,0.7414122819900513,0.6931494385004043,0.6356110572814941,0.019550761114278482,80.0,317.1524353027344,178.7636405944824,64.90675354003906,47.86824782593511,-0.005495180681202328,0.6880121432673189,80.0,917.2179006071015,1834.4605510644913,339,0.19712090492248535,634.3202514648438,357.56535091400144,129.84841918945312,95.73635219342258
0.012484926730394363,-0.006771712785121053,-0.026470525190234184,0.008290830081887012,0.7770271301269531,0.7272295169532299,0.6904693841934204,0.0173620699967446,80.0,158.8436279296875,69.52745654582978,25.707494735717773,25.007899936225176,-0.005433295475988416,0.6869964923169464,80.0,901.0794897935314,1802.1835855255129,340,0.18431329727172852,317.69659423828125,139.08300085067748,51.47687530517578,50.01508106621613
0.005547963082790375,-0.004720842681126669,-0.015114917419850826,0.005178242636135979,0.6862346529960632,0.6505624070763588,0.6144824624061584,0.01756791990091653,80.0,117.59538269042969,34.40222293138504,10.421820640563965,23.61367126003007,-0.005435464785870864,0.6871107306461782,80.0,874.0641791657133,1748.1529710371497,341,0.17872929573059082,235.2037353515625,68.82689878940582,20.85869789123535,47.223348569312485
0.006112467497587204,-0.005013322120066732,-0.017967069521546364,0.006110250145743467,0.7421207427978516,0.7168654434382915,0.6872180700302124,0.011317765747632972,80.0,90.64918518066406,24.935920560359953,9.173072814941406,14.761114248920634,-0.005482031167455717,0.6890013997908683,80.0,846.0408543045445,1692.1064529571534,342,0.2155311107635498,181.3126220703125,49.89620530605316,18.371456146240234,29.518228804278106
0.005671550519764423,-0.006457142531871796,-0.028038272634148598,0.007206125338662848,0.8202681541442871,0.7881873659789562,0.7453436851501465,0.015837739893514714,80.0,28.85759162902832,10.765636870265007,1.611594319343567,6.313704117006734,-0.005475022627884755,0.6904912503268571,80.0,811.1961222455127,1622.4170048058033,343,0.3168933391571045,57.728919982910156,21.55995171070099,3.239546298980713,12.621474631548248
0.0099184550344944,-0.007838718529092148,-0.024886511266231537,0.00714322050121102,0.8077019453048706,0.7749956533312797,0.739741861820221,0.013811441349598677,80.0,27.584672927856445,8.146761772036552,2.9021456241607666,4.583511104167126,-0.005497211487701862,0.6910215336885304,80.0,779.5584001659674,1559.1416154624226,344,0.3408949375152588,55.181922912597656,16.324700915813445,5.837701320648193,9.163313969478876
0.012078302912414074,-0.006557232583872974,-0.026308760046958923,0.007447532307202384,0.7957106828689575,0.761067595332861,0.7185857892036438,0.016519358133911588,80.0,10.034465789794922,3.6596437484025954,0.8830123543739319,2.025747312986754,-0.005464004771289182,0.6909886750634758,80.0,748.1097932037933,1496.244334554702,345,0.3361828327178955,20.084415435791016,7.347623339295387,1.7788562774658203,4.0468716526795205
0.019121211022138596,-0.006906950694974512,-0.028015684336423874,0.010020275971145914,0.7461230754852295,0.7036598570644855,0.6558706164360046,0.01636493355726048,80.0,19.680099487304688,5.339058266580105,1.3414872884750366,3.5284940107212313,-0.0054464865936024575,0.689113739190623,80.0,707.0835076695157,1414.191691404432,346,0.3374788761138916,39.37445831298828,10.706003576517105,2.6697263717651367,7.055857955520574
0.016030509024858475,-0.005187330441549421,-0.028705919161438942,0.008133728736898735,0.7836305499076843,0.7274307817220688,0.6763253211975098,0.021316362639826537,80.0,28.21623992919922,9.020566642284393,1.610656499862671,5.174804269034712,-0.005399955434055299,0.6874957604911177,80.0,680.5267615537119,1361.078073527664,347,0.33941054344177246,56.44622039794922,18.06605656147003,3.2523365020751953,10.344571519284045
0.017217233777046204,-0.015034624468535185,-0.04418429732322693,0.011415882824314319,0.7890713214874268,0.7588496670126915,0.7015282511711121,0.01767251367456703,80.0,13.429725646972656,4.582967355847359,1.3465553522109985,2.3969989741070106,-0.005381715015304508,0.6859126109685748,80.0,656.1597751872314,1312.3440325658923,348,0.3376898765563965,26.874643325805664,9.21118092238903,2.716440200805664,4.7911533169912355
0.023616274818778038,-0.0026381076779216526,-0.01879279688000679,0.006496966424417473,0.800308108329773,0.7594194419682025,0.716309130191803,0.022542349425106065,80.0,186.38009643554688,60.58169937431812,2.0326361656188965,39.30441640491838,-0.0053391398176609066,0.6848231214713304,80.0,639.1107579372003,1278.2458915399313,349,0.335036039352417,372.774169921875,121.18386340737342,4.118317127227783,78.60567079126422
0.019184652715921402,-0.003342334588523954,-0.019321788102388382,0.006514627592353735,0.8123525977134705,0.7849999457597733,0.7519692182540894,0.013516665187967417,80.0,484.83526611328125,177.14708751440048,13.830071449279785,91.63317980078716,-0.005365910285880091,0.6861827021148056,80.0,635.3782363792733,1270.780929285884,350,0.38544583320617676,969.6771850585938,354.31656069755553,27.677532196044922,183.26496637643962
0.013510648161172867,-0.004489818203728646,-0.024510666728019714,0.007887785197926914,0.8087985515594482,0.781151394546032,0.7547637224197388,0.01083524714751592,80.0,1313.1937255859375,561.1161531448364,127.98916625976562,233.1027498992018,-0.005381957641016924,0.6908977335188539,80.0,640.2951956058815,1280.6149741019012,351,0.32588934898376465,2626.417724609375,1122.2569061279296,256.0013427734375,466.2051844651803
0.007612161338329315,-0.006517014198470861,-0.018347956240177155,0.00681987806630522,0.7635084986686707,0.7371810205280781,0.7094255685806274,0.010923290327549339,80.0,2537.25830078125,879.1458885908127,22.0670223236084,544.1309042467553,-0.005431620811286848,0.6922182679791004,80.0,648.9327887465432,1297.8902860597373,352,0.32356715202331543,5074.537109375,1758.3195487499238,44.1587028503418,1088.263735242079
0.006615741178393364,-0.0034270780626684426,-0.017463311553001404,0.004923413071490652,0.7921673059463501,0.7679109685122967,0.7377705574035645,0.011647591981115807,80.0,3106.342041015625,1023.3892039299011,96.8888168334961,572.4244954979182,-0.00540105287375627,0.6975865904204549,80.0,658.9969830987527,1318.0187211419345,353,0.3242323398590088,6212.69873046875,2046.800634765625,193.81729125976562,1144.8467137598743
0.012463560327887535,-0.005374102917267009,-0.02398720756173134,0.008020682259869558,0.8184962272644043,0.785274488478899,0.7524067163467407,0.014702242241463392,80.0,189.3114776611328,71.44964756965638,21.72490119934082,36.74008433896075,-0.005464689713146072,0.7006655921787024,80.0,609.4167395536974,1218.8584230862857,354,0.323441743850708,378.6387634277344,142.9257486343384,43.463375091552734,73.48099926707354
0.00959770381450653,-0.00806763584841974,-0.02524212747812271,0.008378035156894323,0.818384051322937,0.7749803148210048,0.7481649518013,0.015854218642417546,80.0,174.43081665039062,47.65352510809898,6.594879150390625,34.76691858729227,-0.0055430154412169945,0.7040580582283438,80.0,562.1599957749323,1124.345160641074,355,0.330155611038208,348.8804626464844,95.3386846780777,13.222267150878906,69.52866550540517
0.007207009941339493,-0.007045659382129088,-0.025507204234600067,0.007778955573469664,0.788309633731842,0.753520954400301,0.7105611562728882,0.01641885856263053,80.0,171.23622131347656,39.584343266487124,8.20516586303711,41.533449263263414,-0.005587116237147711,0.702971444580704,80.0,553.7709378365948,1107.5671109987497,356,0.322953462600708,342.48858642578125,79.19784796237946,16.43075942993164,83.06067101804962
0.007163912057876587,-0.011499263712903485,-0.03663952276110649,0.009471234592615058,0.9301600456237793,0.8572924561798573,0.8202351331710815,0.02190804373037188,80.0,46.72787857055664,16.690051811933518,6.5353617668151855,10.080756959309133,-0.005685472842655145,0.7034325631670656,80.0,537.0870249697045,1074.1994911204579,357,0.3241922855377197,93.47297668457031,33.420247888565065,13.107399940490723,20.15274881046161
0.011495083570480347,-0.005371435865527019,-0.026968011632561684,0.008006311594976404,0.9143624305725098,0.8881765678524971,0.8656065464019775,0.011171042832775846,80.0,1885.35302734375,1147.1732597351074,385.14959716796875,320.09529629501606,-0.0057060485730180514,0.7054416354857385,80.0,533.4379946733787,1066.9015120249987,358,0.33003926277160645,3770.7177734375,2294.3750411987303,770.32568359375,640.1883857801115
0.024479737505316734,-0.005482695170212537,-0.02384459227323532,0.007977352998102764,0.780461311340332,0.7517661593854428,0.7207233905792236,0.011927368545384818,80.0,2807.643798828125,1844.8661796569825,1006.6884155273438,435.02328859554007,-0.005721351206768303,0.705723202969879,80.0,537.3123624712302,1074.650283784032,359,0.32751941680908203,5615.306640625,3689.7583541870117,2013.4112548828125,870.0469393555486
0.01899145357310772,-0.0044774367823265495,-0.023563582450151443,0.007988255344101287,0.6757645606994629,0.6531364612281323,0.6259571313858032,0.011602812208560173,80.0,4930.66162109375,2228.83522644043,613.8085327148438,972.1014025834938,-0.005740070809784809,0.7055463352389634,80.0,545.4358446413353,1090.8972816935777,360,0.323810338973999,9861.322265625,4457.692431640625,1227.6689453125,1944.201375515273
0.0064789773896336555,-0.0036423753364942966,-0.02478305622935295,0.005584411927469287,0.709250271320343,0.6652072824537754,0.6218491196632385,0.01737637309451685,80.0,4230.40673828125,1716.9705352783203,285.8468322753906,855.275286582308,-0.005758466563478577,0.7063110197000205,80.0,544.3879796511009,1088.8016039744616,361,0.32550525665283203,8460.8212890625,3433.961669921875,571.703369140625,1710.5530554041823
0.007504983805119991,-0.004123913854709826,-0.020611468702554703,0.0062823076876460104,0.7628860473632812,0.7161872155964375,0.6815389394760132,0.01535887606572285,80.0,4149.59716796875,1414.0252738952636,151.90403747558594,836.1284102217367,-0.005780298243014839,0.7073608912713826,80.0,531.2594349809958,1062.5445791751147,362,0.32732343673706055,8299.205078125,2828.0731304168703,303.85882568359375,1672.254072764339
0.015336409211158752,-0.0025631465599872173,-0.028552398085594177,0.006646003200347774,0.792406439781189,0.7531074449419976,0.7191441655158997,0.016788665110579613,80.0,305.0563659667969,140.56497507095338,62.54088592529297,53.1328412213538,-0.005764290513732703,0.7081212461553515,80.0,496.4784405666664,992.9825732289553,363,0.33354687690734863,610.12646484375,281.1501378059387,125.12352752685547,106.26223289201309
0.005887012928724289,-0.005773943813983351,-0.021568678319454193,0.0068192173539615205,0.7460347414016724,0.7134802684187889,0.6845212578773499,0.012361909257979614,80.0,183.3179473876953,74.434250831604,22.753679275512695,36.29122888459278,-0.005788110194174805,0.707679030623287,80.0,461.6576281372383,923.3409870048761,364,0.3334465026855469,366.6494445800781,148.89431948661803,45.526763916015625,72.57759729302575
0.007253063842654228,-0.005512897172593512,-0.019505521282553673,0.0063635709953773255,0.7523370981216431,0.7164806872606277,0.664103090763092,0.018719488074092572,80.0,68.98457336425781,14.944854044914246,2.33897066116333,14.314615638963193,-0.005787281186087056,0.7072736639790237,80.0,436.77682991255074,873.5793806236981,365,0.33705997467041016,137.98101806640625,29.915063786506654,4.7202372550964355,28.625168782777987
0.0075155943632125854,-0.008581778660300188,-0.026371538639068604,0.0067260837880736635,0.8315916061401367,0.7861898317933083,0.7239246368408203,0.018406580281071755,80.0,30.370826721191406,7.806215780973434,2.6928443908691406,4.435365643108114,-0.005777112739422592,0.7078608659692109,80.0,419.85458248478926,839.7348773921133,366,0.33772706985473633,60.75785827636719,15.645318931341171,5.416311740875244,8.867961700501699
0.022871505469083786,-0.008992067986400797,-0.03472612798213959,0.009414939010239884,0.8925946950912476,0.8420723311603069,0.7995740175247192,0.020887305101759384,80.0,7.453571319580078,2.0962306663393973,0.9079320430755615,1.3319720656678535,-0.00581632612584508,0.7099618952088059,80.0,416.7233185732291,833.472470001474,367,0.33533191680908203,14.923589706420898,4.227286906540394,1.8469125032424927,2.6569303867339347
0.01682400330901146,-0.008968781371368095,-0.029625307768583298,0.008891840151883637,0.8023476600646973,0.7665677160024643,0.7281243801116943,0.013989974501389515,80.0,16.08986473083496,3.514937309920788,1.2764042615890503,2.6925796426449726,-0.005849461786827306,0.7107888633273542,80.0,416.1101117874757,832.2461392461507,368,0.33174705505371094,32.19682312011719,7.063143530488015,2.5933804512023926,5.379596639250161
0.00959068350493908,-0.01572779846028425,-0.03956054896116257,0.012330707211700213,0.761974036693573,0.722054323554039,0.6842895150184631,0.01611353671900936,80.0,32.654335021972656,8.128081604838371,2.8353333473205566,5.156362273167285,-0.005974400005216013,0.7111337944976985,80.0,415.95910558760914,831.9443836182803,369,0.3357257843017578,65.33026885986328,16.30205981731415,5.726318836212158,10.298838609057618
0.011875659227371216,-0.012504237744724377,-0.031888075172901154,0.00973444206178699,0.8263877630233765,0.765935942530632,0.7151110768318176,0.023638153218387525,80.0,14.498184204101562,4.082226750254631,1.0381718873977661,2.894953445364879,-0.005993552622938297,0.7115960518456997,80.0,412.3087954469695,824.6438108768015,370,0.3317852020263672,29.015836715698242,8.204780676960945,2.1269407272338867,5.779739119727441
0.01416228711605072,-0.009863714512903243,-0.032627172768116,0.009625273740806168,0.799101710319519,0.7652215853333473,0.7257552742958069,0.0188927021329997,80.0,8.484671592712402,2.4633307330310346,0.878720223903656,1.6903607734814332,-0.006060876210540301,0.7142375226393343,80.0,410.8772776732146,821.7809627966433,371,0.33581089973449707,16.985034942626953,4.961693334579468,1.7443013191223145,3.3728726559068245
0.015070313587784767,-0.006198903906624764,-0.020311109721660614,0.00659820346858015,0.7509756088256836,0.7111802287399769,0.6623433232307434,0.015110773267464973,80.0,138.94068908691406,21.798673820495605,2.1597893238067627,24.610323474436992,-0.00608113540019258,0.7166150209382177,80.0,408.2992914519011,816.6250783654599,372,0.4470808506011963,277.89727783203125,43.623968571424484,4.355292797088623,49.21641209821623
0.010051459074020386,-0.0036672115151304753,-0.01927044615149498,0.006336754297136525,0.7327145338058472,0.6750071927905082,0.6417598128318787,0.017596104930371045,80.0,102.19271087646484,22.51112454533577,4.645015716552734,20.634831800096297,-0.006052454495540588,0.7152463239952921,80.0,388.5780129192173,777.1824364752919,373,0.483583927154541,204.39755249023438,45.04308332204819,9.315275192260742,41.26455402197163
0.020511608570814133,-0.006147078686626628,-0.02429070882499218,0.00977816954842833,0.6801257729530334,0.6413253918290138,0.6091358661651611,0.014498236253377653,80.0,2281.106201171875,765.0304736852646,22.661699295043945,590.545401754953,-0.005927759643964237,0.7133032186105847,80.0,392.9143158479035,785.854754169479,374,0.33843541145324707,4562.2568359375,1530.086076593399,45.34593963623047,1181.0976445675458
0.017052343115210533,-0.001841782487463206,-0.019319573417305946,0.007425138309203353,0.7153069972991943,0.6788887664675712,0.6379189491271973,0.014089864852344453,80.0,2169.736328125,763.7710637688637,13.558981895446777,532.540150308892,-0.005852156896464296,0.7139598674103615,80.0,400.0340063847601,800.0939969868809,375,0.33669209480285645,4339.48291015625,1527.5593700885772,27.15625,1065.0781002906815
0.01312012318521738,-0.003771193273132667,-0.022622663527727127,0.0073586475160234465,0.7217371463775635,0.6915325820446014,0.6569726467132568,0.016611412536607754,80.0,175.844970703125,78.1110563993454,12.901859283447266,37.13655556023846,-0.005847808604914464,0.7164510309509933,80.0,400.5767827446759,801.1795908354671,376,0.32996416091918945,351.7041931152344,156.2434860944748,25.822507858276367,74.27132279925134
0.002528659999370575,-0.008850940043339505,-0.0292274858802557,0.007511884503106017,0.701827883720398,0.6705752089619637,0.6170451045036316,0.014909790959657838,80.0,370.3540344238281,88.1988373041153,16.28936004638672,62.99174415750383,-0.005874144962959691,0.7156623098514973,80.0,401.2444230932295,802.5149084297569,377,0.337813138961792,740.72119140625,176.42878770828247,32.60603332519531,125.97618065942531
0.026148248463869095,-0.008258007717086003,-0.028018392622470856,0.011223196317177336,0.6915538311004639,0.6522534504532814,0.6006698608398438,0.01914089608634616,80.0,59.890480041503906,9.569761523604393,2.4856972694396973,12.353778350569852,-0.005921669956907864,0.7165429479405284,80.0,400.6930698707105,801.4123146458417,378,0.3396275043487549,119.793212890625,19.16908420920372,5.0309343338012695,24.700077724677065
0.007436614483594894,-0.009868196863681077,-0.031099513173103333,0.00837513950366873,0.8169248104095459,0.77636903449893,0.7316946983337402,0.01597561138802076,80.0,39.96099090576172,8.887009915709495,2.9693782329559326,6.918717508356377,-0.005977321721351473,0.716816634364426,80.0,399.5518875888288,799.1300668720753,379,0.27271199226379395,79.93756103515625,17.809283578395842,5.9698805809021,13.829492817159766
0.007788682356476784,-0.013120539102237672,-0.03336644172668457,0.00951361015980727,0.9447057247161865,0.8918735407292843,0.8474434614181519,0.02172540176733881,80.0,8.687439918518066,3.1585599675774576,1.4743435382843018,1.5961216984832942,-0.006078135296091204,0.7216873767115176,80.0,397.85689576540886,795.7403822794706,380,0.473818302154541,17.393293380737305,6.3611984848976135,3.0334527492523193,3.1830529719317164
0.005475383251905441,-0.004579163074959069,-0.02003374695777893,0.005142273583040591,0.843239426612854,0.7855423986911774,0.7198852300643921,0.02095810328678304,80.0,82.39409637451172,32.4546024620533,6.455668926239014,15.845725336446751,-0.006023533129919088,0.7224324222244322,80.0,395.3300579723566,790.6866123989373,381,0.19969940185546875,164.80752563476562,64.93407399654389,12.94410514831543,31.688625070064127
1.862645149230957e-09,-0.014825353852938861,-0.035238660871982574,0.009713744479794529,0.7548528909683228,0.721088358014822,0.6899793148040771,0.0152364640341636,80.0,771.9761352539062,329.17959280014037,78.58309936523438,145.77925105744382,-0.006129347677837359,0.7223536285720766,80.0,398.30373209004097,796.634170686796,382,0.20008516311645508,1543.9669189453125,658.4032577514648,157.19573974609375,291.55320534958935
0.01843518391251564,-0.0010837655572686344,-0.022015336900949478,0.005923685075788983,0.6738185882568359,0.6466891311109066,0.6103121042251587,0.013974002304789582,80.0,4170.158203125,1440.3060554504395,167.95498657226562,777.4375438121082,-0.006068095410621026,0.7213110098503529,80.0,408.98192610506703,817.990415413931,383,0.23085856437683105,8340.328125,2880.62721862793,335.92083740234375,1554.8744348728192
0.020582066848874092,-0.003019733272958547,-0.025141194462776184,0.00821995353214766,0.6097124814987183,0.5724754348397255,0.5259606838226318,0.016131988216656304,80.0,4490.1337890625,2055.1021615982054,218.4164276123047,929.6529807689799,-0.006037002395518357,0.7206606217734516,80.0,429.3161578235476,858.6588037026672,384,0.21101927757263184,8980.2705078125,4110.221816635132,436.8321838378906,1859.3042367571973
0.022719092667102814,-0.0027765786333475264,-0.02088189125061035,0.008659786829110732,0.7338725328445435,0.689087801426649,0.6504942178726196,0.01513286683428762,80.0,2507.885986328125,724.9018732070923,57.724300384521484,519.8374295127066,-0.0060319816480332526,0.7213404802568258,80.0,436.4347051215619,872.8959017858058,385,0.28773999214172363,5015.7919921875,1449.8230745315552,115.45988464355469,1039.6758410014006
0.012122578918933868,-0.004882861481746659,-0.024414844810962677,0.007533814313816671,0.6681746244430542,0.6244124412536621,0.5868284106254578,0.016283200358764283,80.0,190.8377685546875,72.05951232910157,33.18659591674805,32.101954692718884,-0.005987646842171671,0.7215008564330639,80.0,436.8351794470995,873.6967649821787,386,0.3039824962615967,381.68463134765625,144.14127950668336,66.41563415527344,64.20197539008291
0.003785807639360428,-0.0052560723735950885,-0.018666589632630348,0.005837979968233278,0.7093915939331055,0.6731590703129768,0.6152452826499939,0.0166427426111281,80.0,89.8760986328125,37.167277216911316,17.697917938232422,16.00842244138922,-0.0060412805803644,0.7223448973186315,80.0,414.1611753336638,828.3488807820827,387,0.23787331581115723,179.76779174804688,74.35852975845337,35.42388916015625,32.01386353226526
0.009314088150858879,-0.006290948466630653,-0.02417907863855362,0.006696695723180707,0.7266347408294678,0.6675025075674057,0.6142907738685608,0.02247876386240304,80.0,107.03334045410156,32.95871922969818,10.208069801330566,21.74730867809621,-0.006046467722364468,0.7224626407437027,80.0,390.91141932527717,781.8493812229186,388,0.25156283378601074,214.080078125,65.94336988925934,20.43128204345703,43.48877987559432
0.005577355623245239,-0.008582271472550928,-0.0256322231143713,0.006443877312211343,0.7628961801528931,0.7232150331139564,0.6870453357696533,0.017529616114687577,80.0,32.673892974853516,7.372782358527184,2.3228330612182617,6.1321355722494015,-0.006117648155923234,0.7242102281227709,80.0,377.97287215878066,755.9724642436652,389,0.3525416851043701,65.36268615722656,14.777193599939347,4.691625595092773,12.257538887366357
0.006826702505350113,-0.009657697856891901,-0.030777879059314728,0.00910575815841006,0.8905700445175171,0.8470843620598316,0.8080053329467773,0.018274446690504657,80.0,22.5570068359375,4.382180732488632,1.1170574426651,3.8189626004140846,-0.006188437196920859,0.7259211786165833,80.0,365.4059921171218,730.8388800857513,390,0.31011152267456055,45.13150405883789,8.800618556141853,2.2960901260375977,7.629206954282839
0.0103486068546772,-0.006097972043789923,-0.02778615802526474,0.007962937921038582,0.8230538368225098,0.7623336248099803,0.699234127998352,0.02786969855762797,80.0,6.368264675140381,1.7314009323716164,0.5654946565628052,1.2195358807545345,-0.006148905639274744,0.7255913793295622,80.0,362.2465620850027,724.5199344012586,391,0.3081352710723877,12.751842498779297,3.4902444779872894,1.1684472560882568,2.4342158294681857
0.017367104068398476,-0.008575865946477279,-0.03512313961982727,0.009938513413637532,0.8175963759422302,0.7774578697979451,0.7344253063201904,0.01845729637035877,80.0,23.083498001098633,5.008462877571583,1.211685061454773,4.680983973268806,-0.006189011165668489,0.7268378641158343,80.0,361.0661573930234,722.1592301459759,392,0.20617294311523438,46.18168640136719,10.049626713991165,2.4376704692840576,9.357284486774068
0.00891532376408577,-0.0045491892378777266,-0.019696686416864395,0.005663569333732601,0.7037132978439331,0.6716479457914829,0.622072160243988,0.015864023448416004,80.0,17.80658531188965,5.418273982405663,2.029101848602295,3.5124592241867116,-0.006196084697119658,0.7274050923287868,80.0,359.5863746472746,719.19969013457,393,0.27015209197998047,35.62636947631836,10.859079360961914,4.092780590057373,7.020068364262443
0.017101405188441277,-0.0098782537097577,-0.03801724314689636,0.011336900743611964,0.804386556148529,0.745168362557888,0.6857278943061829,0.019360779190820666,80.0,20.556867599487305,4.99492369517684,0.9145421385765076,3.884180200098181,-0.006247144990222296,0.7287250696197153,80.0,359.4657418079451,718.9585529769809,394,0.3418142795562744,41.128395080566406,10.024507293105126,1.8730244636535645,7.761521021809318
0.009666739031672478,-0.01056156838312745,-0.026934290304780006,0.008650645608304938,0.809408962726593,0.7712513789534569,0.7387864589691162,0.014383911843795316,80.0,14.473217010498047,3.4101186163723467,0.9516788125038147,2.7688059637645797,-0.006279843955097022,0.7288715586364267,80.0,359.4157494158746,718.8586365207285,395,0.3426535129547119,28.9620418548584,6.856785407662391,1.9405131340026855,5.529702123623597
0.00650954432785511,-0.0035852432309184225,-0.020681023597717285,0.005833348281408969,0.691309928894043,0.6558984160423279,0.6244004368782043,0.01674652237560624,80.0,68.90061950683594,24.52191737294197,4.528244495391846,13.875825609873983,-0.006260115102835699,0.7265516094341874,80.0,359.62579088012876,719.2786335882395,396,0.3310840129852295,137.81297302246094,49.06412280797959,9.085538864135742,27.748791919738128
0.016873762011528015,-0.009983903041575103,-0.03455834835767746,0.010184064470355587,0.6922248601913452,0.634832789003849,0.5655452013015747,0.03007850241597729,80.0,17.83796501159668,4.760417559742928,1.2609343528747559,4.080089727251526,-0.006299763955379605,0.7251100709885359,80.0,359.6393859445454,719.3058741836398,397,0.2321329116821289,35.68841552734375,9.553499534726143,2.5517990589141846,8.152415134760064
0.015056207776069641,2.114491071552038e-05,-0.01564769819378853,0.007514920308484467,0.6444408893585205,0.5893243670463562,0.5239056348800659,0.0272880280325226,80.0,2804.859619140625,1306.6555943489075,55.139305114746094,600.93027919908,-0.006260255532601151,0.7244109970927238,80.0,372.556197942555,745.1394051247687,398,0.3449692726135254,5609.75244140625,2613.322927188873,110.31684112548828,1201.859041405886
0.005980529822409153,-0.007676326925866306,-0.02474953979253769,0.006962328078914139,0.6493878364562988,0.603730744868517,0.5597381591796875,0.016883185275999753,80.0,101.52288055419922,29.946505534648896,10.893061637878418,17.615098601759595,-0.0062782719868992,0.7240568853020669,80.0,372.69122562187914,745.4094894333928,399,0.25635814666748047,203.05795288085938,59.92043807506561,21.844348907470703,35.223791873562156
0.006434168666601181,-0.007635177610791288,-0.027597781270742416,0.00822402904091075,0.6824018955230713,0.6372940599918365,0.5981864929199219,0.016166772822943216,80.0,58.9726448059082,14.738209521770477,4.132246017456055,8.730097804319778,-0.006303380409372039,0.7220799384862184,80.0,372.75244710522895,745.5319430751056,400,0.3402547836303711,117.95797729492188,29.504434883594513,8.318621635437012,17.45512265861301
0.009922929108142853,-0.007246716553345323,-0.022033926099538803,0.007399212009473234,0.6325374245643616,0.5969180926680565,0.5561320185661316,0.017444047106204112,80.0,31.016355514526367,9.684718322753906,2.7545979022979736,6.253371772507079,-0.006317622363276314,0.7204944329634307,80.0,371.969487934649,743.9660215077846,401,0.34886813163757324,62.04426574707031,19.395868360996246,5.548941612243652,12.502668753695213
0.021878916770219803,-0.0018862314813304693,-0.017365459352731705,0.007194826249981278,0.6377115249633789,0.5880021087825298,0.5461032390594482,0.01881821563829399,80.0,43.84852981567383,6.465412597358227,1.6010420322418213,8.457634374899039,-0.006299665640573948,0.7198307952359317,80.0,371.4988610390276,743.0247185349912,402,0.33840179443359375,87.70960235595703,12.946357679367065,3.2413389682769775,16.91416169191717
0.006730373948812485,-0.009310277237091213,-0.031230216845870018,0.008749352768397991,0.8387916088104248,0.7852241910994053,0.7252949476242065,0.020772408191888546,80.0,12.619450569152832,4.664239101111889,1.8960412740707397,2.2884393108918712,-0.006388023197941948,0.7212030892670154,80.0,359.34357624688744,718.7143529797644,403,0.3354358673095703,25.244728088378906,9.362803226709365,3.8160619735717773,4.571413211836312
0.004849344491958618,-0.013574679690646008,-0.03219136223196983,0.009885226408984033,0.897503137588501,0.8670482985675335,0.8088490962982178,0.016252271889518957,80.0,6.318369388580322,1.9600297652184964,0.8765433430671692,1.1012030120210385,-0.00650043750385521,0.7231521625742318,80.0,346.5610354942009,693.1495352293553,404,0.34523725509643555,12.651451110839844,3.9645498797297476,1.8205773830413818,2.191348310670238
0.008368514478206635,-0.008111835899762809,-0.029358550906181335,0.00717405296596399,0.8163903951644897,0.7706828966736794,0.7238950729370117,0.018165118638309226,80.0,69.88903045654297,33.54424879550934,15.410752296447754,11.734048814500838,-0.006533114702062448,0.7244354368820787,80.0,345.6749263406918,691.3774079119265,405,0.33997130393981934,139.79354858398438,67.12013463973999,30.86147689819336,23.4649491714253
0.001502329483628273,-0.010966723581077531,-0.030355071648955345,0.007864139259166535,0.7713346481323242,0.7274966433644294,0.6805453300476074,0.020874370807481498,80.0,153.9075469970703,41.19339357614517,8.342901229858398,26.68361261083103,-0.006613053331820992,0.7237156115025282,80.0,345.67061183559156,691.3689243840278,406,0.3366215229034424,307.8297119140625,82.42327082157135,16.719404220581055,53.36075684004268
0.045714810490608215,-0.001923154923133552,-0.02306458167731762,0.010565909899598953,0.6399009227752686,0.6028495237231255,0.5749359726905823,0.013875270935795278,80.0,2820.69580078125,1258.6433827877045,36.99159622192383,674.2353628186661,-0.006514683908695588,0.7233464807644487,80.0,357.8849731386826,715.7974429871143,407,0.41077685356140137,5641.3994140625,2517.3026807785036,74.01084899902344,1348.4671114233372
0.02660827897489071,-0.0029380303691141306,-0.018761709332466125,0.00670123491106421,0.6286685466766357,0.593643919378519,0.5593768358230591,0.014873872500471884,80.0,4607.255859375,1771.8506202697754,471.6912841796875,832.4468374241338,-0.0064753312092798295,0.7223071213811636,80.0,375.4856450228319,750.9986870196761,408,0.192063570022583,9214.5322265625,3543.7189651489257,943.39306640625,1664.8977498945421
0.0042551495134830475,-0.003388511308003217,-0.016683291643857956,0.004244749677420693,0.7090029120445251,0.6612302921712399,0.6188902854919434,0.018752735190315842,80.0,2661.49951171875,651.9483159065246,74.66638946533203,493.2434684474187,-0.006460478796187089,0.7212588380351663,80.0,381.928608072959,763.8845623689591,409,0.31984806060791016,5323.013671875,1303.916625404358,149.36126708984375,986.484363998236
0.007031209301203489,-0.0037273359892424198,-0.02289530821144581,0.00524862712944292,0.6285532712936401,0.5828917406499385,0.5470373630523682,0.017323924138015392,80.0,146.9320526123047,62.750516057014465,23.652814865112305,26.17086976166428,-0.006486368920974201,0.7203207169473171,80.0,380.2518609618769,760.5311011768282,410,0.26154327392578125,293.8763427734375,125.52014398574829,47.323219299316406,52.34155816772731
0.0025136303156614304,-0.007389088108902797,-0.023468945175409317,0.006297553741069274,0.5954575538635254,0.5406491633504629,0.49398884177207947,0.018414202599360413,80.0,35.980472564697266,9.309899100661278,3.063081741333008,6.538469034812566,-0.006513207863637945,0.7193304330147804,80.0,379.18372518735384,758.3948634996117,411,0.34406232833862305,71.97181701660156,18.64538930654526,6.132137298583984,13.070620636658642
0.014277089387178421,-0.006463082716800272,-0.02545662596821785,0.00754300442848267,0.8217465877532959,0.7542789965867996,0.7023869752883911,0.025723781868162588,80.0,80.6112289428711,20.161578100919723,5.147186756134033,15.887684873162113,-0.0065421369219839124,0.7203661834634842,80.0,347.6991156570837,695.4257229591309,412,0.23390650749206543,161.23802185058594,40.35116811990738,10.30385971069336,31.77200039117327
0.03255845978856087,-0.00796097411075607,-0.029072321951389313,0.010194334082142402,0.969329297542572,0.8930724553763867,0.8198040127754211,0.028736161768936463,80.0,45.608673095703125,10.39758421778679,3.1141629219055176,8.977256753617317,-0.006560313622554532,0.7231509815491738,80.0,326.1864684981629,652.4005208841861,413,0.19661641120910645,91.23551940917969,20.828951746225357,6.299698829650879,17.948460838382495
0.04359216243028641,-0.003999194578500465,-0.024773338809609413,0.010574884708877713,1.017728328704834,0.9493767477571964,0.8935670852661133,0.02537063506117057,80.0,26.115921020507812,6.8206215590238575,1.3605289459228516,4.712566208740172,-0.006567878477828345,0.7256329141370954,80.0,315.3883904549108,630.804429287255,414,0.1948072910308838,52.25202941894531,13.668229070305824,2.7549996376037598,9.417808914236067
0.014867178164422512,-0.005358321347739547,-0.028617579489946365,0.008588576625823595,0.9324997663497925,0.8790235064923764,0.8172197937965393,0.022295428514058937,80.0,13.551243782043457,4.729603244364261,1.1655417680740356,2.5482638120413452,-0.006548705946624977,0.7267801197580994,80.0,314.14730096069724,628.3222349131703,415,0.1889359951019287,27.118633270263672,9.487503623962402,2.3409745693206787,5.093007118293788
0.016806811094284058,-0.006111645605415106,-0.020523883402347565,0.008192811415029215,0.8125678300857544,0.7414876110851765,0.6894137859344482,0.021499445551029325,80.0,19.30315589904785,6.876283188164234,1.7744501829147339,3.690681220580222,-0.006567926259856904,0.7271134893186391,80.0,313.7461271150038,627.5199323292076,416,0.1911313533782959,38.620880126953125,13.779619452357291,3.569096803665161,7.374832344247563
0.021336359903216362,-0.008206843258813023,-0.030178997665643692,0.01099861371263297,0.7878673076629639,0.748712494969368,0.7027194499969482,0.01698814073900812,80.0,41.05559158325195,6.664674541354179,1.4570988416671753,5.850279922010103,-0.006576026491675294,0.7272404899485408,80.0,313.5426783144101,627.1130534698068,417,0.1891031265258789,82.12616729736328,13.360736978054046,2.931445837020874,11.695525137001239
0.003566119819879532,-0.012922959885327146,-0.03662075102329254,0.008757927038195255,0.7426822185516357,0.6921279393136501,0.6395238041877747,0.020897699335540535,80.0,20.9898624420166,5.357942447066307,0.833003044128418,4.000455412271189,-0.006647121395362773,0.7263750779889524,80.0,313.4586629766747,626.9451476743072,418,0.2001361846923828,41.99713897705078,10.755573435127735,1.7080332040786743,7.993231765062739
0.0046667978167533875,-0.00867481945315376,-0.022664880380034447,0.0074151104443356056,0.7069295644760132,0.6744867898523808,0.6331974267959595,0.015305524715233993,80.0,57.136260986328125,12.921132472157478,3.1570255756378174,10.667166680716424,-0.006634126997989369,0.7245862391702831,80.0,313.56502322672304,627.1578064107745,419,0.18407630920410156,114.28601837158203,25.873104512691498,6.367800712585449,21.325411398017614
0.009286409243941307,-0.0059712901944294575,-0.018946640193462372,0.006479641714105343,0.6145069599151611,0.5729242704808712,0.5042229890823364,0.021761002572890258,80.0,31.58549690246582,7.233447766304016,1.9654099941253662,4.9610878364255395,-0.00661258632739191,0.7218190247900783,80.0,313.5519504079073,627.1315623462647,420,0.19908571243286133,63.18117904663086,14.490296554565429,3.971266746520996,9.9185556433943
0.009871724992990494,-0.00029512602486647666,-0.010827720165252686,0.0037246089739525184,0.5529378652572632,0.5142085749655962,0.464999258518219,0.0182936915150222,80.0,2317.62939453125,704.6274321079254,44.94328308105469,539.4843692810294,-0.006545836391596822,0.7195596038401126,80.0,320.4564845616668,640.940452045247,421,0.1945044994354248,4635.2685546875,1409.265746498108,89.90499877929688,1078.9669345032169
0.006910162046551704,-0.0015136245754547417,-0.012677332386374474,0.0034029956768915856,0.6403199434280396,0.5825704745948315,0.5358849763870239,0.01940027326323095,80.0,2260.65771484375,801.3229887962341,118.2540512084961,445.33417035406706,-0.006494924534170423,0.7180940234437584,80.0,328.29468825201684,656.616728258416,422,0.29619574546813965,4521.33203125,1602.660652923584,236.53265380859375,890.6671335491377
0.014022578485310078,-0.0031892659317236394,-0.02006889320909977,0.005450316968019711,0.5996938943862915,0.5462871178984642,0.5030093193054199,0.020483815962939713,80.0,275.4364013671875,102.4227865934372,24.22857093811035,50.25359329243772,-0.006459106754045933,0.7153036374524234,80.0,329.2535542903989,658.5343328846246,423,0.32805609703063965,550.884765625,204.8628767490387,48.47758102416992,100.50461793919524
0.008259519934654236,-0.007901345030404627,-0.020836185663938522,0.006885282754419518,0.6578272581100464,0.604439127445221,0.5419546365737915,0.023124958425110524,80.0,133.4395294189453,28.49751316010952,2.35249400138855,29.753832191175157,-0.006444679128704594,0.7134390747100113,80.0,329.48937914426625,659.0059164425284,424,0.33376646041870117,266.89166259765625,57.02291752696037,4.73315954208374,59.51067310057788
0.0041646286845207214,-0.006690286501543597,-0.020587190985679626,0.006094729220761222,0.670648455619812,0.6253556482493877,0.5697128772735596,0.020045541991899715,80.0,41.24970626831055,9.4218130081892,1.8519375324249268,8.118216768285851,-0.006420406993885991,0.712005996212363,80.0,329.4783058098107,658.9836925695689,425,0.3364369869232178,82.51229858398438,18.869513785839082,3.740327835083008,16.230874241278435
0.013721631839871407,-0.0054875249566975984,-0.020286977291107178,0.006475704472799323,0.6397500038146973,0.5914984561502934,0.5354369282722473,0.018957792091858276,80.0,25.125446319580078,6.203488619625569,1.6059563159942627,3.797445475073827,-0.0064469393664621745,0.7100518807172773,80.0,329.48244860254226,658.9919921370896,426,0.3415195941925049,50.26246643066406,12.429782184958459,3.2335071563720703,7.5921489112140375
0.01817607507109642,-0.01242716916021891,-0.03251206874847412,0.01051972964629625,0.8412322402000427,0.798321034014225,0.752021849155426,0.01712872939461075,80.0,20.021732330322266,3.8374659210443496,1.065648078918457,3.9589219847351886,-0.0065755859115161,0.7111798203438517,80.0,329.34222959764304,658.7118339809927,427,0.3317382335662842,40.047977447509766,7.715752577781677,2.1900038719177246,7.907381618677433
0.012737175449728966,-0.006214725732570514,-0.028971150517463684,0.008999993877737263,0.8218611478805542,0.7763985082507133,0.7214459776878357,0.020747118849811324,80.0,23.899084091186523,4.890327753126622,1.1962149143218994,4.684587787992031,-0.006595823523763101,0.7122475889921188,80.0,322.4937106549145,645.0148578723222,428,0.34067487716674805,47.81396484375,9.808612942695618,2.4340784549713135,9.36241879534683
0.006711846217513084,-0.009186357207363471,-0.03401504456996918,0.008111009661767641,0.7675473690032959,0.7272797964513302,0.6877279281616211,0.016430234078576276,80.0,117.31822967529297,18.776241824030876,3.161358594894409,25.569025583568386,-0.0066357007874757986,0.7121092581897972,80.0,313.3420848905147,626.7116833081395,429,0.33579015731811523,234.65438842773438,37.58540155291557,6.356896877288818,51.1311622041866
0.008142519742250443,-0.008763555216137319,-0.03273956477642059,0.010291845188019193,0.7689087986946106,0.7122237019240856,0.6591429114341736,0.022644055355456473,80.0,116.68988037109375,22.580216440558434,3.1487395763397217,24.927771795476918,-0.006634593561233488,0.7122612851709127,80.0,312.5509361951352,625.1293867473751,430,0.317974328994751,233.39402770996094,45.19220442771912,6.335478782653809,49.84574182386874
0.010049983859062195,-0.005179863004013896,-0.021003929898142815,0.007160522996384644,0.7531999349594116,0.7005155213177204,0.6644958853721619,0.01792127014008432,80.0,3084.3408203125,1258.270112991333,171.38641357421875,606.7346351060966,-0.0066087997644790454,0.7120836275890469,80.0,324.96753193715216,649.9625229016095,431,0.3086071014404297,6168.73681640625,2516.5645767211913,342.7926025390625,1213.4710753867037
0.006005540490150452,-0.0024686909688171,-0.018999772146344185,0.00504343014878515,0.6311163902282715,0.597829956561327,0.5563381910324097,0.016629904792089995,80.0,2887.990478515625,1167.4938356399537,124.96641540527344,622.3290089029473,-0.006575619781331626,0.7115115760937334,80.0,336.3475041400492,672.7223897420912,432,0.31113290786743164,5775.9931640625,2335.0045892715452,249.94749450683594,1244.661467597856
0.004928190261125565,-0.005017729662358761,-0.018415112048387527,0.0054138092001458655,0.6535847187042236,0.607789508998394,0.5598230361938477,0.018695900305165172,80.0,2479.971923828125,615.3512814521789,79.46598052978516,450.0799650621048,-0.006576018558524082,0.7099585419967771,80.0,342.45000161518163,684.9273543937653,433,0.30943799018859863,4959.978515625,1230.7247507095337,158.960693359375,900.1623771716221
0.014476228505373001,-0.004639803624013439,-0.017145369201898575,0.006783963264619179,0.6481349468231201,0.6158513516187668,0.5642315149307251,0.016396695124261337,80.0,1746.1959228515625,636.8812602996826,53.2926025390625,425.30981369460704,-0.006607273330446333,0.7086140234768392,80.0,345.92240090264386,691.8721885555236,434,0.3071439266204834,3492.396484375,1273.784119129181,106.6081314086914,850.6196699718143
0.009851790964603424,-0.003895707050105557,-0.015706053003668785,0.004771178522300351,0.6167780160903931,0.5777018427848816,0.5324099063873291,0.017938643171704863,80.0,155.28652954101562,44.95097694396973,10.889627456665039,26.345066358897935,-0.00663759518059669,0.7071416192799806,80.0,344.21379737462104,688.4550126562566,435,0.30746960639953613,310.58587646484375,89.9212991952896,21.79720687866211,52.68807777575612
0.014022905379533768,-0.006316635035909712,-0.022973280400037766,0.008141568052014667,0.7307698130607605,0.6857549771666527,0.6385372877120972,0.02169402494410359,80.0,90.07039642333984,22.93335766196251,4.561612129211426,15.676452032851977,-0.006614455494098365,0.708238738939166,80.0,344.2164110055715,688.4602155799121,436,0.30353403091430664,180.15362548828125,45.89306386709213,9.152593612670898,31.35373442814841
0.006539089605212212,-0.006393799500074238,-0.020552821457386017,0.0067665864816025415,0.7628377676010132,0.7137524068355561,0.6670533418655396,0.021352591216328647,80.0,65.63326263427734,19.78495725393295,4.438300609588623,14.674733593293734,-0.006614957556535956,0.7089344742074608,80.0,301.2674728583843,602.5623540809602,437,0.47370433807373047,131.28070068359375,39.596976935863495,8.904341697692871,29.34873379684452
0.012863002717494965,-0.012813077494502067,-0.03658876568078995,0.009881194684372424,0.7724515199661255,0.724110396206379,0.6734495162963867,0.021593959422291496,80.0,16.64358901977539,4.571289621293545,1.5074137449264526,3.4053581085194926,-0.006663043975946494,0.709215301066637,80.0,291.39909186059236,582.8256938198954,438,0.32794880867004395,33.30158996582031,9.182687577605247,3.0676631927490234,6.801019992660117
0.006264938041567802,-0.016616336500737815,-0.04604054242372513,0.011173294593453236,0.8678978681564331,0.8237090423703194,0.7833213210105896,0.020777457238134834,80.0,17.52601432800293,6.430658772587776,2.325004816055298,3.3154930261586135,-0.00670818109047832,0.7105208971053362,80.0,289.67576204237344,579.3791505544334,439,0.39453816413879395,35.068641662597656,12.911024367809295,4.682734489440918,6.620957981963463
0.006674718111753464,-0.007539300783537328,-0.022424224764108658,0.0064229241275315175,0.7554486989974976,0.7155613549053669,0.6727815270423889,0.017914837885653637,80.0,11.581831932067871,3.69792754650116,1.0188840627670288,2.145800047491395,-0.006715856970462483,0.7104042154848575,80.0,289.0174667523802,578.062572995618,440,0.3067491054534912,23.173988342285156,7.4252449691295626,2.096811532974243,4.285510351576052
0.00934162363409996,-0.006418859795667231,-0.02667423151433468,0.00731528530618426,0.7396988868713379,0.6850194215774537,0.6323419809341431,0.02187366837111415,80.0,26.269947052001953,9.167931061983108,1.6841446161270142,4.449067588429431,-0.006732837141607889,0.7107487856298685,80.0,288.7651238336862,577.5579280115514,441,0.30927085876464844,52.544769287109375,18.362400382757187,3.419160842895508,8.892736801860687
0.011214042082428932,-0.005244375090114772,-0.024028629064559937,0.007337578846978242,0.6793947219848633,0.6419321991503238,0.6005188822746277,0.01698137839852936,80.0,22.10791015625,5.882071793079376,2.124854564666748,3.610325977904904,-0.006735147671308368,0.7099994531869888,80.0,288.57458534601335,577.1768406679779,442,0.2650642395019531,44.231407165527344,11.787470948696136,4.284619331359863,7.2174730710675306
0.009124642238020897,-0.0002487626043148339,-0.016389761120080948,0.0038003673900832706,0.5762172341346741,0.5410813085734845,0.5033518075942993,0.016527902135369546,80.0,2549.328369140625,929.9324927330017,125.52906036376953,529.5602190888214,-0.006673063872032799,0.707528392612934,80.0,297.7662539046407,595.5600042028576,443,0.19984841346740723,5098.666015625,1859.8763051986693,251.0780487060547,1059.1185260871039
0.007411027327179909,-0.008613822021288797,-0.024189546704292297,0.007309381111231055,0.6465846300125122,0.6084436796605587,0.5682893991470337,0.0184264947911579,80.0,50.956241607666016,19.834476017951964,6.6601948738098145,9.645549950232548,-0.006680814906954765,0.7058628728762266,80.0,297.8831310470999,595.7937406765373,444,0.20654869079589844,101.92561340332031,39.6983482837677,13.319184303283691,19.287477477287002
0.0116557776927948,-0.009978050214704126,-0.03516007587313652,0.009070376279763658,0.6933400630950928,0.6572854980826378,0.6260899305343628,0.0167504991087077,80.0,42.35345458984375,13.221346852183341,3.3500354290008545,7.860266955496416,-0.006715023083263077,0.7048250519037247,80.0,297.9787480781377,595.9850223985762,445,0.21630167961120605,84.72081756591797,26.47579554319382,6.738284111022949,15.711808681189595
0.010699884966015816,-0.005578641511965543,-0.02110031247138977,0.0075191610365088965,0.5924550294876099,0.5473158594220877,0.4993082582950592,0.0205308950874408,80.0,26.321754455566406,8.511441372334957,1.4444193840026855,6.367910489662901,-0.006701739991432987,0.7032616119273007,80.0,298.01047190919525,596.04841222547,446,0.2406020164489746,52.654598236083984,17.04498626589775,2.8952178955078125,12.735844612367536
0.025228701531887054,-0.007851346279494464,-0.02961152046918869,0.009453564601369677,0.786357045173645,0.7397975571453571,0.6969983577728271,0.01935297547838482,80.0,13.45344352722168,4.185402776300907,1.0350959300994873,2.679176214008472,-0.006728380149812438,0.7033852796815334,80.0,297.96212027053537,595.9517647015603,447,0.21166634559631348,26.921419143676758,8.401304170489311,2.0943078994750977,5.353527568800094
0.012936783954501152,-0.015205612074350939,-0.03539680689573288,0.012048738494766476,0.7272500395774841,0.6809173636138439,0.6416740417480469,0.02057234835214202,80.0,35.16991424560547,7.153303894400596,1.626152753829956,6.059795195326527,-0.006730090025870594,0.7026059566475452,80.0,297.9878236359209,596.0031592663677,448,0.21292328834533691,70.34689331054688,14.35063740313053,3.3189218044281006,12.10595604842498
0.014193374663591385,-0.015026166127063334,-0.0395924411714077,0.010819986937923978,0.8169723749160767,0.7678863525390625,0.7297877669334412,0.017512433817266523,80.0,6.43100118637085,1.8809253327548503,0.4597055912017822,1.3147689204793462,-0.00685397061036201,0.7026906257532537,80.0,297.4008158955053,594.8293932394238,449,0.21326971054077148,12.88276195526123,3.807260712981224,0.9760525226593018,2.618622982679378
0.018369052559137344,-0.007314174697967246,-0.02539486438035965,0.009651640572550874,0.8074905872344971,0.7394098199903965,0.693885326385498,0.02158969745399028,80.0,12.262392044067383,2.5760433577001094,0.6342193484306335,2.3554716339227872,-0.006893689011456444,0.70223472449556,80.0,295.6551054539383,591.3380426650494,450,0.20936155319213867,24.539756774902344,5.181503260135651,1.3331187963485718,4.703735149857629
0.00492747500538826,-0.008268650964600966,-0.026412032544612885,0.006868845780504849,0.7716661691665649,0.7353831298649312,0.6836094856262207,0.019590175121736633,80.0,22.864416122436523,8.417126226425172,2.595690965652466,3.8442154858567643,-0.0069314773390651676,0.7017770418487488,80.0,290.12811518475417,580.2841285773367,451,0.20592451095581055,45.74391555786133,16.865497356653215,5.232309341430664,7.682302113795923
0.004641463980078697,-0.01741354914265685,-0.056955769658088684,0.01787973115337269,0.7201155424118042,0.6711265057325363,0.6259918212890625,0.01855563109417224,80.0,21.02491569519043,4.712653785943985,1.1187955141067505,4.336861651382616,-0.007040442688507027,0.7011164967007936,80.0,281.3837828367055,562.7956686626823,452,0.20795774459838867,42.062618255615234,9.473557284474373,2.352146625518799,8.655984214647376
0.017914172261953354,-0.004997775121591985,-0.01739354059100151,0.007530994436597749,0.770057201385498,0.7306704118847847,0.6736663579940796,0.02051202046272971,80.0,2216.8486328125,991.3526933670043,181.92874145507812,500.51854419829334,-0.007056149659096261,0.7007440911345184,80.0,281.06341773107647,562.1549622723013,453,0.2136518955230713,4433.72021484375,1982.729995727539,363.8894348144531,1001.0407983690085
0.009588189423084259,-0.00915540351124946,-0.032077938318252563,0.00792527907524197,0.7873202562332153,0.7461504496634006,0.6985586285591125,0.018171334238353303,80.0,120.12300872802734,44.50801368951797,10.741543769836426,18.790287688826602,-0.007093962665036087,0.7003528507463634,80.0,280.7940013922751,561.6161974054725,454,0.20773696899414062,240.26434326171875,89.04926195144654,21.52434539794922,37.574899918764935
0.0067794425413012505,-0.00262276598950848,-0.015048231929540634,0.0035293653118537733,0.651974618434906,0.6111955299973488,0.5490546226501465,0.020392800425446857,80.0,2732.217529296875,1142.34799118042,185.71493530273438,573.8269888004791,-0.007039513966446974,0.6987150028981268,80.0,291.7409460529983,583.5099449809939,455,0.21281671524047852,5464.447265625,2284.7134422302247,371.435791015625,1147.6528797122087
0.0025487523525953293,-0.002838792488910258,-0.011034201830625534,0.003405925248924214,0.7365860939025879,0.6752075776457787,0.6263613700866699,0.02210135161869942,80.0,1460.54931640625,497.07794737815857,57.90290832519531,328.3531634883232,-0.006997445297514786,0.6979318691305817,80.0,296.31588209411507,592.6597172519118,456,0.20452547073364258,2921.12255859375,994.1750750541687,115.81852722167969,656.7047963795304
0.008608384057879448,-0.004562093951972201,-0.014468973502516747,0.004396389827048333,0.8031966090202332,0.7593518637120724,0.7093082070350647,0.020061492569151247,80.0,1658.7186279296875,495.63248438835143,50.824562072753906,351.6938542590234,-0.006928073599905474,0.6969524632059039,80.0,301.1053064198792,602.2384076076895,457,0.16462397575378418,3317.46728515625,991.2892834663392,101.66992950439453,703.38848398445
0.005710512399673462,-0.005776369059458375,-0.02293074131011963,0.0062044141544197,0.686718225479126,0.6465679921209813,0.600635290145874,0.017797952666180984,80.0,110.84545135498047,50.831323409080504,17.644990921020508,21.841494077454556,-0.006932122931844786,0.6945363774485885,80.0,290.141887056619,580.311528504029,458,0.1622152328491211,221.7034912109375,101.68713083267212,35.31922149658203,43.67948857696305
0.03495533764362335,-0.005091591691598296,-0.029485290870070457,0.01140670006016991,0.8226524591445923,0.7758842602372169,0.7196956872940063,0.020596129987511372,80.0,195.63693237304688,54.93355395197868,7.413974285125732,42.956477200743734,-0.0069282118970586445,0.6947775584571063,80.0,272.2425607995689,544.5128730529696,459,0.1822514533996582,391.2901306152344,109.89280908107757,14.851741790771484,85.91121264685061
0.004930342547595501,-0.008683367329649628,-0.023805217817425728,0.006488715338721242,0.7469093799591064,0.6812278270721436,0.6175739765167236,0.024801328301600457,80.0,26.60007667541504,6.502170524001121,2.5186479091644287,4.099622641449963,-0.006970271202531875,0.6950584721155465,80.0,250.01923024040465,500.0663020613343,460,0.1738884449005127,53.213104248046875,13.035332477092743,5.073991775512695,8.193489887019867
0.007719622924923897,-0.0045001291204243895,-0.02047506533563137,0.005792562073067966,0.751750648021698,0.7027789190411567,0.6477319002151489,0.020318938394668924,80.0,121.64276885986328,32.58376578390598,3.6265783309936523,25.72751199448018,-0.006978848740371176,0.6954341884814202,80.0,233.17536254546047,466.3785912354142,461,0.1699976921081543,243.31735229492188,65.1905873298645,7.305543899536133,51.452610527109044
0.0062248967587947845,-0.007027783547528088,-0.02121596969664097,0.006486678956266651,0.8264690637588501,0.7786937728524208,0.7257842421531677,0.022258457916853432,80.0,17.382396697998047,4.198701153695583,1.027854323387146,3.5793663249623653,-0.007007887437299359,0.6960592540539801,80.0,219.07709681804477,438.18213024933647,462,0.1714026927947998,34.780609130859375,8.427031809091568,2.1014907360076904,7.152807269170424
0.0054987408220767975,-0.008699479675851763,-0.025393765419721603,0.007043676058684003,0.8094236850738525,0.7577182061970233,0.7124905586242676,0.019117291976039973,80.0,20.790529251098633,5.193729864060879,1.2579530477523804,4.399899139310418,-0.007069250768458006,0.6961053616665304,80.0,217.72338436597587,435.47482900245495,463,0.1729598045349121,41.592994689941406,10.420013117790223,2.582327365875244,8.79179565153734
0.015627972781658173,-0.010364423296414316,-0.036831922829151154,0.010475596605343451,0.749319851398468,0.703138605505228,0.6511343717575073,0.01927796985083878,80.0,39.88685989379883,8.632804268598557,1.312332034111023,8.216951817135605,-0.007115155563282315,0.6960019450373948,80.0,217.06536990034587,434.15888980831215,464,0.31479883193969727,79.78195190429688,17.300400072336195,2.691577672958374,16.423089352699044
0.0067964401096105576,-0.003127769875572994,-0.018663039430975914,0.005117996520024634,0.7666651010513306,0.7270423263311386,0.6905862092971802,0.01622617400182619,80.0,1475.800537109375,423.3218274950981,14.83215045928955,355.180191096087,-0.007091304290312109,0.6961075614281,80.0,221.1491396348477,442.32638380374027,465,0.26912593841552734,2951.622802734375,846.6644633293151,29.715614318847656,710.358608622725
0.014207020401954651,-0.004159010457806289,-0.020716190338134766,0.0056654367959171215,0.7075853943824768,0.6674509741365909,0.6282547116279602,0.01731913589363927,80.0,1796.4290771484375,404.7703578948975,15.147533416748047,372.8348363934551,-0.007047076608287169,0.6949201728515328,80.0,225.11878105598694,450.2655543872864,466,0.3394901752471924,3592.88134765625,809.5623772859574,30.318124771118164,745.669232607155
0.006607413291931152,-0.007182632997864857,-0.02550140954554081,0.007639688542653049,0.745036244392395,0.7032077826559544,0.6621267795562744,0.014992129818969442,80.0,82.29838562011719,32.000054579973224,6.121641635894775,13.531034252578678,-0.00702898225840181,0.6935315273664893,80.0,225.41781929512322,450.863566901803,467,0.3394336700439453,164.61143493652344,64.02853835821152,12.279807090759277,27.061220691366803
0.013700976967811584,-0.009649591171182692,-0.03193157538771629,0.009333557827189127,0.8023951649665833,0.7583975173532963,0.7227969169616699,0.016939316196181328,80.0,150.96998596191406,49.241563248634336,10.275524139404297,27.174501542909997,-0.0070357903563999565,0.6934498253799976,80.0,225.87508555451032,451.7781113950907,468,0.23163104057312012,301.9747314453125,98.51759285926819,20.57461929321289,54.34760897720659
0.005759960040450096,-0.006764688761904836,-0.022893894463777542,0.006911909359234657,0.6970792412757874,0.657524211704731,0.6223647594451904,0.01574765668840965,80.0,79.47059631347656,14.8327118486166,2.098435163497925,14.185093062226693,-0.006946159259416163,0.6928045242615043,80.0,225.9421318569481,451.9120118323265,469,0.19339585304260254,158.95384216308594,29.69210354089737,4.202698230743408,28.368194102659654
0.010407332330942154,-0.014270011777989566,-0.04060018062591553,0.012619433403686932,0.7509174942970276,0.6993610925972462,0.6540948152542114,0.020746275793271943,80.0,17.614639282226562,4.409241826832295,1.3287454843521118,3.2804717721248227,-0.006963816999748814,0.6921387757621704,80.0,225.94540200771388,451.91857413494574,470,0.24552106857299805,35.24420166015625,8.861010938882828,2.7227602005004883,6.54971233748622
0.022924233227968216,-0.009531587531091646,-0.02556883543729782,0.008343460519395208,0.7942922115325928,0.7496828772127628,0.7036093473434448,0.019618157615521062,80.0,25.518463134765625,5.859791016578674,1.9267587661743164,4.479557458998832,-0.006960495729930699,0.6919833886809645,80.0,225.97936661054933,451.98649358907346,471,0.3241848945617676,51.04888916015625,11.753638747334481,3.857961416244507,8.952922026567155
0.020804647356271744,-0.0095441035926342,-0.02923594042658806,0.009066945623704987,0.7697120904922485,0.725869907438755,0.6874725818634033,0.017989996620993265,80.0,7.156088829040527,2.376070486009121,0.512526273727417,1.4763037646574817,-0.006993947726790794,0.6921302854679523,80.0,225.78514057720452,451.5981113689244,472,0.3287065029144287,14.325580596923828,4.785746556520462,1.0640592575073242,2.944725494788777
0.008744433522224426,-0.008236920408671721,-0.02746502123773098,0.008608242799454043,0.79552161693573,0.7340577498078347,0.6812904477119446,0.02265088991200199,80.0,7.827887058258057,1.426341036707163,0.5161712765693665,1.354838638954628,-0.007039644815726206,0.6927207910381256,80.0,225.57429274211825,451.17651890617606,473,0.2783966064453125,15.670633316040039,2.8838370472192763,1.0792858600616455,2.7019775211492183
0.006535477936267853,-0.01299524586647749,-0.03594440594315529,0.01008164867709995,0.7913626432418823,0.7368727251887321,0.6995723247528076,0.01933031258603171,80.0,9.293160438537598,2.6769502624869346,1.0384554862976074,1.4898862644602502,-0.007108126487524715,0.6936762643717228,80.0,217.95075750789044,435.9296044247448,474,0.33423399925231934,18.601985931396484,5.3946284502744675,2.124027967453003,2.9699516538354636
0.008902590721845627,-0.00541123979492113,-0.02009040117263794,0.00641914153153651,0.7600443363189697,0.7169430024921895,0.680361270904541,0.01657835953162035,80.0,55.09210968017578,19.507850912213325,3.814112424850464,10.91986934361362,-0.007143821060599294,0.694056806731969,80.0,210.508125379324,421.0444193568528,475,0.33323144912719727,110.19609069824219,39.04086329936981,7.638729095458984,21.836434149141233
0.005402879789471626,-0.0014055605337489397,-0.008329465985298157,0.0027672409309596204,0.7332442402839661,0.6986424922943115,0.6576097011566162,0.015081004870866407,80.0,2731.01123046875,836.6938426733017,29.294034957885742,503.78711898507595,-0.007120164733205456,0.6941279058344663,80.0,218.09395324206355,436.2160290625394,476,0.3354802131652832,5462.04150390625,1673.4044566631317,58.60148239135742,1007.5740113791002
0.014629330486059189,-0.006174198735971003,-0.025819048285484314,0.009163784656127966,0.845996081829071,0.8031821124255657,0.7631403207778931,0.016461141323545116,80.0,242.24673461914062,68.675153529644,10.171785354614258,43.46590238379782,-0.007093397320131771,0.695453974869102,80.0,217.89871640431883,435.8255283763707,477,0.34224677085876465,484.5106506347656,137.3787190914154,20.372528076171875,86.9281045724182
0.009378785267472267,-0.004867802336229942,-0.023152871057391167,0.006598217998465311,0.8463852405548096,0.7991709798574448,0.756373405456543,0.01944641167680346,80.0,1578.3426513671875,497.10942301750185,55.39509963989258,329.85590648654784,-0.007059495266323212,0.6969231501631438,80.0,222.77411301925778,445.57628318819405,478,0.33167600631713867,3156.70947265625,994.2445653915405,110.82131958007812,659.7083326950612
0.02038094773888588,-0.005274962174007669,-0.01724180392920971,0.006969933639849717,0.7662228345870972,0.7204203777015209,0.6665837168693542,0.020125297498523022,80.0,2565.718994140625,789.8390316009521,80.92485046386719,495.20583640148095,-0.007013562919426477,0.6963636635951697,80.0,230.58363323611022,461.19522057625653,479,0.3193321228027344,5131.46337890625,1579.7030223846436,161.89041137695312,990.4090172575061
0.0069779083132743835,-0.008168272767215967,-0.02910769358277321,0.00797158067556899,0.737015962600708,0.6828682564198971,0.6245686411857605,0.021068914618929478,80.0,111.97248077392578,33.646297895908354,9.862658500671387,20.763891218999365,-0.00696404025607626,0.6942736107520758,80.0,230.88851061539353,461.804834492296,480,0.2575507164001465,223.9595947265625,67.3225900888443,19.747482299804688,41.52572052245357
0.005587374791502953,-0.004798005375778303,-0.022993873804807663,0.0064110432607176965,0.8086996078491211,0.7650390706956387,0.7099518179893494,0.021502677916267608,80.0,1075.4256591796875,375.70071744918823,33.11628723144531,258.21494049662846,-0.006966228679084453,0.6940685774721206,80.0,234.3209717652649,468.6697570894659,481,0.3583486080169678,2150.88525390625,751.4263337135314,66.2525405883789,516.4306293041328
0.0011316873133182526,-0.008419712743489072,-0.02795472927391529,0.007483505405577939,0.6948758959770203,0.6461483135819435,0.5957621932029724,0.02028196862452022,80.0,132.9247283935547,48.42179689407349,19.85191535949707,24.257712515737914,-0.006902172267989955,0.6933191770277917,80.0,231.51339380620422,463.05445807012916,482,0.35777902603149414,265.86248779296875,96.8733558177948,39.73533630371094,48.50659928904838
0.014819037169218063,-0.007994601043174043,-0.028564997017383575,0.008837579802821443,0.7933960556983948,0.731487400829792,0.69376540184021,0.02178978917582762,80.0,18.93943214416504,9.556833562254905,3.7214624881744385,3.445209269516414,-0.0069712806228490075,0.6941671597249806,80.0,217.20590158732233,434.43962874493,483,0.33276796340942383,37.891197204589844,19.144286108016967,7.488208770751953,6.884244608699857
0.018332701176404953,-0.007182040915358812,-0.02556246519088745,0.008359528675369708,0.7981967926025391,0.7669044390320778,0.718250036239624,0.01742510274917211,80.0,46.829898834228516,19.014384013414382,6.377941608428955,8.629369011055825,-0.007012903699273011,0.6961114497669041,80.0,196.84502381147445,393.71799528178565,484,0.3397085666656494,93.68855285644531,38.0584703207016,12.795860290527344,17.258393487149903
0.00877760536968708,-0.010265483619878068,-0.03926249220967293,0.00950464629218875,0.793908953666687,0.7493749119341373,0.696999728679657,0.01972881028597795,80.0,16.995508193969727,4.6838823586702345,1.2123241424560547,3.7528347713371195,-0.0070877927491383155,0.6967143208719792,80.0,189.6428439029902,379.3137973685263,485,0.33997321128845215,34.005584716796875,9.403283205628394,2.421949863433838,7.497726512190041
0.012620192021131516,-0.007545913360081613,-0.033323053270578384,0.01066377860496367,0.8778671026229858,0.8359383508563042,0.7942221164703369,0.016505830346509816,80.0,53.734981536865234,13.983711099624633,4.865664958953857,8.753099802669334,-0.007114423267921666,0.6988295799680055,80.0,189.06208589069544,378.15237690162655,486,0.34282422065734863,107.486083984375,27.999232816696168,9.77598762512207,17.498642765064297
0.016740798950195312,-0.004866755317198113,-0.02138614095747471,0.007833886984971991,0.8152230978012085,0.7647744499146938,0.7276706695556641,0.018639913051434236,80.0,43.77545928955078,12.667937067151069,2.8269808292388916,7.376799759688963,-0.007110530097357696,0.6997457337640226,80.0,188.81709248919785,377.66240063643454,487,0.33342432975769043,87.5772476196289,25.360903239250185,5.6715545654296875,14.751801138511974
0.020798329263925552,-0.006786882149754092,-0.029944628477096558,0.00892193599219726,0.8408838510513306,0.794147739559412,0.75160151720047,0.015781977597264702,80.0,9.531804084777832,3.299009254574776,1.2244040966033936,1.8122895792989766,-0.0071154894341889305,0.7010121860839428,80.0,188.52049538944658,377.06924169003963,488,0.3334507942199707,19.07978057861328,6.627475249767303,2.4770312309265137,3.619439336220217
0.023529650643467903,-0.006874437985243276,-0.02628481574356556,0.009813791964807571,0.7601972222328186,0.7228507280349732,0.6736783981323242,0.016532755788186113,80.0,1032.532958984375,352.3752225518227,12.706247329711914,263.8029853552735,-0.007098411099315852,0.7010085430331529,80.0,191.97051979137956,383.9692562487721,489,0.3372786045074463,2065.07470703125,704.7786494731903,25.39118003845215,527.6068078662814
0.004659803584218025,-0.0044524981232825665,-0.016671862453222275,0.004553720407270193,0.7593139410018921,0.7097991824150085,0.6526145935058594,0.023094588191789483,80.0,1053.54248046875,331.009502184391,11.085671424865723,268.6601796532277,-0.00704635910197976,0.6996356912367047,80.0,195.2367930058986,390.50167115309836,490,0.33541417121887207,2107.107177734375,662.0421089887619,22.203569412231445,537.3186368202574
0.014925053343176842,-0.005309845291776583,-0.023160871118307114,0.007982317965244902,0.7503557205200195,0.7144362151622772,0.6727924346923828,0.018002168982254336,80.0,29.197036743164062,8.832379266619682,2.706437826156616,4.467925728475631,-0.007038477834459627,0.6991567171402275,80.0,195.30780278924107,390.64366537860036,491,0.3330047130584717,58.40760803222656,17.689667028188705,5.438417434692383,8.93252264981529
0.007200464606285095,-0.013656906236428767,-0.03896826133131981,0.009942380114817424,0.7600776553153992,0.7134615316987037,0.6434119939804077,0.023845935746736602,80.0,45.02018737792969,13.654433196783065,4.5172038078308105,7.180800075812491,-0.00708928823735914,0.698516753759235,80.0,195.3942624924332,390.8166736048161,492,0.3369574546813965,90.05491638183594,27.350449335575103,9.082235336303711,14.350354144360363
0.01162257045507431,-0.011609602818498387,-0.0313740000128746,0.009572990055892834,0.7313500642776489,0.6889770060777665,0.6525139808654785,0.015861354782052094,80.0,65.79931640625,15.219191825389862,2.3427090644836426,10.30773730990967,-0.007159892373165348,0.6986900443620979,80.0,195.492271670863,391.01283663168545,493,0.3366377353668213,131.6095733642578,30.475382047891618,4.718509197235107,20.6081194444291
0.016937699168920517,-0.006173757667420432,-0.027338936924934387,0.007917056896716323,0.801161527633667,0.7465460307896137,0.6938316226005554,0.01849633740262848,80.0,19.17854881286621,7.33298274576664,2.8163697719573975,3.2725868414217945,-0.007122847412741976,0.6987038210444152,80.0,195.51565226136893,391.0595239973664,494,0.34746384620666504,38.37161636352539,14.693243861198425,5.64493465423584,6.5408681795266705
0.004490874707698822,-0.013397078262642026,-0.029519321396946907,0.007935509036339846,0.7815772294998169,0.7368814505636692,0.699831485748291,0.01499485710843203,80.0,28.65870475769043,6.894871391355991,1.784460425376892,4.968527796144801,-0.007151202511537122,0.6983601217605174,80.0,195.55049978911873,391.129268889308,495,0.3371083736419678,57.331722259521484,13.831274601817132,3.626455783843994,9.934199609989653
0.003417491912841797,-0.012177708721719683,-0.040680550038814545,0.009222261625575615,0.7968082427978516,0.7642637342214584,0.7187092900276184,0.016305031358181257,80.0,8.405196189880371,2.9824191719293593,0.839475154876709,1.51222962373197,-0.007237127166445133,0.6994437749423088,80.0,195.33510480710862,390.698672451377,496,0.3302130699157715,16.832752227783203,6.004479014873505,1.7758598327636719,3.0145333756505988
0.006998812314122915,-0.008780793560435995,-0.025975478813052177,0.007885964425588142,0.8177865147590637,0.7899297311902046,0.7506306171417236,0.013559034366639664,80.0,85.50299835205078,14.068049950897693,1.1967800855636597,18.741951038184894,-0.007225096071633742,0.7009947443641722,80.0,195.42818113102018,390.8848320597709,497,0.32201433181762695,171.0222930908203,28.1694603741169,2.4359846115112305,37.47626199791618
0.009636156260967255,0.0002465689380187541,-0.008672196418046951,0.0036758651341286075,0.7338614463806152,0.6986644305288792,0.6634236574172974,0.01722657581263549,80.0,2652.7919921875,853.1729162216186,202.75827026367188,550.5950911540252,-0.00722284183136071,0.7020881449989973,80.0,190.89335434974728,381.8151958283485,498,0.34035348892211914,5305.60546875,1706.3593040466308,405.51605224609375,1101.1904124320051
0.002494928427040577,-0.003035623935284093,-0.01406654343008995,0.0036193220098569507,0.738007664680481,0.7043777644634247,0.6679931879043579,0.015541736626612963,80.0,3914.78857421875,2417.162767791748,975.5451049804688,633.1517976408896,-0.007176434801454888,0.7030946151949464,80.0,214.76551697231832,429.5594483262599,499,0.3395206928253174,7829.59375,4834.345687866211,1951.117919921875,1266.3015216176784
0.0026808232069015503,-0.005068355496041477,-0.026592861860990524,0.006117222118563185,0.7029404640197754,0.6741997547447681,0.6461154222488403,0.013298293296191269,80.0,1994.8345947265625,967.4358505249023,484.3430480957031,266.011930855974,-0.007150766580307389,0.7034636721424757,80.0,224.2924933823496,448.6133572702706,500,0.33900976181030273,3989.6826171875,1934.895329284668,968.7055053710938,532.0209922670635
0.008760757744312286,-0.005321554624242708,-0.020954854786396027,0.0061796269263750606,0.7772203087806702,0.7309667468070984,0.6911903619766235,0.01914944505990091,80.0,1615.7294921875,826.0704526901245,247.19309997558594,309.1412877366385,-0.007131514961016363,0.7048041586838663,80.0,232.45635072602335,464.9410603107512,501,0.33754634857177734,3231.474853515625,1652.1661724090577,494.4001770019531,618.2801758371969
0.002037718892097473,-0.0030694367655087263,-0.01573445461690426,0.0037963285582882926,0.6950486302375793,0.6556160986423493,0.6190112829208374,0.01739401501439182,80.0,2018.021484375,714.517876815796,124.47916412353516,392.1249037510954,-0.007143347013858147,0.7054802985824645,80.0,239.53687536820772,479.1021467236579,502,0.3386046886444092,4036.059326171875,1429.0549989700316,248.97061157226562,784.2483139200112
0.009075382724404335,-0.007905260182451457,-0.038583844900131226,0.008750996884949541,0.6992738246917725,0.6595868036150933,0.6197633743286133,0.019488544671810566,80.0,91.33724212646484,23.985259783267974,9.005629539489746,18.06596512014138,-0.007129296843311748,0.7042239247076213,80.0,239.7300855750293,479.4885139048994,503,0.33574509620666504,182.6878662109375,47.9995213508606,18.022245407104492,36.12506971914346
0.0037930645048618317,-0.003415440284879878,-0.01673201099038124,0.004273846022863652,0.7203746438026428,0.6635157458484173,0.6204989552497864,0.017975749073741384,80.0,1017.0186767578125,303.4481993198395,10.583059310913086,239.1276572311364,-0.007027704449254086,0.7021885991804302,80.0,242.74496727057547,485.51803338174517,504,0.33598923683166504,2034.057861328125,606.9164975643158,21.198165893554688,478.25310389518836
0.018988624215126038,-0.003175947506679222,-0.02384195104241371,0.0066611326959160385,0.7313413023948669,0.6863474421203136,0.645266056060791,0.01767834655766496,80.0,452.6536865234375,96.70463194847108,36.73880386352539,63.12626656196677,-0.006978345565323252,0.7013452446348966,80.0,243.37657110210512,486.7811254551857,505,0.34131360054016113,905.3219604492188,193.42934198379515,73.50270080566406,126.25141398299115
0.010435644537210464,-0.008762657531769946,-0.030133835971355438,0.009003093498755726,0.764057457447052,0.7155589908361435,0.6764042973518372,0.02106338779790535,80.0,23.719676971435547,7.288585105538369,2.7213845252990723,4.564036110381705,-0.006956304904830176,0.7012258681096136,80.0,243.03752301739902,486.10298281376055,506,0.3223910331726074,47.45360565185547,14.609006679058075,5.498157501220703,9.120228248381462
0.019691310822963715,-0.0086541420314461,-0.031330663710832596,0.010837009951121438,0.7264820337295532,0.6795755863189697,0.6403047442436218,0.020787088734165078,80.0,47.070159912109375,10.170662915706634,2.8656582832336426,7.834953819841169,-0.0070236147759133016,0.7019931287355721,80.0,230.55279581867904,461.1336782620996,507,0.3411722183227539,94.15473937988281,20.372225612401962,5.779788494110107,15.662896389872063
0.011461116373538971,-0.006451321393251419,-0.027642764151096344,0.0068261470651341085,0.721002995967865,0.6831118315458298,0.636015772819519,0.017297979724298484,80.0,21.41602897644043,5.039803916215897,1.0870916843414307,4.117940407382038,-0.007058747686154675,0.7028878078572453,80.0,212.8846876551435,425.797550337091,508,0.28592562675476074,42.84663391113281,10.106172648072242,2.2126235961914062,8.230753302624175
0.011316094547510147,-0.010485292761586607,-0.03310876339673996,0.011485505977556942,0.76152503490448,0.7107388094067574,0.656287431716919,0.02412983478931914,80.0,27.201648712158203,7.358236266672611,1.6135953664779663,5.24738667832844,-0.007129715500690509,0.7033828930296004,80.0,206.43878685874495,412.905900661692,509,0.22948551177978516,54.41990661621094,14.751657864451408,3.2428324222564697,10.486919911324351
0.01502593606710434,-0.005606751173036173,-0.03382904827594757,0.008869258497880148,0.7990715503692627,0.7691419623792172,0.7407463788986206,0.01247050349536804,80.0,98.59302520751953,32.784912437200546,6.2863359451293945,19.52667449455067,-0.007148509652528446,0.7052453952468934,80.0,206.13913082254675,412.30666343294087,510,0.26067662239074707,197.20191955566406,65.59642111063003,12.604400634765625,39.046288610511795
0.006261005997657776,-0.006871719530317932,-0.02492617443203926,0.007032983841200789,0.7223210334777832,0.6956325121223926,0.6562674045562744,0.014098978925307317,80.0,118.27529907226562,26.938822317123414,5.807867527008057,22.67254022703292,-0.007143335966742599,0.7067952287346125,80.0,206.31542005471138,412.65926255093507,511,0.291670560836792,236.5662384033203,53.90530110597611,11.660686492919922,45.340423247417796
0.010778197087347507,-0.004117732832673937,-0.015276603400707245,0.0043370638244463475,0.7551217675209045,0.7136902578175068,0.6810283660888672,0.018282387610580174,80.0,980.4242553710938,291.716351878643,7.808310508728027,236.95009479304565,-0.007119882467901334,0.7063893413469197,80.0,209.03096779248858,418.0903029819578,512,0.3336000442504883,1960.877685546875,583.4552112221718,15.638413429260254,473.9015951195843
0.0018807463347911835,-0.0034894928976427764,-0.014579087495803833,0.0035924408491334356,0.73233962059021,0.6907591193914413,0.6574264764785767,0.017759636054157896,80.0,897.2910766601562,262.8923908352852,6.860236167907715,204.3420193560099,-0.007075167655770201,0.7043662079870701,80.0,211.5559158586636,423.140069248721,513,0.3385281562805176,1794.603515625,525.8055784225464,13.743492126464844,408.6815016753356
0.018120501190423965,-0.004932780656963587,-0.02505752071738243,0.007275930953726469,0.701424241065979,0.6562483452260495,0.6168748140335083,0.018964357189732363,80.0,33.055782318115234,12.543572497367858,3.4984500408172607,6.860276558047953,-0.007084503516554831,0.7014349239617585,80.0,211.61314536804704,423.25448831237844,514,0.33727145195007324,66.12483215332031,25.110135436058044,7.036391258239746,13.716720017613289
0.028676845133304596,-0.0068656316841952504,-0.02988148108124733,0.010773210939670782,0.7371582984924316,0.7011528119444848,0.6546664237976074,0.016056444542097266,80.0,127.9400863647461,30.653650802373885,2.703554153442383,24.371994419667203,-0.00709957661991939,0.6996562170162797,80.0,211.87238584362717,423.77296383573116,515,0.3333740234375,255.894287109375,61.335055959224704,5.415566444396973,48.739708719413514
0.03324894234538078,-0.005392542434856295,-0.0233098566532135,0.010718025084007597,0.6891852617263794,0.6585308447480201,0.6267341375350952,0.013698744588008944,80.0,105.12577819824219,24.608811601996422,1.6333434581756592,21.738561765535962,-0.007092385588213801,0.6988266493529081,80.0,212.04971112776548,424.12758342520885,516,0.3346738815307617,210.26734924316406,49.24157840013504,3.29921293258667,43.47835182607815
0.001593276858329773,-0.011992760695284233,-0.040050022304058075,0.00851689488051968,0.7338902950286865,0.69924953058362,0.6652132272720337,0.01594925436157793,80.0,17.993976593017578,4.2070145167410375,0.9451526999473572,3.4619453390153643,-0.007130244762578513,0.6983320197090506,80.0,212.02513452751936,424.07849605131145,517,0.3391087055206299,36.002132415771484,8.451999588310718,1.9716922044754028,6.915822252989997
0.00956292636692524,-0.006534850521711632,-0.021260706707835197,0.0066550051733234375,0.790314793586731,0.7591646566987038,0.7285534143447876,0.013886489212901941,80.0,15.112287521362305,5.418777975440025,1.548048734664917,2.6437093682255184,-0.007066363668942358,0.6990023868829011,80.0,212.02574288280306,424.0795984057933,518,0.3399510383605957,30.239654541015625,10.865808883309365,3.140899658203125,5.284993711515764
0.013563819229602814,-0.008175862836651504,-0.03202856704592705,0.008000152578407532,0.7447701096534729,0.7122697025537491,0.6681195497512817,0.01702250889255974,80.0,16.834489822387695,3.856203541904688,0.8365604877471924,3.034389782514755,-0.007061374102777337,0.6993802160099147,80.0,211.93509359350057,423.8982974027694,519,0.3323178291320801,33.68357849121094,7.743004210293293,1.69577157497406,6.062441626104528
0.015414495021104813,-0.0036144555546343327,-0.02606973797082901,0.007652405316525635,0.7832876443862915,0.748484344035387,0.7149070501327515,0.015096250188908207,80.0,195.11373901367188,97.10144333839416,11.08311653137207,42.23570804099844,-0.007037805756379385,0.70113581674546,80.0,212.83377354922143,425.69564529648414,520,0.4543581008911133,390.2437438964844,194.2250859260559,22.19438934326172,84.46817383790345
0.0008773449808359146,-0.004996169282821939,-0.01904372312128544,0.004547217108085268,0.7253207564353943,0.6890168204903603,0.6634640693664551,0.013306728896706414,80.0,51.7613410949707,13.830388963222504,4.640815258026123,10.186706804542586,-0.00708481618895894,0.7028838992007078,80.0,205.92580311777442,411.87983333626386,521,0.3298020362854004,103.536865234375,27.684550476074218,9.308786392211914,20.368890501883563
0.006016682833433151,-0.0037004810583312064,-0.018303027376532555,0.004971222509841397,0.6932698488235474,0.6534752517938613,0.6217333078384399,0.015840125473320612,80.0,1383.521484375,571.722636270523,57.72969436645508,278.73280748526423,-0.007106684753787704,0.7035929469726981,80.0,203.62979959251734,407.28788411751384,522,0.417356014251709,2767.068359375,1143.465731048584,115.48345947265625,557.4644380570554
0.025144051760435104,-0.011400591157143935,-0.031093671917915344,0.011325966855772997,0.7311054468154907,0.689203005284071,0.6462026834487915,0.018911379883356696,80.0,555.1563720703125,284.2486417770386,63.547882080078125,111.13464689686525,-0.007188798006041908,0.7050221058465541,80.0,205.4480581443533,410.9245940350591,523,0.3429524898529053,1110.326171875,568.5338685035706,127.15457916259766,222.2659059132826
0.005022857338190079,-0.0028489018674008547,-0.020577697083353996,0.004499977539645788,0.7631174325942993,0.7254387341439724,0.6971603035926819,0.013118213199538766,80.0,1118.3734130859375,309.4685323238373,47.269874572753906,192.6265462693412,-0.007138273574411869,0.7062321019135418,80.0,208.25776833599062,416.54393754407755,524,0.34535646438598633,2236.761962890625,618.9572684288025,94.57687377929688,385.2519703125653
0.006130365654826164,-0.004600601707352325,-0.022085964679718018,0.00547956297707357,0.6684325933456421,0.6254770003259182,0.5991045832633972,0.014744142488724181,80.0,861.8945922851562,279.90985548496246,19.980228424072266,199.2259675082918,-0.007117376726469956,0.7062333154343069,80.0,210.9626487607583,421.953656630367,525,0.3372657299041748,1723.801513671875,559.8414224147797,39.99778366088867,398.4502794635204
0.001422494649887085,-0.0032634765491820874,-0.015279434621334076,0.0037402156935211445,0.727688193321228,0.6802934587001801,0.6479093432426453,0.015485568117656662,80.0,724.0325317382812,225.80878919363022,8.940325736999512,185.0408516016209,-0.007095136242394801,0.7071212654598057,80.0,213.15870176649838,426.3457359118461,526,0.18761944770812988,1448.0787353515625,451.6377103328705,17.91281509399414,370.0797406712001
0.00291646271944046,-0.004192045016679913,-0.015453360974788666,0.004355280216326072,0.7328858375549316,0.7018813744187355,0.6598801016807556,0.015056303349477941,80.0,781.8347778320312,226.83138139247893,13.85064697265625,192.65942942591843,-0.00701278500095941,0.7061568688638508,80.0,215.38864092121275,430.80543022727966,527,0.19647598266601562,1563.6888427734375,453.6851841211319,27.741531372070312,385.31558099810906
0.010339921340346336,-0.006873676017858088,-0.02040076069533825,0.007022087824876901,0.7095678448677063,0.6853449203073978,0.6447503566741943,0.015050547415122077,80.0,61.394935607910156,11.940117511153222,3.3460450172424316,9.174222382044388,-0.007019374503812288,0.7052463329844175,80.0,215.459138818793,430.9464209899902,528,0.19748830795288086,122.80342102050781,23.907689213752747,6.727414131164551,18.34268230050693
0.0069615282118320465,-0.012377336446661502,-0.029619483277201653,0.009219354265079907,0.7757585048675537,0.7335676901042462,0.6972489356994629,0.01677502255967733,80.0,61.55268096923828,18.869252589344978,3.781067132949829,13.075578400157056,-0.007051284296205267,0.7053092119209468,80.0,215.46006892644616,430.94834628623727,529,0.19495797157287598,123.11967468261719,37.77793117761612,7.629993438720703,26.14055907800413
0.009849060326814651,-0.009741848427802324,-0.024029254913330078,0.0074598466376966524,0.7626457214355469,0.6975988619029522,0.672704815864563,0.0178604414928673,80.0,46.329490661621094,17.176187646389007,5.620676517486572,8.59445240409934,-0.007061067228321917,0.7051629635207354,80.0,215.40602863850447,430.8402823514342,530,0.18307018280029297,92.66983032226562,34.385810947418214,11.295042037963867,17.18206551173371
0.009074250236153603,-0.011997801205143332,-0.03366987407207489,0.008950838016933202,0.7627068758010864,0.7258886612951756,0.6898292303085327,0.013908665810972614,80.0,28.170692443847656,4.815641620755196,1.3370028734207153,4.104993511127348,-0.007129246610333212,0.70541669492051,80.0,202.8714839247987,405.77133454999324,531,0.3312344551086426,56.35460662841797,9.669796577095985,2.733140468597412,8.202520389531834
0.035091694444417953,-0.004608743742574006,-0.024956487119197845,0.011581391648339871,0.8198204040527344,0.7751633726060391,0.7373398542404175,0.018084867758725375,80.0,59.655460357666016,15.690052700042724,3.525312662124634,10.987102075651384,-0.007150647138070783,0.7071900290809572,80.0,191.3534460953996,382.73533692094685,532,0.3364999294281006,119.3266372680664,31.404826366901396,7.1132707595825195,21.968223778783333
0.009649565443396568,-0.0047710829298011955,-0.02343623712658882,0.006877451841479365,0.8075032234191895,0.774479865282774,0.7427875995635986,0.012120954393414369,80.0,131.30340576171875,23.625307315587996,1.4593267440795898,28.825934901810058,-0.007148180670745206,0.7088569326438009,80.0,185.4361863540337,370.90084588104486,533,0.32926154136657715,262.6351013183594,47.27564671933651,2.970893144607544,57.65003130669478
0.028236769139766693,-0.007552135700825602,-0.031645119190216064,0.010704875312258501,0.8325337171554565,0.7967974439263343,0.7649024724960327,0.01621330053340413,80.0,736.1279907226562,216.64934201240538,8.051438331604004,185.6845493733512,-0.0071773039915133275,0.7106663935668768,80.0,181.23386717116094,362.49630191236736,534,0.45296454429626465,1472.287109375,433.32972226142886,16.10286521911621,371.36418640705455
0.003279905766248703,-0.005057867238065228,-0.0157920029014349,0.004097551431779713,0.7652794122695923,0.7119773842394352,0.669887900352478,0.017885247108379777,80.0,847.9071655273438,205.29636306166648,7.219021320343018,156.2504953886907,-0.007188925593392924,0.7120091489814222,80.0,182.83732103233785,365.7032597591282,535,0.30966925621032715,1695.8326416015625,410.61708387136457,14.473570823669434,312.4984711970505
0.013345140963792801,-0.010696556244511157,-0.03226671740412712,0.00945507014096739,0.7564248442649841,0.7197043873369694,0.6783415675163269,0.017414961215016275,80.0,29.44454002380371,9.408489647507668,3.2872517108917236,6.537135240401858,-0.007232724805478938,0.7123486430831254,80.0,182.70207235219328,365.43285678601274,536,0.30846452713012695,58.90420913696289,18.852766555547714,6.627997875213623,13.065078840214701
0.016389792785048485,-0.008387287985533476,-0.028083577752113342,0.009845582603313651,0.7640554904937744,0.7307532593607903,0.6827545166015625,0.017244278317325012,80.0,44.69352340698242,14.221588337421418,4.558907508850098,8.611459149744695,-0.00725265969033353,0.7125186516083778,80.0,182.64643866302816,365.3216326799393,537,0.4699094295501709,89.39995574951172,28.474566328525544,9.166525840759277,17.216771875099507
0.013310632668435574,-0.005328309669857844,-0.024644987657666206,0.008045431127453116,0.7353005409240723,0.7051800489425659,0.6720682382583618,0.011694851189661898,80.0,36.30181884765625,10.078471085429191,2.7895772457122803,7.1506673754738825,-0.007177812012087088,0.7123293481357397,80.0,182.7015104776695,365.43162282809624,538,0.33620357513427734,72.61712646484375,20.18170239329338,5.642696380615234,14.296632758632231
0.01693025790154934,-0.01149766577873379,-0.03546706214547157,0.010014627674258285,0.7345430254936218,0.6973965801298618,0.6677677035331726,0.01404961751803212,80.0,14.502314567565918,3.47550305724144,0.7174057960510254,2.904889184488158,-0.007126625304867047,0.711066223513335,80.0,182.6719589205161,365.372392077759,539,0.33629679679870605,29.020610809326172,6.987949334084988,1.4909712076187134,5.798770104562179
0.007138609886169434,-0.01322377691976726,-0.03527660667896271,0.01005404979044458,0.7630417346954346,0.7160724125802517,0.6795171499252319,0.016119585326037474,80.0,24.07721710205078,8.314806477725506,1.758266806602478,4.435690849191315,-0.007183470066229348,0.7110713340900838,80.0,182.71812770982834,365.4648434474618,540,0.3309495449066162,48.181640625,16.670381939411165,3.5596232414245605,8.864272186806856
0.008773468434810638,-0.01171741095604375,-0.028282999992370605,0.010119690563342774,0.8054416179656982,0.7579762443900109,0.6986905932426453,0.02293836505421602,80.0,26.06320571899414,4.306598418951035,0.8157380819320679,5.657176058720365,-0.007236455577833113,0.7118009023182092,80.0,182.66951438339802,365.3677373553664,541,0.336367130279541,52.13824462890625,8.651791173219681,1.6626875400543213,11.302887370646607
0.009334839880466461,-0.006066563038621098,-0.0241500623524189,0.0075263098804011185,0.852202296257019,0.8074645601212979,0.7711832523345947,0.014307161645249875,80.0,136.57481384277344,19.472366560995578,1.646052360534668,27.368387300874094,-0.007244677457318175,0.7134562259279191,80.0,182.8054173310772,365.63959279815856,542,0.3256099224090576,273.166748046875,38.973015227913855,3.3181686401367188,54.73183636443007
0.006306540220975876,-0.009356896707322449,-0.0307961143553257,0.00927734031269747,0.7888082265853882,0.7538016743957996,0.7253004312515259,0.012828677784382445,80.0,27.702980041503906,8.032392317056656,2.64194917678833,5.1296245268453955,-0.007335758798348251,0.7155834295861422,80.0,173.58641632691774,347.201815491423,543,0.3363773822784424,55.42523193359375,16.098574525117876,5.324669361114502,10.249368214563683
0.0019512977451086044,-0.0032319247664418073,-0.010575948283076286,0.0028978409024005888,0.7481198310852051,0.7071698904037476,0.6669504642486572,0.015649405546731648,80.0,1012.6422119140625,371.30678342580796,10.448951721191406,212.75576264702855,-0.007281939825799781,0.7165706916935741,80.0,177.10113940099632,354.2311737236828,544,0.33501243591308594,2025.2996826171875,742.6341715097427,20.933334350585938,425.50952910517856
0.007518112659454346,-0.0061792942113243045,-0.019516073167324066,0.006392361412228842,0.7299449443817139,0.6974649675190449,0.6615859270095825,0.015883618029807676,80.0,71.66692352294922,28.107565557956697,11.539583206176758,13.16991410681233,-0.007243952265765985,0.7169724863879382,80.0,177.250001588054,354.5288301554769,545,0.4134218692779541,143.34722900390625,56.241438722610475,23.109535217285156,26.335746393955866
0.00584154250100255,-0.003748778661247343,-0.017530158162117004,0.005184462667312587,0.7365300059318542,0.6972843542695045,0.6573606729507446,0.015521096045041432,80.0,623.9065551757812,186.45732567310333,11.397149085998535,133.805844889474,-0.0072256536372588024,0.7184721713364124,80.0,179.02946043106166,358.087741256401,546,0.313709020614624,1247.8262939453125,372.93609635829927,22.799604415893555,267.61113696862935
0.005590848624706268,-0.005613279173849151,-0.021003112196922302,0.006051366643076067,0.7598716020584106,0.7224156513810158,0.6829611659049988,0.014336740339298937,80.0,671.1505126953125,187.38713406324388,15.660529136657715,144.4500426620023,-0.00720327296620235,0.7182983522787688,80.0,180.86147774393106,361.7517276601345,547,0.3183753490447998,1342.330078125,374.7999445438385,31.331924438476562,288.8954386149239
0.011671198531985283,-0.005204479192616418,-0.021367564797401428,0.0057916510218172365,0.6952641010284424,0.65810736566782,0.6258437633514404,0.01635962470272321,80.0,872.7241821289062,165.35663331747054,8.278871536254883,153.65057032635147,-0.007103261637385005,0.7180702522993085,80.0,182.44351103816177,364.9155896480531,548,0.30704641342163086,1745.46142578125,330.73683619499207,16.607101440429688,307.29871348867186
0.0048281364142894745,-0.005189863539999351,-0.024827953428030014,0.005527841685687575,0.7430911064147949,0.6799024298787117,0.627022385597229,0.02216562316698414,80.0,510.9232177734375,168.55967092514038,10.659514427185059,142.63158269662406,-0.007004898611514364,0.717190413072705,80.0,184.11029849408567,368.24895024319005,549,0.3096914291381836,1021.8614501953125,337.1433202266693,21.328590393066406,285.2597707955269
0.009460974484682083,-0.008061729982728139,-0.02573138289153576,0.007033534947128881,0.7366849184036255,0.7042741984128952,0.6677089929580688,0.01573125594114549,80.0,26.86998176574707,6.616703069210052,2.735135078430176,4.5207884948379835,-0.007012374164361973,0.7168390568569301,80.0,184.15070509120073,368.3297713609487,550,0.20389270782470703,53.752899169921875,13.263615036010743,5.4976582527160645,9.035554642395867
0.011331436224281788,-0.010039555944968016,-0.02951154112815857,0.00969322056475847,0.7781591415405273,0.7342521004378796,0.6877083778381348,0.018166780630470645,80.0,29.30924415588379,9.417344570159912,2.2455358505249023,5.24575525383459,-0.007030083214165643,0.7168277465626596,80.0,184.16070727463813,368.3498109201939,551,0.20917820930480957,58.618431091308594,18.86945328116417,4.564690589904785,10.484685577462152
0.06802767515182495,0.003505210054572672,-0.028920285403728485,0.016953118409820923,0.7400180101394653,0.6942244656383991,0.6547362804412842,0.02021090213808325,80.0,565.4585571289062,139.556254196167,33.06047821044922,115.99914128272233,-0.0068208956221933485,0.7170587261617182,80.0,185.5091432787403,371.04626916544146,552,0.2106940746307373,1130.940185546875,279.1193818092346,66.12959289550781,231.9916952927064
0.006234779953956604,-0.009480972698656841,-0.02709764800965786,0.007431007233587424,0.751746416091919,0.6943163491785527,0.6405656337738037,0.022907084308488982,80.0,81.83444213867188,35.01032719612122,7.72056770324707,17.161566369776985,-0.006865727597963996,0.716695185534656,80.0,175.94571961703147,351.91950423328586,553,0.21567034721374512,163.67544555664062,70.05350251197815,15.498186111450195,34.31998221241902
0.021481283009052277,-0.012208601998281665,-0.040622301399707794,0.011630339334891066,0.8021970987319946,0.7642668567597866,0.7000864148139954,0.01699791627768146,80.0,46.19537353515625,8.374766360223294,1.3850773572921753,8.459951982838632,-0.006896259582834319,0.71687634960562,80.0,175.58438714373852,351.1969039652199,554,0.21280479431152344,92.40586853027344,16.789235144853592,2.8666563034057617,16.9098524350053
0.004908718168735504,-0.010830112546682358,-0.03260425850749016,0.008780624499821327,0.8487555980682373,0.8152996800839901,0.7791366577148438,0.013119192802555388,80.0,26.058561325073242,6.852213332057,1.923114538192749,4.7072008845074675,-0.0069783330484060576,0.7189173911064864,80.0,164.22942936525496,328.4871934722216,555,0.20961260795593262,52.132469177246094,13.742392930388451,3.91996169090271,9.406817516983915
0.0075235068798065186,-0.003277520969277248,-0.021426904946565628,0.005434264453341875,0.8071578145027161,0.7590916819870472,0.7126648426055908,0.017123904727639968,80.0,668.3697509765625,156.44558291435243,8.415307998657227,150.2576167728982,-0.006982720333209727,0.7197562321498989,80.0,160.82310572061687,321.6745717469007,556,0.18634891510009766,1336.755126953125,312.9129025220871,16.87961196899414,300.5113460533102
0.006967533379793167,-0.012112004455411806,-0.03170611336827278,0.010093752573879837,0.8095555305480957,0.7829315066337585,0.7458809614181519,0.014451747877268816,80.0,44.0704231262207,14.310149466991424,3.096729278564453,7.056497546158812,-0.007058219438244123,0.7199920285791159,80.0,156.00988237140325,312.04828072680533,557,0.16709136962890625,88.15625762939453,28.660181456804274,6.26655912399292,14.106104933183484
0.0049823373556137085,-0.006175416219048202,-0.0365682989358902,0.006804103091149409,0.8209350109100342,0.783400721848011,0.7362586259841919,0.0168877700344377,80.0,809.233642578125,146.21210252046586,7.944531440734863,129.03198794743443,-0.007062209909840022,0.7213603558763864,80.0,156.9636901625171,313.9559316862971,558,0.1736130714416504,1618.483154296875,292.45222678184507,15.946025848388672,258.05940649892915
0.01936778984963894,-0.00531028276309371,-0.025851577520370483,0.007387768091493084,0.7909961938858032,0.7373068317770958,0.6912410259246826,0.018324226877165107,80.0,124.43092346191406,20.062755876779555,4.497158050537109,19.66497417154945,-0.007064396820554975,0.7209745815917848,80.0,156.61498218176513,313.25851237918437,559,0.20700454711914062,248.87615966796875,40.1508783698082,9.02316665649414,39.32555653786333
0.009523339569568634,-0.009790690965019166,-0.025939883664250374,0.00768046428924277,0.7428345680236816,0.7045534603297711,0.6693525910377502,0.016833380961273025,80.0,30.67221450805664,7.580901391804218,1.654659390449524,5.740704751541875,-0.007075470056908672,0.7212078379243612,80.0,156.62576949044316,313.2801138059944,560,0.2183537483215332,61.364952087402344,15.195475158095359,3.344728708267212,11.475537108951373
0.009481005370616913,-0.011402475880458951,-0.032930925488471985,0.01010881710220005,0.7853930592536926,0.7207928396761417,0.6691986322402954,0.023018615396425145,80.0,15.21941089630127,3.807254047691822,1.0363447666168213,2.60664481228533,-0.007144493524509017,0.7213879771307111,80.0,156.33800437308102,312.70472522176806,561,0.20147037506103516,30.453229904174805,7.6517289072275165,2.1533899307250977,5.204653740095008
0.00461190938949585,-0.014484110538614915,-0.03658558800816536,0.010427015332499427,0.7975168228149414,0.749677611142397,0.7082432508468628,0.01579588648179007,80.0,19.163402557373047,4.896207578480244,1.1303017139434814,3.01675205440224,-0.007219056794419885,0.7210978155136109,80.0,156.34497943732887,312.7188186734468,562,0.20345115661621094,38.33570861816406,9.836376976966857,2.311387538909912,6.0234136048976525
0.025455400347709656,-0.007706184359267354,-0.03388278931379318,0.009333716672317156,0.8058194518089294,0.7731746107339859,0.7361521124839783,0.014522082141947867,80.0,24.0095157623291,5.401067115366459,1.2813889980316162,5.210770494757048,-0.00720912384125404,0.7212523795589806,80.0,156.34705280984193,312.722948643908,563,0.19885802268981934,48.03514862060547,10.833010163903236,2.6049187183380127,10.415160750704052
0.013677663169801235,-0.011482239747419954,-0.04096299409866333,0.011367617707910886,0.8109800815582275,0.7740958832204342,0.7492109537124634,0.01438253241921251,80.0,14.846428871154785,4.188369819521904,1.0467443466186523,2.7125561008945214,-0.007220302005764096,0.7219619523361325,80.0,156.30260846535114,312.6340965030641,564,0.19934868812561035,29.69491958618164,8.415185987949371,2.1105031967163086,5.414273354661384
0.027672313153743744,-0.004535964195383713,-0.023136109113693237,0.00832253778867126,0.8060597777366638,0.7701440304517746,0.7391647100448608,0.015193905815893628,80.0,87.78414154052734,24.59429926276207,6.57759952545166,16.627262693974583,-0.0072343839489622044,0.722392969377339,80.0,152.3153331830278,304.6595826012343,565,0.2031383514404297,175.5869903564453,49.213073146343234,13.180384635925293,33.24904845763601
0.003944797441363335,-0.006404776056297123,-0.028733620420098305,0.006499453449591864,0.781955361366272,0.754204374551773,0.7222805023193359,0.012318139530849745,80.0,793.9998168945312,249.97099952101706,7.317800045013428,210.14113647076096,-0.0072568416049471115,0.7232605033814908,80.0,150.76733959928902,301.5636577820033,566,0.21269583702087402,1588.01611328125,499.969895362854,14.687973022460938,420.27570340559186
0.00011145509779453278,-0.013110985624371097,-0.031341552734375,0.008901997420962145,0.7532019019126892,0.7203065469861031,0.6908427476882935,0.014326570154991837,80.0,24.30583953857422,9.161480534076691,4.206120491027832,4.096656211866727,-0.007316125131212174,0.7234314910247924,80.0,150.53895385883004,301.1070082899779,567,0.1976304054260254,48.625572204589844,18.36358915567398,8.489522933959961,8.18534325574768
0.003142077475786209,-0.007492476975312456,-0.0366785041987896,0.006751278212615486,0.7628692984580994,0.7041140705347061,0.6534873843193054,0.017741763296690898,80.0,492.58172607421875,139.96130666136742,4.9858269691467285,117.88974734088637,-0.007294553989253471,0.7228886565566063,80.0,151.44615129295735,302.92134916369616,568,0.1973869800567627,985.1800537109375,279.9516802310944,10.012853622436523,235.7748681844298
0.005715127103030682,-0.00891198274330236,-0.032666467130184174,0.008566550232512517,0.7234509587287903,0.6656441867351532,0.6129169464111328,0.021688769360725293,80.0,632.3279418945312,137.23378865718843,8.681038856506348,112.56541785982121,-0.007316026929067448,0.7229698563069106,80.0,152.67016206104307,305.3694152732342,569,0.24725914001464844,1264.669677734375,274.4987144947052,17.39322280883789,225.12505631905447
0.003394708037376404,-0.009361010981956496,-0.03021964058279991,0.007562646228012864,0.7574098706245422,0.725897978246212,0.6905393004417419,0.014591993365282207,80.0,379.92803955078125,126.88618094921112,9.94954776763916,95.28097425363805,-0.007266936921107117,0.7232352251634001,80.0,153.89493145226686,307.81886117528376,570,0.25290727615356445,759.8709716796875,253.80560114383698,19.93447494506836,190.5552871977112
0.00811392068862915,-0.006935624231118709,-0.022315343841910362,0.007541180423500945,0.7687734365463257,0.728246445953846,0.6736332178115845,0.0178655672615898,80.0,32.49521255493164,12.192760837078094,4.446510314941406,5.697183431018344,-0.007240977288107388,0.7230208608508109,80.0,153.95826115047188,307.9454643646032,571,0.17542171478271484,65.00834655761719,24.413957679271697,8.91347885131836,11.387772567738375
0.00505685992538929,-0.005298618727829307,-0.022899210453033447,0.006091913425024784,0.7000998258590698,0.6523491188883781,0.6044970750808716,0.02087422092730627,80.0,540.5326538085938,122.3996408700943,9.563989639282227,114.38272584695689,-0.007198522439459339,0.7222856529653072,80.0,155.15849685431272,310.34583614160124,572,0.1754007339477539,1081.08203125,244.82292425632477,19.141319274902344,228.7609946142202
0.001299828290939331,-0.008445396204479039,-0.026815330609679222,0.006520296635363283,0.6967599391937256,0.6608034953474998,0.6127119064331055,0.01833316083780095,80.0,32.393550872802734,14.726270562410354,6.325072288513184,5.118290610764498,-0.007200607197417413,0.7215531104207038,80.0,155.29149614956978,310.61182425127924,573,0.16531133651733398,64.79923248291016,29.482648015022278,12.693964004516602,10.232061887276489
0.014405624940991402,-0.010574184881988913,-0.03045658767223358,0.00986986260062158,0.6869975328445435,0.6432595789432526,0.6002299785614014,0.01757069136846072,80.0,13.05345630645752,3.530846454203129,1.211725115776062,2.8053249508523956,-0.007176396587572527,0.7206169789582489,80.0,155.30003511148692,310.62883503161373,574,0.1884922981262207,26.120208740234375,7.095706483721733,2.4497792720794678,5.603027583931932
0.10007289797067642,-0.003186971042305231,-0.047719910740852356,0.022891278727105436,0.7786394357681274,0.728914437443018,0.6827154159545898,0.021017704546320848,80.0,816.2591552734375,144.86128692626954,35.9498405456543,132.0542578508827,-0.007154153900046367,0.7207366933077575,80.0,156.55356947162747,313.1358616698831,575,0.19848132133483887,1632.531982421875,289.74352712631224,71.96147918701172,264.1018465766435
0.0028513260185718536,-0.014924098568735644,-0.04101581498980522,0.010607629025537933,0.7722201943397522,0.7420701250433922,0.7149331569671631,0.012300352197451578,80.0,12.303254127502441,4.190144775807857,1.1230133771896362,2.448175046272879,-0.007289339280396235,0.7211709696352483,80.0,148.22853249265253,296.4860668946951,576,0.20705962181091309,24.620656967163086,8.424979144334793,2.304243803024292,4.884252868074372
0.009980395436286926,-0.013307063083630055,-0.04665379226207733,0.012047134409926946,0.8137929439544678,0.7701664179563522,0.7186950445175171,0.01691113366586583,80.0,6.94862174987793,2.4692576341331005,0.8880243897438049,1.2390337613582292,-0.007360667923872826,0.7208408126905561,80.0,147.56647353369743,295.162085030809,577,0.20452404022216797,13.912615776062012,4.980532702803612,1.862684965133667,2.466516434071197
0.015328723937273026,-0.010759442282142118,-0.03213264420628548,0.011203047657969487,0.7696345448493958,0.71478026881814,0.68213951587677,0.01965051459210903,80.0,18.870519638061523,5.1525919198989865,1.3106226921081543,3.3223853698942514,-0.007419584323331947,0.7199969055801632,80.0,142.6469052227214,285.3230493605584,578,0.21531987190246582,37.755615234375,10.340998366475105,2.643388271331787,6.6378381924509835
0.009332092478871346,-0.003550290543353185,-0.021187294274568558,0.005453242882046731,0.8061550855636597,0.774348234385252,0.7355420589447021,0.015777071270145358,80.0,523.6047973632812,114.99005529880523,5.616969108581543,103.87845942184393,-0.007402337607025401,0.7205361841470005,80.0,135.89841545969995,271.82604611413177,579,0.20450282096862793,1047.237548828125,230.00269774198532,11.266914367675781,207.75692720093662
0.0072767473757267,-0.008272047876380384,-0.02514365315437317,0.008036585797934537,0.735096275806427,0.703413212299347,0.6744124889373779,0.01497948937681555,80.0,31.553993225097656,11.73689016699791,4.5373616218566895,4.8996031584435205,-0.007403375358117046,0.720741633705795,80.0,135.67932138241082,271.38786413936316,580,0.20801663398742676,63.12251281738281,23.50439261198044,9.095930099487305,9.791765502627872
0.006708033382892609,-0.005905297258868814,-0.02665383368730545,0.005541328056545514,0.6607073545455933,0.6211647100746631,0.5921092629432678,0.01582938817513804,80.0,408.21307373046875,105.65568006038666,5.041528224945068,93.65183945204114,-0.00741444827694795,0.7193028900995853,80.0,132.9788710085228,265.9869567517489,581,0.20849871635437012,816.442626953125,211.33559495210648,10.113235473632812,187.29880677987447
0.00806877575814724,-0.00810070539591834,-0.02712566964328289,0.0072993839010896625,0.6605620980262756,0.6292740873992443,0.5998557209968567,0.013370944242207842,80.0,39.7352180480957,12.096377781033516,3.866320848464966,7.00497175635643,-0.007411258203472243,0.7191341478377582,80.0,132.6156168173924,265.2604386192411,582,0.21323847770690918,79.48554229736328,24.221542567014694,7.754824161529541,14.003968601041171
0.006511325016617775,-0.009482361160917208,-0.027706321328878403,0.008044023430508114,0.6522659063339233,0.6109171405434608,0.5838726758956909,0.014697495124624333,80.0,19.066001892089844,5.082733862102032,1.1631625890731812,3.8413955075256823,-0.007426135804649674,0.7179284452348947,80.0,132.57087582039088,265.17096226520835,583,0.27669548988342285,38.14431381225586,10.196650704741478,2.3385121822357178,7.674692924208888
0.014152521267533302,-0.009520331537351013,-0.031051931902766228,0.008853006075524226,0.6985613107681274,0.6608853071928025,0.6233186721801758,0.014379317694192699,80.0,26.70363998413086,6.851674371957779,1.8412270545959473,4.328500786251867,-0.007449518710869597,0.716868253916502,80.0,132.4492487239763,264.92773363424834,584,0.3614647388458252,53.42078399658203,13.735607224702836,3.7053775787353516,8.652104703673055
0.006228649988770485,-0.013697752146981657,-0.03746109455823898,0.009793241907546612,0.7169312238693237,0.6829319477081299,0.6394999623298645,0.01772044754570735,80.0,12.570605278015137,4.098755913972854,0.8155664205551147,2.533666189688903,-0.007483841396140632,0.7162038242742419,80.0,132.44339745952934,264.91608646209534,585,0.325206995010376,25.145309448242188,8.23856599032879,1.674863338470459,5.059935602623787
0.011000603437423706,-0.015601590415462852,-0.043301064521074295,0.012463025560283423,0.6921331286430359,0.6407705374062062,0.6044948101043701,0.01655908876651774,80.0,277.8561706542969,63.062083220481874,4.003953456878662,75.4738377700175,-0.007564398166694445,0.7142521461397409,80.0,132.9341811807379,265.8977759795934,586,0.3272874355316162,555.7435913085938,126.1681845664978,8.071756362915039,150.93292964630686
0.006067238748073578,-0.0170322852791287,-0.04649946466088295,0.011399836279820155,0.7270106077194214,0.6925982095301151,0.6446414589881897,0.014597931644937329,80.0,17.955381393432617,5.214881254732608,1.7638614177703857,3.472360020128814,-0.0076860534663137515,0.7135303837358952,80.0,132.8596506226137,265.74894373781973,587,0.3282041549682617,35.92486572265625,10.47767906188965,3.5960588455200195,6.930590868054312
0.0072675906121730804,-0.003670154808787629,-0.015651533380150795,0.0047634654644732564,0.7659592032432556,0.7313785262405872,0.7010468244552612,0.014829808727821938,80.0,493.9281921386719,198.08571529388428,20.149967193603516,125.92507953924273,-0.0076548861929040864,0.7129026916027069,80.0,134.80751768300684,269.64460295148194,588,0.3350489139556885,987.8709106445312,396.19339661598207,40.342811584472656,251.85060517677948
0.004504518583416939,-0.010970711521804333,-0.02965449169278145,0.00805775931389518,0.7137734293937683,0.6764145769178868,0.6190717220306396,0.01764373022079968,80.0,57.00330352783203,16.341797184944152,4.955483913421631,9.841896232970125,-0.007695848928269696,0.7124383300915362,80.0,131.44718342933803,262.92400709743794,589,0.3303031921386719,114.02638244628906,32.71906406879425,9.975946426391602,19.676870688409142
0.009387172758579254,-0.011729872587602585,-0.03070736862719059,0.008700921361316017,0.7244045734405518,0.6844029314815998,0.6452003717422485,0.016062572732842183,80.0,33.97048568725586,9.729812061786651,2.9516844749450684,6.363098645987152,-0.007768622672912898,0.712184367582202,80.0,128.234386528112,256.49855372770133,590,0.3282618522644043,67.95474243164062,19.496772015094756,5.962125778198242,12.718444135277862
0.0056036897003650665,-0.003466563590336591,-0.013072218745946884,0.004542532310277422,0.6988179683685303,0.6602365858852863,0.6189735531806946,0.015993519983120357,80.0,360.7527770996094,103.25028647184372,8.999167442321777,80.3001231633075,-0.007750189855898498,0.7116423712894321,80.0,129.17856560016423,258.3868641456515,591,0.3304417133331299,721.526611328125,206.52070882320405,18.034223556518555,160.59963065082025
0.0029147937893867493,-0.005370998592115939,-0.022749658674001694,0.005170309203742255,0.697028636932373,0.6632533669471741,0.6341461539268494,0.014167415444522432,80.0,369.87994384765625,98.14680253267288,8.628593444824219,88.94456035682403,-0.007667330779455369,0.7111402896419168,80.0,130.02348929352314,260.0765357821137,592,0.32657623291015625,739.7728881835938,196.31761298179626,17.28271484375,177.8852922522771
0.004623502492904663,-0.0081358268042095,-0.023526068776845932,0.006199790292811876,0.7106024026870728,0.6692214027047158,0.6285317540168762,0.016760481538002484,80.0,272.4315185546875,92.69808902740479,9.763678550720215,70.98651704067254,-0.007632593019312481,0.7109427336081862,80.0,130.79827826554327,261.626040297702,593,0.33073949813842773,544.8851318359375,185.42583360671998,19.55171775817871,141.96851196675453
0.0067858705297112465,-0.005172327574109658,-0.01812620833516121,0.004988368284057806,0.6897028684616089,0.6554927654564381,0.6220539212226868,0.01684623155887666,80.0,324.5811462402344,87.056591796875,9.329273223876953,71.11886629969774,-0.007622578718379375,0.7100322009548546,80.0,131.59551435605434,263.22047423405945,594,0.32616209983825684,649.1829223632812,174.13663749694825,18.691139221191406,142.23407167173852
0.00652477890253067,-0.007577195158228278,-0.021914638578891754,0.006475067679968897,0.6767937541007996,0.6347200155258179,0.5968209505081177,0.01851838811353546,80.0,24.329526901245117,4.469033516943455,1.349319338798523,4.320042968766314,-0.007564379887335238,0.709010586604476,80.0,131.57125597731022,263.1718206463605,595,0.32776665687561035,48.67167663574219,8.965915831923486,2.7299814224243164,8.633174625962326
0.0034308526664972305,-0.013475810381351039,-0.03284105658531189,0.009423982960644051,0.6922697424888611,0.6490477845072746,0.5812626481056213,0.02067792740761182,80.0,23.213577270507812,4.773765446245671,1.2426329851150513,4.418188802683573,-0.007577360903931549,0.7078584271073342,80.0,131.58916944005338,263.20765049119296,596,0.37429308891296387,46.44073486328125,9.58746349811554,2.5450735092163086,8.82526746700304
0.05593542754650116,-0.014126667071832345,-0.05729588493704796,0.02225827617188706,0.7589565515518188,0.697242797166109,0.6360876560211182,0.02373152542984513,80.0,22.259658813476562,6.254832112789154,1.6374115943908691,4.148171287272415,-0.0076308196390455114,0.7069315577670932,80.0,131.5110372616723,263.05147451211513,597,0.343292236328125,44.53199005126953,12.551862466335297,3.3435258865356445,8.280995799132375
0.011326180770993233,-0.010578626420465299,-0.04458543658256531,0.009973888430124764,0.6327565312385559,0.5859546139836311,0.546847403049469,0.020073646655092446,80.0,15.492935180664062,5.15663258433342,2.224513530731201,2.955614751223822,-0.007739071592630352,0.7058044596016407,80.0,123.03087442529946,246.0913428874761,598,0.3358466625213623,30.995376586914062,10.346141582727432,4.504202842712402,5.901084407488368
0.014385871589183807,-0.010811233159620315,-0.034323036670684814,0.0092530476469565,0.7401803135871887,0.7019551761448384,0.6434730291366577,0.021085015930262643,80.0,14.055227279663086,4.731318801641464,2.1446239948272705,2.529488549535533,-0.007816827684873713,0.7057802337184549,80.0,98.9065599353984,197.84286899991332,599,0.33635687828063965,28.128799438476562,9.498299109935761,4.295326232910156,5.053183502502048
0.01809518225491047,-0.004141758166952059,-0.021638454869389534,0.008153790184475117,0.7423405647277832,0.7010994642972946,0.6591417789459229,0.017943036427250883,80.0,63.403076171875,15.231494611501693,5.520763397216797,8.193604873081407,-0.00780756171158282,0.7060492308139801,80.0,89.3845163762644,178.79876865477857,600,0.3367757797241211,126.82044982910156,30.485294771194457,11.06930160522461,16.38300374620295
0.00208197720348835,-0.0048586544813588265,-0.028111910447478294,0.0057486691895196045,0.7414692640304565,0.7056694120168686,0.6724503040313721,0.017057922415340553,80.0,229.40097045898438,71.14115330278874,1.1806317567825317,60.85780249939997,-0.00780293271015398,0.7057962574660779,80.0,81.83522338239104,163.70016830025617,601,0.3375678062438965,458.8168029785156,142.30613695681095,2.417301893234253,121.70975891024702
0.013009380549192429,-0.008601298835128546,-0.03090021386742592,0.008910630892321622,0.734637975692749,0.6943665482103825,0.6632975339889526,0.0164767949903144,80.0,30.966060638427734,8.649775406718254,2.6915957927703857,4.928924157248997,-0.007858251330850179,0.7061837619617584,80.0,74.77654236830026,149.5829247183055,602,0.33516621589660645,61.946746826171875,17.330640774965286,5.428824424743652,9.852392366527635
0.016290884464979172,-0.0032847687165485696,-0.023606985807418823,0.008019642181843794,0.653410792350769,0.6121079824864865,0.582341194152832,0.016490399316582183,80.0,285.2514953613281,98.17742389440536,15.739808082580566,67.35552796965008,-0.0078120464161911506,0.7057089737504723,80.0,75.51846400941163,151.0666660975665,603,0.19609832763671875,570.5155639648438,196.3736592769623,31.515480041503906,134.7094970329252
0.016341762617230415,-0.00541914802743122,-0.03063047304749489,0.008543002413556008,0.5598441958427429,0.5340403251349926,0.5034458637237549,0.014267845963622992,80.0,322.538818359375,94.29614171981811,16.56280517578125,47.42517778190222,-0.007832083493616665,0.7044142195433379,80.0,73.42694343341142,146.88363914625347,604,0.26828861236572266,645.0888061523438,188.61380243301392,33.11559295654297,94.85289137023426
0.023113032802939415,-0.005162014381494373,-0.025474611669778824,0.009864300262986757,0.5725224018096924,0.5247027076780796,0.4797547459602356,0.016197845184840517,80.0,16.25379753112793,5.795460405945778,1.156018614768982,3.2381740757716857,-0.007851944162364816,0.7027977721989154,80.0,72.51785171798616,145.06546311490237,605,0.19578814506530762,32.502777099609375,11.611738848686219,2.343489408493042,6.472951618415299
0.006098352372646332,-0.004250913416035474,-0.022044748067855835,0.005755081272698639,0.6107670068740845,0.5684081554412842,0.5326246023178101,0.01814585176348503,80.0,198.99563598632812,40.957472923398015,3.972119092941284,36.80258366554147,-0.0078068267212074716,0.701326263844967,80.0,72.85454059616477,145.73872120271622,606,0.32715559005737305,398.0049133300781,81.9348154604435,7.972073078155518,73.60181823891224
0.000923600047826767,-0.014415006118360907,-0.03586285933852196,0.010088768422176483,0.5971397161483765,0.5482101917266846,0.4967276453971863,0.01863735783013028,80.0,18.480337142944336,4.956709857285023,1.1084026098251343,3.0784343437456925,-0.00786443536207662,0.7000126098990441,80.0,72.80240106558055,145.6345310859531,607,0.28141069412231445,36.97137451171875,9.953213936090469,2.2796883583068848,6.145477804044155
0.0041822753846645355,-0.015734087396413087,-0.03818591684103012,0.009610284187616919,0.7446252107620239,0.683996319025755,0.6186405420303345,0.025017128490239758,80.0,20.279922485351562,4.014898425340652,1.3788002729415894,3.2597102393082116,-0.007957263022108236,0.7000214547738431,80.0,72.7921520106718,145.61421880947054,608,0.32456135749816895,40.57356262207031,8.074944999814033,2.8139090538024902,6.5068385101086035
0.003677632659673691,-0.01202293464448303,-0.03671995922923088,0.009755128613590068,0.7141557931900024,0.6854969225823879,0.6485345959663391,0.015366101467101432,80.0,11.697417259216309,3.564659111201763,1.3273555040359497,2.0908812285003666,-0.0079726394409372,0.6997690359055996,80.0,72.75421623911708,145.53837297137082,609,0.33672571182250977,23.409215927124023,7.167074054479599,2.7197141647338867,4.172062429283998
0.004234876483678818,-0.004608546034432948,-0.014736909419298172,0.0045002723660004015,0.6966671347618103,0.6551535032689572,0.5982245206832886,0.017866925674360167,80.0,422.402587890625,150.3901111602783,23.973602294921875,76.79176379635055,-0.007962657389551169,0.6986291513144971,80.0,73.93026822634786,147.89043415375056,610,0.34168267250061035,844.8178100585938,300.8025393486023,47.95204162597656,153.58128001481742
0.00438356027007103,-0.00997588540194556,-0.030555175617337227,0.007982748560996122,0.6321805715560913,0.5704138606786728,0.512413501739502,0.026341346787604563,80.0,29.404029846191406,6.501744663715362,2.456972599029541,4.011004170131023,-0.007993699048267446,0.6973769648000598,80.0,73.72589744981379,147.4817296358496,611,0.20544195175170898,58.821083068847656,13.03484931588173,4.954277992248535,8.014909801205139
0.006770247593522072,-0.007894520403351635,-0.02647826075553894,0.0076864943626415135,0.6401713490486145,0.6006438314914704,0.5618424415588379,0.01581647759915375,80.0,20.103002548217773,5.52047927826643,1.7711474895477295,2.7990235813664617,-0.008031466923974221,0.6962465005367995,80.0,70.86393872381001,141.75786512850223,612,0.1939864158630371,40.214874267578125,11.068760487437249,3.5706496238708496,5.593746188023567
0.008521566167473793,-0.005348001525271684,-0.02011321857571602,0.005859392977709611,0.6044334173202515,0.562734255194664,0.49413931369781494,0.021173626849541716,80.0,67.57673645019531,11.551499566435814,2.4611308574676514,12.508968406534027,-0.00805005201025051,0.6949662518948319,80.0,68.35052981112152,136.73105884371697,613,0.3217430114746094,135.16455078125,23.124949944019317,4.953027725219727,25.01354502191256
0.005896255373954773,-0.011376770836068317,-0.03399765491485596,0.009183704022218178,0.6599689722061157,0.6293692372739315,0.5975736975669861,0.013300714695111286,80.0,7.338265419006348,2.1050087615847586,1.0569543838500977,1.0524709744684149,-0.008114491912041558,0.6946974608153106,80.0,68.2461441737637,136.52241107361016,614,0.3257417678833008,14.689018249511719,4.245358425378799,2.1503794193267822,2.0946496418668996
0.002757616341114044,-0.0032544927147682757,-0.01245894655585289,0.0035304961546975644,0.6791206002235413,0.6382851436734199,0.5847283601760864,0.01790860912593538,80.0,374.09051513671875,136.66113500595094,20.607925415039062,82.30252511395554,-0.008078380522347288,0.6940687841325999,80.0,69.30621901579947,138.64247593884167,615,0.3245055675506592,748.1929321289062,273.3415424823761,41.24908447265625,164.60347773391516
0.006002876907587051,-0.005354331666603684,-0.018652653321623802,0.005243971558307523,0.6706669926643372,0.6371012561023235,0.6063276529312134,0.014620570096011398,80.0,233.6392059326172,70.1748193025589,8.29104232788086,51.42010061192434,-0.008077998414664764,0.693854488246143,80.0,69.76187909280509,139.5537910412997,616,0.3258230686187744,467.30029296875,140.37308864593507,16.5827693939209,102.83685456924695
0.011614866554737091,-0.008155059581622482,-0.0356784462928772,0.0072099506204522075,0.6941965818405151,0.6495111577212811,0.6036434173583984,0.021612552004724627,80.0,231.07839965820312,64.12138035297394,5.726993560791016,50.850005766791995,-0.008039621403528145,0.6933571045175195,80.0,70.36102275116741,140.75199164983627,617,0.20944929122924805,462.169189453125,128.27206044197084,11.508552551269531,101.6941226362186
0.0073576755821704865,-0.008985082287108526,-0.027251847088336945,0.008000608279280948,0.5996948480606079,0.5574052259325981,0.5084785223007202,0.018861520271557287,80.0,30.50439453125,6.646820679306984,2.0408389568328857,4.974444426357514,-0.008064123721182113,0.6913395102098585,80.0,70.37330317820607,140.7765611566901,618,0.328369140625,61.02037048339844,13.322759568691254,4.099727153778076,9.942197226904074
0.011296037584543228,-0.0030422097886912526,-0.01861100271344185,0.005806912320543766,0.5821440815925598,0.5413623601198196,0.49131304025650024,0.01872781403268608,80.0,149.43800354003906,32.779989421367645,5.31033182144165,27.903879530041667,-0.00801278719070251,0.6896304367855192,80.0,70.66254103700071,141.35490002177656,619,0.33043718338012695,298.8877868652344,65.57689071893692,10.635746002197266,55.80545881888442
0.009062949568033218,-0.010741476702969521,-0.02778545208275318,0.008557782465958496,0.5897002816200256,0.5419284772127867,0.471682608127594,0.01995017685732707,80.0,10.79287338256836,3.536910666525364,1.389835238456726,1.9731651123839895,-0.008084057402185863,0.6875648781172932,80.0,69.72689571028202,139.4837105910331,620,0.27211976051330566,21.59633445739746,7.106142851710319,2.7786364555358887,3.9377070369119145
0.005927553400397301,-0.010654122510459274,-0.03794465959072113,0.009526544057991639,0.6553524136543274,0.6087131939828396,0.5711301565170288,0.017709371787441752,80.0,42.97249984741211,6.760856482386589,1.1021807193756104,7.499245224459019,-0.008140636934462236,0.686761841852218,80.0,69.65620038547368,139.34241704271733,621,0.20281124114990234,85.95753479003906,13.555195644497871,2.2807302474975586,14.990529309225678
0.015606839209794998,-0.01368417461635545,-0.04109544679522514,0.011819385358610561,0.7102879285812378,0.6677720531821251,0.5984673500061035,0.021753715858516987,80.0,20.097702026367188,3.4971618093550205,0.8828122019767761,2.6331041463158145,-0.008240473870042479,0.6869048098661006,80.0,63.97394564086199,127.97811020687223,622,0.3548848628997803,40.209129333496094,7.035047464072704,1.8335767984390259,5.25781277169499
0.006979290395975113,-0.005936003651004285,-0.023918578401207924,0.006154635791418446,0.7268239259719849,0.6834266565740108,0.620451033115387,0.020839052471984282,80.0,190.81666564941406,60.60719081163406,5.568797588348389,47.25408888710489,-0.008185827994981082,0.6868470463790001,80.0,61.73753113120795,123.5051707432568,623,0.3497474193572998,381.6473693847656,121.2399221420288,11.181341171264648,94.50379098606956
0.008226040750741959,-0.01168109781574458,-0.03450985252857208,0.008363670415548611,0.7362757921218872,0.711232390999794,0.6808435916900635,0.012522529846937022,80.0,9.189371109008789,2.9595915913581847,0.9530156850814819,1.8585333118601943,-0.00827414995446452,0.6867049829475582,80.0,58.672441723883146,117.3751657591462,624,0.33649301528930664,18.393020629882812,5.956770017743111,1.9601876735687256,3.7073863927833055
0.014292918145656586,-0.004570973414229229,-0.024226311594247818,0.007503769219577709,0.7134380340576172,0.6506494924426078,0.6050550937652588,0.021144805700521355,80.0,179.0712432861328,65.02493802905083,7.287509441375732,48.448189067330055,-0.008273853671533288,0.6869567078687253,80.0,56.52359254932403,113.07747184139491,625,0.34708070755004883,358.1737365722656,130.07203063964843,14.608060836791992,96.89601940067165
0.008535392582416534,-0.010214220057241619,-0.02359394170343876,0.00779460514329799,0.605980396270752,0.5628166176378727,0.508915901184082,0.018965186578637886,80.0,15.909503936767578,5.469492825865745,1.5354586839675903,2.94384270966646,-0.008343361106613883,0.6857819394581022,80.0,54.320199585646385,108.6708014421165,626,0.3420138359069824,31.830242156982422,10.970670405030251,3.106212615966797,5.884545627295546
0.017696447670459747,-0.006718408811138943,-0.02457023598253727,0.0086216051877547,0.6238247156143188,0.5692596100270748,0.5130678415298462,0.02102614579236381,80.0,10.196632385253906,4.578893156349659,1.308154582977295,1.9580005340501465,-0.008368624744558472,0.6844557218141856,80.0,52.0976747032851,104.22577568367122,627,0.3582735061645508,20.403526306152344,9.182608276605606,2.6717536449432373,3.9102387583326794
0.021481983363628387,-0.008744318498065696,-0.02728227525949478,0.010049086086560167,0.6402212381362915,0.5895189508795738,0.546007513999939,0.02006989809019464,80.0,26.30133819580078,3.929962120950222,1.0918171405792236,4.315483022750604,-0.00838733116936055,0.6834974621199074,80.0,52.01757314938307,104.06559082338212,628,0.34202027320861816,52.61499786376953,7.889203184843064,2.242835521697998,8.624039952715675
0.008502855896949768,-0.01273136290255934,-0.03137589991092682,0.008355516958493474,0.637182354927063,0.6008919052779674,0.5622555017471313,0.016814003255505767,80.0,7.261904239654541,2.5765399396419526,1.0448262691497803,1.2943961110126572,-0.008390871433919528,0.6821707042716446,80.0,51.854646022886044,103.73971711617708,629,0.33986568450927734,14.535943984985352,5.190560457110405,2.137981414794922,2.5830610044400757
0.010217912495136261,-0.012222297576954588,-0.03468667343258858,0.0093766778774152,0.707412600517273,0.6648687280714511,0.6252869963645935,0.016377463262025195,80.0,13.264674186706543,3.376390370726585,1.0327801704406738,2.434435968462482,-0.00841567592541105,0.6818434029333293,80.0,51.716648050129415,103.46376423346997,630,0.34741926193237305,26.541101455688477,6.790522676706314,2.1105968952178955,4.859574068624549
0.0034038834273815155,-0.011974086076952517,-0.03395118936896324,0.008396689087781887,0.6982550621032715,0.6680567160248756,0.6303658485412598,0.014710600821415974,80.0,17.738422393798828,5.233865371346473,2.645155429840088,2.34038191361065,-0.008415438774129142,0.6812650834806264,80.0,51.72083028763534,103.47211666890979,631,0.3557002544403076,35.48979949951172,10.50504012107849,5.334986686706543,4.673334565675035
0.005493524484336376,-0.0037149500916711987,-0.014174363575875759,0.003681930573321011,0.6651604771614075,0.6304579004645348,0.5885210037231445,0.016063336800029308,80.0,266.2049560546875,106.63579926490783,14.224349975585938,67.38744503678208,-0.008406500837620115,0.6798180287592114,80.0,52.630287753283994,105.29098479112984,632,0.3829770088195801,532.4244384765625,213.29163858890533,28.481355667114258,134.7723648986875
0.009607560932636261,-0.013706217240542173,-0.03461752459406853,0.011213046723811656,0.704218864440918,0.6666784174740314,0.6223833560943604,0.015485430721083427,80.0,59.905521392822266,16.60898388028145,5.517516136169434,10.181863940078438,-0.008495852180727525,0.678740014281124,80.0,52.56012451893093,105.15081546068194,633,0.3840625286102295,119.82455444335938,33.25871367454529,11.099976539611816,20.35402091599827
0.017181750386953354,-0.00884809736162424,-0.02392744831740856,0.008782522316883801,0.6970350742340088,0.662872851639986,0.6236999034881592,0.016676473196287813,80.0,20.35126495361328,5.40521956384182,1.6155749559402466,2.8915210831718867,-0.008508811797335512,0.6774007683582605,80.0,50.447683294445284,100.92593216615919,634,0.35508251190185547,40.715492248535156,10.841392809152604,3.2827188968658447,5.779311405743179
0.012502810917794704,-0.007780562760308385,-0.02693357691168785,0.007637417275553796,0.6396623849868774,0.600765972584486,0.5620821714401245,0.016620385424859153,80.0,18.80753517150879,4.832284270226955,0.8568199872970581,3.7357858254856233,-0.008536038752557944,0.6762886542417109,80.0,48.443042506530894,96.91668277689816,635,0.34637975692749023,37.62671661376953,9.692144945263863,1.762843370437622,7.4693435463398385
0.052436910569667816,-0.013885077415034175,-0.049840521067380905,0.01700666026381035,0.7696162462234497,0.6706211201846599,0.586883544921875,0.043985190661403065,80.0,24.812318801879883,4.688102994859219,1.135827660560608,4.145631476181528,-0.008567923964263173,0.6757978215701879,80.0,48.39583864000439,96.82232899704576,636,0.3482546806335449,49.635189056396484,9.417388570308685,2.3137753009796143,8.280887565292389
0.00798356719315052,-0.005631233262829482,-0.02465144917368889,0.006284316788196767,0.7193095088005066,0.678704383969307,0.6443018317222595,0.016204118599703405,80.0,176.02537536621094,61.64245252609253,10.724925994873047,39.911415905534156,-0.008540363417036134,0.6752773328162731,80.0,48.87004728189111,97.77068074706197,637,0.34581804275512695,352.0868835449219,123.30974133014679,21.4832820892334,79.81954397322393
0.004533948376774788,-0.0057001648470759395,-0.018373362720012665,0.0050204092209745034,0.7199481725692749,0.6869451113045215,0.6418969035148621,0.01838083475578493,80.0,222.20431518554688,86.84516188502312,6.500114440917969,56.4280671635892,-0.008544081968808313,0.6750949834398926,80.0,49.63771418988705,99.30601835319402,638,0.32672929763793945,444.42431640625,173.71546300649644,13.038274765014648,112.85139239034193
0.008179662749171257,-0.008030808833427727,-0.02558598294854164,0.007358460203729058,0.706092119216919,0.6719308607280254,0.6409281492233276,0.015430750182206193,80.0,18.07080841064453,8.443468284606933,4.621145248413086,2.4152648753489916,-0.008509413399355252,0.6748403262458741,80.0,49.6873938421607,99.40530322812499,639,0.3273892402648926,36.155033111572266,16.91643682718277,9.277924537658691,4.824320413992589
0.006538324058055878,-0.008197789563564584,-0.0241214781999588,0.006647047826551558,0.7416063547134399,0.6980625569820404,0.6579219102859497,0.01504798298516179,80.0,205.2496795654297,44.513593423366544,5.408302307128906,36.447627683433375,-0.008459153525793225,0.6746602276898921,80.0,50.04938171161711,100.12917484341564,640,0.3350999355316162,410.51287841796875,89.05754346847534,10.872475624084473,72.89121232472158
0.01721842773258686,-0.011047853383934126,-0.02732728235423565,0.010486105194224774,0.751247763633728,0.6973483249545097,0.6562037467956543,0.01821524867174556,80.0,22.54923439025879,10.349173086881638,4.170168876647949,3.919899663670452,-0.00845245795007213,0.674053948495537,80.0,50.10980745829643,100.25000082080066,641,0.34505343437194824,45.113494873046875,20.73438891172409,8.407488822937012,7.831226686769247
0.021025747060775757,-0.009754102473380044,-0.03752250596880913,0.009857747283036079,0.7118312120437622,0.6735687792301178,0.6321165561676025,0.01809364912437418,80.0,12.297239303588867,3.0011346608400347,0.849923849105835,2.2925135041920535,-0.00848933334441972,0.6727149906866252,80.0,49.945095139294864,99.92062315775455,642,0.34786486625671387,24.607940673828125,6.035248923301697,1.770254135131836,4.575441776517325
0.014612600207328796,-0.005511826695874333,-0.021418724209070206,0.007497001017525833,0.7387436032295227,0.6901510894298554,0.641529381275177,0.02414850623699181,80.0,33.580039978027344,13.92643341422081,4.84747314453125,6.231251946330606,-0.008450882644305237,0.6720784848369658,80.0,50.00403555026651,100.0384143473655,643,0.30794668197631836,67.17414855957031,27.877693486213683,9.699857711791992,12.45934417132564
0.0064261555671691895,-0.009375306198489853,-0.030287472531199455,0.007885685814368373,0.7329801321029663,0.694739255309105,0.65956711769104,0.017328986670081876,80.0,8.220693588256836,3.3572230100631715,1.702947974205017,1.3838243162697477,-0.008512316458625718,0.6719541784860193,80.0,46.324539946109056,92.67954354663193,644,0.34476804733276367,16.452896118164062,6.747091436386109,3.438100814819336,2.759849887861879
0.004264850169420242,-0.005061721784295514,-0.015500197187066078,0.004455883189538475,0.74858558177948,0.7167098022997379,0.6763265132904053,0.014037637590436417,80.0,145.41043090820312,41.889750954508784,3.690215826034546,37.42562035820103,-0.00850114073435543,0.6721466268338263,80.0,46.462361800074575,92.9551687591821,645,0.19628143310546875,290.8311767578125,83.8039599776268,7.408066749572754,74.84856902210606
0.004982165992259979,-0.013300926511874422,-0.03450416773557663,0.009443129112552868,0.7793807983398438,0.729613670706749,0.6646729111671448,0.020400260206474053,80.0,11.619109153747559,2.709378312528133,1.126139521598816,1.7293108037876692,-0.008596662212861702,0.6724699199981988,80.0,44.624882326468835,89.28040730331841,646,0.1975243091583252,23.253299713134766,5.459950771927834,2.3122167587280273,3.4490522739908704
0.006159242242574692,-0.004716402414487675,-0.024375658482313156,0.006118517809241343,0.7357159852981567,0.6790812611579895,0.6380436420440674,0.0218208805565093,80.0,169.51812744140625,55.755706906318665,11.142702102661133,36.52473415000805,-0.008587693445268087,0.6720365760959685,80.0,43.30856805489957,86.64775213883819,647,0.1942145824432373,339.0667724609375,111.53442809581756,22.308231353759766,73.0478072419267
0.0033763237297534943,-0.013949684234103189,-0.04133354872465134,0.01077253893649418,0.7305015325546265,0.6784947469830513,0.6386197805404663,0.019753897890832758,80.0,43.176246643066406,13.12272539138794,3.804919719696045,8.2373773208665,-0.008675145495682955,0.6722404499091208,80.0,41.78622897563874,83.60325297616424,648,0.19875168800354004,86.36833190917969,26.286919927597047,7.662775993347168,16.462915256620015
0.011416369117796421,-0.011385239090304821,-0.03776910528540611,0.011033123475703371,0.736625611782074,0.6804674588143825,0.6311751008033752,0.019860179552702376,80.0,19.273160934448242,8.780731639266014,1.7730185985565186,3.5402605085741783,-0.00873709925118601,0.6722461001984776,80.0,40.188439582780006,80.40779820479453,649,0.20089364051818848,38.56036376953125,17.597843089699744,3.604954481124878,7.071532714404263
0.00568788405507803,-0.00897278506308794,-0.03568001836538315,0.008029492100862819,0.6163842082023621,0.5635896027088165,0.5003273487091064,0.022161324864228147,80.0,19.009302139282227,7.277423968911171,2.5279600620269775,3.185386522959074,-0.008746209801989608,0.6708392542414365,80.0,40.19504679177701,80.42100270743668,650,0.2152388095855713,38.02911376953125,14.58406530022621,5.0737714767456055,6.3660199901244985
0.009148851037025452,-0.0065590617421548815,-0.024616174399852753,0.006852985851785711,0.6228316426277161,0.5710749641060829,0.5247852206230164,0.019553308990149988,80.0,8.049211502075195,2.4408560894429683,0.5572808980941772,1.5435755044831252,-0.008711404859961476,0.6692074828781187,80.0,40.125281906969846,80.28137069234252,651,0.34319615364074707,16.109851837158203,4.906251771748066,1.1426042318344116,3.081314925540901
0.014969229698181152,-0.01043860125937499,-0.03611718863248825,0.010658007968345061,0.7109224200248718,0.667151915282011,0.6166301965713501,0.01840174785445083,80.0,19.77204704284668,5.240173658728599,1.3784723281860352,2.6437677241154183,-0.008850842973100953,0.6689367573745548,80.0,38.78212110159546,77.59532254949212,652,0.20278024673461914,39.558876037597656,10.514567524194717,2.8221521377563477,5.278459643846146
0.00889604538679123,-0.009472315711900593,-0.03227321431040764,0.008526202094881615,0.6804074048995972,0.6442438073456287,0.6029467582702637,0.016044401816349935,80.0,6.4278788566589355,1.7359469152987004,0.6257733106613159,1.0851322180910146,-0.00885075640323339,0.6684360319562256,80.0,38.44937729878723,76.92982475773991,653,0.1956338882446289,12.862253189086914,3.5037233367562295,1.2774863243103027,2.1630820157667903
0.005982690490782261,-0.013575057219713926,-0.03733573481440544,0.009411874385389396,0.8095045685768127,0.7766748473048211,0.748024582862854,0.015441892254855125,80.0,17.80628776550293,5.423921269178391,1.5826900005340576,2.9168530587306063,-0.008864420955447712,0.668560111861676,80.0,38.419868847876785,76.87083766748013,654,0.24956345558166504,35.62825012207031,10.89052611887455,3.2054429054260254,5.8259041911809035
0.01927827298641205,-0.006916504685068503,-0.02484489232301712,0.008006000669952046,0.6796139478683472,0.6394099175930024,0.5991902947425842,0.01738389743319739,80.0,30.78090476989746,11.621078896522523,5.051046848297119,5.082556404403316,-0.008825284876831575,0.6668012142367661,80.0,38.46755750352144,76.96610152725876,655,0.3077824115753174,61.57500457763672,23.268778908252717,10.121801376342773,10.160521777956074
0.0021488983184099197,-0.0056748346658423545,-0.030582556501030922,0.005930285226542687,0.7771819233894348,0.7279846988618374,0.6884465217590332,0.019581823358557002,80.0,252.91644287109375,64.787213870883,2.6566340923309326,54.229509600784674,-0.008849258013797226,0.666490144405514,80.0,37.550973813086756,75.13297587434948,656,0.28766703605651855,505.8504638671875,129.60033723115922,5.389569282531738,108.45374787635141
0.008340081200003624,-0.010844579804688692,-0.029194073751568794,0.008149468100124412,0.7017426490783691,0.6626234121620656,0.6315985918045044,0.014901354411434118,80.0,13.13572883605957,5.897828447818756,2.170106887817383,2.044694721962175,-0.008836583767289996,0.6652870634607969,80.0,37.46685060289502,74.96468004529179,657,0.2628769874572754,26.284912109375,11.830598551034928,4.372199535369873,4.085872059214116
0.010119520127773285,-0.010293537273537368,-0.023616420105099678,0.007531426552973976,0.6750349998474121,0.6285428121685982,0.5889790654182434,0.018369595546204653,80.0,12.415290832519531,3.676273114979267,1.4509739875793457,2.077493332275838,-0.008877764977834886,0.663738484364003,80.0,36.04149230884016,72.11401481868329,658,0.18938612937927246,24.843441009521484,7.385704120993614,2.9446322917938232,4.148749294753166
0.00596274621784687,-0.011115700443042442,-0.03124016895890236,0.008622732263260597,0.65868079662323,0.6174725785851478,0.585381269454956,0.016555988028213755,80.0,20.174619674682617,8.575075989961624,4.239372253417969,2.7382529632167163,-0.008935819154634374,0.6625401418320835,80.0,35.92661550997198,71.88435336352886,659,0.19951510429382324,40.36449432373047,17.184732854366302,8.516046524047852,5.469122262027789
0.007079344242811203,-0.006178627733606845,-0.024903614073991776,0.006060716260783244,0.6668380498886108,0.629445432126522,0.5889479517936707,0.01706944739325566,80.0,224.2722625732422,62.86160249114037,4.9144487380981445,48.86797638956591,-0.008899698522320249,0.6617890615500509,80.0,36.47942252096534,72.98988013522327,660,0.20058226585388184,448.5645446777344,125.74815232753754,9.855806350708008,97.73153437048862
0.012477539479732513,-0.003394048265181482,-0.014386070892214775,0.004991049175097271,0.5807734727859497,0.5421254366636277,0.4988146424293518,0.019892091077121216,80.0,145.2505340576172,40.23690392971039,8.540746688842773,28.05764736640564,-0.008819614246167475,0.6600023875199258,80.0,36.843719019785524,73.71827723170819,661,0.21274352073669434,290.5123291015625,80.49143855571747,17.114225387573242,56.11312505805619
0.003972075879573822,-0.00914991032332182,-0.03492703288793564,0.007712614224468621,0.6420952677726746,0.5994535222649574,0.5445608496665955,0.020966495513798467,80.0,120.87380981445312,27.44503142684698,1.9233990907669067,25.228377914616935,-0.008766272244014545,0.6585001466311513,80.0,37.069207258269195,74.16911698319018,662,0.19750666618347168,241.77420043945312,54.920352125167845,3.906541347503662,50.45120533548472
0.0028245486319065094,-0.010274754551937803,-0.02582504414021969,0.007211107750548297,0.6722833514213562,0.6317164435982704,0.589074432849884,0.017301029929209753,80.0,13.681875228881836,5.512297829985618,2.935185432434082,2.047342369874421,-0.00879195794594125,0.6570855649597942,80.0,37.07031956541538,74.17136467652023,663,0.19954919815063477,27.376680374145508,11.057779496908188,5.890913486480713,4.087317627959392
0.005440112203359604,-0.006727512553334236,-0.02490931749343872,0.006389510588423667,0.690077543258667,0.6467492945492268,0.6064164638519287,0.01752450073562172,80.0,23.987281799316406,8.920097947120667,3.609886407852173,3.6786927313254782,-0.008744410674000393,0.655812099073082,80.0,37.117636846691376,74.2658786752075,664,0.19969463348388672,47.98682403564453,17.866585856676103,7.25429105758667,7.355456923448955
0.011492838151752949,-0.011637694353703409,-0.03332287818193436,0.010022555433928403,0.6927638053894043,0.6490014404058456,0.6062496304512024,0.01922464994634584,80.0,44.17454147338867,10.060109114646911,2.0142812728881836,7.7051556565622406,-0.00881542797558359,0.6546006731726228,80.0,36.972294945210216,73.97531267993152,665,0.19490933418273926,88.36058807373047,20.156473618745803,4.0831499099731445,15.402673889003008
0.003973556682467461,-0.012561981636099517,-0.030524231493473053,0.009082351670471054,0.6678546071052551,0.6217213176190853,0.5854844450950623,0.017852450141377957,80.0,9.265347480773926,3.964140947163105,1.1250427961349487,1.7081916097954328,-0.008877000031381614,0.653275842603296,80.0,34.512226359471676,69.05527212937176,666,0.1948082447052002,18.543296813964844,7.96584030687809,2.2751035690307617,3.408422342453981
0.004035435151308775,-0.004522558598546311,-0.020920272916555405,0.004927661809147712,0.7054269313812256,0.6726212844252586,0.6361345052719116,0.017232326876955244,80.0,114.04566192626953,30.00957211256027,3.462991714477539,28.163970275578784,-0.008791115761123366,0.6527989899776877,80.0,34.720707275256515,69.47205264802277,667,0.19531846046447754,228.10601806640625,60.04164102077484,6.951735496520996,56.32519165932912
0.021122802048921585,-0.007076517579844221,-0.025108270347118378,0.010070190597481177,0.724096953868866,0.6757763445377349,0.6193141341209412,0.019216192580133504,80.0,12.197181701660156,3.1918426230549812,1.188340663909912,2.0103800046369544,-0.008786956167168684,0.652515612717718,80.0,33.353012634873394,66.73664938376842,668,0.20457148551940918,24.40774917602539,6.411353805661202,2.413438558578491,4.015976051458285
0.016416145488619804,-0.004011006111977622,-0.021021613851189613,0.00680694320612493,0.7320531010627747,0.6771452270448208,0.627199649810791,0.020174245033682158,80.0,123.89258575439453,34.45752123594284,7.516757488250732,26.653922446757004,-0.008737946400855436,0.6526306231208145,80.0,32.32524996066093,64.6810283164829,669,0.20129728317260742,247.81234741210938,68.93660776615143,15.017494201660156,53.305405926390414
0.001783076673746109,-0.0102264792076312,-0.028938984498381615,0.006944716077688535,0.6785163879394531,0.6347749792039394,0.5968462824821472,0.01911559939155739,80.0,31.050504684448242,6.649705488979817,1.762233853340149,5.570948025175046,-0.008746601083112182,0.6517193931303918,80.0,31.12288520605862,62.276297899112095,670,0.27532076835632324,62.11396789550781,13.332559406757355,3.574021339416504,11.13544144994566
0.008114539086818695,-0.01109817235264927,-0.030921103432774544,0.009675362293562471,0.7107480764389038,0.6697210863232612,0.6227116584777832,0.018324736468325564,80.0,10.213299751281738,3.070565777271986,0.8668404221534729,1.6595936279432892,-0.008788226564327487,0.651134139534086,80.0,31.031663255460554,62.09392554593086,671,0.31157469749450684,20.439342498779297,6.176722361147403,1.7735401391983032,3.312972337874361
0.0892861858010292,-0.006304980139248073,-0.04002676159143448,0.020484797182763567,0.6230427026748657,0.5736531317234039,0.5259894132614136,0.02218538341958642,80.0,19.411190032958984,3.3208236999809744,0.6955114006996155,3.3544064279917722,-0.008798290178441675,0.6503471796624362,80.0,29.84087508375942,59.71235360765458,672,0.3104743957519531,38.833473205566406,6.665730428695679,1.4211797714233398,6.703596244781081
0.007412292063236237,-0.013354542898014188,-0.03892964869737625,0.01060305428215268,0.637619137763977,0.5967654846608639,0.5351372361183167,0.02288646348471714,80.0,11.568326950073242,3.033530218154192,0.8832794427871704,2.2507085343956907,-0.008847381645377028,0.6497067995555699,80.0,29.72394768031686,59.47858417566121,673,0.30491185188293457,23.149240493774414,6.105704815685749,1.8367100954055786,4.488273407574152
0.003904794342815876,-0.018315766553860156,-0.0451064370572567,0.011813811056500315,0.747958779335022,0.7080422692000866,0.6637663841247559,0.018093081256626658,80.0,22.680238723754883,7.3576984971761705,2.6930112838745117,4.104319295348968,-0.00892479746209574,0.6503546264581382,80.0,29.762216200746593,59.55528900496662,674,0.30589818954467773,45.3756103515625,14.766189414262772,5.464661121368408,8.1973659412209
0.012621592730283737,-0.01153402989730239,-0.030371801927685738,0.008711226987363577,0.7453101873397827,0.7180142499506473,0.6883591413497925,0.015492539423745504,80.0,16.774599075317383,6.188271147012711,2.317690372467041,2.9691020438120885,-0.00900826805064571,0.6502456245832146,80.0,28.375486042954023,56.78199344073235,675,0.3053915500640869,33.56167984008789,12.413970702886582,4.686487197875977,5.929960868745811
0.009762009605765343,-0.012545844638952985,-0.034895628690719604,0.009536119958274506,0.7296061515808105,0.6875847175717353,0.6395739316940308,0.01930651029845445,80.0,17.000158309936523,4.590206190943718,1.1521294116973877,3.1830302320205557,-0.008984485511347885,0.649700770508498,80.0,28.379486657105385,56.78993620763719,676,0.3103668689727783,34.01422882080078,9.219255834817886,2.353360414505005,6.36040903264672
0.002722872421145439,-0.009542856761254371,-0.03230036795139313,0.007844036565730121,0.712401270866394,0.673333802819252,0.634290337562561,0.014484337441159885,80.0,161.22091674804688,55.67596197128296,8.347731590270996,37.734592798369185,-0.008946843448124126,0.6487324443571271,80.0,28.91155370047688,57.85397563244402,677,0.332472562789917,322.4552001953125,111.38447518348694,16.75368881225586,75.46273157181336
0.014581008814275265,-0.014019304333487526,-0.036870747804641724,0.011498786799276552,0.713032066822052,0.6770340315997601,0.6360645294189453,0.017686396895163898,80.0,12.357877731323242,2.6697055108845236,0.7107716202735901,2.1025785546795444,-0.00897944206863758,0.6483549819849432,80.0,28.886724836386737,57.80437555195392,678,0.23129987716674805,24.729215621948242,5.3809903174638745,1.508691668510437,4.195278193038524
0.01714097335934639,-0.007328504614997655,-0.03418989107012749,0.009651668838241562,0.7527446150779724,0.7180218242108822,0.674266517162323,0.016607267153732373,80.0,46.33013916015625,14.569776356220245,5.112344741821289,7.958767495929141,-0.009017224209354026,0.6477917178831994,80.0,27.88252204696089,55.79603427733481,679,0.21216988563537598,92.67472839355469,29.168570280075073,10.269121170043945,15.913084175559641
0.0023882314562797546,-0.009566051379079,-0.031565576791763306,0.007433080417301105,0.6483405828475952,0.6060265153646469,0.5573948621749878,0.016757387314122147,80.0,23.6144962310791,3.8634130388498304,1.2976301908493042,4.239635955559205,-0.009030164244381012,0.6468178509138524,80.0,27.80378727567941,55.638571137890224,680,0.30029869079589844,47.23857116699219,7.758078667521477,2.644652843475342,8.471192950808842
0.016187693923711777,-0.003717998828506097,-0.022714098915457726,0.005579725911939346,0.6947281360626221,0.6526554770767689,0.6156095266342163,0.016407737597141297,80.0,124.88630676269531,57.195399975776674,16.03548812866211,29.512974451673447,-0.009008291260077385,0.6471327585838733,80.0,27.31918447483331,54.669328079089524,681,0.31114864349365234,249.8087158203125,114.41128907203674,32.070472717285156,59.0238339130392
0.004728447645902634,-0.007324011897435412,-0.02335556596517563,0.0065219867993963196,0.6694937944412231,0.6164085082709789,0.542548656463623,0.03046962054349147,80.0,94.8460464477539,27.827636724710466,4.104377269744873,21.629978027648814,-0.009000524325092555,0.6470041027925908,80.0,27.476497064270077,54.98393515317142,682,0.3089866638183594,189.72341918945312,55.68224997520447,8.253098487854004,43.25647439943193
0.005341541022062302,-0.006649839808233082,-0.029748480767011642,0.007408187758959194,0.6808739900588989,0.6333657748997211,0.5928621292114258,0.020814661693041907,80.0,99.03787231445312,29.290869069099426,6.934354782104492,19.46120931725544,-0.008972199111565713,0.6472285891361534,80.0,27.71857841634005,55.468045699313286,683,0.31584620475769043,198.09947204589844,58.60770531892776,13.893728256225586,38.91869286946654
0.010108832269906998,-0.009944591019302607,-0.03305644541978836,0.0090283285992059,0.6362006664276123,0.5905565492808819,0.5506103038787842,0.018154427350735837,80.0,10.8816556930542,5.20355361700058,3.0552361011505127,1.6586454494621945,-0.00897644170638523,0.6465253015570341,80.0,27.702097208790477,55.435077702298756,684,0.4033041000366211,21.7750244140625,10.43880752325058,6.170294761657715,3.3118991099962956
0.013950787484645844,-0.014770664152456448,-0.038743216544389725,0.011447816817384077,0.760852575302124,0.7190887875854969,0.6677436828613281,0.017246026663934152,80.0,10.52795696258545,3.6573732987046244,1.4446020126342773,1.6325317500906569,-0.008987170826439978,0.6468868699558079,80.0,27.69768338263779,55.42627873928845,685,0.33994507789611816,21.069881439208984,7.358669689297676,2.951432466506958,3.252331555384794
0.03912041336297989,-0.009734673029743134,-0.040963128209114075,0.014870362061617515,0.6828659772872925,0.6331526547670364,0.60043865442276,0.016122805891979213,80.0,164.8446807861328,42.946627748012546,7.171259880065918,28.18006145738758,-0.008928501652582781,0.6468106911294161,80.0,27.4965288279131,55.02385077531636,686,0.3309316635131836,329.70806884765625,85.92538816928864,14.391246795654297,56.35402283063519
0.01597703993320465,-0.008336137112928554,-0.028386307880282402,0.00940343738240491,0.6742749214172363,0.634393722563982,0.5847386121749878,0.021456257394104585,80.0,21.14687156677246,6.566559219360352,2.2417240142822266,3.4832537466264424,-0.00884154017092078,0.6462286462597548,80.0,27.51004560755938,55.050698770061146,687,0.3344841003417969,42.308349609375,13.162478536367416,4.552787780761719,6.959645980817993
0.027330271899700165,-0.006213297368958592,-0.033255062997341156,0.009183282335372966,0.7301890254020691,0.6829867213964462,0.6431831121444702,0.018188921037634864,80.0,23.152191162109375,6.7899305641651155,2.6571877002716064,3.4629419681929003,-0.008866971596522489,0.6457447282113136,80.0,25.597087760262188,51.22482427872718,688,0.2057943344116211,46.31853485107422,13.605947482585908,5.355116844177246,6.922456499524745
0.013183385133743286,-0.007740349072264507,-0.032628826797008514,0.008975188539060985,0.7594556212425232,0.6978429742157459,0.6553655862808228,0.017940337596861006,80.0,91.90702056884766,22.786247181892396,2.3496694564819336,20.115057566257917,-0.008834667972027092,0.6459590121842922,80.0,25.661532260231674,51.353652955606584,689,0.2746291160583496,183.84323120117188,45.60193175673485,4.752570152282715,40.22647299370649
0.008293637074530125,-0.011378809454618022,-0.034045033156871796,0.009137331460687577,0.7395991683006287,0.6922064229846001,0.6512061953544617,0.017970466576796112,80.0,15.133920669555664,5.736091062426567,2.4671671390533447,2.5176354998932706,-0.008831157340697246,0.6460370470993222,80.0,25.621595050238074,51.27377307368816,690,0.18577790260314941,30.29166603088379,11.508783823251724,4.964634895324707,5.029000505953179
0.0096132792532444,-0.008322925356333144,-0.023508183658123016,0.00768917435409166,0.6917694211006165,0.6527397096157074,0.6102234125137329,0.016275902875670444,80.0,66.01953125,21.793480533361436,1.7843985557556152,16.15187235188154,-0.008879720958357212,0.6459620783366262,80.0,24.807026990853256,49.64473260317744,691,0.19945359230041504,132.0861358642578,43.61666177213192,3.6057393550872803,32.30146423313848
0.0027579404413700104,-0.009421512362314389,-0.024568328633904457,0.007372313405165465,0.7276021242141724,0.66962501257658,0.6292008757591248,0.018467949914996645,80.0,45.25421142578125,12.113920307159423,4.258052349090576,7.568909870584274,-0.008920226096059195,0.6460257947929203,80.0,23.94669816859812,47.924157236084355,692,0.18980884552001953,90.52232360839844,24.26007627248764,8.532111167907715,15.131314041146112
0.011239858344197273,-0.00664860779652372,-0.02360093593597412,0.007628599876447678,0.725760817527771,0.67896723523736,0.6313091516494751,0.01978426183091223,80.0,13.08475112915039,2.8605940975248814,0.7664665579795837,2.647351613092835,-0.008905353905982339,0.6461232531182468,80.0,23.04832321929932,46.12737954723836,693,0.1952676773071289,26.182592391967773,5.748064722120762,1.559997797012329,5.289331181217154
0.013261724263429642,-0.006144538626540452,-0.021941928192973137,0.007783045782474523,0.7248656749725342,0.6702238082885742,0.5908956527709961,0.027616773828418664,80.0,8.058910369873047,4.002296958863735,1.5092381238937378,1.4403738484312114,-0.008915076016506646,0.6462705635465682,80.0,22.217780270919206,44.46631604683399,694,0.1868741512298584,16.131977081298828,8.03028745651245,3.0457215309143066,2.8775909671327264
0.0058936383575201035,-0.01540782117517665,-0.041887909173965454,0.012655946724887568,0.6356486678123474,0.5895259566605091,0.5519776344299316,0.018517088928510294,80.0,9.430493354797363,2.469846159219742,0.6719746589660645,1.7294016777896073,-0.008993382276676131,0.6458186229579151,80.0,22.197788397341967,44.42647987353801,695,0.19191622734069824,18.872753143310547,4.982298502326012,1.3565921783447266,3.446592748798624
0.008723963052034378,-0.01352600235841237,-0.034699585288763046,0.00996947615718406,0.7327357530593872,0.6822193078696728,0.6435003876686096,0.019601409058388877,80.0,15.829634666442871,4.848135082423687,1.5061161518096924,2.9193515001691694,-0.008993884196446745,0.6461503381915391,80.0,22.198532093703747,44.427974904537194,696,0.19469714164733887,31.672988891601562,9.736966598033906,3.0637850761413574,5.828021360102394
0.0011152587831020355,-0.01705475224298425,-0.04178105294704437,0.010971594598021677,0.7129829525947571,0.6785892754793167,0.6394197940826416,0.016900038222286435,80.0,18.520748138427734,3.274334517121315,0.6325650811195374,3.4641775207260777,-0.009023165048158262,0.645963802974671,80.0,22.16872711774706,44.36841978320479,697,0.20432662963867188,37.05520248413086,6.5963503330945965,1.3244715929031372,6.914368298619782
0.01132616214454174,-0.005159754265332594,-0.025293421000242233,0.0095344774466058,0.7322016358375549,0.6877828910946846,0.6542021036148071,0.018129206398533854,80.0,17.844919204711914,3.0898300975561144,1.0240321159362793,2.7072762160546304,-0.008968976326606936,0.6469820857457816,80.0,22.14805909287929,44.32699572110177,698,0.20206594467163086,35.69649124145508,6.203735372424125,2.0735063552856445,5.409742809063405
0.01255231536924839,-0.0056352645682636645,-0.018919285386800766,0.005863864355971596,0.7034494280815125,0.6622365288436413,0.6304328441619873,0.015708134827141416,80.0,97.300537109375,27.744148927927018,6.299093723297119,19.9428109958461,-0.008917216640693369,0.6465848992727697,80.0,22.378187394142145,44.78714086270334,699,0.19838285446166992,194.61561584472656,55.51281327009201,12.635891914367676,39.883615041892675
0.008270949125289917,-0.005958156421547756,-0.023967169225215912,0.006553054837022941,0.7351802587509155,0.6897430375218392,0.6594778299331665,0.015630615729396283,80.0,66.04631042480469,18.756316296756268,1.5225452184677124,16.959067071456765,-0.008935380623239324,0.6464713350050151,80.0,22.413435610994696,44.85767135208847,700,0.17824101448059082,132.1184539794922,37.53834370970726,3.078115940093994,33.915125717587266
0.0012901443988084793,-0.008849100244697183,-0.022944223135709763,0.006120352120452592,0.7115229368209839,0.6641954407095909,0.6136351227760315,0.016359014839843353,80.0,9.94865608215332,3.2449875861406325,1.4548081159591675,1.271429343750334,-0.008975285080872709,0.6460565952919424,80.0,21.734473953828214,43.49981955561043,701,0.1933763027191162,19.910905838012695,6.5209573090076445,2.9331071376800537,2.5378841625250725
0.0034575946629047394,-0.011749399435939268,-0.027856435626745224,0.007912487124346518,0.639045000076294,0.6009205259382725,0.551967978477478,0.017711675947770723,80.0,9.699687004089355,3.3894853815436363,1.7154897451400757,1.4811904001164062,-0.009006766086880816,0.6451221350692212,80.0,21.681871053576472,43.394658027827745,702,0.24867486953735352,19.412155151367188,6.814487996697426,3.4729912281036377,2.954155481057653
0.005135044455528259,-0.00498794210725464,-0.019076915457844734,0.0052611997100820125,0.6632314920425415,0.6279723063111305,0.5880736112594604,0.015089491187115727,80.0,123.22620391845703,49.903266155719756,14.870713233947754,24.951176040457792,-0.009023797820787877,0.6452807783074676,80.0,21.199129476189615,42.42921211165191,703,0.3273143768310547,246.47048950195312,99.82906765937805,29.774831771850586,49.89961106586343
0.006506737321615219,-0.008696748089278117,-0.024357058107852936,0.007129027959840966,0.6544016599655151,0.6187247179448605,0.5671277642250061,0.016740775932962366,80.0,114.0501937866211,28.328670108318327,8.479995727539062,16.74638795163306,-0.009056573821406346,0.6461276222355663,80.0,20.53945476007462,41.109945171058186,704,0.31789064407348633,228.1115264892578,56.68710837364197,16.981842041015625,33.49063730634258
0.006395433098077774,-0.00651458534412086,-0.023387789726257324,0.006099128141654087,0.5153782367706299,0.4707896500825882,0.4311128556728363,0.017450500331868648,80.0,59.953548431396484,22.25258826613426,5.953840255737305,14.114786966000201,-0.00907009953103261,0.6455884916596115,80.0,20.704026038676503,41.43910399883986,705,0.3268616199493408,119.92060852050781,44.52762162685394,11.929582595825195,28.226942384247263
0.005411302670836449,-0.012522075785091147,-0.027227774262428284,0.007650231893644757,0.49560967087745667,0.46443021334707735,0.4221615195274353,0.015749907567817304,80.0,18.76757049560547,8.216779720783233,3.8031749725341797,3.1784221227420955,-0.009152811154723167,0.6445487122386693,80.0,20.376619106650356,40.78443476563692,706,0.3300008773803711,37.54515075683594,16.46789214015007,7.640071868896484,6.3473957952382
0.00729713961482048,-0.01021398589364253,-0.03233584016561508,0.008429539386455442,0.6404632925987244,0.5896023705601692,0.5289739370346069,0.019660907869246264,80.0,8.708414077758789,2.7155711695551874,1.089198112487793,1.624936651360997,-0.009110800952475984,0.644962634027004,80.0,20.354207719773058,40.73953624981642,707,0.3293426036834717,17.428394317626953,5.463362354040146,2.180232048034668,3.241922092046013
0.0027032895013689995,-0.017425452469615264,-0.04198472574353218,0.010637782729370871,0.6339796781539917,0.5845586568117142,0.5415741205215454,0.02059574169141647,80.0,10.515397071838379,4.661109834909439,1.756904125213623,1.7691871853046341,-0.009127714603208006,0.6439682574048637,80.0,20.36066983386874,40.75247441741824,708,0.327803373336792,21.042945861816406,9.368761759996413,3.5875673294067383,3.5240876100153193
0.005200611427426338,-0.008318780653644353,-0.03176683560013771,0.008086888946139913,0.5738252401351929,0.5446795500814915,0.4959145188331604,0.017585745102386453,80.0,9.069587707519531,3.2804609820246697,1.0266081094741821,1.61176793144638,-0.009090673063299618,0.6425600836798548,80.0,20.35782785257697,40.74668820798397,709,0.32505369186401367,18.148963928222656,6.588453111052513,2.08616304397583,3.2179543130902313
0.003844216465950012,-0.006881408486515283,-0.02394397184252739,0.006996908659697326,0.5520197153091431,0.5001728259027004,0.4624120891094208,0.01708685850072203,80.0,59.56349182128906,18.56151750087738,2.822901487350464,13.56697807918753,-0.009113401687820443,0.6410102769061923,80.0,19.03954191598296,38.1101308273077,710,0.3271448612213135,119.13582611083984,37.14680128097534,5.6530656814575195,27.13239593536012
0.0015926416963338852,-0.017277780285803603,-0.038206394761800766,0.010398177953390033,0.6116518974304199,0.5540541719645262,0.49568673968315125,0.022379593098138677,80.0,6.435115814208984,1.5266753241419793,0.62310391664505,0.9411086811766665,-0.009186420636659023,0.6408466800190509,80.0,18.989791222587225,38.01077220691741,711,0.3284482955932617,12.880851745605469,3.0989872768521307,1.3039369583129883,1.8687467556708273
0.004322174936532974,-0.014204697008244694,-0.04230248183012009,0.014750432317362264,0.6780601739883423,0.5855955384671688,0.5233797430992126,0.03274257910676176,80.0,326.7946472167969,107.1195042848587,23.60624122619629,63.76180445833193,-0.009249522402707953,0.6406961970888078,80.0,20.00578147265315,40.042875902816654,712,0.4061086177825928,653.5987548828125,214.27913007736205,47.26963424682617,127.50680268844036
0.021080762147903442,-0.005956262815743685,-0.025824526324868202,0.009251614103170347,0.7159844636917114,0.6767772763967514,0.6217926144599915,0.019301516593339084,80.0,85.17916870117188,11.345469692349434,2.3095831871032715,13.364168322679756,-0.009255605015612674,0.6418366273008286,80.0,20.00372117391229,40.03879027889669,713,0.3344869613647461,170.371337890625,22.716387552022933,4.646399974822998,26.722655354230128
0.014675397425889969,-0.005721867131069302,-0.024008575826883316,0.008195745132317888,0.7385019063949585,0.6998641721904277,0.6567623615264893,0.01952084694868852,80.0,56.63963317871094,12.166078007221222,3.8854799270629883,9.432486647880639,-0.009199055978562683,0.6425415766499936,80.0,20.10433186636865,40.239912664219744,714,0.33820390701293945,113.3006362915039,24.357596957683562,7.792908668518066,18.859395187174176
0.007176972925662994,-0.009966689674183727,-0.03244471177458763,0.009089099722972241,0.7507550716400146,0.7000732935965062,0.656195342540741,0.020095094292922767,80.0,10.294047355651855,2.8526042625308037,1.1229883432388306,1.9228812490415221,-0.009266177948156836,0.6431594581492245,80.0,18.766246558934448,37.56388867302239,715,0.33189821243286133,20.60205841064453,5.739143362641334,2.3020315170288086,3.8360848708970208
0.015911035239696503,-0.00911701659206301,-0.02967613935470581,0.009182262070989603,0.677794337272644,0.6401253260672093,0.605036735534668,0.01719101167700338,80.0,15.458382606506348,3.104411167651415,0.7598346471786499,2.987544739287773,-0.00930380479741143,0.6431896988488733,80.0,18.095542477585376,36.222556375429036,716,0.335155725479126,30.946903228759766,6.23985888659954,1.5743993520736694,5.968411569185623
0.0030688494443893433,-0.013205788540653884,-0.03451760113239288,0.009848066342562967,0.6837465167045593,0.6387430600821972,0.5906379818916321,0.01914929301449924,80.0,17.076507568359375,4.157521826028824,1.6112459897994995,2.5010842172644727,-0.009354312087001744,0.6430820178724823,80.0,17.495903892315923,35.02337807162107,717,0.33637332916259766,34.168846130371094,8.354230061173439,3.2609853744506836,4.992293517598233
0.006766140460968018,-0.01255521583952941,-0.03515663370490074,0.010333154247329541,0.7551484107971191,0.7136897176504136,0.680686354637146,0.016910884607541005,80.0,7.9374494552612305,1.6639997631311416,0.59657222032547,1.3404935148051018,-0.009390013422525954,0.6446448627896606,80.0,17.446075683154167,34.923824313476686,718,0.3422849178314209,15.888925552368164,3.3673837542533875,1.259835124015808,2.6706667102052544
0.008788429200649261,-0.013722698640776798,-0.04173770919442177,0.010266136679540993,0.7790124416351318,0.7434703215956688,0.7102255821228027,0.016942454296766177,80.0,8.097017288208008,2.361194705963135,0.5651019811630249,1.496644374584181,-0.00949681831104681,0.6466659424044191,80.0,17.14188773600012,34.31570244841278,719,0.34121036529541016,16.208589553833008,4.764704212546349,1.2179226875305176,2.9848119063422596
0.0016042497009038925,-0.010340839781565591,-0.02879210375249386,0.007653126749055942,0.6798322200775146,0.6477855063974858,0.6092983484268188,0.01570352041086951,80.0,20.92095184326172,4.863842663168907,1.3809871673583984,4.00627942927573,-0.00949281194183277,0.6477245126962662,80.0,17.155157055966555,34.34225424666703,720,0.3380401134490967,41.85501480102539,9.761322677135468,2.8065414428710938,8.003542216248123
0.00984196551144123,-0.0034626052045496182,-0.012833146378397942,0.004177484746465987,0.7645111680030823,0.7201649442315101,0.674246072769165,0.01775560108685931,80.0,88.16883087158203,38.18998086452484,12.101191520690918,17.868792841274786,-0.009420896768773675,0.6488390301987528,80.0,17.46944829978794,34.970715190812946,721,0.3394014835357666,176.3650360107422,76.40129005908966,24.213485717773438,35.73795933208045
0.005691852420568466,-0.013028128823498264,-0.02811657264828682,0.008974640485846385,0.7766276597976685,0.7276241041719913,0.6684367060661316,0.018349985693899125,80.0,21.131561279296875,5.765038995444774,1.9276272058486938,3.5833685861539246,-0.009414336310845102,0.6494375507086515,80.0,17.492127071648834,35.01607158350945,722,0.3361654281616211,42.278099060058594,11.570686733722686,3.8930716514587402,7.158680639854559
0.0012129805982112885,-0.009807562769856304,-0.030757267028093338,0.008254300676884815,0.6576876640319824,0.6167053990066051,0.5862857699394226,0.014800388763033363,80.0,50.51706314086914,8.610928684473038,2.309049129486084,8.101618832248734,-0.009453051902033622,0.6487703381329775,80.0,16.972164450377225,33.9762104279399,723,0.33377552032470703,101.04620361328125,17.25380658507347,4.645975112915039,16.19460341906716
0.01962500810623169,-0.008639336493797601,-0.029798412695527077,0.008673131145677393,0.7063776850700378,0.6625628970563412,0.6169793009757996,0.01949048758943953,80.0,72.44982147216797,29.613983595371245,12.096712112426758,14.180174301029801,-0.00942263428881415,0.648283643193543,80.0,17.238708370417353,34.50922769990564,724,0.3182229995727539,144.91305541992188,59.25849721431732,24.25743865966797,28.35510378354099
0.006136910989880562,-0.006195784907322377,-0.018212512135505676,0.0057600121075839774,0.7147848606109619,0.6855246186256408,0.6424041986465454,0.015648965155516347,80.0,71.25202178955078,31.533826518058778,11.314019203186035,13.027145845885865,-0.009438882403745082,0.6486323944553731,80.0,16.903797255307435,33.839444949537516,725,0.32589101791381836,142.52732849121094,63.09375560283661,22.678247451782227,26.051938408224135
0.004122882150113583,-0.007347612775629386,-0.02566060796380043,0.005903647971617025,0.5780099630355835,0.5426313489675522,0.4834645390510559,0.019602819157492266,80.0,99.94913482666016,31.253701090812683,7.903903961181641,18.06292184856318,-0.00941021633092896,0.64843054176867,80.0,17.161639337956906,34.35506774401665,726,0.3216288089752197,199.91152954101562,62.53294985294342,15.858968734741211,36.12302874121754
0.006933955475687981,-0.008618789620231836,-0.032424986362457275,0.008353759010003415,0.5839281678199768,0.534717020764947,0.4936576187610626,0.02018866547608467,80.0,13.549370765686035,4.910207065939903,2.8409438133239746,2.1180886876080427,-0.00942922013901989,0.6480851158760487,80.0,17.164952477052807,34.36172512143851,727,0.32359743118286133,27.111595153808594,9.848346018791199,5.7189741134643555,4.230658590617967
0.003342125564813614,-0.01391135515877977,-0.04044545814394951,0.010187567238260342,0.6908308267593384,0.6416805781424045,0.5918407440185547,0.021065435359870828,80.0,13.665969848632812,4.727185778319836,1.8707882165908813,2.2502694861053287,-0.00948089050562703,0.648606732148677,80.0,17.1729247136265,34.3777833685279,728,0.3320479393005371,27.34803009033203,9.495027893781662,3.785416603088379,4.488729163511846
0.004152236506342888,-0.015008473151829094,-0.04992249608039856,0.0118118649993852,0.6951372623443604,0.6268539734184742,0.5717368721961975,0.02761045319842767,80.0,30.45431900024414,7.431322351098061,3.253284454345703,3.861220839407318,-0.009503661608119728,0.6488663528300822,80.0,17.221472537741064,34.47492975106836,729,0.32616353034973145,60.92292785644531,14.905198711156846,6.575470924377441,7.713097190624029
0.007862195372581482,-0.01631477047340013,-0.03528576344251633,0.010777935467183813,0.7004069685935974,0.6380900412797927,0.5792384147644043,0.022462404079253463,80.0,23.76721954345703,4.877093160152436,0.6788330674171448,3.479561239365516,-0.009544586337084184,0.6485985659621656,80.0,17.23647956563532,34.50502030071617,730,0.3248124122619629,47.55397033691406,9.799577641487122,1.43304443359375,6.950279847119834
0.008006732910871506,-0.007009081688011065,-0.027825403958559036,0.007685716937674531,0.660910427570343,0.6156215623021126,0.5724765062332153,0.016972928913908336,80.0,12.179596900939941,3.0099186673760414,1.1143732070922852,2.102109627252611,-0.009494936293194768,0.648074214424938,80.0,17.21424009859562,34.460431578606375,731,0.3231992721557617,24.371028900146484,6.0461679100990295,2.275874137878418,4.197943350387342
0.010032929480075836,-0.009113623341545463,-0.02668120712041855,0.007909026108686568,0.7067626714706421,0.6588947720825672,0.6198608875274658,0.015296377440356732,80.0,59.3327522277832,14.788653862476348,1.4281508922576904,11.890659657623473,-0.009548923025693512,0.6483585831411183,80.0,16.295768644571307,32.623602323442704,732,0.3264811038970947,118.69385528564453,29.608713072538375,2.885650157928467,23.779288577657553
0.004579170607030392,-0.010368490079417824,-0.03083927556872368,0.007978651387905076,0.7219430804252625,0.6854898035526276,0.6540023684501648,0.014516291332875174,80.0,15.884759902954102,6.452898636460304,3.2569968700408936,2.6142505507163984,-0.009515545754082269,0.6485466970019041,80.0,16.194207792133092,32.42041762688756,733,0.3306119441986084,31.783348083496094,12.940244019031525,6.589090347290039,5.222758252609761
0.005891343578696251,-0.007415504998061806,-0.02461870387196541,0.006395319511335583,0.7463589906692505,0.7139701277017594,0.6808653473854065,0.014440104314535416,80.0,56.42042922973633,22.509252059459687,5.416979789733887,11.446248040899826,-0.009501219830446644,0.649057669762522,80.0,16.36524811708927,32.762479844659566,734,0.33799147605895996,112.87053680419922,45.047614586353305,10.886885643005371,22.890257403633374
0.009026959538459778,-0.013848791451891884,-0.03456728160381317,0.010924301421393383,0.7857701778411865,0.740703584253788,0.6996943950653076,0.017614251262502503,80.0,20.342971801757812,7.3752201199531555,3.6745293140411377,2.763523723140475,-0.009561902117362478,0.650457045879215,80.0,16.390677475586532,32.81348791342973,735,0.33611512184143066,40.700584411621094,14.792951822280884,7.421414375305176,5.519858665108679
0.03550083935260773,-0.00851340665249154,-0.03747129440307617,0.013667781585005834,0.7509822845458984,0.7182846039533615,0.6849612593650818,0.01607305952150091,80.0,101.0533218383789,14.899010833352804,0.8858855366706848,17.786917754918147,-0.009508185409737054,0.650933680716902,80.0,16.492786553971467,33.01760816761851,736,0.33223819732666016,202.12095642089844,29.829413989186286,1.8074281215667725,35.56583463340249
0.012307791039347649,-0.00977905019535683,-0.033688150346279144,0.009080138593847719,0.7346276044845581,0.6942388653755188,0.6406645774841309,0.018598972330889346,80.0,8.623913764953613,2.7628715351223945,0.9145330190658569,1.3817804699069876,-0.009549663579062326,0.6510890255309641,80.0,15.903990744061765,31.840102613642816,737,0.33130764961242676,17.261428833007812,5.559185932576656,1.9105647802352905,2.7540860772595863
0.015138432383537292,-0.01089457722264342,-0.03497260808944702,0.010004049556669533,0.7439925670623779,0.6944958157837391,0.6546769142150879,0.018873581095378636,80.0,12.130768775939941,3.650946396589279,1.21359121799469,2.189498385863918,-0.009601607702818002,0.6511645325757562,80.0,15.072048589177433,30.176323702320456,738,0.3412439823150635,24.277664184570312,7.337571874260902,2.4110026359558105,4.371302176428645
0.0020426567643880844,-0.014505815543816424,-0.034622833132743835,0.009246590039340181,0.7323492169380188,0.6926408551633358,0.6599917411804199,0.016069631779131274,80.0,8.037031173706055,3.2470780655741693,1.5466994047164917,1.4768723055657509,-0.009666357769921889,0.6513716325201095,80.0,15.020084686987103,30.072529539629823,739,0.3346221446990967,16.10137176513672,6.5370205581188205,3.1510872840881348,2.9427211192150495
0.012092210352420807,-0.015583144634729252,-0.03424886614084244,0.010575782362293697,0.7237792611122131,0.695477619767189,0.6503941416740417,0.014662952677238286,80.0,10.8422269821167,2.909175740927458,0.6987885236740112,1.7145319830752164,-0.009740211320633536,0.6513457831479609,80.0,14.604040510162712,29.2405883782059,740,0.3302116394042969,21.69715118408203,5.863427326083183,1.4403576850891113,3.420972739500134
0.009912505745887756,-0.01075007695471868,-0.029941672459244728,0.008826305397254142,0.7013980150222778,0.6578908562660217,0.6137640476226807,0.015481976433677862,80.0,15.563542366027832,5.2454774543643,1.5722910165786743,2.7120187835742344,-0.009737233556341379,0.650951208461076,80.0,14.553003553837538,29.13850061826408,741,0.3366847038269043,31.139907836914062,10.525612917542457,3.1820080280303955,5.416245773274745
0.019484974443912506,-0.009075542323989794,-0.0344996377825737,0.008801041973537989,0.7703195810317993,0.7185090474784375,0.6568081378936768,0.017782865533629875,80.0,78.26930236816406,35.3460590839386,13.309309959411621,14.063941416252392,-0.009730447954847477,0.6514006111435592,80.0,14.876452798068524,29.78539452295005,742,0.33751606941223145,156.56268310546875,70.7246393918991,26.640243530273438,28.121262254505886
0.012218642979860306,-0.005755028597195633,-0.024413149803876877,0.006193589609365235,0.7511215806007385,0.7112613417208195,0.6631247997283936,0.01863206066917199,80.0,58.8702392578125,14.104799506068229,2.1371166706085205,10.812039801009233,-0.00973287997386069,0.6516117136664689,80.0,14.878236458986997,29.788970932230356,743,0.3361527919769287,117.75447082519531,28.2353344142437,4.291478157043457,21.620120119770846
0.005633385851979256,-0.012721887743100523,-0.027333006262779236,0.008684444899262928,0.6858116388320923,0.6269811049103737,0.5609505772590637,0.021593434783657644,80.0,18.90452766418457,6.347236689925194,2.9661128520965576,2.993083372323181,-0.009766345789306798,0.6509341321624815,80.0,14.908136595785617,29.848824585363264,744,0.33405494689941406,37.82069778442383,12.732456749677658,5.961226463317871,5.975191726793114
0.009123099036514759,-0.007676895032636822,-0.024586163461208344,0.006997469907085914,0.6483575105667114,0.6001130223274231,0.557282567024231,0.01727388602123527,80.0,65.54869079589844,22.86748367547989,6.753923416137695,10.980835298837832,-0.00979249752179021,0.6497681643627584,80.0,14.717913922995331,29.46840821842849,745,0.3402540683746338,131.10702514648438,45.76232328414917,13.554487228393555,21.957679697391708
0.01200900599360466,-0.006786536995787173,-0.02335289679467678,0.007533897001731992,0.6562352776527405,0.6267790243029594,0.5920886993408203,0.013845072752211512,80.0,160.06019592285156,54.38763579726219,7.8059611320495605,25.795802320132495,-0.009727353626629338,0.6487398178987205,80.0,15.23469649784267,30.50182250155509,746,0.3391304016113281,320.1388854980469,108.8013790845871,15.634214401245117,51.58898613254057
0.005541950464248657,-0.007780597236705944,-0.025349833071231842,0.006873189176085542,0.5475311875343323,0.5113007955253124,0.47022879123687744,0.01740552087193247,80.0,46.429988861083984,19.198852902650835,5.188674449920654,10.000116915154894,-0.00975799557485152,0.6470620132423938,80.0,14.86912795780599,29.770713152304292,747,0.33750176429748535,92.88401794433594,38.42349317073822,10.410065650939941,19.99993376472633
0.002162775956094265,-0.010209446586668492,-0.032990001142024994,0.008492919675857668,0.5800899267196655,0.5303213778883219,0.48071882128715515,0.020244881087534743,80.0,20.20096778869629,5.7811419606208805,2.6444740295410156,2.8876957559759657,-0.009720593198377172,0.6455802795514465,80.0,14.795712123498319,29.623777045622468,748,0.3351294994354248,40.41143035888672,11.593309259414672,5.353381156921387,5.7659885829979345
0.009526532143354416,-0.010043656296329573,-0.030375774949789047,0.008250368703893845,0.5986250042915344,0.5541832327842713,0.5157384276390076,0.015220142640164224,80.0,20.419023513793945,5.664117376506328,1.8166149854660034,3.434811691404277,-0.00970717737043742,0.6443174372911453,80.0,14.764545980870723,29.561392671898005,749,0.3355295658111572,40.84893035888672,11.359405717253685,3.662799119949341,6.862541372450519
0.006498809903860092,-0.012383901712018997,-0.04879353195428848,0.010664885871641175,0.6629977226257324,0.6194786332547665,0.575354814529419,0.018517798500384874,80.0,12.235363960266113,3.6733355686068534,1.3081613779067993,1.84443321478766,-0.009741288536926731,0.6448763275966047,80.0,14.728505096867682,29.4893903041333,750,0.33822202682495117,24.483196258544922,7.383828523755073,2.6284666061401367,3.677012975952907
